2026-08-24 05:40:48,621 - INFO - Loading AI Semantic Model (all-MiniLM-L6-v2)...
2026-08-24 05:40:48,622 - INFO - No device provided, using cpu
2026-08-24 05:40:48,680 - INFO - HTTP Request: GET https://huggingface.co/api/agent-harnesses "HTTP/1.1 200 OK"
2026-08-24 05:40:48,717 - INFO - HTTP Request: HEAD https://huggingface.co/sentence-transformers/all-MiniLM-L6-v2/resolve/main/modules.json "HTTP/1.1 307 Temporary Redirect"
2026-08-24 05:40:48,723 - INFO - HTTP Request: HEAD https://huggingface.co/api/resolve-cache/models/sentence-transformers/all-MiniLM-L6-v2/1110a243fdf4706b3f48f1d95db1a4f5529b4d41/modules.json "HTTP/1.1 200 OK"
2026-08-24 05:40:48,739 - INFO - HTTP Request: HEAD https://huggingface.co/sentence-transformers/all-MiniLM-L6-v2/resolve/main/config_sentence_transformers.json "HTTP/1.1 307 Temporary Redirect"
2026-08-24 05:40:48,746 - INFO - HTTP Request: HEAD https://huggingface.co/api/resolve-cache/models/sentence-transformers/all-MiniLM-L6-v2/1110a243fdf4706b3f48f1d95db1a4f5529b4d41/config_sentence_transformers.json "HTTP/1.1 200 OK"
2026-08-24 05:40:48,747 - INFO - Loading SentenceTransformer model from sentence-transformers/all-MiniLM-L6-v2.
2026-08-24 05:40:48,762 - INFO - HTTP Request: HEAD https://huggingface.co/sentence-transformers/all-MiniLM-L6-v2/resolve/main/config_sentence_transformers.json "HTTP/1.1 307 Temporary Redirect"
2026-08-24 05:40:48,767 - INFO - HTTP Request: HEAD https://huggingface.co/api/resolve-cache/models/sentence-transformers/all-MiniLM-L6-v2/1110a243fdf4706b3f48f1d95db1a4f5529b4d41/config_sentence_transformers.json "HTTP/1.1 200 OK"
2026-08-24 05:40:48,789 - INFO - HTTP Request: HEAD https://huggingface.co/sentence-transformers/all-MiniLM-L6-v2/resolve/main/README.md "HTTP/1.1 307 Temporary Redirect"
2026-08-24 05:40:48,794 - INFO - HTTP Request: HEAD https://huggingface.co/api/resolve-cache/models/sentence-transformers/all-MiniLM-L6-v2/1110a243fdf4706b3f48f1d95db1a4f5529b4d41/README.md "HTTP/1.1 200 OK"
2026-08-24 05:40:48,799 - INFO - HTTP Request: GET https://huggingface.co/api/resolve-cache/models/sentence-transformers/all-MiniLM-L6-v2/1110a243fdf4706b3f48f1d95db1a4f5529b4d41/README.md "HTTP/1.1 200 OK"
2026-08-24 05:40:48,817 - INFO - HTTP Request: HEAD https://huggingface.co/sentence-transformers/all-MiniLM-L6-v2/resolve/main/modules.json "HTTP/1.1 307 Temporary Redirect"
2026-08-24 05:40:48,817 - WARNING - Warning: You are sending unauthenticated requests to the HF Hub. Please set a HF_TOKEN to enable higher rate limits and faster downloads.
2026-08-24 05:40:48,822 - INFO - HTTP Request: HEAD https://huggingface.co/api/resolve-cache/models/sentence-transformers/all-MiniLM-L6-v2/1110a243fdf4706b3f48f1d95db1a4f5529b4d41/modules.json "HTTP/1.1 200 OK"
2026-08-24 05:40:48,840 - INFO - HTTP Request: HEAD https://huggingface.co/sentence-transformers/all-MiniLM-L6-v2/resolve/main/sentence_bert_config.json "HTTP/1.1 307 Temporary Redirect"
2026-08-24 05:40:48,844 - INFO - HTTP Request: HEAD https://huggingface.co/api/resolve-cache/models/sentence-transformers/all-MiniLM-L6-v2/1110a243fdf4706b3f48f1d95db1a4f5529b4d41/sentence_bert_config.json "HTTP/1.1 200 OK"
2026-08-24 05:40:48,896 - INFO - HTTP Request: HEAD https://huggingface.co/sentence-transformers/all-MiniLM-L6-v2/resolve/main/adapter_config.json "HTTP/1.1 404 Not Found"
2026-08-24 05:40:48,912 - INFO - HTTP Request: HEAD https://huggingface.co/sentence-transformers/all-MiniLM-L6-v2/resolve/main/config.json "HTTP/1.1 307 Temporary Redirect"
2026-08-24 05:40:48,917 - INFO - HTTP Request: HEAD https://huggingface.co/api/resolve-cache/models/sentence-transformers/all-MiniLM-L6-v2/1110a243fdf4706b3f48f1d95db1a4f5529b4d41/config.json "HTTP/1.1 200 OK"
2026-08-24 05:40:48,987 - INFO - HTTP Request: HEAD https://huggingface.co/sentence-transformers/all-MiniLM-L6-v2/resolve/main/model.safetensors "HTTP/1.1 302 Found"
2026-08-24 05:40:49,121 - INFO - HTTP Request: HEAD https://huggingface.co/sentence-transformers/all-MiniLM-L6-v2/resolve/main/processor_config.json "HTTP/1.1 404 Not Found"
2026-08-24 05:40:49,140 - INFO - HTTP Request: HEAD https://huggingface.co/sentence-transformers/all-MiniLM-L6-v2/resolve/main/preprocessor_config.json "HTTP/1.1 404 Not Found"
2026-08-24 05:40:49,155 - INFO - HTTP Request: HEAD https://huggingface.co/sentence-transformers/all-MiniLM-L6-v2/resolve/main/video_preprocessor_config.json "HTTP/1.1 404 Not Found"
2026-08-24 05:40:49,171 - INFO - HTTP Request: HEAD https://huggingface.co/sentence-transformers/all-MiniLM-L6-v2/resolve/main/preprocessor_config.json "HTTP/1.1 404 Not Found"
2026-08-24 05:40:49,186 - INFO - HTTP Request: HEAD https://huggingface.co/sentence-transformers/all-MiniLM-L6-v2/resolve/main/tokenizer_config.json "HTTP/1.1 307 Temporary Redirect"
2026-08-24 05:40:49,191 - INFO - HTTP Request: HEAD https://huggingface.co/api/resolve-cache/models/sentence-transformers/all-MiniLM-L6-v2/1110a243fdf4706b3f48f1d95db1a4f5529b4d41/tokenizer_config.json "HTTP/1.1 200 OK"
2026-08-24 05:40:49,315 - INFO - HTTP Request: HEAD https://huggingface.co/sentence-transformers/all-MiniLM-L6-v2/resolve/main/config.json "HTTP/1.1 307 Temporary Redirect"
2026-08-24 05:40:49,321 - INFO - HTTP Request: HEAD https://huggingface.co/api/resolve-cache/models/sentence-transformers/all-MiniLM-L6-v2/1110a243fdf4706b3f48f1d95db1a4f5529b4d41/config.json "HTTP/1.1 200 OK"
2026-08-24 05:40:49,338 - INFO - HTTP Request: HEAD https://huggingface.co/sentence-transformers/all-MiniLM-L6-v2/resolve/main/config.json "HTTP/1.1 307 Temporary Redirect"
2026-08-24 05:40:49,343 - INFO - HTTP Request: HEAD https://huggingface.co/api/resolve-cache/models/sentence-transformers/all-MiniLM-L6-v2/1110a243fdf4706b3f48f1d95db1a4f5529b4d41/config.json "HTTP/1.1 200 OK"
2026-08-24 05:40:49,396 - INFO - HTTP Request: HEAD https://huggingface.co/sentence-transformers/all-MiniLM-L6-v2/resolve/main/tokenizer_config.json "HTTP/1.1 307 Temporary Redirect"
2026-08-24 05:40:49,401 - INFO - HTTP Request: HEAD https://huggingface.co/api/resolve-cache/models/sentence-transformers/all-MiniLM-L6-v2/1110a243fdf4706b3f48f1d95db1a4f5529b4d41/tokenizer_config.json "HTTP/1.1 200 OK"
2026-08-24 05:40:49,421 - INFO - HTTP Request: GET https://huggingface.co/api/models/sentence-transformers/all-MiniLM-L6-v2/tree/main/additional_chat_templates?recursive=false&expand=false "HTTP/1.1 404 Not Found"
2026-08-24 05:40:49,441 - INFO - HTTP Request: GET https://huggingface.co/api/models/sentence-transformers/all-MiniLM-L6-v2/tree/main?recursive=true&expand=false "HTTP/1.1 200 OK"
2026-08-24 05:40:49,457 - INFO - HTTP Request: HEAD https://huggingface.co/sentence-transformers/all-MiniLM-L6-v2/resolve/main/vocab.txt "HTTP/1.1 307 Temporary Redirect"
2026-08-24 05:40:49,463 - INFO - HTTP Request: HEAD https://huggingface.co/api/resolve-cache/models/sentence-transformers/all-MiniLM-L6-v2/1110a243fdf4706b3f48f1d95db1a4f5529b4d41/vocab.txt "HTTP/1.1 200 OK"
2026-08-24 05:40:49,478 - INFO - HTTP Request: HEAD https://huggingface.co/sentence-transformers/all-MiniLM-L6-v2/resolve/main/tokenizer.json "HTTP/1.1 307 Temporary Redirect"
2026-08-24 05:40:49,482 - INFO - HTTP Request: HEAD https://huggingface.co/api/resolve-cache/models/sentence-transformers/all-MiniLM-L6-v2/1110a243fdf4706b3f48f1d95db1a4f5529b4d41/tokenizer.json "HTTP/1.1 200 OK"
2026-08-24 05:40:49,500 - INFO - HTTP Request: HEAD https://huggingface.co/sentence-transformers/all-MiniLM-L6-v2/resolve/main/added_tokens.json "HTTP/1.1 404 Not Found"
2026-08-24 05:40:49,517 - INFO - HTTP Request: HEAD https://huggingface.co/sentence-transformers/all-MiniLM-L6-v2/resolve/main/special_tokens_map.json "HTTP/1.1 307 Temporary Redirect"
2026-08-24 05:40:49,521 - INFO - HTTP Request: HEAD https://huggingface.co/api/resolve-cache/models/sentence-transformers/all-MiniLM-L6-v2/1110a243fdf4706b3f48f1d95db1a4f5529b4d41/special_tokens_map.json "HTTP/1.1 200 OK"
2026-08-24 05:40:49,538 - INFO - HTTP Request: HEAD https://huggingface.co/sentence-transformers/all-MiniLM-L6-v2/resolve/main/chat_template.jinja "HTTP/1.1 404 Not Found"
2026-08-24 05:40:49,588 - INFO - HTTP Request: HEAD https://huggingface.co/sentence-transformers/all-MiniLM-L6-v2/resolve/main/1_Pooling/config.json "HTTP/1.1 307 Temporary Redirect"
2026-08-24 05:40:49,593 - INFO - HTTP Request: HEAD https://huggingface.co/api/resolve-cache/models/sentence-transformers/all-MiniLM-L6-v2/1110a243fdf4706b3f48f1d95db1a4f5529b4d41/1_Pooling%2Fconfig.json "HTTP/1.1 200 OK"
2026-08-24 05:40:49,611 - INFO - HTTP Request: HEAD https://huggingface.co/sentence-transformers/all-MiniLM-L6-v2/resolve/main/2_Normalize/config.json "HTTP/1.1 404 Not Found"
2026-08-24 05:40:49,630 - INFO - HTTP Request: GET https://huggingface.co/api/models/sentence-transformers/all-MiniLM-L6-v2 "HTTP/1.1 200 OK"
2026-08-24 05:40:49,633 - INFO - AI Model loaded successfully.
2026-08-24 05:40:49,633 - INFO - --- Scraper service started (CI Mode: Run Once) ---
2026-08-24 05:40:49,634 - INFO - --- Starting new scraping job (Parallel Mode) ---
2026-08-24 05:40:49,634 - INFO - Connecting to SQLite database...
2026-08-24 05:40:54,608 - INFO - Pre-calculating embeddings for 337 cached articles...
2026-08-24 05:41:14,921 - INFO - Cache built: 6059 URLs. Current MAX_ID: 112438
2026-08-24 05:41:14,921 - INFO - Creating new robust session with 3 retries on 5xx/connection/read errors.
2026-08-24 05:41:14,922 - INFO - Proxy is DISABLED.
2026-08-24 05:41:14,922 - INFO - [BBC] (Thread) requires Selenium. Initializing driver...
2026-08-24 05:41:14,922 - INFO - [Times of India] (Thread) requires Selenium. Initializing driver...
2026-08-24 05:41:14,922 - INFO - [The Hindu] (Thread) requires Selenium. Initializing driver...
2026-08-24 05:41:14,923 - INFO - [Al Jazeera] (Thread) requires Selenium. Initializing driver...
2026-08-24 05:41:14,923 - INFO - Starting scrape for TechCrunch RSS feed: https://techcrunch.com/feed/
2026-08-24 05:41:14,924 - INFO - [Economic Times] (Thread) requires Selenium. Initializing driver...
2026-08-24 05:41:14,926 - INFO - [Wired] (Thread) requires Selenium. Initializing driver...
2026-08-24 05:41:14,927 - INFO - [NDTV] (Thread) requires Selenium. Initializing driver...
2026-08-24 05:41:14,927 - INFO - [Indian Express] (Thread) requires Selenium. Initializing driver...
2026-08-24 05:41:14,927 - INFO - Submitted 9 jobs to thread pool. Waiting up to 420s for completion...
2026-08-24 05:41:17,369 - INFO - Found 0 articles in TechCrunch RSS feed. Processing until 8 new articles are saved.
2026-08-24 05:41:18,572 - INFO - Selenium driver initialized successfully (Eager load strategy, 7s timeout).
2026-08-24 05:41:18,572 - INFO - Starting scrape for The Hindu RSS feed: https://www.thehindu.com/news/national/feeder/default.rss
2026-08-24 05:41:19,120 - INFO - Selenium driver initialized successfully (Eager load strategy, 7s timeout).
2026-08-24 05:41:19,153 - INFO - Starting scrape for Indian Express RSS feed: https://indianexpress.com/feed/
2026-08-24 05:41:19,120 - INFO - Selenium driver initialized successfully (Eager load strategy, 7s timeout).
2026-08-24 05:41:19,184 - INFO - Starting scrape for NDTV RSS feed: https://feeds.feedburner.com/ndtvnews-top-stories
2026-08-24 05:41:19,218 - INFO - Selenium driver initialized successfully (Eager load strategy, 7s timeout).
2026-08-24 05:41:19,218 - INFO - Starting scrape for BBC RSS feed: http://feeds.bbci.co.uk/news/world/rss.xml
2026-08-24 05:41:19,316 - INFO - Found 60 articles in The Hindu RSS feed. Processing until 20 new articles are saved.
2026-08-24 05:41:19,343 - INFO - [The Hindu] Article: https://www.thehindu.com/news/national/tamil-nadu/tamil-nadu-government-to-reimburse-money-for-three-lpg-cylinders-annually-from-pongal-2027-cm-vijay/article71383242.ece
2026-08-24 05:41:19,343 - INFO - [The Hindu] Attempt 1/1: Trying with 'selenium_browser' strategy...
2026-08-24 05:41:19,589 - INFO - Selenium driver initialized successfully (Eager load strategy, 7s timeout).
2026-08-24 05:41:19,589 - INFO - Starting scrape for Economic Times RSS feed: https://economictimes.indiatimes.com/rssfeedsdefault.cms
2026-08-24 05:41:19,601 - INFO - Selenium driver initialized successfully (Eager load strategy, 7s timeout).
2026-08-24 05:41:19,601 - INFO - Starting scrape for Wired RSS feed: https://www.wired.com/feed/rss
2026-08-24 05:41:19,694 - INFO - Selenium driver initialized successfully (Eager load strategy, 7s timeout).
2026-08-24 05:41:19,696 - INFO - Starting scrape for Al Jazeera RSS feed: https://www.aljazeera.com/xml/rss/all.xml
2026-08-24 05:41:19,766 - INFO - Selenium driver initialized successfully (Eager load strategy, 7s timeout).
2026-08-24 05:41:19,767 - INFO - Starting scrape for Times of India RSS feed: https://timesofindia.indiatimes.com/rssfeeds/296589292.cms
2026-08-24 05:41:19,821 - ERROR - Failed to fetch Indian Express RSS feed: 403 Client Error: Forbidden for url: https://indianexpress.com/feed/
2026-08-24 05:41:19,821 - INFO - [Indian Express] (Thread) Finished. Attempting to shut down its Selenium driver.
2026-08-24 05:41:19,860 - INFO - Found 20 articles in NDTV RSS feed. Processing until 10 new articles are saved.
2026-08-24 05:41:19,860 - INFO - [NDTV] Article: https://www.ndtv.com/india-news/tamil-nadu-drops-parandur-airport-project-vijay-says-i-stand-with-protesters-11949992#publisher=newsstand
2026-08-24 05:41:19,861 - INFO - [NDTV] Attempt 1/2: Trying with 'requests_browser' strategy...
2026-08-24 05:41:19,912 - INFO - Found 43 articles in BBC RSS feed. Processing until 10 new articles are saved.
2026-08-24 05:41:19,912 - INFO - [BBC] Early skip: URL https://www.bbc.co.uk/news/articles/clyqypkrzq5o?at_medium=RSS&at_campaign=rss already exists.
2026-08-24 05:41:19,914 - INFO - [BBC] Article: https://www.bbc.co.uk/news/articles/ckgvk9p2n7ko?at_medium=RSS&at_campaign=rss
2026-08-24 05:41:19,914 - INFO - [BBC] Attempt 1/2: Trying with 'requests_browser' strategy...
2026-08-24 05:41:19,994 - INFO - [Indian Express] (Thread) driver.quit() successful.
2026-08-24 05:41:19,995 - INFO - Found 50 articles in Wired RSS feed. Processing until 10 new articles are saved.
2026-08-24 05:41:19,995 - INFO - [Wired] Early skip: URL https://www.wired.com/review/asus-rog-swift-rgb-stripe-oled-pg27ucwm/ already exists.
2026-08-24 05:41:19,996 - INFO - [Wired] Article: https://www.wired.com/gallery/best-kindle/
2026-08-24 05:41:19,996 - INFO - [Wired] Attempt 1/2: Trying with 'requests_browser' strategy...
2026-08-24 05:41:20,024 - ERROR - [NDTV] Request failed for strategy 'requests_browser' on URL https://www.ndtv.com/india-news/tamil-nadu-drops-parandur-airport-project-vijay-says-i-stand-with-protesters-11949992#publisher=newsstand: 403 Client Error: Forbidden for url: https://www.ndtv.com/india-news/tamil-nadu-drops-parandur-airport-project-vijay-says-i-stand-with-protesters-11949992#publisher=newsstand
2026-08-24 05:41:20,039 - INFO - Found 25 articles in Al Jazeera RSS feed. Processing until 8 new articles are saved.
2026-08-24 05:41:20,040 - INFO - [Al Jazeera] Article: https://www.aljazeera.com/video/newsfeed/2026/8/24/08-24-26-mardona-ball-sold-clip?traffic_source=rss
2026-08-24 05:41:20,040 - INFO - [Al Jazeera] Attempt 1/2: Trying with 'requests_browser' strategy...
2026-08-24 05:41:20,081 - INFO - Found 76 articles in Economic Times RSS feed. Processing until 20 new articles are saved.
2026-08-24 05:41:20,081 - INFO - [Economic Times] Early skip: URL https://economictimes.indiatimes.com/markets/ipos/fpos/primary-market-keeps-the-party-going-with-over-rs-3500-cr-in-play/articleshow/133448877.cms already exists.
2026-08-24 05:41:20,088 - INFO - [Economic Times] Early skip: URL https://economictimes.indiatimes.com/markets/forex/forex-news/mpcs-rate-hike-signals-add-to-war-driven-risks-for-rupee-and-bonds/articleshow/133448587.cms already exists.
2026-08-24 05:41:20,090 - INFO - [Economic Times] Early skip: URL https://economictimes.indiatimes.com/markets/stocks/news/derivatives-get-gen-z-twist-but-losses-cast-a-long-shadow-sebi/articleshow/133448921.cms already exists.
2026-08-24 05:41:20,095 - INFO - [Economic Times] Early skip: URL https://economictimes.indiatimes.com/markets/ipos/fpos/can-symbiotec-pharmalab-ipo-deliver-long-term-growth-for-high-risk-investors/articleshow/133448856.cms already exists.
2026-08-24 05:41:20,099 - INFO - [Economic Times] Article: https://economictimes.indiatimes.com/markets/stocks/news/negative-breakout-these-7-stocks-cross-below-their-200-dmas/aditya-birla-real-estate/slideshow/133449382.cms
2026-08-24 05:41:20,100 - INFO - [Economic Times] Attempt 1/2: Trying with 'requests_browser' strategy...
2026-08-24 05:41:20,113 - INFO - Found 20 articles in Times of India RSS feed. Processing until 20 new articles are saved.
2026-08-24 05:41:20,119 - INFO - [Times of India] Article: https://timesofindia.indiatimes.com/world/europe/planes-helicopters-crews-how-europe-is-scrambling-to-contain-a-record-wildfire-season/articleshow/133451780.cms
2026-08-24 05:41:20,119 - INFO - [Times of India] Attempt 1/1: Trying with 'selenium_browser' strategy...
2026-08-24 05:41:20,201 - ERROR - parsed tree length: 1, wrong data type or not valid HTML
2026-08-24 05:41:20,208 - ERROR - empty HTML tree: None
2026-08-24 05:41:20,208 - WARNING - discarding data: None
2026-08-24 05:41:20,208 - WARNING - [Wired] FAILED with 'requests_browser' (content was too short: 0 words).
2026-08-24 05:41:20,205 - WARNING - [Al Jazeera] FAILED with 'requests_browser' (content was too short: 75 words).
2026-08-24 05:41:20,297 - INFO - [BBC] Success with 'requests_browser'. Found content (1719 words).
2026-08-24 05:41:21,852 - INFO - [Al Jazeera] Article: https://www.aljazeera.com/video/newsfeed/2026/8/24/08-24-26-mardona-ball-sold-clip?traffic_source=rss
2026-08-24 05:41:21,852 - INFO - [Al Jazeera] Attempt 2/2: Trying with 'selenium_browser' strategy...
2026-08-24 05:41:21,853 - INFO - [Wired] Article: https://www.wired.com/gallery/best-kindle/
2026-08-24 05:41:22,258 - INFO - [Wired] Attempt 2/2: Trying with 'selenium_browser' strategy...
2026-08-24 05:41:22,259 - INFO - [NDTV] Article: https://www.ndtv.com/india-news/tamil-nadu-drops-parandur-airport-project-vijay-says-i-stand-with-protesters-11949992#publisher=newsstand
2026-08-24 05:41:22,259 - INFO - [NDTV] Attempt 2/2: Trying with 'selenium_browser' strategy...
2026-08-24 05:41:23,397 - INFO - >>> SUCCESSFULLY SAVED [ID: 112439] - Divorce, smartphones and control - BBC sees how Taliban run Afghanistan - BBC News from BBC (1719 words)
2026-08-24 05:41:24,033 - INFO - [BBC] Early skip: URL https://www.bbc.co.uk/news/articles/cx272np7vgyo?at_medium=RSS&at_campaign=rss already exists.
2026-08-24 05:41:24,041 - INFO - [BBC] Early skip: URL https://www.bbc.co.uk/news/articles/cdeweewjdxno?at_medium=RSS&at_campaign=rss already exists.
2026-08-24 05:41:24,046 - INFO - [BBC] Early skip: URL https://www.bbc.co.uk/news/articles/cx2z889l0dxo?at_medium=RSS&at_campaign=rss already exists.
2026-08-24 05:41:24,047 - INFO - [BBC] Early skip: URL https://www.bbc.co.uk/news/articles/c4g3g36z7p6o?at_medium=RSS&at_campaign=rss already exists.
2026-08-24 05:41:24,060 - INFO - [The Hindu] Page content loaded.
2026-08-24 05:41:24,061 - INFO - [BBC] Early skip: URL https://www.bbc.co.uk/news/articles/c4g6ggdg030o?at_medium=RSS&at_campaign=rss already exists.
2026-08-24 05:41:24,091 - INFO - [BBC] Early skip: URL https://www.bbc.co.uk/news/articles/c87n792dnlno?at_medium=RSS&at_campaign=rss already exists.
2026-08-24 05:41:24,121 - INFO - [BBC] Early skip: URL https://www.bbc.co.uk/news/articles/cqlxlp4lx9yo?at_medium=RSS&at_campaign=rss already exists.
2026-08-24 05:41:24,136 - INFO - [BBC] Early skip: URL https://www.bbc.co.uk/news/articles/cre4e1q3wewo?at_medium=RSS&at_campaign=rss already exists.
2026-08-24 05:41:24,141 - INFO - [BBC] Early skip: URL https://www.bbc.co.uk/news/articles/cwy4ypzvd7po?at_medium=RSS&at_campaign=rss already exists.
2026-08-24 05:41:24,161 - INFO - [BBC] Early skip: URL https://www.bbc.co.uk/news/articles/c8enegx4xy3o?at_medium=RSS&at_campaign=rss already exists.
2026-08-24 05:41:24,177 - INFO - [BBC] Early skip: URL https://www.bbc.co.uk/news/articles/clyly8vdpdwo?at_medium=RSS&at_campaign=rss already exists.
2026-08-24 05:41:24,181 - INFO - [BBC] Early skip: URL https://www.bbc.co.uk/sport/athletics/articles/c9989lm0vkro?at_medium=RSS&at_campaign=rss already exists.
2026-08-24 05:41:24,207 - INFO - [BBC] Early skip: URL https://www.bbc.co.uk/sport/golf/articles/cx2j2g42xq9o?at_medium=RSS&at_campaign=rss already exists.
2026-08-24 05:41:24,220 - INFO - [BBC] Early skip: URL https://www.bbc.co.uk/news/articles/c0qvq24vlj4o?at_medium=RSS&at_campaign=rss already exists.
2026-08-24 05:41:24,241 - INFO - [BBC] Early skip: URL https://www.bbc.co.uk/news/articles/cn4n4l1yyvro?at_medium=RSS&at_campaign=rss already exists.
2026-08-24 05:41:24,252 - INFO - [BBC] Early skip: URL https://www.bbc.co.uk/sport/football/articles/cr4941zkgevo?at_medium=RSS&at_campaign=rss already exists.
2026-08-24 05:41:24,263 - INFO - [BBC] Early skip: URL https://www.bbc.co.uk/news/articles/c8jnjp0lwlwo?at_medium=RSS&at_campaign=rss already exists.
2026-08-24 05:41:24,283 - INFO - [BBC] Early skip: URL https://www.bbc.co.uk/news/articles/clylqlkq5e5o?at_medium=RSS&at_campaign=rss already exists.
2026-08-24 05:41:24,299 - INFO - [BBC] Early skip: URL https://www.bbc.co.uk/news/articles/c93403wg288o?at_medium=RSS&at_campaign=rss already exists.
2026-08-24 05:41:24,319 - INFO - [BBC] Early skip: URL https://www.bbc.co.uk/news/articles/c2dkdegr2xeo?at_medium=RSS&at_campaign=rss already exists.
2026-08-24 05:41:24,329 - INFO - [BBC] Early skip: URL https://www.bbc.co.uk/news/articles/c39egw7nmk2o?at_medium=RSS&at_campaign=rss already exists.
2026-08-24 05:41:24,330 - INFO - [BBC] Early skip: URL https://www.bbc.co.uk/news/articles/cqlxlvz01z1o?at_medium=RSS&at_campaign=rss already exists.
2026-08-24 05:41:24,347 - INFO - [BBC] Early skip: URL https://www.bbc.co.uk/news/articles/cm2g23ng8p4o?at_medium=RSS&at_campaign=rss already exists.
2026-08-24 05:41:24,360 - INFO - [BBC] Early skip: URL https://www.bbc.co.uk/news/articles/cwyr0l45xjro?at_medium=RSS&at_campaign=rss already exists.
2026-08-24 05:41:24,372 - INFO - [BBC] Early skip: URL https://www.bbc.co.uk/news/articles/c9w09dj7qk5o?at_medium=RSS&at_campaign=rss already exists.
2026-08-24 05:41:24,384 - INFO - [BBC] Early skip: URL https://www.bbc.co.uk/news/videos/c7vgvj6e1emo?at_medium=RSS&at_campaign=rss already exists.
2026-08-24 05:41:24,394 - INFO - [BBC] Early skip: URL https://www.bbc.co.uk/news/articles/clyjmnvdr95o?at_medium=RSS&at_campaign=rss already exists.
2026-08-24 05:41:24,413 - INFO - [BBC] Early skip: URL https://www.bbc.co.uk/news/articles/c3040pn8lmmo?at_medium=RSS&at_campaign=rss already exists.
2026-08-24 05:41:24,423 - INFO - [BBC] Early skip: URL https://www.bbc.co.uk/news/articles/c0l5d387j18o?at_medium=RSS&at_campaign=rss already exists.
2026-08-24 05:41:24,424 - INFO - [BBC] Early skip: URL https://www.bbc.co.uk/news/articles/cj36kv62g7yo?at_medium=RSS&at_campaign=rss already exists.
2026-08-24 05:41:24,441 - INFO - [BBC] Early skip: URL https://www.bbc.co.uk/news/articles/cj0338l6yg4o?at_medium=RSS&at_campaign=rss already exists.
2026-08-24 05:41:24,458 - INFO - [BBC] Early skip: URL https://www.bbc.co.uk/news/articles/cq56x3910jwo?at_medium=RSS&at_campaign=rss already exists.
2026-08-24 05:41:24,487 - INFO - [BBC] Early skip: URL https://www.bbc.co.uk/news/articles/c2lq5g4dedpo?at_medium=RSS&at_campaign=rss already exists.
2026-08-24 05:41:24,489 - INFO - [BBC] Early skip: URL https://www.bbc.co.uk/news/articles/cnvn0n1nld6o?at_medium=RSS&at_campaign=rss already exists.
2026-08-24 05:41:24,491 - INFO - [BBC] Early skip: URL https://www.bbc.co.uk/news/articles/c4gknzgje7go?at_medium=RSS&at_campaign=rss already exists.
2026-08-24 05:41:24,498 - INFO - [BBC] Early skip: URL https://www.bbc.co.uk/news/videos/c20eq9ywplqo?at_medium=RSS&at_campaign=rss already exists.
2026-08-24 05:41:24,499 - INFO - [BBC] Early skip: URL https://www.bbc.co.uk/news/videos/cgljl9zp47xo?at_medium=RSS&at_campaign=rss already exists.
2026-08-24 05:41:24,510 - INFO - [BBC] Early skip: URL https://www.bbc.co.uk/news/videos/c235j22d85ro?at_medium=RSS&at_campaign=rss already exists.
2026-08-24 05:41:24,523 - INFO - [BBC] Early skip: URL https://www.bbc.co.uk/news/videos/c0qvqzzdd02o?at_medium=RSS&at_campaign=rss already exists.
2026-08-24 05:41:24,528 - INFO - [BBC] Early skip: URL https://www.bbc.co.uk/news/videos/cy07x9ne871o?at_medium=RSS&at_campaign=rss already exists.
2026-08-24 05:41:24,530 - INFO - [BBC] Early skip: URL https://www.bbc.co.uk/news/videos/cn0nd7y883zo?at_medium=RSS&at_campaign=rss already exists.
2026-08-24 05:41:24,531 - INFO - [BBC] (Thread) Finished. Attempting to shut down its Selenium driver.
2026-08-24 05:41:24,775 - INFO - [BBC] (Thread) driver.quit() successful.
2026-08-24 05:41:25,751 - WARNING - [Economic Times] FAILED with 'requests_browser' (content was too short: 49 words).
2026-08-24 05:41:26,358 - INFO - [Economic Times] Article: https://economictimes.indiatimes.com/markets/stocks/news/negative-breakout-these-7-stocks-cross-below-their-200-dmas/aditya-birla-real-estate/slideshow/133449382.cms
2026-08-24 05:41:26,358 - INFO - [Economic Times] Attempt 2/2: Trying with 'selenium_browser' strategy...
2026-08-24 05:41:27,971 - INFO - [NDTV] Page content loaded.
2026-08-24 05:41:28,470 - INFO - [Al Jazeera] Page content loaded.
2026-08-24 05:41:29,579 - WARNING - [Al Jazeera] FAILED with 'selenium_browser' (content was too short: 75 words).
2026-08-24 05:41:29,580 - ERROR - [Al Jazeera] All scrape strategies failed for https://www.aljazeera.com/video/newsfeed/2026/8/24/08-24-26-mardona-ball-sold-clip?traffic_source=rss. Falling back to RSS description.
2026-08-24 05:41:29,580 - WARNING - SKIPPED (GLOBAL WORD LIMIT): Article 'Maradona’s ‘Hand of God’ ball from Mexico sells for $3.35m' from Al Jazeera has only 22 words (Min: 90).
2026-08-24 05:41:30,319 - INFO - [Al Jazeera] Article: https://www.aljazeera.com/video/newsfeed/2026/8/24/climbers-escape-rockfall-crossing-death-pass-on-mont-blanc?traffic_source=rss
2026-08-24 05:41:30,319 - INFO - [Al Jazeera] Attempt 1/2: Trying with 'requests_browser' strategy...
2026-08-24 05:41:30,593 - WARNING - [Al Jazeera] FAILED with 'requests_browser' (content was too short: 60 words).
2026-08-24 05:41:30,807 - INFO - [NDTV] Success with 'selenium_browser'. Found content (438 words).
2026-08-24 05:41:31,299 - INFO - [Al Jazeera] Article: https://www.aljazeera.com/video/newsfeed/2026/8/24/climbers-escape-rockfall-crossing-death-pass-on-mont-blanc?traffic_source=rss
2026-08-24 05:41:31,299 - INFO - [Al Jazeera] Attempt 2/2: Trying with 'selenium_browser' strategy...
2026-08-24 05:41:31,821 - INFO - [The Hindu] Success with 'selenium_browser'. Found content (253 words).
2026-08-24 05:41:35,506 - INFO - >>> SUCCESSFULLY SAVED [ID: 112440] - Tamil Nadu Drops Parandur Airport Project, Vijay Says "I Stand With Protesters" from NDTV (438 words)
2026-08-24 05:41:37,374 - INFO - [NDTV] Article: https://www.ndtv.com/nagpur-news/chlorine-gas-leak-at-nagpur-water-plant-triggers-panic-several-hospitalised-11949939#publisher=newsstand
2026-08-24 05:41:37,374 - INFO - [NDTV] Attempt 1/2: Trying with 'requests_browser' strategy...
2026-08-24 05:41:38,608 - INFO - [Al Jazeera] Page content loaded.
2026-08-24 05:41:38,838 - INFO - >>> SUCCESSFULLY SAVED [ID: 112441] - Tamil Nadu government to reimburse money for three LPG cylinders annually from Pongal 2027: CM Vijay - The Hindu from The Hindu (253 words)
2026-08-24 05:41:38,879 - ERROR - [NDTV] Request failed for strategy 'requests_browser' on URL https://www.ndtv.com/nagpur-news/chlorine-gas-leak-at-nagpur-water-plant-triggers-panic-several-hospitalised-11949939#publisher=newsstand: 403 Client Error: Forbidden for url: https://www.ndtv.com/nagpur-news/chlorine-gas-leak-at-nagpur-water-plant-triggers-panic-several-hospitalised-11949939#publisher=newsstand
2026-08-24 05:41:39,564 - INFO - [NDTV] Article: https://www.ndtv.com/nagpur-news/chlorine-gas-leak-at-nagpur-water-plant-triggers-panic-several-hospitalised-11949939#publisher=newsstand
2026-08-24 05:41:39,564 - INFO - [NDTV] Attempt 2/2: Trying with 'selenium_browser' strategy...
2026-08-24 05:41:39,910 - WARNING - [Al Jazeera] FAILED with 'selenium_browser' (content was too short: 64 words).
2026-08-24 05:41:39,911 - ERROR - [Al Jazeera] All scrape strategies failed for https://www.aljazeera.com/video/newsfeed/2026/8/24/climbers-escape-rockfall-crossing-death-pass-on-mont-blanc?traffic_source=rss. Falling back to RSS description.
2026-08-24 05:41:39,911 - WARNING - SKIPPED (GLOBAL WORD LIMIT): Article 'Climbers escape rockfall crossing ‘Death Pass’ on Mont Blanc' from Al Jazeera has only 21 words (Min: 90).
2026-08-24 05:41:39,913 - INFO - [The Hindu] Article: https://www.thehindu.com/news/national/kerala/dyfi-activists-storm-palakkad-drm-office-in-keralam-over-railway-bifurcation-move/article71383287.ece
2026-08-24 05:41:39,913 - INFO - [The Hindu] Attempt 1/1: Trying with 'selenium_browser' strategy...
2026-08-24 05:41:40,913 - INFO - [Al Jazeera] Article: https://www.aljazeera.com/video/newsfeed/2026/8/24/we-know-this-movie-iran-mocks-latest-us-sanctions?traffic_source=rss
2026-08-24 05:41:40,913 - INFO - [Al Jazeera] Attempt 1/2: Trying with 'requests_browser' strategy...
2026-08-24 05:41:41,251 - WARNING - [Al Jazeera] FAILED with 'requests_browser' (content was too short: 67 words).
2026-08-24 05:41:41,875 - INFO - [Al Jazeera] Article: https://www.aljazeera.com/video/newsfeed/2026/8/24/we-know-this-movie-iran-mocks-latest-us-sanctions?traffic_source=rss
2026-08-24 05:41:41,875 - INFO - [Al Jazeera] Attempt 2/2: Trying with 'selenium_browser' strategy...
2026-08-24 05:41:43,032 - INFO - [The Hindu] Page content loaded.
2026-08-24 05:41:43,703 - INFO - [The Hindu] Success with 'selenium_browser'. Found content (269 words).
2026-08-24 05:41:45,455 - INFO - [Times of India] Page content loaded.
2026-08-24 05:41:46,777 - INFO - [Economic Times] Page content loaded.
2026-08-24 05:41:47,050 - INFO - [NDTV] Page content loaded.
2026-08-24 05:41:47,082 - INFO - >>> SUCCESSFULLY SAVED [ID: 112442] - DYFI activists storm Palakkad DRM office in Keralam over railway bifurcation move - The Hindu from The Hindu (269 words)
2026-08-24 05:41:48,493 - INFO - [The Hindu] Early skip: URL https://www.thehindu.com/news/cities/chennai/madras-day-2026-in-chennai-beachside-food-the-secret-ingredient-is-the-sea/article71363894.ece already exists.
2026-08-24 05:41:48,513 - INFO - [The Hindu] Article: https://www.thehindu.com/news/cities/chennai/madras-day-2026-how-the-city-went-from-tiffin-carriers-to-food-apps/article71355453.ece
2026-08-24 05:41:48,513 - INFO - [The Hindu] Attempt 1/1: Trying with 'selenium_browser' strategy...
2026-08-24 05:41:48,951 - INFO - [Times of India] Success with 'selenium_browser'. Found content (669 words).
2026-08-24 05:41:49,606 - INFO - [NDTV] Success with 'selenium_browser'. Found content (337 words).
2026-08-24 05:41:52,586 - INFO - [Al Jazeera] Page content loaded.
2026-08-24 05:41:52,785 - WARNING - [Economic Times] FAILED with 'selenium_browser' (content was too short: 46 words).
2026-08-24 05:41:52,798 - ERROR - [Economic Times] All scrape strategies failed for https://economictimes.indiatimes.com/markets/stocks/news/negative-breakout-these-7-stocks-cross-below-their-200-dmas/aditya-birla-real-estate/slideshow/133449382.cms. Falling back to RSS description.
2026-08-24 05:41:52,799 - WARNING - SKIPPED (GLOBAL WORD LIMIT): Article 'Negative Breakout: These 7 stocks cross below their 200 DMAs ' from Economic Times has only 7 words (Min: 90).
2026-08-24 05:41:53,561 - INFO - [Economic Times] Early skip: URL https://economictimes.indiatimes.com/markets/stocks/news/niftys-rally-hinges-on-a-break-above-the-key-2435024400-resistance-zone/articleshow/133449178.cms already exists.
2026-08-24 05:41:53,683 - INFO - [Economic Times] Article: https://economictimes.indiatimes.com/news/economy/policy/rbi-special-windows-seen-big-enough-to-bring-in-100b/articleshow/132813309.cms
2026-08-24 05:41:53,684 - INFO - [Economic Times] Attempt 1/2: Trying with 'requests_browser' strategy...
2026-08-24 05:41:53,957 - WARNING - [Wired] Page explicit wait timed out (3s). Proceeding anyway.
2026-08-24 05:41:58,005 - INFO - >>> SUCCESSFULLY SAVED [ID: 112443] - Planes, helicopters, crews: How Europe is scrambling to contain a record wildfire season - The Times of India from Times of India (669 words)
2026-08-24 05:41:58,742 - INFO - [Times of India] Article: https://timesofindia.indiatimes.com/science/singapore-unveils-world-first-biological-data-centre-with-16-million-living-human-neurons-powering-20-computers-in-a-landmark-moment-for-ai/articleshow/133451573.cms
2026-08-24 05:41:58,742 - INFO - [Times of India] Attempt 1/1: Trying with 'selenium_browser' strategy...
2026-08-24 05:41:59,013 - INFO - DEDUPLICATION: Found match (Score: 0.96). Linking to Cluster ID: 26f820e4-e00b-4c64-a4cf-7e66c3c95331
2026-08-24 05:41:59,048 - INFO - [Economic Times] Success with 'requests_browser'. Found content (322 words).
2026-08-24 05:42:01,836 - INFO - >>> SUCCESSFULLY SAVED [ID: 112444] - Chlorine Gas Leak At Nagpur Water Plant Triggers Panic, Several Hospitalised from NDTV (337 words)
2026-08-24 05:42:02,360 - INFO - [NDTV] Article: https://www.ndtv.com/world-news/entering-endgame-us-warns-iran-of-economic-d-day-tehrans-oil-response-11950041#publisher=newsstand
2026-08-24 05:42:02,360 - INFO - [NDTV] Attempt 1/2: Trying with 'requests_browser' strategy...
2026-08-24 05:42:02,936 - ERROR - [NDTV] Request failed for strategy 'requests_browser' on URL https://www.ndtv.com/world-news/entering-endgame-us-warns-iran-of-economic-d-day-tehrans-oil-response-11950041#publisher=newsstand: 403 Client Error: Forbidden for url: https://www.ndtv.com/world-news/entering-endgame-us-warns-iran-of-economic-d-day-tehrans-oil-response-11950041#publisher=newsstand
2026-08-24 05:42:03,879 - INFO - [NDTV] Article: https://www.ndtv.com/world-news/entering-endgame-us-warns-iran-of-economic-d-day-tehrans-oil-response-11950041#publisher=newsstand
2026-08-24 05:42:03,879 - INFO - [NDTV] Attempt 2/2: Trying with 'selenium_browser' strategy...
2026-08-24 05:42:06,505 - ERROR - Error saving article RBI special windows seen big enough to bring in $100B - The Economic Times: Hrana: `stream error: `Error { message: "SQLite error: UNIQUE constraint failed: articles.url", code: "SQLITE_CONSTRAINT" }``
2026-08-24 05:42:07,773 - INFO - [Economic Times] Article: https://economictimes.indiatimes.com/news/economy/foreign-trade/india-canada-aim-to-conclude-cepa-trade-pact-by-end-2026-mea/articleshow/132813105.cms
2026-08-24 05:42:07,773 - INFO - [Economic Times] Attempt 1/2: Trying with 'requests_browser' strategy...
2026-08-24 05:42:08,260 - INFO - [NDTV] Page content loaded.
2026-08-24 05:42:08,907 - INFO - [The Hindu] Page content loaded.
2026-08-24 05:42:09,067 - INFO - [Wired] Success with 'selenium_browser'. Found content (2417 words).
2026-08-24 05:42:09,494 - INFO - [NDTV] Success with 'selenium_browser'. Found content (776 words).
2026-08-24 05:42:09,632 - INFO - [Economic Times] Success with 'requests_browser'. Found content (202 words).
2026-08-24 05:42:11,016 - INFO - [The Hindu] Success with 'selenium_browser'. Found content (103 words).
2026-08-24 05:42:13,543 - INFO - [Times of India] Page content loaded.
2026-08-24 05:42:13,833 - INFO - >>> SUCCESSFULLY SAVED [ID: 112446] - 'Entering Endgame': US Warns Iran Of 'Economic D-Day', Tehran's 'Oil' Response from NDTV (776 words)
2026-08-24 05:42:15,466 - INFO - [NDTV] Early skip: URL https://www.ndtv.com/india-news/for-gen-z-outreach-rahul-gandhis-wardrobe-gets-a-peppy-makeover-11949145#publisher=newsstand already exists.
2026-08-24 05:42:15,882 - INFO - [NDTV] Early skip: URL https://www.ndtv.com/india-news/woman-dies-by-suicide-in-bengaluru-after-complaining-of-blackmail-harassment-11949171#publisher=newsstand already exists.
2026-08-24 05:42:16,707 - INFO - [NDTV] Early skip: URL https://www.ndtv.com/india-news/amravati-hospital-fire-3-newborns-die-after-ventilator-blast-triggers-fire-at-maharashtra-hospital-11949623#publisher=newsstand already exists.
2026-08-24 05:42:16,707 - ERROR - Error saving article India, Canada aim to conclude CEPA trade pact by end-2026: MEA - The Economic Times: Hrana: `stream error: `Error { message: "SQLite error: UNIQUE constraint failed: articles.url", code: "SQLITE_CONSTRAINT" }``
2026-08-24 05:42:16,709 - INFO - [NDTV] Article: https://www.ndtv.com/hyderabad-news/hyderabad-techie-creates-fake-instagram-profile-harasses-woman-11949854#publisher=newsstand
2026-08-24 05:42:16,709 - INFO - [NDTV] Attempt 1/2: Trying with 'requests_browser' strategy...
2026-08-24 05:42:16,962 - ERROR - [NDTV] Request failed for strategy 'requests_browser' on URL https://www.ndtv.com/hyderabad-news/hyderabad-techie-creates-fake-instagram-profile-harasses-woman-11949854#publisher=newsstand: 403 Client Error: Forbidden for url: https://www.ndtv.com/hyderabad-news/hyderabad-techie-creates-fake-instagram-profile-harasses-woman-11949854#publisher=newsstand
2026-08-24 05:42:18,588 - INFO - [Economic Times] Article: https://economictimes.indiatimes.com/news/economy/infrastructure/govts-urban-reset-centre-divides-ministry-of-housing-and-urban-affairs-into-two-specialised-verticals/articleshow/132812900.cms
2026-08-24 05:42:19,081 - INFO - [Economic Times] Attempt 1/2: Trying with 'requests_browser' strategy...
2026-08-24 05:42:18,588 - INFO - [NDTV] Article: https://www.ndtv.com/hyderabad-news/hyderabad-techie-creates-fake-instagram-profile-harasses-woman-11949854#publisher=newsstand
2026-08-24 05:42:19,114 - INFO - [NDTV] Attempt 2/2: Trying with 'selenium_browser' strategy...
2026-08-24 05:42:19,937 - ERROR - Error saving article What’s the Best Kindle of 2026? (So Far) | WIRED: Hrana: `stream error: `Error { message: "SQLite error: UNIQUE constraint failed: articles.url", code: "SQLITE_CONSTRAINT" }``
2026-08-24 05:42:20,097 - INFO - [Times of India] Success with 'selenium_browser'. Found content (1202 words).
2026-08-24 05:42:21,660 - INFO - [Wired] Early skip: URL https://www.wired.com/story/transistors-changed-everything-heres-how-they-work/ already exists.
2026-08-24 05:42:22,089 - ERROR - [Al Jazeera] Request failed for strategy 'selenium_browser' on URL https://www.aljazeera.com/video/newsfeed/2026/8/24/we-know-this-movie-iran-mocks-latest-us-sanctions?traffic_source=rss: Message: timeout: Timed out receiving message from renderer: 7.000
  (Session info: chrome=152.0.7977.54)
Stacktrace:
#0 0x555ff7f2f28a <unknown>
#1 0x555ff7893ad9 <unknown>
#2 0x555ff787b56b <unknown>
#3 0x555ff787b1e6 <unknown>
#4 0x555ff7878dc8 <unknown>
#5 0x555ff787974f <unknown>
#6 0x555ff7888810 <unknown>
#7 0x555ff78a2767 <unknown>
#8 0x555ff78aa13b <unknown>
#9 0x555ff7879ea9 <unknown>
#10 0x555ff78a24c2 <unknown>
#11 0x555ff7931f26 <unknown>
#12 0x555ff78dce6b <unknown>
#13 0x555ff78ddc51 <unknown>
#14 0x555ff7ef37b0 <unknown>
#15 0x555ff7ef1e2a <unknown>
#16 0x555ff7edcba5 <unknown>
#17 0x555ff7ef2aea <unknown>
#18 0x555ff7ec5df0 <unknown>
#19 0x555ff7f1a178 <unknown>
#20 0x555ff7f1a315 <unknown>
#21 0x555ff7f2de13 <unknown>
#22 0x7f54cf69cb84 <unknown>
#23 0x7f54cf729d6c <unknown>

2026-08-24 05:42:22,089 - ERROR - [Al Jazeera] All scrape strategies failed for https://www.aljazeera.com/video/newsfeed/2026/8/24/we-know-this-movie-iran-mocks-latest-us-sanctions?traffic_source=rss. Falling back to RSS description.
2026-08-24 05:42:22,089 - WARNING - SKIPPED (GLOBAL WORD LIMIT): Article '‘We know this movie’: Iran mocks latest US sanctions' from Al Jazeera has only 19 words (Min: 90).
2026-08-24 05:42:22,090 - INFO - [Wired] Early skip: URL https://www.wired.com/gallery/best-laptop-docking-stations/ already exists.
2026-08-24 05:42:22,092 - INFO - [Wired] Early skip: URL https://www.wired.com/story/7-basic-iphone-tricks-i-built-with-ios-27s-revamped-shortcuts-app/ already exists.
2026-08-24 05:42:22,094 - INFO - [Wired] Early skip: URL https://www.wired.com/story/is-expensive-bottled-water-actually-better-for-you/ already exists.
2026-08-24 05:42:23,106 - INFO - [Al Jazeera] Early skip: URL https://www.aljazeera.com/news/2026/8/24/syria-israel-hold-us-mediated-talks-in-jordan-to-de-escalate-tensions?traffic_source=rss already exists.
2026-08-24 05:42:23,106 - INFO - [Wired] Early skip: URL https://www.wired.com/review/saily-ultra-esim/ already exists.
2026-08-24 05:42:23,357 - INFO - [Wired] Early skip: URL https://www.wired.com/gallery/best-monitor-arms/ already exists.
2026-08-24 05:42:23,358 - INFO - [Al Jazeera] Article: https://www.aljazeera.com/video/newsfeed/2026/8/24/08-24-26-nevada-forest-fire-sv?traffic_source=rss
2026-08-24 05:42:23,359 - INFO - [Al Jazeera] Attempt 1/2: Trying with 'requests_browser' strategy...
2026-08-24 05:42:23,359 - INFO - >>> SUCCESSFULLY SAVED [ID: 112449] - Madras Day 2026: How Chennai city went from tiffin carriers to food apps - The Hindu from The Hindu (103 words)
2026-08-24 05:42:23,361 - INFO - [Wired] Early skip: URL https://www.wired.com/story/set-up-a-separate-work-profile-on-your-android-phone/ already exists.
2026-08-24 05:42:23,364 - INFO - [Wired] Early skip: URL https://www.wired.com/gallery/the-best-mattress-toppers/ already exists.
2026-08-24 05:42:23,367 - INFO - [Wired] Early skip: URL https://www.wired.com/story/security-news-this-week-your-expired-visa-card-could-be-zombiefied-to-make-contactless-payments/ already exists.
2026-08-24 05:42:23,368 - INFO - [Wired] Early skip: URL https://www.wired.com/story/nasa-cancels-its-rescue-mission-for-the-aging-swift-telescope/ already exists.
2026-08-24 05:42:23,369 - INFO - [Wired] Early skip: URL https://www.wired.com/story/the-unlikely-place-at-the-center-of-chinas-ai-boom/ already exists.
2026-08-24 05:42:23,371 - INFO - [Wired] Early skip: URL https://www.wired.com/story/teslas-door-handles-lead-to-its-biggest-recall-yet/ already exists.
2026-08-24 05:42:23,373 - INFO - [Wired] Early skip: URL https://www.wired.com/story/metas-big-reckoning-is-here/ already exists.
2026-08-24 05:42:23,375 - INFO - [Wired] Article: https://www.wired.com/story/best-pool-cleaning-robots/
2026-08-24 05:42:23,375 - INFO - [Wired] Attempt 1/2: Trying with 'requests_browser' strategy...
2026-08-24 05:42:23,453 - INFO - [Economic Times] Success with 'requests_browser'. Found content (244 words).
2026-08-24 05:42:23,477 - WARNING - [Al Jazeera] FAILED with 'requests_browser' (content was too short: 59 words).
2026-08-24 05:42:23,547 - ERROR - parsed tree length: 1, wrong data type or not valid HTML
2026-08-24 05:42:23,552 - ERROR - empty HTML tree: None
2026-08-24 05:42:23,553 - WARNING - discarding data: None
2026-08-24 05:42:23,553 - WARNING - [Wired] FAILED with 'requests_browser' (content was too short: 0 words).
2026-08-24 05:42:24,816 - INFO - [Wired] Article: https://www.wired.com/story/best-pool-cleaning-robots/
2026-08-24 05:42:25,220 - INFO - [Wired] Attempt 2/2: Trying with 'selenium_browser' strategy...
2026-08-24 05:42:24,817 - INFO - [The Hindu] Article: https://www.thehindu.com/business/Economy/piyush-goyal-says-india-negotiating-ftas-with-8-to-9-more-blocs-aims-to-cover-75-of-global-trade/article71383175.ece
2026-08-24 05:42:25,222 - INFO - [The Hindu] Attempt 1/1: Trying with 'selenium_browser' strategy...
2026-08-24 05:42:25,228 - INFO - [Al Jazeera] Article: https://www.aljazeera.com/video/newsfeed/2026/8/24/08-24-26-nevada-forest-fire-sv?traffic_source=rss
2026-08-24 05:42:26,270 - INFO - [Al Jazeera] Attempt 2/2: Trying with 'selenium_browser' strategy...
2026-08-24 05:42:26,496 - INFO - >>> SUCCESSFULLY SAVED [ID: 112450] - Singapore unveils world-first biological data centre with 16 million living human neurons powering 20 computers in a landmark moment for AI | - The Times of India from Times of India (1202 words)
2026-08-24 05:42:28,031 - INFO - [Times of India] Article: https://timesofindia.indiatimes.com/world/us/unlike-any-in-22-years-oregon-sheriff-describes-unusual-case-as-five-deaths-probed-as-quintuple-homicide/articleshow/133451627.cms
2026-08-24 05:42:28,032 - INFO - [Times of India] Attempt 1/1: Trying with 'selenium_browser' strategy...
2026-08-24 05:42:28,035 - WARNING - [NDTV] Page get timed out (7s). Proceeding to grab partial source anyway.
2026-08-24 05:42:29,283 - ERROR - Error saving article Govt's urban reset: Centre divides ministry of Housing and Urban Affairs into two specialised verticals - The Economic Times: Hrana: `stream error: `Error { message: "SQLite error: UNIQUE constraint failed: articles.url", code: "SQLITE_CONSTRAINT" }``
2026-08-24 05:42:30,494 - INFO - [Economic Times] Article: https://economictimes.indiatimes.com/news/economy/foreign-trade/india-uk-ceta-takes-effect-first-zero-duty-indian-coffee-jewellery-consignments-reach-uk-shores/articleshow/132442764.cms
2026-08-24 05:42:30,495 - INFO - [Economic Times] Attempt 1/2: Trying with 'requests_browser' strategy...
2026-08-24 05:42:30,906 - INFO - [Economic Times] Success with 'requests_browser'. Found content (946 words).
2026-08-24 05:42:30,931 - INFO - [Al Jazeera] Page content loaded.
2026-08-24 05:42:31,282 - WARNING - [Al Jazeera] FAILED with 'selenium_browser' (content was too short: 63 words).
2026-08-24 05:42:31,282 - ERROR - [Al Jazeera] All scrape strategies failed for https://www.aljazeera.com/video/newsfeed/2026/8/24/08-24-26-nevada-forest-fire-sv?traffic_source=rss. Falling back to RSS description.
2026-08-24 05:42:31,282 - WARNING - SKIPPED (GLOBAL WORD LIMIT): Article 'Human-caused Nevada wildfire forces 42,000 people to evacuate' from Al Jazeera has only 18 words (Min: 90).
2026-08-24 05:42:32,628 - INFO - [Al Jazeera] Early skip: URL https://www.aljazeera.com/economy/2026/8/24/can-kenyas-ai-ambitions-coexist-with-naivashas-water-needs?traffic_source=rss already exists.
2026-08-24 05:42:32,630 - INFO - [Al Jazeera] Early skip: URL https://www.aljazeera.com/news/2026/8/24/ebola-cases-in-drc-top-5515-as-pope-leo-urges-global-action-to-save-lives?traffic_source=rss already exists.
2026-08-24 05:42:32,633 - INFO - [Al Jazeera] Article: https://www.aljazeera.com/video/newsfeed/2026/8/24/india-crushes-cockroach-dissent-as-fix-schools-campaign-riles-modi?traffic_source=rss
2026-08-24 05:42:32,634 - INFO - [Al Jazeera] Attempt 1/2: Trying with 'requests_browser' strategy...
2026-08-24 05:42:33,039 - WARNING - [NDTV] Page explicit wait timed out (3s). Proceeding anyway.
2026-08-24 05:42:33,887 - ERROR - Error saving article India-UK CETA takes effect: First zero-duty Indian coffee, jewellery consignments reach UK shores - The Economic Times: Hrana: `stream error: `Error { message: "SQLite error: UNIQUE constraint failed: articles.url", code: "SQLITE_CONSTRAINT" }``
2026-08-24 05:42:33,888 - INFO - [The Hindu] Page content loaded.
2026-08-24 05:42:33,936 - WARNING - discarding data: None
2026-08-24 05:42:33,936 - WARNING - [NDTV] FAILED with 'selenium_browser' (content was too short: 0 words).
2026-08-24 05:42:33,936 - ERROR - [NDTV] All scrape strategies failed for https://www.ndtv.com/hyderabad-news/hyderabad-techie-creates-fake-instagram-profile-harasses-woman-11949854#publisher=newsstand. Falling back to RSS description.
2026-08-24 05:42:33,936 - WARNING - SKIPPED (GLOBAL WORD LIMIT): Article 'Hyderabad Techie Creates Fake Instagram Profile, Harasses Woman' from NDTV has only 14 words (Min: 90).
2026-08-24 05:42:33,997 - WARNING - [Al Jazeera] FAILED with 'requests_browser' (content was too short: 65 words).
2026-08-24 05:42:34,308 - INFO - [The Hindu] Success with 'selenium_browser'. Found content (278 words).
2026-08-24 05:42:34,471 - INFO - [NDTV] Article: https://www.ndtv.com/business-news/rs-50-000-monthly-pension-after-retirement-how-much-should-you-invest-nps-personal-finance-11949577#publisher=newsstand
2026-08-24 05:42:34,471 - INFO - [NDTV] Attempt 1/2: Trying with 'requests_browser' strategy...
2026-08-24 05:42:34,665 - ERROR - [NDTV] Request failed for strategy 'requests_browser' on URL https://www.ndtv.com/business-news/rs-50-000-monthly-pension-after-retirement-how-much-should-you-invest-nps-personal-finance-11949577#publisher=newsstand: 403 Client Error: Forbidden for url: https://www.ndtv.com/business-news/rs-50-000-monthly-pension-after-retirement-how-much-should-you-invest-nps-personal-finance-11949577#publisher=newsstand
2026-08-24 05:42:36,190 - INFO - [NDTV] Article: https://www.ndtv.com/business-news/rs-50-000-monthly-pension-after-retirement-how-much-should-you-invest-nps-personal-finance-11949577#publisher=newsstand
2026-08-24 05:42:36,190 - INFO - [NDTV] Attempt 2/2: Trying with 'selenium_browser' strategy...
2026-08-24 05:42:36,191 - INFO - [Economic Times] Article: https://economictimes.indiatimes.com/news/economy/foreign-trade/from-oman-to-tanzania-how-the-iran-war-is-redrawing-indias-trade-map/articleshow/131762760.cms
2026-08-24 05:42:36,191 - INFO - [Economic Times] Attempt 1/2: Trying with 'requests_browser' strategy...
2026-08-24 05:42:36,691 - INFO - [Al Jazeera] Article: https://www.aljazeera.com/video/newsfeed/2026/8/24/india-crushes-cockroach-dissent-as-fix-schools-campaign-riles-modi?traffic_source=rss
2026-08-24 05:42:36,691 - INFO - [Al Jazeera] Attempt 2/2: Trying with 'selenium_browser' strategy...
2026-08-24 05:42:37,752 - INFO - [Times of India] Page content loaded.
2026-08-24 05:42:37,758 - INFO - >>> SUCCESSFULLY SAVED [ID: 112453] - Piyush Goyal says India negotiating FTAs with 8 to 9 more blocs, aims to cover 75% of global trade - The Hindu from The Hindu (278 words)
2026-08-24 05:42:37,966 - INFO - [Economic Times] Success with 'requests_browser'. Found content (385 words).
2026-08-24 05:42:39,462 - INFO - [Wired] Page content loaded.
2026-08-24 05:42:39,880 - INFO - [The Hindu] Article: https://www.thehindu.com/news/national/maharashtra/maharashtra-amravati-hospital-fire-babies-killed-august-24-2026/article71383085.ece
2026-08-24 05:42:39,880 - INFO - [The Hindu] Attempt 1/1: Trying with 'selenium_browser' strategy...
2026-08-24 05:42:40,883 - ERROR - Error saving article From Oman to Tanzania: How the Iran war is redrawing India’s trade map - The Economic Times: Hrana: `stream error: `Error { message: "SQLite error: UNIQUE constraint failed: articles.url", code: "SQLITE_CONSTRAINT" }``
2026-08-24 05:42:40,967 - INFO - [NDTV] Page content loaded.
2026-08-24 05:42:41,959 - INFO - [NDTV] Success with 'selenium_browser'. Found content (702 words).
2026-08-24 05:42:42,005 - INFO - [Economic Times] Article: https://economictimes.indiatimes.com/news/economy/policy/fm-sitharaman-flags-global-crisis-spillovers-unfair-burden-on-developing-nations/articleshow/131668427.cms
2026-08-24 05:42:42,005 - INFO - [Economic Times] Attempt 1/2: Trying with 'requests_browser' strategy...
2026-08-24 05:42:42,494 - INFO - [Wired] Success with 'selenium_browser'. Found content (3345 words).
2026-08-24 05:42:43,813 - INFO - [Al Jazeera] Page content loaded.
2026-08-24 05:42:45,519 - INFO - [Economic Times] Success with 'requests_browser'. Found content (317 words).
2026-08-24 05:42:46,368 - INFO - [Times of India] Success with 'selenium_browser'. Found content (359 words).
2026-08-24 05:42:49,336 - INFO - >>> SUCCESSFULLY SAVED [ID: 112455] - Want Rs 50,000 Monthly Pension After 60? Here's Age-Wise Investment Plan from NDTV (702 words)
2026-08-24 05:42:49,651 - WARNING - [Al Jazeera] FAILED with 'selenium_browser' (content was too short: 69 words).
2026-08-24 05:42:49,652 - ERROR - [Al Jazeera] All scrape strategies failed for https://www.aljazeera.com/video/newsfeed/2026/8/24/india-crushes-cockroach-dissent-as-fix-schools-campaign-riles-modi?traffic_source=rss. Falling back to RSS description.
2026-08-24 05:42:49,652 - WARNING - SKIPPED (GLOBAL WORD LIMIT): Article 'India crushes cockroach dissent as ‘Fix Schools’ campaign riles Modi' from Al Jazeera has only 18 words (Min: 90).
2026-08-24 05:42:51,456 - INFO - [NDTV] Article: https://www.ndtv.com/world-news/rangpur-murders-hindu-family-killed-in-bangladesh-attackers-drug-users-stayed-back-for-food-bath-11949734#publisher=newsstand
2026-08-24 05:42:51,456 - INFO - [NDTV] Attempt 1/2: Trying with 'requests_browser' strategy...
2026-08-24 05:42:51,469 - INFO - [Al Jazeera] Article: https://www.aljazeera.com/video/newsfeed/2026/8/24/large-forest-fire-burns-close-to-residential-areas-in-ankara?traffic_source=rss
2026-08-24 05:42:51,470 - INFO - [Al Jazeera] Attempt 1/2: Trying with 'requests_browser' strategy...
2026-08-24 05:42:51,472 - WARNING - [The Hindu] Page explicit wait timed out (3s). Proceeding anyway.
2026-08-24 05:42:52,908 - ERROR - Error saving article I Tried the Best Robotic Pool Cleaners of 2026: Beatbot, iGarden, Dreame | WIRED: Hrana: `stream error: `Error { message: "SQLite error: UNIQUE constraint failed: articles.url", code: "SQLITE_CONSTRAINT" }``
2026-08-24 05:42:53,217 - ERROR - [NDTV] Request failed for strategy 'requests_browser' on URL https://www.ndtv.com/world-news/rangpur-murders-hindu-family-killed-in-bangladesh-attackers-drug-users-stayed-back-for-food-bath-11949734#publisher=newsstand: 403 Client Error: Forbidden for url: https://www.ndtv.com/world-news/rangpur-murders-hindu-family-killed-in-bangladesh-attackers-drug-users-stayed-back-for-food-bath-11949734#publisher=newsstand
2026-08-24 05:42:53,259 - WARNING - [Al Jazeera] FAILED with 'requests_browser' (content was too short: 46 words).
2026-08-24 05:42:53,438 - INFO - [The Hindu] Success with 'selenium_browser'. Found content (388 words).
2026-08-24 05:42:54,999 - INFO - [NDTV] Article: https://www.ndtv.com/world-news/rangpur-murders-hindu-family-killed-in-bangladesh-attackers-drug-users-stayed-back-for-food-bath-11949734#publisher=newsstand
2026-08-24 05:42:54,999 - INFO - [NDTV] Attempt 2/2: Trying with 'selenium_browser' strategy...
2026-08-24 05:42:55,502 - INFO - [Wired] Early skip: URL https://www.wired.com/review/nyrius-phoenix-home-true-4k60/ already exists.
2026-08-24 05:42:55,502 - INFO - [Al Jazeera] Article: https://www.aljazeera.com/video/newsfeed/2026/8/24/large-forest-fire-burns-close-to-residential-areas-in-ankara?traffic_source=rss
2026-08-24 05:42:55,502 - INFO - [Al Jazeera] Attempt 2/2: Trying with 'selenium_browser' strategy...
2026-08-24 05:42:56,404 - INFO - [Wired] Early skip: URL https://www.wired.com/story/the-patrick-clancy-conspiracy-theories-are-rooted-in-the-harsh-realities-of-motherhood/ already exists.
2026-08-24 05:42:56,416 - ERROR - Error saving article FM Sitharaman flags global crisis spillovers, unfair burden on developing nations - The Economic Times: Hrana: `stream error: `Error { message: "SQLite error: UNIQUE constraint failed: articles.url", code: "SQLITE_CONSTRAINT" }``
2026-08-24 05:42:56,417 - INFO - [Wired] Early skip: URL https://www.wired.com/story/the-best-electric-toothbrush-for-healthier-teeth-and-gums/ already exists.
2026-08-24 05:42:56,472 - INFO - [Wired] Early skip: URL https://www.wired.com/story/when-the-packaging-is-the-product-empty-boxes-influencers/ already exists.
2026-08-24 05:42:56,484 - INFO - [Wired] Early skip: URL https://www.wired.com/story/the-super-el-nino-wont-fix-the-wests-water-crisis/ already exists.
2026-08-24 05:42:56,489 - INFO - [Wired] Early skip: URL https://www.wired.com/story/early-tech-labor-day-sales-2026/ already exists.
2026-08-24 05:42:56,499 - INFO - [Wired] Early skip: URL https://www.wired.com/story/the-single-english-county-saying-no-to-palantir/ already exists.
2026-08-24 05:42:56,511 - INFO - [Wired] Article: https://www.wired.com/story/paramount-plus-coupon-code/
2026-08-24 05:42:56,529 - INFO - [Wired] Attempt 1/2: Trying with 'requests_browser' strategy...
2026-08-24 05:42:56,833 - ERROR - parsed tree length: 1, wrong data type or not valid HTML
2026-08-24 05:42:56,854 - ERROR - empty HTML tree: None
2026-08-24 05:42:56,854 - WARNING - discarding data: None
2026-08-24 05:42:56,854 - WARNING - [Wired] FAILED with 'requests_browser' (content was too short: 0 words).
2026-08-24 05:42:58,863 - INFO - [Economic Times] Article: https://economictimes.indiatimes.com/tech/technology/apple-faces-indian-engineers-bias-lawsuit/articleshow/81694292.cms
2026-08-24 05:42:58,863 - INFO - [Economic Times] Attempt 1/2: Trying with 'requests_browser' strategy...
2026-08-24 05:42:58,866 - INFO - [Wired] Article: https://www.wired.com/story/paramount-plus-coupon-code/
2026-08-24 05:42:59,912 - INFO - [Wired] Attempt 2/2: Trying with 'selenium_browser' strategy...
2026-08-24 05:42:59,913 - INFO - [NDTV] Page content loaded.
2026-08-24 05:42:59,914 - INFO - >>> SUCCESSFULLY SAVED [ID: 112458] - ‘Unlike any in 22 years’: Oregon sheriff describes unusual case as five deaths probed as quintuple homicide - The Times of India from Times of India (359 words)
2026-08-24 05:43:00,166 - INFO - DEDUPLICATION: Found match (Score: 0.93). Linking to Cluster ID: 1a329acb-d715-4715-a2fc-640be15402bf
2026-08-24 05:43:00,182 - ERROR - parsed tree length: 1, wrong data type or not valid HTML
2026-08-24 05:43:00,182 - ERROR - empty HTML tree: None
2026-08-24 05:43:00,182 - WARNING - discarding data: None
2026-08-24 05:43:00,182 - WARNING - [Economic Times] FAILED with 'requests_browser' (content was too short: 0 words).
2026-08-24 05:43:01,450 - INFO - [Times of India] Article: https://timesofindia.indiatimes.com/world/europe/pay-25000-for-schengen-visa-indian-company-bls-under-probe-after-spains-algerian-migration-crisis/articleshow/133451141.cms
2026-08-24 05:43:01,863 - INFO - [Times of India] Attempt 1/1: Trying with 'selenium_browser' strategy...
2026-08-24 05:43:01,861 - INFO - [Economic Times] Article: https://economictimes.indiatimes.com/tech/technology/apple-faces-indian-engineers-bias-lawsuit/articleshow/81694292.cms
2026-08-24 05:43:02,971 - INFO - [Economic Times] Attempt 2/2: Trying with 'selenium_browser' strategy...
2026-08-24 05:43:03,021 - INFO - >>> SUCCESSFULLY SAVED [ID: 112459] - Three newborns die in fire at government hospital in Amravati, Maharashtra - The Hindu from The Hindu (388 words)
2026-08-24 05:43:03,134 - INFO - [Al Jazeera] Page content loaded.
2026-08-24 05:43:03,186 - INFO - [NDTV] Success with 'selenium_browser'. Found content (529 words).
2026-08-24 05:43:03,498 - WARNING - [Al Jazeera] FAILED with 'selenium_browser' (content was too short: 50 words).
2026-08-24 05:43:03,498 - ERROR - [Al Jazeera] All scrape strategies failed for https://www.aljazeera.com/video/newsfeed/2026/8/24/large-forest-fire-burns-close-to-residential-areas-in-ankara?traffic_source=rss. Falling back to RSS description.
2026-08-24 05:43:03,499 - WARNING - SKIPPED (GLOBAL WORD LIMIT): Article 'Large forest fire burns close to residential areas in Ankara' from Al Jazeera has only 19 words (Min: 90).
2026-08-24 05:43:05,026 - INFO - [Al Jazeera] Article: https://www.aljazeera.com/video/newsfeed/2026/8/24/08-24-26-kazakh-elections-sv-mp4?traffic_source=rss
2026-08-24 05:43:05,427 - INFO - [Al Jazeera] Attempt 1/2: Trying with 'requests_browser' strategy...
2026-08-24 05:43:05,031 - INFO - [The Hindu] Article: https://www.thehindu.com/news/national/modi-government-strangulating-emasculating-isro-congress/article71383212.ece
2026-08-24 05:43:05,433 - INFO - [The Hindu] Attempt 1/1: Trying with 'selenium_browser' strategy...
2026-08-24 05:43:06,641 - INFO - >>> SUCCESSFULLY SAVED [ID: 112460] - Rangpur Murders: Men Kill Bangladesh Family Of 4, Then Eat Their Food, Bath, Consume Drugs from NDTV (529 words)
2026-08-24 05:43:06,762 - WARNING - [Al Jazeera] FAILED with 'requests_browser' (content was too short: 66 words).
2026-08-24 05:43:07,143 - INFO - [Wired] Page content loaded.
2026-08-24 05:43:07,150 - INFO - [NDTV] Article: https://www.ndtv.com/india-news/ex-drug-peddler-from-up-arrested-for-illegal-firearms-sale-in-hyderabad-11949829#publisher=newsstand
2026-08-24 05:43:07,150 - INFO - [NDTV] Attempt 1/2: Trying with 'requests_browser' strategy...
2026-08-24 05:43:07,335 - INFO - [Al Jazeera] Article: https://www.aljazeera.com/video/newsfeed/2026/8/24/08-24-26-kazakh-elections-sv-mp4?traffic_source=rss
2026-08-24 05:43:07,335 - INFO - [Al Jazeera] Attempt 2/2: Trying with 'selenium_browser' strategy...
2026-08-24 05:43:07,410 - ERROR - [NDTV] Request failed for strategy 'requests_browser' on URL https://www.ndtv.com/india-news/ex-drug-peddler-from-up-arrested-for-illegal-firearms-sale-in-hyderabad-11949829#publisher=newsstand: 403 Client Error: Forbidden for url: https://www.ndtv.com/india-news/ex-drug-peddler-from-up-arrested-for-illegal-firearms-sale-in-hyderabad-11949829#publisher=newsstand
2026-08-24 05:43:08,016 - INFO - [NDTV] Article: https://www.ndtv.com/india-news/ex-drug-peddler-from-up-arrested-for-illegal-firearms-sale-in-hyderabad-11949829#publisher=newsstand
2026-08-24 05:43:08,016 - INFO - [NDTV] Attempt 2/2: Trying with 'selenium_browser' strategy...
2026-08-24 05:43:08,585 - INFO - [The Hindu] Page content loaded.
2026-08-24 05:43:08,949 - INFO - [The Hindu] Success with 'selenium_browser'. Found content (414 words).
2026-08-24 05:43:09,629 - INFO - [Economic Times] Page content loaded.
2026-08-24 05:43:09,800 - INFO - [Wired] Success with 'selenium_browser'. Found content (1468 words).
2026-08-24 05:43:09,962 - INFO - [Al Jazeera] Page content loaded.
2026-08-24 05:43:13,380 - INFO - >>> SUCCESSFULLY SAVED [ID: 112461] - Modi government strangulating, emasculating ISRO: Congress - The Hindu from The Hindu (414 words)
2026-08-24 05:43:13,430 - INFO - [NDTV] Page content loaded.
2026-08-24 05:43:13,497 - INFO - [Economic Times] Success with 'selenium_browser'. Found content (743 words).
2026-08-24 05:43:13,536 - WARNING - [Al Jazeera] FAILED with 'selenium_browser' (content was too short: 70 words).
2026-08-24 05:43:13,555 - ERROR - [Al Jazeera] All scrape strategies failed for https://www.aljazeera.com/video/newsfeed/2026/8/24/08-24-26-kazakh-elections-sv-mp4?traffic_source=rss. Falling back to RSS description.
2026-08-24 05:43:13,555 - WARNING - SKIPPED (GLOBAL WORD LIMIT): Article 'Tokayev allies head for landslide victory in Kazakhstan elections' from Al Jazeera has only 17 words (Min: 90).
2026-08-24 05:43:15,286 - INFO - [The Hindu] Article: https://www.thehindu.com/news/national/tamil-nadu/tamil-nadu-government-to-reimburse-money-for-three-lpg-cylinders-annually-from-next-pongal-says-cm-vijay/article71383243.ece
2026-08-24 05:43:15,286 - INFO - [The Hindu] Attempt 1/1: Trying with 'selenium_browser' strategy...
2026-08-24 05:43:15,287 - INFO - [Al Jazeera] Early skip: URL https://www.aljazeera.com/news/liveblog/2026/8/24/iran-war-live-iranian-assembly-advances-plans-for-hormuz-service-fees?traffic_source=rss already exists.
2026-08-24 05:43:15,782 - INFO - [Al Jazeera] Early skip: URL https://www.aljazeera.com/sports/2026/8/23/raphinha-and-lopez-score-braces-as-barcelona-trounce-elche-5-0?traffic_source=rss already exists.
2026-08-24 05:43:16,639 - INFO - [Al Jazeera] Early skip: URL https://www.aljazeera.com/video/inside-story/2026/8/23/will-donald-trumps-new-sanctions-against-iran-work?traffic_source=rss already exists.
2026-08-24 05:43:16,653 - ERROR - Error saving article Paramount+ Coupon Codes and Deals for August 2026 | WIRED: Hrana: `stream error: `Error { message: "SQLite error: UNIQUE constraint failed: articles.url", code: "SQLITE_CONSTRAINT" }``
2026-08-24 05:43:16,658 - INFO - [Al Jazeera] Article: https://www.aljazeera.com/video/newsfeed/2026/8/23/serbia-requests-international-assistance-to-battle-wildfires?traffic_source=rss
2026-08-24 05:43:16,658 - INFO - [Al Jazeera] Attempt 1/2: Trying with 'requests_browser' strategy...
2026-08-24 05:43:17,003 - WARNING - [Al Jazeera] FAILED with 'requests_browser' (content was too short: 41 words).
2026-08-24 05:43:17,217 - INFO - [NDTV] Success with 'selenium_browser'. Found content (437 words).
2026-08-24 05:43:18,538 - INFO - [Al Jazeera] Article: https://www.aljazeera.com/video/newsfeed/2026/8/23/serbia-requests-international-assistance-to-battle-wildfires?traffic_source=rss
2026-08-24 05:43:18,538 - INFO - [Al Jazeera] Attempt 2/2: Trying with 'selenium_browser' strategy...
2026-08-24 05:43:18,940 - INFO - [Wired] Article: https://www.wired.com/story/zoro-promo-code/
2026-08-24 05:43:18,940 - INFO - [Wired] Attempt 1/2: Trying with 'requests_browser' strategy...
2026-08-24 05:43:18,946 - INFO - [Times of India] Page content loaded.
2026-08-24 05:43:19,772 - ERROR - Error saving article Apple faces Indian engineer’s bias lawsuit - The Economic Times: Hrana: `stream error: `Error { message: "SQLite error: UNIQUE constraint failed: articles.url", code: "SQLITE_CONSTRAINT" }``
2026-08-24 05:43:19,994 - ERROR - parsed tree length: 1, wrong data type or not valid HTML
2026-08-24 05:43:19,994 - ERROR - empty HTML tree: None
2026-08-24 05:43:19,994 - WARNING - discarding data: None
2026-08-24 05:43:19,994 - WARNING - [Wired] FAILED with 'requests_browser' (content was too short: 0 words).
2026-08-24 05:43:21,893 - INFO - [Economic Times] Article: https://economictimes.indiatimes.com/news/defence/despite-transatlantic-love-fest-eu-charts-third-way-in-ties-with-us-and-china/articleshow/81467467.cms
2026-08-24 05:43:22,323 - INFO - [Economic Times] Attempt 1/2: Trying with 'requests_browser' strategy...
2026-08-24 05:43:22,323 - INFO - [Wired] Article: https://www.wired.com/story/zoro-promo-code/
2026-08-24 05:43:23,509 - INFO - [Wired] Attempt 2/2: Trying with 'selenium_browser' strategy...
2026-08-24 05:43:23,510 - INFO - >>> SUCCESSFULLY SAVED [ID: 112464] - Ex-Drug Peddler From UP Arrested For Illegal Firearms Sale In Hyderabad from NDTV (437 words)
2026-08-24 05:43:24,124 - INFO - [Economic Times] Success with 'requests_browser'. Found content (799 words).
2026-08-24 05:43:24,449 - INFO - [NDTV] Early skip: URL https://www.ndtv.com/business-news/stock-market-sensex-share-market-nifty-live-updates-today-24-august-us-iran-war-oil-prices-11949640#publisher=newsstand already exists.
2026-08-24 05:43:24,481 - INFO - [NDTV] Article: https://www.ndtv.com/india-news/bjp-harbhajan-singhs-doosra-hits-wicket-after-cops-confirm-punjab-drugs-video-11949774#publisher=newsstand
2026-08-24 05:43:24,481 - INFO - [NDTV] Attempt 1/2: Trying with 'requests_browser' strategy...
2026-08-24 05:43:24,689 - INFO - [Al Jazeera] Page content loaded.
2026-08-24 05:43:24,958 - ERROR - [NDTV] Request failed for strategy 'requests_browser' on URL https://www.ndtv.com/india-news/bjp-harbhajan-singhs-doosra-hits-wicket-after-cops-confirm-punjab-drugs-video-11949774#publisher=newsstand: 403 Client Error: Forbidden for url: https://www.ndtv.com/india-news/bjp-harbhajan-singhs-doosra-hits-wicket-after-cops-confirm-punjab-drugs-video-11949774#publisher=newsstand
2026-08-24 05:43:28,170 - INFO - [NDTV] Article: https://www.ndtv.com/india-news/bjp-harbhajan-singhs-doosra-hits-wicket-after-cops-confirm-punjab-drugs-video-11949774#publisher=newsstand
2026-08-24 05:43:28,171 - INFO - [NDTV] Attempt 2/2: Trying with 'selenium_browser' strategy...
2026-08-24 05:43:28,206 - ERROR - Error saving article Despite transatlantic 'love fest', EU charts third way in ties with US and China - The Economic Times: Hrana: `stream error: `Error { message: "SQLite error: UNIQUE constraint failed: articles.url", code: "SQLITE_CONSTRAINT" }``
2026-08-24 05:43:28,628 - WARNING - [Al Jazeera] FAILED with 'selenium_browser' (content was too short: 45 words).
2026-08-24 05:43:28,628 - ERROR - [Al Jazeera] All scrape strategies failed for https://www.aljazeera.com/video/newsfeed/2026/8/23/serbia-requests-international-assistance-to-battle-wildfires?traffic_source=rss. Falling back to RSS description.
2026-08-24 05:43:28,628 - WARNING - SKIPPED (GLOBAL WORD LIMIT): Article 'Serbia requests international assistance to battle wildfires' from Al Jazeera has only 16 words (Min: 90).
2026-08-24 05:43:28,777 - INFO - [Economic Times] Article: https://economictimes.indiatimes.com/tech/tech-bytes/twitters-india-policy-head-to-step-down-will-transition-in-march/articleshow/80732868.cms
2026-08-24 05:43:28,777 - INFO - [Economic Times] Attempt 1/2: Trying with 'requests_browser' strategy...
2026-08-24 05:43:29,251 - INFO - [Al Jazeera] Early skip: URL https://www.aljazeera.com/news/2026/8/23/us-envoy-tom-barrack-retracts-comment-that-syrias-golan-is-occupied?traffic_source=rss already exists.
2026-08-24 05:43:29,265 - INFO - [Al Jazeera] Article: https://www.aljazeera.com/video/newsfeed/2026/8/23/landfill-collapse-kills-30-in-guineas-capital-after-heavy-rains?traffic_source=rss
2026-08-24 05:43:29,265 - INFO - [Al Jazeera] Attempt 1/2: Trying with 'requests_browser' strategy...
2026-08-24 05:43:29,274 - ERROR - parsed tree length: 1, wrong data type or not valid HTML
2026-08-24 05:43:29,274 - ERROR - empty HTML tree: None
2026-08-24 05:43:29,274 - WARNING - discarding data: None
2026-08-24 05:43:29,274 - WARNING - [Economic Times] FAILED with 'requests_browser' (content was too short: 0 words).
2026-08-24 05:43:29,392 - INFO - [The Hindu] Page content loaded.
2026-08-24 05:43:29,808 - WARNING - [Al Jazeera] FAILED with 'requests_browser' (content was too short: 60 words).
2026-08-24 05:43:29,834 - INFO - [Times of India] Success with 'selenium_browser'. Found content (331 words).
2026-08-24 05:43:30,087 - INFO - [Economic Times] Article: https://economictimes.indiatimes.com/tech/tech-bytes/twitters-india-policy-head-to-step-down-will-transition-in-march/articleshow/80732868.cms
2026-08-24 05:43:30,087 - INFO - [Economic Times] Attempt 2/2: Trying with 'selenium_browser' strategy...
2026-08-24 05:43:30,641 - INFO - [Al Jazeera] Article: https://www.aljazeera.com/video/newsfeed/2026/8/23/landfill-collapse-kills-30-in-guineas-capital-after-heavy-rains?traffic_source=rss
2026-08-24 05:43:30,641 - INFO - [Al Jazeera] Attempt 2/2: Trying with 'selenium_browser' strategy...
2026-08-24 05:43:30,735 - INFO - [The Hindu] Success with 'selenium_browser'. Found content (223 words).
2026-08-24 05:43:31,738 - INFO - [NDTV] Page content loaded.
2026-08-24 05:43:34,979 - INFO - >>> SUCCESSFULLY SAVED [ID: 112466] - Pay €25,000 for Schengen visa: Indian company BLS under probe after Spain's Algerian migration crisis - The Times of India from Times of India (331 words)
2026-08-24 05:43:34,982 - INFO - [Wired] Page content loaded.
2026-08-24 05:43:35,240 - INFO - DEDUPLICATION: Found match (Score: 0.91). Linking to Cluster ID: 40e6f08d-c79c-4baa-850d-9474f90a17b8
2026-08-24 05:43:36,469 - INFO - [Times of India] Article: https://timesofindia.indiatimes.com/science/after-months-of-tracking-volunteers-found-five-leopard-cats-breeding-in-changis-forest-but-terminal-5-construction-is-forcing-them-to-relocate/articleshow/133402843.cms
2026-08-24 05:43:36,469 - INFO - [Times of India] Attempt 1/1: Trying with 'selenium_browser' strategy...
2026-08-24 05:43:36,471 - INFO - [Al Jazeera] Page content loaded.
2026-08-24 05:43:38,131 - INFO - >>> SUCCESSFULLY SAVED [ID: 112467] - Tamil Nadu government to reimburse money for three LPG cylinders annually from next Pongal, says CM Vijay - The Hindu from The Hindu (223 words)
2026-08-24 05:43:38,234 - INFO - [NDTV] Success with 'selenium_browser'. Found content (429 words).
2026-08-24 05:43:38,428 - WARNING - [Al Jazeera] FAILED with 'selenium_browser' (content was too short: 64 words).
2026-08-24 05:43:38,953 - ERROR - [Al Jazeera] All scrape strategies failed for https://www.aljazeera.com/video/newsfeed/2026/8/23/landfill-collapse-kills-30-in-guineas-capital-after-heavy-rains?traffic_source=rss. Falling back to RSS description.
2026-08-24 05:43:38,954 - WARNING - SKIPPED (GLOBAL WORD LIMIT): Article 'Landfill collapse kills 30 in Guinea’s capital after heavy rains' from Al Jazeera has only 18 words (Min: 90).
2026-08-24 05:43:39,148 - INFO - [Wired] Success with 'selenium_browser'. Found content (758 words).
2026-08-24 05:43:40,983 - INFO - [The Hindu] Early skip: URL https://www.thehindu.com/business/what-are-the-uss-latest-allegations-against-india-explained/article71378950.ece already exists.
2026-08-24 05:43:40,983 - INFO - [Al Jazeera] Article: https://www.aljazeera.com/video/newsfeed/2026/8/23/occupied-west-bank-division-ps?traffic_source=rss
2026-08-24 05:43:40,984 - INFO - [Al Jazeera] Attempt 1/2: Trying with 'requests_browser' strategy...
2026-08-24 05:43:40,993 - INFO - [The Hindu] Article: https://www.thehindu.com/news/national/kerala/shigellosis-cases-open-up-a-new-amr-challenge-in-keralam/article71377610.ece
2026-08-24 05:43:40,993 - INFO - [The Hindu] Attempt 1/1: Trying with 'selenium_browser' strategy...
2026-08-24 05:43:42,608 - INFO - >>> SUCCESSFULLY SAVED [ID: 112468] - BJP Harbhajan Singh's 'Doosra' Hits Wicket After Cops Confirm Punjab Drugs Video from NDTV (429 words)
2026-08-24 05:43:42,687 - WARNING - [Al Jazeera] FAILED with 'requests_browser' (content was too short: 55 words).
2026-08-24 05:43:44,072 - INFO - [Al Jazeera] Article: https://www.aljazeera.com/video/newsfeed/2026/8/23/occupied-west-bank-division-ps?traffic_source=rss
2026-08-24 05:43:44,072 - INFO - [Al Jazeera] Attempt 2/2: Trying with 'selenium_browser' strategy...
2026-08-24 05:43:44,074 - INFO - [NDTV] Early skip: URL https://www.ndtv.com/world-news/ex-us-illinois-police-officer-sean-grayson-dies-while-serving-sentence-for-killing-black-woman-sonya-massey-11949697#publisher=newsstand already exists.
2026-08-24 05:43:44,075 - INFO - [Times of India] Page content loaded.
2026-08-24 05:43:44,513 - INFO - [NDTV] Early skip: URL https://www.ndtv.com/delhi-news/rs-92-crore-spent-on-union-ministers-delhi-homes-repair-in-2025-26-rti-11947108#publisher=newsstand already exists.
2026-08-24 05:43:44,514 - INFO - [Economic Times] Page content loaded.
2026-08-24 05:43:44,515 - INFO - [NDTV] Early skip: URL https://www.ndtv.com/business-news/fixed-deposit-rules-for-all-age-young-investors-seniors-personal-finance-11949600#publisher=newsstand already exists.
2026-08-24 05:43:44,516 - INFO - [NDTV] Early skip: URL https://www.ndtv.com/india-news/maharashtra-hill-suicide-teen-kunal-chandgudes-mothers-old-video-surfaces-you-ruined-my-family-11948624#publisher=newsstand already exists.
2026-08-24 05:43:45,395 - INFO - [NDTV] Early skip: URL https://www.ndtv.com/india-news/punjab-theft-transformer-theft-goes-wrong-car-gets-stuck-in-mud-so-does-recovery-truck-11948810#publisher=newsstand already exists.
2026-08-24 05:43:45,435 - INFO - [NDTV] Early skip: URL https://www.ndtv.com/india-news/iphone-emi-not-sole-trigger-teen-attempted-suicide-last-year-from-same-cliff-11948227#publisher=newsstand already exists.
2026-08-24 05:43:45,435 - ERROR - Error saving article Zoro Coupon Codes: 55% Off August | WIRED: Hrana: `stream error: `Error { message: "SQLite error: UNIQUE constraint failed: articles.url", code: "SQLITE_CONSTRAINT" }``
2026-08-24 05:43:45,456 - INFO - [NDTV] Early skip: URL https://www.ndtv.com/india-news/speeding-suv-rams-chhattisgarh-ministers-convoy-6-injured-11949159#publisher=newsstand already exists.
2026-08-24 05:43:45,461 - INFO - [NDTV] Early skip: URL https://www.ndtv.com/india-news/2-mlas-among-6-injured-as-car-rams-suv-after-cng-cylinder-blast-in-delhi-11949157#publisher=newsstand already exists.
2026-08-24 05:43:45,464 - INFO - [NDTV] (Thread) Finished. Attempting to shut down its Selenium driver.
2026-08-24 05:43:45,722 - INFO - [NDTV] (Thread) driver.quit() successful.
2026-08-24 05:43:46,418 - INFO - [Times of India] Success with 'selenium_browser'. Found content (1114 words).
2026-08-24 05:43:46,611 - INFO - [Wired] Article: https://www.wired.com/story/nordvpn-coupon/
2026-08-24 05:43:46,611 - INFO - [Wired] Attempt 1/2: Trying with 'requests_browser' strategy...
2026-08-24 05:43:46,776 - ERROR - parsed tree length: 1, wrong data type or not valid HTML
2026-08-24 05:43:46,777 - ERROR - empty HTML tree: None
2026-08-24 05:43:46,777 - WARNING - discarding data: None
2026-08-24 05:43:46,777 - WARNING - [Wired] FAILED with 'requests_browser' (content was too short: 0 words).
2026-08-24 05:43:49,071 - INFO - [Wired] Article: https://www.wired.com/story/nordvpn-coupon/
2026-08-24 05:43:49,071 - INFO - [Wired] Attempt 2/2: Trying with 'selenium_browser' strategy...
2026-08-24 05:43:50,640 - INFO - [The Hindu] Page content loaded.
2026-08-24 05:43:50,661 - INFO - >>> SUCCESSFULLY SAVED [ID: 112470] - After months of tracking, volunteers found five leopard cats breeding in Changi’s forest, but Terminal 5 construction is forcing them to relocate | - The Times of India from Times of India (1114 words)
2026-08-24 05:43:50,697 - INFO - [Al Jazeera] Page content loaded.
2026-08-24 05:43:50,815 - INFO - [Economic Times] Success with 'selenium_browser'. Found content (615 words).
2026-08-24 05:43:51,152 - WARNING - [Al Jazeera] FAILED with 'selenium_browser' (content was too short: 59 words).
2026-08-24 05:43:51,153 - ERROR - [Al Jazeera] All scrape strategies failed for https://www.aljazeera.com/video/newsfeed/2026/8/23/occupied-west-bank-division-ps?traffic_source=rss. Falling back to RSS description.
2026-08-24 05:43:51,153 - WARNING - SKIPPED (GLOBAL WORD LIMIT): Article 'Is Israel about to split the occupied West Bank in half?' from Al Jazeera has only 22 words (Min: 90).
2026-08-24 05:43:51,195 - INFO - [Times of India] Article: https://timesofindia.indiatimes.com/science/after-years-of-invasive-rats-threatening-island-wildlife-tuvalu-removed-them-from-six-islets-residents-are-now-seeing-birds-and-coconut-crabs-return/articleshow/133451014.cms
2026-08-24 05:43:51,195 - INFO - [Times of India] Attempt 1/1: Trying with 'selenium_browser' strategy...
2026-08-24 05:43:52,770 - INFO - [The Hindu] Success with 'selenium_browser'. Found content (103 words).
2026-08-24 05:43:52,776 - INFO - [Al Jazeera] Article: https://www.aljazeera.com/video/newsfeed/2026/8/23/severe-winds-toss-four-aircraft-across-italian-airport-tarmac?traffic_source=rss
2026-08-24 05:43:52,776 - INFO - [Al Jazeera] Attempt 1/2: Trying with 'requests_browser' strategy...
2026-08-24 05:43:54,183 - ERROR - Error saving article Twitter's India policy head, Mahima Kaul, to step down; will transition in March - The Economic Times: Hrana: `stream error: `Error { message: "SQLite error: UNIQUE constraint failed: articles.url", code: "SQLITE_CONSTRAINT" }``
2026-08-24 05:43:54,183 - INFO - [Wired] Page content loaded.
2026-08-24 05:43:54,406 - WARNING - [Al Jazeera] FAILED with 'requests_browser' (content was too short: 60 words).
2026-08-24 05:43:55,828 - INFO - [Al Jazeera] Article: https://www.aljazeera.com/video/newsfeed/2026/8/23/severe-winds-toss-four-aircraft-across-italian-airport-tarmac?traffic_source=rss
2026-08-24 05:43:55,829 - INFO - [Al Jazeera] Attempt 2/2: Trying with 'selenium_browser' strategy...
2026-08-24 05:43:56,232 - INFO - [Economic Times] Article: https://economictimes.indiatimes.com/tech/tech-and-gadgets/govt-may-keep-rs-7500-cr-outlay-for-it-hardware-manufacturing-under-pli-scheme/articleshow/80333429.cms
2026-08-24 05:43:56,232 - INFO - [Economic Times] Attempt 1/2: Trying with 'requests_browser' strategy...
2026-08-24 05:43:57,375 - INFO - >>> SUCCESSFULLY SAVED [ID: 112472] - Shigellosis cases open up a new AMR challenge in Keralam - The Hindu from The Hindu (103 words)
2026-08-24 05:43:57,391 - ERROR - parsed tree length: 1, wrong data type or not valid HTML
2026-08-24 05:43:57,395 - ERROR - empty HTML tree: None
2026-08-24 05:43:57,395 - WARNING - discarding data: None
2026-08-24 05:43:57,395 - WARNING - [Economic Times] FAILED with 'requests_browser' (content was too short: 0 words).
2026-08-24 05:43:57,538 - INFO - [Wired] Success with 'selenium_browser'. Found content (1341 words).
2026-08-24 05:43:59,448 - INFO - [Economic Times] Article: https://economictimes.indiatimes.com/tech/tech-and-gadgets/govt-may-keep-rs-7500-cr-outlay-for-it-hardware-manufacturing-under-pli-scheme/articleshow/80333429.cms
2026-08-24 05:43:59,448 - INFO - [Economic Times] Attempt 2/2: Trying with 'selenium_browser' strategy...
2026-08-24 05:43:59,450 - INFO - [Times of India] Page content loaded.
2026-08-24 05:43:59,454 - INFO - [The Hindu] Article: https://www.thehindu.com/news/national/kerala/kerala-forest-officer-booked-over-alleged-misbehaviour-with-women-on-train/article71383183.ece
2026-08-24 05:43:59,454 - INFO - [The Hindu] Attempt 1/1: Trying with 'selenium_browser' strategy...
2026-08-24 05:44:00,805 - ERROR - Error saving article NordVPN Coupons: 75% Off, Plus 3 Months Free in August 2026 | WIRED: Hrana: `stream error: `Error { message: "SQLite error: UNIQUE constraint failed: articles.url", code: "SQLITE_CONSTRAINT" }``
2026-08-24 05:44:00,867 - INFO - [Al Jazeera] Page content loaded.
2026-08-24 05:44:01,012 - INFO - [Times of India] Success with 'selenium_browser'. Found content (961 words).
2026-08-24 05:44:01,063 - WARNING - [Al Jazeera] FAILED with 'selenium_browser' (content was too short: 64 words).
2026-08-24 05:44:01,071 - ERROR - [Al Jazeera] All scrape strategies failed for https://www.aljazeera.com/video/newsfeed/2026/8/23/severe-winds-toss-four-aircraft-across-italian-airport-tarmac?traffic_source=rss. Falling back to RSS description.
2026-08-24 05:44:01,071 - WARNING - SKIPPED (GLOBAL WORD LIMIT): Article 'Severe winds toss four aircraft across Italian airport tarmac' from Al Jazeera has only 16 words (Min: 90).
2026-08-24 05:44:03,683 - INFO - [Wired] Early skip: URL https://www.wired.com/story/ruggable-discount-code/ already exists.
2026-08-24 05:44:03,684 - INFO - [Al Jazeera] Early skip: URL https://www.aljazeera.com/gallery/2026/8/23/photos-indycars-speed-past-washington-landmarks-ahead-of-freedom-250?traffic_source=rss already exists.
2026-08-24 05:44:03,685 - INFO - [Wired] Article: https://www.wired.com/story/hoka-coupon-code/
2026-08-24 05:44:03,685 - INFO - [Wired] Attempt 1/2: Trying with 'requests_browser' strategy...
2026-08-24 05:44:03,688 - INFO - [Al Jazeera] Article: https://www.aljazeera.com/video/newsfeed/2026/8/23/gazas-hospitals-are-running-out-of-oxygen-as-healthcare-nears-collapse?traffic_source=rss
2026-08-24 05:44:03,688 - INFO - [Al Jazeera] Attempt 1/2: Trying with 'requests_browser' strategy...
2026-08-24 05:44:04,853 - INFO - >>> SUCCESSFULLY SAVED [ID: 112474] - After years of invasive rats threatening island wildlife, Tuvalu removed them from six islets; residents are now seeing birds and coconut crabs return﻿ | - The Times of India from Times of India (961 words)
2026-08-24 05:44:04,933 - ERROR - parsed tree length: 1, wrong data type or not valid HTML
2026-08-24 05:44:04,934 - ERROR - empty HTML tree: None
2026-08-24 05:44:04,934 - WARNING - discarding data: None
2026-08-24 05:44:04,934 - WARNING - [Wired] FAILED with 'requests_browser' (content was too short: 0 words).
2026-08-24 05:44:05,057 - WARNING - [Al Jazeera] FAILED with 'requests_browser' (content was too short: 72 words).
2026-08-24 05:44:05,689 - INFO - [Wired] Article: https://www.wired.com/story/hoka-coupon-code/
2026-08-24 05:44:05,689 - INFO - [Wired] Attempt 2/2: Trying with 'selenium_browser' strategy...
2026-08-24 05:44:05,862 - INFO - [Al Jazeera] Article: https://www.aljazeera.com/video/newsfeed/2026/8/23/gazas-hospitals-are-running-out-of-oxygen-as-healthcare-nears-collapse?traffic_source=rss
2026-08-24 05:44:05,862 - INFO - [Al Jazeera] Attempt 2/2: Trying with 'selenium_browser' strategy...
2026-08-24 05:44:06,120 - INFO - [Times of India] Early skip: URL https://timesofindia.indiatimes.com/world/rest-of-world/new-yorks-95-million-flood-plan-will-turn-parks-schoolyards-and-streets-into-hidden-stormwater-storage-an-underground-defence-against-extreme-rainfall/articleshow/133450584.cms already exists.
2026-08-24 05:44:06,127 - INFO - [Times of India] Early skip: URL https://timesofindia.indiatimes.com/world/middle-east/israel-accuses-gaza-of-launching-drones-balloons-and-kites-responds-with-two-airstrikes-killing-four-year-old/articleshow/133450563.cms already exists.
2026-08-24 05:44:06,128 - INFO - [Times of India] Early skip: URL https://timesofindia.indiatimes.com/world/uk/uk-pm-burnham-to-visit-kyiv-as-ukraine-turns-35-britain-to-boost-long-range-strike-capability/articleshow/133450133.cms already exists.
2026-08-24 05:44:06,130 - INFO - [Times of India] Article: https://timesofindia.indiatimes.com/world/china/did-not-meet-launch-conditions-chinas-unmanned-moon-mission-delayed-last-minutehl/articleshow/133449841.cms
2026-08-24 05:44:06,130 - INFO - [Times of India] Attempt 1/1: Trying with 'selenium_browser' strategy...
2026-08-24 05:44:07,803 - INFO - [The Hindu] Page content loaded.
2026-08-24 05:44:08,933 - INFO - [The Hindu] Success with 'selenium_browser'. Found content (225 words).
2026-08-24 05:44:13,049 - INFO - >>> SUCCESSFULLY SAVED [ID: 112475] - Kerala Forest officer booked over alleged misbehaviour with women on train - The Hindu from The Hindu (225 words)
2026-08-24 05:44:13,702 - INFO - [The Hindu] Article: https://www.thehindu.com/news/national/odisha/odisha-govt-rejects-opposition-demand-for-special-assembly-session-on-mining-bill/article71383180.ece
2026-08-24 05:44:13,703 - INFO - [The Hindu] Attempt 1/1: Trying with 'selenium_browser' strategy...
2026-08-24 05:44:15,300 - INFO - [Al Jazeera] Page content loaded.
2026-08-24 05:44:15,836 - WARNING - [Al Jazeera] FAILED with 'selenium_browser' (content was too short: 76 words).
2026-08-24 05:44:15,836 - ERROR - [Al Jazeera] All scrape strategies failed for https://www.aljazeera.com/video/newsfeed/2026/8/23/gazas-hospitals-are-running-out-of-oxygen-as-healthcare-nears-collapse?traffic_source=rss. Falling back to RSS description.
2026-08-24 05:44:15,836 - WARNING - SKIPPED (GLOBAL WORD LIMIT): Article 'Gaza’s hospitals are running out of oxygen as healthcare nears collapse' from Al Jazeera has only 17 words (Min: 90).
2026-08-24 05:44:16,758 - INFO - [Al Jazeera] Article: https://www.aljazeera.com/video/newsfeed/2026/8/23/two-killed-after-giant-ganesha-statue-collapses-onto-crowd-in-mumbai?traffic_source=rss
2026-08-24 05:44:16,758 - INFO - [Al Jazeera] Attempt 1/2: Trying with 'requests_browser' strategy...
2026-08-24 05:44:16,979 - WARNING - [Al Jazeera] FAILED with 'requests_browser' (content was too short: 74 words).
2026-08-24 05:44:17,854 - INFO - [Al Jazeera] Article: https://www.aljazeera.com/video/newsfeed/2026/8/23/two-killed-after-giant-ganesha-statue-collapses-onto-crowd-in-mumbai?traffic_source=rss
2026-08-24 05:44:17,855 - INFO - [Al Jazeera] Attempt 2/2: Trying with 'selenium_browser' strategy...
2026-08-24 05:44:22,039 - INFO - [Wired] Page content loaded.
2026-08-24 05:44:22,271 - INFO - [Economic Times] Page content loaded.
2026-08-24 05:44:22,801 - INFO - [Al Jazeera] Page content loaded.
2026-08-24 05:44:23,559 - WARNING - [Al Jazeera] FAILED with 'selenium_browser' (content was too short: 78 words).
2026-08-24 05:44:23,559 - ERROR - [Al Jazeera] All scrape strategies failed for https://www.aljazeera.com/video/newsfeed/2026/8/23/two-killed-after-giant-ganesha-statue-collapses-onto-crowd-in-mumbai?traffic_source=rss. Falling back to RSS description.
2026-08-24 05:44:23,559 - WARNING - SKIPPED (GLOBAL WORD LIMIT): Article 'Two killed after giant Ganesha statue collapses onto crowd in Mumbai' from Al Jazeera has only 19 words (Min: 90).
2026-08-24 05:44:23,661 - INFO - [Economic Times] Success with 'selenium_browser'. Found content (481 words).
2026-08-24 05:44:24,329 - INFO - [Wired] Success with 'selenium_browser'. Found content (1093 words).
2026-08-24 05:44:24,463 - INFO - [Al Jazeera] Early skip: URL https://www.aljazeera.com/video/the-india-report/2026/8/23/zhou-bo-chinas-alternative-to-western-power?traffic_source=rss already exists.
2026-08-24 05:44:24,513 - INFO - [Al Jazeera] Article: https://www.aljazeera.com/video/newsfeed/2026/8/23/23-08-sv-nablus-killing-teen-ps-fm?traffic_source=rss
2026-08-24 05:44:24,513 - INFO - [Al Jazeera] Attempt 1/2: Trying with 'requests_browser' strategy...
2026-08-24 05:44:24,842 - WARNING - [Al Jazeera] FAILED with 'requests_browser' (content was too short: 71 words).
2026-08-24 05:44:26,701 - INFO - [Al Jazeera] Article: https://www.aljazeera.com/video/newsfeed/2026/8/23/23-08-sv-nablus-killing-teen-ps-fm?traffic_source=rss
2026-08-24 05:44:26,702 - INFO - [Al Jazeera] Attempt 2/2: Trying with 'selenium_browser' strategy...
2026-08-24 05:44:26,702 - WARNING - [The Hindu] Page explicit wait timed out (3s). Proceeding anyway.
2026-08-24 05:44:28,025 - ERROR - Error saving article Govt may keep Rs 7,500 cr outlay for IT hardware manufacturing under PLI scheme - The Economic Times: Hrana: `stream error: `Error { message: "SQLite error: UNIQUE constraint failed: articles.url", code: "SQLITE_CONSTRAINT" }``
2026-08-24 05:44:29,845 - INFO - [Economic Times] Article: https://economictimes.indiatimes.com/tech/technology/indian-dating-apps-services-see-surge-of-paying-users-in-small-cities/articleshow/80063342.cms
2026-08-24 05:44:30,291 - INFO - [Economic Times] Attempt 1/2: Trying with 'requests_browser' strategy...
2026-08-24 05:44:31,200 - ERROR - Error saving article Hoka Coupon Codes: 30% Off in August 2026 | WIRED: Hrana: `stream error: `Error { message: "SQLite error: UNIQUE constraint failed: articles.url", code: "SQLITE_CONSTRAINT" }``
2026-08-24 05:44:31,213 - ERROR - parsed tree length: 1, wrong data type or not valid HTML
2026-08-24 05:44:31,213 - ERROR - empty HTML tree: None
2026-08-24 05:44:31,213 - WARNING - discarding data: None
2026-08-24 05:44:31,213 - WARNING - [Economic Times] FAILED with 'requests_browser' (content was too short: 0 words).
2026-08-24 05:44:32,100 - INFO - [Economic Times] Article: https://economictimes.indiatimes.com/tech/technology/indian-dating-apps-services-see-surge-of-paying-users-in-small-cities/articleshow/80063342.cms
2026-08-24 05:44:32,101 - INFO - [Economic Times] Attempt 2/2: Trying with 'selenium_browser' strategy...
2026-08-24 05:44:32,365 - INFO - [Wired] Article: https://www.wired.com/story/valvoline-coupons/
2026-08-24 05:44:32,366 - INFO - [Wired] Attempt 1/2: Trying with 'requests_browser' strategy...
2026-08-24 05:44:32,507 - ERROR - parsed tree length: 1, wrong data type or not valid HTML
2026-08-24 05:44:32,508 - ERROR - empty HTML tree: None
2026-08-24 05:44:32,509 - WARNING - discarding data: None
2026-08-24 05:44:32,509 - WARNING - [Wired] FAILED with 'requests_browser' (content was too short: 0 words).
2026-08-24 05:44:33,219 - INFO - [Wired] Article: https://www.wired.com/story/valvoline-coupons/
2026-08-24 05:44:33,219 - INFO - [Wired] Attempt 2/2: Trying with 'selenium_browser' strategy...
2026-08-24 05:44:35,640 - INFO - [Times of India] Page content loaded.
2026-08-24 05:44:35,746 - INFO - [Economic Times] Page content loaded.
2026-08-24 05:44:36,174 - ERROR - [The Hindu] Request failed for strategy 'selenium_browser' on URL https://www.thehindu.com/news/national/odisha/odisha-govt-rejects-opposition-demand-for-special-assembly-session-on-mining-bill/article71383180.ece: Message: timeout: Timed out receiving message from renderer: 7.000
  (Session info: chrome=152.0.7977.54)
Stacktrace:
#0 0x55b0c6ba328a <unknown>
#1 0x55b0c6507ad9 <unknown>
#2 0x55b0c64ef56b <unknown>
#3 0x55b0c64ef1e6 <unknown>
#4 0x55b0c64ecdc8 <unknown>
#5 0x55b0c64ed74f <unknown>
#6 0x55b0c64fc810 <unknown>
#7 0x55b0c6516767 <unknown>
#8 0x55b0c651e13b <unknown>
#9 0x55b0c64edea9 <unknown>
#10 0x55b0c65164c2 <unknown>
#11 0x55b0c65a5a96 <unknown>
#12 0x55b0c6550e6b <unknown>
#13 0x55b0c6551c51 <unknown>
#14 0x55b0c6b677b0 <unknown>
#15 0x55b0c6b65e2a <unknown>
#16 0x55b0c6b50ba5 <unknown>
#17 0x55b0c6b66aea <unknown>
#18 0x55b0c6b39df0 <unknown>
#19 0x55b0c6b8e178 <unknown>
#20 0x55b0c6b8e315 <unknown>
#21 0x55b0c6ba1e13 <unknown>
#22 0x7fce04e9cb84 <unknown>
#23 0x7fce04f29d6c <unknown>

2026-08-24 05:44:36,174 - ERROR - [The Hindu] All scrape strategies failed for https://www.thehindu.com/news/national/odisha/odisha-govt-rejects-opposition-demand-for-special-assembly-session-on-mining-bill/article71383180.ece. Falling back to RSS description.
2026-08-24 05:44:36,174 - WARNING - SKIPPED (GLOBAL WORD LIMIT): Article 'Odisha govt rejects Opposition demand for special Assembly session on mining Bill' from The Hindu has only 34 words (Min: 90).
2026-08-24 05:44:36,312 - WARNING - [Economic Times] FAILED with 'selenium_browser' (content was too short: 84 words).
2026-08-24 05:44:36,312 - ERROR - [Economic Times] All scrape strategies failed for https://economictimes.indiatimes.com/tech/technology/indian-dating-apps-services-see-surge-of-paying-users-in-small-cities/articleshow/80063342.cms. Falling back to RSS description.
2026-08-24 05:44:36,313 - WARNING - SKIPPED (GLOBAL WORD LIMIT): Article 'Indian dating apps, services see surge of paying users in small cities ' from Economic Times has only 54 words (Min: 90).
2026-08-24 05:44:37,513 - INFO - [Economic Times] Article: https://economictimes.indiatimes.com/tech/technology/time-for-govt-cos-to-adopt-ai-deloitte-india/articleshow/79981215.cms
2026-08-24 05:44:37,513 - INFO - [Economic Times] Attempt 1/2: Trying with 'requests_browser' strategy...
2026-08-24 05:44:37,525 - INFO - [The Hindu] Early skip: URL https://www.thehindu.com/news/national/maharashtra/chlorine-gas-leaks-at-water-treatment-plant-in-nagpur-several-hospitalised/article71383176.ece already exists.
2026-08-24 05:44:37,529 - INFO - [The Hindu] Article: https://www.thehindu.com/news/cities/mumbai/footballers-coaches-protest-bmc-proposal-to-turn-bandra-ground-into-convention-centre/article71382038.ece
2026-08-24 05:44:37,529 - INFO - [The Hindu] Attempt 1/1: Trying with 'selenium_browser' strategy...
2026-08-24 05:44:37,870 - ERROR - parsed tree length: 1, wrong data type or not valid HTML
2026-08-24 05:44:37,870 - ERROR - empty HTML tree: None
2026-08-24 05:44:37,870 - WARNING - discarding data: None
2026-08-24 05:44:37,870 - WARNING - [Economic Times] FAILED with 'requests_browser' (content was too short: 0 words).
2026-08-24 05:44:37,945 - INFO - [Al Jazeera] Page content loaded.
2026-08-24 05:44:38,439 - WARNING - [Al Jazeera] FAILED with 'selenium_browser' (content was too short: 75 words).
2026-08-24 05:44:38,448 - ERROR - [Al Jazeera] All scrape strategies failed for https://www.aljazeera.com/video/newsfeed/2026/8/23/23-08-sv-nablus-killing-teen-ps-fm?traffic_source=rss. Falling back to RSS description.
2026-08-24 05:44:38,448 - WARNING - SKIPPED (GLOBAL WORD LIMIT): Article 'Palestinian teen killed in Israeli raid buried in Occupied West Bank' from Al Jazeera has only 19 words (Min: 90).
2026-08-24 05:44:38,450 - INFO - [Economic Times] Article: https://economictimes.indiatimes.com/tech/technology/time-for-govt-cos-to-adopt-ai-deloitte-india/articleshow/79981215.cms
2026-08-24 05:44:38,450 - INFO - [Economic Times] Attempt 2/2: Trying with 'selenium_browser' strategy...
2026-08-24 05:44:39,305 - INFO - [Al Jazeera] Article: https://www.aljazeera.com/video/newsfeed/2026/8/23/video-thousands-of-families-flee-fighting-in-sudans-north-kordofan-state?traffic_source=rss
2026-08-24 05:44:39,305 - INFO - [Al Jazeera] Attempt 1/2: Trying with 'requests_browser' strategy...
2026-08-24 05:44:39,443 - WARNING - [Al Jazeera] FAILED with 'requests_browser' (content was too short: 59 words).
2026-08-24 05:44:40,293 - INFO - [Al Jazeera] Article: https://www.aljazeera.com/video/newsfeed/2026/8/23/video-thousands-of-families-flee-fighting-in-sudans-north-kordofan-state?traffic_source=rss
2026-08-24 05:44:40,293 - INFO - [Al Jazeera] Attempt 2/2: Trying with 'selenium_browser' strategy...
2026-08-24 05:44:40,664 - INFO - [Wired] Page content loaded.
2026-08-24 05:44:41,672 - INFO - [Economic Times] Page content loaded.
2026-08-24 05:44:42,095 - INFO - [Times of India] Success with 'selenium_browser'. Found content (368 words).
2026-08-24 05:44:42,321 - INFO - [Wired] Success with 'selenium_browser'. Found content (863 words).
2026-08-24 05:44:42,485 - WARNING - [Economic Times] FAILED with 'selenium_browser' (content was too short: 74 words).
2026-08-24 05:44:42,516 - ERROR - [Economic Times] All scrape strategies failed for https://economictimes.indiatimes.com/tech/technology/time-for-govt-cos-to-adopt-ai-deloitte-india/articleshow/79981215.cms. Falling back to RSS description.
2026-08-24 05:44:42,517 - WARNING - SKIPPED (GLOBAL WORD LIMIT): Article 'Time for government, companies to adopt artificial intelligence: Deloitte India ' from Economic Times has only 49 words (Min: 90).
2026-08-24 05:44:44,269 - INFO - [Economic Times] Article: https://economictimes.indiatimes.com/news/international/world-news/trump-announces-a-deal-for-hamas-to-disarm-in-gaza-but-many-hurdles-and-uncertainty-remain/articleshow/132753009.cms
2026-08-24 05:44:44,278 - INFO - [Economic Times] Attempt 1/2: Trying with 'requests_browser' strategy...
2026-08-24 05:44:45,680 - ERROR - Error saving article Valvoline Coupons and Promo Codes for August 2026 | WIRED: Hrana: `stream error: `Error { message: "SQLite error: UNIQUE constraint failed: articles.url", code: "SQLITE_CONSTRAINT" }``
2026-08-24 05:44:45,726 - INFO - [Al Jazeera] Page content loaded.
2026-08-24 05:44:45,805 - INFO - [Economic Times] Success with 'requests_browser'. Found content (1285 words).
2026-08-24 05:44:45,974 - WARNING - [Al Jazeera] FAILED with 'selenium_browser' (content was too short: 63 words).
2026-08-24 05:44:45,974 - ERROR - [Al Jazeera] All scrape strategies failed for https://www.aljazeera.com/video/newsfeed/2026/8/23/video-thousands-of-families-flee-fighting-in-sudans-north-kordofan-state?traffic_source=rss. Falling back to RSS description.
2026-08-24 05:44:45,974 - WARNING - SKIPPED (GLOBAL WORD LIMIT): Article 'Video: Thousands of families flee fighting in Sudan’s North Kordofan State' from Al Jazeera has only 17 words (Min: 90).
2026-08-24 05:44:46,011 - INFO - DEDUPLICATION: Found match (Score: 0.87). Linking to Cluster ID: 5834ddc4-fdf4-47fb-93b0-82a051440e16
2026-08-24 05:44:47,256 - INFO - [Al Jazeera] Early skip: URL https://www.aljazeera.com/video/the-bottom-line/2026/8/23/trump-has-run-out-of-options-in-iran-war-stephen-walt?traffic_source=rss already exists.
2026-08-24 05:44:47,257 - INFO - [Wired] Article: https://www.wired.com/story/canon-promo-code/
2026-08-24 05:44:47,257 - INFO - [Wired] Attempt 1/2: Trying with 'requests_browser' strategy...
2026-08-24 05:44:47,669 - INFO - [Al Jazeera] (Thread) Finished. Attempting to shut down its Selenium driver.
2026-08-24 05:44:48,901 - INFO - >>> SUCCESSFULLY SAVED [ID: 112479] - 'Did not meet launch conditions': China's unmanned moon mission delayed last minute - The Times of India from Times of India (368 words)
2026-08-24 05:44:48,909 - INFO - [Al Jazeera] (Thread) driver.quit() successful.
2026-08-24 05:44:48,912 - ERROR - parsed tree length: 1, wrong data type or not valid HTML
2026-08-24 05:44:48,912 - ERROR - empty HTML tree: None
2026-08-24 05:44:48,912 - WARNING - discarding data: None
2026-08-24 05:44:48,912 - WARNING - [Wired] FAILED with 'requests_browser' (content was too short: 0 words).
2026-08-24 05:44:50,309 - INFO - [Wired] Article: https://www.wired.com/story/canon-promo-code/
2026-08-24 05:44:50,309 - INFO - [Times of India] Early skip: URL https://timesofindia.indiatimes.com/world/us-streamers/tiktoker-ayesha-gilamana-murder-case-takes-shocking-turn-as-police-uncover-family-link/articleshow/133446062.cms already exists.
2026-08-24 05:44:50,739 - INFO - [Wired] Attempt 2/2: Trying with 'selenium_browser' strategy...
2026-08-24 05:44:51,615 - INFO - [Times of India] Early skip: URL https://timesofindia.indiatimes.com/world/us-streamers/twitch-streamer-kameaisweirds-uber-ride-takes-unexpected-turn-after-driver-recognizes-her/articleshow/133446445.cms already exists.
2026-08-24 05:44:51,616 - ERROR - Error saving article Trump announces a deal for Hamas to disarm in Gaza, but many hurdles and uncertainty remain - The Economic Times: Hrana: `stream error: `Error { message: "SQLite error: UNIQUE constraint failed: articles.url", code: "SQLITE_CONSTRAINT" }``
2026-08-24 05:44:51,617 - INFO - [Times of India] Early skip: URL https://timesofindia.indiatimes.com/world/us-streamers/tiktok-food-influencer-doctor-food-arrested-in-lebanon-over-alleged-drug-linked-food-products/articleshow/133446530.cms already exists.
2026-08-24 05:44:51,619 - INFO - [Times of India] Early skip: URL https://timesofindia.indiatimes.com/world/us-streamers/d4vd-murder-investigation-streamer-faces-new-scrutiny-after-chilling-details-about-celestes-death-emerge/articleshow/133448615.cms already exists.
2026-08-24 05:44:51,620 - INFO - [Times of India] Early skip: URL https://timesofindia.indiatimes.com/world/us-streamers/twitch-streamer-hasan-piker-takes-aim-at-erika-kirk-after-we-are-charlie-kirk-controversy-these-guys-are-all-goddamn-grifters/articleshow/133448601.cms already exists.
2026-08-24 05:44:51,621 - INFO - [Times of India] Early skip: URL https://timesofindia.indiatimes.com/world/us/nevada-wildfire-90000-people-face-evacuation-as-state-of-emergency-declared/articleshow/133449186.cms already exists.
2026-08-24 05:44:51,622 - INFO - [Times of India] Early skip: URL https://timesofindia.indiatimes.com/world/uk/a-businessman-bought-a-23000-acre-scottish-sporting-estate-and-spent-two-decades-rewilding-it-one-million-native-trees-later-red-squirrels-have-been-reintroduced/articleshow/133446238.cms already exists.
2026-08-24 05:44:51,625 - INFO - [Times of India] Early skip: URL https://timesofindia.indiatimes.com/world/us/in-2019-florida-began-sinking-mermaid-shaped-reef-sculptures-the-project-now-has-more-than-300-habitat-and-art-modules-in-south-florida/articleshow/133445988.cms already exists.
2026-08-24 05:44:51,626 - INFO - [Times of India] Early skip: URL https://timesofindia.indiatimes.com/world/uk/a-british-couple-bought-a-derelict-85-foot-seven-storey-victorian-water-tower-at-auction-after-years-of-painstaking-work-the-former-asylum-water-supply-became-their-family-home/articleshow/133445009.cms already exists.
2026-08-24 05:44:51,627 - INFO - [Times of India] Early skip: URL https://timesofindia.indiatimes.com/world/uk/wash-rice-twice-not-7-times-drought-hit-england-targets-faith-cultural-habits/articleshow/133445641.cms already exists.
2026-08-24 05:44:51,629 - INFO - [Times of India] (Thread) Finished. Attempting to shut down its Selenium driver.
2026-08-24 05:44:51,785 - WARNING - [The Hindu] Page get timed out (7s). Proceeding to grab partial source anyway.
2026-08-24 05:44:51,839 - INFO - [Times of India] (Thread) driver.quit() successful.
2026-08-24 05:44:52,634 - INFO - [Economic Times] Article: https://economictimes.indiatimes.com/news/new-updates/in-1943-us-built-an-entire-city-and-it-didnt-exist-on-a-single-map/articleshow/132659427.cms
2026-08-24 05:44:52,634 - INFO - [Economic Times] Attempt 1/2: Trying with 'requests_browser' strategy...
2026-08-24 05:44:52,812 - INFO - [Wired] Page content loaded.
2026-08-24 05:44:52,961 - INFO - [Economic Times] Success with 'requests_browser'. Found content (688 words).
2026-08-24 05:44:53,573 - INFO - [Wired] Success with 'selenium_browser'. Found content (1262 words).
2026-08-24 05:44:56,415 - ERROR - Error saving article In 1943, US built an entire city, and it didn't exist on a single map - The Economic Times: Hrana: `stream error: `Error { message: "SQLite error: UNIQUE constraint failed: articles.url", code: "SQLITE_CONSTRAINT" }``
2026-08-24 05:44:58,153 - INFO - [Economic Times] Article: https://economictimes.indiatimes.com/news/new-updates/humans-have-a-third-eye-in-the-brain-study-links-it-to-a-600-million-year-old-cyclops-ancestor/articleshow/132655441.cms
2026-08-24 05:44:58,153 - INFO - [Economic Times] Attempt 1/2: Trying with 'requests_browser' strategy...
2026-08-24 05:44:59,167 - ERROR - Error saving article 30% Off Canon Promo Codes | August 2026 | WIRED: Hrana: `stream error: `Error { message: "SQLite error: UNIQUE constraint failed: articles.url", code: "SQLITE_CONSTRAINT" }``
2026-08-24 05:44:59,168 - WARNING - [The Hindu] Page explicit wait timed out (3s). Proceeding anyway.
2026-08-24 05:44:59,201 - INFO - [Economic Times] Success with 'requests_browser'. Found content (593 words).
2026-08-24 05:45:00,659 - INFO - [Wired] Article: https://www.wired.com/story/meta-quest-promo-code/
2026-08-24 05:45:01,089 - INFO - [Wired] Attempt 1/2: Trying with 'requests_browser' strategy...
2026-08-24 05:45:02,097 - ERROR - Error saving article Humans have a 'third eye' in the brain: Study links it to a 600-million-year-old Cyclops ancestor - The Economic Times: Hrana: `stream error: `Error { message: "SQLite error: UNIQUE constraint failed: articles.url", code: "SQLITE_CONSTRAINT" }``
2026-08-24 05:45:02,112 - ERROR - parsed tree length: 1, wrong data type or not valid HTML
2026-08-24 05:45:02,113 - ERROR - empty HTML tree: None
2026-08-24 05:45:02,113 - WARNING - discarding data: None
2026-08-24 05:45:02,113 - WARNING - [Wired] FAILED with 'requests_browser' (content was too short: 0 words).
2026-08-24 05:45:02,805 - INFO - [Wired] Article: https://www.wired.com/story/meta-quest-promo-code/
2026-08-24 05:45:02,805 - INFO - [Wired] Attempt 2/2: Trying with 'selenium_browser' strategy...
2026-08-24 05:45:02,970 - INFO - [Economic Times] Article: https://economictimes.indiatimes.com/news/new-updates/1500-ships-trapped-in-gulf-of-hormuz-is-quietly-multiplying-an-underwater-army-that-could-unleash-worlds-biggest-bioinvasion-event/articleshow/132595366.cms
2026-08-24 05:45:02,970 - INFO - [Economic Times] Attempt 1/2: Trying with 'requests_browser' strategy...
2026-08-24 05:45:03,362 - INFO - [Economic Times] Success with 'requests_browser'. Found content (680 words).
2026-08-24 05:45:06,119 - INFO - [Wired] Page content loaded.
2026-08-24 05:45:06,119 - ERROR - Error saving article 1,500 ships trapped in Gulf of Hormuz are quietly multiplying an underwater army that could unleash World's biggest bioinvasion event - The Economic Times: Hrana: `stream error: `Error { message: "SQLite error: UNIQUE constraint failed: articles.url", code: "SQLITE_CONSTRAINT" }``
2026-08-24 05:45:06,179 - ERROR - [The Hindu] Request failed for strategy 'selenium_browser' on URL https://www.thehindu.com/news/cities/mumbai/footballers-coaches-protest-bmc-proposal-to-turn-bandra-ground-into-convention-centre/article71382038.ece: Message: timeout: Timed out receiving message from renderer: 7.000
  (Session info: chrome=152.0.7977.54)
Stacktrace:
#0 0x55b0c6ba328a <unknown>
#1 0x55b0c6507ad9 <unknown>
#2 0x55b0c64ef56b <unknown>
#3 0x55b0c64ef1e6 <unknown>
#4 0x55b0c64ecdc8 <unknown>
#5 0x55b0c64ed74f <unknown>
#6 0x55b0c64fc810 <unknown>
#7 0x55b0c6516767 <unknown>
#8 0x55b0c651e13b <unknown>
#9 0x55b0c64edea9 <unknown>
#10 0x55b0c65164c2 <unknown>
#11 0x55b0c65a5a96 <unknown>
#12 0x55b0c6550e6b <unknown>
#13 0x55b0c6551c51 <unknown>
#14 0x55b0c6b677b0 <unknown>
#15 0x55b0c6b65e2a <unknown>
#16 0x55b0c6b50ba5 <unknown>
#17 0x55b0c6b66aea <unknown>
#18 0x55b0c6b39df0 <unknown>
#19 0x55b0c6b8e178 <unknown>
#20 0x55b0c6b8e315 <unknown>
#21 0x55b0c6ba1e13 <unknown>
#22 0x7fce04e9cb84 <unknown>
#23 0x7fce04f29d6c <unknown>

2026-08-24 05:45:06,179 - ERROR - [The Hindu] All scrape strategies failed for https://www.thehindu.com/news/cities/mumbai/footballers-coaches-protest-bmc-proposal-to-turn-bandra-ground-into-convention-centre/article71382038.ece. Falling back to RSS description.
2026-08-24 05:45:06,179 - WARNING - SKIPPED (GLOBAL WORD LIMIT): Article 'Footballers, coaches protest BMC proposal to turn Bandra ground into convention centre' from The Hindu has only 12 words (Min: 90).
2026-08-24 05:45:06,407 - INFO - [Wired] Success with 'selenium_browser'. Found content (1201 words).
2026-08-24 05:45:08,015 - INFO - [Economic Times] Article: https://economictimes.indiatimes.com/news/new-updates/argentina-vs-spain-fifa-world-cup-final-to-be-replayed-petition-for-a-rematch-crosses-60000-signatures/articleshow/132576024.cms
2026-08-24 05:45:08,015 - INFO - [The Hindu] Early skip: URL https://www.thehindu.com/news/national/those-against-reservation-should-be-booked-for-sedition-union-minister-ramdas-athawale/article71383159.ece already exists.
2026-08-24 05:45:08,503 - INFO - [Economic Times] Attempt 1/2: Trying with 'requests_browser' strategy...
2026-08-24 05:45:08,505 - INFO - [The Hindu] Article: https://www.thehindu.com/news/national/kerala/kerala-hc-directs-strict-action-against-illegal-vehicle-modifications/article71381832.ece
2026-08-24 05:45:08,505 - INFO - [The Hindu] Attempt 1/1: Trying with 'selenium_browser' strategy...
2026-08-24 05:45:09,494 - ERROR - Error saving article Meta Quest Promo Codes and Coupons for August 2026 | WIRED: Hrana: `stream error: `Error { message: "SQLite error: UNIQUE constraint failed: articles.url", code: "SQLITE_CONSTRAINT" }``
2026-08-24 05:45:09,588 - INFO - [Economic Times] Success with 'requests_browser'. Found content (235 words).
2026-08-24 05:45:10,915 - INFO - [Wired] Article: https://www.wired.com/story/bh-photo-coupon/
2026-08-24 05:45:10,916 - INFO - [Wired] Attempt 1/2: Trying with 'requests_browser' strategy...
2026-08-24 05:45:12,134 - ERROR - Error saving article Argentina vs Spain FIFA World Cup Final to be replayed? Petition for a rematch crosses 60,000 signatures - The Economic Times: Hrana: `stream error: `Error { message: "SQLite error: UNIQUE constraint failed: articles.url", code: "SQLITE_CONSTRAINT" }``
2026-08-24 05:45:12,152 - ERROR - parsed tree length: 1, wrong data type or not valid HTML
2026-08-24 05:45:12,153 - ERROR - empty HTML tree: None
2026-08-24 05:45:12,153 - WARNING - discarding data: None
2026-08-24 05:45:12,153 - WARNING - [Wired] FAILED with 'requests_browser' (content was too short: 0 words).
2026-08-24 05:45:13,135 - INFO - [Wired] Article: https://www.wired.com/story/bh-photo-coupon/
2026-08-24 05:45:13,135 - INFO - [Wired] Attempt 2/2: Trying with 'selenium_browser' strategy...
2026-08-24 05:45:13,379 - INFO - [Economic Times] Article: https://economictimes.indiatimes.com/news/new-updates/he-baked-potato-in-aluminium-foil-and-ate-it-next-morning-after-microwaving-it-hours-later-he-was-paralysed-doctor-explains-why/articleshow/132574269.cms
2026-08-24 05:45:13,379 - INFO - [Economic Times] Attempt 1/2: Trying with 'requests_browser' strategy...
2026-08-24 05:45:13,841 - INFO - [Economic Times] Success with 'requests_browser'. Found content (565 words).
2026-08-24 05:45:16,537 - INFO - [Wired] Page content loaded.
2026-08-24 05:45:16,537 - ERROR - Error saving article He baked potato in aluminium foil, and ate it next morning after microwaving. Hours later, he was paralysed, doctor explains why - The Economic Times: Hrana: `stream error: `Error { message: "SQLite error: UNIQUE constraint failed: articles.url", code: "SQLITE_CONSTRAINT" }``
2026-08-24 05:45:16,878 - INFO - [Wired] Success with 'selenium_browser'. Found content (934 words).
2026-08-24 05:45:18,331 - INFO - [Economic Times] Article: https://economictimes.indiatimes.com/news/elections/assembly-elections/assam/done-deal-cm-himanta-biswa-sarma-on-nda-seat-sharing-for-assam-polls/articleshow/128678098.cms
2026-08-24 05:45:18,331 - INFO - [Economic Times] Attempt 1/2: Trying with 'requests_browser' strategy...
2026-08-24 05:45:19,592 - ERROR - Error saving article B&H Photo Promo Codes and Deals This August 2026 | WIRED: Hrana: `stream error: `Error { message: "SQLite error: UNIQUE constraint failed: articles.url", code: "SQLITE_CONSTRAINT" }``
2026-08-24 05:45:19,614 - INFO - [Economic Times] Success with 'requests_browser'. Found content (518 words).
2026-08-24 05:45:20,965 - INFO - [Wired] Article: https://www.wired.com/story/ray-ban-promo-code/
2026-08-24 05:45:21,373 - INFO - [Wired] Attempt 1/2: Trying with 'requests_browser' strategy...
2026-08-24 05:45:22,355 - ERROR - Error saving article 'Done deal': CM Himanta Biswa Sarma on NDA seat-sharing for Assam polls - The Economic Times: Hrana: `stream error: `Error { message: "SQLite error: UNIQUE constraint failed: articles.url", code: "SQLITE_CONSTRAINT" }``
2026-08-24 05:45:22,368 - ERROR - parsed tree length: 1, wrong data type or not valid HTML
2026-08-24 05:45:22,368 - ERROR - empty HTML tree: None
2026-08-24 05:45:22,368 - WARNING - discarding data: None
2026-08-24 05:45:22,368 - WARNING - [Wired] FAILED with 'requests_browser' (content was too short: 0 words).
2026-08-24 05:45:23,223 - INFO - [Wired] Article: https://www.wired.com/story/ray-ban-promo-code/
2026-08-24 05:45:23,223 - INFO - [Wired] Attempt 2/2: Trying with 'selenium_browser' strategy...
2026-08-24 05:45:23,400 - INFO - [Economic Times] Article: https://economictimes.indiatimes.com/news/elections/assembly-elections/bihar/rare-intensive-revision-in-bihar-four-months-before-polls/articleshow/122167501.cms
2026-08-24 05:45:23,401 - INFO - [Economic Times] Attempt 1/2: Trying with 'requests_browser' strategy...
2026-08-24 05:45:23,551 - WARNING - [The Hindu] Page get timed out (7s). Proceeding to grab partial source anyway.
2026-08-24 05:45:23,779 - INFO - [Economic Times] Success with 'requests_browser'. Found content (864 words).
2026-08-24 05:45:25,571 - INFO - [Wired] Page content loaded.
2026-08-24 05:45:26,365 - ERROR - Error saving article Rare 'intensive' revision in Bihar four months before polls - The Economic Times: Hrana: `stream error: `Error { message: "SQLite error: UNIQUE constraint failed: articles.url", code: "SQLITE_CONSTRAINT" }``
2026-08-24 05:45:26,749 - INFO - [Wired] Success with 'selenium_browser'. Found content (839 words).
2026-08-24 05:45:28,113 - INFO - [Economic Times] Article: https://economictimes.indiatimes.com/news/elections/assembly-elections/delhi/bjp-accuses-kejriwal-of-sending-voters-hoax-calls-to-mislead/articleshow/117579007.cms
2026-08-24 05:45:28,113 - INFO - [Economic Times] Attempt 1/2: Trying with 'requests_browser' strategy...
2026-08-24 05:45:29,491 - ERROR - Error saving article Ray-Ban Promo Codes: Save 50% in August 2026 | WIRED: Hrana: `stream error: `Error { message: "SQLite error: UNIQUE constraint failed: articles.url", code: "SQLITE_CONSTRAINT" }``
2026-08-24 05:45:29,513 - INFO - [Economic Times] Success with 'requests_browser'. Found content (550 words).
2026-08-24 05:45:30,921 - INFO - [Wired] Article: https://www.wired.com/story/home-depot-promo-code/
2026-08-24 05:45:31,353 - WARNING - [The Hindu] Page explicit wait timed out (3s). Proceeding anyway.
2026-08-24 05:45:31,353 - INFO - [Wired] Attempt 1/2: Trying with 'requests_browser' strategy...
2026-08-24 05:45:32,214 - ERROR - Error saving article BJP accuses Kejriwal of sending voters hoax calls to mislead - The Economic Times: Hrana: `stream error: `Error { message: "SQLite error: UNIQUE constraint failed: articles.url", code: "SQLITE_CONSTRAINT" }``
2026-08-24 05:45:32,321 - ERROR - parsed tree length: 1, wrong data type or not valid HTML
2026-08-24 05:45:32,321 - ERROR - empty HTML tree: None
2026-08-24 05:45:32,321 - WARNING - discarding data: None
2026-08-24 05:45:32,321 - WARNING - [Wired] FAILED with 'requests_browser' (content was too short: 0 words).
2026-08-24 05:45:32,841 - INFO - [Economic Times] Article: https://economictimes.indiatimes.com/news/elections/lok-sabha/india/lok-sabha-election-2024-maharashtra-get-interesting-after-splits-in-shiv-sena-ncp/articleshow/108559788.cms
2026-08-24 05:45:32,841 - INFO - [Economic Times] Attempt 1/2: Trying with 'requests_browser' strategy...
2026-08-24 05:45:33,128 - INFO - [Wired] Article: https://www.wired.com/story/home-depot-promo-code/
2026-08-24 05:45:33,129 - INFO - [Wired] Attempt 2/2: Trying with 'selenium_browser' strategy...
2026-08-24 05:45:33,157 - INFO - [Economic Times] Success with 'requests_browser'. Found content (1442 words).
2026-08-24 05:45:35,750 - INFO - [Wired] Page content loaded.
2026-08-24 05:45:35,750 - ERROR - Error saving article Lok Sabha election 2024: Maharashtra get interesting after splits in Shiv Sena, NCP - The Economic Times: Hrana: `stream error: `Error { message: "SQLite error: UNIQUE constraint failed: articles.url", code: "SQLITE_CONSTRAINT" }``
2026-08-24 05:45:36,184 - INFO - [Wired] Success with 'selenium_browser'. Found content (1701 words).
2026-08-24 05:45:37,604 - INFO - [Economic Times] Article: https://economictimes.indiatimes.com/news/elections/lok-sabha/india/modi-charisma-key-factor-in-bjps-bid-to-retain-all-26-seats-in-gujarat/articleshow/108550858.cms
2026-08-24 05:45:38,016 - INFO - [Economic Times] Attempt 1/2: Trying with 'requests_browser' strategy...
2026-08-24 05:45:39,004 - ERROR - Error saving article Home Depot Promo Codes: 30% Off in August 2026 | WIRED: Hrana: `stream error: `Error { message: "SQLite error: UNIQUE constraint failed: articles.url", code: "SQLITE_CONSTRAINT" }``
2026-08-24 05:45:39,028 - INFO - [Economic Times] Success with 'requests_browser'. Found content (838 words).
2026-08-24 05:45:40,391 - INFO - [Wired] Article: https://www.wired.com/story/lenovo-coupon-code/
2026-08-24 05:45:40,391 - INFO - [Wired] Attempt 1/2: Trying with 'requests_browser' strategy...
2026-08-24 05:45:40,393 - ERROR - [The Hindu] Request failed for strategy 'selenium_browser' on URL https://www.thehindu.com/news/national/kerala/kerala-hc-directs-strict-action-against-illegal-vehicle-modifications/article71381832.ece: Message: timeout: Timed out receiving message from renderer: 7.000
  (Session info: chrome=152.0.7977.54)
Stacktrace:
#0 0x55b0c6ba328a <unknown>
#1 0x55b0c6507ad9 <unknown>
#2 0x55b0c64ef56b <unknown>
#3 0x55b0c64ef1e6 <unknown>
#4 0x55b0c64ecdc8 <unknown>
#5 0x55b0c64ed74f <unknown>
#6 0x55b0c64fc810 <unknown>
#7 0x55b0c6516767 <unknown>
#8 0x55b0c651e13b <unknown>
#9 0x55b0c64edea9 <unknown>
#10 0x55b0c65164c2 <unknown>
#11 0x55b0c65a5a96 <unknown>
#12 0x55b0c6550e6b <unknown>
#13 0x55b0c6551c51 <unknown>
#14 0x55b0c6b677b0 <unknown>
#15 0x55b0c6b65e2a <unknown>
#16 0x55b0c6b50ba5 <unknown>
#17 0x55b0c6b66aea <unknown>
#18 0x55b0c6b39df0 <unknown>
#19 0x55b0c6b8e178 <unknown>
#20 0x55b0c6b8e315 <unknown>
#21 0x55b0c6ba1e13 <unknown>
#22 0x7fce04e9cb84 <unknown>
#23 0x7fce04f29d6c <unknown>

2026-08-24 05:45:40,393 - ERROR - [The Hindu] All scrape strategies failed for https://www.thehindu.com/news/national/kerala/kerala-hc-directs-strict-action-against-illegal-vehicle-modifications/article71381832.ece. Falling back to RSS description.
2026-08-24 05:45:40,393 - WARNING - SKIPPED (GLOBAL WORD LIMIT): Article 'Kerala HC directs strict action against illegal vehicle modifications' from The Hindu has only 25 words (Min: 90).
2026-08-24 05:45:41,596 - ERROR - Error saving article Modi charisma key factor in BJP's bid to retain all 26 seats in Gujarat - The Economic Times: Hrana: `stream error: `Error { message: "SQLite error: UNIQUE constraint failed: articles.url", code: "SQLITE_CONSTRAINT" }``
2026-08-24 05:45:41,597 - INFO - [The Hindu] Article: https://www.thehindu.com/news/national/maharashtra/pune-tribal-students-continue-hunger-strike-for-10th-consecutive-day/article71382076.ece
2026-08-24 05:45:41,597 - INFO - [The Hindu] Attempt 1/1: Trying with 'selenium_browser' strategy...
2026-08-24 05:45:41,608 - ERROR - parsed tree length: 1, wrong data type or not valid HTML
2026-08-24 05:45:41,608 - ERROR - empty HTML tree: None
2026-08-24 05:45:41,609 - WARNING - discarding data: None
2026-08-24 05:45:41,609 - WARNING - [Wired] FAILED with 'requests_browser' (content was too short: 0 words).
2026-08-24 05:45:42,219 - INFO - [Wired] Article: https://www.wired.com/story/lenovo-coupon-code/
2026-08-24 05:45:42,219 - INFO - [Wired] Attempt 2/2: Trying with 'selenium_browser' strategy...
2026-08-24 05:45:42,317 - INFO - [Economic Times] Article: https://economictimes.indiatimes.com/news/elections/lok-sabha/india/implementation-of-guarantees-decline-of-brs-favour-congress-in-telangana-bjp-aiming-for-better-show/articleshow/108548569.cms
2026-08-24 05:45:42,317 - INFO - [Economic Times] Attempt 1/2: Trying with 'requests_browser' strategy...
2026-08-24 05:45:43,417 - INFO - [Wired] Page content loaded.
2026-08-24 05:45:43,842 - INFO - [Wired] Success with 'selenium_browser'. Found content (1188 words).
2026-08-24 05:45:46,576 - ERROR - Error saving article Lenovo Coupon Codes: 15% Off in August 2026 | WIRED: Hrana: `stream error: `Error { message: "SQLite error: UNIQUE constraint failed: articles.url", code: "SQLITE_CONSTRAINT" }``
2026-08-24 05:45:46,601 - INFO - [Economic Times] Success with 'requests_browser'. Found content (1272 words).
2026-08-24 05:45:48,206 - INFO - [Wired] Article: https://www.wired.com/story/squarespace-promo-code/
2026-08-24 05:45:48,616 - INFO - [Wired] Attempt 1/2: Trying with 'requests_browser' strategy...
2026-08-24 05:45:49,418 - ERROR - Error saving article Implementation of 'guarantees', decline of BRS favour Congress in Telangana, BJP aiming for better show - The Economic Times: Hrana: `stream error: `Error { message: "SQLite error: UNIQUE constraint failed: articles.url", code: "SQLITE_CONSTRAINT" }``
2026-08-24 05:45:49,430 - ERROR - parsed tree length: 1, wrong data type or not valid HTML
2026-08-24 05:45:49,430 - ERROR - empty HTML tree: None
2026-08-24 05:45:49,431 - WARNING - discarding data: None
2026-08-24 05:45:49,431 - WARNING - [Wired] FAILED with 'requests_browser' (content was too short: 0 words).
2026-08-24 05:45:50,380 - INFO - [Wired] Article: https://www.wired.com/story/squarespace-promo-code/
2026-08-24 05:45:50,380 - INFO - [Wired] Attempt 2/2: Trying with 'selenium_browser' strategy...
2026-08-24 05:45:50,431 - INFO - [Economic Times] Article: https://economictimes.indiatimes.com/traders-bet-on-calendar-spread-as-nifty-moves-in-a-tight-range/articleshow/6302358.cms
2026-08-24 05:45:50,431 - INFO - [Economic Times] Attempt 1/2: Trying with 'requests_browser' strategy...
2026-08-24 05:45:50,894 - ERROR - parsed tree length: 1, wrong data type or not valid HTML
2026-08-24 05:45:50,894 - ERROR - empty HTML tree: None
2026-08-24 05:45:50,894 - WARNING - discarding data: None
2026-08-24 05:45:50,894 - WARNING - [Economic Times] FAILED with 'requests_browser' (content was too short: 0 words).
2026-08-24 05:45:51,443 - INFO - [Wired] Page content loaded.
2026-08-24 05:45:51,830 - INFO - [Wired] Success with 'selenium_browser'. Found content (1343 words).
2026-08-24 05:45:51,896 - INFO - [Economic Times] Article: https://economictimes.indiatimes.com/traders-bet-on-calendar-spread-as-nifty-moves-in-a-tight-range/articleshow/6302358.cms
2026-08-24 05:45:51,896 - INFO - [Economic Times] Attempt 2/2: Trying with 'selenium_browser' strategy...
2026-08-24 05:45:54,620 - ERROR - Error saving article Squarespace Promo Codes: 20% Off in August 2026 | WIRED: Hrana: `stream error: `Error { message: "SQLite error: UNIQUE constraint failed: articles.url", code: "SQLITE_CONSTRAINT" }``
2026-08-24 05:45:54,863 - INFO - [Economic Times] Page content loaded.
2026-08-24 05:45:55,031 - INFO - [Economic Times] Success with 'selenium_browser'. Found content (383 words).
2026-08-24 05:45:55,271 - INFO - [Wired] Early skip: URL https://www.wired.com/review/google-pixel-11/ already exists.
2026-08-24 05:45:55,272 - INFO - [Wired] Early skip: URL https://www.wired.com/story/the-galaxys-fastest-star-could-reveal-the-secrets-of-a-supermassive-black-hole/ already exists.
2026-08-24 05:45:55,274 - INFO - [Wired] Early skip: URL https://www.wired.com/story/china-is-strapping-digital-bombs-to-civilian-infrastructure-is-the-us-ready/ already exists.
2026-08-24 05:45:55,275 - INFO - [Wired] Early skip: URL https://www.wired.com/story/silicon-valley-doesnt-get-why-you-hate-ai/ already exists.
2026-08-24 05:45:55,276 - INFO - [Wired] Early skip: URL https://www.wired.com/review/poolease-x1-pool-robot/ already exists.
2026-08-24 05:45:55,278 - INFO - [Wired] Early skip: URL https://www.wired.com/story/bumble-women-first-rule-change/ already exists.
2026-08-24 05:45:55,279 - INFO - [Wired] Early skip: URL https://www.wired.com/story/best-usb-car-chargers/ already exists.
2026-08-24 05:45:55,280 - INFO - [Wired] Early skip: URL https://www.wired.com/story/a-maga-countys-top-election-official-wants-to-hire-election-denial-superstar-tina-peters/ already exists.
2026-08-24 05:45:55,282 - INFO - [Wired] Early skip: URL https://www.wired.com/story/myplots-jack-schwartz-zane-harwin-teen-parties-after-prom/ already exists.
2026-08-24 05:45:55,283 - INFO - [Wired] Early skip: URL https://www.wired.com/story/salmonella-is-everywhere/ already exists.
2026-08-24 05:45:55,284 - INFO - [Wired] Article: https://www.wired.com/story/peacock-promo-code/
2026-08-24 05:45:55,285 - INFO - [Wired] Attempt 1/2: Trying with 'requests_browser' strategy...
2026-08-24 05:45:56,567 - WARNING - [The Hindu] Page get timed out (7s). Proceeding to grab partial source anyway.
2026-08-24 05:45:57,896 - ERROR - Error saving article Traders bet on calendar spread as Nifty moves in a tight range - The Economic Times: Hrana: `stream error: `Error { message: "SQLite error: UNIQUE constraint failed: articles.url", code: "SQLITE_CONSTRAINT" }``
2026-08-24 05:45:57,900 - ERROR - parsed tree length: 1, wrong data type or not valid HTML
2026-08-24 05:45:57,901 - ERROR - empty HTML tree: None
2026-08-24 05:45:57,901 - WARNING - discarding data: None
2026-08-24 05:45:57,901 - WARNING - [Wired] FAILED with 'requests_browser' (content was too short: 0 words).
2026-08-24 05:45:58,831 - INFO - [Wired] Article: https://www.wired.com/story/peacock-promo-code/
2026-08-24 05:45:58,831 - INFO - [Wired] Attempt 2/2: Trying with 'selenium_browser' strategy...
2026-08-24 05:45:58,999 - INFO - [Economic Times] Article: https://economictimes.indiatimes.com/nifty-may-find-support-at-5300-level/articleshow/6296017.cms
2026-08-24 05:45:59,000 - INFO - [Economic Times] Attempt 1/2: Trying with 'requests_browser' strategy...
2026-08-24 05:45:59,332 - ERROR - parsed tree length: 1, wrong data type or not valid HTML
2026-08-24 05:45:59,333 - ERROR - empty HTML tree: None
2026-08-24 05:45:59,333 - WARNING - discarding data: None
2026-08-24 05:45:59,333 - WARNING - [Economic Times] FAILED with 'requests_browser' (content was too short: 0 words).
2026-08-24 05:46:00,170 - INFO - [Economic Times] Article: https://economictimes.indiatimes.com/nifty-may-find-support-at-5300-level/articleshow/6296017.cms
2026-08-24 05:46:00,170 - INFO - [Economic Times] Attempt 2/2: Trying with 'selenium_browser' strategy...
2026-08-24 05:46:00,983 - INFO - [Wired] Page content loaded.
2026-08-24 05:46:02,182 - INFO - [Wired] Success with 'selenium_browser'. Found content (1733 words).
2026-08-24 05:46:03,928 - WARNING - [The Hindu] Page explicit wait timed out (3s). Proceeding anyway.
2026-08-24 05:46:05,311 - ERROR - Error saving article Peacock Promo Codes: 40% Off August 2026 | WIRED: Hrana: `stream error: `Error { message: "SQLite error: UNIQUE constraint failed: articles.url", code: "SQLITE_CONSTRAINT" }``
2026-08-24 05:46:06,481 - INFO - [Wired] Article: https://www.wired.com/story/turbotax-coupon/
2026-08-24 05:46:06,481 - INFO - [Wired] Attempt 1/2: Trying with 'requests_browser' strategy...
2026-08-24 05:46:06,611 - ERROR - parsed tree length: 1, wrong data type or not valid HTML
2026-08-24 05:46:06,611 - ERROR - empty HTML tree: None
2026-08-24 05:46:06,611 - WARNING - discarding data: None
2026-08-24 05:46:06,612 - WARNING - [Wired] FAILED with 'requests_browser' (content was too short: 0 words).
2026-08-24 05:46:07,452 - INFO - [Wired] Article: https://www.wired.com/story/turbotax-coupon/
2026-08-24 05:46:07,452 - INFO - [Wired] Attempt 2/2: Trying with 'selenium_browser' strategy...
2026-08-24 05:46:10,725 - INFO - [Wired] Page content loaded.
2026-08-24 05:46:10,954 - ERROR - [The Hindu] Request failed for strategy 'selenium_browser' on URL https://www.thehindu.com/news/national/maharashtra/pune-tribal-students-continue-hunger-strike-for-10th-consecutive-day/article71382076.ece: Message: timeout: Timed out receiving message from renderer: 7.000
  (Session info: chrome=152.0.7977.54)
Stacktrace:
#0 0x55b0c6ba328a <unknown>
#1 0x55b0c6507ad9 <unknown>
#2 0x55b0c64ef56b <unknown>
#3 0x55b0c64ef1e6 <unknown>
#4 0x55b0c64ecdc8 <unknown>
#5 0x55b0c64ed74f <unknown>
#6 0x55b0c64fc810 <unknown>
#7 0x55b0c6516767 <unknown>
#8 0x55b0c651e13b <unknown>
#9 0x55b0c64edea9 <unknown>
#10 0x55b0c65164c2 <unknown>
#11 0x55b0c65a5a96 <unknown>
#12 0x55b0c6550e6b <unknown>
#13 0x55b0c6551c51 <unknown>
#14 0x55b0c6b677b0 <unknown>
#15 0x55b0c6b65e2a <unknown>
#16 0x55b0c6b50ba5 <unknown>
#17 0x55b0c6b66aea <unknown>
#18 0x55b0c6b39df0 <unknown>
#19 0x55b0c6b8e178 <unknown>
#20 0x55b0c6b8e315 <unknown>
#21 0x55b0c6ba1e13 <unknown>
#22 0x7fce04e9cb84 <unknown>
#23 0x7fce04f29d6c <unknown>

2026-08-24 05:46:10,955 - ERROR - [The Hindu] All scrape strategies failed for https://www.thehindu.com/news/national/maharashtra/pune-tribal-students-continue-hunger-strike-for-10th-consecutive-day/article71382076.ece. Falling back to RSS description.
2026-08-24 05:46:10,955 - WARNING - SKIPPED (GLOBAL WORD LIMIT): Article 'Pune tribal students continue hunger strike for 10th consecutive day' from The Hindu has only 24 words (Min: 90).
2026-08-24 05:46:11,676 - INFO - [The Hindu] Early skip: URL https://www.thehindu.com/news/international/ajit-doval-wang-yi-meeting-india-china-special-representatives-talks-august-23-2026/article71380342.ece already exists.
2026-08-24 05:46:11,678 - INFO - [The Hindu] Article: https://www.thehindu.com/news/cities/chennai/madras-day-2026-when-national-theatre-brought-cinema-to-the-western-suburbs-of-chennai/article71378536.ece
2026-08-24 05:46:11,678 - INFO - [The Hindu] Attempt 1/1: Trying with 'selenium_browser' strategy...
2026-08-24 05:46:11,911 - INFO - [Wired] Success with 'selenium_browser'. Found content (1406 words).
2026-08-24 05:46:14,889 - ERROR - Error saving article TurboTax Full Service Coupons This August | WIRED: Hrana: `stream error: `Error { message: "SQLite error: UNIQUE constraint failed: articles.url", code: "SQLITE_CONSTRAINT" }``
2026-08-24 05:46:15,248 - INFO - [Economic Times] Page content loaded.
2026-08-24 05:46:15,412 - INFO - [Economic Times] Success with 'selenium_browser'. Found content (411 words).
2026-08-24 05:46:16,779 - INFO - [Wired] Article: https://www.wired.com/story/booking-com-promo-code/
2026-08-24 05:46:16,779 - INFO - [Wired] Attempt 1/2: Trying with 'requests_browser' strategy...
2026-08-24 05:46:18,160 - ERROR - Error saving article Nifty may find support at 5300 level - The Economic Times: Hrana: `stream error: `Error { message: "SQLite error: UNIQUE constraint failed: articles.url", code: "SQLITE_CONSTRAINT" }``
2026-08-24 05:46:18,170 - ERROR - parsed tree length: 1, wrong data type or not valid HTML
2026-08-24 05:46:18,170 - ERROR - empty HTML tree: None
2026-08-24 05:46:18,170 - WARNING - discarding data: None
2026-08-24 05:46:18,170 - WARNING - [Wired] FAILED with 'requests_browser' (content was too short: 0 words).
2026-08-24 05:46:18,701 - INFO - [Wired] Article: https://www.wired.com/story/booking-com-promo-code/
2026-08-24 05:46:18,701 - INFO - [Wired] Attempt 2/2: Trying with 'selenium_browser' strategy...
2026-08-24 05:46:19,409 - INFO - [Economic Times] Article: https://economictimes.indiatimes.com/seven-out-of-top-10-asian-small-cap-funds-are-indian/articleshow/6295976.cms
2026-08-24 05:46:19,409 - INFO - [Economic Times] Attempt 1/2: Trying with 'requests_browser' strategy...
2026-08-24 05:46:19,710 - INFO - [Wired] Page content loaded.
2026-08-24 05:46:20,223 - INFO - [Wired] Success with 'selenium_browser'. Found content (1318 words).
2026-08-24 05:46:23,063 - ERROR - Error saving article Booking.com Promo Codes: 20% Off | August 2026 | WIRED: Hrana: `stream error: `Error { message: "SQLite error: UNIQUE constraint failed: articles.url", code: "SQLITE_CONSTRAINT" }``
2026-08-24 05:46:23,372 - ERROR - parsed tree length: 1, wrong data type or not valid HTML
2026-08-24 05:46:23,372 - ERROR - empty HTML tree: None
2026-08-24 05:46:23,372 - WARNING - discarding data: None
2026-08-24 05:46:23,372 - WARNING - [Economic Times] FAILED with 'requests_browser' (content was too short: 0 words).
2026-08-24 05:46:23,603 - INFO - [Wired] Article: https://www.wired.com/story/nike-promo-code/
2026-08-24 05:46:23,603 - INFO - [Wired] Attempt 1/2: Trying with 'requests_browser' strategy...
2026-08-24 05:46:23,697 - ERROR - parsed tree length: 1, wrong data type or not valid HTML
2026-08-24 05:46:23,697 - ERROR - empty HTML tree: None
2026-08-24 05:46:23,697 - WARNING - discarding data: None
2026-08-24 05:46:23,697 - WARNING - [Wired] FAILED with 'requests_browser' (content was too short: 0 words).
2026-08-24 05:46:24,099 - INFO - [Economic Times] Article: https://economictimes.indiatimes.com/seven-out-of-top-10-asian-small-cap-funds-are-indian/articleshow/6295976.cms
2026-08-24 05:46:24,099 - INFO - [Economic Times] Attempt 2/2: Trying with 'selenium_browser' strategy...
2026-08-24 05:46:24,306 - INFO - [Wired] Article: https://www.wired.com/story/nike-promo-code/
2026-08-24 05:46:24,306 - INFO - [Wired] Attempt 2/2: Trying with 'selenium_browser' strategy...
2026-08-24 05:46:25,723 - WARNING - [The Hindu] Page get timed out (7s). Proceeding to grab partial source anyway.
2026-08-24 05:46:26,090 - INFO - [Economic Times] Page content loaded.
2026-08-24 05:46:26,617 - INFO - [Wired] Page content loaded.
2026-08-24 05:46:26,902 - INFO - [Economic Times] Success with 'selenium_browser'. Found content (607 words).
2026-08-24 05:46:30,073 - ERROR - Error saving article Seven out of top 10 Asian small-cap funds are Indian - The Economic Times: Hrana: `stream error: `Error { message: "SQLite error: UNIQUE constraint failed: articles.url", code: "SQLITE_CONSTRAINT" }``
2026-08-24 05:46:30,078 - INFO - [Wired] Success with 'selenium_browser'. Found content (1115 words).
2026-08-24 05:46:31,698 - INFO - [Economic Times] Article: https://economictimes.indiatimes.com/inflation-reflects-growth-dynamics-in-india-christopher-wood/articleshow/6274053.cms
2026-08-24 05:46:31,698 - INFO - [Economic Times] Attempt 1/2: Trying with 'requests_browser' strategy...
2026-08-24 05:46:33,028 - ERROR - Error saving article Nike Promo Codes and Discounts: 30% for August 2026 | WIRED: Hrana: `stream error: `Error { message: "SQLite error: UNIQUE constraint failed: articles.url", code: "SQLITE_CONSTRAINT" }``
2026-08-24 05:46:33,029 - WARNING - [The Hindu] Page explicit wait timed out (3s). Proceeding anyway.
2026-08-24 05:46:33,036 - ERROR - parsed tree length: 1, wrong data type or not valid HTML
2026-08-24 05:46:33,036 - ERROR - empty HTML tree: None
2026-08-24 05:46:33,036 - WARNING - discarding data: None
2026-08-24 05:46:33,036 - WARNING - [Economic Times] FAILED with 'requests_browser' (content was too short: 0 words).
2026-08-24 05:46:33,586 - INFO - [Economic Times] Article: https://economictimes.indiatimes.com/inflation-reflects-growth-dynamics-in-india-christopher-wood/articleshow/6274053.cms
2026-08-24 05:46:33,586 - INFO - [Economic Times] Attempt 2/2: Trying with 'selenium_browser' strategy...
2026-08-24 05:46:34,136 - INFO - [Wired] (Thread) Finished. Attempting to shut down its Selenium driver.
2026-08-24 05:46:34,249 - INFO - [Wired] (Thread) driver.quit() successful.
2026-08-24 05:46:35,140 - INFO - [Economic Times] Page content loaded.
2026-08-24 05:46:35,396 - INFO - [Economic Times] Success with 'selenium_browser'. Found content (4520 words).
2026-08-24 05:46:38,063 - ERROR - Error saving article Inflation reflects growth dynamics in India: Christopher Wood - The Economic Times: Hrana: `stream error: `Error { message: "SQLite error: UNIQUE constraint failed: articles.url", code: "SQLITE_CONSTRAINT" }``
2026-08-24 05:46:39,058 - INFO - [Economic Times] Article: https://economictimes.indiatimes.com/market-may-trade-in-a-range-but-fiis-seen-sold-on-india/articleshow/6277705.cms
2026-08-24 05:46:39,058 - INFO - [Economic Times] Attempt 1/2: Trying with 'requests_browser' strategy...
2026-08-24 05:46:39,585 - ERROR - parsed tree length: 1, wrong data type or not valid HTML
2026-08-24 05:46:39,585 - ERROR - empty HTML tree: None
2026-08-24 05:46:39,585 - WARNING - discarding data: None
2026-08-24 05:46:39,585 - WARNING - [Economic Times] FAILED with 'requests_browser' (content was too short: 0 words).
2026-08-24 05:46:40,051 - ERROR - [The Hindu] Request failed for strategy 'selenium_browser' on URL https://www.thehindu.com/news/cities/chennai/madras-day-2026-when-national-theatre-brought-cinema-to-the-western-suburbs-of-chennai/article71378536.ece: Message: timeout: Timed out receiving message from renderer: 7.000
  (Session info: chrome=152.0.7977.54)
Stacktrace:
#0 0x55b0c6ba328a <unknown>
#1 0x55b0c6507ad9 <unknown>
#2 0x55b0c64ee205 <unknown>
#3 0x55b0c6515fcb <unknown>
#4 0x55b0c65a5a96 <unknown>
#5 0x55b0c6550e6b <unknown>
#6 0x55b0c6551c51 <unknown>
#7 0x55b0c6b677b0 <unknown>
#8 0x55b0c6b65e2a <unknown>
#9 0x55b0c6b50ba5 <unknown>
#10 0x55b0c6b66aea <unknown>
#11 0x55b0c6b39df0 <unknown>
#12 0x55b0c6b8e178 <unknown>
#13 0x55b0c6b8e315 <unknown>
#14 0x55b0c6ba1e13 <unknown>
#15 0x7fce04e9cb84 <unknown>
#16 0x7fce04f29d6c <unknown>

2026-08-24 05:46:40,051 - ERROR - [The Hindu] All scrape strategies failed for https://www.thehindu.com/news/cities/chennai/madras-day-2026-when-national-theatre-brought-cinema-to-the-western-suburbs-of-chennai/article71378536.ece. Falling back to RSS description.
2026-08-24 05:46:40,051 - WARNING - SKIPPED (GLOBAL WORD LIMIT): Article 'When National Theatre brought cinema to the western suburbs of Chennai' from The Hindu has only 3 words (Min: 90).
2026-08-24 05:46:40,529 - INFO - [Economic Times] Article: https://economictimes.indiatimes.com/market-may-trade-in-a-range-but-fiis-seen-sold-on-india/articleshow/6277705.cms
2026-08-24 05:46:40,529 - INFO - [Economic Times] Attempt 2/2: Trying with 'selenium_browser' strategy...
2026-08-24 05:46:40,974 - INFO - [The Hindu] Article: https://www.thehindu.com/news/national/andhra-pradesh/krishi-vigyan-kendras-transferring-new-agri-tech-to-farmers-says-icar-official/article71381410.ece
2026-08-24 05:46:40,974 - INFO - [The Hindu] Attempt 1/1: Trying with 'selenium_browser' strategy...
2026-08-24 05:46:42,223 - INFO - [Economic Times] Page content loaded.
2026-08-24 05:46:42,318 - INFO - [Economic Times] Success with 'selenium_browser'. Found content (809 words).
2026-08-24 05:46:45,321 - ERROR - Error saving article Market may trade in a range, but FIIs seen sold on India - The Economic Times: Hrana: `stream error: `Error { message: "SQLite error: UNIQUE constraint failed: articles.url", code: "SQLITE_CONSTRAINT" }``
2026-08-24 05:46:46,801 - INFO - [Economic Times] Article: https://economictimes.indiatimes.com/dont-bank-only-on-price-to-earning-ratio/articleshow/6278228.cms
2026-08-24 05:46:46,802 - INFO - [Economic Times] Attempt 1/2: Trying with 'requests_browser' strategy...
2026-08-24 05:46:47,192 - ERROR - parsed tree length: 1, wrong data type or not valid HTML
2026-08-24 05:46:47,192 - ERROR - empty HTML tree: None
2026-08-24 05:46:47,192 - WARNING - discarding data: None
2026-08-24 05:46:47,192 - WARNING - [Economic Times] FAILED with 'requests_browser' (content was too short: 0 words).
2026-08-24 05:46:47,810 - INFO - [Economic Times] Article: https://economictimes.indiatimes.com/dont-bank-only-on-price-to-earning-ratio/articleshow/6278228.cms
2026-08-24 05:46:47,810 - INFO - [Economic Times] Attempt 2/2: Trying with 'selenium_browser' strategy...
2026-08-24 05:46:49,956 - INFO - [Economic Times] Page content loaded.
2026-08-24 05:46:50,099 - INFO - [Economic Times] Success with 'selenium_browser'. Found content (447 words).
2026-08-24 05:46:52,767 - ERROR - Error saving article 'Don't bank only on price-to-earning ratio' - The Economic Times: Hrana: `stream error: `Error { message: "SQLite error: UNIQUE constraint failed: articles.url", code: "SQLITE_CONSTRAINT" }``
2026-08-24 05:46:53,380 - INFO - [Economic Times] Article: https://economictimes.indiatimes.com/markets/stocks/recos/prabhudas-lilladher-has-a-reduce-rating-on-infosys/articleshow/3798718.cms
2026-08-24 05:46:53,380 - INFO - [Economic Times] Attempt 1/2: Trying with 'requests_browser' strategy...
2026-08-24 05:46:54,066 - ERROR - parsed tree length: 1, wrong data type or not valid HTML
2026-08-24 05:46:54,067 - ERROR - empty HTML tree: None
2026-08-24 05:46:54,067 - WARNING - discarding data: None
2026-08-24 05:46:54,067 - WARNING - [Economic Times] FAILED with 'requests_browser' (content was too short: 0 words).
2026-08-24 05:46:54,668 - INFO - [Economic Times] Article: https://economictimes.indiatimes.com/markets/stocks/recos/prabhudas-lilladher-has-a-reduce-rating-on-infosys/articleshow/3798718.cms
2026-08-24 05:46:54,669 - INFO - [Economic Times] Attempt 2/2: Trying with 'selenium_browser' strategy...
2026-08-24 05:46:55,027 - WARNING - [The Hindu] Page get timed out (7s). Proceeding to grab partial source anyway.
2026-08-24 05:46:56,931 - INFO - [Economic Times] Page content loaded.
2026-08-24 05:46:57,217 - INFO - [Economic Times] Success with 'selenium_browser'. Found content (259 words).
2026-08-24 05:47:00,047 - ERROR - Error saving article Prabhudas Lilladher has a ‘reduce’ rating on Infosys - The Economic Times: Hrana: `stream error: `Error { message: "SQLite error: UNIQUE constraint failed: articles.url", code: "SQLITE_CONSTRAINT" }``
2026-08-24 05:47:01,469 - INFO - [Economic Times] Article: https://economictimes.indiatimes.com/markets/stocks/recos/fin-crisis-too-late-and-too-little-done-in-us/articleshow/3794549.cms
2026-08-24 05:47:01,469 - INFO - [Economic Times] Attempt 1/2: Trying with 'requests_browser' strategy...
2026-08-24 05:47:02,040 - WARNING - [The Hindu] Page explicit wait timed out (3s). Proceeding anyway.
2026-08-24 05:47:02,192 - ERROR - parsed tree length: 1, wrong data type or not valid HTML
2026-08-24 05:47:02,192 - ERROR - empty HTML tree: None
2026-08-24 05:47:02,192 - WARNING - discarding data: None
2026-08-24 05:47:02,192 - WARNING - [Economic Times] FAILED with 'requests_browser' (content was too short: 0 words).
2026-08-24 05:47:02,860 - INFO - [Economic Times] Article: https://economictimes.indiatimes.com/markets/stocks/recos/fin-crisis-too-late-and-too-little-done-in-us/articleshow/3794549.cms
2026-08-24 05:47:02,860 - INFO - [Economic Times] Attempt 2/2: Trying with 'selenium_browser' strategy...
2026-08-24 05:47:04,189 - INFO - [Economic Times] Page content loaded.
2026-08-24 05:47:04,330 - INFO - [Economic Times] Success with 'selenium_browser'. Found content (452 words).
2026-08-24 05:47:07,299 - ERROR - Error saving article Fin Crisis: Too late and too little done in US - The Economic Times: Hrana: `stream error: `Error { message: "SQLite error: UNIQUE constraint failed: articles.url", code: "SQLITE_CONSTRAINT" }``
2026-08-24 05:47:08,440 - INFO - [Economic Times] Article: https://economictimes.indiatimes.com/markets/forex/weak-rupee-takes-its-toll-on-cos-with-huge-foreign-debt/articleshow/3546158.cms
2026-08-24 05:47:08,440 - INFO - [Economic Times] Attempt 1/2: Trying with 'requests_browser' strategy...
2026-08-24 05:47:08,755 - ERROR - parsed tree length: 1, wrong data type or not valid HTML
2026-08-24 05:47:08,756 - ERROR - empty HTML tree: None
2026-08-24 05:47:08,756 - WARNING - discarding data: None
2026-08-24 05:47:08,756 - WARNING - [Economic Times] FAILED with 'requests_browser' (content was too short: 0 words).
2026-08-24 05:47:09,090 - ERROR - [The Hindu] Request failed for strategy 'selenium_browser' on URL https://www.thehindu.com/news/national/andhra-pradesh/krishi-vigyan-kendras-transferring-new-agri-tech-to-farmers-says-icar-official/article71381410.ece: Message: timeout: Timed out receiving message from renderer: 7.000
  (Session info: chrome=152.0.7977.54)
Stacktrace:
#0 0x55b0c6ba328a <unknown>
#1 0x55b0c6507ad9 <unknown>
#2 0x55b0c64ef56b <unknown>
#3 0x55b0c64ef1e6 <unknown>
#4 0x55b0c64ecdc8 <unknown>
#5 0x55b0c64ed74f <unknown>
#6 0x55b0c64fc810 <unknown>
#7 0x55b0c6516767 <unknown>
#8 0x55b0c651e13b <unknown>
#9 0x55b0c64edea9 <unknown>
#10 0x55b0c65164c2 <unknown>
#11 0x55b0c65a5a96 <unknown>
#12 0x55b0c6550e6b <unknown>
#13 0x55b0c6551c51 <unknown>
#14 0x55b0c6b677b0 <unknown>
#15 0x55b0c6b65e2a <unknown>
#16 0x55b0c6b50ba5 <unknown>
#17 0x55b0c6b66aea <unknown>
#18 0x55b0c6b39df0 <unknown>
#19 0x55b0c6b8e178 <unknown>
#20 0x55b0c6b8e315 <unknown>
#21 0x55b0c6ba1e13 <unknown>
#22 0x7fce04e9cb84 <unknown>
#23 0x7fce04f29d6c <unknown>

2026-08-24 05:47:09,090 - ERROR - [The Hindu] All scrape strategies failed for https://www.thehindu.com/news/national/andhra-pradesh/krishi-vigyan-kendras-transferring-new-agri-tech-to-farmers-says-icar-official/article71381410.ece. Falling back to RSS description.
2026-08-24 05:47:09,090 - WARNING - SKIPPED (GLOBAL WORD LIMIT): Article 'Krishi Vigyan Kendras transferring new agri-tech to farmers, says ICAR official' from The Hindu has only 3 words (Min: 90).
2026-08-24 05:47:09,582 - INFO - [Economic Times] Article: https://economictimes.indiatimes.com/markets/forex/weak-rupee-takes-its-toll-on-cos-with-huge-foreign-debt/articleshow/3546158.cms
2026-08-24 05:47:09,582 - INFO - [Economic Times] Attempt 2/2: Trying with 'selenium_browser' strategy...
2026-08-24 05:47:10,467 - INFO - [The Hindu] Article: https://www.thehindu.com/data/the-rural-urban-divide-in-female-labour-force-participation/article71381696.ece
2026-08-24 05:47:10,467 - INFO - [The Hindu] Attempt 1/1: Trying with 'selenium_browser' strategy...
2026-08-24 05:47:11,183 - INFO - [Economic Times] Page content loaded.
2026-08-24 05:47:11,315 - INFO - [Economic Times] Success with 'selenium_browser'. Found content (482 words).
2026-08-24 05:47:14,357 - ERROR - Error saving article Weak rupee takes its toll on cos with huge foreign debt - The Economic Times: Hrana: `stream error: `Error { message: "SQLite error: UNIQUE constraint failed: articles.url", code: "SQLITE_CONSTRAINT" }``
2026-08-24 05:47:15,219 - INFO - [Economic Times] Article: https://economictimes.indiatimes.com/markets/stocks/recos/wait-for-more-signals-before-turning-positive/articleshow/3292640.cms
2026-08-24 05:47:15,219 - INFO - [Economic Times] Attempt 1/2: Trying with 'requests_browser' strategy...
2026-08-24 05:47:15,513 - ERROR - parsed tree length: 1, wrong data type or not valid HTML
2026-08-24 05:47:15,513 - ERROR - empty HTML tree: None
2026-08-24 05:47:15,513 - WARNING - discarding data: None
2026-08-24 05:47:15,513 - WARNING - [Economic Times] FAILED with 'requests_browser' (content was too short: 0 words).
2026-08-24 05:47:16,129 - INFO - [Economic Times] Article: https://economictimes.indiatimes.com/markets/stocks/recos/wait-for-more-signals-before-turning-positive/articleshow/3292640.cms
2026-08-24 05:47:16,129 - INFO - [Economic Times] Attempt 2/2: Trying with 'selenium_browser' strategy...
2026-08-24 05:47:17,784 - INFO - [Economic Times] Page content loaded.
2026-08-24 05:47:18,039 - INFO - [Economic Times] Success with 'selenium_browser'. Found content (392 words).
2026-08-24 05:47:20,657 - ERROR - Error saving article Wait for more signals before turning positive - The Economic Times: Hrana: `stream error: `Error { message: "SQLite error: UNIQUE constraint failed: articles.url", code: "SQLITE_CONSTRAINT" }``
2026-08-24 05:47:21,498 - INFO - [Economic Times] Article: https://economictimes.indiatimes.com/news/company/corporate-trends/six-indian-cos-among-businessweeks-top-100-infotech-firms/articleshow/3189334.cms
2026-08-24 05:47:21,498 - INFO - [Economic Times] Attempt 1/2: Trying with 'requests_browser' strategy...
2026-08-24 05:47:21,815 - INFO - [Economic Times] Success with 'requests_browser'. Found content (370 words).
2026-08-24 05:47:24,577 - WARNING - [The Hindu] Page get timed out (7s). Proceeding to grab partial source anyway.
2026-08-24 05:47:24,577 - ERROR - Error saving article Six Indian cos among BusinessWeek's top 100 Infotech firms - The Economic Times: Hrana: `stream error: `Error { message: "SQLite error: UNIQUE constraint failed: articles.url", code: "SQLITE_CONSTRAINT" }``
2026-08-24 05:47:25,419 - INFO - [Economic Times] Article: https://economictimes.indiatimes.com/news/company/corporate-trends/indian-firms-slip-in-global-ranking-four-move-out-of-top-500/articleshow/3177077.cms
2026-08-24 05:47:25,420 - INFO - [Economic Times] Attempt 1/2: Trying with 'requests_browser' strategy...
2026-08-24 05:47:25,829 - INFO - [Economic Times] Success with 'requests_browser'. Found content (1044 words).
2026-08-24 05:47:28,643 - ERROR - Error saving article Indian firms slip in global ranking; four move out of Top-500 - The Economic Times: Hrana: `stream error: `Error { message: "SQLite error: UNIQUE constraint failed: articles.url", code: "SQLITE_CONSTRAINT" }``
2026-08-24 05:47:29,705 - INFO - [Economic Times] Article: https://economictimes.indiatimes.com/markets/stocks/news/big-daddy-laps-up-cipla-after-q1-nos-beat-forecast/articleshow/6308646.cms
2026-08-24 05:47:29,705 - INFO - [Economic Times] Attempt 1/2: Trying with 'requests_browser' strategy...
2026-08-24 05:47:30,111 - ERROR - parsed tree length: 1, wrong data type or not valid HTML
2026-08-24 05:47:30,111 - ERROR - empty HTML tree: None
2026-08-24 05:47:30,111 - WARNING - discarding data: None
2026-08-24 05:47:30,111 - WARNING - [Economic Times] FAILED with 'requests_browser' (content was too short: 0 words).
2026-08-24 05:47:30,687 - INFO - [Economic Times] Article: https://economictimes.indiatimes.com/markets/stocks/news/big-daddy-laps-up-cipla-after-q1-nos-beat-forecast/articleshow/6308646.cms
2026-08-24 05:47:30,688 - INFO - [Economic Times] Attempt 2/2: Trying with 'selenium_browser' strategy...
2026-08-24 05:47:31,587 - WARNING - [The Hindu] Page explicit wait timed out (3s). Proceeding anyway.
2026-08-24 05:47:32,037 - INFO - [Economic Times] Page content loaded.
2026-08-24 05:47:32,381 - WARNING - [Economic Times] FAILED with 'selenium_browser' (content was too short: 83 words).
2026-08-24 05:47:32,383 - ERROR - [Economic Times] All scrape strategies failed for https://economictimes.indiatimes.com/markets/stocks/news/big-daddy-laps-up-cipla-after-q1-nos-beat-forecast/articleshow/6308646.cms. Falling back to RSS description.
2026-08-24 05:47:32,383 - WARNING - SKIPPED (GLOBAL WORD LIMIT): Article ''Big Daddy' laps up Cipla after Q1 nos beat forecast ' from Economic Times has only 20 words (Min: 90).
2026-08-24 05:47:32,892 - INFO - [Economic Times] Article: https://economictimes.indiatimes.com/markets/stocks/news/old-fox-has-dream-run-on-dalal-street/articleshow/6308631.cms
2026-08-24 05:47:32,892 - INFO - [Economic Times] Attempt 1/2: Trying with 'requests_browser' strategy...
2026-08-24 05:47:33,606 - ERROR - parsed tree length: 1, wrong data type or not valid HTML
2026-08-24 05:47:33,606 - ERROR - empty HTML tree: None
2026-08-24 05:47:33,606 - WARNING - discarding data: None
2026-08-24 05:47:33,606 - WARNING - [Economic Times] FAILED with 'requests_browser' (content was too short: 0 words).
2026-08-24 05:47:34,246 - INFO - [Economic Times] Article: https://economictimes.indiatimes.com/markets/stocks/news/old-fox-has-dream-run-on-dalal-street/articleshow/6308631.cms
2026-08-24 05:47:34,246 - INFO - [Economic Times] Attempt 2/2: Trying with 'selenium_browser' strategy...
2026-08-24 05:47:35,548 - INFO - [Economic Times] Page content loaded.
2026-08-24 05:47:35,854 - INFO - [Economic Times] Success with 'selenium_browser'. Found content (629 words).
2026-08-24 05:47:38,477 - ERROR - Error saving article Old Fox has dream run on Dalal Street - The Economic Times: Hrana: `stream error: `Error { message: "SQLite error: UNIQUE constraint failed: articles.url", code: "SQLITE_CONSTRAINT" }``
2026-08-24 05:47:38,598 - ERROR - [The Hindu] Request failed for strategy 'selenium_browser' on URL https://www.thehindu.com/data/the-rural-urban-divide-in-female-labour-force-participation/article71381696.ece: Message: timeout: Timed out receiving message from renderer: 7.000
  (Session info: chrome=152.0.7977.54)
Stacktrace:
#0 0x55b0c6ba328a <unknown>
#1 0x55b0c6507ad9 <unknown>
#2 0x55b0c64ef56b <unknown>
#3 0x55b0c64ef1e6 <unknown>
#4 0x55b0c64ecdc8 <unknown>
#5 0x55b0c64ed74f <unknown>
#6 0x55b0c64fc810 <unknown>
#7 0x55b0c6516767 <unknown>
#8 0x55b0c651e13b <unknown>
#9 0x55b0c64edea9 <unknown>
#10 0x55b0c65164c2 <unknown>
#11 0x55b0c65a5a96 <unknown>
#12 0x55b0c6550e6b <unknown>
#13 0x55b0c6551c51 <unknown>
#14 0x55b0c6b677b0 <unknown>
#15 0x55b0c6b65e2a <unknown>
#16 0x55b0c6b50ba5 <unknown>
#17 0x55b0c6b66aea <unknown>
#18 0x55b0c6b39df0 <unknown>
#19 0x55b0c6b8e178 <unknown>
#20 0x55b0c6b8e315 <unknown>
#21 0x55b0c6ba1e13 <unknown>
#22 0x7fce04e9cb84 <unknown>
#23 0x7fce04f29d6c <unknown>

2026-08-24 05:47:38,598 - ERROR - [The Hindu] All scrape strategies failed for https://www.thehindu.com/data/the-rural-urban-divide-in-female-labour-force-participation/article71381696.ece. Falling back to RSS description.
2026-08-24 05:47:38,598 - WARNING - SKIPPED (GLOBAL WORD LIMIT): Article 'The rural-urban divide in female labour force participation' from The Hindu has only 23 words (Min: 90).
2026-08-24 05:47:39,455 - INFO - [Economic Times] Article: https://economictimes.indiatimes.com/markets/stocks/news/cairn-india-hits-record-high-on-bse-amid-stake-sale-talks/articleshow/6306679.cms
2026-08-24 05:47:39,455 - INFO - [Economic Times] Attempt 1/2: Trying with 'requests_browser' strategy...
2026-08-24 05:47:40,057 - INFO - [The Hindu] Early skip: URL https://www.thehindu.com/news/national/ed-arrests-two-in-pan-india-cyber-fraud-crackdown-case/article71383044.ece already exists.
2026-08-24 05:47:40,058 - INFO - [The Hindu] Early skip: URL https://www.thehindu.com/news/national/dmks-regional-satraps-among-22-who-will-lose-district-secretary-posts/article71381677.ece already exists.
2026-08-24 05:47:40,059 - INFO - [The Hindu] Early skip: URL https://www.thehindu.com/news/national/telangana/telangana-auto-drivers-call-off-strike-after-government-assures-welfare-board-fare-hike/article71381700.ece already exists.
2026-08-24 05:47:40,061 - INFO - [The Hindu] Article: https://www.thehindu.com/news/national/gender-agenda-newsletter-ive-got-my-eye-on-you/article71378597.ece
2026-08-24 05:47:40,061 - INFO - [The Hindu] Attempt 1/1: Trying with 'selenium_browser' strategy...
2026-08-24 05:47:41,439 - ERROR - parsed tree length: 1, wrong data type or not valid HTML
2026-08-24 05:47:41,439 - ERROR - empty HTML tree: None
2026-08-24 05:47:41,439 - WARNING - discarding data: None
2026-08-24 05:47:41,439 - WARNING - [Economic Times] FAILED with 'requests_browser' (content was too short: 0 words).
2026-08-24 05:47:42,190 - INFO - [Economic Times] Article: https://economictimes.indiatimes.com/markets/stocks/news/cairn-india-hits-record-high-on-bse-amid-stake-sale-talks/articleshow/6306679.cms
2026-08-24 05:47:42,191 - INFO - [Economic Times] Attempt 2/2: Trying with 'selenium_browser' strategy...
2026-08-24 05:47:44,016 - INFO - [Economic Times] Page content loaded.
2026-08-24 05:47:44,142 - INFO - [Economic Times] Success with 'selenium_browser'. Found content (363 words).
2026-08-24 05:47:47,353 - ERROR - Error saving article Cairn India hits record high on BSE amid stake sale talks - The Economic Times: Hrana: `stream error: `Error { message: "SQLite error: UNIQUE constraint failed: articles.url", code: "SQLITE_CONSTRAINT" }``
2026-08-24 05:47:48,302 - INFO - [Economic Times] Article: https://economictimes.indiatimes.com/markets/stocks/news/vedanta-plunges-5-59-per-cent-on-lse-amid-talks-to-buy-cairn-stake/articleshow/6306526.cms
2026-08-24 05:47:48,302 - INFO - [Economic Times] Attempt 1/2: Trying with 'requests_browser' strategy...
2026-08-24 05:47:49,773 - ERROR - parsed tree length: 1, wrong data type or not valid HTML
2026-08-24 05:47:49,773 - ERROR - empty HTML tree: None
2026-08-24 05:47:49,773 - WARNING - discarding data: None
2026-08-24 05:47:49,773 - WARNING - [Economic Times] FAILED with 'requests_browser' (content was too short: 0 words).
2026-08-24 05:47:50,753 - INFO - [Economic Times] Article: https://economictimes.indiatimes.com/markets/stocks/news/vedanta-plunges-5-59-per-cent-on-lse-amid-talks-to-buy-cairn-stake/articleshow/6306526.cms
2026-08-24 05:47:50,753 - INFO - [Economic Times] Attempt 2/2: Trying with 'selenium_browser' strategy...
2026-08-24 05:47:52,258 - INFO - [Economic Times] Page content loaded.
2026-08-24 05:47:52,514 - INFO - [Economic Times] Success with 'selenium_browser'. Found content (397 words).
2026-08-24 05:47:55,186 - WARNING - [The Hindu] Page get timed out (7s). Proceeding to grab partial source anyway.
2026-08-24 05:47:55,186 - ERROR - Error saving article Cairn: Vedanta plunges 5.59 per cent on LSE amid talks to buy Cairn stake - The Economic Times: Hrana: `stream error: `Error { message: "SQLite error: UNIQUE constraint failed: articles.url", code: "SQLITE_CONSTRAINT" }``
2026-08-24 05:47:56,555 - INFO - [Economic Times] Article: https://economictimes.indiatimes.com/markets/stocks/news/sbi-shares-on-gaining-spree-hit-record-high/articleshow/6306241.cms
2026-08-24 05:47:56,555 - INFO - [Economic Times] Attempt 1/2: Trying with 'requests_browser' strategy...
2026-08-24 05:47:57,584 - INFO - [Economic Times] Success with 'requests_browser'. Found content (166 words).
2026-08-24 05:48:00,652 - ERROR - Error saving article SBI shares on gaining spree; hit record high - The Economic Times: Hrana: `stream error: `Error { message: "SQLite error: UNIQUE constraint failed: articles.url", code: "SQLITE_CONSTRAINT" }``
2026-08-24 05:48:02,122 - INFO - [Economic Times] Article: https://economictimes.indiatimes.com/fm-must-rethink/articleshow/5645094.cms
2026-08-24 05:48:02,122 - INFO - [Economic Times] Attempt 1/2: Trying with 'requests_browser' strategy...
2026-08-24 05:48:02,197 - WARNING - [The Hindu] Page explicit wait timed out (3s). Proceeding anyway.
2026-08-24 05:48:02,430 - INFO - [Economic Times] Success with 'requests_browser'. Found content (165 words).
2026-08-24 05:48:04,994 - ERROR - Error saving article FM must rethink - The Economic Times: Hrana: `stream error: `Error { message: "SQLite error: UNIQUE constraint failed: articles.url", code: "SQLITE_CONSTRAINT" }``
2026-08-24 05:48:06,341 - INFO - [Economic Times] Article: https://economictimes.indiatimes.com/amalgamate-banks/articleshow/5645086.cms
2026-08-24 05:48:06,341 - INFO - [Economic Times] Attempt 1/2: Trying with 'requests_browser' strategy...
2026-08-24 05:48:06,694 - INFO - [Economic Times] Success with 'requests_browser'. Found content (270 words).
2026-08-24 05:48:09,302 - ERROR - [The Hindu] Request failed for strategy 'selenium_browser' on URL https://www.thehindu.com/news/national/gender-agenda-newsletter-ive-got-my-eye-on-you/article71378597.ece: Message: timeout: Timed out receiving message from renderer: 7.000
  (Session info: chrome=152.0.7977.54)
Stacktrace:
#0 0x55b0c6ba328a <unknown>
#1 0x55b0c6507ad9 <unknown>
#2 0x55b0c64ef56b <unknown>
#3 0x55b0c64ef1e6 <unknown>
#4 0x55b0c64ecdc8 <unknown>
#5 0x55b0c64ed74f <unknown>
#6 0x55b0c64fc810 <unknown>
#7 0x55b0c6516767 <unknown>
#8 0x55b0c651e13b <unknown>
#9 0x55b0c64edea9 <unknown>
#10 0x55b0c65164c2 <unknown>
#11 0x55b0c65a5a96 <unknown>
#12 0x55b0c6550e6b <unknown>
#13 0x55b0c6551c51 <unknown>
#14 0x55b0c6b677b0 <unknown>
#15 0x55b0c6b65e2a <unknown>
#16 0x55b0c6b50ba5 <unknown>
#17 0x55b0c6b66aea <unknown>
#18 0x55b0c6b39df0 <unknown>
#19 0x55b0c6b8e178 <unknown>
#20 0x55b0c6b8e315 <unknown>
#21 0x55b0c6ba1e13 <unknown>
#22 0x7fce04e9cb84 <unknown>
#23 0x7fce04f29d6c <unknown>

2026-08-24 05:48:09,302 - ERROR - Error saving article Amalgamate banks - The Economic Times: Hrana: `stream error: `Error { message: "SQLite error: UNIQUE constraint failed: articles.url", code: "SQLITE_CONSTRAINT" }``
2026-08-24 05:48:09,302 - ERROR - [The Hindu] All scrape strategies failed for https://www.thehindu.com/news/national/gender-agenda-newsletter-ive-got-my-eye-on-you/article71378597.ece. Falling back to RSS description.
2026-08-24 05:48:09,302 - WARNING - SKIPPED (GLOBAL WORD LIMIT): Article 'I’ve got my eye on you' from The Hindu has only 3 words (Min: 90).
2026-08-24 05:48:09,914 - INFO - [Economic Times] Article: https://economictimes.indiatimes.com/managing-data/articleshow/5117958.cms
2026-08-24 05:48:09,914 - INFO - [Economic Times] Attempt 1/2: Trying with 'requests_browser' strategy...
2026-08-24 05:48:10,432 - INFO - [Economic Times] Success with 'requests_browser'. Found content (146 words).
2026-08-24 05:48:12,042 - INFO - [The Hindu] Article: https://www.thehindu.com/news/national/karnataka/aisa-national-president-neha-slams-congress-govt-in-karnataka-over-firs-against-students-seeking-release-of-umar-khalid-sharjeel-imam/article71381886.ece
2026-08-24 05:48:12,529 - INFO - [The Hindu] Attempt 1/1: Trying with 'selenium_browser' strategy...
2026-08-24 05:48:13,341 - ERROR - Error saving article Managing data - The Economic Times: Hrana: `stream error: `Error { message: "SQLite error: UNIQUE constraint failed: articles.url", code: "SQLITE_CONSTRAINT" }``
2026-08-24 05:48:14,440 - INFO - [Economic Times] Article: https://economictimes.indiatimes.com/right-technology/articleshow/5117957.cms
2026-08-24 05:48:14,440 - INFO - [Economic Times] Attempt 1/2: Trying with 'requests_browser' strategy...
2026-08-24 05:48:14,927 - CRITICAL - --- TIMEOUT: 2 scrape jobs did not complete in 420s. ---
2026-08-24 05:48:14,928 - ERROR - A thread has timed out and will be abandoned.
2026-08-24 05:48:14,928 - ERROR - A thread has timed out and will be abandoned.
2026-08-24 05:48:14,928 - INFO - Shutting down thread pool (wait=False)...
2026-08-24 05:48:14,928 - INFO - Scraped: 0 Indian Express, 0 TechCrunch, 0 Al Jazeera, 1 BBC, 7 Times of India, 0 Wired, 7 NDTV, 2 Timed_Out_Jobs articles. (Total saved: 15)
2026-08-24 05:48:14,928 - INFO - --- Scraping job finished ---
2026-08-24 05:48:14,928 - INFO - --- Scraper service stopped. ---
2026-08-24 05:48:14,928 - INFO - --- Main thread finished. Forcing process exit to kill zombie threads. ---
