2026-08-24 14:45:49,600 - INFO - Loading AI Semantic Model (all-MiniLM-L6-v2)...
2026-08-24 14:45:49,601 - INFO - No device provided, using cpu
2026-08-24 14:45:49,761 - INFO - HTTP Request: GET https://huggingface.co/api/agent-harnesses "HTTP/1.1 200 OK"
2026-08-24 14:45:49,852 - INFO - HTTP Request: HEAD https://huggingface.co/sentence-transformers/all-MiniLM-L6-v2/resolve/main/modules.json "HTTP/1.1 307 Temporary Redirect"
2026-08-24 14:45:49,853 - WARNING - Warning: You are sending unauthenticated requests to the HF Hub. Please set a HF_TOKEN to enable higher rate limits and faster downloads.
2026-08-24 14:45:49,866 - INFO - HTTP Request: HEAD https://huggingface.co/api/resolve-cache/models/sentence-transformers/all-MiniLM-L6-v2/1110a243fdf4706b3f48f1d95db1a4f5529b4d41/modules.json "HTTP/1.1 200 OK"
2026-08-24 14:45:49,968 - INFO - HTTP Request: HEAD https://huggingface.co/sentence-transformers/all-MiniLM-L6-v2/resolve/main/config_sentence_transformers.json "HTTP/1.1 307 Temporary Redirect"
2026-08-24 14:45:49,982 - INFO - HTTP Request: HEAD https://huggingface.co/api/resolve-cache/models/sentence-transformers/all-MiniLM-L6-v2/1110a243fdf4706b3f48f1d95db1a4f5529b4d41/config_sentence_transformers.json "HTTP/1.1 200 OK"
2026-08-24 14:45:49,983 - INFO - Loading SentenceTransformer model from sentence-transformers/all-MiniLM-L6-v2.
2026-08-24 14:45:50,074 - INFO - HTTP Request: HEAD https://huggingface.co/sentence-transformers/all-MiniLM-L6-v2/resolve/main/config_sentence_transformers.json "HTTP/1.1 307 Temporary Redirect"
2026-08-24 14:45:50,088 - INFO - HTTP Request: HEAD https://huggingface.co/api/resolve-cache/models/sentence-transformers/all-MiniLM-L6-v2/1110a243fdf4706b3f48f1d95db1a4f5529b4d41/config_sentence_transformers.json "HTTP/1.1 200 OK"
2026-08-24 14:45:50,178 - INFO - HTTP Request: HEAD https://huggingface.co/sentence-transformers/all-MiniLM-L6-v2/resolve/main/README.md "HTTP/1.1 307 Temporary Redirect"
2026-08-24 14:45:50,197 - INFO - HTTP Request: HEAD https://huggingface.co/api/resolve-cache/models/sentence-transformers/all-MiniLM-L6-v2/1110a243fdf4706b3f48f1d95db1a4f5529b4d41/README.md "HTTP/1.1 200 OK"
2026-08-24 14:45:50,213 - INFO - HTTP Request: GET https://huggingface.co/api/resolve-cache/models/sentence-transformers/all-MiniLM-L6-v2/1110a243fdf4706b3f48f1d95db1a4f5529b4d41/README.md "HTTP/1.1 200 OK"
2026-08-24 14:45:50,312 - INFO - HTTP Request: HEAD https://huggingface.co/sentence-transformers/all-MiniLM-L6-v2/resolve/main/modules.json "HTTP/1.1 307 Temporary Redirect"
2026-08-24 14:45:50,326 - INFO - HTTP Request: HEAD https://huggingface.co/api/resolve-cache/models/sentence-transformers/all-MiniLM-L6-v2/1110a243fdf4706b3f48f1d95db1a4f5529b4d41/modules.json "HTTP/1.1 200 OK"
2026-08-24 14:45:50,431 - INFO - HTTP Request: HEAD https://huggingface.co/sentence-transformers/all-MiniLM-L6-v2/resolve/main/sentence_bert_config.json "HTTP/1.1 307 Temporary Redirect"
2026-08-24 14:45:50,446 - INFO - HTTP Request: HEAD https://huggingface.co/api/resolve-cache/models/sentence-transformers/all-MiniLM-L6-v2/1110a243fdf4706b3f48f1d95db1a4f5529b4d41/sentence_bert_config.json "HTTP/1.1 200 OK"
2026-08-24 14:45:50,573 - INFO - HTTP Request: HEAD https://huggingface.co/sentence-transformers/all-MiniLM-L6-v2/resolve/main/adapter_config.json "HTTP/1.1 404 Not Found"
2026-08-24 14:45:50,668 - INFO - HTTP Request: HEAD https://huggingface.co/sentence-transformers/all-MiniLM-L6-v2/resolve/main/config.json "HTTP/1.1 307 Temporary Redirect"
2026-08-24 14:45:50,682 - INFO - HTTP Request: HEAD https://huggingface.co/api/resolve-cache/models/sentence-transformers/all-MiniLM-L6-v2/1110a243fdf4706b3f48f1d95db1a4f5529b4d41/config.json "HTTP/1.1 200 OK"
2026-08-24 14:45:50,819 - INFO - HTTP Request: HEAD https://huggingface.co/sentence-transformers/all-MiniLM-L6-v2/resolve/main/model.safetensors "HTTP/1.1 302 Found"
2026-08-24 14:45:51,039 - INFO - HTTP Request: HEAD https://huggingface.co/sentence-transformers/all-MiniLM-L6-v2/resolve/main/processor_config.json "HTTP/1.1 404 Not Found"
2026-08-24 14:45:51,128 - INFO - HTTP Request: HEAD https://huggingface.co/sentence-transformers/all-MiniLM-L6-v2/resolve/main/preprocessor_config.json "HTTP/1.1 404 Not Found"
2026-08-24 14:45:51,227 - INFO - HTTP Request: HEAD https://huggingface.co/sentence-transformers/all-MiniLM-L6-v2/resolve/main/video_preprocessor_config.json "HTTP/1.1 404 Not Found"
2026-08-24 14:45:51,329 - INFO - HTTP Request: HEAD https://huggingface.co/sentence-transformers/all-MiniLM-L6-v2/resolve/main/preprocessor_config.json "HTTP/1.1 404 Not Found"
2026-08-24 14:45:51,427 - INFO - HTTP Request: HEAD https://huggingface.co/sentence-transformers/all-MiniLM-L6-v2/resolve/main/tokenizer_config.json "HTTP/1.1 307 Temporary Redirect"
2026-08-24 14:45:51,442 - INFO - HTTP Request: HEAD https://huggingface.co/api/resolve-cache/models/sentence-transformers/all-MiniLM-L6-v2/1110a243fdf4706b3f48f1d95db1a4f5529b4d41/tokenizer_config.json "HTTP/1.1 200 OK"
2026-08-24 14:45:51,538 - INFO - HTTP Request: HEAD https://huggingface.co/sentence-transformers/all-MiniLM-L6-v2/resolve/main/config.json "HTTP/1.1 307 Temporary Redirect"
2026-08-24 14:45:51,552 - INFO - HTTP Request: HEAD https://huggingface.co/api/resolve-cache/models/sentence-transformers/all-MiniLM-L6-v2/1110a243fdf4706b3f48f1d95db1a4f5529b4d41/config.json "HTTP/1.1 200 OK"
2026-08-24 14:45:51,643 - INFO - HTTP Request: HEAD https://huggingface.co/sentence-transformers/all-MiniLM-L6-v2/resolve/main/config.json "HTTP/1.1 307 Temporary Redirect"
2026-08-24 14:45:51,658 - INFO - HTTP Request: HEAD https://huggingface.co/api/resolve-cache/models/sentence-transformers/all-MiniLM-L6-v2/1110a243fdf4706b3f48f1d95db1a4f5529b4d41/config.json "HTTP/1.1 200 OK"
2026-08-24 14:45:51,762 - INFO - HTTP Request: HEAD https://huggingface.co/sentence-transformers/all-MiniLM-L6-v2/resolve/main/tokenizer_config.json "HTTP/1.1 307 Temporary Redirect"
2026-08-24 14:45:51,775 - INFO - HTTP Request: HEAD https://huggingface.co/api/resolve-cache/models/sentence-transformers/all-MiniLM-L6-v2/1110a243fdf4706b3f48f1d95db1a4f5529b4d41/tokenizer_config.json "HTTP/1.1 200 OK"
2026-08-24 14:45:51,869 - INFO - HTTP Request: GET https://huggingface.co/api/models/sentence-transformers/all-MiniLM-L6-v2/tree/main/additional_chat_templates?recursive=false&expand=false "HTTP/1.1 404 Not Found"
2026-08-24 14:45:51,959 - INFO - HTTP Request: GET https://huggingface.co/api/models/sentence-transformers/all-MiniLM-L6-v2/tree/main?recursive=true&expand=false "HTTP/1.1 200 OK"
2026-08-24 14:45:52,045 - INFO - HTTP Request: HEAD https://huggingface.co/sentence-transformers/all-MiniLM-L6-v2/resolve/main/vocab.txt "HTTP/1.1 307 Temporary Redirect"
2026-08-24 14:45:52,058 - INFO - HTTP Request: HEAD https://huggingface.co/api/resolve-cache/models/sentence-transformers/all-MiniLM-L6-v2/1110a243fdf4706b3f48f1d95db1a4f5529b4d41/vocab.txt "HTTP/1.1 200 OK"
2026-08-24 14:45:52,143 - INFO - HTTP Request: HEAD https://huggingface.co/sentence-transformers/all-MiniLM-L6-v2/resolve/main/tokenizer.json "HTTP/1.1 307 Temporary Redirect"
2026-08-24 14:45:52,157 - INFO - HTTP Request: HEAD https://huggingface.co/api/resolve-cache/models/sentence-transformers/all-MiniLM-L6-v2/1110a243fdf4706b3f48f1d95db1a4f5529b4d41/tokenizer.json "HTTP/1.1 200 OK"
2026-08-24 14:45:52,269 - INFO - HTTP Request: HEAD https://huggingface.co/sentence-transformers/all-MiniLM-L6-v2/resolve/main/added_tokens.json "HTTP/1.1 404 Not Found"
2026-08-24 14:45:52,365 - INFO - HTTP Request: HEAD https://huggingface.co/sentence-transformers/all-MiniLM-L6-v2/resolve/main/special_tokens_map.json "HTTP/1.1 307 Temporary Redirect"
2026-08-24 14:45:52,378 - INFO - HTTP Request: HEAD https://huggingface.co/api/resolve-cache/models/sentence-transformers/all-MiniLM-L6-v2/1110a243fdf4706b3f48f1d95db1a4f5529b4d41/special_tokens_map.json "HTTP/1.1 200 OK"
2026-08-24 14:45:52,468 - INFO - HTTP Request: HEAD https://huggingface.co/sentence-transformers/all-MiniLM-L6-v2/resolve/main/chat_template.jinja "HTTP/1.1 404 Not Found"
2026-08-24 14:45:52,600 - INFO - HTTP Request: HEAD https://huggingface.co/sentence-transformers/all-MiniLM-L6-v2/resolve/main/1_Pooling/config.json "HTTP/1.1 307 Temporary Redirect"
2026-08-24 14:45:52,615 - INFO - HTTP Request: HEAD https://huggingface.co/api/resolve-cache/models/sentence-transformers/all-MiniLM-L6-v2/1110a243fdf4706b3f48f1d95db1a4f5529b4d41/1_Pooling%2Fconfig.json "HTTP/1.1 200 OK"
2026-08-24 14:45:52,714 - INFO - HTTP Request: HEAD https://huggingface.co/sentence-transformers/all-MiniLM-L6-v2/resolve/main/2_Normalize/config.json "HTTP/1.1 404 Not Found"
2026-08-24 14:45:52,806 - INFO - HTTP Request: GET https://huggingface.co/api/models/sentence-transformers/all-MiniLM-L6-v2 "HTTP/1.1 200 OK"
2026-08-24 14:45:52,810 - INFO - AI Model loaded successfully.
2026-08-24 14:45:52,810 - INFO - --- Scraper service started (CI Mode: Run Once) ---
2026-08-24 14:45:52,810 - INFO - --- Starting new scraping job (Parallel Mode) ---
2026-08-24 14:45:52,810 - INFO - Connecting to SQLite database...
2026-08-24 14:45:58,952 - INFO - Pre-calculating embeddings for 375 cached articles...
2026-08-24 14:46:21,122 - INFO - Cache built: 6029 URLs. Current MAX_ID: 112803
2026-08-24 14:46:21,123 - INFO - Creating new robust session with 3 retries on 5xx/connection/read errors.
2026-08-24 14:46:21,123 - INFO - Proxy is DISABLED.
2026-08-24 14:46:21,123 - INFO - [BBC] (Thread) requires Selenium. Initializing driver...
2026-08-24 14:46:21,123 - INFO - [Times of India] (Thread) requires Selenium. Initializing driver...
2026-08-24 14:46:21,124 - INFO - [The Hindu] (Thread) requires Selenium. Initializing driver...
2026-08-24 14:46:21,124 - INFO - [Al Jazeera] (Thread) requires Selenium. Initializing driver...
2026-08-24 14:46:21,124 - INFO - Starting scrape for TechCrunch RSS feed: https://techcrunch.com/feed/
2026-08-24 14:46:21,126 - INFO - [Economic Times] (Thread) requires Selenium. Initializing driver...
2026-08-24 14:46:21,127 - INFO - [Wired] (Thread) requires Selenium. Initializing driver...
2026-08-24 14:46:21,127 - INFO - [NDTV] (Thread) requires Selenium. Initializing driver...
2026-08-24 14:46:21,127 - INFO - [Indian Express] (Thread) requires Selenium. Initializing driver...
2026-08-24 14:46:21,128 - INFO - Submitted 9 jobs to thread pool. Waiting up to 420s for completion...
2026-08-24 14:46:22,351 - INFO - Found 0 articles in TechCrunch RSS feed. Processing until 8 new articles are saved.
2026-08-24 14:46:22,926 - INFO - Selenium driver initialized successfully (Eager load strategy, 7s timeout).
2026-08-24 14:46:22,926 - INFO - Starting scrape for Times of India RSS feed: https://timesofindia.indiatimes.com/rssfeeds/296589292.cms
2026-08-24 14:46:22,949 - INFO - Selenium driver initialized successfully (Eager load strategy, 7s timeout).
2026-08-24 14:46:22,949 - INFO - Starting scrape for Wired RSS feed: https://www.wired.com/feed/rss
2026-08-24 14:46:23,264 - INFO - Selenium driver initialized successfully (Eager load strategy, 7s timeout).
2026-08-24 14:46:23,264 - INFO - Starting scrape for Al Jazeera RSS feed: https://www.aljazeera.com/xml/rss/all.xml
2026-08-24 14:46:23,305 - INFO - Found 20 articles in Times of India RSS feed. Processing until 20 new articles are saved.
2026-08-24 14:46:23,382 - INFO - [Times of India] Article: https://timesofindia.indiatimes.com/world/us/albany-police-department-issues-bolo-for-a-man-who-picked-30-from-the-floor-while-shopping-at-walmart-faces-backlash-says-no-charges-will-be-filed/articleshow/133470460.cms
2026-08-24 14:46:23,382 - INFO - [Times of India] Attempt 1/1: Trying with 'selenium_browser' strategy...
2026-08-24 14:46:23,308 - INFO - Found 50 articles in Wired RSS feed. Processing until 10 new articles are saved.
2026-08-24 14:46:23,390 - INFO - [Wired] Early skip: URL https://www.wired.com/review/birdfy-nest-duo/ already exists.
2026-08-24 14:46:23,392 - INFO - [Wired] Early skip: URL https://www.wired.com/story/best-kindle-accessories/ already exists.
2026-08-24 14:46:23,409 - INFO - [Wired] Early skip: URL https://www.wired.com/story/best-home-theater-projector/ already exists.
2026-08-24 14:46:23,411 - INFO - [Wired] Early skip: URL https://www.wired.com/story/all-work-and-some-play-in-a-virtual-display/ already exists.
2026-08-24 14:46:23,423 - INFO - Selenium driver initialized successfully (Eager load strategy, 7s timeout).
2026-08-24 14:46:23,431 - INFO - Starting scrape for BBC RSS feed: http://feeds.bbci.co.uk/news/world/rss.xml
2026-08-24 14:46:23,427 - INFO - [Wired] Early skip: URL https://www.wired.com/story/best-multi-use-air-purifiers/ already exists.
2026-08-24 14:46:23,447 - INFO - [Wired] Early skip: URL https://www.wired.com/story/teachers-deepfake-ai-students-content/ already exists.
2026-08-24 14:46:23,455 - INFO - [Wired] Early skip: URL https://www.wired.com/story/nasa-nancy-grace-roman-space-telescope-hidden-facets-of-universe/ already exists.
2026-08-24 14:46:23,460 - INFO - [Wired] Early skip: URL https://www.wired.com/review/asus-rog-swift-rgb-stripe-oled-pg27ucwm/ already exists.
2026-08-24 14:46:23,472 - INFO - [Wired] Article: https://www.wired.com/gallery/best-kindle/
2026-08-24 14:46:23,472 - INFO - [Wired] Attempt 1/2: Trying with 'requests_browser' strategy...
2026-08-24 14:46:23,511 - INFO - Found 25 articles in Al Jazeera RSS feed. Processing until 8 new articles are saved.
2026-08-24 14:46:23,512 - INFO - [Al Jazeera] Article: https://www.aljazeera.com/features/2026/8/24/algerias-schools-put-shakespeare-before-molire-in-break-from-france?traffic_source=rss
2026-08-24 14:46:23,512 - INFO - [Al Jazeera] Attempt 1/2: Trying with 'requests_browser' strategy...
2026-08-24 14:46:23,694 - INFO - Selenium driver initialized successfully (Eager load strategy, 7s timeout).
2026-08-24 14:46:23,694 - INFO - Starting scrape for Economic Times RSS feed: https://economictimes.indiatimes.com/rssfeedsdefault.cms
2026-08-24 14:46:23,909 - INFO - Selenium driver initialized successfully (Eager load strategy, 7s timeout).
2026-08-24 14:46:23,909 - INFO - Starting scrape for The Hindu RSS feed: https://www.thehindu.com/news/national/feeder/default.rss
2026-08-24 14:46:23,924 - INFO - Selenium driver initialized successfully (Eager load strategy, 7s timeout).
2026-08-24 14:46:23,924 - INFO - Starting scrape for NDTV RSS feed: https://feeds.feedburner.com/ndtvnews-top-stories
2026-08-24 14:46:23,937 - ERROR - parsed tree length: 1, wrong data type or not valid HTML
2026-08-24 14:46:23,955 - ERROR - empty HTML tree: None
2026-08-24 14:46:23,956 - WARNING - discarding data: None
2026-08-24 14:46:23,956 - WARNING - [Wired] FAILED with 'requests_browser' (content was too short: 0 words).
2026-08-24 14:46:24,097 - INFO - [Al Jazeera] Success with 'requests_browser'. Found content (1228 words).
2026-08-24 14:46:24,120 - INFO - Selenium driver initialized successfully (Eager load strategy, 7s timeout).
2026-08-24 14:46:24,120 - INFO - Starting scrape for Indian Express RSS feed: https://indianexpress.com/feed/
2026-08-24 14:46:24,270 - INFO - Found 27 articles in BBC RSS feed. Processing until 10 new articles are saved.
2026-08-24 14:46:24,270 - INFO - [BBC] Early skip: URL https://www.bbc.co.uk/news/articles/cg598yvrzpro?at_medium=RSS&at_campaign=rss already exists.
2026-08-24 14:46:24,279 - INFO - [BBC] Early skip: URL https://www.bbc.co.uk/news/articles/c0qxew81y83o?at_medium=RSS&at_campaign=rss already exists.
2026-08-24 14:46:24,289 - INFO - [BBC] Early skip: URL https://www.bbc.co.uk/news/articles/c36lnekj659o?at_medium=RSS&at_campaign=rss already exists.
2026-08-24 14:46:24,301 - INFO - [BBC] Early skip: URL https://www.bbc.co.uk/news/articles/c4g6ggdg030o?at_medium=RSS&at_campaign=rss already exists.
2026-08-24 14:46:24,309 - INFO - [BBC] Early skip: URL https://www.bbc.co.uk/news/articles/cgrvjn88rxqo?at_medium=RSS&at_campaign=rss already exists.
2026-08-24 14:46:24,320 - INFO - [BBC] Early skip: URL https://www.bbc.co.uk/news/articles/c4g6ggdg030o?at_medium=RSS&at_campaign=rss already exists.
2026-08-24 14:46:24,327 - INFO - [BBC] Early skip: URL https://www.bbc.co.uk/news/articles/cgrvj28wrxgo?at_medium=RSS&at_campaign=rss already exists.
2026-08-24 14:46:24,328 - INFO - [BBC] Early skip: URL https://www.bbc.co.uk/news/articles/cgrvjn88rxqo?at_medium=RSS&at_campaign=rss already exists.
2026-08-24 14:46:24,330 - INFO - [BBC] Early skip: URL https://www.bbc.co.uk/news/articles/c790w8wxv0do?at_medium=RSS&at_campaign=rss already exists.
2026-08-24 14:46:24,331 - INFO - [BBC] Early skip: URL https://www.bbc.co.uk/news/articles/cy9ze48l2yeo?at_medium=RSS&at_campaign=rss already exists.
2026-08-24 14:46:24,333 - INFO - [BBC] Early skip: URL https://www.bbc.co.uk/news/articles/cj068q7qj19o?at_medium=RSS&at_campaign=rss already exists.
2026-08-24 14:46:24,334 - INFO - [BBC] Early skip: URL https://www.bbc.co.uk/news/articles/c4g3g36z7p6o?at_medium=RSS&at_campaign=rss already exists.
2026-08-24 14:46:24,347 - INFO - [BBC] Early skip: URL https://www.bbc.co.uk/news/articles/cg7k9rmnzp7o?at_medium=RSS&at_campaign=rss already exists.
2026-08-24 14:46:24,348 - INFO - [BBC] Early skip: URL https://www.bbc.co.uk/sport/football/articles/cqxvj8j7gy8o?at_medium=RSS&at_campaign=rss already exists.
2026-08-24 14:46:24,349 - INFO - [BBC] Early skip: URL https://www.bbc.co.uk/news/articles/cx2z889l0dxo?at_medium=RSS&at_campaign=rss already exists.
2026-08-24 14:46:24,350 - INFO - [BBC] Early skip: URL https://www.bbc.co.uk/news/articles/cx272np7vgyo?at_medium=RSS&at_campaign=rss already exists.
2026-08-24 14:46:24,354 - INFO - [BBC] Early skip: URL https://www.bbc.co.uk/news/articles/ckgvk9p2n7ko?at_medium=RSS&at_campaign=rss already exists.
2026-08-24 14:46:24,357 - INFO - [BBC] Early skip: URL https://www.bbc.co.uk/news/articles/cy0j0zz8l83o?at_medium=RSS&at_campaign=rss already exists.
2026-08-24 14:46:24,358 - INFO - [BBC] Early skip: URL https://www.bbc.co.uk/news/articles/c87n792dnlno?at_medium=RSS&at_campaign=rss already exists.
2026-08-24 14:46:24,361 - INFO - [BBC] Early skip: URL https://www.bbc.co.uk/news/articles/c20drryz7nvo?at_medium=RSS&at_campaign=rss already exists.
2026-08-24 14:46:24,363 - INFO - [BBC] Early skip: URL https://www.bbc.co.uk/news/videos/c7vgvj6e1emo?at_medium=RSS&at_campaign=rss already exists.
2026-08-24 14:46:24,364 - INFO - [BBC] Early skip: URL https://www.bbc.co.uk/news/videos/cy0zr8lkr8lo?at_medium=RSS&at_campaign=rss already exists.
2026-08-24 14:46:24,365 - INFO - [BBC] Early skip: URL https://www.bbc.co.uk/news/videos/c93e5q5783wo?at_medium=RSS&at_campaign=rss already exists.
2026-08-24 14:46:24,367 - INFO - [BBC] Early skip: URL https://www.bbc.co.uk/news/videos/cgljl9zp47xo?at_medium=RSS&at_campaign=rss already exists.
2026-08-24 14:46:24,368 - INFO - [BBC] Early skip: URL https://www.bbc.co.uk/news/videos/c20eq9ywplqo?at_medium=RSS&at_campaign=rss already exists.
2026-08-24 14:46:24,369 - INFO - [BBC] Early skip: URL https://www.bbc.co.uk/news/videos/c0qvqzzdd02o?at_medium=RSS&at_campaign=rss already exists.
2026-08-24 14:46:24,375 - INFO - [BBC] Early skip: URL https://www.bbc.co.uk/news/videos/c235j22d85ro?at_medium=RSS&at_campaign=rss already exists.
2026-08-24 14:46:24,377 - INFO - [BBC] (Thread) Finished. Attempting to shut down its Selenium driver.
2026-08-24 14:46:24,469 - INFO - [BBC] (Thread) driver.quit() successful.
2026-08-24 14:46:24,483 - INFO - Found 60 articles in The Hindu RSS feed. Processing until 20 new articles are saved.
2026-08-24 14:46:24,484 - INFO - [The Hindu] Article: https://www.thehindu.com/news/national/kerala/protests-intensify-against-move-to-split-palakkad-rail-division/article71385190.ece
2026-08-24 14:46:24,484 - INFO - [The Hindu] Attempt 1/1: Trying with 'selenium_browser' strategy...
2026-08-24 14:46:26,051 - ERROR - Failed to fetch Indian Express RSS feed: 403 Client Error: Forbidden for url: https://indianexpress.com/feed/
2026-08-24 14:46:26,052 - INFO - [Indian Express] (Thread) Finished. Attempting to shut down its Selenium driver.
2026-08-24 14:46:26,081 - INFO - [Wired] Article: https://www.wired.com/gallery/best-kindle/
2026-08-24 14:46:26,081 - INFO - [Wired] Attempt 2/2: Trying with 'selenium_browser' strategy...
2026-08-24 14:46:27,791 - INFO - [Indian Express] (Thread) driver.quit() successful.
2026-08-24 14:46:27,792 - INFO - >>> SUCCESSFULLY SAVED [ID: 112804] - Algeria’s schools put Shakespeare before Molière in break from France | Arts and Culture News | Al Jazeera from Al Jazeera (1228 words)
2026-08-24 14:46:27,860 - INFO - Found 20 articles in NDTV RSS feed. Processing until 10 new articles are saved.
2026-08-24 14:46:27,860 - INFO - [NDTV] Early skip: URL https://www.ndtv.com/india-news/bihar-exam-officers-dogs-bark-remark-for-protesters-triggers-row-11952337#publisher=newsstand already exists.
2026-08-24 14:46:27,886 - INFO - Found 76 articles in Economic Times RSS feed. Processing until 20 new articles are saved.
2026-08-24 14:46:27,886 - INFO - [Economic Times] Early skip: URL https://economictimes.indiatimes.com/markets/ipos/fpos/rs-21000-crore-ipo-rush-in-august-highest-in-one-year-will-september-break-all-records/articleshow/133450843.cms already exists.
2026-08-24 14:46:27,886 - INFO - [NDTV] Early skip: URL https://www.ndtv.com/india-news/assam-rifles-suspect-in-manipur-ambush-that-killed-colonel-wife-and-son-in-2021-arrested-11952335#publisher=newsstand already exists.
2026-08-24 14:46:27,888 - INFO - [NDTV] Early skip: URL https://www.ndtv.com/india-news/1-of-kumbh-budget-could-save-125-schools-reality-check-by-top-court-judge-11952118#publisher=newsstand already exists.
2026-08-24 14:46:27,891 - INFO - [NDTV] Early skip: URL https://www.ndtv.com/india-news/maharashtra-joyride-goes-wrong-woman-thrown-to-ground-after-seat-lock-snaps-11951907#publisher=newsstand already exists.
2026-08-24 14:46:27,893 - INFO - [NDTV] Early skip: URL https://www.ndtv.com/india-news/wfh-advisory-for-offices-online-classes-for-schools-in-rain-hit-gurugram-11951607#publisher=newsstand already exists.
2026-08-24 14:46:27,895 - INFO - [NDTV] Early skip: URL https://www.ndtv.com/india-news/poor-drainage-short-term-fixes-why-gurugram-submerges-every-monsoon-11952110#publisher=newsstand already exists.
2026-08-24 14:46:27,897 - INFO - [NDTV] Early skip: URL https://www.ndtv.com/india-news/special-26-in-delhi-woman-mastermind-behind-fake-cbi-raid-gang-busted-11952091#publisher=newsstand already exists.
2026-08-24 14:46:27,900 - INFO - [NDTV] Early skip: URL https://www.ndtv.com/world-news/russia-ukraine-war-throwing-oil-on-fire-russia-slams-britain-over-missile-help-to-ukraine-11952009#publisher=newsstand already exists.
2026-08-24 14:46:27,900 - INFO - [Economic Times] Early skip: URL https://economictimes.indiatimes.com/markets/stocks/news/will-paras-defence-mtar-tech-hal-other-defence-stocks-deliver-explosive-returns-heres-what-analysts-say/articleshow/133451464.cms already exists.
2026-08-24 14:46:27,902 - INFO - [NDTV] Early skip: URL https://www.ndtv.com/india-news/against-federal-cooperatism-telangana-chief-minister-revanth-reddy-after-centres-no-to-us-visit-11951964#publisher=newsstand already exists.
2026-08-24 14:46:27,902 - INFO - [Economic Times] Early skip: URL https://economictimes.indiatimes.com/markets/stocks/news/stocks-to-buy-5-real-estate-stocks-which-nomura-remains-bullish-on/slideshow/133451134.cms already exists.
2026-08-24 14:46:27,904 - INFO - [Economic Times] Early skip: URL https://economictimes.indiatimes.com/markets/stocks/news/in-favour-fiis-buy-7-multibaggers-that-soared-up-to-730-after-2-quarters-of-selling/articleshow/133450761.cms already exists.
2026-08-24 14:46:27,904 - INFO - [NDTV] Early skip: URL https://www.ndtv.com/india-news/from-haryana-to-punjab-why-the-bjp-is-betting-on-satish-poonia-11951893#publisher=newsstand already exists.
2026-08-24 14:46:27,905 - INFO - [Economic Times] Early skip: URL https://economictimes.indiatimes.com/markets/stocks/news/pli-2-0-for-mobiles-set-to-reward-scale-exports-dixon-a-key-beneficiary-motilal-oswal/articleshow/133455488.cms already exists.
2026-08-24 14:46:27,905 - INFO - [NDTV] Early skip: URL https://www.ndtv.com/india-news/air-india-flight-from-delhi-suffers-bird-hit-while-landing-at-patna-airport-11951820#publisher=newsstand already exists.
2026-08-24 14:46:27,907 - INFO - [NDTV] Early skip: URL https://www.ndtv.com/india-news/after-teens-death-in-bike-crash-kerala-parents-donate-his-organs-11951938#publisher=newsstand already exists.
2026-08-24 14:46:27,908 - INFO - [Economic Times] Early skip: URL https://economictimes.indiatimes.com/markets/stocks/news/urban-company-shares-surge-7-to-11-month-high-rally-16-in-2-sessions-here-are-2-reasons-why/articleshow/133454609.cms already exists.
2026-08-24 14:46:27,908 - INFO - [NDTV] Early skip: URL https://www.ndtv.com/india-news/fake-airline-job-racket-busted-6-arrested-in-noida-11951882#publisher=newsstand already exists.
2026-08-24 14:46:27,910 - INFO - [NDTV] Early skip: URL https://www.ndtv.com/india-news/explained-why-tamil-nadu-dropped-2nd-airport-near-chennai-at-parandur-11950706#publisher=newsstand already exists.
2026-08-24 14:46:27,910 - INFO - [Economic Times] Article: https://economictimes.indiatimes.com/news/economy/policy/rbi-special-windows-seen-big-enough-to-bring-in-100b/articleshow/132813309.cms
2026-08-24 14:46:27,910 - INFO - [Economic Times] Attempt 1/2: Trying with 'requests_browser' strategy...
2026-08-24 14:46:27,922 - INFO - [NDTV] Early skip: URL https://www.ndtv.com/opinion/the-gulfs-new-defence-agreement-has-a-credibility-problem-11951656#publisher=newsstand already exists.
2026-08-24 14:46:27,924 - INFO - [NDTV] Early skip: URL https://www.ndtv.com/india-news/railway-division-row-opens-a-new-front-between-kerala-and-karnataka-11951595#publisher=newsstand already exists.
2026-08-24 14:46:27,927 - INFO - [NDTV] Early skip: URL https://www.ndtv.com/gurgaon-news/one-hour-of-rain-exposes-gurugrams-civic-infrastructure-again-11951459#publisher=newsstand already exists.
2026-08-24 14:46:27,928 - INFO - [NDTV] Early skip: URL https://www.ndtv.com/india-news/heat-humidity-and-heavy-rains-whats-driving-delhis-erratic-weather-11951532#publisher=newsstand already exists.
2026-08-24 14:46:27,929 - INFO - [NDTV] Early skip: URL https://www.ndtv.com/india-news/3-babbar-khalsa-operatives-arrested-with-5-kg-explosives-guns-in-chandigarh-11951474#publisher=newsstand already exists.
2026-08-24 14:46:27,931 - INFO - [NDTV] Early skip: URL https://www.ndtv.com/india-news/us-iran-war-middle-east-war-disrupts-indias-aviation-sector-this-airport-stands-out-11951461#publisher=newsstand already exists.
2026-08-24 14:46:27,932 - INFO - [NDTV] (Thread) Finished. Attempting to shut down its Selenium driver.
2026-08-24 14:46:28,065 - INFO - [NDTV] (Thread) driver.quit() successful.
2026-08-24 14:46:28,646 - INFO - [Al Jazeera] Article: https://www.aljazeera.com/video/newsfeed/2026/8/24/rain-and-flooding-from-typhoon-narra-hits-china-and-vietnam?traffic_source=rss
2026-08-24 14:46:28,647 - INFO - [Al Jazeera] Attempt 1/2: Trying with 'requests_browser' strategy...
2026-08-24 14:46:29,007 - WARNING - [Al Jazeera] FAILED with 'requests_browser' (content was too short: 56 words).
2026-08-24 14:46:29,782 - INFO - [Economic Times] Success with 'requests_browser'. Found content (322 words).
2026-08-24 14:46:29,823 - INFO - [Al Jazeera] Article: https://www.aljazeera.com/video/newsfeed/2026/8/24/rain-and-flooding-from-typhoon-narra-hits-china-and-vietnam?traffic_source=rss
2026-08-24 14:46:29,823 - INFO - [Al Jazeera] Attempt 2/2: Trying with 'selenium_browser' strategy...
2026-08-24 14:46:30,210 - INFO - [The Hindu] Page content loaded.
2026-08-24 14:46:33,251 - ERROR - Error saving article RBI special windows seen big enough to bring in $100B - The Economic Times: Hrana: `stream error: `Error { message: "SQLite error: UNIQUE constraint failed: articles.url", code: "SQLITE_CONSTRAINT" }``
2026-08-24 14:46:33,482 - INFO - [The Hindu] Success with 'selenium_browser'. Found content (281 words).
2026-08-24 14:46:33,528 - INFO - [Al Jazeera] Page content loaded.
2026-08-24 14:46:34,334 - INFO - [Economic Times] Article: https://economictimes.indiatimes.com/news/economy/foreign-trade/india-canada-aim-to-conclude-cepa-trade-pact-by-end-2026-mea/articleshow/132813105.cms
2026-08-24 14:46:34,334 - INFO - [Economic Times] Attempt 1/2: Trying with 'requests_browser' strategy...
2026-08-24 14:46:34,446 - INFO - DEDUPLICATION: Found match (Score: 0.85). Linking to Cluster ID: 45dc0710-e590-47c0-9b78-1259e21e014e
2026-08-24 14:46:34,459 - WARNING - [Al Jazeera] FAILED with 'selenium_browser' (content was too short: 56 words).
2026-08-24 14:46:34,459 - ERROR - [Al Jazeera] All scrape strategies failed for https://www.aljazeera.com/video/newsfeed/2026/8/24/rain-and-flooding-from-typhoon-narra-hits-china-and-vietnam?traffic_source=rss. Falling back to RSS description.
2026-08-24 14:46:34,459 - WARNING - SKIPPED (GLOBAL WORD LIMIT): Article 'Rain and flooding from Typhoon Narra hits China and Vietnam' from Al Jazeera has only 10 words (Min: 90).
2026-08-24 14:46:35,831 - INFO - [Al Jazeera] Article: https://www.aljazeera.com/video/newsfeed/2026/8/24/barrel-bomb-mufti-sentenced-to-life-in-syria?traffic_source=rss
2026-08-24 14:46:35,832 - INFO - [Al Jazeera] Attempt 1/2: Trying with 'requests_browser' strategy...
2026-08-24 14:46:37,501 - INFO - >>> SUCCESSFULLY SAVED [ID: 112806] - Protests intensify against move to split Palakkad rail division - The Hindu from The Hindu (281 words)
2026-08-24 14:46:37,753 - WARNING - [Al Jazeera] FAILED with 'requests_browser' (content was too short: 63 words).
2026-08-24 14:46:38,388 - INFO - [Economic Times] Success with 'requests_browser'. Found content (202 words).
2026-08-24 14:46:38,645 - INFO - [Al Jazeera] Article: https://www.aljazeera.com/video/newsfeed/2026/8/24/barrel-bomb-mufti-sentenced-to-life-in-syria?traffic_source=rss
2026-08-24 14:46:38,646 - INFO - [Al Jazeera] Attempt 2/2: Trying with 'selenium_browser' strategy...
2026-08-24 14:46:38,855 - INFO - [The Hindu] Article: https://www.thehindu.com/news/cities/Hyderabad/rain-in-parts-of-hyderabad-on-august-24/article71383505.ece
2026-08-24 14:46:38,855 - INFO - [The Hindu] Attempt 1/1: Trying with 'selenium_browser' strategy...
2026-08-24 14:46:41,870 - ERROR - Error saving article India, Canada aim to conclude CEPA trade pact by end-2026: MEA - The Economic Times: Hrana: `stream error: `Error { message: "SQLite error: UNIQUE constraint failed: articles.url", code: "SQLITE_CONSTRAINT" }``
2026-08-24 14:46:42,761 - INFO - [Economic Times] Article: https://economictimes.indiatimes.com/news/economy/infrastructure/govts-urban-reset-centre-divides-ministry-of-housing-and-urban-affairs-into-two-specialised-verticals/articleshow/132812900.cms
2026-08-24 14:46:42,761 - INFO - [Economic Times] Attempt 1/2: Trying with 'requests_browser' strategy...
2026-08-24 14:46:43,970 - INFO - [Economic Times] Success with 'requests_browser'. Found content (244 words).
2026-08-24 14:46:44,743 - INFO - [Al Jazeera] Page content loaded.
2026-08-24 14:46:47,957 - ERROR - Error saving article Govt's urban reset: Centre divides ministry of Housing and Urban Affairs into two specialised verticals - The Economic Times: Hrana: `stream error: `Error { message: "SQLite error: UNIQUE constraint failed: articles.url", code: "SQLITE_CONSTRAINT" }``
2026-08-24 14:46:48,238 - WARNING - [Al Jazeera] FAILED with 'selenium_browser' (content was too short: 63 words).
2026-08-24 14:46:48,238 - ERROR - [Al Jazeera] All scrape strategies failed for https://www.aljazeera.com/video/newsfeed/2026/8/24/barrel-bomb-mufti-sentenced-to-life-in-syria?traffic_source=rss. Falling back to RSS description.
2026-08-24 14:46:48,238 - WARNING - SKIPPED (GLOBAL WORD LIMIT): Article '‘Barrel bomb mufti’ sentenced to life in Syria' from Al Jazeera has only 8 words (Min: 90).
2026-08-24 14:46:48,875 - INFO - [Economic Times] Article: https://economictimes.indiatimes.com/news/economy/foreign-trade/india-uk-ceta-takes-effect-first-zero-duty-indian-coffee-jewellery-consignments-reach-uk-shores/articleshow/132442764.cms
2026-08-24 14:46:48,875 - INFO - [Economic Times] Attempt 1/2: Trying with 'requests_browser' strategy...
2026-08-24 14:46:49,201 - INFO - [Al Jazeera] Early skip: URL https://www.aljazeera.com/news/2026/8/24/saudi-arabias-mbs-visits-macron-in-france-what-to-expect?traffic_source=rss already exists.
2026-08-24 14:46:49,202 - INFO - [Al Jazeera] Early skip: URL https://www.aljazeera.com/sports/2026/8/24/four-arrested-over-fatal-shooting-of-south-african-boxer-zolani-tete?traffic_source=rss already exists.
2026-08-24 14:46:49,204 - INFO - [Al Jazeera] Early skip: URL https://www.aljazeera.com/news/2026/8/24/south-korea-says-us-cancelled-upcoming-joint-marine-exercises-over-iran-war?traffic_source=rss already exists.
2026-08-24 14:46:49,205 - INFO - [Al Jazeera] Article: https://www.aljazeera.com/video/newsfeed/2026/8/24/activists-occupy-uk-aircraft-parts-factory-over-israel-links?traffic_source=rss
2026-08-24 14:46:49,205 - INFO - [Al Jazeera] Attempt 1/2: Trying with 'requests_browser' strategy...
2026-08-24 14:46:49,554 - WARNING - [Al Jazeera] FAILED with 'requests_browser' (content was too short: 65 words).
2026-08-24 14:46:49,556 - INFO - [Economic Times] Success with 'requests_browser'. Found content (946 words).
2026-08-24 14:46:50,273 - INFO - [Al Jazeera] Article: https://www.aljazeera.com/video/newsfeed/2026/8/24/activists-occupy-uk-aircraft-parts-factory-over-israel-links?traffic_source=rss
2026-08-24 14:46:50,274 - INFO - [Al Jazeera] Attempt 2/2: Trying with 'selenium_browser' strategy...
2026-08-24 14:46:53,097 - ERROR - Error saving article India-UK CETA takes effect: First zero-duty Indian coffee, jewellery consignments reach UK shores - The Economic Times: Hrana: `stream error: `Error { message: "SQLite error: UNIQUE constraint failed: articles.url", code: "SQLITE_CONSTRAINT" }``
2026-08-24 14:46:53,707 - INFO - [Economic Times] Article: https://economictimes.indiatimes.com/news/economy/foreign-trade/from-oman-to-tanzania-how-the-iran-war-is-redrawing-indias-trade-map/articleshow/131762760.cms
2026-08-24 14:46:53,708 - INFO - [Economic Times] Attempt 1/2: Trying with 'requests_browser' strategy...
2026-08-24 14:46:54,408 - INFO - [Al Jazeera] Page content loaded.
2026-08-24 14:46:54,445 - INFO - [Economic Times] Success with 'requests_browser'. Found content (385 words).
2026-08-24 14:46:55,834 - WARNING - [Al Jazeera] FAILED with 'selenium_browser' (content was too short: 65 words).
2026-08-24 14:46:55,834 - ERROR - [Al Jazeera] All scrape strategies failed for https://www.aljazeera.com/video/newsfeed/2026/8/24/activists-occupy-uk-aircraft-parts-factory-over-israel-links?traffic_source=rss. Falling back to RSS description.
2026-08-24 14:46:55,834 - WARNING - SKIPPED (GLOBAL WORD LIMIT): Article 'Activists occupy UK aircraft parts factory over Israel links' from Al Jazeera has only 15 words (Min: 90).
2026-08-24 14:46:55,875 - WARNING - [Wired] Page explicit wait timed out (3s). Proceeding anyway.
2026-08-24 14:46:57,450 - INFO - [Al Jazeera] Early skip: URL https://www.aljazeera.com/sports/2026/8/24/former-nba-player-enes-kanter-ejected-after-confrontation-with-wnbas-cloud?traffic_source=rss already exists.
2026-08-24 14:46:58,790 - INFO - [Al Jazeera] Early skip: URL https://www.aljazeera.com/news/2026/8/24/israel-accused-of-using-kites-as-pretext-to-justify-escalating-gaza-attacks?traffic_source=rss already exists.
2026-08-24 14:46:58,792 - INFO - [Al Jazeera] Early skip: URL https://www.aljazeera.com/sports/2026/8/24/cambuur-fans-suffer-burns-as-fireworks-set-off-during-dutch-league-match?traffic_source=rss already exists.
2026-08-24 14:46:58,794 - INFO - [Al Jazeera] Early skip: URL https://www.aljazeera.com/gallery/2026/8/24/photos-towering-landfill-collapse-kills-30-in-guineas-capital-conakry?traffic_source=rss already exists.
2026-08-24 14:46:58,794 - ERROR - Error saving article From Oman to Tanzania: How the Iran war is redrawing India’s trade map - The Economic Times: Hrana: `stream error: `Error { message: "SQLite error: UNIQUE constraint failed: articles.url", code: "SQLITE_CONSTRAINT" }``
2026-08-24 14:46:58,798 - INFO - [Al Jazeera] Early skip: URL https://www.aljazeera.com/features/2026/8/24/india-used-pellets-grenades-on-gen-z-protests-what-amnesty-report-reveals?traffic_source=rss already exists.
2026-08-24 14:46:58,799 - INFO - [Al Jazeera] Early skip: URL https://www.aljazeera.com/news/2026/8/24/dutch-public-broadcaster-to-boycott-no-longer-neutral-eurovision?traffic_source=rss already exists.
2026-08-24 14:46:58,801 - INFO - [Al Jazeera] Early skip: URL https://www.aljazeera.com/news/2026/8/24/us-threatens-toughest-sanctions-yet-against-iran-what-we-know?traffic_source=rss already exists.
2026-08-24 14:46:58,803 - INFO - [Al Jazeera] Early skip: URL https://www.aljazeera.com/news/2026/8/24/ukraines-offensive-against-russia-causes-petrol-panic-across-central-asia?traffic_source=rss already exists.
2026-08-24 14:46:58,805 - INFO - [Al Jazeera] Early skip: URL https://www.aljazeera.com/news/2026/8/24/us-military-says-strike-on-alleged-drug-smuggling-boat-kills-two?traffic_source=rss already exists.
2026-08-24 14:46:58,807 - INFO - [Al Jazeera] Article: https://www.aljazeera.com/video/newsfeed/2026/8/24/dozens-of-coordinated-arson-attacks-carried-out-across-thailand?traffic_source=rss
2026-08-24 14:46:58,807 - INFO - [Al Jazeera] Attempt 1/2: Trying with 'requests_browser' strategy...
2026-08-24 14:46:59,049 - WARNING - [Al Jazeera] FAILED with 'requests_browser' (content was too short: 50 words).
2026-08-24 14:46:59,786 - INFO - [Economic Times] Article: https://economictimes.indiatimes.com/news/economy/policy/fm-sitharaman-flags-global-crisis-spillovers-unfair-burden-on-developing-nations/articleshow/131668427.cms
2026-08-24 14:46:59,787 - INFO - [Economic Times] Attempt 1/2: Trying with 'requests_browser' strategy...
2026-08-24 14:47:00,037 - INFO - [Al Jazeera] Article: https://www.aljazeera.com/video/newsfeed/2026/8/24/dozens-of-coordinated-arson-attacks-carried-out-across-thailand?traffic_source=rss
2026-08-24 14:47:00,037 - INFO - [Al Jazeera] Attempt 2/2: Trying with 'selenium_browser' strategy...
2026-08-24 14:47:00,462 - INFO - [Economic Times] Success with 'requests_browser'. Found content (317 words).
2026-08-24 14:47:03,709 - ERROR - Error saving article FM Sitharaman flags global crisis spillovers, unfair burden on developing nations - The Economic Times: Hrana: `stream error: `Error { message: "SQLite error: UNIQUE constraint failed: articles.url", code: "SQLITE_CONSTRAINT" }``
2026-08-24 14:47:04,254 - INFO - [Economic Times] Article: https://economictimes.indiatimes.com/tech/technology/apple-faces-indian-engineers-bias-lawsuit/articleshow/81694292.cms
2026-08-24 14:47:04,254 - INFO - [Economic Times] Attempt 1/2: Trying with 'requests_browser' strategy...
2026-08-24 14:47:04,637 - ERROR - parsed tree length: 1, wrong data type or not valid HTML
2026-08-24 14:47:04,638 - ERROR - empty HTML tree: None
2026-08-24 14:47:04,638 - WARNING - discarding data: None
2026-08-24 14:47:04,638 - WARNING - [Economic Times] FAILED with 'requests_browser' (content was too short: 0 words).
2026-08-24 14:47:05,227 - INFO - [Economic Times] Article: https://economictimes.indiatimes.com/tech/technology/apple-faces-indian-engineers-bias-lawsuit/articleshow/81694292.cms
2026-08-24 14:47:05,228 - INFO - [Economic Times] Attempt 2/2: Trying with 'selenium_browser' strategy...
2026-08-24 14:47:07,338 - INFO - [Al Jazeera] Page content loaded.
2026-08-24 14:47:08,296 - WARNING - [Al Jazeera] FAILED with 'selenium_browser' (content was too short: 50 words).
2026-08-24 14:47:08,296 - ERROR - [Al Jazeera] All scrape strategies failed for https://www.aljazeera.com/video/newsfeed/2026/8/24/dozens-of-coordinated-arson-attacks-carried-out-across-thailand?traffic_source=rss. Falling back to RSS description.
2026-08-24 14:47:08,296 - WARNING - SKIPPED (GLOBAL WORD LIMIT): Article 'Dozens of coordinated arson attacks carried out across Thailand' from Al Jazeera has only 9 words (Min: 90).
2026-08-24 14:47:08,944 - INFO - [Wired] Success with 'selenium_browser'. Found content (2417 words).
2026-08-24 14:47:09,716 - INFO - [Al Jazeera] Article: https://www.aljazeera.com/video/newsfeed/2026/8/24/macron-and-mbs-attend-esports-world-cup-closing-ceremony?traffic_source=rss
2026-08-24 14:47:09,717 - INFO - [Al Jazeera] Attempt 1/2: Trying with 'requests_browser' strategy...
2026-08-24 14:47:10,047 - WARNING - [Al Jazeera] FAILED with 'requests_browser' (content was too short: 61 words).
2026-08-24 14:47:12,337 - INFO - [Economic Times] Page content loaded.
2026-08-24 14:47:12,338 - INFO - [Al Jazeera] Article: https://www.aljazeera.com/video/newsfeed/2026/8/24/macron-and-mbs-attend-esports-world-cup-closing-ceremony?traffic_source=rss
2026-08-24 14:47:12,339 - INFO - [Al Jazeera] Attempt 2/2: Trying with 'selenium_browser' strategy...
2026-08-24 14:47:13,314 - ERROR - Error saving article What’s the Best Kindle of 2026? (So Far) | WIRED: Hrana: `stream error: `Error { message: "SQLite error: UNIQUE constraint failed: articles.url", code: "SQLITE_CONSTRAINT" }``
2026-08-24 14:47:14,187 - INFO - [The Hindu] Page content loaded.
2026-08-24 14:47:14,704 - INFO - [Wired] Early skip: URL https://www.wired.com/story/transistors-changed-everything-heres-how-they-work/ already exists.
2026-08-24 14:47:14,706 - INFO - [Wired] Early skip: URL https://www.wired.com/gallery/best-laptop-docking-stations/ already exists.
2026-08-24 14:47:14,707 - INFO - [Wired] Early skip: URL https://www.wired.com/story/7-basic-iphone-tricks-i-built-with-ios-27s-revamped-shortcuts-app/ already exists.
2026-08-24 14:47:14,708 - INFO - [Wired] Early skip: URL https://www.wired.com/story/is-expensive-bottled-water-actually-better-for-you/ already exists.
2026-08-24 14:47:14,710 - INFO - [Wired] Early skip: URL https://www.wired.com/review/saily-ultra-esim/ already exists.
2026-08-24 14:47:14,715 - INFO - [Wired] Early skip: URL https://www.wired.com/gallery/best-monitor-arms/ already exists.
2026-08-24 14:47:14,717 - INFO - [Wired] Early skip: URL https://www.wired.com/story/set-up-a-separate-work-profile-on-your-android-phone/ already exists.
2026-08-24 14:47:14,719 - INFO - [Wired] Early skip: URL https://www.wired.com/gallery/the-best-mattress-toppers/ already exists.
2026-08-24 14:47:14,720 - INFO - [Wired] Early skip: URL https://www.wired.com/story/security-news-this-week-your-expired-visa-card-could-be-zombiefied-to-make-contactless-payments/ already exists.
2026-08-24 14:47:14,722 - INFO - [Wired] Early skip: URL https://www.wired.com/story/nasa-cancels-its-rescue-mission-for-the-aging-swift-telescope/ already exists.
2026-08-24 14:47:14,724 - INFO - [Wired] Early skip: URL https://www.wired.com/story/the-unlikely-place-at-the-center-of-chinas-ai-boom/ already exists.
2026-08-24 14:47:14,726 - INFO - [Wired] Early skip: URL https://www.wired.com/story/teslas-door-handles-lead-to-its-biggest-recall-yet/ already exists.
2026-08-24 14:47:14,728 - INFO - [Wired] Early skip: URL https://www.wired.com/story/metas-big-reckoning-is-here/ already exists.
2026-08-24 14:47:14,733 - INFO - [Wired] Article: https://www.wired.com/story/best-pool-cleaning-robots/
2026-08-24 14:47:14,733 - INFO - [Wired] Attempt 1/2: Trying with 'requests_browser' strategy...
2026-08-24 14:47:15,046 - ERROR - parsed tree length: 1, wrong data type or not valid HTML
2026-08-24 14:47:15,046 - ERROR - empty HTML tree: None
2026-08-24 14:47:15,046 - WARNING - discarding data: None
2026-08-24 14:47:15,046 - WARNING - [Wired] FAILED with 'requests_browser' (content was too short: 0 words).
2026-08-24 14:47:15,637 - INFO - [Wired] Article: https://www.wired.com/story/best-pool-cleaning-robots/
2026-08-24 14:47:15,637 - INFO - [Wired] Attempt 2/2: Trying with 'selenium_browser' strategy...
2026-08-24 14:47:17,523 - INFO - [Al Jazeera] Page content loaded.
2026-08-24 14:47:18,326 - WARNING - [Al Jazeera] FAILED with 'selenium_browser' (content was too short: 61 words).
2026-08-24 14:47:18,326 - ERROR - [Al Jazeera] All scrape strategies failed for https://www.aljazeera.com/video/newsfeed/2026/8/24/macron-and-mbs-attend-esports-world-cup-closing-ceremony?traffic_source=rss. Falling back to RSS description.
2026-08-24 14:47:18,326 - WARNING - SKIPPED (GLOBAL WORD LIMIT): Article 'Macron and MBS attend Esports World Cup closing ceremony' from Al Jazeera has only 17 words (Min: 90).
2026-08-24 14:47:19,444 - INFO - [Al Jazeera] Early skip: URL https://www.aljazeera.com/sports/2026/8/24/give-imran-khan-proper-medical-care-cricket-legends-urge-pakistani-govt?traffic_source=rss already exists.
2026-08-24 14:47:19,449 - INFO - [Al Jazeera] Early skip: URL https://www.aljazeera.com/sports/2026/8/24/transfer-target-julian-alvarez-booed-by-fans-in-atletico-madrid-win?traffic_source=rss already exists.
2026-08-24 14:47:19,451 - INFO - [Al Jazeera] Early skip: URL https://www.aljazeera.com/sports/2026/8/24/seville-jefferson-wooden-roar-to-100m-wins-at-silesia-diamond-league?traffic_source=rss already exists.
2026-08-24 14:47:19,452 - INFO - [Al Jazeera] Early skip: URL https://www.aljazeera.com/economy/2026/8/24/us-threat-of-economic-d-day-for-iran-tests-trumps-china-detente?traffic_source=rss already exists.
2026-08-24 14:47:19,455 - INFO - [Al Jazeera] Early skip: URL https://www.aljazeera.com/sports/2026/8/24/mercedes-no-longer-have-the-fastest-car-in-f1-says-leader-antonelli?traffic_source=rss already exists.
2026-08-24 14:47:19,457 - INFO - [Al Jazeera] Early skip: URL https://www.aljazeera.com/news/2026/8/24/e1-settlement-why-netanyahu-israels-right-might-not-mind-global-outrage?traffic_source=rss already exists.
2026-08-24 14:47:19,463 - INFO - [Al Jazeera] Early skip: URL https://www.aljazeera.com/news/2026/8/24/kazakhstans-newly-formed-pro-government-party-wins-parliamentary-election?traffic_source=rss already exists.
2026-08-24 14:47:19,465 - INFO - [Al Jazeera] (Thread) Finished. Attempting to shut down its Selenium driver.
2026-08-24 14:47:19,866 - INFO - [Al Jazeera] (Thread) driver.quit() successful.
2026-08-24 14:47:23,664 - ERROR - [The Hindu] Request failed for strategy 'selenium_browser' on URL https://www.thehindu.com/news/cities/Hyderabad/rain-in-parts-of-hyderabad-on-august-24/article71383505.ece: Message: timeout: Timed out receiving message from renderer: 7.000
  (Session info: chrome=152.0.7977.54)
Stacktrace:
#0 0x55ea4c09d28a <unknown>
#1 0x55ea4ba01ad9 <unknown>
#2 0x55ea4b9e956b <unknown>
#3 0x55ea4b9e91e6 <unknown>
#4 0x55ea4b9e6dc8 <unknown>
#5 0x55ea4b9e774f <unknown>
#6 0x55ea4b9f6810 <unknown>
#7 0x55ea4ba10767 <unknown>
#8 0x55ea4ba1813b <unknown>
#9 0x55ea4b9e7ea9 <unknown>
#10 0x55ea4ba104c2 <unknown>
#11 0x55ea4ba9fa96 <unknown>
#12 0x55ea4ba4ae6b <unknown>
#13 0x55ea4ba4bc51 <unknown>
#14 0x55ea4c0617b0 <unknown>
#15 0x55ea4c05fe2a <unknown>
#16 0x55ea4c04aba5 <unknown>
#17 0x55ea4c060aea <unknown>
#18 0x55ea4c033df0 <unknown>
#19 0x55ea4c088178 <unknown>
#20 0x55ea4c088315 <unknown>
#21 0x55ea4c09be13 <unknown>
#22 0x7fba3ea9cb84 <unknown>
#23 0x7fba3eb29d6c <unknown>

2026-08-24 14:47:23,664 - ERROR - [The Hindu] All scrape strategies failed for https://www.thehindu.com/news/cities/Hyderabad/rain-in-parts-of-hyderabad-on-august-24/article71383505.ece. Falling back to RSS description.
2026-08-24 14:47:23,664 - WARNING - SKIPPED (GLOBAL WORD LIMIT): Article 'Rain in parts of Hyderabad on August 24' from The Hindu has only 3 words (Min: 90).
2026-08-24 14:47:24,545 - INFO - [The Hindu] Article: https://www.thehindu.com/news/national/karnataka/karnataka-legislature-bill-on-public-spaces-does-not-make-it/article71385142.ece
2026-08-24 14:47:24,546 - INFO - [The Hindu] Attempt 1/1: Trying with 'selenium_browser' strategy...
2026-08-24 14:47:28,160 - INFO - [The Hindu] Page content loaded.
2026-08-24 14:47:28,687 - INFO - [The Hindu] Success with 'selenium_browser'. Found content (162 words).
2026-08-24 14:47:31,126 - WARNING - [Wired] Page get timed out (7s). Proceeding to grab partial source anyway.
2026-08-24 14:47:32,825 - INFO - >>> SUCCESSFULLY SAVED [ID: 112813] - Karnataka legislature: Bill on public spaces does not make it - The Hindu from The Hindu (162 words)
2026-08-24 14:47:34,310 - INFO - [Wired] Page content loaded.
2026-08-24 14:47:34,317 - INFO - [The Hindu] Article: https://www.thehindu.com/news/cities/Hyderabad/two-month-old-undergoes-robotic-surgery-at-hyderabad-hospital/article71384848.ece
2026-08-24 14:47:34,317 - INFO - [The Hindu] Attempt 1/1: Trying with 'selenium_browser' strategy...
2026-08-24 14:47:36,149 - INFO - [Wired] Success with 'selenium_browser'. Found content (3345 words).
2026-08-24 14:47:40,253 - ERROR - Error saving article I Tried the Best Robotic Pool Cleaners of 2026: Beatbot, iGarden, Dreame | WIRED: Hrana: `stream error: `Error { message: "SQLite error: UNIQUE constraint failed: articles.url", code: "SQLITE_CONSTRAINT" }``
2026-08-24 14:47:41,519 - INFO - [Wired] Early skip: URL https://www.wired.com/review/nyrius-phoenix-home-true-4k60/ already exists.
2026-08-24 14:47:41,524 - INFO - [Wired] Early skip: URL https://www.wired.com/story/the-patrick-clancy-conspiracy-theories-are-rooted-in-the-harsh-realities-of-motherhood/ already exists.
2026-08-24 14:47:41,528 - INFO - [Wired] Early skip: URL https://www.wired.com/story/the-best-electric-toothbrush-for-healthier-teeth-and-gums/ already exists.
2026-08-24 14:47:41,533 - INFO - [Wired] Early skip: URL https://www.wired.com/story/when-the-packaging-is-the-product-empty-boxes-influencers/ already exists.
2026-08-24 14:47:41,535 - INFO - [Wired] Early skip: URL https://www.wired.com/story/the-super-el-nino-wont-fix-the-wests-water-crisis/ already exists.
2026-08-24 14:47:41,537 - INFO - [Wired] Early skip: URL https://www.wired.com/story/early-tech-labor-day-sales-2026/ already exists.
2026-08-24 14:47:41,539 - INFO - [Wired] Early skip: URL https://www.wired.com/story/the-single-english-county-saying-no-to-palantir/ already exists.
2026-08-24 14:47:41,540 - INFO - [Wired] Article: https://www.wired.com/story/paramount-plus-coupon-code/
2026-08-24 14:47:41,540 - INFO - [Wired] Attempt 1/2: Trying with 'requests_browser' strategy...
2026-08-24 14:47:41,737 - ERROR - parsed tree length: 1, wrong data type or not valid HTML
2026-08-24 14:47:41,737 - ERROR - empty HTML tree: None
2026-08-24 14:47:41,737 - WARNING - discarding data: None
2026-08-24 14:47:41,737 - WARNING - [Wired] FAILED with 'requests_browser' (content was too short: 0 words).
2026-08-24 14:47:42,251 - INFO - [Wired] Article: https://www.wired.com/story/paramount-plus-coupon-code/
2026-08-24 14:47:42,252 - INFO - [Wired] Attempt 2/2: Trying with 'selenium_browser' strategy...
2026-08-24 14:47:46,132 - INFO - [The Hindu] Page content loaded.
2026-08-24 14:47:48,484 - INFO - [Economic Times] Success with 'selenium_browser'. Found content (743 words).
2026-08-24 14:47:52,227 - ERROR - Error saving article Apple faces Indian engineer’s bias lawsuit - The Economic Times: Hrana: `stream error: `Error { message: "SQLite error: UNIQUE constraint failed: articles.url", code: "SQLITE_CONSTRAINT" }``
2026-08-24 14:47:53,015 - INFO - [Economic Times] Article: https://economictimes.indiatimes.com/news/defence/despite-transatlantic-love-fest-eu-charts-third-way-in-ties-with-us-and-china/articleshow/81467467.cms
2026-08-24 14:47:53,016 - INFO - [Economic Times] Attempt 1/2: Trying with 'requests_browser' strategy...
2026-08-24 14:47:53,164 - ERROR - [The Hindu] Request failed for strategy 'selenium_browser' on URL https://www.thehindu.com/news/cities/Hyderabad/two-month-old-undergoes-robotic-surgery-at-hyderabad-hospital/article71384848.ece: Message: timeout: Timed out receiving message from renderer: 7.000
  (Session info: chrome=152.0.7977.54)
Stacktrace:
#0 0x55ea4c09d28a <unknown>
#1 0x55ea4ba01ad9 <unknown>
#2 0x55ea4b9e956b <unknown>
#3 0x55ea4b9e91e6 <unknown>
#4 0x55ea4b9e6dc8 <unknown>
#5 0x55ea4b9e774f <unknown>
#6 0x55ea4b9f6810 <unknown>
#7 0x55ea4ba10767 <unknown>
#8 0x55ea4ba1813b <unknown>
#9 0x55ea4b9e7ea9 <unknown>
#10 0x55ea4ba104c2 <unknown>
#11 0x55ea4ba9fa96 <unknown>
#12 0x55ea4ba4ae6b <unknown>
#13 0x55ea4ba4bc51 <unknown>
#14 0x55ea4c0617b0 <unknown>
#15 0x55ea4c05fe2a <unknown>
#16 0x55ea4c04aba5 <unknown>
#17 0x55ea4c060aea <unknown>
#18 0x55ea4c033df0 <unknown>
#19 0x55ea4c088178 <unknown>
#20 0x55ea4c088315 <unknown>
#21 0x55ea4c09be13 <unknown>
#22 0x7fba3ea9cb84 <unknown>
#23 0x7fba3eb29d6c <unknown>

2026-08-24 14:47:53,164 - ERROR - [The Hindu] All scrape strategies failed for https://www.thehindu.com/news/cities/Hyderabad/two-month-old-undergoes-robotic-surgery-at-hyderabad-hospital/article71384848.ece. Falling back to RSS description.
2026-08-24 14:47:53,164 - WARNING - SKIPPED (GLOBAL WORD LIMIT): Article 'Two-month-old undergoes robotic surgery at Hyderabad hospital' from The Hindu has only 3 words (Min: 90).
2026-08-24 14:47:53,551 - INFO - [Economic Times] Success with 'requests_browser'. Found content (799 words).
2026-08-24 14:47:56,025 - INFO - [The Hindu] Article: https://www.thehindu.com/news/national/andhra-pradesh/mp-inaugurates-mineral-water-plants-to-ensure-safe-drinking-water-for-public/article71385013.ece
2026-08-24 14:47:56,028 - INFO - [The Hindu] Attempt 1/1: Trying with 'selenium_browser' strategy...
2026-08-24 14:47:56,025 - INFO - [Wired] Page content loaded.
2026-08-24 14:47:57,014 - INFO - [Times of India] Page content loaded.
2026-08-24 14:47:57,016 - ERROR - Error saving article Despite transatlantic 'love fest', EU charts third way in ties with US and China - The Economic Times: Hrana: `stream error: `Error { message: "SQLite error: UNIQUE constraint failed: articles.url", code: "SQLITE_CONSTRAINT" }``
2026-08-24 14:47:57,456 - INFO - [Wired] Success with 'selenium_browser'. Found content (1468 words).
2026-08-24 14:47:57,632 - INFO - [Economic Times] Article: https://economictimes.indiatimes.com/tech/tech-bytes/twitters-india-policy-head-to-step-down-will-transition-in-march/articleshow/80732868.cms
2026-08-24 14:47:57,632 - INFO - [Economic Times] Attempt 1/2: Trying with 'requests_browser' strategy...
2026-08-24 14:48:00,619 - ERROR - Error saving article Paramount+ Coupon Codes and Deals for August 2026 | WIRED: Hrana: `stream error: `Error { message: "SQLite error: UNIQUE constraint failed: articles.url", code: "SQLITE_CONSTRAINT" }``
2026-08-24 14:48:00,626 - ERROR - parsed tree length: 1, wrong data type or not valid HTML
2026-08-24 14:48:00,626 - ERROR - empty HTML tree: None
2026-08-24 14:48:00,626 - WARNING - discarding data: None
2026-08-24 14:48:00,626 - WARNING - [Economic Times] FAILED with 'requests_browser' (content was too short: 0 words).
2026-08-24 14:48:00,785 - INFO - [Times of India] Success with 'selenium_browser'. Found content (363 words).
2026-08-24 14:48:02,547 - INFO - [Wired] Article: https://www.wired.com/story/zoro-promo-code/
2026-08-24 14:48:02,547 - INFO - [Economic Times] Article: https://economictimes.indiatimes.com/tech/tech-bytes/twitters-india-policy-head-to-step-down-will-transition-in-march/articleshow/80732868.cms
2026-08-24 14:48:02,548 - INFO - [Wired] Attempt 1/2: Trying with 'requests_browser' strategy...
2026-08-24 14:48:03,011 - INFO - [The Hindu] Page content loaded.
2026-08-24 14:48:04,233 - INFO - [Economic Times] Attempt 2/2: Trying with 'selenium_browser' strategy...
2026-08-24 14:48:04,233 - INFO - >>> SUCCESSFULLY SAVED [ID: 112818] - Albany Police Department issues BOLO for a man who picked $30 from the floor while shopping at Walmart; faces backlash, says no charges will be filed - The Times of India from Times of India (363 words)
2026-08-24 14:48:04,418 - ERROR - parsed tree length: 1, wrong data type or not valid HTML
2026-08-24 14:48:04,419 - ERROR - empty HTML tree: None
2026-08-24 14:48:04,419 - WARNING - discarding data: None
2026-08-24 14:48:04,419 - WARNING - [Wired] FAILED with 'requests_browser' (content was too short: 0 words).
2026-08-24 14:48:04,685 - INFO - [The Hindu] Success with 'selenium_browser'. Found content (157 words).
2026-08-24 14:48:04,889 - INFO - [Times of India] Article: https://timesofindia.indiatimes.com/world/us/in-1988-arthur-creator-marc-brown-bought-a-marthas-vineyard-estate-for-700000-after-37-years-and-writing-half-the-books-there-he-sold-it-for-6-4-million/articleshow/133461143.cms
2026-08-24 14:48:04,889 - INFO - [Times of India] Attempt 1/1: Trying with 'selenium_browser' strategy...
2026-08-24 14:48:06,314 - INFO - [Wired] Article: https://www.wired.com/story/zoro-promo-code/
2026-08-24 14:48:06,314 - INFO - [Wired] Attempt 2/2: Trying with 'selenium_browser' strategy...
2026-08-24 14:48:07,985 - INFO - >>> SUCCESSFULLY SAVED [ID: 112819] - MP inaugurates mineral water plants to ensure safe drinking water for public - The Hindu from The Hindu (157 words)
2026-08-24 14:48:08,766 - INFO - [The Hindu] Article: https://www.thehindu.com/news/national/andhra-pradesh/ysrcp-attacks-govt-over-karumuris-arrest-calls-it-political-vendatta/article71384680.ece
2026-08-24 14:48:08,769 - INFO - [The Hindu] Attempt 1/1: Trying with 'selenium_browser' strategy...
2026-08-24 14:48:10,073 - INFO - [Economic Times] Page content loaded.
2026-08-24 14:48:10,751 - INFO - [Economic Times] Success with 'selenium_browser'. Found content (615 words).
2026-08-24 14:48:12,941 - INFO - [Wired] Page content loaded.
2026-08-24 14:48:13,983 - ERROR - Error saving article Twitter's India policy head, Mahima Kaul, to step down; will transition in March - The Economic Times: Hrana: `stream error: `Error { message: "SQLite error: UNIQUE constraint failed: articles.url", code: "SQLITE_CONSTRAINT" }``
2026-08-24 14:48:14,364 - INFO - [Wired] Success with 'selenium_browser'. Found content (758 words).
2026-08-24 14:48:14,805 - INFO - [Economic Times] Article: https://economictimes.indiatimes.com/tech/tech-and-gadgets/govt-may-keep-rs-7500-cr-outlay-for-it-hardware-manufacturing-under-pli-scheme/articleshow/80333429.cms
2026-08-24 14:48:14,805 - INFO - [Economic Times] Attempt 1/2: Trying with 'requests_browser' strategy...
2026-08-24 14:48:16,996 - ERROR - parsed tree length: 1, wrong data type or not valid HTML
2026-08-24 14:48:16,996 - ERROR - empty HTML tree: None
2026-08-24 14:48:16,996 - WARNING - discarding data: None
2026-08-24 14:48:16,997 - WARNING - [Economic Times] FAILED with 'requests_browser' (content was too short: 0 words).
2026-08-24 14:48:17,890 - ERROR - Error saving article Zoro Coupon Codes: 55% Off August | WIRED: Hrana: `stream error: `Error { message: "SQLite error: UNIQUE constraint failed: articles.url", code: "SQLITE_CONSTRAINT" }``
2026-08-24 14:48:18,441 - INFO - [Wired] Article: https://www.wired.com/story/nordvpn-coupon/
2026-08-24 14:48:18,442 - INFO - [Wired] Attempt 1/2: Trying with 'requests_browser' strategy...
2026-08-24 14:48:18,520 - INFO - [Economic Times] Article: https://economictimes.indiatimes.com/tech/tech-and-gadgets/govt-may-keep-rs-7500-cr-outlay-for-it-hardware-manufacturing-under-pli-scheme/articleshow/80333429.cms
2026-08-24 14:48:18,521 - INFO - [Economic Times] Attempt 2/2: Trying with 'selenium_browser' strategy...
2026-08-24 14:48:18,765 - ERROR - parsed tree length: 1, wrong data type or not valid HTML
2026-08-24 14:48:18,765 - ERROR - empty HTML tree: None
2026-08-24 14:48:18,765 - WARNING - discarding data: None
2026-08-24 14:48:18,765 - WARNING - [Wired] FAILED with 'requests_browser' (content was too short: 0 words).
2026-08-24 14:48:19,392 - INFO - [Wired] Article: https://www.wired.com/story/nordvpn-coupon/
2026-08-24 14:48:19,392 - INFO - [Wired] Attempt 2/2: Trying with 'selenium_browser' strategy...
2026-08-24 14:48:19,808 - INFO - [The Hindu] Page content loaded.
2026-08-24 14:48:20,663 - INFO - [The Hindu] Success with 'selenium_browser'. Found content (135 words).
2026-08-24 14:48:24,331 - INFO - >>> SUCCESSFULLY SAVED [ID: 112822] - YSRCP attacks govt. over Karumuri’s arrest, calls it ‘political vendatta’ - The Hindu from The Hindu (135 words)
2026-08-24 14:48:25,067 - INFO - [The Hindu] Article: https://www.thehindu.com/news/national/andhra-pradesh/the-hindu-impact-juvenile-justice-committee-of-ap-high-court-seeks-report-on-sexual-abuse-of-minor-girls-in-krishna-district/article71384919.ece
2026-08-24 14:48:25,067 - INFO - [The Hindu] Attempt 1/1: Trying with 'selenium_browser' strategy...
2026-08-24 14:48:28,077 - INFO - [The Hindu] Page content loaded.
2026-08-24 14:48:28,444 - WARNING - [Times of India] Page explicit wait timed out (3s). Proceeding anyway.
2026-08-24 14:48:28,659 - INFO - [The Hindu] Success with 'selenium_browser'. Found content (264 words).
2026-08-24 14:48:30,819 - INFO - [Wired] Page content loaded.
2026-08-24 14:48:34,648 - INFO - >>> SUCCESSFULLY SAVED [ID: 112823] - The Hindu Impact: Juvenile Justice Committee of A.P. High Court seeks report on sexual abuse of minor girls in Krishna district - The Hindu from The Hindu (264 words)
2026-08-24 14:48:35,136 - INFO - [Times of India] Success with 'selenium_browser'. Found content (711 words).
2026-08-24 14:48:35,202 - INFO - [The Hindu] Article: https://www.thehindu.com/news/national/andhra-pradesh/probe-yet-to-establish-love-jihad-link-in-kakinada-family-deaths-sp/article71384582.ece
2026-08-24 14:48:35,202 - INFO - [The Hindu] Attempt 1/1: Trying with 'selenium_browser' strategy...
2026-08-24 14:48:35,572 - INFO - [Wired] Success with 'selenium_browser'. Found content (1341 words).
2026-08-24 14:48:40,119 - ERROR - Error saving article NordVPN Coupons: 75% Off, Plus 3 Months Free in August 2026 | WIRED: Hrana: `stream error: `Error { message: "SQLite error: UNIQUE constraint failed: articles.url", code: "SQLITE_CONSTRAINT" }``
2026-08-24 14:48:41,761 - INFO - [Wired] Early skip: URL https://www.wired.com/story/ruggable-discount-code/ already exists.
2026-08-24 14:48:41,762 - INFO - [Economic Times] Page content loaded.
2026-08-24 14:48:42,231 - INFO - [Wired] Article: https://www.wired.com/story/meta-quest-promo-code/
2026-08-24 14:48:42,232 - INFO - [Wired] Attempt 1/2: Trying with 'requests_browser' strategy...
2026-08-24 14:48:43,480 - INFO - >>> SUCCESSFULLY SAVED [ID: 112825] - In 1988, Arthur creator Marc Brown bought a Martha’s Vineyard estate for $700,000; after 37 years and writing half the books there, he sold it for $6.4 million - The Times of India from Times of India (711 words)
2026-08-24 14:48:43,502 - INFO - [The Hindu] Page content loaded.
2026-08-24 14:48:43,517 - ERROR - parsed tree length: 1, wrong data type or not valid HTML
2026-08-24 14:48:43,517 - ERROR - empty HTML tree: None
2026-08-24 14:48:43,518 - WARNING - discarding data: None
2026-08-24 14:48:43,518 - WARNING - [Wired] FAILED with 'requests_browser' (content was too short: 0 words).
2026-08-24 14:48:44,061 - INFO - [Economic Times] Success with 'selenium_browser'. Found content (481 words).
2026-08-24 14:48:44,118 - INFO - [The Hindu] Success with 'selenium_browser'. Found content (465 words).
2026-08-24 14:48:44,319 - INFO - [Wired] Article: https://www.wired.com/story/meta-quest-promo-code/
2026-08-24 14:48:44,319 - INFO - [Wired] Attempt 2/2: Trying with 'selenium_browser' strategy...
2026-08-24 14:48:44,595 - INFO - [Times of India] Article: https://timesofindia.indiatimes.com/world/rest-of-world/in-1998-costa-rica-spread-12000-tonnes-of-orange-waste-over-degraded-pasture-16-years-later-tree-diversity-had-tripled-and-forest-biomass-was-176-higher/articleshow/133466780.cms
2026-08-24 14:48:44,595 - INFO - [Times of India] Attempt 1/1: Trying with 'selenium_browser' strategy...
2026-08-24 14:48:47,413 - ERROR - Error saving article Govt may keep Rs 7,500 cr outlay for IT hardware manufacturing under PLI scheme - The Economic Times: Hrana: `stream error: `Error { message: "SQLite error: UNIQUE constraint failed: articles.url", code: "SQLITE_CONSTRAINT" }``
2026-08-24 14:48:48,876 - INFO - [Economic Times] Article: https://economictimes.indiatimes.com/tech/technology/indian-dating-apps-services-see-surge-of-paying-users-in-small-cities/articleshow/80063342.cms
2026-08-24 14:48:48,877 - INFO - [Economic Times] Attempt 1/2: Trying with 'requests_browser' strategy...
2026-08-24 14:48:50,331 - INFO - [Times of India] Page content loaded.
2026-08-24 14:48:50,580 - INFO - >>> SUCCESSFULLY SAVED [ID: 112827] - Probe yet to establish ‘Love Jihad’ link in Kakinada family deaths: SP - The Hindu from The Hindu (465 words)
2026-08-24 14:48:50,595 - ERROR - parsed tree length: 1, wrong data type or not valid HTML
2026-08-24 14:48:50,595 - ERROR - empty HTML tree: None
2026-08-24 14:48:50,595 - WARNING - discarding data: None
2026-08-24 14:48:50,595 - WARNING - [Economic Times] FAILED with 'requests_browser' (content was too short: 0 words).
2026-08-24 14:48:50,880 - INFO - [Wired] Page content loaded.
2026-08-24 14:48:51,440 - INFO - [Wired] Success with 'selenium_browser'. Found content (1201 words).
2026-08-24 14:48:51,582 - INFO - [The Hindu] Article: https://www.thehindu.com/news/national/andhra-pradesh/pulivendula-mega-water-project-works-gather-pace-with-280-crore-funding/article71384675.ece
2026-08-24 14:48:51,582 - INFO - [The Hindu] Attempt 1/1: Trying with 'selenium_browser' strategy...
2026-08-24 14:48:51,595 - INFO - [Economic Times] Article: https://economictimes.indiatimes.com/tech/technology/indian-dating-apps-services-see-surge-of-paying-users-in-small-cities/articleshow/80063342.cms
2026-08-24 14:48:51,596 - INFO - [Economic Times] Attempt 2/2: Trying with 'selenium_browser' strategy...
2026-08-24 14:48:54,418 - ERROR - Error saving article Meta Quest Promo Codes and Coupons for August 2026 | WIRED: Hrana: `stream error: `Error { message: "SQLite error: UNIQUE constraint failed: articles.url", code: "SQLITE_CONSTRAINT" }``
2026-08-24 14:48:55,128 - INFO - [Wired] Article: https://www.wired.com/story/home-depot-promo-code/
2026-08-24 14:48:55,128 - INFO - [Wired] Attempt 1/2: Trying with 'requests_browser' strategy...
2026-08-24 14:48:55,377 - ERROR - parsed tree length: 1, wrong data type or not valid HTML
2026-08-24 14:48:55,378 - ERROR - empty HTML tree: None
2026-08-24 14:48:55,378 - WARNING - discarding data: None
2026-08-24 14:48:55,378 - WARNING - [Wired] FAILED with 'requests_browser' (content was too short: 0 words).
2026-08-24 14:48:55,593 - INFO - [The Hindu] Page content loaded.
2026-08-24 14:48:55,667 - INFO - [Economic Times] Page content loaded.
2026-08-24 14:48:55,736 - INFO - [Times of India] Success with 'selenium_browser'. Found content (929 words).
2026-08-24 14:48:56,294 - WARNING - [Economic Times] FAILED with 'selenium_browser' (content was too short: 84 words).
2026-08-24 14:48:56,294 - ERROR - [Economic Times] All scrape strategies failed for https://economictimes.indiatimes.com/tech/technology/indian-dating-apps-services-see-surge-of-paying-users-in-small-cities/articleshow/80063342.cms. Falling back to RSS description.
2026-08-24 14:48:56,294 - WARNING - SKIPPED (GLOBAL WORD LIMIT): Article 'Indian dating apps, services see surge of paying users in small cities ' from Economic Times has only 54 words (Min: 90).
2026-08-24 14:48:56,375 - INFO - [Wired] Article: https://www.wired.com/story/home-depot-promo-code/
2026-08-24 14:48:56,375 - INFO - [Wired] Attempt 2/2: Trying with 'selenium_browser' strategy...
2026-08-24 14:48:58,101 - INFO - [Economic Times] Article: https://economictimes.indiatimes.com/tech/technology/time-for-govt-cos-to-adopt-ai-deloitte-india/articleshow/79981215.cms
2026-08-24 14:48:58,101 - INFO - [Economic Times] Attempt 1/2: Trying with 'requests_browser' strategy...
2026-08-24 14:48:59,817 - INFO - >>> SUCCESSFULLY SAVED [ID: 112829] - In 1998, Costa Rica spread 12,000 tonnes of orange waste over degraded pasture; 16 years later, tree diversity had tripled and forest biomass was 176% higher - The Times of India from Times of India (929 words)
2026-08-24 14:48:59,822 - ERROR - parsed tree length: 1, wrong data type or not valid HTML
2026-08-24 14:48:59,822 - ERROR - empty HTML tree: None
2026-08-24 14:48:59,822 - WARNING - discarding data: None
2026-08-24 14:48:59,822 - WARNING - [Economic Times] FAILED with 'requests_browser' (content was too short: 0 words).
2026-08-24 14:49:00,615 - INFO - [Times of India] Article: https://timesofindia.indiatimes.com/world/us/a-california-family-once-refused-to-sell-land-needed-for-the-1960-winter-olympics-the-state-offered-103000-but-the-owner-demanded-440000/articleshow/133468605.cms
2026-08-24 14:49:00,615 - INFO - [Times of India] Attempt 1/1: Trying with 'selenium_browser' strategy...
2026-08-24 14:49:00,626 - INFO - [Economic Times] Article: https://economictimes.indiatimes.com/tech/technology/time-for-govt-cos-to-adopt-ai-deloitte-india/articleshow/79981215.cms
2026-08-24 14:49:00,626 - INFO - [Economic Times] Attempt 2/2: Trying with 'selenium_browser' strategy...
2026-08-24 14:49:02,849 - ERROR - [The Hindu] Request failed for strategy 'selenium_browser' on URL https://www.thehindu.com/news/national/andhra-pradesh/pulivendula-mega-water-project-works-gather-pace-with-280-crore-funding/article71384675.ece: Message: timeout: Timed out receiving message from renderer: 7.000
  (Session info: chrome=152.0.7977.54)
Stacktrace:
#0 0x55ea4c09d28a <unknown>
#1 0x55ea4ba01ad9 <unknown>
#2 0x55ea4b9e956b <unknown>
#3 0x55ea4b9e91e6 <unknown>
#4 0x55ea4b9e6dc8 <unknown>
#5 0x55ea4b9e774f <unknown>
#6 0x55ea4b9f6810 <unknown>
#7 0x55ea4ba10767 <unknown>
#8 0x55ea4ba1813b <unknown>
#9 0x55ea4b9e7ea9 <unknown>
#10 0x55ea4ba104c2 <unknown>
#11 0x55ea4ba9ff26 <unknown>
#12 0x55ea4ba4ae6b <unknown>
#13 0x55ea4ba4bc51 <unknown>
#14 0x55ea4c0617b0 <unknown>
#15 0x55ea4c05fe2a <unknown>
#16 0x55ea4c04aba5 <unknown>
#17 0x55ea4c060aea <unknown>
#18 0x55ea4c033df0 <unknown>
#19 0x55ea4c088178 <unknown>
#20 0x55ea4c088315 <unknown>
#21 0x55ea4c09be13 <unknown>
#22 0x7fba3ea9cb84 <unknown>
#23 0x7fba3eb29d6c <unknown>

2026-08-24 14:49:02,849 - ERROR - [The Hindu] All scrape strategies failed for https://www.thehindu.com/news/national/andhra-pradesh/pulivendula-mega-water-project-works-gather-pace-with-280-crore-funding/article71384675.ece. Falling back to RSS description.
2026-08-24 14:49:02,849 - WARNING - SKIPPED (GLOBAL WORD LIMIT): Article 'Pulivendula mega water project works gather pace with ₹280 crore funding' from The Hindu has only 13 words (Min: 90).
2026-08-24 14:49:03,205 - INFO - [Economic Times] Page content loaded.
2026-08-24 14:49:03,718 - INFO - [The Hindu] Early skip: URL https://www.thehindu.com/news/national/karnataka/karnataka-legislative-assembly-passes-8-bills-in-an-hour-without-debate-amid-bjp-protest/article71384067.ece already exists.
2026-08-24 14:49:03,721 - INFO - [The Hindu] Article: https://www.thehindu.com/news/national/elections-in-india-are-held-transparently-under-the-audit-of-political-parties-and-candidates-cec/article71384859.ece
2026-08-24 14:49:03,722 - INFO - [The Hindu] Attempt 1/1: Trying with 'selenium_browser' strategy...
2026-08-24 14:49:03,929 - WARNING - [Economic Times] FAILED with 'selenium_browser' (content was too short: 74 words).
2026-08-24 14:49:03,929 - ERROR - [Economic Times] All scrape strategies failed for https://economictimes.indiatimes.com/tech/technology/time-for-govt-cos-to-adopt-ai-deloitte-india/articleshow/79981215.cms. Falling back to RSS description.
2026-08-24 14:49:03,929 - WARNING - SKIPPED (GLOBAL WORD LIMIT): Article 'Time for government, companies to adopt artificial intelligence: Deloitte India ' from Economic Times has only 49 words (Min: 90).
2026-08-24 14:49:05,179 - INFO - [Economic Times] Article: https://economictimes.indiatimes.com/news/international/world-news/trump-announces-a-deal-for-hamas-to-disarm-in-gaza-but-many-hurdles-and-uncertainty-remain/articleshow/132753009.cms
2026-08-24 14:49:05,179 - INFO - [Economic Times] Attempt 1/2: Trying with 'requests_browser' strategy...
2026-08-24 14:49:05,816 - INFO - [Economic Times] Success with 'requests_browser'. Found content (1285 words).
2026-08-24 14:49:06,089 - INFO - [The Hindu] Page content loaded.
2026-08-24 14:49:08,187 - INFO - [Wired] Page content loaded.
2026-08-24 14:49:09,149 - ERROR - Error saving article Trump announces a deal for Hamas to disarm in Gaza, but many hurdles and uncertainty remain - The Economic Times: Hrana: `stream error: `Error { message: "SQLite error: UNIQUE constraint failed: articles.url", code: "SQLITE_CONSTRAINT" }``
2026-08-24 14:49:09,270 - INFO - [The Hindu] Success with 'selenium_browser'. Found content (313 words).
2026-08-24 14:49:11,396 - INFO - [Economic Times] Article: https://economictimes.indiatimes.com/news/new-updates/in-1943-us-built-an-entire-city-and-it-didnt-exist-on-a-single-map/articleshow/132659427.cms
2026-08-24 14:49:11,396 - INFO - [Economic Times] Attempt 1/2: Trying with 'requests_browser' strategy...
2026-08-24 14:49:12,903 - INFO - [Times of India] Page content loaded.
2026-08-24 14:49:13,188 - INFO - >>> SUCCESSFULLY SAVED [ID: 112831] - Elections in India are held transparently under the audit of political parties and candidates: CEC - The Hindu from The Hindu (313 words)
2026-08-24 14:49:13,647 - INFO - [Economic Times] Success with 'requests_browser'. Found content (688 words).
2026-08-24 14:49:13,918 - INFO - [The Hindu] Article: https://www.thehindu.com/news/national/kerala/panel-orders-apple-to-pay-109-lakh-as-compensation-to-consumer/article71384769.ece
2026-08-24 14:49:13,918 - INFO - [The Hindu] Attempt 1/1: Trying with 'selenium_browser' strategy...
2026-08-24 14:49:14,249 - INFO - [Wired] Success with 'selenium_browser'. Found content (1701 words).
2026-08-24 14:49:14,703 - INFO - [Times of India] Success with 'selenium_browser'. Found content (586 words).
2026-08-24 14:49:17,679 - ERROR - Error saving article In 1943, US built an entire city, and it didn't exist on a single map - The Economic Times: Hrana: `stream error: `Error { message: "SQLite error: UNIQUE constraint failed: articles.url", code: "SQLITE_CONSTRAINT" }``
2026-08-24 14:49:19,927 - INFO - [Economic Times] Article: https://economictimes.indiatimes.com/news/new-updates/humans-have-a-third-eye-in-the-brain-study-links-it-to-a-600-million-year-old-cyclops-ancestor/articleshow/132655441.cms
2026-08-24 14:49:19,927 - INFO - [Economic Times] Attempt 1/2: Trying with 'requests_browser' strategy...
2026-08-24 14:49:20,906 - ERROR - Error saving article Home Depot Promo Codes: 30% Off in August 2026 | WIRED: Hrana: `stream error: `Error { message: "SQLite error: UNIQUE constraint failed: articles.url", code: "SQLITE_CONSTRAINT" }``
2026-08-24 14:49:22,425 - INFO - [Wired] Article: https://www.wired.com/story/bh-photo-coupon/
2026-08-24 14:49:23,805 - INFO - [Wired] Attempt 1/2: Trying with 'requests_browser' strategy...
2026-08-24 14:49:24,060 - INFO - >>> SUCCESSFULLY SAVED [ID: 112834] - A California family once refused to sell land needed for the 1960 Winter Olympics; the state offered $103,000, but the owner demanded $440,000 | World News - The Times of India from Times of India (586 words)
2026-08-24 14:49:24,075 - INFO - [The Hindu] Page content loaded.
2026-08-24 14:49:24,083 - ERROR - parsed tree length: 1, wrong data type or not valid HTML
2026-08-24 14:49:24,083 - ERROR - empty HTML tree: None
2026-08-24 14:49:24,083 - WARNING - discarding data: None
2026-08-24 14:49:24,083 - WARNING - [Wired] FAILED with 'requests_browser' (content was too short: 0 words).
2026-08-24 14:49:24,110 - INFO - [Economic Times] Success with 'requests_browser'. Found content (593 words).
2026-08-24 14:49:24,306 - INFO - [The Hindu] Success with 'selenium_browser'. Found content (164 words).
2026-08-24 14:49:26,079 - INFO - [Times of India] Article: https://timesofindia.indiatimes.com/world/us/trump-melania-in-heated-exchange-brief-grand-prix-video-clip-sparks-online-buzz/articleshow/133468626.cms
2026-08-24 14:49:26,079 - INFO - [Times of India] Attempt 1/1: Trying with 'selenium_browser' strategy...
2026-08-24 14:49:26,080 - INFO - [Wired] Article: https://www.wired.com/story/bh-photo-coupon/
2026-08-24 14:49:26,080 - INFO - [Wired] Attempt 2/2: Trying with 'selenium_browser' strategy...
2026-08-24 14:49:27,454 - ERROR - Error saving article Humans have a 'third eye' in the brain: Study links it to a 600-million-year-old Cyclops ancestor - The Economic Times: Hrana: `stream error: `Error { message: "SQLite error: UNIQUE constraint failed: articles.url", code: "SQLITE_CONSTRAINT" }``
2026-08-24 14:49:28,998 - INFO - [Economic Times] Article: https://economictimes.indiatimes.com/news/new-updates/1500-ships-trapped-in-gulf-of-hormuz-is-quietly-multiplying-an-underwater-army-that-could-unleash-worlds-biggest-bioinvasion-event/articleshow/132595366.cms
2026-08-24 14:49:29,470 - INFO - [Economic Times] Attempt 1/2: Trying with 'requests_browser' strategy...
2026-08-24 14:49:30,693 - INFO - >>> SUCCESSFULLY SAVED [ID: 112836] - Panel orders Apple to pay ₹1.09 lakh over faulty iPhone - The Hindu from The Hindu (164 words)
2026-08-24 14:49:30,769 - INFO - [Economic Times] Success with 'requests_browser'. Found content (680 words).
2026-08-24 14:49:30,805 - INFO - [Wired] Page content loaded.
2026-08-24 14:49:32,931 - INFO - [The Hindu] Article: https://www.thehindu.com/news/national/kerala/chokramudy-hills-in-keralam-opens-to-tourists-as-neelakurinji-blooms/article71384822.ece
2026-08-24 14:49:32,931 - INFO - [The Hindu] Attempt 1/1: Trying with 'selenium_browser' strategy...
2026-08-24 14:49:32,932 - INFO - [Times of India] Page content loaded.
2026-08-24 14:49:33,924 - ERROR - Error saving article 1,500 ships trapped in Gulf of Hormuz are quietly multiplying an underwater army that could unleash World's biggest bioinvasion event - The Economic Times: Hrana: `stream error: `Error { message: "SQLite error: UNIQUE constraint failed: articles.url", code: "SQLITE_CONSTRAINT" }``
2026-08-24 14:49:34,556 - INFO - [Wired] Success with 'selenium_browser'. Found content (911 words).
2026-08-24 14:49:34,622 - INFO - [Economic Times] Article: https://economictimes.indiatimes.com/news/new-updates/argentina-vs-spain-fifa-world-cup-final-to-be-replayed-petition-for-a-rematch-crosses-60000-signatures/articleshow/132576024.cms
2026-08-24 14:49:34,622 - INFO - [Economic Times] Attempt 1/2: Trying with 'requests_browser' strategy...
2026-08-24 14:49:37,996 - ERROR - Error saving article B&H Photo Promo Codes and Deals This August 2026 | WIRED: Hrana: `stream error: `Error { message: "SQLite error: UNIQUE constraint failed: articles.url", code: "SQLITE_CONSTRAINT" }``
2026-08-24 14:49:38,413 - INFO - [Times of India] Success with 'selenium_browser'. Found content (318 words).
2026-08-24 14:49:38,623 - INFO - [Wired] Article: https://www.wired.com/story/ray-ban-promo-code/
2026-08-24 14:49:38,623 - INFO - [Wired] Attempt 1/2: Trying with 'requests_browser' strategy...
2026-08-24 14:49:38,771 - INFO - [Economic Times] Success with 'requests_browser'. Found content (235 words).
2026-08-24 14:49:38,890 - ERROR - parsed tree length: 1, wrong data type or not valid HTML
2026-08-24 14:49:38,898 - ERROR - empty HTML tree: None
2026-08-24 14:49:38,898 - WARNING - discarding data: None
2026-08-24 14:49:38,898 - WARNING - [Wired] FAILED with 'requests_browser' (content was too short: 0 words).
2026-08-24 14:49:39,057 - INFO - [The Hindu] Page content loaded.
2026-08-24 14:49:40,493 - INFO - [Wired] Article: https://www.wired.com/story/ray-ban-promo-code/
2026-08-24 14:49:40,493 - INFO - [Wired] Attempt 2/2: Trying with 'selenium_browser' strategy...
2026-08-24 14:49:42,112 - INFO - >>> SUCCESSFULLY SAVED [ID: 112839] - Trump, Melania in heated exchange? Brief Grand Prix video clip sparks online buzz | World News - The Times of India from Times of India (318 words)
2026-08-24 14:49:42,175 - INFO - [The Hindu] Success with 'selenium_browser'. Found content (378 words).
2026-08-24 14:49:43,666 - INFO - [Times of India] Early skip: URL https://timesofindia.indiatimes.com/world/rest-of-world/in-1999-an-american-teacher-donated-5000-to-a-chinese-woman-fighting-desertification-with-his-support-she-planted-a-50000-tree-forest-and-27-years-later-they-reunited-in-tears/articleshow/133466459.cms already exists.
2026-08-24 14:49:44,127 - INFO - [Times of India] Early skip: URL https://timesofindia.indiatimes.com/world/us/in-1982-larry-walters-floated-in-the-sky-for-45-minutes-in-his-lawn-chair-tied-to-42-balloons-11-years-later-he-shot-himself-to-death/articleshow/133466936.cms already exists.
2026-08-24 14:49:44,134 - INFO - [Times of India] Article: https://timesofindia.indiatimes.com/science/scientists-checked-109-owl-nests-in-turkey-and-found-live-snakes-inside-44-of-them-with-a-surprising-twist/articleshow/133463341.cms
2026-08-24 14:49:45,045 - INFO - [Wired] Page content loaded.
2026-08-24 14:49:45,045 - INFO - [Times of India] Attempt 1/1: Trying with 'selenium_browser' strategy...
2026-08-24 14:49:45,045 - ERROR - Error saving article Argentina vs Spain FIFA World Cup Final to be replayed? Petition for a rematch crosses 60,000 signatures - The Economic Times: Hrana: `stream error: `Error { message: "SQLite error: UNIQUE constraint failed: articles.url", code: "SQLITE_CONSTRAINT" }``
2026-08-24 14:49:47,029 - INFO - [Economic Times] Article: https://economictimes.indiatimes.com/news/new-updates/he-baked-potato-in-aluminium-foil-and-ate-it-next-morning-after-microwaving-it-hours-later-he-was-paralysed-doctor-explains-why/articleshow/132574269.cms
2026-08-24 14:49:47,029 - INFO - [Economic Times] Attempt 1/2: Trying with 'requests_browser' strategy...
2026-08-24 14:49:48,239 - INFO - >>> SUCCESSFULLY SAVED [ID: 112841] - Chokramudy hills in Keralam open to tourists as Neelakurinji blooms - The Hindu from The Hindu (378 words)
2026-08-24 14:49:48,434 - INFO - [Economic Times] Success with 'requests_browser'. Found content (565 words).
2026-08-24 14:49:48,627 - INFO - [Wired] Success with 'selenium_browser'. Found content (839 words).
2026-08-24 14:49:48,742 - INFO - [Times of India] Page content loaded.
2026-08-24 14:49:50,214 - INFO - [The Hindu] Article: https://www.thehindu.com/news/national/tamil-nadu-seeks-proportionate-cauvery-water-supreme-court-advises-state-to-take-it-up-with-cwma/article71384095.ece
2026-08-24 14:49:50,214 - INFO - [The Hindu] Attempt 1/1: Trying with 'selenium_browser' strategy...
2026-08-24 14:49:51,619 - ERROR - Error saving article He baked potato in aluminium foil, and ate it next morning after microwaving. Hours later, he was paralysed, doctor explains why - The Economic Times: Hrana: `stream error: `Error { message: "SQLite error: UNIQUE constraint failed: articles.url", code: "SQLITE_CONSTRAINT" }``
2026-08-24 14:49:53,127 - INFO - [Economic Times] Article: https://economictimes.indiatimes.com/news/elections/assembly-elections/assam/done-deal-cm-himanta-biswa-sarma-on-nda-seat-sharing-for-assam-polls/articleshow/128678098.cms
2026-08-24 14:49:53,127 - INFO - [Economic Times] Attempt 1/2: Trying with 'requests_browser' strategy...
2026-08-24 14:49:54,546 - ERROR - Error saving article Ray-Ban Promo Codes: Save 50% in August 2026 | WIRED: Hrana: `stream error: `Error { message: "SQLite error: UNIQUE constraint failed: articles.url", code: "SQLITE_CONSTRAINT" }``
2026-08-24 14:49:54,570 - INFO - [Times of India] Success with 'selenium_browser'. Found content (902 words).
2026-08-24 14:49:54,716 - INFO - [Economic Times] Success with 'requests_browser'. Found content (518 words).
2026-08-24 14:49:54,842 - INFO - [The Hindu] Page content loaded.
2026-08-24 14:49:56,805 - INFO - [Wired] Article: https://www.wired.com/story/canon-promo-code/
2026-08-24 14:49:57,989 - INFO - >>> SUCCESSFULLY SAVED [ID: 112844] - Scientists checked 109 owl nests in Turkey and found live snakes inside 44% of them, with a surprising twist | - The Times of India from Times of India (902 words)
2026-08-24 14:49:57,989 - INFO - [Wired] Attempt 1/2: Trying with 'requests_browser' strategy...
2026-08-24 14:49:58,049 - INFO - [The Hindu] Success with 'selenium_browser'. Found content (382 words).
2026-08-24 14:49:58,154 - ERROR - parsed tree length: 1, wrong data type or not valid HTML
2026-08-24 14:49:58,154 - ERROR - empty HTML tree: None
2026-08-24 14:49:58,154 - WARNING - discarding data: None
2026-08-24 14:49:58,154 - WARNING - [Wired] FAILED with 'requests_browser' (content was too short: 0 words).
2026-08-24 14:49:59,589 - INFO - [Wired] Article: https://www.wired.com/story/canon-promo-code/
2026-08-24 14:50:00,058 - INFO - [Times of India] Early skip: URL https://timesofindia.indiatimes.com/science/meet-vick-tan-the-minnesota-student-who-turned-a-teabag-into-a-low-cost-filter-that-removed-more-than-90-of-arsenic-from-water/articleshow/133458290.cms already exists.
2026-08-24 14:50:00,058 - INFO - [Wired] Attempt 2/2: Trying with 'selenium_browser' strategy...
2026-08-24 14:50:00,995 - ERROR - Error saving article 'Done deal': CM Himanta Biswa Sarma on NDA seat-sharing for Assam polls - The Economic Times: Hrana: `stream error: `Error { message: "SQLite error: UNIQUE constraint failed: articles.url", code: "SQLITE_CONSTRAINT" }``
2026-08-24 14:50:00,997 - INFO - [Times of India] Early skip: URL https://timesofindia.indiatimes.com/world/europe/the-danube-has-fallen-so-low-that-a-1600-year-old-roman-bridge-is-emerging-from-the-river-revealing-a-piece-of-history-hidden-underwater-for-centuries/articleshow/133460246.cms already exists.
2026-08-24 14:50:00,998 - INFO - [Times of India] Early skip: URL https://timesofindia.indiatimes.com/world/us/cops-used-electrocution-gloves-to-subdue-high-school-students-in-omaha-now-the-school-district-and-parents-are-pleading-with-police-to-stop-supposed-to-be-a-safe-space-for-students/articleshow/133459590.cms already exists.
2026-08-24 14:50:00,999 - INFO - [Times of India] Early skip: URL https://timesofindia.indiatimes.com/world/rest-of-world/ecuadors-indigenous-women-are-planting-trees-for-birds-growing-cacao-for-their-families-and-protecting-the-forest-for-their-children-to-save-the-amazon/articleshow/133461712.cms already exists.
2026-08-24 14:50:01,001 - INFO - [Times of India] Early skip: URL https://timesofindia.indiatimes.com/world/us-streamers/who-is-nitro-camden-twitch-streamer-going-viral-for-turning-his-life-around-after-being-kicked-out-of-home/articleshow/133461100.cms already exists.
2026-08-24 14:50:01,004 - INFO - [Times of India] Early skip: URL https://timesofindia.indiatimes.com/world/us-streamers/what-happened-between-youtubers-meganplays-and-leah-ashe-their-friendship-fallout-explained/articleshow/133460790.cms already exists.
2026-08-24 14:50:01,005 - INFO - [Times of India] Early skip: URL https://timesofindia.indiatimes.com/world/us/us-professor-faces-possible-termination-after-word-salad-remark-during-faculty-meeting-sparks-discrimination-probe/articleshow/133460627.cms already exists.
2026-08-24 14:50:01,006 - INFO - [Times of India] Early skip: URL https://timesofindia.indiatimes.com/world/uk/scottish-athlete-won-her-country-a-medal-at-the-commonwealth-games-but-had-to-return-to-her-mcdonalds-job-days-later/articleshow/133460047.cms already exists.
2026-08-24 14:50:01,008 - INFO - [Times of India] Early skip: URL https://timesofindia.indiatimes.com/world/uk/uk-woman-whose-life-was-saved-by-a-cancer-trial-cycles-186-miles-to-thank-the-hospital-that-gave-her-hope/articleshow/133459194.cms already exists.
2026-08-24 14:50:01,011 - INFO - [Times of India] Early skip: URL https://timesofindia.indiatimes.com/world/us-streamers/kai-cenat-makes-huge-gta-6-promise-after-refusing-to-watch-viral-gta-6-gameplay-leaks/articleshow/133459884.cms already exists.
2026-08-24 14:50:01,013 - INFO - [Times of India] Early skip: URL https://timesofindia.indiatimes.com/world/us/in-1900-jp-morgan-bought-117-acres-including-maines-sand-beach-as-a-wedding-gift-his-granddaughter-later-donated-about-100-acres-to-acadia-national-park/articleshow/133458715.cms already exists.
2026-08-24 14:50:01,014 - INFO - [Times of India] Early skip: URL https://timesofindia.indiatimes.com/world/us-streamers/hasanabi-vs-xqc-and-asmongold-hasanabi-calls-streamers-worm-like-over-charlie-kirk-song-controversy/articleshow/133457585.cms already exists.
2026-08-24 14:50:01,015 - INFO - [Times of India] (Thread) Finished. Attempting to shut down its Selenium driver.
2026-08-24 14:50:02,566 - INFO - [Economic Times] Article: https://economictimes.indiatimes.com/news/elections/assembly-elections/bihar/rare-intensive-revision-in-bihar-four-months-before-polls/articleshow/122167501.cms
2026-08-24 14:50:02,566 - INFO - [Economic Times] Attempt 1/2: Trying with 'requests_browser' strategy...
2026-08-24 14:50:04,149 - INFO - >>> SUCCESSFULLY SAVED [ID: 112846] - Tamil Nadu seeks ‘proportionate’ Cauvery water, Supreme Court advises State to take it up with CWMA - The Hindu from The Hindu (382 words)
2026-08-24 14:50:04,156 - INFO - [Times of India] (Thread) driver.quit() successful.
2026-08-24 14:50:04,301 - INFO - [Wired] Page content loaded.
2026-08-24 14:50:04,363 - INFO - [Economic Times] Success with 'requests_browser'. Found content (864 words).
2026-08-24 14:50:05,951 - INFO - [The Hindu] Article: https://www.thehindu.com/news/national/karnataka/kabini-reservoir-loses-10-ft-as-farmers-protest-water-release-to-tamil-nadu/article71384876.ece
2026-08-24 14:50:06,423 - INFO - [The Hindu] Attempt 1/1: Trying with 'selenium_browser' strategy...
2026-08-24 14:50:07,403 - ERROR - Error saving article Rare 'intensive' revision in Bihar four months before polls - The Economic Times: Hrana: `stream error: `Error { message: "SQLite error: UNIQUE constraint failed: articles.url", code: "SQLITE_CONSTRAINT" }``
2026-08-24 14:50:07,473 - INFO - [Wired] Success with 'selenium_browser'. Found content (1262 words).
2026-08-24 14:50:09,014 - INFO - [Economic Times] Article: https://economictimes.indiatimes.com/news/elections/assembly-elections/delhi/bjp-accuses-kejriwal-of-sending-voters-hoax-calls-to-mislead/articleshow/117579007.cms
2026-08-24 14:50:09,488 - INFO - [Economic Times] Attempt 1/2: Trying with 'requests_browser' strategy...
2026-08-24 14:50:10,421 - ERROR - Error saving article 30% Off Canon Promo Codes | August 2026 | WIRED: Hrana: `stream error: `Error { message: "SQLite error: UNIQUE constraint failed: articles.url", code: "SQLITE_CONSTRAINT" }``
2026-08-24 14:50:10,478 - INFO - [Economic Times] Success with 'requests_browser'. Found content (550 words).
2026-08-24 14:50:10,577 - INFO - [The Hindu] Page content loaded.
2026-08-24 14:50:12,070 - INFO - [Wired] Article: https://www.wired.com/story/hoka-coupon-code/
2026-08-24 14:50:12,529 - INFO - [Wired] Attempt 1/2: Trying with 'requests_browser' strategy...
2026-08-24 14:50:13,438 - ERROR - Error saving article BJP accuses Kejriwal of sending voters hoax calls to mislead - The Economic Times: Hrana: `stream error: `Error { message: "SQLite error: UNIQUE constraint failed: articles.url", code: "SQLITE_CONSTRAINT" }``
2026-08-24 14:50:13,455 - ERROR - parsed tree length: 1, wrong data type or not valid HTML
2026-08-24 14:50:13,455 - ERROR - empty HTML tree: None
2026-08-24 14:50:13,455 - WARNING - discarding data: None
2026-08-24 14:50:13,455 - WARNING - [Wired] FAILED with 'requests_browser' (content was too short: 0 words).
2026-08-24 14:50:13,487 - INFO - [The Hindu] Success with 'selenium_browser'. Found content (290 words).
2026-08-24 14:50:15,052 - INFO - [Economic Times] Article: https://economictimes.indiatimes.com/news/elections/lok-sabha/india/lok-sabha-election-2024-maharashtra-get-interesting-after-splits-in-shiv-sena-ncp/articleshow/108559788.cms
2026-08-24 14:50:15,052 - INFO - [Wired] Article: https://www.wired.com/story/hoka-coupon-code/
2026-08-24 14:50:15,522 - INFO - [Economic Times] Attempt 1/2: Trying with 'requests_browser' strategy...
2026-08-24 14:50:16,410 - INFO - [Wired] Attempt 2/2: Trying with 'selenium_browser' strategy...
2026-08-24 14:50:16,666 - INFO - >>> SUCCESSFULLY SAVED [ID: 112850] - Kabini reservoir loses 10 ft as farmers protest water release to Tamil Nadu - The Hindu from The Hindu (290 words)
2026-08-24 14:50:17,665 - INFO - [Economic Times] Success with 'requests_browser'. Found content (1442 words).
2026-08-24 14:50:19,164 - INFO - [The Hindu] Article: https://www.thehindu.com/news/national/andhra-pradesh/srisailam-darshan-tickets-available-online-from-august-25/article71385061.ece
2026-08-24 14:50:19,164 - INFO - [The Hindu] Attempt 1/1: Trying with 'selenium_browser' strategy...
2026-08-24 14:50:19,624 - INFO - [Wired] Page content loaded.
2026-08-24 14:50:20,599 - ERROR - Error saving article Lok Sabha election 2024: Maharashtra get interesting after splits in Shiv Sena, NCP - The Economic Times: Hrana: `stream error: `Error { message: "SQLite error: UNIQUE constraint failed: articles.url", code: "SQLITE_CONSTRAINT" }``
2026-08-24 14:50:20,728 - INFO - [Wired] Success with 'selenium_browser'. Found content (1093 words).
2026-08-24 14:50:22,306 - INFO - [Economic Times] Article: https://economictimes.indiatimes.com/news/elections/lok-sabha/india/modi-charisma-key-factor-in-bjps-bid-to-retain-all-26-seats-in-gujarat/articleshow/108550858.cms
2026-08-24 14:50:22,306 - INFO - [Economic Times] Attempt 1/2: Trying with 'requests_browser' strategy...
2026-08-24 14:50:22,777 - INFO - [The Hindu] Page content loaded.
2026-08-24 14:50:23,761 - ERROR - Error saving article Hoka Coupon Codes: 30% Off in August 2026 | WIRED: Hrana: `stream error: `Error { message: "SQLite error: UNIQUE constraint failed: articles.url", code: "SQLITE_CONSTRAINT" }``
2026-08-24 14:50:23,824 - INFO - [Economic Times] Success with 'requests_browser'. Found content (838 words).
2026-08-24 14:50:23,902 - INFO - [The Hindu] Success with 'selenium_browser'. Found content (253 words).
2026-08-24 14:50:25,456 - INFO - [Wired] Article: https://www.wired.com/story/lenovo-coupon-code/
2026-08-24 14:50:25,928 - INFO - [Wired] Attempt 1/2: Trying with 'requests_browser' strategy...
2026-08-24 14:50:26,811 - ERROR - Error saving article Modi charisma key factor in BJP's bid to retain all 26 seats in Gujarat - The Economic Times: Hrana: `stream error: `Error { message: "SQLite error: UNIQUE constraint failed: articles.url", code: "SQLITE_CONSTRAINT" }``
2026-08-24 14:50:26,825 - ERROR - parsed tree length: 1, wrong data type or not valid HTML
2026-08-24 14:50:26,825 - ERROR - empty HTML tree: None
2026-08-24 14:50:26,825 - WARNING - discarding data: None
2026-08-24 14:50:26,825 - WARNING - [Wired] FAILED with 'requests_browser' (content was too short: 0 words).
2026-08-24 14:50:28,301 - INFO - [Economic Times] Article: https://economictimes.indiatimes.com/news/elections/lok-sabha/india/implementation-of-guarantees-decline-of-brs-favour-congress-in-telangana-bjp-aiming-for-better-show/articleshow/108548569.cms
2026-08-24 14:50:28,301 - INFO - [Economic Times] Attempt 1/2: Trying with 'requests_browser' strategy...
2026-08-24 14:50:28,302 - INFO - [Wired] Article: https://www.wired.com/story/lenovo-coupon-code/
2026-08-24 14:50:28,303 - INFO - [Wired] Attempt 2/2: Trying with 'selenium_browser' strategy...
2026-08-24 14:50:29,954 - INFO - >>> SUCCESSFULLY SAVED [ID: 112854] - Srisailam darshan tickets available online from August 25 - The Hindu from The Hindu (253 words)
2026-08-24 14:50:29,984 - INFO - [Economic Times] Success with 'requests_browser'. Found content (1272 words).
2026-08-24 14:50:31,503 - INFO - [The Hindu] Article: https://www.thehindu.com/news/national/andhra-pradesh/jagan-to-hold-state-level-meeting-with-ysrcp-leaders-on-august-25/article71385058.ece
2026-08-24 14:50:31,503 - INFO - [The Hindu] Attempt 1/1: Trying with 'selenium_browser' strategy...
2026-08-24 14:50:32,933 - ERROR - Error saving article Implementation of 'guarantees', decline of BRS favour Congress in Telangana, BJP aiming for better show - The Economic Times: Hrana: `stream error: `Error { message: "SQLite error: UNIQUE constraint failed: articles.url", code: "SQLITE_CONSTRAINT" }``
2026-08-24 14:50:32,943 - INFO - [Wired] Page content loaded.
2026-08-24 14:50:33,251 - INFO - [Wired] Success with 'selenium_browser'. Found content (1188 words).
2026-08-24 14:50:34,907 - INFO - [Economic Times] Article: https://economictimes.indiatimes.com/traders-bet-on-calendar-spread-as-nifty-moves-in-a-tight-range/articleshow/6302358.cms
2026-08-24 14:50:34,907 - INFO - [Economic Times] Attempt 1/2: Trying with 'requests_browser' strategy...
2026-08-24 14:50:36,351 - ERROR - Error saving article Lenovo Coupon Codes: 15% Off in August 2026 | WIRED: Hrana: `stream error: `Error { message: "SQLite error: UNIQUE constraint failed: articles.url", code: "SQLITE_CONSTRAINT" }``
2026-08-24 14:50:36,354 - ERROR - parsed tree length: 1, wrong data type or not valid HTML
2026-08-24 14:50:36,355 - ERROR - empty HTML tree: None
2026-08-24 14:50:36,355 - WARNING - discarding data: None
2026-08-24 14:50:36,355 - WARNING - [Economic Times] FAILED with 'requests_browser' (content was too short: 0 words).
2026-08-24 14:50:36,428 - INFO - [The Hindu] Page content loaded.
2026-08-24 14:50:36,603 - INFO - [The Hindu] Success with 'selenium_browser'. Found content (131 words).
2026-08-24 14:50:38,204 - INFO - [Economic Times] Article: https://economictimes.indiatimes.com/traders-bet-on-calendar-spread-as-nifty-moves-in-a-tight-range/articleshow/6302358.cms
2026-08-24 14:50:38,205 - INFO - [Wired] Article: https://www.wired.com/story/valvoline-coupons/
2026-08-24 14:50:38,677 - INFO - [Economic Times] Attempt 2/2: Trying with 'selenium_browser' strategy...
2026-08-24 14:50:38,677 - INFO - [Wired] Attempt 1/2: Trying with 'requests_browser' strategy...
2026-08-24 14:50:39,877 - INFO - >>> SUCCESSFULLY SAVED [ID: 112857] - Jagan to hold State-level meeting with YSRCP leaders on August 25 - The Hindu from The Hindu (131 words)
2026-08-24 14:50:40,020 - ERROR - parsed tree length: 1, wrong data type or not valid HTML
2026-08-24 14:50:40,020 - ERROR - empty HTML tree: None
2026-08-24 14:50:40,020 - WARNING - discarding data: None
2026-08-24 14:50:40,020 - WARNING - [Wired] FAILED with 'requests_browser' (content was too short: 0 words).
2026-08-24 14:50:40,792 - INFO - [Wired] Article: https://www.wired.com/story/valvoline-coupons/
2026-08-24 14:50:40,792 - INFO - [Wired] Attempt 2/2: Trying with 'selenium_browser' strategy...
2026-08-24 14:50:41,094 - INFO - [The Hindu] Article: https://www.thehindu.com/news/national/karnataka/work-on-lokayukta-office-building-in-haveri-to-be-completed-in-nine-months/article71384469.ece
2026-08-24 14:50:41,094 - INFO - [The Hindu] Attempt 1/1: Trying with 'selenium_browser' strategy...
2026-08-24 14:50:42,665 - INFO - [The Hindu] Page content loaded.
2026-08-24 14:50:42,801 - INFO - [Wired] Page content loaded.
2026-08-24 14:50:43,011 - INFO - [The Hindu] Success with 'selenium_browser'. Found content (413 words).
2026-08-24 14:50:45,094 - INFO - [Economic Times] Page content loaded.
2026-08-24 14:50:46,257 - INFO - >>> SUCCESSFULLY SAVED [ID: 112858] - Work on Lokayukta office building in Haveri to be completed in nine months - The Hindu from The Hindu (413 words)
2026-08-24 14:50:46,368 - INFO - [Wired] Success with 'selenium_browser'. Found content (863 words).
2026-08-24 14:50:48,118 - INFO - [The Hindu] Article: https://www.thehindu.com/news/cities/bangalore/sir-in-karnataka-draft-roll-out-now-heres-how-you-can-check-it/article71383540.ece
2026-08-24 14:50:48,118 - INFO - [The Hindu] Attempt 1/1: Trying with 'selenium_browser' strategy...
2026-08-24 14:50:49,560 - ERROR - Error saving article Valvoline Coupons and Promo Codes for August 2026 | WIRED: Hrana: `stream error: `Error { message: "SQLite error: UNIQUE constraint failed: articles.url", code: "SQLITE_CONSTRAINT" }``
2026-08-24 14:50:49,712 - INFO - [Economic Times] Success with 'selenium_browser'. Found content (411 words).
2026-08-24 14:50:52,863 - INFO - [Wired] Article: https://www.wired.com/story/squarespace-promo-code/
2026-08-24 14:50:52,863 - ERROR - Error saving article Traders bet on calendar spread as Nifty moves in a tight range - The Economic Times: Hrana: `stream error: `Error { message: "SQLite error: UNIQUE constraint failed: articles.url", code: "SQLITE_CONSTRAINT" }``
2026-08-24 14:50:52,863 - INFO - [Wired] Attempt 1/2: Trying with 'requests_browser' strategy...
2026-08-24 14:50:53,065 - ERROR - parsed tree length: 1, wrong data type or not valid HTML
2026-08-24 14:50:53,065 - ERROR - empty HTML tree: None
2026-08-24 14:50:53,066 - WARNING - discarding data: None
2026-08-24 14:50:53,066 - WARNING - [Wired] FAILED with 'requests_browser' (content was too short: 0 words).
2026-08-24 14:50:53,799 - INFO - [Wired] Article: https://www.wired.com/story/squarespace-promo-code/
2026-08-24 14:50:53,799 - INFO - [Wired] Attempt 2/2: Trying with 'selenium_browser' strategy...
2026-08-24 14:50:54,271 - INFO - [Economic Times] Article: https://economictimes.indiatimes.com/nifty-may-find-support-at-5300-level/articleshow/6296017.cms
2026-08-24 14:50:54,276 - INFO - [Economic Times] Attempt 1/2: Trying with 'requests_browser' strategy...
2026-08-24 14:50:54,702 - ERROR - parsed tree length: 1, wrong data type or not valid HTML
2026-08-24 14:50:54,702 - ERROR - empty HTML tree: None
2026-08-24 14:50:54,702 - WARNING - discarding data: None
2026-08-24 14:50:54,702 - WARNING - [Economic Times] FAILED with 'requests_browser' (content was too short: 0 words).
2026-08-24 14:50:55,692 - INFO - [Economic Times] Article: https://economictimes.indiatimes.com/nifty-may-find-support-at-5300-level/articleshow/6296017.cms
2026-08-24 14:50:55,693 - INFO - [Economic Times] Attempt 2/2: Trying with 'selenium_browser' strategy...
2026-08-24 14:50:57,668 - INFO - [The Hindu] Page content loaded.
2026-08-24 14:50:58,259 - INFO - [The Hindu] Success with 'selenium_browser'. Found content (485 words).
2026-08-24 14:51:01,791 - INFO - [Wired] Page content loaded.
2026-08-24 14:51:02,049 - INFO - >>> SUCCESSFULLY SAVED [ID: 112861] - SIR in Karnataka: Here’s how you can check your name in draft electoral roll - The Hindu from The Hindu (485 words)
2026-08-24 14:51:02,831 - INFO - [Wired] Success with 'selenium_browser'. Found content (1343 words).
2026-08-24 14:51:04,611 - INFO - [The Hindu] Early skip: URL https://www.thehindu.com/news/national/kerala/keralam-govt-approves-sop-for-euthanasia-of-rabid-incurably-ill-stray-dogs/article71383637.ece already exists.
2026-08-24 14:51:05,074 - INFO - [The Hindu] Article: https://www.thehindu.com/news/national/karnataka/sugar-price-surge-puts-mysuru-hotel-industry-under-strain/article71384558.ece
2026-08-24 14:51:06,030 - INFO - [The Hindu] Attempt 1/1: Trying with 'selenium_browser' strategy...
2026-08-24 14:51:06,032 - ERROR - Error saving article Squarespace Promo Codes: 20% Off in August 2026 | WIRED: Hrana: `stream error: `Error { message: "SQLite error: UNIQUE constraint failed: articles.url", code: "SQLITE_CONSTRAINT" }``
2026-08-24 14:51:06,863 - INFO - [Wired] Early skip: URL https://www.wired.com/review/google-pixel-11/ already exists.
2026-08-24 14:51:06,864 - INFO - [Wired] Early skip: URL https://www.wired.com/story/the-galaxys-fastest-star-could-reveal-the-secrets-of-a-supermassive-black-hole/ already exists.
2026-08-24 14:51:06,866 - INFO - [Wired] Early skip: URL https://www.wired.com/story/china-is-strapping-digital-bombs-to-civilian-infrastructure-is-the-us-ready/ already exists.
2026-08-24 14:51:06,868 - INFO - [Wired] Early skip: URL https://www.wired.com/story/silicon-valley-doesnt-get-why-you-hate-ai/ already exists.
2026-08-24 14:51:06,869 - INFO - [Wired] Early skip: URL https://www.wired.com/review/poolease-x1-pool-robot/ already exists.
2026-08-24 14:51:06,872 - INFO - [Wired] Early skip: URL https://www.wired.com/story/bumble-women-first-rule-change/ already exists.
2026-08-24 14:51:06,874 - INFO - [Wired] Early skip: URL https://www.wired.com/story/best-usb-car-chargers/ already exists.
2026-08-24 14:51:06,879 - INFO - [Wired] (Thread) Finished. Attempting to shut down its Selenium driver.
2026-08-24 14:51:07,057 - INFO - [Wired] (Thread) driver.quit() successful.
2026-08-24 14:51:08,094 - INFO - [The Hindu] Page content loaded.
2026-08-24 14:51:13,275 - INFO - [The Hindu] Success with 'selenium_browser'. Found content (208 words).
2026-08-24 14:51:16,535 - INFO - >>> SUCCESSFULLY SAVED [ID: 112863] - Sugar price surge puts Mysuru hotel industry under strain - The Hindu from The Hindu (208 words)
2026-08-24 14:51:16,817 - INFO - [Economic Times] Page content loaded.
2026-08-24 14:51:16,973 - INFO - [Economic Times] Success with 'selenium_browser'. Found content (773 words).
2026-08-24 14:51:18,859 - INFO - [The Hindu] Article: https://www.thehindu.com/news/cities/Coimbatore/do-not-use-remaining-water-in-nilgiris-dams-for-power-generation-district-collector-urged/article71384317.ece
2026-08-24 14:51:18,860 - INFO - [The Hindu] Attempt 1/1: Trying with 'selenium_browser' strategy...
2026-08-24 14:51:20,295 - ERROR - Error saving article Nifty may find support at 5300 level - The Economic Times: Hrana: `stream error: `Error { message: "SQLite error: UNIQUE constraint failed: articles.url", code: "SQLITE_CONSTRAINT" }``
2026-08-24 14:51:20,951 - INFO - [Economic Times] Article: https://economictimes.indiatimes.com/seven-out-of-top-10-asian-small-cap-funds-are-indian/articleshow/6295976.cms
2026-08-24 14:51:20,951 - INFO - [Economic Times] Attempt 1/2: Trying with 'requests_browser' strategy...
2026-08-24 14:51:21,402 - ERROR - parsed tree length: 1, wrong data type or not valid HTML
2026-08-24 14:51:21,402 - ERROR - empty HTML tree: None
2026-08-24 14:51:21,402 - WARNING - discarding data: None
2026-08-24 14:51:21,402 - WARNING - [Economic Times] FAILED with 'requests_browser' (content was too short: 0 words).
2026-08-24 14:51:21,929 - INFO - [Economic Times] Article: https://economictimes.indiatimes.com/seven-out-of-top-10-asian-small-cap-funds-are-indian/articleshow/6295976.cms
2026-08-24 14:51:21,929 - INFO - [Economic Times] Attempt 2/2: Trying with 'selenium_browser' strategy...
2026-08-24 14:51:23,989 - INFO - [The Hindu] Page content loaded.
2026-08-24 14:51:24,899 - INFO - [The Hindu] Success with 'selenium_browser'. Found content (197 words).
2026-08-24 14:51:26,517 - INFO - [Economic Times] Page content loaded.
2026-08-24 14:51:28,120 - INFO - >>> SUCCESSFULLY SAVED [ID: 112865] - Do not use remaining water in Nilgiris dams for power generation, District Collector urged - The Hindu from The Hindu (197 words)
2026-08-24 14:51:28,160 - INFO - [Economic Times] Success with 'selenium_browser'. Found content (607 words).
2026-08-24 14:51:29,709 - INFO - [The Hindu] Article: https://www.thehindu.com/news/national/kerala/malappuram-should-get-priority-in-discussions-on-district-reorganisation-says-minister/article71384701.ece
2026-08-24 14:51:30,168 - INFO - [The Hindu] Attempt 1/1: Trying with 'selenium_browser' strategy...
2026-08-24 14:51:31,114 - ERROR - Error saving article Seven out of top 10 Asian small-cap funds are Indian - The Economic Times: Hrana: `stream error: `Error { message: "SQLite error: UNIQUE constraint failed: articles.url", code: "SQLITE_CONSTRAINT" }``
2026-08-24 14:51:31,827 - INFO - [Economic Times] Article: https://economictimes.indiatimes.com/inflation-reflects-growth-dynamics-in-india-christopher-wood/articleshow/6274053.cms
2026-08-24 14:51:31,827 - INFO - [Economic Times] Attempt 1/2: Trying with 'requests_browser' strategy...
2026-08-24 14:51:32,050 - INFO - [The Hindu] Page content loaded.
2026-08-24 14:51:32,135 - ERROR - parsed tree length: 1, wrong data type or not valid HTML
2026-08-24 14:51:32,136 - ERROR - empty HTML tree: None
2026-08-24 14:51:32,136 - WARNING - discarding data: None
2026-08-24 14:51:32,136 - WARNING - [Economic Times] FAILED with 'requests_browser' (content was too short: 0 words).
2026-08-24 14:51:32,721 - INFO - [Economic Times] Article: https://economictimes.indiatimes.com/inflation-reflects-growth-dynamics-in-india-christopher-wood/articleshow/6274053.cms
2026-08-24 14:51:32,721 - INFO - [Economic Times] Attempt 2/2: Trying with 'selenium_browser' strategy...
2026-08-24 14:51:34,781 - INFO - [The Hindu] Success with 'selenium_browser'. Found content (150 words).
2026-08-24 14:51:34,932 - INFO - [Economic Times] Page content loaded.
2026-08-24 14:51:38,710 - INFO - >>> SUCCESSFULLY SAVED [ID: 112867] - Malappuram should get priority in discussions on district reorganisation, says Minister - The Hindu from The Hindu (150 words)
2026-08-24 14:51:38,754 - INFO - [Economic Times] Success with 'selenium_browser'. Found content (4520 words).
2026-08-24 14:51:40,301 - INFO - [The Hindu] Article: https://www.thehindu.com/news/national/karnataka/forest-dept-recovers-110-acres-in-sirsi-taluk-after-high-court-order/article71384668.ece
2026-08-24 14:51:40,301 - INFO - [The Hindu] Attempt 1/1: Trying with 'selenium_browser' strategy...
2026-08-24 14:51:41,704 - ERROR - Error saving article Inflation reflects growth dynamics in India: Christopher Wood - The Economic Times: Hrana: `stream error: `Error { message: "SQLite error: UNIQUE constraint failed: articles.url", code: "SQLITE_CONSTRAINT" }``
2026-08-24 14:51:42,441 - INFO - [The Hindu] Page content loaded.
2026-08-24 14:51:42,558 - INFO - [The Hindu] Success with 'selenium_browser'. Found content (417 words).
2026-08-24 14:51:44,139 - INFO - [Economic Times] Article: https://economictimes.indiatimes.com/market-may-trade-in-a-range-but-fiis-seen-sold-on-india/articleshow/6277705.cms
2026-08-24 14:51:44,139 - INFO - [Economic Times] Attempt 1/2: Trying with 'requests_browser' strategy...
2026-08-24 14:51:45,793 - INFO - >>> SUCCESSFULLY SAVED [ID: 112869] - Forest Dept. recovers 110 acres in Sirsi taluk after High Court order - The Hindu from The Hindu (417 words)
2026-08-24 14:51:45,794 - ERROR - parsed tree length: 1, wrong data type or not valid HTML
2026-08-24 14:51:45,794 - ERROR - empty HTML tree: None
2026-08-24 14:51:45,794 - WARNING - discarding data: None
2026-08-24 14:51:45,794 - WARNING - [Economic Times] FAILED with 'requests_browser' (content was too short: 0 words).
2026-08-24 14:51:46,332 - INFO - [The Hindu] Article: https://www.thehindu.com/news/national/karnataka/karnataka-strengthens-preparedness-as-seasonal-influenza-cases-cross-4200/article71384300.ece
2026-08-24 14:51:46,332 - INFO - [The Hindu] Attempt 1/1: Trying with 'selenium_browser' strategy...
2026-08-24 14:51:46,368 - INFO - [Economic Times] Article: https://economictimes.indiatimes.com/market-may-trade-in-a-range-but-fiis-seen-sold-on-india/articleshow/6277705.cms
2026-08-24 14:51:46,369 - INFO - [Economic Times] Attempt 2/2: Trying with 'selenium_browser' strategy...
2026-08-24 14:51:48,292 - INFO - [The Hindu] Page content loaded.
2026-08-24 14:51:48,337 - INFO - [Economic Times] Page content loaded.
2026-08-24 14:51:48,534 - INFO - [The Hindu] Success with 'selenium_browser'. Found content (564 words).
2026-08-24 14:51:51,814 - INFO - >>> SUCCESSFULLY SAVED [ID: 112870] - Karnataka strengthens preparedness as seasonal influenza cases cross 4,200 - The Hindu from The Hindu (564 words)
2026-08-24 14:51:51,965 - INFO - [Economic Times] Success with 'selenium_browser'. Found content (783 words).
2026-08-24 14:51:53,707 - INFO - [The Hindu] Target reached: Successfully saved 20 new articles.
2026-08-24 14:51:54,165 - INFO - [The Hindu] (Thread) Finished. Attempting to shut down its Selenium driver.
2026-08-24 14:51:55,102 - ERROR - Error saving article Market may trade in a range, but FIIs seen sold on India - The Economic Times: Hrana: `stream error: `Error { message: "SQLite error: UNIQUE constraint failed: articles.url", code: "SQLITE_CONSTRAINT" }``
2026-08-24 14:51:55,110 - INFO - [The Hindu] (Thread) driver.quit() successful.
2026-08-24 14:51:55,671 - INFO - [Economic Times] Article: https://economictimes.indiatimes.com/dont-bank-only-on-price-to-earning-ratio/articleshow/6278228.cms
2026-08-24 14:51:55,671 - INFO - [Economic Times] Attempt 1/2: Trying with 'requests_browser' strategy...
2026-08-24 14:51:56,001 - ERROR - parsed tree length: 1, wrong data type or not valid HTML
2026-08-24 14:51:56,001 - ERROR - empty HTML tree: None
2026-08-24 14:51:56,001 - WARNING - discarding data: None
2026-08-24 14:51:56,001 - WARNING - [Economic Times] FAILED with 'requests_browser' (content was too short: 0 words).
2026-08-24 14:51:56,869 - INFO - [Economic Times] Article: https://economictimes.indiatimes.com/dont-bank-only-on-price-to-earning-ratio/articleshow/6278228.cms
2026-08-24 14:51:56,869 - INFO - [Economic Times] Attempt 2/2: Trying with 'selenium_browser' strategy...
2026-08-24 14:51:58,652 - INFO - [Economic Times] Page content loaded.
2026-08-24 14:51:58,797 - INFO - [Economic Times] Success with 'selenium_browser'. Found content (447 words).
2026-08-24 14:52:01,823 - ERROR - Error saving article 'Don't bank only on price-to-earning ratio' - The Economic Times: Hrana: `stream error: `Error { message: "SQLite error: UNIQUE constraint failed: articles.url", code: "SQLITE_CONSTRAINT" }``
2026-08-24 14:52:02,473 - INFO - [Economic Times] Article: https://economictimes.indiatimes.com/markets/stocks/recos/prabhudas-lilladher-has-a-reduce-rating-on-infosys/articleshow/3798718.cms
2026-08-24 14:52:02,473 - INFO - [Economic Times] Attempt 1/2: Trying with 'requests_browser' strategy...
2026-08-24 14:52:02,751 - ERROR - parsed tree length: 1, wrong data type or not valid HTML
2026-08-24 14:52:02,751 - ERROR - empty HTML tree: None
2026-08-24 14:52:02,752 - WARNING - discarding data: None
2026-08-24 14:52:02,752 - WARNING - [Economic Times] FAILED with 'requests_browser' (content was too short: 0 words).
2026-08-24 14:52:03,512 - INFO - [Economic Times] Article: https://economictimes.indiatimes.com/markets/stocks/recos/prabhudas-lilladher-has-a-reduce-rating-on-infosys/articleshow/3798718.cms
2026-08-24 14:52:03,512 - INFO - [Economic Times] Attempt 2/2: Trying with 'selenium_browser' strategy...
2026-08-24 14:52:05,445 - INFO - [Economic Times] Page content loaded.
2026-08-24 14:52:05,551 - INFO - [Economic Times] Success with 'selenium_browser'. Found content (438 words).
2026-08-24 14:52:08,591 - ERROR - Error saving article Prabhudas Lilladher has a ‘reduce’ rating on Infosys - The Economic Times: Hrana: `stream error: `Error { message: "SQLite error: UNIQUE constraint failed: articles.url", code: "SQLITE_CONSTRAINT" }``
2026-08-24 14:52:09,993 - INFO - [Economic Times] Article: https://economictimes.indiatimes.com/markets/stocks/recos/fin-crisis-too-late-and-too-little-done-in-us/articleshow/3794549.cms
2026-08-24 14:52:09,993 - INFO - [Economic Times] Attempt 1/2: Trying with 'requests_browser' strategy...
2026-08-24 14:52:10,335 - ERROR - parsed tree length: 1, wrong data type or not valid HTML
2026-08-24 14:52:10,335 - ERROR - empty HTML tree: None
2026-08-24 14:52:10,335 - WARNING - discarding data: None
2026-08-24 14:52:10,335 - WARNING - [Economic Times] FAILED with 'requests_browser' (content was too short: 0 words).
2026-08-24 14:52:11,046 - INFO - [Economic Times] Article: https://economictimes.indiatimes.com/markets/stocks/recos/fin-crisis-too-late-and-too-little-done-in-us/articleshow/3794549.cms
2026-08-24 14:52:11,046 - INFO - [Economic Times] Attempt 2/2: Trying with 'selenium_browser' strategy...
2026-08-24 14:52:12,399 - INFO - [Economic Times] Page content loaded.
2026-08-24 14:52:12,531 - INFO - [Economic Times] Success with 'selenium_browser'. Found content (868 words).
2026-08-24 14:52:15,502 - ERROR - Error saving article Fin Crisis: Too late and too little done in US - The Economic Times: Hrana: `stream error: `Error { message: "SQLite error: UNIQUE constraint failed: articles.url", code: "SQLITE_CONSTRAINT" }``
2026-08-24 14:52:16,940 - INFO - [Economic Times] Article: https://economictimes.indiatimes.com/markets/forex/weak-rupee-takes-its-toll-on-cos-with-huge-foreign-debt/articleshow/3546158.cms
2026-08-24 14:52:16,940 - INFO - [Economic Times] Attempt 1/2: Trying with 'requests_browser' strategy...
2026-08-24 14:52:17,260 - ERROR - parsed tree length: 1, wrong data type or not valid HTML
2026-08-24 14:52:17,260 - ERROR - empty HTML tree: None
2026-08-24 14:52:17,260 - WARNING - discarding data: None
2026-08-24 14:52:17,260 - WARNING - [Economic Times] FAILED with 'requests_browser' (content was too short: 0 words).
2026-08-24 14:52:17,830 - INFO - [Economic Times] Article: https://economictimes.indiatimes.com/markets/forex/weak-rupee-takes-its-toll-on-cos-with-huge-foreign-debt/articleshow/3546158.cms
2026-08-24 14:52:17,830 - INFO - [Economic Times] Attempt 2/2: Trying with 'selenium_browser' strategy...
2026-08-24 14:52:20,019 - INFO - [Economic Times] Page content loaded.
2026-08-24 14:52:20,167 - INFO - [Economic Times] Success with 'selenium_browser'. Found content (482 words).
2026-08-24 14:52:23,196 - ERROR - Error saving article Weak rupee takes its toll on cos with huge foreign debt - The Economic Times: Hrana: `stream error: `Error { message: "SQLite error: UNIQUE constraint failed: articles.url", code: "SQLITE_CONSTRAINT" }``
2026-08-24 14:52:23,764 - INFO - [Economic Times] Article: https://economictimes.indiatimes.com/markets/stocks/recos/wait-for-more-signals-before-turning-positive/articleshow/3292640.cms
2026-08-24 14:52:23,764 - INFO - [Economic Times] Attempt 1/2: Trying with 'requests_browser' strategy...
2026-08-24 14:52:24,029 - ERROR - parsed tree length: 1, wrong data type or not valid HTML
2026-08-24 14:52:24,029 - ERROR - empty HTML tree: None
2026-08-24 14:52:24,029 - WARNING - discarding data: None
2026-08-24 14:52:24,029 - WARNING - [Economic Times] FAILED with 'requests_browser' (content was too short: 0 words).
2026-08-24 14:52:25,029 - INFO - [Economic Times] Article: https://economictimes.indiatimes.com/markets/stocks/recos/wait-for-more-signals-before-turning-positive/articleshow/3292640.cms
2026-08-24 14:52:25,029 - INFO - [Economic Times] Attempt 2/2: Trying with 'selenium_browser' strategy...
2026-08-24 14:52:26,906 - INFO - [Economic Times] Page content loaded.
2026-08-24 14:52:26,985 - INFO - [Economic Times] Success with 'selenium_browser'. Found content (761 words).
2026-08-24 14:52:29,945 - ERROR - Error saving article Wait for more signals before turning positive - The Economic Times: Hrana: `stream error: `Error { message: "SQLite error: UNIQUE constraint failed: articles.url", code: "SQLITE_CONSTRAINT" }``
2026-08-24 14:52:30,957 - INFO - [Economic Times] Article: https://economictimes.indiatimes.com/news/company/corporate-trends/six-indian-cos-among-businessweeks-top-100-infotech-firms/articleshow/3189334.cms
2026-08-24 14:52:30,957 - INFO - [Economic Times] Attempt 1/2: Trying with 'requests_browser' strategy...
2026-08-24 14:52:31,624 - INFO - [Economic Times] Success with 'requests_browser'. Found content (370 words).
2026-08-24 14:52:34,650 - ERROR - Error saving article Six Indian cos among BusinessWeek's top 100 Infotech firms - The Economic Times: Hrana: `stream error: `Error { message: "SQLite error: UNIQUE constraint failed: articles.url", code: "SQLITE_CONSTRAINT" }``
2026-08-24 14:52:35,648 - INFO - [Economic Times] Article: https://economictimes.indiatimes.com/news/company/corporate-trends/indian-firms-slip-in-global-ranking-four-move-out-of-top-500/articleshow/3177077.cms
2026-08-24 14:52:35,648 - INFO - [Economic Times] Attempt 1/2: Trying with 'requests_browser' strategy...
2026-08-24 14:52:36,215 - INFO - [Economic Times] Success with 'requests_browser'. Found content (1044 words).
2026-08-24 14:52:39,193 - ERROR - Error saving article Indian firms slip in global ranking; four move out of Top-500 - The Economic Times: Hrana: `stream error: `Error { message: "SQLite error: UNIQUE constraint failed: articles.url", code: "SQLITE_CONSTRAINT" }``
2026-08-24 14:52:39,815 - INFO - [Economic Times] Article: https://economictimes.indiatimes.com/markets/stocks/news/big-daddy-laps-up-cipla-after-q1-nos-beat-forecast/articleshow/6308646.cms
2026-08-24 14:52:39,815 - INFO - [Economic Times] Attempt 1/2: Trying with 'requests_browser' strategy...
2026-08-24 14:52:40,131 - ERROR - parsed tree length: 1, wrong data type or not valid HTML
2026-08-24 14:52:40,131 - ERROR - empty HTML tree: None
2026-08-24 14:52:40,131 - WARNING - discarding data: None
2026-08-24 14:52:40,131 - WARNING - [Economic Times] FAILED with 'requests_browser' (content was too short: 0 words).
2026-08-24 14:52:40,772 - INFO - [Economic Times] Article: https://economictimes.indiatimes.com/markets/stocks/news/big-daddy-laps-up-cipla-after-q1-nos-beat-forecast/articleshow/6308646.cms
2026-08-24 14:52:40,772 - INFO - [Economic Times] Attempt 2/2: Trying with 'selenium_browser' strategy...
2026-08-24 14:52:42,357 - INFO - [Economic Times] Page content loaded.
2026-08-24 14:52:42,609 - WARNING - [Economic Times] FAILED with 'selenium_browser' (content was too short: 83 words).
2026-08-24 14:52:42,610 - ERROR - [Economic Times] All scrape strategies failed for https://economictimes.indiatimes.com/markets/stocks/news/big-daddy-laps-up-cipla-after-q1-nos-beat-forecast/articleshow/6308646.cms. Falling back to RSS description.
2026-08-24 14:52:42,610 - WARNING - SKIPPED (GLOBAL WORD LIMIT): Article ''Big Daddy' laps up Cipla after Q1 nos beat forecast ' from Economic Times has only 20 words (Min: 90).
2026-08-24 14:52:43,259 - INFO - [Economic Times] Article: https://economictimes.indiatimes.com/markets/stocks/news/old-fox-has-dream-run-on-dalal-street/articleshow/6308631.cms
2026-08-24 14:52:43,259 - INFO - [Economic Times] Attempt 1/2: Trying with 'requests_browser' strategy...
2026-08-24 14:52:43,577 - ERROR - parsed tree length: 1, wrong data type or not valid HTML
2026-08-24 14:52:43,577 - ERROR - empty HTML tree: None
2026-08-24 14:52:43,577 - WARNING - discarding data: None
2026-08-24 14:52:43,577 - WARNING - [Economic Times] FAILED with 'requests_browser' (content was too short: 0 words).
2026-08-24 14:52:44,094 - INFO - [Economic Times] Article: https://economictimes.indiatimes.com/markets/stocks/news/old-fox-has-dream-run-on-dalal-street/articleshow/6308631.cms
2026-08-24 14:52:44,094 - INFO - [Economic Times] Attempt 2/2: Trying with 'selenium_browser' strategy...
2026-08-24 14:52:45,212 - INFO - [Economic Times] Page content loaded.
2026-08-24 14:52:45,447 - INFO - [Economic Times] Success with 'selenium_browser'. Found content (156 words).
2026-08-24 14:52:48,499 - ERROR - Error saving article Old Fox has dream run on Dalal Street - The Economic Times: Hrana: `stream error: `Error { message: "SQLite error: UNIQUE constraint failed: articles.url", code: "SQLITE_CONSTRAINT" }``
2026-08-24 14:52:49,921 - INFO - [Economic Times] Article: https://economictimes.indiatimes.com/markets/stocks/news/cairn-india-hits-record-high-on-bse-amid-stake-sale-talks/articleshow/6306679.cms
2026-08-24 14:52:49,921 - INFO - [Economic Times] Attempt 1/2: Trying with 'requests_browser' strategy...
2026-08-24 14:52:50,199 - ERROR - parsed tree length: 1, wrong data type or not valid HTML
2026-08-24 14:52:50,200 - ERROR - empty HTML tree: None
2026-08-24 14:52:50,200 - WARNING - discarding data: None
2026-08-24 14:52:50,200 - WARNING - [Economic Times] FAILED with 'requests_browser' (content was too short: 0 words).
2026-08-24 14:52:50,708 - INFO - [Economic Times] Article: https://economictimes.indiatimes.com/markets/stocks/news/cairn-india-hits-record-high-on-bse-amid-stake-sale-talks/articleshow/6306679.cms
2026-08-24 14:52:50,708 - INFO - [Economic Times] Attempt 2/2: Trying with 'selenium_browser' strategy...
2026-08-24 14:52:52,758 - INFO - [Economic Times] Page content loaded.
2026-08-24 14:52:52,923 - INFO - [Economic Times] Success with 'selenium_browser'. Found content (363 words).
2026-08-24 14:52:55,972 - ERROR - Error saving article Cairn India hits record high on BSE amid stake sale talks - The Economic Times: Hrana: `stream error: `Error { message: "SQLite error: UNIQUE constraint failed: articles.url", code: "SQLITE_CONSTRAINT" }``
2026-08-24 14:52:56,852 - INFO - [Economic Times] Article: https://economictimes.indiatimes.com/markets/stocks/news/vedanta-plunges-5-59-per-cent-on-lse-amid-talks-to-buy-cairn-stake/articleshow/6306526.cms
2026-08-24 14:52:56,852 - INFO - [Economic Times] Attempt 1/2: Trying with 'requests_browser' strategy...
2026-08-24 14:52:57,136 - ERROR - parsed tree length: 1, wrong data type or not valid HTML
2026-08-24 14:52:57,136 - ERROR - empty HTML tree: None
2026-08-24 14:52:57,137 - WARNING - discarding data: None
2026-08-24 14:52:57,137 - WARNING - [Economic Times] FAILED with 'requests_browser' (content was too short: 0 words).
2026-08-24 14:52:57,859 - INFO - [Economic Times] Article: https://economictimes.indiatimes.com/markets/stocks/news/vedanta-plunges-5-59-per-cent-on-lse-amid-talks-to-buy-cairn-stake/articleshow/6306526.cms
2026-08-24 14:52:57,859 - INFO - [Economic Times] Attempt 2/2: Trying with 'selenium_browser' strategy...
2026-08-24 14:52:59,473 - INFO - [Economic Times] Page content loaded.
2026-08-24 14:52:59,625 - INFO - [Economic Times] Success with 'selenium_browser'. Found content (397 words).
2026-08-24 14:53:02,713 - ERROR - Error saving article Cairn: Vedanta plunges 5.59 per cent on LSE amid talks to buy Cairn stake - The Economic Times: Hrana: `stream error: `Error { message: "SQLite error: UNIQUE constraint failed: articles.url", code: "SQLITE_CONSTRAINT" }``
2026-08-24 14:53:03,842 - INFO - [Economic Times] Article: https://economictimes.indiatimes.com/markets/stocks/news/sbi-shares-on-gaining-spree-hit-record-high/articleshow/6306241.cms
2026-08-24 14:53:03,842 - INFO - [Economic Times] Attempt 1/2: Trying with 'requests_browser' strategy...
2026-08-24 14:53:04,126 - ERROR - parsed tree length: 1, wrong data type or not valid HTML
2026-08-24 14:53:04,126 - ERROR - empty HTML tree: None
2026-08-24 14:53:04,126 - WARNING - discarding data: None
2026-08-24 14:53:04,126 - WARNING - [Economic Times] FAILED with 'requests_browser' (content was too short: 0 words).
2026-08-24 14:53:05,033 - INFO - [Economic Times] Article: https://economictimes.indiatimes.com/markets/stocks/news/sbi-shares-on-gaining-spree-hit-record-high/articleshow/6306241.cms
2026-08-24 14:53:05,033 - INFO - [Economic Times] Attempt 2/2: Trying with 'selenium_browser' strategy...
2026-08-24 14:53:06,580 - INFO - [Economic Times] Page content loaded.
2026-08-24 14:53:06,774 - WARNING - [Economic Times] FAILED with 'selenium_browser' (content was too short: 87 words).
2026-08-24 14:53:06,775 - ERROR - [Economic Times] All scrape strategies failed for https://economictimes.indiatimes.com/markets/stocks/news/sbi-shares-on-gaining-spree-hit-record-high/articleshow/6306241.cms. Falling back to RSS description.
2026-08-24 14:53:06,775 - WARNING - SKIPPED (GLOBAL WORD LIMIT): Article 'SBI shares on gaining spree; hit record high ' from Economic Times has only 28 words (Min: 90).
2026-08-24 14:53:07,404 - INFO - [Economic Times] Article: https://economictimes.indiatimes.com/fm-must-rethink/articleshow/5645094.cms
2026-08-24 14:53:07,404 - INFO - [Economic Times] Attempt 1/2: Trying with 'requests_browser' strategy...
2026-08-24 14:53:07,698 - ERROR - parsed tree length: 1, wrong data type or not valid HTML
2026-08-24 14:53:07,698 - ERROR - empty HTML tree: None
2026-08-24 14:53:07,698 - WARNING - discarding data: None
2026-08-24 14:53:07,699 - WARNING - [Economic Times] FAILED with 'requests_browser' (content was too short: 0 words).
2026-08-24 14:53:08,477 - INFO - [Economic Times] Article: https://economictimes.indiatimes.com/fm-must-rethink/articleshow/5645094.cms
2026-08-24 14:53:08,477 - INFO - [Economic Times] Attempt 2/2: Trying with 'selenium_browser' strategy...
2026-08-24 14:53:09,541 - INFO - [Economic Times] Page content loaded.
2026-08-24 14:53:09,642 - INFO - [Economic Times] Success with 'selenium_browser'. Found content (138 words).
2026-08-24 14:53:12,597 - ERROR - Error saving article FM must rethink - The Economic Times: Hrana: `stream error: `Error { message: "SQLite error: UNIQUE constraint failed: articles.url", code: "SQLITE_CONSTRAINT" }``
2026-08-24 14:53:13,991 - INFO - [Economic Times] Article: https://economictimes.indiatimes.com/amalgamate-banks/articleshow/5645086.cms
2026-08-24 14:53:13,991 - INFO - [Economic Times] Attempt 1/2: Trying with 'requests_browser' strategy...
2026-08-24 14:53:14,235 - ERROR - parsed tree length: 1, wrong data type or not valid HTML
2026-08-24 14:53:14,236 - ERROR - empty HTML tree: None
2026-08-24 14:53:14,236 - WARNING - discarding data: None
2026-08-24 14:53:14,236 - WARNING - [Economic Times] FAILED with 'requests_browser' (content was too short: 0 words).
2026-08-24 14:53:15,048 - INFO - [Economic Times] Article: https://economictimes.indiatimes.com/amalgamate-banks/articleshow/5645086.cms
2026-08-24 14:53:15,048 - INFO - [Economic Times] Attempt 2/2: Trying with 'selenium_browser' strategy...
2026-08-24 14:53:17,089 - INFO - [Economic Times] Page content loaded.
2026-08-24 14:53:17,199 - INFO - [Economic Times] Success with 'selenium_browser'. Found content (243 words).
2026-08-24 14:53:20,085 - ERROR - Error saving article Amalgamate banks - The Economic Times: Hrana: `stream error: `Error { message: "SQLite error: UNIQUE constraint failed: articles.url", code: "SQLITE_CONSTRAINT" }``
2026-08-24 14:53:20,673 - INFO - [Economic Times] Article: https://economictimes.indiatimes.com/managing-data/articleshow/5117958.cms
2026-08-24 14:53:20,673 - INFO - [Economic Times] Attempt 1/2: Trying with 'requests_browser' strategy...
2026-08-24 14:53:20,944 - ERROR - parsed tree length: 1, wrong data type or not valid HTML
2026-08-24 14:53:20,944 - ERROR - empty HTML tree: None
2026-08-24 14:53:20,944 - WARNING - discarding data: None
2026-08-24 14:53:20,944 - WARNING - [Economic Times] FAILED with 'requests_browser' (content was too short: 0 words).
2026-08-24 14:53:21,128 - CRITICAL - --- TIMEOUT: 1 scrape jobs did not complete in 420s. ---
2026-08-24 14:53:21,128 - ERROR - A thread has timed out and will be abandoned.
2026-08-24 14:53:21,128 - INFO - Shutting down thread pool (wait=False)...
2026-08-24 14:53:21,128 - INFO - Scraped: 0 TechCrunch, 0 Indian Express, 1 Al Jazeera, 0 BBC, 6 Times of India, 20 The Hindu, 0 Wired, 0 NDTV, 1 Timed_Out_Jobs articles. (Total saved: 27)
2026-08-24 14:53:21,128 - INFO - --- Scraping job finished ---
2026-08-24 14:53:21,128 - INFO - --- Scraper service stopped. ---
2026-08-24 14:53:21,128 - INFO - --- Main thread finished. Forcing process exit to kill zombie threads. ---
