2026-08-04 19:09:13,336 - INFO - Loading AI Semantic Model (all-MiniLM-L6-v2)...
2026-08-04 19:09:13,336 - INFO - No device provided, using cpu
2026-08-04 19:09:13,490 - INFO - HTTP Request: GET https://huggingface.co/api/agent-harnesses "HTTP/1.1 200 OK"
2026-08-04 19:09:13,566 - INFO - HTTP Request: HEAD https://huggingface.co/sentence-transformers/all-MiniLM-L6-v2/resolve/main/modules.json "HTTP/1.1 307 Temporary Redirect"
2026-08-04 19:09:13,571 - INFO - HTTP Request: HEAD https://huggingface.co/api/resolve-cache/models/sentence-transformers/all-MiniLM-L6-v2/1110a243fdf4706b3f48f1d95db1a4f5529b4d41/modules.json "HTTP/1.1 200 OK"
2026-08-04 19:09:13,651 - INFO - HTTP Request: HEAD https://huggingface.co/sentence-transformers/all-MiniLM-L6-v2/resolve/main/config_sentence_transformers.json "HTTP/1.1 307 Temporary Redirect"
2026-08-04 19:09:13,652 - WARNING - Warning: You are sending unauthenticated requests to the HF Hub. Please set a HF_TOKEN to enable higher rate limits and faster downloads.
2026-08-04 19:09:13,656 - INFO - HTTP Request: HEAD https://huggingface.co/api/resolve-cache/models/sentence-transformers/all-MiniLM-L6-v2/1110a243fdf4706b3f48f1d95db1a4f5529b4d41/config_sentence_transformers.json "HTTP/1.1 200 OK"
2026-08-04 19:09:13,658 - INFO - Loading SentenceTransformer model from sentence-transformers/all-MiniLM-L6-v2.
2026-08-04 19:09:13,740 - INFO - HTTP Request: HEAD https://huggingface.co/sentence-transformers/all-MiniLM-L6-v2/resolve/main/config_sentence_transformers.json "HTTP/1.1 307 Temporary Redirect"
2026-08-04 19:09:13,745 - INFO - HTTP Request: HEAD https://huggingface.co/api/resolve-cache/models/sentence-transformers/all-MiniLM-L6-v2/1110a243fdf4706b3f48f1d95db1a4f5529b4d41/config_sentence_transformers.json "HTTP/1.1 200 OK"
2026-08-04 19:09:13,822 - INFO - HTTP Request: HEAD https://huggingface.co/sentence-transformers/all-MiniLM-L6-v2/resolve/main/README.md "HTTP/1.1 307 Temporary Redirect"
2026-08-04 19:09:13,827 - INFO - HTTP Request: HEAD https://huggingface.co/api/resolve-cache/models/sentence-transformers/all-MiniLM-L6-v2/1110a243fdf4706b3f48f1d95db1a4f5529b4d41/README.md "HTTP/1.1 200 OK"
2026-08-04 19:09:13,832 - INFO - HTTP Request: GET https://huggingface.co/api/resolve-cache/models/sentence-transformers/all-MiniLM-L6-v2/1110a243fdf4706b3f48f1d95db1a4f5529b4d41/README.md "HTTP/1.1 200 OK"
2026-08-04 19:09:13,909 - INFO - HTTP Request: HEAD https://huggingface.co/sentence-transformers/all-MiniLM-L6-v2/resolve/main/modules.json "HTTP/1.1 307 Temporary Redirect"
2026-08-04 19:09:13,915 - INFO - HTTP Request: HEAD https://huggingface.co/api/resolve-cache/models/sentence-transformers/all-MiniLM-L6-v2/1110a243fdf4706b3f48f1d95db1a4f5529b4d41/modules.json "HTTP/1.1 200 OK"
2026-08-04 19:09:13,988 - INFO - HTTP Request: HEAD https://huggingface.co/sentence-transformers/all-MiniLM-L6-v2/resolve/main/sentence_bert_config.json "HTTP/1.1 307 Temporary Redirect"
2026-08-04 19:09:13,993 - INFO - HTTP Request: HEAD https://huggingface.co/api/resolve-cache/models/sentence-transformers/all-MiniLM-L6-v2/1110a243fdf4706b3f48f1d95db1a4f5529b4d41/sentence_bert_config.json "HTTP/1.1 200 OK"
2026-08-04 19:09:14,072 - INFO - HTTP Request: HEAD https://huggingface.co/sentence-transformers/all-MiniLM-L6-v2/resolve/main/adapter_config.json "HTTP/1.1 404 Not Found"
2026-08-04 19:09:14,152 - INFO - HTTP Request: HEAD https://huggingface.co/sentence-transformers/all-MiniLM-L6-v2/resolve/main/config.json "HTTP/1.1 307 Temporary Redirect"
2026-08-04 19:09:14,157 - INFO - HTTP Request: HEAD https://huggingface.co/api/resolve-cache/models/sentence-transformers/all-MiniLM-L6-v2/1110a243fdf4706b3f48f1d95db1a4f5529b4d41/config.json "HTTP/1.1 200 OK"
2026-08-04 19:09:14,278 - INFO - HTTP Request: HEAD https://huggingface.co/sentence-transformers/all-MiniLM-L6-v2/resolve/main/model.safetensors "HTTP/1.1 302 Found"
2026-08-04 19:09:14,486 - INFO - HTTP Request: HEAD https://huggingface.co/sentence-transformers/all-MiniLM-L6-v2/resolve/main/processor_config.json "HTTP/1.1 404 Not Found"
2026-08-04 19:09:14,563 - INFO - HTTP Request: HEAD https://huggingface.co/sentence-transformers/all-MiniLM-L6-v2/resolve/main/preprocessor_config.json "HTTP/1.1 404 Not Found"
2026-08-04 19:09:14,639 - INFO - HTTP Request: HEAD https://huggingface.co/sentence-transformers/all-MiniLM-L6-v2/resolve/main/video_preprocessor_config.json "HTTP/1.1 404 Not Found"
2026-08-04 19:09:14,717 - INFO - HTTP Request: HEAD https://huggingface.co/sentence-transformers/all-MiniLM-L6-v2/resolve/main/preprocessor_config.json "HTTP/1.1 404 Not Found"
2026-08-04 19:09:14,794 - INFO - HTTP Request: HEAD https://huggingface.co/sentence-transformers/all-MiniLM-L6-v2/resolve/main/tokenizer_config.json "HTTP/1.1 307 Temporary Redirect"
2026-08-04 19:09:14,800 - INFO - HTTP Request: HEAD https://huggingface.co/api/resolve-cache/models/sentence-transformers/all-MiniLM-L6-v2/1110a243fdf4706b3f48f1d95db1a4f5529b4d41/tokenizer_config.json "HTTP/1.1 200 OK"
2026-08-04 19:09:14,882 - INFO - HTTP Request: HEAD https://huggingface.co/sentence-transformers/all-MiniLM-L6-v2/resolve/main/config.json "HTTP/1.1 307 Temporary Redirect"
2026-08-04 19:09:14,890 - INFO - HTTP Request: HEAD https://huggingface.co/api/resolve-cache/models/sentence-transformers/all-MiniLM-L6-v2/1110a243fdf4706b3f48f1d95db1a4f5529b4d41/config.json "HTTP/1.1 200 OK"
2026-08-04 19:09:14,966 - INFO - HTTP Request: HEAD https://huggingface.co/sentence-transformers/all-MiniLM-L6-v2/resolve/main/config.json "HTTP/1.1 307 Temporary Redirect"
2026-08-04 19:09:14,977 - INFO - HTTP Request: HEAD https://huggingface.co/api/resolve-cache/models/sentence-transformers/all-MiniLM-L6-v2/1110a243fdf4706b3f48f1d95db1a4f5529b4d41/config.json "HTTP/1.1 200 OK"
2026-08-04 19:09:15,057 - INFO - HTTP Request: HEAD https://huggingface.co/sentence-transformers/all-MiniLM-L6-v2/resolve/main/tokenizer_config.json "HTTP/1.1 307 Temporary Redirect"
2026-08-04 19:09:15,068 - INFO - HTTP Request: HEAD https://huggingface.co/api/resolve-cache/models/sentence-transformers/all-MiniLM-L6-v2/1110a243fdf4706b3f48f1d95db1a4f5529b4d41/tokenizer_config.json "HTTP/1.1 200 OK"
2026-08-04 19:09:15,152 - INFO - HTTP Request: GET https://huggingface.co/api/models/sentence-transformers/all-MiniLM-L6-v2/tree/main/additional_chat_templates?recursive=false&expand=false "HTTP/1.1 404 Not Found"
2026-08-04 19:09:15,231 - INFO - HTTP Request: GET https://huggingface.co/api/models/sentence-transformers/all-MiniLM-L6-v2/tree/main?recursive=true&expand=false "HTTP/1.1 200 OK"
2026-08-04 19:09:15,310 - INFO - HTTP Request: HEAD https://huggingface.co/sentence-transformers/all-MiniLM-L6-v2/resolve/main/vocab.txt "HTTP/1.1 307 Temporary Redirect"
2026-08-04 19:09:15,315 - INFO - HTTP Request: HEAD https://huggingface.co/api/resolve-cache/models/sentence-transformers/all-MiniLM-L6-v2/1110a243fdf4706b3f48f1d95db1a4f5529b4d41/vocab.txt "HTTP/1.1 200 OK"
2026-08-04 19:09:15,392 - INFO - HTTP Request: HEAD https://huggingface.co/sentence-transformers/all-MiniLM-L6-v2/resolve/main/tokenizer.json "HTTP/1.1 307 Temporary Redirect"
2026-08-04 19:09:15,398 - INFO - HTTP Request: HEAD https://huggingface.co/api/resolve-cache/models/sentence-transformers/all-MiniLM-L6-v2/1110a243fdf4706b3f48f1d95db1a4f5529b4d41/tokenizer.json "HTTP/1.1 200 OK"
2026-08-04 19:09:15,475 - INFO - HTTP Request: HEAD https://huggingface.co/sentence-transformers/all-MiniLM-L6-v2/resolve/main/added_tokens.json "HTTP/1.1 404 Not Found"
2026-08-04 19:09:15,550 - INFO - HTTP Request: HEAD https://huggingface.co/sentence-transformers/all-MiniLM-L6-v2/resolve/main/special_tokens_map.json "HTTP/1.1 307 Temporary Redirect"
2026-08-04 19:09:15,555 - INFO - HTTP Request: HEAD https://huggingface.co/api/resolve-cache/models/sentence-transformers/all-MiniLM-L6-v2/1110a243fdf4706b3f48f1d95db1a4f5529b4d41/special_tokens_map.json "HTTP/1.1 200 OK"
2026-08-04 19:09:15,631 - INFO - HTTP Request: HEAD https://huggingface.co/sentence-transformers/all-MiniLM-L6-v2/resolve/main/chat_template.jinja "HTTP/1.1 404 Not Found"
2026-08-04 19:09:15,744 - INFO - HTTP Request: HEAD https://huggingface.co/sentence-transformers/all-MiniLM-L6-v2/resolve/main/1_Pooling/config.json "HTTP/1.1 307 Temporary Redirect"
2026-08-04 19:09:15,749 - INFO - HTTP Request: HEAD https://huggingface.co/api/resolve-cache/models/sentence-transformers/all-MiniLM-L6-v2/1110a243fdf4706b3f48f1d95db1a4f5529b4d41/1_Pooling%2Fconfig.json "HTTP/1.1 200 OK"
2026-08-04 19:09:15,840 - INFO - HTTP Request: GET https://huggingface.co/api/models/sentence-transformers/all-MiniLM-L6-v2 "HTTP/1.1 200 OK"
2026-08-04 19:09:15,844 - INFO - AI Model loaded successfully.
2026-08-04 19:09:15,844 - INFO - --- Scraper service started (CI Mode: Run Once) ---
2026-08-04 19:09:15,844 - INFO - --- Starting new scraping job (Parallel Mode) ---
2026-08-04 19:09:15,844 - INFO - Connecting to SQLite database...
2026-08-04 19:09:21,273 - INFO - Pre-calculating embeddings for 339 cached articles...
2026-08-04 19:09:41,500 - INFO - Cache built: 5352 URLs. Current MAX_ID: 96689
2026-08-04 19:09:41,501 - INFO - Creating new robust session with 3 retries on 5xx/connection/read errors.
2026-08-04 19:09:41,501 - INFO - Proxy is DISABLED.
2026-08-04 19:09:41,501 - INFO - [BBC] (Thread) requires Selenium. Initializing driver...
2026-08-04 19:09:41,502 - INFO - [Times of India] (Thread) requires Selenium. Initializing driver...
2026-08-04 19:09:41,502 - INFO - [The Hindu] (Thread) requires Selenium. Initializing driver...
2026-08-04 19:09:41,502 - INFO - [Al Jazeera] (Thread) requires Selenium. Initializing driver...
2026-08-04 19:09:41,503 - INFO - Starting scrape for TechCrunch RSS feed: https://techcrunch.com/feed/
2026-08-04 19:09:41,505 - INFO - [Economic Times] (Thread) requires Selenium. Initializing driver...
2026-08-04 19:09:41,505 - INFO - [Wired] (Thread) requires Selenium. Initializing driver...
2026-08-04 19:09:41,505 - INFO - [NDTV] (Thread) requires Selenium. Initializing driver...
2026-08-04 19:09:41,506 - INFO - [Indian Express] (Thread) requires Selenium. Initializing driver...
2026-08-04 19:09:41,506 - INFO - Submitted 9 jobs to thread pool. Waiting up to 420s for completion...
2026-08-04 19:09:43,447 - INFO - Found 0 articles in TechCrunch RSS feed. Processing until 8 new articles are saved.
2026-08-04 19:09:43,653 - INFO - Selenium driver initialized successfully (Eager load strategy, 7s timeout).
2026-08-04 19:09:43,653 - INFO - Starting scrape for Al Jazeera RSS feed: https://www.aljazeera.com/xml/rss/all.xml
2026-08-04 19:09:43,696 - INFO - Selenium driver initialized successfully (Eager load strategy, 7s timeout).
2026-08-04 19:09:43,696 - INFO - Starting scrape for Times of India RSS feed: https://timesofindia.indiatimes.com/rssfeeds/296589292.cms
2026-08-04 19:09:43,917 - INFO - Selenium driver initialized successfully (Eager load strategy, 7s timeout).
2026-08-04 19:09:43,917 - INFO - Starting scrape for Economic Times RSS feed: https://economictimes.indiatimes.com/rssfeedsdefault.cms
2026-08-04 19:09:44,021 - INFO - Found 20 articles in Times of India RSS feed. Processing until 20 new articles are saved.
2026-08-04 19:09:44,025 - INFO - [Times of India] Article: https://timesofindia.indiatimes.com/world/us/us-judge-blocks-new-yorks-ban-on-ice-officers-wearing-face-masks/articleshow/132867373.cms
2026-08-04 19:09:44,030 - INFO - [Times of India] Attempt 1/1: Trying with 'selenium_browser' strategy...
2026-08-04 19:09:44,094 - INFO - Selenium driver initialized successfully (Eager load strategy, 7s timeout).
2026-08-04 19:09:44,094 - INFO - Starting scrape for BBC RSS feed: http://feeds.bbci.co.uk/news/world/rss.xml
2026-08-04 19:09:44,202 - INFO - Found 25 articles in Al Jazeera RSS feed. Processing until 8 new articles are saved.
2026-08-04 19:09:44,202 - INFO - [Al Jazeera] Article: https://www.aljazeera.com/news/2026/8/4/doj-sends-monitors-to-michigan-poll-sites-as-lawmakers-warn-of-partisan-aim?traffic_source=rss
2026-08-04 19:09:44,202 - INFO - [Al Jazeera] Attempt 1/2: Trying with 'requests_browser' strategy...
2026-08-04 19:09:44,244 - INFO - Selenium driver initialized successfully (Eager load strategy, 7s timeout).
2026-08-04 19:09:44,247 - INFO - Starting scrape for The Hindu RSS feed: https://www.thehindu.com/news/national/feeder/default.rss
2026-08-04 19:09:44,258 - INFO - Selenium driver initialized successfully (Eager load strategy, 7s timeout).
2026-08-04 19:09:44,258 - INFO - Starting scrape for Indian Express RSS feed: https://indianexpress.com/feed/
2026-08-04 19:09:44,260 - INFO - Selenium driver initialized successfully (Eager load strategy, 7s timeout).
2026-08-04 19:09:44,260 - INFO - Starting scrape for NDTV RSS feed: https://feeds.feedburner.com/ndtvnews-top-stories
2026-08-04 19:09:44,310 - INFO - Selenium driver initialized successfully (Eager load strategy, 7s timeout).
2026-08-04 19:09:44,310 - INFO - Starting scrape for Wired RSS feed: https://www.wired.com/feed/rss
2026-08-04 19:09:44,433 - INFO - [Al Jazeera] Success with 'requests_browser'. Found content (742 words).
2026-08-04 19:09:44,599 - INFO - Found 32 articles in BBC RSS feed. Processing until 10 new articles are saved.
2026-08-04 19:09:44,600 - INFO - [BBC] Early skip: URL https://www.bbc.co.uk/news/articles/cn4n03xg981o?at_medium=RSS&at_campaign=rss already exists.
2026-08-04 19:09:44,604 - INFO - Found 20 articles in NDTV RSS feed. Processing until 10 new articles are saved.
2026-08-04 19:09:44,605 - INFO - [NDTV] Article: https://www.ndtv.com/india-news/tamil-nadu-vijay-actor-trisha-water-row-if-youre-man-enough-khushbu-sundar-slams-udhayanidhi-stalins-trisha-remark-11866402#publisher=newsstand
2026-08-04 19:09:44,605 - INFO - [NDTV] Attempt 1/2: Trying with 'requests_browser' strategy...
2026-08-04 19:09:44,609 - INFO - [BBC] Early skip: URL https://www.bbc.co.uk/news/articles/cpw9v0gnzxwo?at_medium=RSS&at_campaign=rss already exists.
2026-08-04 19:09:44,611 - INFO - [BBC] Early skip: URL https://www.bbc.co.uk/news/articles/c80n3j55g0do?at_medium=RSS&at_campaign=rss already exists.
2026-08-04 19:09:44,614 - INFO - [BBC] Early skip: URL https://www.bbc.co.uk/news/articles/c151pkww79zo?at_medium=RSS&at_campaign=rss already exists.
2026-08-04 19:09:44,617 - INFO - [BBC] Early skip: URL https://www.bbc.co.uk/news/articles/c4gkpeppjyqo?at_medium=RSS&at_campaign=rss already exists.
2026-08-04 19:09:44,622 - INFO - Found 60 articles in The Hindu RSS feed. Processing until 20 new articles are saved.
2026-08-04 19:09:44,625 - INFO - [The Hindu] Article: https://www.thehindu.com/news/national/kerala/engine-failure-leaves-ro-ro-ferry-adrift-off-kochi/article71306690.ece
2026-08-04 19:09:44,625 - INFO - [The Hindu] Attempt 1/1: Trying with 'selenium_browser' strategy...
2026-08-04 19:09:44,626 - INFO - [BBC] Early skip: URL https://www.bbc.co.uk/news/articles/cx25yn22l97o?at_medium=RSS&at_campaign=rss already exists.
2026-08-04 19:09:44,628 - INFO - [BBC] Early skip: URL https://www.bbc.co.uk/news/articles/cn0n99npjejo?at_medium=RSS&at_campaign=rss already exists.
2026-08-04 19:09:44,632 - INFO - [BBC] Early skip: URL https://www.bbc.co.uk/news/articles/c4gdkl9zn8wo?at_medium=RSS&at_campaign=rss already exists.
2026-08-04 19:09:44,633 - INFO - [BBC] Early skip: URL https://www.bbc.co.uk/news/articles/c80n33lrnm5o?at_medium=RSS&at_campaign=rss already exists.
2026-08-04 19:09:44,634 - INFO - [BBC] Early skip: URL https://www.bbc.co.uk/news/articles/ckg9kd27lkpo?at_medium=RSS&at_campaign=rss already exists.
2026-08-04 19:09:44,645 - INFO - [BBC] Early skip: URL https://www.bbc.co.uk/news/articles/c5y3ppmmev1o?at_medium=RSS&at_campaign=rss already exists.
2026-08-04 19:09:44,646 - INFO - [BBC] Early skip: URL https://www.bbc.co.uk/news/articles/c2lqpx1qd8lo?at_medium=RSS&at_campaign=rss already exists.
2026-08-04 19:09:44,647 - INFO - [BBC] Early skip: URL https://www.bbc.co.uk/news/articles/cgmkxjrrwdvo?at_medium=RSS&at_campaign=rss already exists.
2026-08-04 19:09:44,649 - INFO - [BBC] Early skip: URL https://www.bbc.co.uk/news/articles/c3ek7g857q4o?at_medium=RSS&at_campaign=rss already exists.
2026-08-04 19:09:44,652 - ERROR - Failed to fetch Indian Express RSS feed: 403 Client Error: Forbidden for url: https://indianexpress.com/feed/
2026-08-04 19:09:44,652 - INFO - [Indian Express] (Thread) Finished. Attempting to shut down its Selenium driver.
2026-08-04 19:09:44,662 - INFO - [BBC] Early skip: URL https://www.bbc.co.uk/news/articles/c4gx2y454w5o?at_medium=RSS&at_campaign=rss already exists.
2026-08-04 19:09:44,667 - INFO - [BBC] Early skip: URL https://www.bbc.co.uk/news/articles/cy4kp8jd0ppo?at_medium=RSS&at_campaign=rss already exists.
2026-08-04 19:09:44,668 - INFO - [BBC] Early skip: URL https://www.bbc.co.uk/news/articles/cyvl84zmgyro?at_medium=RSS&at_campaign=rss already exists.
2026-08-04 19:09:44,670 - INFO - [BBC] Early skip: URL https://www.bbc.co.uk/news/articles/c4gkpwj2je9o?at_medium=RSS&at_campaign=rss already exists.
2026-08-04 19:09:44,674 - INFO - [BBC] Early skip: URL https://www.bbc.co.uk/news/articles/c78gn8zvrx4o?at_medium=RSS&at_campaign=rss already exists.
2026-08-04 19:09:44,676 - INFO - Found 50 articles in Wired RSS feed. Processing until 10 new articles are saved.
2026-08-04 19:09:44,679 - INFO - [Wired] Early skip: URL https://www.wired.com/story/landmark-deal-would-officially-add-laser-weapons-to-us-army-arsenal/ already exists.
2026-08-04 19:09:44,679 - INFO - [BBC] Early skip: URL https://www.bbc.co.uk/news/articles/c1e1d5j6660o?at_medium=RSS&at_campaign=rss already exists.
2026-08-04 19:09:44,681 - INFO - [Wired] Early skip: URL https://www.wired.com/gallery/best-gaming-mouse/ already exists.
2026-08-04 19:09:44,682 - INFO - [BBC] Early skip: URL https://www.bbc.co.uk/news/articles/cjrv0dy2e90o?at_medium=RSS&at_campaign=rss already exists.
2026-08-04 19:09:44,683 - INFO - [Wired] Early skip: URL https://www.wired.com/review/purple-carrot-meal-kit-2026/ already exists.
2026-08-04 19:09:44,684 - INFO - [BBC] Early skip: URL https://www.bbc.co.uk/news/articles/cgjed2q2l0xo?at_medium=RSS&at_campaign=rss already exists.
2026-08-04 19:09:44,684 - INFO - [Wired] Early skip: URL https://www.wired.com/gallery/the-best-cordless-vacuum/ already exists.
2026-08-04 19:09:44,685 - INFO - [BBC] Early skip: URL https://www.bbc.co.uk/news/articles/c1m1xm8ykk2o?at_medium=RSS&at_campaign=rss already exists.
2026-08-04 19:09:44,685 - INFO - [Wired] Early skip: URL https://www.wired.com/story/ai-tells-detection-world-series-of-poker-espn/ already exists.
2026-08-04 19:09:44,686 - INFO - [BBC] Early skip: URL https://www.bbc.co.uk/news/articles/c934dq95zpgo?at_medium=RSS&at_campaign=rss already exists.
2026-08-04 19:09:44,687 - INFO - [Wired] Early skip: URL https://www.wired.com/story/how-one-startup-built-a-mostly-china-free-robot/ already exists.
2026-08-04 19:09:44,687 - INFO - [BBC] Early skip: URL https://www.bbc.co.uk/news/articles/c872r52x7jgo?at_medium=RSS&at_campaign=rss already exists.
2026-08-04 19:09:44,688 - INFO - [Wired] Early skip: URL https://www.wired.com/story/the-big-interview-podcast-matthew-belloni-puck/ already exists.
2026-08-04 19:09:44,689 - INFO - [BBC] Early skip: URL https://www.bbc.co.uk/news/articles/c0qvlw2dd0no?at_medium=RSS&at_campaign=rss already exists.
2026-08-04 19:09:44,689 - INFO - [Wired] Early skip: URL https://www.wired.com/story/how-data-centers-broke-american-politics/ already exists.
2026-08-04 19:09:44,690 - INFO - [BBC] Early skip: URL https://www.bbc.co.uk/news/articles/cm2gv4dgqv4o?at_medium=RSS&at_campaign=rss already exists.
2026-08-04 19:09:44,691 - INFO - [Wired] Early skip: URL https://www.wired.com/story/2018-google-walkout-dont-be-evil-claire-stapleton/ already exists.
2026-08-04 19:09:44,692 - INFO - [BBC] Early skip: URL https://www.bbc.co.uk/news/videos/c9q91dnljpeo?at_medium=RSS&at_campaign=rss already exists.
2026-08-04 19:09:44,692 - INFO - [Wired] Early skip: URL https://www.wired.com/story/mistral-is-in-the-right-place-at-the-right-time/ already exists.
2026-08-04 19:09:44,694 - ERROR - [NDTV] Request failed for strategy 'requests_browser' on URL https://www.ndtv.com/india-news/tamil-nadu-vijay-actor-trisha-water-row-if-youre-man-enough-khushbu-sundar-slams-udhayanidhi-stalins-trisha-remark-11866402#publisher=newsstand: 403 Client Error: Forbidden for url: https://www.ndtv.com/india-news/tamil-nadu-vijay-actor-trisha-water-row-if-youre-man-enough-khushbu-sundar-slams-udhayanidhi-stalins-trisha-remark-11866402#publisher=newsstand
2026-08-04 19:09:44,697 - INFO - [Wired] Article: https://www.wired.com/story/lowes-promo-code/
2026-08-04 19:09:44,697 - INFO - [Wired] Attempt 1/2: Trying with 'requests_browser' strategy...
2026-08-04 19:09:44,709 - INFO - [BBC] Early skip: URL https://www.bbc.co.uk/news/videos/c9d8662gyx5o?at_medium=RSS&at_campaign=rss already exists.
2026-08-04 19:09:44,710 - INFO - [BBC] Early skip: URL https://www.bbc.co.uk/news/videos/c5y0d96qgg3o?at_medium=RSS&at_campaign=rss already exists.
2026-08-04 19:09:44,711 - INFO - [BBC] Early skip: URL https://www.bbc.co.uk/news/videos/c70gjkxel0zo?at_medium=RSS&at_campaign=rss already exists.
2026-08-04 19:09:44,713 - INFO - [BBC] Early skip: URL https://www.bbc.co.uk/news/videos/c1719pk0xq8o?at_medium=RSS&at_campaign=rss already exists.
2026-08-04 19:09:44,715 - INFO - [BBC] (Thread) Finished. Attempting to shut down its Selenium driver.
2026-08-04 19:09:44,732 - INFO - [Indian Express] (Thread) driver.quit() successful.
2026-08-04 19:09:46,585 - INFO - [NDTV] Article: https://www.ndtv.com/india-news/tamil-nadu-vijay-actor-trisha-water-row-if-youre-man-enough-khushbu-sundar-slams-udhayanidhi-stalins-trisha-remark-11866402#publisher=newsstand
2026-08-04 19:09:46,586 - INFO - [NDTV] Attempt 2/2: Trying with 'selenium_browser' strategy...
2026-08-04 19:09:47,795 - INFO - >>> SUCCESSFULLY SAVED [ID: 96690] - DOJ sends monitors to Michigan poll sites as lawmakers warn of partisan aim | Elections News | Al Jazeera from Al Jazeera (742 words)
2026-08-04 19:09:47,808 - INFO - [BBC] (Thread) driver.quit() successful.
2026-08-04 19:09:47,913 - ERROR - parsed tree length: 1, wrong data type or not valid HTML
2026-08-04 19:09:47,914 - ERROR - empty HTML tree: None
2026-08-04 19:09:47,914 - WARNING - discarding data: None
2026-08-04 19:09:47,914 - WARNING - [Wired] FAILED with 'requests_browser' (content was too short: 0 words).
2026-08-04 19:09:47,929 - INFO - Found 76 articles in Economic Times RSS feed. Processing until 20 new articles are saved.
2026-08-04 19:09:47,929 - INFO - [Economic Times] Early skip: URL https://economictimes.indiatimes.com/markets/stocks/earnings/bse-q1-results-profit-soars-62-yoy-to-rs-874-crore-revenue-surges-63/articleshow/132862347.cms already exists.
2026-08-04 19:09:47,945 - INFO - [Economic Times] Article: https://economictimes.indiatimes.com/markets/stocks/news/institutional-investors-over-subscribe-lic-ofs-govt-opts-for-green-shoe-option/articleshow/132860366.cms
2026-08-04 19:09:47,945 - INFO - [Economic Times] Attempt 1/2: Trying with 'requests_browser' strategy...
2026-08-04 19:09:48,207 - INFO - [The Hindu] Page content loaded.
2026-08-04 19:09:48,273 - ERROR - parsed tree length: 1, wrong data type or not valid HTML
2026-08-04 19:09:48,273 - ERROR - empty HTML tree: None
2026-08-04 19:09:48,273 - WARNING - discarding data: None
2026-08-04 19:09:48,273 - WARNING - [Economic Times] FAILED with 'requests_browser' (content was too short: 0 words).
2026-08-04 19:09:48,744 - INFO - [Wired] Article: https://www.wired.com/story/lowes-promo-code/
2026-08-04 19:09:48,744 - INFO - [Wired] Attempt 2/2: Trying with 'selenium_browser' strategy...
2026-08-04 19:09:48,783 - INFO - [The Hindu] Success with 'selenium_browser'. Found content (179 words).
2026-08-04 19:09:48,922 - INFO - [Economic Times] Article: https://economictimes.indiatimes.com/markets/stocks/news/institutional-investors-over-subscribe-lic-ofs-govt-opts-for-green-shoe-option/articleshow/132860366.cms
2026-08-04 19:09:48,922 - INFO - [Economic Times] Attempt 2/2: Trying with 'selenium_browser' strategy...
2026-08-04 19:09:48,935 - INFO - [Al Jazeera] Article: https://www.aljazeera.com/video/newsfeed/2026/8/4/mass-funeral-held-for-112-members-of-two-palestinian-families?traffic_source=rss
2026-08-04 19:09:48,935 - INFO - [Al Jazeera] Attempt 1/2: Trying with 'requests_browser' strategy...
2026-08-04 19:09:49,215 - WARNING - [Al Jazeera] FAILED with 'requests_browser' (content was too short: 57 words).
2026-08-04 19:09:50,949 - INFO - [Al Jazeera] Article: https://www.aljazeera.com/video/newsfeed/2026/8/4/mass-funeral-held-for-112-members-of-two-palestinian-families?traffic_source=rss
2026-08-04 19:09:51,400 - INFO - [Al Jazeera] Attempt 2/2: Trying with 'selenium_browser' strategy...
2026-08-04 19:09:52,563 - INFO - >>> SUCCESSFULLY SAVED [ID: 96691] - Engine failure leaves Ro-Ro ferry adrift off Kochi - The Hindu from The Hindu (179 words)
2026-08-04 19:09:52,666 - INFO - [NDTV] Page content loaded.
2026-08-04 19:09:53,224 - INFO - [The Hindu] Article: https://www.thehindu.com/news/national/tamil-nadu/three-persons-killed-in-separate-road-accidents-in-vellore/article71304164.ece
2026-08-04 19:09:53,225 - INFO - [The Hindu] Attempt 1/1: Trying with 'selenium_browser' strategy...
2026-08-04 19:09:54,162 - INFO - [NDTV] Success with 'selenium_browser'. Found content (682 words).
2026-08-04 19:09:59,021 - INFO - [Al Jazeera] Page content loaded.
2026-08-04 19:09:59,269 - INFO - >>> SUCCESSFULLY SAVED [ID: 96692] - Tamil Nadu, Vijay, Actor Trisha, Water Row: "If You're Man Enough...": BJP's Khushbu Sundar Slams Udhayanidhi Stalin's 'Trisha' Remark from NDTV (682 words)
2026-08-04 19:09:59,694 - WARNING - [Al Jazeera] FAILED with 'selenium_browser' (content was too short: 57 words).
2026-08-04 19:09:59,695 - ERROR - [Al Jazeera] All scrape strategies failed for https://www.aljazeera.com/video/newsfeed/2026/8/4/mass-funeral-held-for-112-members-of-two-palestinian-families?traffic_source=rss. Falling back to RSS description.
2026-08-04 19:09:59,695 - WARNING - SKIPPED (GLOBAL WORD LIMIT): Article 'Mass funeral held for 112 members of two Palestinian families' from Al Jazeera has only 17 words (Min: 90).
2026-08-04 19:10:00,059 - INFO - [NDTV] Article: https://www.ndtv.com/world-news/airport-in-saudi-arabia-suspends-service-after-houthi-attack-report-11866393#publisher=newsstand
2026-08-04 19:10:00,060 - INFO - [NDTV] Attempt 1/2: Trying with 'requests_browser' strategy...
2026-08-04 19:10:00,203 - INFO - [Al Jazeera] Article: https://www.aljazeera.com/news/2026/8/4/maximum-use-iran-boosts-military-strength-during-ceasefire-with-us?traffic_source=rss
2026-08-04 19:10:00,203 - INFO - [Al Jazeera] Attempt 1/2: Trying with 'requests_browser' strategy...
2026-08-04 19:10:00,358 - ERROR - [NDTV] Request failed for strategy 'requests_browser' on URL https://www.ndtv.com/world-news/airport-in-saudi-arabia-suspends-service-after-houthi-attack-report-11866393#publisher=newsstand: 403 Client Error: Forbidden for url: https://www.ndtv.com/world-news/airport-in-saudi-arabia-suspends-service-after-houthi-attack-report-11866393#publisher=newsstand
2026-08-04 19:10:00,440 - INFO - [Al Jazeera] Success with 'requests_browser'. Found content (1078 words).
2026-08-04 19:10:01,243 - INFO - [NDTV] Article: https://www.ndtv.com/world-news/airport-in-saudi-arabia-suspends-service-after-houthi-attack-report-11866393#publisher=newsstand
2026-08-04 19:10:01,244 - INFO - [NDTV] Attempt 2/2: Trying with 'selenium_browser' strategy...
2026-08-04 19:10:04,270 - INFO - >>> SUCCESSFULLY SAVED [ID: 96693] - ‘Maximum use’: Iran boosts military strength during ceasefire with US | US-Israel war on Iran News | Al Jazeera from Al Jazeera (1078 words)
2026-08-04 19:10:04,909 - INFO - [Al Jazeera] Article: https://www.aljazeera.com/video/newsfeed/2026/8/4/rubio-progress-made-to-reopen-strait-of-hormuz?traffic_source=rss
2026-08-04 19:10:04,909 - INFO - [Al Jazeera] Attempt 1/2: Trying with 'requests_browser' strategy...
2026-08-04 19:10:05,175 - WARNING - [Al Jazeera] FAILED with 'requests_browser' (content was too short: 63 words).
2026-08-04 19:10:06,036 - INFO - [Al Jazeera] Article: https://www.aljazeera.com/video/newsfeed/2026/8/4/rubio-progress-made-to-reopen-strait-of-hormuz?traffic_source=rss
2026-08-04 19:10:06,036 - INFO - [Al Jazeera] Attempt 2/2: Trying with 'selenium_browser' strategy...
2026-08-04 19:10:06,562 - WARNING - [The Hindu] Page explicit wait timed out (3s). Proceeding anyway.
2026-08-04 19:10:06,768 - INFO - [NDTV] Page content loaded.
2026-08-04 19:10:08,213 - INFO - [NDTV] Success with 'selenium_browser'. Found content (326 words).
2026-08-04 19:10:10,236 - INFO - [The Hindu] Success with 'selenium_browser'. Found content (182 words).
2026-08-04 19:10:13,656 - INFO - [Wired] Page content loaded.
2026-08-04 19:10:13,657 - INFO - >>> SUCCESSFULLY SAVED [ID: 96694] - Airport In Saudi Arabia Suspends Service After Houthi Attack: Report from NDTV (326 words)
2026-08-04 19:10:14,280 - INFO - [Economic Times] Page content loaded.
2026-08-04 19:10:15,763 - INFO - [NDTV] Article: https://www.ndtv.com/world-news/173-migrants-rescued-after-boat-catches-fire-in-english-channel-11866384#publisher=newsstand
2026-08-04 19:10:15,787 - INFO - [NDTV] Attempt 1/2: Trying with 'requests_browser' strategy...
2026-08-04 19:10:15,764 - INFO - [Al Jazeera] Page content loaded.
2026-08-04 19:10:17,490 - INFO - >>> SUCCESSFULLY SAVED [ID: 96695] - Three persons killed in separate road accidents in Vellore - The Hindu from The Hindu (182 words)
2026-08-04 19:10:17,712 - WARNING - [Al Jazeera] FAILED with 'selenium_browser' (content was too short: 67 words).
2026-08-04 19:10:17,712 - ERROR - [Al Jazeera] All scrape strategies failed for https://www.aljazeera.com/video/newsfeed/2026/8/4/rubio-progress-made-to-reopen-strait-of-hormuz?traffic_source=rss. Falling back to RSS description.
2026-08-04 19:10:17,712 - WARNING - SKIPPED (GLOBAL WORD LIMIT): Article 'Rubio: Progress made to reopen Strait of Hormuz' from Al Jazeera has only 19 words (Min: 90).
2026-08-04 19:10:17,745 - ERROR - [NDTV] Request failed for strategy 'requests_browser' on URL https://www.ndtv.com/world-news/173-migrants-rescued-after-boat-catches-fire-in-english-channel-11866384#publisher=newsstand: 403 Client Error: Forbidden for url: https://www.ndtv.com/world-news/173-migrants-rescued-after-boat-catches-fire-in-english-channel-11866384#publisher=newsstand
2026-08-04 19:10:17,859 - INFO - [Wired] Success with 'selenium_browser'. Found content (1189 words).
2026-08-04 19:10:18,288 - INFO - [The Hindu] Article: https://www.thehindu.com/news/national/kerala/basic-facilities-lacking-in-relief-camps-says-cpim-kerala-secretary-mv-govindan/article71305897.ece
2026-08-04 19:10:18,288 - INFO - [The Hindu] Attempt 1/1: Trying with 'selenium_browser' strategy...
2026-08-04 19:10:18,611 - INFO - [NDTV] Article: https://www.ndtv.com/world-news/173-migrants-rescued-after-boat-catches-fire-in-english-channel-11866384#publisher=newsstand
2026-08-04 19:10:18,626 - INFO - [NDTV] Attempt 2/2: Trying with 'selenium_browser' strategy...
2026-08-04 19:10:20,024 - INFO - [Al Jazeera] Article: https://www.aljazeera.com/video/newsfeed/2026/8/4/why-did-the-us-economy-slow-down?traffic_source=rss
2026-08-04 19:10:20,024 - INFO - [Al Jazeera] Attempt 1/2: Trying with 'requests_browser' strategy...
2026-08-04 19:10:21,458 - ERROR - Error saving article Lowe’s Promo Codes and Deals: Up to $300 Off Appliances | WIRED: Hrana: `stream error: `Error { message: "SQLite error: UNIQUE constraint failed: articles.url", code: "SQLITE_CONSTRAINT" }``
2026-08-04 19:10:21,584 - WARNING - [Al Jazeera] FAILED with 'requests_browser' (content was too short: 58 words).
2026-08-04 19:10:22,300 - INFO - [Al Jazeera] Article: https://www.aljazeera.com/video/newsfeed/2026/8/4/why-did-the-us-economy-slow-down?traffic_source=rss
2026-08-04 19:10:22,300 - INFO - [Al Jazeera] Attempt 2/2: Trying with 'selenium_browser' strategy...
2026-08-04 19:10:22,355 - INFO - [Wired] Article: https://www.wired.com/story/loop-earplugs-discount-code/
2026-08-04 19:10:22,355 - INFO - [Wired] Attempt 1/2: Trying with 'requests_browser' strategy...
2026-08-04 19:10:22,576 - ERROR - parsed tree length: 1, wrong data type or not valid HTML
2026-08-04 19:10:22,576 - ERROR - empty HTML tree: None
2026-08-04 19:10:22,576 - WARNING - discarding data: None
2026-08-04 19:10:22,576 - WARNING - [Wired] FAILED with 'requests_browser' (content was too short: 0 words).
2026-08-04 19:10:22,692 - INFO - [NDTV] Page content loaded.
2026-08-04 19:10:23,337 - INFO - [Wired] Article: https://www.wired.com/story/loop-earplugs-discount-code/
2026-08-04 19:10:23,337 - INFO - [Wired] Attempt 2/2: Trying with 'selenium_browser' strategy...
2026-08-04 19:10:23,718 - INFO - [NDTV] Success with 'selenium_browser'. Found content (602 words).
2026-08-04 19:10:28,435 - INFO - >>> SUCCESSFULLY SAVED [ID: 96697] - 173 Migrants Rescued After Boat Catches Fire In English Channel from NDTV (602 words)
2026-08-04 19:10:29,597 - INFO - [NDTV] Article: https://www.ndtv.com/india-news/idfc-bank-fraud-accused-caught-in-hotel-cops-allege-bid-to-escape-custody-11866305#publisher=newsstand
2026-08-04 19:10:29,600 - INFO - [NDTV] Attempt 1/2: Trying with 'requests_browser' strategy...
2026-08-04 19:10:29,685 - ERROR - [NDTV] Request failed for strategy 'requests_browser' on URL https://www.ndtv.com/india-news/idfc-bank-fraud-accused-caught-in-hotel-cops-allege-bid-to-escape-custody-11866305#publisher=newsstand: 403 Client Error: Forbidden for url: https://www.ndtv.com/india-news/idfc-bank-fraud-accused-caught-in-hotel-cops-allege-bid-to-escape-custody-11866305#publisher=newsstand
2026-08-04 19:10:29,754 - INFO - [Al Jazeera] Page content loaded.
2026-08-04 19:10:30,245 - WARNING - [Al Jazeera] FAILED with 'selenium_browser' (content was too short: 62 words).
2026-08-04 19:10:30,245 - ERROR - [Al Jazeera] All scrape strategies failed for https://www.aljazeera.com/video/newsfeed/2026/8/4/why-did-the-us-economy-slow-down?traffic_source=rss. Falling back to RSS description.
2026-08-04 19:10:30,245 - WARNING - SKIPPED (GLOBAL WORD LIMIT): Article 'Why did the US economy slow down?' from Al Jazeera has only 18 words (Min: 90).
2026-08-04 19:10:30,350 - INFO - [NDTV] Article: https://www.ndtv.com/india-news/idfc-bank-fraud-accused-caught-in-hotel-cops-allege-bid-to-escape-custody-11866305#publisher=newsstand
2026-08-04 19:10:30,350 - INFO - [NDTV] Attempt 2/2: Trying with 'selenium_browser' strategy...
2026-08-04 19:10:31,178 - INFO - [Al Jazeera] Article: https://www.aljazeera.com/news/2026/8/4/israel-election-pressure-fuels-settlement-push-as-west-bank-violence-surges?traffic_source=rss
2026-08-04 19:10:31,178 - INFO - [Al Jazeera] Attempt 1/2: Trying with 'requests_browser' strategy...
2026-08-04 19:10:31,285 - INFO - [Al Jazeera] Success with 'requests_browser'. Found content (1016 words).
2026-08-04 19:10:34,374 - WARNING - [The Hindu] Page get timed out (7s). Proceeding to grab partial source anyway.
2026-08-04 19:10:34,641 - INFO - [NDTV] Page content loaded.
2026-08-04 19:10:34,643 - INFO - >>> SUCCESSFULLY SAVED [ID: 96698] - Israel election pressure fuels settlement push as West Bank violence surges | Benjamin Netanyahu News | Al Jazeera from Al Jazeera (1016 words)
2026-08-04 19:10:35,944 - INFO - [NDTV] Success with 'selenium_browser'. Found content (456 words).
2026-08-04 19:10:36,089 - INFO - [Al Jazeera] Article: https://www.aljazeera.com/news/2026/8/4/three-lionesses-die-in-tokyo-zoo-as-heatwave-scorches-east-asia?traffic_source=rss
2026-08-04 19:10:36,089 - INFO - [Al Jazeera] Attempt 1/2: Trying with 'requests_browser' strategy...
2026-08-04 19:10:36,453 - INFO - [Al Jazeera] Success with 'requests_browser'. Found content (588 words).
2026-08-04 19:10:39,200 - INFO - [Wired] Page content loaded.
2026-08-04 19:10:40,447 - INFO - >>> SUCCESSFULLY SAVED [ID: 96699] - Three lions die in Tokyo zoo as heatwave scorches East Asia | Climate News | Al Jazeera from Al Jazeera (588 words)
2026-08-04 19:10:41,995 - INFO - [Al Jazeera] Article: https://www.aljazeera.com/sports/2026/8/4/jordan-fa-chief-accuses-fifas-infantino-of-blackmail-over-endorsement?traffic_source=rss
2026-08-04 19:10:41,996 - INFO - [Al Jazeera] Attempt 1/2: Trying with 'requests_browser' strategy...
2026-08-04 19:10:41,997 - WARNING - [The Hindu] Page explicit wait timed out (3s). Proceeding anyway.
2026-08-04 19:10:43,688 - INFO - >>> SUCCESSFULLY SAVED [ID: 96700] - IDFC Bank Fraud Accused Caught In Hotel, Cops Allege Bid To Escape Custody from NDTV (456 words)
2026-08-04 19:10:43,878 - INFO - [Al Jazeera] Success with 'requests_browser'. Found content (578 words).
2026-08-04 19:10:43,917 - INFO - [Times of India] Page content loaded.
2026-08-04 19:10:44,306 - INFO - [Wired] Success with 'selenium_browser'. Found content (1224 words).
2026-08-04 19:10:44,321 - INFO - [Economic Times] Success with 'selenium_browser'. Found content (425 words).
2026-08-04 19:10:44,556 - INFO - [NDTV] Article: https://www.ndtv.com/india-news/top-court-lawyer-withdraws-complaint-against-girl-who-abused-pm-modi-11866358#publisher=newsstand
2026-08-04 19:10:44,580 - INFO - [NDTV] Attempt 1/2: Trying with 'requests_browser' strategy...
2026-08-04 19:10:47,648 - INFO - >>> SUCCESSFULLY SAVED [ID: 96701] - Jordan FA chief accuses FIFA’s Infantino of ‘blackmail’ over endorsement | World Cup News | Al Jazeera from Al Jazeera (578 words)
2026-08-04 19:10:47,708 - ERROR - [NDTV] Request failed for strategy 'requests_browser' on URL https://www.ndtv.com/india-news/top-court-lawyer-withdraws-complaint-against-girl-who-abused-pm-modi-11866358#publisher=newsstand: 403 Client Error: Forbidden for url: https://www.ndtv.com/india-news/top-court-lawyer-withdraws-complaint-against-girl-who-abused-pm-modi-11866358#publisher=newsstand
2026-08-04 19:10:49,417 - INFO - [NDTV] Article: https://www.ndtv.com/india-news/top-court-lawyer-withdraws-complaint-against-girl-who-abused-pm-modi-11866358#publisher=newsstand
2026-08-04 19:10:49,418 - INFO - [NDTV] Attempt 2/2: Trying with 'selenium_browser' strategy...
2026-08-04 19:10:49,421 - INFO - [Al Jazeera] Article: https://www.aljazeera.com/sports/2026/8/4/real-madrid-vinicius-junior-drops-huge-future-hint-amid-arsenal-interest?traffic_source=rss
2026-08-04 19:10:49,877 - ERROR - [The Hindu] Request failed for strategy 'selenium_browser' on URL https://www.thehindu.com/news/national/kerala/basic-facilities-lacking-in-relief-camps-says-cpim-kerala-secretary-mv-govindan/article71305897.ece: Message: timeout: Timed out receiving message from renderer: 7.000
  (Session info: chrome=151.0.7922.71)
Stacktrace:
#0 0x55597691483a <unknown>
#1 0x555976287fc9 <unknown>
#2 0x55597626fa2f <unknown>
#3 0x55597626f6a6 <unknown>
#4 0x55597626d288 <unknown>
#5 0x55597626dc0f <unknown>
#6 0x55597627cd70 <unknown>
#7 0x555976296d37 <unknown>
#8 0x55597629e70b <unknown>
#9 0x55597626e369 <unknown>
#10 0x555976296a92 <unknown>
#11 0x555976326066 <unknown>
#12 0x5559762d0d32 <unknown>
#13 0x5559762d1bb1 <unknown>
#14 0x5559768d9bc0 <unknown>
#15 0x5559768d823a <unknown>
#16 0x5559768c2c65 <unknown>
#17 0x5559768d8efa <unknown>
#18 0x5559768aab60 <unknown>
#19 0x555976900218 <unknown>
#20 0x5559769003b5 <unknown>
#21 0x5559769133ee <unknown>
#22 0x7ff23b09caa4 <unknown>
#23 0x7ff23b129c6c <unknown>

2026-08-04 19:10:50,810 - ERROR - Error saving article Loop Earplugs Discount Codes: 40% Off | WIRED: Hrana: `stream error: `Error { message: "SQLite error: UNIQUE constraint failed: articles.url", code: "SQLITE_CONSTRAINT" }``
2026-08-04 19:10:50,811 - INFO - [Al Jazeera] Attempt 1/2: Trying with 'requests_browser' strategy...
2026-08-04 19:10:50,814 - ERROR - [The Hindu] All scrape strategies failed for https://www.thehindu.com/news/national/kerala/basic-facilities-lacking-in-relief-camps-says-cpim-kerala-secretary-mv-govindan/article71305897.ece. Falling back to RSS description.
2026-08-04 19:10:50,839 - WARNING - SKIPPED (GLOBAL WORD LIMIT): Article 'Basic facilities lacking in relief camps, says CPI(M) Kerala secretary M.V. Govindan' from The Hindu has only 22 words (Min: 90).
2026-08-04 19:10:50,913 - INFO - [Times of India] Success with 'selenium_browser'. Found content (451 words).
2026-08-04 19:10:51,077 - INFO - [Al Jazeera] Success with 'requests_browser'. Found content (388 words).
2026-08-04 19:10:53,008 - INFO - [Wired] Article: https://www.wired.com/story/instacart-promo/code/
2026-08-04 19:10:53,010 - INFO - [Wired] Attempt 1/2: Trying with 'requests_browser' strategy...
2026-08-04 19:10:53,010 - INFO - [The Hindu] Early skip: URL https://www.thehindu.com/news/national/tamil-nadu/udhayanidhi-stalin-arrest-trisha-comment-dmk-protests-tvk-vijay-tamil-nadu-politics-live-updates-august-4-2026/article71304357.ece already exists.
2026-08-04 19:10:53,014 - INFO - [The Hindu] Article: https://www.thehindu.com/news/national/kerala/plus-two-student-booked-over-alleged-ragging-incident-in-keralas-ernakulam/article71306414.ece
2026-08-04 19:10:53,014 - INFO - [The Hindu] Attempt 1/1: Trying with 'selenium_browser' strategy...
2026-08-04 19:10:53,948 - INFO - [NDTV] Page content loaded.
2026-08-04 19:10:54,189 - INFO - >>> SUCCESSFULLY SAVED [ID: 96703] - Institutional investors over-subscribe LIC OFS, govt opts for green-shoe option - The Economic Times from Economic Times (425 words)
2026-08-04 19:10:54,204 - ERROR - parsed tree length: 1, wrong data type or not valid HTML
2026-08-04 19:10:54,204 - ERROR - empty HTML tree: None
2026-08-04 19:10:54,204 - WARNING - discarding data: None
2026-08-04 19:10:54,204 - WARNING - [Wired] FAILED with 'requests_browser' (content was too short: 0 words).
2026-08-04 19:10:55,606 - INFO - [Wired] Article: https://www.wired.com/story/instacart-promo/code/
2026-08-04 19:10:55,606 - INFO - [Wired] Attempt 2/2: Trying with 'selenium_browser' strategy...
2026-08-04 19:10:55,607 - INFO - [Economic Times] Early skip: URL https://economictimes.indiatimes.com/markets/stocks/news/traders-on-edge-why-nifty-jumped-150-points-in-final-minutes-again/articleshow/132862330.cms already exists.
2026-08-04 19:10:56,055 - INFO - [Economic Times] Early skip: URL https://economictimes.indiatimes.com/markets/us-stocks/wall-street-guide/a-crash-coming-ray-dalio-warns-ai-rally-looks-like-1929-and-2000-bubbles/articleshow/132862682.cms already exists.
2026-08-04 19:10:56,067 - INFO - [Economic Times] Early skip: URL https://economictimes.indiatimes.com/markets/us-stocks/news/elon-musk-likely-to-face-tough-questions-during-spacexs-first-earnings-call-after-stock-market-listing/articleshow/132862778.cms already exists.
2026-08-04 19:10:57,217 - INFO - >>> SUCCESSFULLY SAVED [ID: 96704] - US judge blocks New York's ban on ICE officers wearing face masks - The Times of India from Times of India (451 words)
2026-08-04 19:10:57,222 - INFO - [Economic Times] Early skip: URL https://economictimes.indiatimes.com/markets/stocks/news/sebi-proposes-depository-receipts-against-reits-invits-units/articleshow/132862848.cms already exists.
2026-08-04 19:10:57,225 - INFO - [Economic Times] Early skip: URL https://economictimes.indiatimes.com/news/economy/policy/rbi-special-windows-seen-big-enough-to-bring-in-100b/articleshow/132813309.cms already exists.
2026-08-04 19:10:57,226 - INFO - [Economic Times] Early skip: URL https://economictimes.indiatimes.com/news/economy/foreign-trade/india-canada-aim-to-conclude-cepa-trade-pact-by-end-2026-mea/articleshow/132813105.cms already exists.
2026-08-04 19:10:57,227 - INFO - [Economic Times] Early skip: URL https://economictimes.indiatimes.com/news/economy/infrastructure/govts-urban-reset-centre-divides-ministry-of-housing-and-urban-affairs-into-two-specialised-verticals/articleshow/132812900.cms already exists.
2026-08-04 19:10:57,229 - INFO - [Economic Times] Article: https://economictimes.indiatimes.com/news/economy/foreign-trade/india-uk-ceta-takes-effect-first-zero-duty-indian-coffee-jewellery-consignments-reach-uk-shores/articleshow/132442764.cms
2026-08-04 19:10:57,232 - INFO - [Economic Times] Attempt 1/2: Trying with 'requests_browser' strategy...
2026-08-04 19:10:57,298 - INFO - [NDTV] Success with 'selenium_browser'. Found content (820 words).
2026-08-04 19:10:58,858 - INFO - [Times of India] Article: https://timesofindia.indiatimes.com/world/europe/eu-eyes-tougher-border-controls-after-ceuta-migrant-surge-triggers-alarm/articleshow/132868130.cms
2026-08-04 19:10:59,310 - INFO - [Times of India] Attempt 1/1: Trying with 'selenium_browser' strategy...
2026-08-04 19:11:00,515 - INFO - >>> SUCCESSFULLY SAVED [ID: 96705] - Real Madrid: Vinicius Junior drops huge future hint amid Arsenal interest | Football News | Al Jazeera from Al Jazeera (388 words)
2026-08-04 19:11:00,596 - INFO - [Wired] Page content loaded.
2026-08-04 19:11:00,614 - INFO - [Economic Times] Success with 'requests_browser'. Found content (946 words).
2026-08-04 19:11:02,151 - INFO - [Al Jazeera] Article: https://www.aljazeera.com/news/2026/8/4/republicans-clear-todd-blanche-for-top-us-justice-department-role?traffic_source=rss
2026-08-04 19:11:02,632 - INFO - [Al Jazeera] Attempt 1/2: Trying with 'requests_browser' strategy...
2026-08-04 19:11:03,794 - INFO - >>> SUCCESSFULLY SAVED [ID: 96706] - Top Court Lawyer Withdraws Complaint Against Girl Who Abused PM Modi from NDTV (820 words)
2026-08-04 19:11:04,125 - INFO - [Al Jazeera] Success with 'requests_browser'. Found content (636 words).
2026-08-04 19:11:04,213 - INFO - [Wired] Success with 'selenium_browser'. Found content (1009 words).
2026-08-04 19:11:06,098 - INFO - [NDTV] Article: https://www.ndtv.com/india-news/out-on-bail-in-2023-rape-case-jharkhand-man-lynched-over-fresh-allegation-11866350#publisher=newsstand
2026-08-04 19:11:06,099 - INFO - [NDTV] Attempt 1/2: Trying with 'requests_browser' strategy...
2026-08-04 19:11:07,009 - ERROR - Error saving article India-UK CETA takes effect: First zero-duty Indian coffee, jewellery consignments reach UK shores - The Economic Times: Hrana: `stream error: `Error { message: "SQLite error: UNIQUE constraint failed: articles.url", code: "SQLITE_CONSTRAINT" }``
2026-08-04 19:11:07,079 - ERROR - [NDTV] Request failed for strategy 'requests_browser' on URL https://www.ndtv.com/india-news/out-on-bail-in-2023-rape-case-jharkhand-man-lynched-over-fresh-allegation-11866350#publisher=newsstand: 403 Client Error: Forbidden for url: https://www.ndtv.com/india-news/out-on-bail-in-2023-rape-case-jharkhand-man-lynched-over-fresh-allegation-11866350#publisher=newsstand
2026-08-04 19:11:08,524 - INFO - [Economic Times] Article: https://economictimes.indiatimes.com/news/economy/foreign-trade/from-oman-to-tanzania-how-the-iran-war-is-redrawing-indias-trade-map/articleshow/131762760.cms
2026-08-04 19:11:08,524 - INFO - [Economic Times] Attempt 1/2: Trying with 'requests_browser' strategy...
2026-08-04 19:11:08,526 - INFO - [NDTV] Article: https://www.ndtv.com/india-news/out-on-bail-in-2023-rape-case-jharkhand-man-lynched-over-fresh-allegation-11866350#publisher=newsstand
2026-08-04 19:11:08,526 - INFO - [NDTV] Attempt 2/2: Trying with 'selenium_browser' strategy...
2026-08-04 19:11:08,528 - WARNING - [The Hindu] Page get timed out (7s). Proceeding to grab partial source anyway.
2026-08-04 19:11:09,920 - INFO - [Times of India] Page content loaded.
2026-08-04 19:11:10,175 - INFO - >>> SUCCESSFULLY SAVED [ID: 96708] - Republicans clear Todd Blanche for top US Justice Department role | Donald Trump News | Al Jazeera from Al Jazeera (636 words)
2026-08-04 19:11:10,316 - INFO - [Economic Times] Success with 'requests_browser'. Found content (385 words).
2026-08-04 19:11:10,454 - INFO - [NDTV] Page content loaded.
2026-08-04 19:11:12,309 - INFO - [Al Jazeera] Article: https://www.aljazeera.com/news/2026/8/4/senate-democrats-report-says-major-banks-looked-the-other-way-on-epstein?traffic_source=rss
2026-08-04 19:11:13,228 - INFO - [Al Jazeera] Attempt 1/2: Trying with 'requests_browser' strategy...
2026-08-04 19:11:13,233 - ERROR - Error saving article Instacart Promo Code: $15 Off | August 2026 | WIRED: Hrana: `stream error: `Error { message: "SQLite error: UNIQUE constraint failed: articles.url", code: "SQLITE_CONSTRAINT" }``
2026-08-04 19:11:13,441 - INFO - [Al Jazeera] Success with 'requests_browser'. Found content (813 words).
2026-08-04 19:11:13,679 - INFO - [NDTV] Success with 'selenium_browser'. Found content (375 words).
2026-08-04 19:11:15,188 - INFO - [Wired] Article: https://www.wired.com/story/lovehoney-discount-code/
2026-08-04 19:11:15,188 - INFO - [Wired] Attempt 1/2: Trying with 'requests_browser' strategy...
2026-08-04 19:11:15,666 - WARNING - [The Hindu] Page explicit wait timed out (3s). Proceeding anyway.
2026-08-04 19:11:16,634 - ERROR - Error saving article From Oman to Tanzania: How the Iran war is redrawing India’s trade map - The Economic Times: Hrana: `stream error: `Error { message: "SQLite error: UNIQUE constraint failed: articles.url", code: "SQLITE_CONSTRAINT" }``
2026-08-04 19:11:16,668 - ERROR - parsed tree length: 1, wrong data type or not valid HTML
2026-08-04 19:11:16,681 - ERROR - empty HTML tree: None
2026-08-04 19:11:16,682 - WARNING - discarding data: None
2026-08-04 19:11:16,682 - WARNING - [Wired] FAILED with 'requests_browser' (content was too short: 0 words).
2026-08-04 19:11:19,407 - INFO - [Wired] Article: https://www.wired.com/story/lovehoney-discount-code/
2026-08-04 19:11:19,420 - INFO - [Wired] Attempt 2/2: Trying with 'selenium_browser' strategy...
2026-08-04 19:11:19,407 - INFO - [Economic Times] Article: https://economictimes.indiatimes.com/news/economy/policy/fm-sitharaman-flags-global-crisis-spillovers-unfair-burden-on-developing-nations/articleshow/131668427.cms
2026-08-04 19:11:20,778 - INFO - [Economic Times] Attempt 1/2: Trying with 'requests_browser' strategy...
2026-08-04 19:11:21,047 - INFO - >>> SUCCESSFULLY SAVED [ID: 96711] - Senate Democrat’s report says major banks ‘looked the other way’ on Epstein | Banks News | Al Jazeera from Al Jazeera (813 words)
2026-08-04 19:11:21,437 - INFO - [Economic Times] Success with 'requests_browser'. Found content (317 words).
2026-08-04 19:11:22,998 - INFO - [Al Jazeera] Target reached: Successfully saved 8 new articles.
2026-08-04 19:11:22,998 - INFO - [Al Jazeera] (Thread) Finished. Attempting to shut down its Selenium driver.
2026-08-04 19:11:24,651 - ERROR - [The Hindu] Request failed for strategy 'selenium_browser' on URL https://www.thehindu.com/news/national/kerala/plus-two-student-booked-over-alleged-ragging-incident-in-keralas-ernakulam/article71306414.ece: Message: timeout: Timed out receiving message from renderer: 7.000
  (Session info: chrome=151.0.7922.71)
Stacktrace:
#0 0x55597691483a <unknown>
#1 0x555976287fc9 <unknown>
#2 0x55597626fa2f <unknown>
#3 0x55597626f6a6 <unknown>
#4 0x55597626d288 <unknown>
#5 0x55597626dc0f <unknown>
#6 0x55597627cd70 <unknown>
#7 0x555976296d37 <unknown>
#8 0x55597629e70b <unknown>
#9 0x55597626e369 <unknown>
#10 0x555976296a92 <unknown>
#11 0x555976326066 <unknown>
#12 0x5559762d0d32 <unknown>
#13 0x5559762d1bb1 <unknown>
#14 0x5559768d9bc0 <unknown>
#15 0x5559768d823a <unknown>
#16 0x5559768c2c65 <unknown>
#17 0x5559768d8efa <unknown>
#18 0x5559768aab60 <unknown>
#19 0x555976900218 <unknown>
#20 0x5559769003b5 <unknown>
#21 0x5559769133ee <unknown>
#22 0x7ff23b09caa4 <unknown>
#23 0x7ff23b129c6c <unknown>

2026-08-04 19:11:24,651 - ERROR - [The Hindu] All scrape strategies failed for https://www.thehindu.com/news/national/kerala/plus-two-student-booked-over-alleged-ragging-incident-in-keralas-ernakulam/article71306414.ece. Falling back to RSS description.
2026-08-04 19:11:24,651 - WARNING - SKIPPED (GLOBAL WORD LIMIT): Article 'Plus Two student booked over alleged ragging incident in Kerala’s Ernakulam' from The Hindu has only 37 words (Min: 90).
2026-08-04 19:11:24,673 - INFO - [Al Jazeera] (Thread) driver.quit() successful.
2026-08-04 19:11:24,674 - INFO - >>> SUCCESSFULLY SAVED [ID: 96712] - Out On Bail In 2023 Rape Case, Jharkhand Man Lynched Over Fresh Allegation from NDTV (375 words)
2026-08-04 19:11:25,610 - INFO - [NDTV] Article: https://www.ndtv.com/world-news/how-india-bangladesh-ties-evolved-two-years-after-sheikh-hasinas-ouster-11866329#publisher=newsstand
2026-08-04 19:11:25,616 - INFO - [NDTV] Attempt 1/2: Trying with 'requests_browser' strategy...
2026-08-04 19:11:25,675 - INFO - [The Hindu] Article: https://www.thehindu.com/news/national/tamil-nadu/vit-chancellor-viswanathan-calls-on-delhi-cm/article71305422.ece
2026-08-04 19:11:25,687 - INFO - [The Hindu] Attempt 1/1: Trying with 'selenium_browser' strategy...
2026-08-04 19:11:25,808 - ERROR - [NDTV] Request failed for strategy 'requests_browser' on URL https://www.ndtv.com/world-news/how-india-bangladesh-ties-evolved-two-years-after-sheikh-hasinas-ouster-11866329#publisher=newsstand: 403 Client Error: Forbidden for url: https://www.ndtv.com/world-news/how-india-bangladesh-ties-evolved-two-years-after-sheikh-hasinas-ouster-11866329#publisher=newsstand
2026-08-04 19:11:27,328 - INFO - [NDTV] Article: https://www.ndtv.com/world-news/how-india-bangladesh-ties-evolved-two-years-after-sheikh-hasinas-ouster-11866329#publisher=newsstand
2026-08-04 19:11:27,328 - INFO - [NDTV] Attempt 2/2: Trying with 'selenium_browser' strategy...
2026-08-04 19:11:28,677 - ERROR - Error saving article FM Sitharaman flags global crisis spillovers, unfair burden on developing nations - The Economic Times: Hrana: `stream error: `Error { message: "SQLite error: UNIQUE constraint failed: articles.url", code: "SQLITE_CONSTRAINT" }``
2026-08-04 19:11:29,401 - INFO - [NDTV] Page content loaded.
2026-08-04 19:11:29,887 - INFO - [Economic Times] Article: https://economictimes.indiatimes.com/tech/technology/apple-faces-indian-engineers-bias-lawsuit/articleshow/81694292.cms
2026-08-04 19:11:29,887 - INFO - [Economic Times] Attempt 1/2: Trying with 'requests_browser' strategy...
2026-08-04 19:11:29,984 - INFO - [Wired] Page content loaded.
2026-08-04 19:11:30,007 - INFO - [NDTV] Success with 'selenium_browser'. Found content (1550 words).
2026-08-04 19:11:30,407 - ERROR - parsed tree length: 1, wrong data type or not valid HTML
2026-08-04 19:11:30,407 - ERROR - empty HTML tree: None
2026-08-04 19:11:30,407 - WARNING - discarding data: None
2026-08-04 19:11:30,407 - WARNING - [Economic Times] FAILED with 'requests_browser' (content was too short: 0 words).
2026-08-04 19:11:31,932 - ERROR - [Times of India] Request failed for strategy 'selenium_browser' on URL https://timesofindia.indiatimes.com/world/europe/eu-eyes-tougher-border-controls-after-ceuta-migrant-surge-triggers-alarm/articleshow/132868130.cms: Message: timeout: Timed out receiving message from renderer: 7.000
  (Session info: chrome=151.0.7922.71)
Stacktrace:
#0 0x55babd59683a <unknown>
#1 0x55babcf09fc9 <unknown>
#2 0x55babcef1a2f <unknown>
#3 0x55babcef16a6 <unknown>
#4 0x55babceef288 <unknown>
#5 0x55babceefc0f <unknown>
#6 0x55babcefed70 <unknown>
#7 0x55babcf18d37 <unknown>
#8 0x55babcf2070b <unknown>
#9 0x55babcef0369 <unknown>
#10 0x55babcf18a92 <unknown>
#11 0x55babcfa8066 <unknown>
#12 0x55babcf52d32 <unknown>
#13 0x55babcf53bb1 <unknown>
#14 0x55babd55bbc0 <unknown>
#15 0x55babd55a23a <unknown>
#16 0x55babd544c65 <unknown>
#17 0x55babd55aefa <unknown>
#18 0x55babd52cb60 <unknown>
#19 0x55babd582218 <unknown>
#20 0x55babd5823b5 <unknown>
#21 0x55babd5953ee <unknown>
#22 0x7f08c689caa4 <unknown>
#23 0x7f08c6929c6c <unknown>

2026-08-04 19:11:31,935 - ERROR - [Times of India] All scrape strategies failed for https://timesofindia.indiatimes.com/world/europe/eu-eyes-tougher-border-controls-after-ceuta-migrant-surge-triggers-alarm/articleshow/132868130.cms. Falling back to RSS description.
2026-08-04 19:11:31,935 - WARNING - SKIPPED (GLOBAL WORD LIMIT): Article 'EU eyes tougher border controls after Ceuta migrant surge triggers alarm' from Times of India has only 59 words (Min: 90).
2026-08-04 19:11:32,398 - INFO - [Economic Times] Article: https://economictimes.indiatimes.com/tech/technology/apple-faces-indian-engineers-bias-lawsuit/articleshow/81694292.cms
2026-08-04 19:11:32,398 - INFO - [Economic Times] Attempt 2/2: Trying with 'selenium_browser' strategy...
2026-08-04 19:11:33,330 - INFO - [Times of India] Article: https://timesofindia.indiatimes.com/world/uk/over-170-migrants-rescued-after-channel-boat-catches-fire-uk-says-all-will-be-returned-to-france/articleshow/132869264.cms
2026-08-04 19:11:33,332 - INFO - [Times of India] Attempt 1/1: Trying with 'selenium_browser' strategy...
2026-08-04 19:11:33,581 - INFO - >>> SUCCESSFULLY SAVED [ID: 96714] - How India-Bangladesh Ties Evolved Two Years After Sheikh Hasina's Ouster from NDTV (1550 words)
2026-08-04 19:11:33,720 - INFO - [Wired] Success with 'selenium_browser'. Found content (880 words).
2026-08-04 19:11:35,444 - INFO - [NDTV] Article: https://www.ndtv.com/india-news/analysis-punjabs-farmers-dig-deeper-as-groundwater-levels-keep-falling-11866285#publisher=newsstand
2026-08-04 19:11:35,920 - INFO - [NDTV] Attempt 1/2: Trying with 'requests_browser' strategy...
2026-08-04 19:11:36,831 - INFO - [Times of India] Page content loaded.
2026-08-04 19:11:36,833 - ERROR - Error saving article Lovehoney Coupon Offers: Toys, Lingerie, and Gift Set Discounts | WIRED: Hrana: `stream error: `Error { message: "SQLite error: UNIQUE constraint failed: articles.url", code: "SQLITE_CONSTRAINT" }``
2026-08-04 19:11:36,920 - ERROR - [NDTV] Request failed for strategy 'requests_browser' on URL https://www.ndtv.com/india-news/analysis-punjabs-farmers-dig-deeper-as-groundwater-levels-keep-falling-11866285#publisher=newsstand: 403 Client Error: Forbidden for url: https://www.ndtv.com/india-news/analysis-punjabs-farmers-dig-deeper-as-groundwater-levels-keep-falling-11866285#publisher=newsstand
2026-08-04 19:11:37,344 - INFO - [Economic Times] Page content loaded.
2026-08-04 19:11:37,481 - INFO - [NDTV] Article: https://www.ndtv.com/india-news/analysis-punjabs-farmers-dig-deeper-as-groundwater-levels-keep-falling-11866285#publisher=newsstand
2026-08-04 19:11:37,481 - INFO - [NDTV] Attempt 2/2: Trying with 'selenium_browser' strategy...
2026-08-04 19:11:37,500 - INFO - [Wired] Article: https://www.wired.com/story/wayfair-promo-code/
2026-08-04 19:11:37,501 - INFO - [Wired] Attempt 1/2: Trying with 'requests_browser' strategy...
2026-08-04 19:11:37,652 - ERROR - parsed tree length: 1, wrong data type or not valid HTML
2026-08-04 19:11:37,652 - ERROR - empty HTML tree: None
2026-08-04 19:11:37,652 - WARNING - discarding data: None
2026-08-04 19:11:37,653 - WARNING - [Wired] FAILED with 'requests_browser' (content was too short: 0 words).
2026-08-04 19:11:37,668 - INFO - [Times of India] Success with 'selenium_browser'. Found content (563 words).
2026-08-04 19:11:38,064 - INFO - DEDUPLICATION: Found match (Score: 0.88). Linking to Cluster ID: c2ff39b5-00fc-4b1c-bab3-2442f91461cb
2026-08-04 19:11:39,457 - INFO - [Wired] Article: https://www.wired.com/story/wayfair-promo-code/
2026-08-04 19:11:39,458 - INFO - [Wired] Attempt 2/2: Trying with 'selenium_browser' strategy...
2026-08-04 19:11:40,874 - WARNING - [The Hindu] Page get timed out (7s). Proceeding to grab partial source anyway.
2026-08-04 19:11:40,900 - INFO - [NDTV] Page content loaded.
2026-08-04 19:11:41,163 - INFO - >>> SUCCESSFULLY SAVED [ID: 96716] - Over 170 migrants rescued after Channel boat catches fire; UK says 'all will be returned' to France - The Times of India from Times of India (563 words)
2026-08-04 19:11:41,489 - INFO - [Economic Times] Success with 'selenium_browser'. Found content (743 words).
2026-08-04 19:11:41,804 - INFO - [NDTV] Success with 'selenium_browser'. Found content (1326 words).
2026-08-04 19:11:41,876 - INFO - [Times of India] Article: https://timesofindia.indiatimes.com/science/as-uk-oceans-warm-up-experts-warn-great-white-sharks-are-already-lurking-off-beaches-and-another-toothy-predator-could-follow/articleshow/132858670.cms
2026-08-04 19:11:41,876 - INFO - [Times of India] Attempt 1/1: Trying with 'selenium_browser' strategy...
2026-08-04 19:11:45,472 - ERROR - Error saving article Apple faces Indian engineer’s bias lawsuit - The Economic Times: Hrana: `stream error: `Error { message: "SQLite error: UNIQUE constraint failed: articles.url", code: "SQLITE_CONSTRAINT" }``
2026-08-04 19:11:47,536 - INFO - [Economic Times] Article: https://economictimes.indiatimes.com/news/defence/despite-transatlantic-love-fest-eu-charts-third-way-in-ties-with-us-and-china/articleshow/81467467.cms
2026-08-04 19:11:47,537 - INFO - [Economic Times] Attempt 1/2: Trying with 'requests_browser' strategy...
2026-08-04 19:11:48,692 - INFO - >>> SUCCESSFULLY SAVED [ID: 96718] - Analysis: Punjab's Farmers Dig Deeper As Groundwater Levels Keep Falling from NDTV (1326 words)
2026-08-04 19:11:48,693 - WARNING - [The Hindu] Page explicit wait timed out (3s). Proceeding anyway.
2026-08-04 19:11:48,693 - INFO - [Wired] Page content loaded.
2026-08-04 19:11:48,798 - INFO - [Economic Times] Success with 'requests_browser'. Found content (799 words).
2026-08-04 19:11:50,395 - INFO - [NDTV] Article: https://www.ndtv.com/india-news/if-you-dont-have-money-die-3-friends-arrested-after-surat-mans-suicide-11866246#publisher=newsstand
2026-08-04 19:11:50,395 - INFO - [NDTV] Attempt 1/2: Trying with 'requests_browser' strategy...
2026-08-04 19:11:51,752 - ERROR - Error saving article Despite transatlantic 'love fest', EU charts third way in ties with US and China - The Economic Times: Hrana: `stream error: `Error { message: "SQLite error: UNIQUE constraint failed: articles.url", code: "SQLITE_CONSTRAINT" }``
2026-08-04 19:11:51,996 - ERROR - [NDTV] Request failed for strategy 'requests_browser' on URL https://www.ndtv.com/india-news/if-you-dont-have-money-die-3-friends-arrested-after-surat-mans-suicide-11866246#publisher=newsstand: 403 Client Error: Forbidden for url: https://www.ndtv.com/india-news/if-you-dont-have-money-die-3-friends-arrested-after-surat-mans-suicide-11866246#publisher=newsstand
2026-08-04 19:11:52,809 - INFO - [NDTV] Article: https://www.ndtv.com/india-news/if-you-dont-have-money-die-3-friends-arrested-after-surat-mans-suicide-11866246#publisher=newsstand
2026-08-04 19:11:52,809 - INFO - [NDTV] Attempt 2/2: Trying with 'selenium_browser' strategy...
2026-08-04 19:11:52,827 - INFO - [Wired] Success with 'selenium_browser'. Found content (840 words).
2026-08-04 19:11:53,041 - INFO - [Economic Times] Article: https://economictimes.indiatimes.com/tech/tech-bytes/twitters-india-policy-head-to-step-down-will-transition-in-march/articleshow/80732868.cms
2026-08-04 19:11:53,041 - INFO - [Economic Times] Attempt 1/2: Trying with 'requests_browser' strategy...
2026-08-04 19:11:55,961 - INFO - [NDTV] Page content loaded.
2026-08-04 19:11:55,962 - ERROR - [The Hindu] Request failed for strategy 'selenium_browser' on URL https://www.thehindu.com/news/national/tamil-nadu/vit-chancellor-viswanathan-calls-on-delhi-cm/article71305422.ece: Message: timeout: Timed out receiving message from renderer: 7.000
  (Session info: chrome=151.0.7922.71)
Stacktrace:
#0 0x55597691483a <unknown>
#1 0x555976287fc9 <unknown>
#2 0x55597626fa2f <unknown>
#3 0x55597626f6a6 <unknown>
#4 0x55597626d288 <unknown>
#5 0x55597626dc0f <unknown>
#6 0x55597627cd70 <unknown>
#7 0x555976296d37 <unknown>
#8 0x55597629e70b <unknown>
#9 0x55597626e369 <unknown>
#10 0x555976296a92 <unknown>
#11 0x555976326066 <unknown>
#12 0x5559762d0d32 <unknown>
#13 0x5559762d1bb1 <unknown>
#14 0x5559768d9bc0 <unknown>
#15 0x5559768d823a <unknown>
#16 0x5559768c2c65 <unknown>
#17 0x5559768d8efa <unknown>
#18 0x5559768aab60 <unknown>
#19 0x555976900218 <unknown>
#20 0x5559769003b5 <unknown>
#21 0x5559769133ee <unknown>
#22 0x7ff23b09caa4 <unknown>
#23 0x7ff23b129c6c <unknown>

2026-08-04 19:11:55,962 - ERROR - [The Hindu] All scrape strategies failed for https://www.thehindu.com/news/national/tamil-nadu/vit-chancellor-viswanathan-calls-on-delhi-cm/article71305422.ece. Falling back to RSS description.
2026-08-04 19:11:55,962 - WARNING - SKIPPED (GLOBAL WORD LIMIT): Article 'VIT chancellor Viswanathan calls on Delhi CM' from The Hindu has only 3 words (Min: 90).
2026-08-04 19:11:55,963 - ERROR - Error saving article Wayfair Coupons: Up to 80% Off August 2026 | WIRED: Hrana: `stream error: `Error { message: "SQLite error: UNIQUE constraint failed: articles.url", code: "SQLITE_CONSTRAINT" }``
2026-08-04 19:11:55,972 - ERROR - parsed tree length: 1, wrong data type or not valid HTML
2026-08-04 19:11:55,972 - ERROR - empty HTML tree: None
2026-08-04 19:11:55,972 - WARNING - discarding data: None
2026-08-04 19:11:55,972 - WARNING - [Economic Times] FAILED with 'requests_browser' (content was too short: 0 words).
2026-08-04 19:11:56,551 - INFO - [NDTV] Success with 'selenium_browser'. Found content (618 words).
2026-08-04 19:11:56,770 - INFO - [Economic Times] Article: https://economictimes.indiatimes.com/tech/tech-bytes/twitters-india-policy-head-to-step-down-will-transition-in-march/articleshow/80732868.cms
2026-08-04 19:11:56,770 - INFO - [Economic Times] Attempt 2/2: Trying with 'selenium_browser' strategy...
2026-08-04 19:11:57,003 - INFO - [The Hindu] Article: https://www.thehindu.com/news/national/tamil-nadu/forest-officials-arrest-two-persons-for-poaching/article71305408.ece
2026-08-04 19:11:57,003 - INFO - [The Hindu] Attempt 1/1: Trying with 'selenium_browser' strategy...
2026-08-04 19:11:58,445 - INFO - [Wired] Article: https://www.wired.com/story/expedia-coupon/
2026-08-04 19:11:58,445 - INFO - [Wired] Attempt 1/2: Trying with 'requests_browser' strategy...
2026-08-04 19:12:00,105 - INFO - >>> SUCCESSFULLY SAVED [ID: 96721] - "If You Don't Have Money, Die": 3 Friends Arrested After Surat Man's Suicide from NDTV (618 words)
2026-08-04 19:12:00,123 - ERROR - parsed tree length: 1, wrong data type or not valid HTML
2026-08-04 19:12:00,124 - ERROR - empty HTML tree: None
2026-08-04 19:12:00,124 - WARNING - discarding data: None
2026-08-04 19:12:00,124 - WARNING - [Wired] FAILED with 'requests_browser' (content was too short: 0 words).
2026-08-04 19:12:00,259 - INFO - [Economic Times] Page content loaded.
2026-08-04 19:12:00,638 - INFO - [Wired] Article: https://www.wired.com/story/expedia-coupon/
2026-08-04 19:12:00,638 - INFO - [Wired] Attempt 2/2: Trying with 'selenium_browser' strategy...
2026-08-04 19:12:01,071 - INFO - [NDTV] Article: https://www.ndtv.com/india-news/punjab-assembly-passes-resolution-against-mandatory-e20-fuel-rollout-11866211#publisher=newsstand
2026-08-04 19:12:01,074 - INFO - [NDTV] Attempt 1/2: Trying with 'requests_browser' strategy...
2026-08-04 19:12:01,242 - INFO - [Economic Times] Success with 'selenium_browser'. Found content (615 words).
2026-08-04 19:12:01,338 - ERROR - [NDTV] Request failed for strategy 'requests_browser' on URL https://www.ndtv.com/india-news/punjab-assembly-passes-resolution-against-mandatory-e20-fuel-rollout-11866211#publisher=newsstand: 403 Client Error: Forbidden for url: https://www.ndtv.com/india-news/punjab-assembly-passes-resolution-against-mandatory-e20-fuel-rollout-11866211#publisher=newsstand
2026-08-04 19:12:02,994 - INFO - [NDTV] Article: https://www.ndtv.com/india-news/punjab-assembly-passes-resolution-against-mandatory-e20-fuel-rollout-11866211#publisher=newsstand
2026-08-04 19:12:02,994 - INFO - [NDTV] Attempt 2/2: Trying with 'selenium_browser' strategy...
2026-08-04 19:12:04,354 - ERROR - Error saving article Twitter's India policy head, Mahima Kaul, to step down; will transition in March - The Economic Times: Hrana: `stream error: `Error { message: "SQLite error: UNIQUE constraint failed: articles.url", code: "SQLITE_CONSTRAINT" }``
2026-08-04 19:12:05,658 - INFO - [Economic Times] Article: https://economictimes.indiatimes.com/tech/tech-and-gadgets/govt-may-keep-rs-7500-cr-outlay-for-it-hardware-manufacturing-under-pli-scheme/articleshow/80333429.cms
2026-08-04 19:12:05,658 - INFO - [Economic Times] Attempt 1/2: Trying with 'requests_browser' strategy...
2026-08-04 19:12:05,878 - INFO - [NDTV] Page content loaded.
2026-08-04 19:12:06,024 - ERROR - parsed tree length: 1, wrong data type or not valid HTML
2026-08-04 19:12:06,024 - ERROR - empty HTML tree: None
2026-08-04 19:12:06,024 - WARNING - discarding data: None
2026-08-04 19:12:06,024 - WARNING - [Economic Times] FAILED with 'requests_browser' (content was too short: 0 words).
2026-08-04 19:12:06,493 - INFO - [NDTV] Success with 'selenium_browser'. Found content (652 words).
2026-08-04 19:12:06,843 - INFO - [Times of India] Page content loaded.
2026-08-04 19:12:07,010 - INFO - [Economic Times] Article: https://economictimes.indiatimes.com/tech/tech-and-gadgets/govt-may-keep-rs-7500-cr-outlay-for-it-hardware-manufacturing-under-pli-scheme/articleshow/80333429.cms
2026-08-04 19:12:07,010 - INFO - [Economic Times] Attempt 2/2: Trying with 'selenium_browser' strategy...
2026-08-04 19:12:08,585 - INFO - [Wired] Page content loaded.
2026-08-04 19:12:10,217 - INFO - >>> SUCCESSFULLY SAVED [ID: 96723] - Punjab Assembly Passes Resolution Against Mandatory E20 Fuel Rollout from NDTV (652 words)
2026-08-04 19:12:10,302 - INFO - [Wired] Success with 'selenium_browser'. Found content (794 words).
2026-08-04 19:12:10,448 - INFO - [Times of India] Success with 'selenium_browser'. Found content (677 words).
2026-08-04 19:12:11,944 - WARNING - [The Hindu] Page get timed out (7s). Proceeding to grab partial source anyway.
2026-08-04 19:12:12,401 - INFO - [NDTV] Target reached: Successfully saved 10 new articles.
2026-08-04 19:12:12,403 - INFO - [NDTV] (Thread) Finished. Attempting to shut down its Selenium driver.
2026-08-04 19:12:13,309 - ERROR - Error saving article Expedia Coupons: 40% Off | WIRED: Hrana: `stream error: `Error { message: "SQLite error: UNIQUE constraint failed: articles.url", code: "SQLITE_CONSTRAINT" }``
2026-08-04 19:12:13,504 - INFO - [NDTV] (Thread) driver.quit() successful.
2026-08-04 19:12:14,886 - INFO - [Wired] Article: https://www.wired.com/story/best-buy-discount-code/
2026-08-04 19:12:14,886 - INFO - [Wired] Attempt 1/2: Trying with 'requests_browser' strategy...
2026-08-04 19:12:16,240 - INFO - [Economic Times] Page content loaded.
2026-08-04 19:12:16,480 - INFO - >>> SUCCESSFULLY SAVED [ID: 96725] - As UK oceans warm up, experts warn great white sharks are 'already lurking off beaches' and another toothy predator could follow - The Times of India from Times of India (677 words)
2026-08-04 19:12:16,497 - ERROR - parsed tree length: 1, wrong data type or not valid HTML
2026-08-04 19:12:16,497 - ERROR - empty HTML tree: None
2026-08-04 19:12:16,497 - WARNING - discarding data: None
2026-08-04 19:12:16,497 - WARNING - [Wired] FAILED with 'requests_browser' (content was too short: 0 words).
2026-08-04 19:12:16,663 - INFO - [Economic Times] Success with 'selenium_browser'. Found content (481 words).
2026-08-04 19:12:18,437 - INFO - [Times of India] Article: https://timesofindia.indiatimes.com/science/scientists-identified-seven-new-diamond-frog-species-in-madagascar-after-a-12-year-search-through-forests-and-museum-collections/articleshow/132858639.cms
2026-08-04 19:12:18,437 - INFO - [Wired] Article: https://www.wired.com/story/best-buy-discount-code/
2026-08-04 19:12:18,909 - INFO - [Times of India] Attempt 1/1: Trying with 'selenium_browser' strategy...
2026-08-04 19:12:19,807 - INFO - [Wired] Attempt 2/2: Trying with 'selenium_browser' strategy...
2026-08-04 19:12:19,807 - ERROR - Error saving article Govt may keep Rs 7,500 cr outlay for IT hardware manufacturing under PLI scheme - The Economic Times: Hrana: `stream error: `Error { message: "SQLite error: UNIQUE constraint failed: articles.url", code: "SQLITE_CONSTRAINT" }``
2026-08-04 19:12:20,336 - WARNING - [The Hindu] Page explicit wait timed out (3s). Proceeding anyway.
2026-08-04 19:12:21,283 - INFO - [Economic Times] Article: https://economictimes.indiatimes.com/tech/technology/indian-dating-apps-services-see-surge-of-paying-users-in-small-cities/articleshow/80063342.cms
2026-08-04 19:12:21,283 - INFO - [Economic Times] Attempt 1/2: Trying with 'requests_browser' strategy...
2026-08-04 19:12:21,709 - ERROR - parsed tree length: 1, wrong data type or not valid HTML
2026-08-04 19:12:21,709 - ERROR - empty HTML tree: None
2026-08-04 19:12:21,709 - WARNING - discarding data: None
2026-08-04 19:12:21,710 - WARNING - [Economic Times] FAILED with 'requests_browser' (content was too short: 0 words).
2026-08-04 19:12:21,839 - INFO - [Times of India] Page content loaded.
2026-08-04 19:12:22,212 - INFO - [Wired] Page content loaded.
2026-08-04 19:12:22,221 - INFO - [Times of India] Success with 'selenium_browser'. Found content (623 words).
2026-08-04 19:12:22,455 - INFO - [Economic Times] Article: https://economictimes.indiatimes.com/tech/technology/indian-dating-apps-services-see-surge-of-paying-users-in-small-cities/articleshow/80063342.cms
2026-08-04 19:12:22,455 - INFO - [Economic Times] Attempt 2/2: Trying with 'selenium_browser' strategy...
2026-08-04 19:12:25,601 - INFO - >>> SUCCESSFULLY SAVED [ID: 96727] - Scientists identified seven new diamond frog species in Madagascar after a 12-year search through forests and museum collections - The Times of India from Times of India (623 words)
2026-08-04 19:12:25,738 - INFO - [Wired] Success with 'selenium_browser'. Found content (823 words).
2026-08-04 19:12:27,457 - INFO - [Times of India] Article: https://timesofindia.indiatimes.com/science/why-vultures-dont-get-sick-from-eating-rotten-meat-the-remarkable-adaptations-that-make-them-natures-ultimate-clean-up-crew/articleshow/132858761.cms
2026-08-04 19:12:27,457 - INFO - [Times of India] Attempt 1/1: Trying with 'selenium_browser' strategy...
2026-08-04 19:12:27,459 - ERROR - [The Hindu] Request failed for strategy 'selenium_browser' on URL https://www.thehindu.com/news/national/tamil-nadu/forest-officials-arrest-two-persons-for-poaching/article71305408.ece: Message: timeout: Timed out receiving message from renderer: 7.000
  (Session info: chrome=151.0.7922.71)
Stacktrace:
#0 0x55597691483a <unknown>
#1 0x555976287fc9 <unknown>
#2 0x55597626fa2f <unknown>
#3 0x55597626f6a6 <unknown>
#4 0x55597626d288 <unknown>
#5 0x55597626dc0f <unknown>
#6 0x55597627cd70 <unknown>
#7 0x555976296d37 <unknown>
#8 0x55597629e70b <unknown>
#9 0x55597626e369 <unknown>
#10 0x555976296a92 <unknown>
#11 0x555976326066 <unknown>
#12 0x5559762d0d32 <unknown>
#13 0x5559762d1bb1 <unknown>
#14 0x5559768d9bc0 <unknown>
#15 0x5559768d823a <unknown>
#16 0x5559768c2c65 <unknown>
#17 0x5559768d8efa <unknown>
#18 0x5559768aab60 <unknown>
#19 0x555976900218 <unknown>
#20 0x5559769003b5 <unknown>
#21 0x5559769133ee <unknown>
#22 0x7ff23b09caa4 <unknown>
#23 0x7ff23b129c6c <unknown>

2026-08-04 19:12:27,459 - ERROR - [The Hindu] All scrape strategies failed for https://www.thehindu.com/news/national/tamil-nadu/forest-officials-arrest-two-persons-for-poaching/article71305408.ece. Falling back to RSS description.
2026-08-04 19:12:27,460 - WARNING - SKIPPED (GLOBAL WORD LIMIT): Article 'Forest officials arrest two persons for poaching' from The Hindu has only 23 words (Min: 90).
2026-08-04 19:12:28,830 - INFO - [The Hindu] Article: https://www.thehindu.com/news/national/kerala/152-commando-recruits-join-kerala-police-after-irb-training/article71306047.ece
2026-08-04 19:12:28,830 - INFO - [The Hindu] Attempt 1/1: Trying with 'selenium_browser' strategy...
2026-08-04 19:12:28,832 - ERROR - Error saving article Best Buy Discount Codes: Up to 60% Off | WIRED: Hrana: `stream error: `Error { message: "SQLite error: UNIQUE constraint failed: articles.url", code: "SQLITE_CONSTRAINT" }``
2026-08-04 19:12:29,681 - INFO - [Economic Times] Page content loaded.
2026-08-04 19:12:29,886 - INFO - [Wired] Article: https://www.wired.com/story/nomad-discount-code/
2026-08-04 19:12:29,886 - INFO - [Wired] Attempt 1/2: Trying with 'requests_browser' strategy...
2026-08-04 19:12:30,058 - ERROR - parsed tree length: 1, wrong data type or not valid HTML
2026-08-04 19:12:30,058 - ERROR - empty HTML tree: None
2026-08-04 19:12:30,058 - WARNING - discarding data: None
2026-08-04 19:12:30,058 - WARNING - [Wired] FAILED with 'requests_browser' (content was too short: 0 words).
2026-08-04 19:12:30,442 - WARNING - [Economic Times] FAILED with 'selenium_browser' (content was too short: 84 words).
2026-08-04 19:12:30,442 - ERROR - [Economic Times] All scrape strategies failed for https://economictimes.indiatimes.com/tech/technology/indian-dating-apps-services-see-surge-of-paying-users-in-small-cities/articleshow/80063342.cms. Falling back to RSS description.
2026-08-04 19:12:30,442 - WARNING - SKIPPED (GLOBAL WORD LIMIT): Article 'Indian dating apps, services see surge of paying users in small cities ' from Economic Times has only 54 words (Min: 90).
2026-08-04 19:12:30,579 - INFO - [Wired] Article: https://www.wired.com/story/nomad-discount-code/
2026-08-04 19:12:30,580 - INFO - [Wired] Attempt 2/2: Trying with 'selenium_browser' strategy...
2026-08-04 19:12:31,330 - INFO - [Economic Times] Article: https://economictimes.indiatimes.com/tech/technology/time-for-govt-cos-to-adopt-ai-deloitte-india/articleshow/79981215.cms
2026-08-04 19:12:31,330 - INFO - [Economic Times] Attempt 1/2: Trying with 'requests_browser' strategy...
2026-08-04 19:12:31,642 - INFO - [Times of India] Page content loaded.
2026-08-04 19:12:31,686 - ERROR - parsed tree length: 1, wrong data type or not valid HTML
2026-08-04 19:12:31,686 - ERROR - empty HTML tree: None
2026-08-04 19:12:31,686 - WARNING - discarding data: None
2026-08-04 19:12:31,686 - WARNING - [Economic Times] FAILED with 'requests_browser' (content was too short: 0 words).
2026-08-04 19:12:32,135 - INFO - [Times of India] Success with 'selenium_browser'. Found content (583 words).
2026-08-04 19:12:34,228 - INFO - [Economic Times] Article: https://economictimes.indiatimes.com/tech/technology/time-for-govt-cos-to-adopt-ai-deloitte-india/articleshow/79981215.cms
2026-08-04 19:12:34,228 - INFO - [Economic Times] Attempt 2/2: Trying with 'selenium_browser' strategy...
2026-08-04 19:12:35,394 - INFO - >>> SUCCESSFULLY SAVED [ID: 96729] - Why vultures don't get sick from eating rotten meat; the remarkable adaptations that make them nature's ultimate clean-up crew - The Times of India from Times of India (583 words)
2026-08-04 19:12:35,417 - INFO - [Wired] Page content loaded.
2026-08-04 19:12:35,971 - INFO - [Wired] Success with 'selenium_browser'. Found content (968 words).
2026-08-04 19:12:36,346 - INFO - [Times of India] Article: https://timesofindia.indiatimes.com/science/in-1950s-the-us-built-a-neighbourhood-upon-22000-tons-of-buried-toxic-waste-then-children-began-returning-home-with-burns-exposing-the-worst-environmental-scandal-of-the-country/articleshow/132858851.cms
2026-08-04 19:12:36,348 - INFO - [Times of India] Attempt 1/1: Trying with 'selenium_browser' strategy...
2026-08-04 19:12:39,123 - INFO - [Economic Times] Page content loaded.
2026-08-04 19:12:39,123 - ERROR - Error saving article Nomad Goods Promo Codes: Get 25% Off in August 2026 | WIRED: Hrana: `stream error: `Error { message: "SQLite error: UNIQUE constraint failed: articles.url", code: "SQLITE_CONSTRAINT" }``
2026-08-04 19:12:39,677 - WARNING - [Economic Times] FAILED with 'selenium_browser' (content was too short: 74 words).
2026-08-04 19:12:39,678 - ERROR - [Economic Times] All scrape strategies failed for https://economictimes.indiatimes.com/tech/technology/time-for-govt-cos-to-adopt-ai-deloitte-india/articleshow/79981215.cms. Falling back to RSS description.
2026-08-04 19:12:39,678 - WARNING - SKIPPED (GLOBAL WORD LIMIT): Article 'Time for government, companies to adopt artificial intelligence: Deloitte India ' from Economic Times has only 49 words (Min: 90).
2026-08-04 19:12:40,507 - INFO - [Times of India] Page content loaded.
2026-08-04 19:12:40,594 - INFO - [Wired] Article: https://www.wired.com/story/we-vibe-discount-code/
2026-08-04 19:12:40,594 - INFO - [Wired] Attempt 1/2: Trying with 'requests_browser' strategy...
2026-08-04 19:12:40,736 - ERROR - parsed tree length: 1, wrong data type or not valid HTML
2026-08-04 19:12:40,736 - ERROR - empty HTML tree: None
2026-08-04 19:12:40,737 - WARNING - discarding data: None
2026-08-04 19:12:40,737 - WARNING - [Wired] FAILED with 'requests_browser' (content was too short: 0 words).
2026-08-04 19:12:40,813 - INFO - [Economic Times] Early skip: URL https://economictimes.indiatimes.com/news/international/world-news/trump-announces-a-deal-for-hamas-to-disarm-in-gaza-but-many-hurdles-and-uncertainty-remain/articleshow/132753009.cms already exists.
2026-08-04 19:12:40,814 - INFO - [Economic Times] Early skip: URL https://economictimes.indiatimes.com/news/new-updates/in-1943-us-built-an-entire-city-and-it-didnt-exist-on-a-single-map/articleshow/132659427.cms already exists.
2026-08-04 19:12:40,819 - INFO - [Economic Times] Early skip: URL https://economictimes.indiatimes.com/news/new-updates/humans-have-a-third-eye-in-the-brain-study-links-it-to-a-600-million-year-old-cyclops-ancestor/articleshow/132655441.cms already exists.
2026-08-04 19:12:40,822 - INFO - [Economic Times] Early skip: URL https://economictimes.indiatimes.com/news/new-updates/1500-ships-trapped-in-gulf-of-hormuz-is-quietly-multiplying-an-underwater-army-that-could-unleash-worlds-biggest-bioinvasion-event/articleshow/132595366.cms already exists.
2026-08-04 19:12:40,824 - INFO - [Economic Times] Early skip: URL https://economictimes.indiatimes.com/news/new-updates/argentina-vs-spain-fifa-world-cup-final-to-be-replayed-petition-for-a-rematch-crosses-60000-signatures/articleshow/132576024.cms already exists.
2026-08-04 19:12:40,834 - INFO - [Economic Times] Early skip: URL https://economictimes.indiatimes.com/news/new-updates/he-baked-potato-in-aluminium-foil-and-ate-it-next-morning-after-microwaving-it-hours-later-he-was-paralysed-doctor-explains-why/articleshow/132574269.cms already exists.
2026-08-04 19:12:40,836 - INFO - [Economic Times] Article: https://economictimes.indiatimes.com/news/elections/assembly-elections/assam/done-deal-cm-himanta-biswa-sarma-on-nda-seat-sharing-for-assam-polls/articleshow/128678098.cms
2026-08-04 19:12:40,836 - INFO - [Economic Times] Attempt 1/2: Trying with 'requests_browser' strategy...
2026-08-04 19:12:40,887 - INFO - [Times of India] Success with 'selenium_browser'. Found content (698 words).
2026-08-04 19:12:42,455 - INFO - [Wired] Article: https://www.wired.com/story/we-vibe-discount-code/
2026-08-04 19:12:42,455 - INFO - [Wired] Attempt 2/2: Trying with 'selenium_browser' strategy...
2026-08-04 19:12:44,063 - WARNING - [The Hindu] Page get timed out (7s). Proceeding to grab partial source anyway.
2026-08-04 19:12:44,071 - INFO - >>> SUCCESSFULLY SAVED [ID: 96731] - In 1950s, the US built a neighbourhood upon 22,000 tons of buried toxic waste, then children began returning home with burns exposing the worst environmental scandal of the country - The Times of India from Times of India (698 words)
2026-08-04 19:12:44,174 - INFO - [Economic Times] Success with 'requests_browser'. Found content (518 words).
2026-08-04 19:12:45,981 - INFO - [Times of India] Early skip: URL https://timesofindia.indiatimes.com/world/middle-east/gaza-mass-funeral-for-112-palestinians-including-dozens-of-children-recovered-from-2023-strike/articleshow/132867323.cms already exists.
2026-08-04 19:12:46,430 - INFO - [Times of India] Early skip: URL https://timesofindia.indiatimes.com/world/us/new-rules-for-us-citizenship-trump-administration-wants-new-educational-requirement-for-naturalization/articleshow/132867371.cms already exists.
2026-08-04 19:12:47,334 - INFO - [Times of India] Early skip: URL https://timesofindia.indiatimes.com/world/us-streamers/ishowspeed-criticizes-diamond-gyms-fatigue-maxxing-after-seeing-300-burpees-before-workout/articleshow/132853643.cms already exists.
2026-08-04 19:12:47,335 - INFO - [Times of India] Early skip: URL https://timesofindia.indiatimes.com/world/us/75-country-green-card-ban-illegal-rules-indian-american-judge-amit-mehta-dhs-says-trump-upholding-highest-standards/articleshow/132866546.cms already exists.
2026-08-04 19:12:47,336 - ERROR - Error saving article 'Done deal': CM Himanta Biswa Sarma on NDA seat-sharing for Assam polls - The Economic Times: Hrana: `stream error: `Error { message: "SQLite error: UNIQUE constraint failed: articles.url", code: "SQLITE_CONSTRAINT" }``
2026-08-04 19:12:47,339 - INFO - [Times of India] Early skip: URL https://timesofindia.indiatimes.com/world/rest-of-world/british-columbia-funded-the-restoration-of-70-hectares-in-the-cowichan-estuary-without-the-project-60-of-its-marsh-could-disappear-by-2100/articleshow/132865474.cms already exists.
2026-08-04 19:12:47,341 - INFO - [Times of India] Early skip: URL https://timesofindia.indiatimes.com/science/wolfsbane-and-larkspur-can-paralyse-in-tiny-doses-scientists-found-six-enzymes-that-could-help-turn-their-chemistry-into-future-medicines/articleshow/132865878.cms already exists.
2026-08-04 19:12:47,342 - INFO - [Times of India] Early skip: URL https://timesofindia.indiatimes.com/world/us/us-researchers-tracked-nearly-450-coastal-wetlands-for-up-to-20-years-84-were-sinking-towards-open-water-and-only-16-kept-pace-with-rising-seas/articleshow/132865979.cms already exists.
2026-08-04 19:12:47,343 - INFO - [Times of India] Early skip: URL https://timesofindia.indiatimes.com/science/in-1996-campbells-keeled-glass-snail-was-declared-extinct-30-years-later-more-than-1000-captive-bred-snails-have-been-returned-to-norfolk-island/articleshow/132771402.cms already exists.
2026-08-04 19:12:47,345 - INFO - [Times of India] Early skip: URL https://timesofindia.indiatimes.com/world/us/the-us-army-built-a-1500-mile-alaska-highway-through-wilderness-in-just-eight-months-during-world-war-ii/articleshow/132828311.cms already exists.
2026-08-04 19:12:47,347 - INFO - [Times of India] Early skip: URL https://timesofindia.indiatimes.com/defence/international/us-has-nearly-emptied-its-stock-of-long-range-precision-weapons-in-war-with-iran-report/articleshow/132862107.cms already exists.
2026-08-04 19:12:47,349 - INFO - [Times of India] Early skip: URL https://timesofindia.indiatimes.com/world/us/meet-darshan-magdum-indian-member-of-us-boy-band-who-finally-gets-o-1-visa-and-the-internet-is-behind-it/articleshow/132863899.cms already exists.
2026-08-04 19:12:47,350 - INFO - [Times of India] Early skip: URL https://timesofindia.indiatimes.com/world/rest-of-world/dordoi-bazaar-how-a-shipping-container-market-became-the-commercial-heart-of-central-asia/articleshow/132858997.cms already exists.
2026-08-04 19:12:47,352 - INFO - [Times of India] Early skip: URL https://timesofindia.indiatimes.com/world/uk/what-is-operation-fortress-reform-uks-military-plan-to-stop-migrants-crossing-english-channel/articleshow/132863163.cms already exists.
2026-08-04 19:12:47,353 - INFO - [Times of India] (Thread) Finished. Attempting to shut down its Selenium driver.
2026-08-04 19:12:47,680 - INFO - [Times of India] (Thread) driver.quit() successful.
2026-08-04 19:12:48,081 - INFO - [Wired] Page content loaded.
2026-08-04 19:12:48,448 - INFO - [Economic Times] Article: https://economictimes.indiatimes.com/news/elections/assembly-elections/bihar/rare-intensive-revision-in-bihar-four-months-before-polls/articleshow/122167501.cms
2026-08-04 19:12:48,448 - INFO - [Economic Times] Attempt 1/2: Trying with 'requests_browser' strategy...
2026-08-04 19:12:48,557 - INFO - [Wired] Success with 'selenium_browser'. Found content (852 words).
2026-08-04 19:12:48,804 - INFO - [Economic Times] Success with 'requests_browser'. Found content (864 words).
2026-08-04 19:12:51,574 - WARNING - [The Hindu] Page explicit wait timed out (3s). Proceeding anyway.
2026-08-04 19:12:51,574 - ERROR - Error saving article We-Vibe Discount Codes and Deals: Up to 60% Off | WIRED: Hrana: `stream error: `Error { message: "SQLite error: UNIQUE constraint failed: articles.url", code: "SQLITE_CONSTRAINT" }``
2026-08-04 19:12:53,004 - INFO - [Wired] Article: https://www.wired.com/story/lenovo-coupon-code/
2026-08-04 19:12:53,451 - INFO - [Wired] Attempt 1/2: Trying with 'requests_browser' strategy...
2026-08-04 19:12:54,351 - ERROR - Error saving article Rare 'intensive' revision in Bihar four months before polls - The Economic Times: Hrana: `stream error: `Error { message: "SQLite error: UNIQUE constraint failed: articles.url", code: "SQLITE_CONSTRAINT" }``
2026-08-04 19:12:54,364 - ERROR - parsed tree length: 1, wrong data type or not valid HTML
2026-08-04 19:12:54,364 - ERROR - empty HTML tree: None
2026-08-04 19:12:54,364 - WARNING - discarding data: None
2026-08-04 19:12:54,364 - WARNING - [Wired] FAILED with 'requests_browser' (content was too short: 0 words).
2026-08-04 19:12:54,967 - INFO - [Wired] Article: https://www.wired.com/story/lenovo-coupon-code/
2026-08-04 19:12:54,968 - INFO - [Wired] Attempt 2/2: Trying with 'selenium_browser' strategy...
2026-08-04 19:12:55,235 - INFO - [Economic Times] Article: https://economictimes.indiatimes.com/news/elections/assembly-elections/delhi/bjp-accuses-kejriwal-of-sending-voters-hoax-calls-to-mislead/articleshow/117579007.cms
2026-08-04 19:12:55,235 - INFO - [Economic Times] Attempt 1/2: Trying with 'requests_browser' strategy...
2026-08-04 19:12:55,520 - INFO - [Economic Times] Success with 'requests_browser'. Found content (550 words).
2026-08-04 19:12:58,345 - INFO - [Wired] Page content loaded.
2026-08-04 19:12:58,345 - ERROR - Error saving article BJP accuses Kejriwal of sending voters hoax calls to mislead - The Economic Times: Hrana: `stream error: `Error { message: "SQLite error: UNIQUE constraint failed: articles.url", code: "SQLITE_CONSTRAINT" }``
2026-08-04 19:12:58,584 - ERROR - [The Hindu] Request failed for strategy 'selenium_browser' on URL https://www.thehindu.com/news/national/kerala/152-commando-recruits-join-kerala-police-after-irb-training/article71306047.ece: Message: timeout: Timed out receiving message from renderer: 7.000
  (Session info: chrome=151.0.7922.71)
Stacktrace:
#0 0x55597691483a <unknown>
#1 0x555976287fc9 <unknown>
#2 0x55597626fa2f <unknown>
#3 0x55597626f6a6 <unknown>
#4 0x55597626d288 <unknown>
#5 0x55597626dc0f <unknown>
#6 0x55597627cd70 <unknown>
#7 0x555976296d37 <unknown>
#8 0x55597629e70b <unknown>
#9 0x55597626e369 <unknown>
#10 0x555976296a92 <unknown>
#11 0x555976326066 <unknown>
#12 0x5559762d0d32 <unknown>
#13 0x5559762d1bb1 <unknown>
#14 0x5559768d9bc0 <unknown>
#15 0x5559768d823a <unknown>
#16 0x5559768c2c65 <unknown>
#17 0x5559768d8efa <unknown>
#18 0x5559768aab60 <unknown>
#19 0x555976900218 <unknown>
#20 0x5559769003b5 <unknown>
#21 0x5559769133ee <unknown>
#22 0x7ff23b09caa4 <unknown>
#23 0x7ff23b129c6c <unknown>

2026-08-04 19:12:58,584 - ERROR - [The Hindu] All scrape strategies failed for https://www.thehindu.com/news/national/kerala/152-commando-recruits-join-kerala-police-after-irb-training/article71306047.ece. Falling back to RSS description.
2026-08-04 19:12:58,584 - WARNING - SKIPPED (GLOBAL WORD LIMIT): Article '152 commando recruits join Kerala Police after IRB training' from The Hindu has only 27 words (Min: 90).
2026-08-04 19:12:58,642 - INFO - [Wired] Success with 'selenium_browser'. Found content (1096 words).
2026-08-04 19:13:00,119 - INFO - [The Hindu] Article: https://www.thehindu.com/news/national/tamil-nadu/two-persons-held-for-atm-heist-in-ranipet/article71305588.ece
2026-08-04 19:13:00,119 - INFO - [Economic Times] Article: https://economictimes.indiatimes.com/news/elections/lok-sabha/india/lok-sabha-election-2024-maharashtra-get-interesting-after-splits-in-shiv-sena-ncp/articleshow/108559788.cms
2026-08-04 19:13:00,566 - INFO - [The Hindu] Attempt 1/1: Trying with 'selenium_browser' strategy...
2026-08-04 19:13:00,566 - INFO - [Economic Times] Attempt 1/2: Trying with 'requests_browser' strategy...
2026-08-04 19:13:01,460 - ERROR - Error saving article Lenovo Coupon Codes and Deals in August 2026 | WIRED: Hrana: `stream error: `Error { message: "SQLite error: UNIQUE constraint failed: articles.url", code: "SQLITE_CONSTRAINT" }``
2026-08-04 19:13:01,772 - INFO - [Economic Times] Success with 'requests_browser'. Found content (1442 words).
2026-08-04 19:13:03,239 - INFO - [Wired] Article: https://www.wired.com/story/sephora-promo-code/
2026-08-04 19:13:03,687 - INFO - [Wired] Attempt 1/2: Trying with 'requests_browser' strategy...
2026-08-04 19:13:04,587 - ERROR - Error saving article Lok Sabha election 2024: Maharashtra get interesting after splits in Shiv Sena, NCP - The Economic Times: Hrana: `stream error: `Error { message: "SQLite error: UNIQUE constraint failed: articles.url", code: "SQLITE_CONSTRAINT" }``
2026-08-04 19:13:04,600 - ERROR - parsed tree length: 1, wrong data type or not valid HTML
2026-08-04 19:13:04,601 - ERROR - empty HTML tree: None
2026-08-04 19:13:04,601 - WARNING - discarding data: None
2026-08-04 19:13:04,601 - WARNING - [Wired] FAILED with 'requests_browser' (content was too short: 0 words).
2026-08-04 19:13:05,424 - INFO - [Wired] Article: https://www.wired.com/story/sephora-promo-code/
2026-08-04 19:13:05,424 - INFO - [Wired] Attempt 2/2: Trying with 'selenium_browser' strategy...
2026-08-04 19:13:05,667 - INFO - [Economic Times] Article: https://economictimes.indiatimes.com/news/elections/lok-sabha/india/modi-charisma-key-factor-in-bjps-bid-to-retain-all-26-seats-in-gujarat/articleshow/108550858.cms
2026-08-04 19:13:05,667 - INFO - [Economic Times] Attempt 1/2: Trying with 'requests_browser' strategy...
2026-08-04 19:13:05,979 - INFO - [Economic Times] Success with 'requests_browser'. Found content (838 words).
2026-08-04 19:13:08,833 - INFO - [Wired] Page content loaded.
2026-08-04 19:13:08,834 - ERROR - Error saving article Modi charisma key factor in BJP's bid to retain all 26 seats in Gujarat - The Economic Times: Hrana: `stream error: `Error { message: "SQLite error: UNIQUE constraint failed: articles.url", code: "SQLITE_CONSTRAINT" }``
2026-08-04 19:13:09,190 - INFO - [Wired] Success with 'selenium_browser'. Found content (789 words).
2026-08-04 19:13:10,710 - INFO - [Economic Times] Article: https://economictimes.indiatimes.com/news/elections/lok-sabha/india/implementation-of-guarantees-decline-of-brs-favour-congress-in-telangana-bjp-aiming-for-better-show/articleshow/108548569.cms
2026-08-04 19:13:11,163 - INFO - [Economic Times] Attempt 1/2: Trying with 'requests_browser' strategy...
2026-08-04 19:13:12,062 - ERROR - Error saving article 20% Off Sephora Promo Code | August 2026 | WIRED: Hrana: `stream error: `Error { message: "SQLite error: UNIQUE constraint failed: articles.url", code: "SQLITE_CONSTRAINT" }``
2026-08-04 19:13:12,088 - INFO - [Economic Times] Success with 'requests_browser'. Found content (1272 words).
2026-08-04 19:13:13,544 - INFO - [Wired] Article: https://www.wired.com/story/maytag-promo-code/
2026-08-04 19:13:13,544 - INFO - [Wired] Attempt 1/2: Trying with 'requests_browser' strategy...
2026-08-04 19:13:14,887 - ERROR - Error saving article Implementation of 'guarantees', decline of BRS favour Congress in Telangana, BJP aiming for better show - The Economic Times: Hrana: `stream error: `Error { message: "SQLite error: UNIQUE constraint failed: articles.url", code: "SQLITE_CONSTRAINT" }``
2026-08-04 19:13:14,897 - ERROR - parsed tree length: 1, wrong data type or not valid HTML
2026-08-04 19:13:14,897 - ERROR - empty HTML tree: None
2026-08-04 19:13:14,897 - WARNING - discarding data: None
2026-08-04 19:13:14,897 - WARNING - [Wired] FAILED with 'requests_browser' (content was too short: 0 words).
2026-08-04 19:13:15,516 - INFO - [Wired] Article: https://www.wired.com/story/maytag-promo-code/
2026-08-04 19:13:15,516 - INFO - [Wired] Attempt 2/2: Trying with 'selenium_browser' strategy...
2026-08-04 19:13:15,851 - WARNING - [The Hindu] Page get timed out (7s). Proceeding to grab partial source anyway.
2026-08-04 19:13:16,306 - INFO - [Economic Times] Article: https://economictimes.indiatimes.com/traders-bet-on-calendar-spread-as-nifty-moves-in-a-tight-range/articleshow/6302358.cms
2026-08-04 19:13:16,306 - INFO - [Economic Times] Attempt 1/2: Trying with 'requests_browser' strategy...
2026-08-04 19:13:16,555 - INFO - [Wired] Page content loaded.
2026-08-04 19:13:16,593 - ERROR - parsed tree length: 1, wrong data type or not valid HTML
2026-08-04 19:13:16,594 - ERROR - empty HTML tree: None
2026-08-04 19:13:16,594 - WARNING - discarding data: None
2026-08-04 19:13:16,594 - WARNING - [Economic Times] FAILED with 'requests_browser' (content was too short: 0 words).
2026-08-04 19:13:16,868 - INFO - [Wired] Success with 'selenium_browser'. Found content (597 words).
2026-08-04 19:13:18,355 - INFO - [Economic Times] Article: https://economictimes.indiatimes.com/traders-bet-on-calendar-spread-as-nifty-moves-in-a-tight-range/articleshow/6302358.cms
2026-08-04 19:13:18,805 - INFO - [Economic Times] Attempt 2/2: Trying with 'selenium_browser' strategy...
2026-08-04 19:13:19,718 - ERROR - Error saving article Maytag Promo Codes: 15% Off Appliances | WIRED: Hrana: `stream error: `Error { message: "SQLite error: UNIQUE constraint failed: articles.url", code: "SQLITE_CONSTRAINT" }``
2026-08-04 19:13:20,729 - INFO - [Economic Times] Page content loaded.
2026-08-04 19:13:20,923 - INFO - [Economic Times] Success with 'selenium_browser'. Found content (411 words).
2026-08-04 19:13:22,464 - INFO - [Wired] Article: https://www.wired.com/story/target-promo-code/
2026-08-04 19:13:22,916 - INFO - [Wired] Attempt 1/2: Trying with 'requests_browser' strategy...
2026-08-04 19:13:22,920 - WARNING - [The Hindu] Page explicit wait timed out (3s). Proceeding anyway.
2026-08-04 19:13:23,835 - ERROR - Error saving article Traders bet on calendar spread as Nifty moves in a tight range - The Economic Times: Hrana: `stream error: `Error { message: "SQLite error: UNIQUE constraint failed: articles.url", code: "SQLITE_CONSTRAINT" }``
2026-08-04 19:13:23,867 - ERROR - parsed tree length: 1, wrong data type or not valid HTML
2026-08-04 19:13:23,868 - ERROR - empty HTML tree: None
2026-08-04 19:13:23,868 - WARNING - discarding data: None
2026-08-04 19:13:23,868 - WARNING - [Wired] FAILED with 'requests_browser' (content was too short: 0 words).
2026-08-04 19:13:24,750 - INFO - [Economic Times] Article: https://economictimes.indiatimes.com/nifty-may-find-support-at-5300-level/articleshow/6296017.cms
2026-08-04 19:13:24,750 - INFO - [Economic Times] Attempt 1/2: Trying with 'requests_browser' strategy...
2026-08-04 19:13:24,812 - INFO - [Wired] Article: https://www.wired.com/story/target-promo-code/
2026-08-04 19:13:24,812 - INFO - [Wired] Attempt 2/2: Trying with 'selenium_browser' strategy...
2026-08-04 19:13:25,056 - ERROR - parsed tree length: 1, wrong data type or not valid HTML
2026-08-04 19:13:25,057 - ERROR - empty HTML tree: None
2026-08-04 19:13:25,057 - WARNING - discarding data: None
2026-08-04 19:13:25,057 - WARNING - [Economic Times] FAILED with 'requests_browser' (content was too short: 0 words).
2026-08-04 19:13:25,607 - INFO - [Economic Times] Article: https://economictimes.indiatimes.com/nifty-may-find-support-at-5300-level/articleshow/6296017.cms
2026-08-04 19:13:25,607 - INFO - [Economic Times] Attempt 2/2: Trying with 'selenium_browser' strategy...
2026-08-04 19:13:27,117 - INFO - [Wired] Page content loaded.
2026-08-04 19:13:28,063 - INFO - [Wired] Success with 'selenium_browser'. Found content (1201 words).
2026-08-04 19:13:30,100 - ERROR - [The Hindu] Request failed for strategy 'selenium_browser' on URL https://www.thehindu.com/news/national/tamil-nadu/two-persons-held-for-atm-heist-in-ranipet/article71305588.ece: Message: timeout: Timed out receiving message from renderer: 7.000
  (Session info: chrome=151.0.7922.71)
Stacktrace:
#0 0x55597691483a <unknown>
#1 0x555976287fc9 <unknown>
#2 0x55597626fa2f <unknown>
#3 0x55597626f6a6 <unknown>
#4 0x55597626d288 <unknown>
#5 0x55597626dc0f <unknown>
#6 0x55597627cd70 <unknown>
#7 0x555976296d37 <unknown>
#8 0x55597629e70b <unknown>
#9 0x55597626e369 <unknown>
#10 0x555976296a92 <unknown>
#11 0x555976326066 <unknown>
#12 0x5559762d0d32 <unknown>
#13 0x5559762d1bb1 <unknown>
#14 0x5559768d9bc0 <unknown>
#15 0x5559768d823a <unknown>
#16 0x5559768c2c65 <unknown>
#17 0x5559768d8efa <unknown>
#18 0x5559768aab60 <unknown>
#19 0x555976900218 <unknown>
#20 0x5559769003b5 <unknown>
#21 0x5559769133ee <unknown>
#22 0x7ff23b09caa4 <unknown>
#23 0x7ff23b129c6c <unknown>

2026-08-04 19:13:30,101 - ERROR - [The Hindu] All scrape strategies failed for https://www.thehindu.com/news/national/tamil-nadu/two-persons-held-for-atm-heist-in-ranipet/article71305588.ece. Falling back to RSS description.
2026-08-04 19:13:30,101 - WARNING - SKIPPED (GLOBAL WORD LIMIT): Article 'Two persons held for ATM heist in Ranipet' from The Hindu has only 16 words (Min: 90).
2026-08-04 19:13:31,008 - INFO - [Economic Times] Page content loaded.
2026-08-04 19:13:31,008 - ERROR - Error saving article Target Promo Code: $50 Off | August 2026 | WIRED: Hrana: `stream error: `Error { message: "SQLite error: UNIQUE constraint failed: articles.url", code: "SQLITE_CONSTRAINT" }``
2026-08-04 19:13:31,144 - INFO - [Economic Times] Success with 'selenium_browser'. Found content (411 words).
2026-08-04 19:13:32,759 - INFO - [The Hindu] Article: https://www.thehindu.com/news/national/kerala/tribal-girl-injured-after-teacher-allegedly-beats-her-for-poor-marks/article71305957.ece
2026-08-04 19:13:33,210 - INFO - [The Hindu] Attempt 1/1: Trying with 'selenium_browser' strategy...
2026-08-04 19:13:32,759 - INFO - [Wired] Article: https://www.wired.com/story/uplift-desk-coupon-code/
2026-08-04 19:13:34,127 - INFO - [Wired] Attempt 1/2: Trying with 'requests_browser' strategy...
2026-08-04 19:13:34,131 - ERROR - Error saving article Nifty may find support at 5300 level - The Economic Times: Hrana: `stream error: `Error { message: "SQLite error: UNIQUE constraint failed: articles.url", code: "SQLITE_CONSTRAINT" }``
2026-08-04 19:13:34,240 - ERROR - parsed tree length: 1, wrong data type or not valid HTML
2026-08-04 19:13:34,241 - ERROR - empty HTML tree: None
2026-08-04 19:13:34,241 - WARNING - discarding data: None
2026-08-04 19:13:34,241 - WARNING - [Wired] FAILED with 'requests_browser' (content was too short: 0 words).
2026-08-04 19:13:35,046 - INFO - [Wired] Article: https://www.wired.com/story/uplift-desk-coupon-code/
2026-08-04 19:13:35,046 - INFO - [Wired] Attempt 2/2: Trying with 'selenium_browser' strategy...
2026-08-04 19:13:35,185 - INFO - [Economic Times] Article: https://economictimes.indiatimes.com/seven-out-of-top-10-asian-small-cap-funds-are-indian/articleshow/6295976.cms
2026-08-04 19:13:35,185 - INFO - [Economic Times] Attempt 1/2: Trying with 'requests_browser' strategy...
2026-08-04 19:13:35,521 - ERROR - parsed tree length: 1, wrong data type or not valid HTML
2026-08-04 19:13:35,521 - ERROR - empty HTML tree: None
2026-08-04 19:13:35,521 - WARNING - discarding data: None
2026-08-04 19:13:35,521 - WARNING - [Economic Times] FAILED with 'requests_browser' (content was too short: 0 words).
2026-08-04 19:13:36,034 - INFO - [Economic Times] Article: https://economictimes.indiatimes.com/seven-out-of-top-10-asian-small-cap-funds-are-indian/articleshow/6295976.cms
2026-08-04 19:13:36,034 - INFO - [Economic Times] Attempt 2/2: Trying with 'selenium_browser' strategy...
2026-08-04 19:13:39,635 - INFO - [Wired] Page content loaded.
2026-08-04 19:13:40,907 - INFO - [Wired] Success with 'selenium_browser'. Found content (833 words).
2026-08-04 19:13:43,741 - ERROR - Error saving article Uplift Promo Codes: $570 Off | WIRED: Hrana: `stream error: `Error { message: "SQLite error: UNIQUE constraint failed: articles.url", code: "SQLITE_CONSTRAINT" }``
2026-08-04 19:13:43,908 - INFO - [Economic Times] Page content loaded.
2026-08-04 19:13:44,049 - INFO - [Economic Times] Success with 'selenium_browser'. Found content (607 words).
2026-08-04 19:13:45,589 - INFO - [Wired] Article: https://www.wired.com/story/starz-promo-code/
2026-08-04 19:13:46,037 - INFO - [Wired] Attempt 1/2: Trying with 'requests_browser' strategy...
2026-08-04 19:13:46,949 - ERROR - Error saving article Seven out of top 10 Asian small-cap funds are Indian - The Economic Times: Hrana: `stream error: `Error { message: "SQLite error: UNIQUE constraint failed: articles.url", code: "SQLITE_CONSTRAINT" }``
2026-08-04 19:13:46,963 - ERROR - parsed tree length: 1, wrong data type or not valid HTML
2026-08-04 19:13:46,964 - ERROR - empty HTML tree: None
2026-08-04 19:13:46,964 - WARNING - discarding data: None
2026-08-04 19:13:46,964 - WARNING - [Wired] FAILED with 'requests_browser' (content was too short: 0 words).
2026-08-04 19:13:47,283 - WARNING - [The Hindu] Page get timed out (7s). Proceeding to grab partial source anyway.
2026-08-04 19:13:47,581 - INFO - [Wired] Article: https://www.wired.com/story/starz-promo-code/
2026-08-04 19:13:47,581 - INFO - [Wired] Attempt 2/2: Trying with 'selenium_browser' strategy...
2026-08-04 19:13:48,164 - INFO - [Economic Times] Article: https://economictimes.indiatimes.com/inflation-reflects-growth-dynamics-in-india-christopher-wood/articleshow/6274053.cms
2026-08-04 19:13:48,166 - INFO - [Economic Times] Attempt 1/2: Trying with 'requests_browser' strategy...
2026-08-04 19:13:48,702 - ERROR - parsed tree length: 1, wrong data type or not valid HTML
2026-08-04 19:13:48,703 - ERROR - empty HTML tree: None
2026-08-04 19:13:48,703 - WARNING - discarding data: None
2026-08-04 19:13:48,703 - WARNING - [Economic Times] FAILED with 'requests_browser' (content was too short: 0 words).
2026-08-04 19:13:49,205 - INFO - [Economic Times] Article: https://economictimes.indiatimes.com/inflation-reflects-growth-dynamics-in-india-christopher-wood/articleshow/6274053.cms
2026-08-04 19:13:49,206 - INFO - [Economic Times] Attempt 2/2: Trying with 'selenium_browser' strategy...
2026-08-04 19:13:49,528 - INFO - [Wired] Page content loaded.
2026-08-04 19:13:50,057 - INFO - [Wired] Success with 'selenium_browser'. Found content (553 words).
2026-08-04 19:13:52,918 - INFO - [Economic Times] Page content loaded.
2026-08-04 19:13:52,919 - ERROR - Error saving article Starz Promo Codes: $5 Off for August 2026 | WIRED: Hrana: `stream error: `Error { message: "SQLite error: UNIQUE constraint failed: articles.url", code: "SQLITE_CONSTRAINT" }``
2026-08-04 19:13:53,431 - INFO - [Economic Times] Success with 'selenium_browser'. Found content (4520 words).
2026-08-04 19:13:53,489 - INFO - [Wired] Article: https://www.wired.com/story/bartesian-discount-code/
2026-08-04 19:13:53,489 - INFO - [Wired] Attempt 1/2: Trying with 'requests_browser' strategy...
2026-08-04 19:13:53,645 - ERROR - parsed tree length: 1, wrong data type or not valid HTML
2026-08-04 19:13:53,645 - ERROR - empty HTML tree: None
2026-08-04 19:13:53,645 - WARNING - discarding data: None
2026-08-04 19:13:53,645 - WARNING - [Wired] FAILED with 'requests_browser' (content was too short: 0 words).
2026-08-04 19:13:55,053 - WARNING - [The Hindu] Page explicit wait timed out (3s). Proceeding anyway.
2026-08-04 19:13:55,500 - INFO - [Wired] Article: https://www.wired.com/story/bartesian-discount-code/
2026-08-04 19:13:55,501 - INFO - [Wired] Attempt 2/2: Trying with 'selenium_browser' strategy...
2026-08-04 19:13:56,415 - ERROR - Error saving article Inflation reflects growth dynamics in India: Christopher Wood - The Economic Times: Hrana: `stream error: `Error { message: "SQLite error: UNIQUE constraint failed: articles.url", code: "SQLITE_CONSTRAINT" }``
2026-08-04 19:13:57,089 - INFO - [Economic Times] Article: https://economictimes.indiatimes.com/market-may-trade-in-a-range-but-fiis-seen-sold-on-india/articleshow/6277705.cms
2026-08-04 19:13:57,089 - INFO - [Economic Times] Attempt 1/2: Trying with 'requests_browser' strategy...
2026-08-04 19:13:57,502 - ERROR - parsed tree length: 1, wrong data type or not valid HTML
2026-08-04 19:13:57,503 - ERROR - empty HTML tree: None
2026-08-04 19:13:57,503 - WARNING - discarding data: None
2026-08-04 19:13:57,503 - WARNING - [Economic Times] FAILED with 'requests_browser' (content was too short: 0 words).
2026-08-04 19:13:58,019 - INFO - [Economic Times] Article: https://economictimes.indiatimes.com/market-may-trade-in-a-range-but-fiis-seen-sold-on-india/articleshow/6277705.cms
2026-08-04 19:13:58,019 - INFO - [Economic Times] Attempt 2/2: Trying with 'selenium_browser' strategy...
2026-08-04 19:13:58,390 - INFO - [Wired] Page content loaded.
2026-08-04 19:13:58,710 - INFO - [Wired] Success with 'selenium_browser'. Found content (708 words).
2026-08-04 19:14:01,591 - ERROR - Error saving article Bartesian Discount Codes: 35% Off | WIRED: Hrana: `stream error: `Error { message: "SQLite error: UNIQUE constraint failed: articles.url", code: "SQLITE_CONSTRAINT" }``
2026-08-04 19:14:02,149 - INFO - [Economic Times] Page content loaded.
2026-08-04 19:14:02,391 - INFO - [Economic Times] Success with 'selenium_browser'. Found content (432 words).
2026-08-04 19:14:02,509 - ERROR - [The Hindu] Request failed for strategy 'selenium_browser' on URL https://www.thehindu.com/news/national/kerala/tribal-girl-injured-after-teacher-allegedly-beats-her-for-poor-marks/article71305957.ece: Message: timeout: Timed out receiving message from renderer: 7.000
  (Session info: chrome=151.0.7922.71)
Stacktrace:
#0 0x55597691483a <unknown>
#1 0x555976287fc9 <unknown>
#2 0x55597626fa2f <unknown>
#3 0x55597626f6a6 <unknown>
#4 0x55597626d288 <unknown>
#5 0x55597626dc0f <unknown>
#6 0x55597627cd70 <unknown>
#7 0x555976296d37 <unknown>
#8 0x55597629e70b <unknown>
#9 0x55597626e369 <unknown>
#10 0x555976296a92 <unknown>
#11 0x555976326066 <unknown>
#12 0x5559762d0d32 <unknown>
#13 0x5559762d1bb1 <unknown>
#14 0x5559768d9bc0 <unknown>
#15 0x5559768d823a <unknown>
#16 0x5559768c2c65 <unknown>
#17 0x5559768d8efa <unknown>
#18 0x5559768aab60 <unknown>
#19 0x555976900218 <unknown>
#20 0x5559769003b5 <unknown>
#21 0x5559769133ee <unknown>
#22 0x7ff23b09caa4 <unknown>
#23 0x7ff23b129c6c <unknown>

2026-08-04 19:14:02,510 - ERROR - [The Hindu] All scrape strategies failed for https://www.thehindu.com/news/national/kerala/tribal-girl-injured-after-teacher-allegedly-beats-her-for-poor-marks/article71305957.ece. Falling back to RSS description.
2026-08-04 19:14:02,510 - WARNING - SKIPPED (GLOBAL WORD LIMIT): Article 'Tribal girl injured after teacher allegedly beats her for poor marks' from The Hindu has only 3 words (Min: 90).
2026-08-04 19:14:03,902 - INFO - [Wired] Article: https://www.wired.com/story/litter-robot-promo-code/
2026-08-04 19:14:03,903 - INFO - [The Hindu] Article: https://www.thehindu.com/news/national/andhra-pradesh/ysrcp-spreading-misinformation-on-ntr-vaidya-seva-says-ap-health-minister/article71306190.ece
2026-08-04 19:14:05,259 - INFO - [The Hindu] Attempt 1/1: Trying with 'selenium_browser' strategy...
2026-08-04 19:14:04,351 - INFO - [Wired] Attempt 1/2: Trying with 'requests_browser' strategy...
2026-08-04 19:14:05,264 - ERROR - Error saving article Market may trade in a range, but FIIs seen sold on India - The Economic Times: Hrana: `stream error: `Error { message: "SQLite error: UNIQUE constraint failed: articles.url", code: "SQLITE_CONSTRAINT" }``
2026-08-04 19:14:05,369 - ERROR - parsed tree length: 1, wrong data type or not valid HTML
2026-08-04 19:14:05,370 - ERROR - empty HTML tree: None
2026-08-04 19:14:05,370 - WARNING - discarding data: None
2026-08-04 19:14:05,370 - WARNING - [Wired] FAILED with 'requests_browser' (content was too short: 0 words).
2026-08-04 19:14:06,129 - INFO - [Wired] Article: https://www.wired.com/story/litter-robot-promo-code/
2026-08-04 19:14:06,129 - INFO - [Wired] Attempt 2/2: Trying with 'selenium_browser' strategy...
2026-08-04 19:14:06,651 - INFO - [Economic Times] Article: https://economictimes.indiatimes.com/dont-bank-only-on-price-to-earning-ratio/articleshow/6278228.cms
2026-08-04 19:14:06,651 - INFO - [Economic Times] Attempt 1/2: Trying with 'requests_browser' strategy...
2026-08-04 19:14:06,949 - ERROR - parsed tree length: 1, wrong data type or not valid HTML
2026-08-04 19:14:06,949 - ERROR - empty HTML tree: None
2026-08-04 19:14:06,949 - WARNING - discarding data: None
2026-08-04 19:14:06,949 - WARNING - [Economic Times] FAILED with 'requests_browser' (content was too short: 0 words).
2026-08-04 19:14:07,570 - INFO - [Wired] Page content loaded.
2026-08-04 19:14:07,774 - INFO - [Economic Times] Article: https://economictimes.indiatimes.com/dont-bank-only-on-price-to-earning-ratio/articleshow/6278228.cms
2026-08-04 19:14:07,774 - INFO - [Economic Times] Attempt 2/2: Trying with 'selenium_browser' strategy...
2026-08-04 19:14:08,151 - INFO - [Wired] Success with 'selenium_browser'. Found content (778 words).
2026-08-04 19:14:11,003 - ERROR - Error saving article Litter-Robot Promo Codes: Up to $150 Off | WIRED: Hrana: `stream error: `Error { message: "SQLite error: UNIQUE constraint failed: articles.url", code: "SQLITE_CONSTRAINT" }``
2026-08-04 19:14:11,557 - INFO - [Economic Times] Page content loaded.
2026-08-04 19:14:11,559 - INFO - [Wired] Early skip: URL https://www.wired.com/story/ai-music-app-treblo-just-snitched-on-rubberz-song-of-the-summer/ already exists.
2026-08-04 19:14:11,560 - INFO - [Wired] Early skip: URL https://www.wired.com/story/spacex-falcon-moon-crash-warning-for-lunar-bases/ already exists.
2026-08-04 19:14:11,562 - INFO - [Wired] Article: https://www.wired.com/gallery/best-robot-lawn-mowers/
2026-08-04 19:14:11,562 - INFO - [Wired] Attempt 1/2: Trying with 'requests_browser' strategy...
2026-08-04 19:14:11,690 - ERROR - parsed tree length: 1, wrong data type or not valid HTML
2026-08-04 19:14:11,690 - ERROR - empty HTML tree: None
2026-08-04 19:14:11,690 - WARNING - discarding data: None
2026-08-04 19:14:11,690 - WARNING - [Wired] FAILED with 'requests_browser' (content was too short: 0 words).
2026-08-04 19:14:11,792 - INFO - [Economic Times] Success with 'selenium_browser'. Found content (447 words).
2026-08-04 19:14:13,762 - INFO - [Wired] Article: https://www.wired.com/gallery/best-robot-lawn-mowers/
2026-08-04 19:14:13,762 - INFO - [Wired] Attempt 2/2: Trying with 'selenium_browser' strategy...
2026-08-04 19:14:14,659 - ERROR - Error saving article 'Don't bank only on price-to-earning ratio' - The Economic Times: Hrana: `stream error: `Error { message: "SQLite error: UNIQUE constraint failed: articles.url", code: "SQLITE_CONSTRAINT" }``
2026-08-04 19:14:15,788 - INFO - [Economic Times] Article: https://economictimes.indiatimes.com/markets/stocks/recos/prabhudas-lilladher-has-a-reduce-rating-on-infosys/articleshow/3798718.cms
2026-08-04 19:14:15,788 - INFO - [Economic Times] Attempt 1/2: Trying with 'requests_browser' strategy...
2026-08-04 19:14:16,173 - ERROR - parsed tree length: 1, wrong data type or not valid HTML
2026-08-04 19:14:16,173 - ERROR - empty HTML tree: None
2026-08-04 19:14:16,174 - WARNING - discarding data: None
2026-08-04 19:14:16,174 - WARNING - [Economic Times] FAILED with 'requests_browser' (content was too short: 0 words).
2026-08-04 19:14:16,820 - INFO - [Economic Times] Article: https://economictimes.indiatimes.com/markets/stocks/recos/prabhudas-lilladher-has-a-reduce-rating-on-infosys/articleshow/3798718.cms
2026-08-04 19:14:16,820 - INFO - [Economic Times] Attempt 2/2: Trying with 'selenium_browser' strategy...
2026-08-04 19:14:17,106 - INFO - [Wired] Page content loaded.
2026-08-04 19:14:17,832 - INFO - [Wired] Success with 'selenium_browser'. Found content (2380 words).
2026-08-04 19:14:19,565 - INFO - [Economic Times] Page content loaded.
2026-08-04 19:14:20,959 - WARNING - [The Hindu] Page get timed out (7s). Proceeding to grab partial source anyway.
2026-08-04 19:14:20,959 - ERROR - Error saving article Best Robot Lawn Mowers (2026): My Picks After 3 Years of Testing | WIRED: Hrana: `stream error: `Error { message: "SQLite error: UNIQUE constraint failed: articles.url", code: "SQLITE_CONSTRAINT" }``
2026-08-04 19:14:21,008 - INFO - [Economic Times] Success with 'selenium_browser'. Found content (259 words).
2026-08-04 19:14:22,559 - INFO - [Wired] Early skip: URL https://www.wired.com/review/alienware-27-qd-oled-aw2726dm/ already exists.
2026-08-04 19:14:23,923 - INFO - [Wired] Early skip: URL https://www.wired.com/story/people-are-ghosting-long-term-partners-some-dont-regret-it/ already exists.
2026-08-04 19:14:23,923 - ERROR - Error saving article Prabhudas Lilladher has a ‘reduce’ rating on Infosys - The Economic Times: Hrana: `stream error: `Error { message: "SQLite error: UNIQUE constraint failed: articles.url", code: "SQLITE_CONSTRAINT" }``
2026-08-04 19:14:23,924 - INFO - [Wired] Early skip: URL https://www.wired.com/story/the-best-kids-audio-players-for-screen-free-story-time/ already exists.
2026-08-04 19:14:23,926 - INFO - [Wired] Early skip: URL https://www.wired.com/story/smart-tech-for-a-vintage-home/ already exists.
2026-08-04 19:14:23,927 - INFO - [Wired] Early skip: URL https://www.wired.com/story/ai-conquered-coding-fast-food-is-next/ already exists.
2026-08-04 19:14:23,928 - INFO - [Wired] Early skip: URL https://www.wired.com/story/ice-dna-collection-fbi-codis/ already exists.
2026-08-04 19:14:23,929 - INFO - [Wired] Early skip: URL https://www.wired.com/review/nothing-ear-3a/ already exists.
2026-08-04 19:14:23,930 - INFO - [Wired] Early skip: URL https://www.wired.com/story/flock-cameras-guardrail-guy-advocacy-damage-people-dont-like-alprs/ already exists.
2026-08-04 19:14:23,932 - INFO - [Wired] Early skip: URL https://www.wired.com/story/best-password-managers/ already exists.
2026-08-04 19:14:23,933 - INFO - [Wired] Early skip: URL https://www.wired.com/story/james-webb-space-telescope-changing-astronomers-universe/ already exists.
2026-08-04 19:14:23,934 - INFO - [Wired] Early skip: URL https://www.wired.com/story/best-car-vacuums/ already exists.
2026-08-04 19:14:23,935 - INFO - [Wired] Early skip: URL https://www.wired.com/story/two-eclipses-august-how-to-see-them/ already exists.
2026-08-04 19:14:23,936 - INFO - [Wired] Early skip: URL https://www.wired.com/gallery/best-kids-backpacks-2026/ already exists.
2026-08-04 19:14:23,938 - INFO - [Wired] Early skip: URL https://www.wired.com/story/europeans-are-about-to-find-out-how-entrenched-ai-is-in-their-daily-lives/ already exists.
2026-08-04 19:14:23,939 - INFO - [Wired] Early skip: URL https://www.wired.com/story/is-it-possible-to-make-privacy-friendly-smart-glasses/ already exists.
2026-08-04 19:14:23,940 - INFO - [Wired] Early skip: URL https://www.wired.com/story/youtube-star-aboflah-made-streaming-his-life-he-wants-his-kids-to-live-offline/ already exists.
2026-08-04 19:14:23,941 - INFO - [Wired] Article: https://www.wired.com/story/ulta-coupon/
2026-08-04 19:14:23,941 - INFO - [Wired] Attempt 1/2: Trying with 'requests_browser' strategy...
2026-08-04 19:14:24,022 - ERROR - parsed tree length: 1, wrong data type or not valid HTML
2026-08-04 19:14:24,022 - ERROR - empty HTML tree: None
2026-08-04 19:14:24,022 - WARNING - discarding data: None
2026-08-04 19:14:24,022 - WARNING - [Wired] FAILED with 'requests_browser' (content was too short: 0 words).
2026-08-04 19:14:24,844 - INFO - [Wired] Article: https://www.wired.com/story/ulta-coupon/
2026-08-04 19:14:24,844 - INFO - [Wired] Attempt 2/2: Trying with 'selenium_browser' strategy...
2026-08-04 19:14:25,238 - INFO - [Economic Times] Article: https://economictimes.indiatimes.com/markets/stocks/recos/fin-crisis-too-late-and-too-little-done-in-us/articleshow/3794549.cms
2026-08-04 19:14:25,238 - INFO - [Economic Times] Attempt 1/2: Trying with 'requests_browser' strategy...
2026-08-04 19:14:25,816 - ERROR - parsed tree length: 1, wrong data type or not valid HTML
2026-08-04 19:14:25,817 - ERROR - empty HTML tree: None
2026-08-04 19:14:25,817 - WARNING - discarding data: None
2026-08-04 19:14:25,817 - WARNING - [Economic Times] FAILED with 'requests_browser' (content was too short: 0 words).
2026-08-04 19:14:26,033 - INFO - [Wired] Page content loaded.
2026-08-04 19:14:26,375 - INFO - [Wired] Success with 'selenium_browser'. Found content (1273 words).
2026-08-04 19:14:26,723 - INFO - [Economic Times] Article: https://economictimes.indiatimes.com/markets/stocks/recos/fin-crisis-too-late-and-too-little-done-in-us/articleshow/3794549.cms
2026-08-04 19:14:26,723 - INFO - [Economic Times] Attempt 2/2: Trying with 'selenium_browser' strategy...
2026-08-04 19:14:28,202 - WARNING - [The Hindu] Page explicit wait timed out (3s). Proceeding anyway.
2026-08-04 19:14:29,557 - ERROR - Error saving article Ulta Promo Codes: Up to 50% Off in August 2026 | WIRED: Hrana: `stream error: `Error { message: "SQLite error: UNIQUE constraint failed: articles.url", code: "SQLITE_CONSTRAINT" }``
2026-08-04 19:14:29,853 - INFO - [Economic Times] Page content loaded.
2026-08-04 19:14:30,131 - INFO - [Economic Times] Success with 'selenium_browser'. Found content (452 words).
2026-08-04 19:14:31,666 - INFO - [Wired] Article: https://www.wired.com/gallery/best-office-chairs-no-button-2/
2026-08-04 19:14:32,121 - INFO - [Wired] Attempt 1/2: Trying with 'requests_browser' strategy...
2026-08-04 19:14:33,019 - ERROR - Error saving article Fin Crisis: Too late and too little done in US - The Economic Times: Hrana: `stream error: `Error { message: "SQLite error: UNIQUE constraint failed: articles.url", code: "SQLITE_CONSTRAINT" }``
2026-08-04 19:14:33,046 - ERROR - parsed tree length: 1, wrong data type or not valid HTML
2026-08-04 19:14:33,046 - ERROR - empty HTML tree: None
2026-08-04 19:14:33,046 - WARNING - discarding data: None
2026-08-04 19:14:33,046 - WARNING - [Wired] FAILED with 'requests_browser' (content was too short: 0 words).
2026-08-04 19:14:33,590 - INFO - [Wired] Article: https://www.wired.com/gallery/best-office-chairs-no-button-2/
2026-08-04 19:14:33,591 - INFO - [Wired] Attempt 2/2: Trying with 'selenium_browser' strategy...
2026-08-04 19:14:33,758 - INFO - [Economic Times] Article: https://economictimes.indiatimes.com/markets/forex/weak-rupee-takes-its-toll-on-cos-with-huge-foreign-debt/articleshow/3546158.cms
2026-08-04 19:14:33,758 - INFO - [Economic Times] Attempt 1/2: Trying with 'requests_browser' strategy...
2026-08-04 19:14:34,216 - ERROR - parsed tree length: 1, wrong data type or not valid HTML
2026-08-04 19:14:34,216 - ERROR - empty HTML tree: None
2026-08-04 19:14:34,216 - WARNING - discarding data: None
2026-08-04 19:14:34,217 - WARNING - [Economic Times] FAILED with 'requests_browser' (content was too short: 0 words).
2026-08-04 19:14:34,786 - INFO - [Economic Times] Article: https://economictimes.indiatimes.com/markets/forex/weak-rupee-takes-its-toll-on-cos-with-huge-foreign-debt/articleshow/3546158.cms
2026-08-04 19:14:34,786 - INFO - [Economic Times] Attempt 2/2: Trying with 'selenium_browser' strategy...
2026-08-04 19:14:35,673 - ERROR - [The Hindu] Request failed for strategy 'selenium_browser' on URL https://www.thehindu.com/news/national/andhra-pradesh/ysrcp-spreading-misinformation-on-ntr-vaidya-seva-says-ap-health-minister/article71306190.ece: Message: timeout: Timed out receiving message from renderer: 7.000
  (Session info: chrome=151.0.7922.71)
Stacktrace:
#0 0x55597691483a <unknown>
#1 0x555976287fc9 <unknown>
#2 0x55597626fa2f <unknown>
#3 0x55597626f6a6 <unknown>
#4 0x55597626d288 <unknown>
#5 0x55597626dc0f <unknown>
#6 0x55597627cd70 <unknown>
#7 0x555976296d37 <unknown>
#8 0x55597629e70b <unknown>
#9 0x55597626e369 <unknown>
#10 0x555976296a92 <unknown>
#11 0x555976326066 <unknown>
#12 0x5559762d0d32 <unknown>
#13 0x5559762d1bb1 <unknown>
#14 0x5559768d9bc0 <unknown>
#15 0x5559768d823a <unknown>
#16 0x5559768c2c65 <unknown>
#17 0x5559768d8efa <unknown>
#18 0x5559768aab60 <unknown>
#19 0x555976900218 <unknown>
#20 0x5559769003b5 <unknown>
#21 0x5559769133ee <unknown>
#22 0x7ff23b09caa4 <unknown>
#23 0x7ff23b129c6c <unknown>

2026-08-04 19:14:35,673 - ERROR - [The Hindu] All scrape strategies failed for https://www.thehindu.com/news/national/andhra-pradesh/ysrcp-spreading-misinformation-on-ntr-vaidya-seva-says-ap-health-minister/article71306190.ece. Falling back to RSS description.
2026-08-04 19:14:35,673 - WARNING - SKIPPED (GLOBAL WORD LIMIT): Article 'YSRCP spreading misinformation on NTR Vaidya Seva, says A.P. Health Minister' from The Hindu has only 18 words (Min: 90).
2026-08-04 19:14:36,611 - INFO - [Economic Times] Page content loaded.
2026-08-04 19:14:36,839 - INFO - [Economic Times] Success with 'selenium_browser'. Found content (482 words).
2026-08-04 19:14:37,015 - INFO - [The Hindu] Article: https://www.thehindu.com/news/national/andhra-pradesh/deficit-is-a-myth-says-ap-cm-naidu/article71305858.ece
2026-08-04 19:14:37,015 - INFO - [The Hindu] Attempt 1/1: Trying with 'selenium_browser' strategy...
2026-08-04 19:14:39,768 - ERROR - Error saving article Weak rupee takes its toll on cos with huge foreign debt - The Economic Times: Hrana: `stream error: `Error { message: "SQLite error: UNIQUE constraint failed: articles.url", code: "SQLITE_CONSTRAINT" }``
2026-08-04 19:14:40,689 - INFO - [Wired] Page content loaded.
2026-08-04 19:14:41,105 - INFO - [Economic Times] Article: https://economictimes.indiatimes.com/markets/stocks/recos/wait-for-more-signals-before-turning-positive/articleshow/3292640.cms
2026-08-04 19:14:41,105 - INFO - [Economic Times] Attempt 1/2: Trying with 'requests_browser' strategy...
2026-08-04 19:14:41,403 - ERROR - parsed tree length: 1, wrong data type or not valid HTML
2026-08-04 19:14:41,403 - ERROR - empty HTML tree: None
2026-08-04 19:14:41,403 - WARNING - discarding data: None
2026-08-04 19:14:41,403 - WARNING - [Economic Times] FAILED with 'requests_browser' (content was too short: 0 words).
2026-08-04 19:14:42,262 - INFO - [Economic Times] Article: https://economictimes.indiatimes.com/markets/stocks/recos/wait-for-more-signals-before-turning-positive/articleshow/3292640.cms
2026-08-04 19:14:42,262 - INFO - [Economic Times] Attempt 2/2: Trying with 'selenium_browser' strategy...
2026-08-04 19:14:42,971 - INFO - [Wired] Success with 'selenium_browser'. Found content (7984 words).
2026-08-04 19:14:46,483 - ERROR - Error saving article 15 Best Office Chairs of 2026— We Tested 70 to Pick Them | WIRED: Hrana: `stream error: `Error { message: "SQLite error: UNIQUE constraint failed: articles.url", code: "SQLITE_CONSTRAINT" }``
2026-08-04 19:14:46,769 - INFO - [Economic Times] Page content loaded.
2026-08-04 19:14:46,985 - INFO - [Wired] Article: https://www.wired.com/gallery/best-office-chairs/
2026-08-04 19:14:46,985 - INFO - [Wired] Attempt 1/2: Trying with 'requests_browser' strategy...
2026-08-04 19:14:47,120 - ERROR - parsed tree length: 1, wrong data type or not valid HTML
2026-08-04 19:14:47,121 - ERROR - empty HTML tree: None
2026-08-04 19:14:47,121 - WARNING - discarding data: None
2026-08-04 19:14:47,121 - WARNING - [Wired] FAILED with 'requests_browser' (content was too short: 0 words).
2026-08-04 19:14:47,448 - INFO - [Economic Times] Success with 'selenium_browser'. Found content (290 words).
2026-08-04 19:14:49,007 - INFO - [Wired] Article: https://www.wired.com/gallery/best-office-chairs/
2026-08-04 19:14:49,454 - INFO - [Wired] Attempt 2/2: Trying with 'selenium_browser' strategy...
2026-08-04 19:14:50,348 - ERROR - Error saving article Wait for more signals before turning positive - The Economic Times: Hrana: `stream error: `Error { message: "SQLite error: UNIQUE constraint failed: articles.url", code: "SQLITE_CONSTRAINT" }``
2026-08-04 19:14:51,817 - INFO - [Economic Times] Article: https://economictimes.indiatimes.com/news/company/corporate-trends/six-indian-cos-among-businessweeks-top-100-infotech-firms/articleshow/3189334.cms
2026-08-04 19:14:51,817 - INFO - [Economic Times] Attempt 1/2: Trying with 'requests_browser' strategy...
2026-08-04 19:14:52,163 - INFO - [Economic Times] Success with 'requests_browser'. Found content (370 words).
2026-08-04 19:14:54,150 - WARNING - [The Hindu] Page get timed out (7s). Proceeding to grab partial source anyway.
2026-08-04 19:14:55,046 - ERROR - Error saving article Six Indian cos among BusinessWeek's top 100 Infotech firms - The Economic Times: Hrana: `stream error: `Error { message: "SQLite error: UNIQUE constraint failed: articles.url", code: "SQLITE_CONSTRAINT" }``
2026-08-04 19:14:55,783 - INFO - [Economic Times] Article: https://economictimes.indiatimes.com/news/company/corporate-trends/indian-firms-slip-in-global-ranking-four-move-out-of-top-500/articleshow/3177077.cms
2026-08-04 19:14:55,783 - INFO - [Economic Times] Attempt 1/2: Trying with 'requests_browser' strategy...
2026-08-04 19:14:56,154 - INFO - [Economic Times] Success with 'requests_browser'. Found content (1044 words).
2026-08-04 19:14:58,372 - INFO - [Wired] Page content loaded.
2026-08-04 19:14:59,270 - ERROR - Error saving article Indian firms slip in global ranking; four move out of Top-500 - The Economic Times: Hrana: `stream error: `Error { message: "SQLite error: UNIQUE constraint failed: articles.url", code: "SQLITE_CONSTRAINT" }``
2026-08-04 19:14:59,564 - INFO - [Wired] Success with 'selenium_browser'. Found content (7984 words).
2026-08-04 19:15:01,243 - INFO - [Economic Times] Article: https://economictimes.indiatimes.com/markets/stocks/news/big-daddy-laps-up-cipla-after-q1-nos-beat-forecast/articleshow/6308646.cms
2026-08-04 19:15:01,243 - INFO - [Economic Times] Attempt 1/2: Trying with 'requests_browser' strategy...
2026-08-04 19:15:01,243 - WARNING - [The Hindu] Page explicit wait timed out (3s). Proceeding anyway.
2026-08-04 19:15:02,818 - ERROR - Error saving article 15 Best Office Chairs of 2026—We Tested 70 to Pick Them | WIRED: Hrana: `stream error: `Error { message: "SQLite error: UNIQUE constraint failed: articles.url", code: "SQLITE_CONSTRAINT" }``
2026-08-04 19:15:02,823 - ERROR - parsed tree length: 1, wrong data type or not valid HTML
2026-08-04 19:15:02,824 - ERROR - empty HTML tree: None
2026-08-04 19:15:02,824 - WARNING - discarding data: None
2026-08-04 19:15:02,824 - WARNING - [Economic Times] FAILED with 'requests_browser' (content was too short: 0 words).
2026-08-04 19:15:03,379 - INFO - [Economic Times] Article: https://economictimes.indiatimes.com/markets/stocks/news/big-daddy-laps-up-cipla-after-q1-nos-beat-forecast/articleshow/6308646.cms
2026-08-04 19:15:03,380 - INFO - [Economic Times] Attempt 2/2: Trying with 'selenium_browser' strategy...
2026-08-04 19:15:04,167 - INFO - [Wired] Article: https://www.wired.com/gallery/best-office-chairs-button-1/
2026-08-04 19:15:04,167 - INFO - [Wired] Attempt 1/2: Trying with 'requests_browser' strategy...
2026-08-04 19:15:04,290 - ERROR - parsed tree length: 1, wrong data type or not valid HTML
2026-08-04 19:15:04,290 - ERROR - empty HTML tree: None
2026-08-04 19:15:04,290 - WARNING - discarding data: None
2026-08-04 19:15:04,290 - WARNING - [Wired] FAILED with 'requests_browser' (content was too short: 0 words).
2026-08-04 19:15:04,588 - INFO - [Economic Times] Page content loaded.
2026-08-04 19:15:04,833 - WARNING - [Economic Times] FAILED with 'selenium_browser' (content was too short: 83 words).
2026-08-04 19:15:04,836 - ERROR - [Economic Times] All scrape strategies failed for https://economictimes.indiatimes.com/markets/stocks/news/big-daddy-laps-up-cipla-after-q1-nos-beat-forecast/articleshow/6308646.cms. Falling back to RSS description.
2026-08-04 19:15:04,836 - WARNING - SKIPPED (GLOBAL WORD LIMIT): Article ''Big Daddy' laps up Cipla after Q1 nos beat forecast ' from Economic Times has only 20 words (Min: 90).
2026-08-04 19:15:05,138 - INFO - [Wired] Article: https://www.wired.com/gallery/best-office-chairs-button-1/
2026-08-04 19:15:05,138 - INFO - [Wired] Attempt 2/2: Trying with 'selenium_browser' strategy...
2026-08-04 19:15:05,835 - INFO - [Economic Times] Article: https://economictimes.indiatimes.com/markets/stocks/news/old-fox-has-dream-run-on-dalal-street/articleshow/6308631.cms
2026-08-04 19:15:05,835 - INFO - [Economic Times] Attempt 1/2: Trying with 'requests_browser' strategy...
2026-08-04 19:15:06,177 - ERROR - parsed tree length: 1, wrong data type or not valid HTML
2026-08-04 19:15:06,177 - ERROR - empty HTML tree: None
2026-08-04 19:15:06,177 - WARNING - discarding data: None
2026-08-04 19:15:06,177 - WARNING - [Economic Times] FAILED with 'requests_browser' (content was too short: 0 words).
2026-08-04 19:15:07,161 - INFO - [Economic Times] Article: https://economictimes.indiatimes.com/markets/stocks/news/old-fox-has-dream-run-on-dalal-street/articleshow/6308631.cms
2026-08-04 19:15:07,162 - INFO - [Economic Times] Attempt 2/2: Trying with 'selenium_browser' strategy...
2026-08-04 19:15:08,709 - ERROR - [The Hindu] Request failed for strategy 'selenium_browser' on URL https://www.thehindu.com/news/national/andhra-pradesh/deficit-is-a-myth-says-ap-cm-naidu/article71305858.ece: Message: timeout: Timed out receiving message from renderer: 7.000
  (Session info: chrome=151.0.7922.71)
Stacktrace:
#0 0x55597691483a <unknown>
#1 0x555976287fc9 <unknown>
#2 0x55597626fa2f <unknown>
#3 0x55597626f6a6 <unknown>
#4 0x55597626d288 <unknown>
#5 0x55597626dc0f <unknown>
#6 0x55597627cd70 <unknown>
#7 0x555976296d37 <unknown>
#8 0x55597629e70b <unknown>
#9 0x55597626e369 <unknown>
#10 0x555976296a92 <unknown>
#11 0x555976326066 <unknown>
#12 0x5559762d0d32 <unknown>
#13 0x5559762d1bb1 <unknown>
#14 0x5559768d9bc0 <unknown>
#15 0x5559768d823a <unknown>
#16 0x5559768c2c65 <unknown>
#17 0x5559768d8efa <unknown>
#18 0x5559768aab60 <unknown>
#19 0x555976900218 <unknown>
#20 0x5559769003b5 <unknown>
#21 0x5559769133ee <unknown>
#22 0x7ff23b09caa4 <unknown>
#23 0x7ff23b129c6c <unknown>

2026-08-04 19:15:08,711 - ERROR - [The Hindu] All scrape strategies failed for https://www.thehindu.com/news/national/andhra-pradesh/deficit-is-a-myth-says-ap-cm-naidu/article71305858.ece. Falling back to RSS description.
2026-08-04 19:15:08,711 - WARNING - SKIPPED (GLOBAL WORD LIMIT): Article 'Deficit is a myth, says A.P. CM Naidu' from The Hindu has only 18 words (Min: 90).
2026-08-04 19:15:08,740 - INFO - [Economic Times] Page content loaded.
2026-08-04 19:15:08,969 - INFO - [Economic Times] Success with 'selenium_browser'. Found content (639 words).
2026-08-04 19:15:10,590 - INFO - [The Hindu] Article: https://www.thehindu.com/news/national/cpi-mp-urges-pm-to-end-persecution-of-gen-z-protesters-by-government-supporters/article71306489.ece
2026-08-04 19:15:10,590 - INFO - [The Hindu] Attempt 1/1: Trying with 'selenium_browser' strategy...
2026-08-04 19:15:11,981 - ERROR - Error saving article Old Fox has dream run on Dalal Street - The Economic Times: Hrana: `stream error: `Error { message: "SQLite error: UNIQUE constraint failed: articles.url", code: "SQLITE_CONSTRAINT" }``
2026-08-04 19:15:12,020 - INFO - [Wired] Page content loaded.
2026-08-04 19:15:12,871 - INFO - [Economic Times] Article: https://economictimes.indiatimes.com/markets/stocks/news/cairn-india-hits-record-high-on-bse-amid-stake-sale-talks/articleshow/6306679.cms
2026-08-04 19:15:12,871 - INFO - [Economic Times] Attempt 1/2: Trying with 'requests_browser' strategy...
2026-08-04 19:15:13,276 - INFO - [Wired] Success with 'selenium_browser'. Found content (7984 words).
2026-08-04 19:15:14,152 - INFO - [Economic Times] Success with 'requests_browser'. Found content (446 words).
2026-08-04 19:15:17,383 - ERROR - Error saving article 15 Best Office Chairs of 2026— We Tested 70 to Pick Them | WIRED: Hrana: `stream error: `Error { message: "SQLite error: UNIQUE constraint failed: articles.url", code: "SQLITE_CONSTRAINT" }``
2026-08-04 19:15:19,246 - INFO - [Wired] (Thread) Finished. Attempting to shut down its Selenium driver.
2026-08-04 19:15:20,144 - ERROR - Error saving article Cairn India hits record high on BSE amid stake sale talks - The Economic Times: Hrana: `stream error: `Error { message: "SQLite error: UNIQUE constraint failed: articles.url", code: "SQLITE_CONSTRAINT" }``
2026-08-04 19:15:20,147 - INFO - [Wired] (Thread) driver.quit() successful.
2026-08-04 19:15:20,793 - INFO - [Economic Times] Article: https://economictimes.indiatimes.com/markets/stocks/news/vedanta-plunges-5-59-per-cent-on-lse-amid-talks-to-buy-cairn-stake/articleshow/6306526.cms
2026-08-04 19:15:20,793 - INFO - [Economic Times] Attempt 1/2: Trying with 'requests_browser' strategy...
2026-08-04 19:15:21,111 - INFO - [Economic Times] Success with 'requests_browser'. Found content (480 words).
2026-08-04 19:15:23,976 - ERROR - Error saving article Cairn: Vedanta plunges 5.59 per cent on LSE amid talks to buy Cairn stake - The Economic Times: Hrana: `stream error: `Error { message: "SQLite error: UNIQUE constraint failed: articles.url", code: "SQLITE_CONSTRAINT" }``
2026-08-04 19:15:24,948 - INFO - [Economic Times] Article: https://economictimes.indiatimes.com/markets/stocks/news/sbi-shares-on-gaining-spree-hit-record-high/articleshow/6306241.cms
2026-08-04 19:15:24,948 - INFO - [Economic Times] Attempt 1/2: Trying with 'requests_browser' strategy...
2026-08-04 19:15:25,496 - INFO - [Economic Times] Success with 'requests_browser'. Found content (166 words).
2026-08-04 19:15:27,450 - WARNING - [The Hindu] Page get timed out (7s). Proceeding to grab partial source anyway.
2026-08-04 19:15:28,348 - ERROR - Error saving article SBI shares on gaining spree; hit record high - The Economic Times: Hrana: `stream error: `Error { message: "SQLite error: UNIQUE constraint failed: articles.url", code: "SQLITE_CONSTRAINT" }``
2026-08-04 19:15:29,464 - INFO - [Economic Times] Article: https://economictimes.indiatimes.com/fm-must-rethink/articleshow/5645094.cms
2026-08-04 19:15:29,464 - INFO - [Economic Times] Attempt 1/2: Trying with 'requests_browser' strategy...
2026-08-04 19:15:30,200 - INFO - [Economic Times] Success with 'requests_browser'. Found content (165 words).
2026-08-04 19:15:33,099 - ERROR - Error saving article FM must rethink - The Economic Times: Hrana: `stream error: `Error { message: "SQLite error: UNIQUE constraint failed: articles.url", code: "SQLITE_CONSTRAINT" }``
2026-08-04 19:15:34,326 - INFO - [Economic Times] Article: https://economictimes.indiatimes.com/amalgamate-banks/articleshow/5645086.cms
2026-08-04 19:15:34,327 - INFO - [Economic Times] Attempt 1/2: Trying with 'requests_browser' strategy...
2026-08-04 19:15:35,290 - INFO - [Economic Times] Success with 'requests_browser'. Found content (270 words).
2026-08-04 19:15:35,360 - WARNING - [The Hindu] Page explicit wait timed out (3s). Proceeding anyway.
2026-08-04 19:15:38,099 - ERROR - Error saving article Amalgamate banks - The Economic Times: Hrana: `stream error: `Error { message: "SQLite error: UNIQUE constraint failed: articles.url", code: "SQLITE_CONSTRAINT" }``
2026-08-04 19:15:39,315 - INFO - [Economic Times] Article: https://economictimes.indiatimes.com/managing-data/articleshow/5117958.cms
2026-08-04 19:15:39,315 - INFO - [Economic Times] Attempt 1/2: Trying with 'requests_browser' strategy...
2026-08-04 19:15:40,360 - INFO - [Economic Times] Success with 'requests_browser'. Found content (146 words).
2026-08-04 19:15:43,145 - ERROR - [The Hindu] Request failed for strategy 'selenium_browser' on URL https://www.thehindu.com/news/national/cpi-mp-urges-pm-to-end-persecution-of-gen-z-protesters-by-government-supporters/article71306489.ece: Message: timeout: Timed out receiving message from renderer: 7.000
  (Session info: chrome=151.0.7922.71)
Stacktrace:
#0 0x55597691483a <unknown>
#1 0x555976287fc9 <unknown>
#2 0x55597626fa2f <unknown>
#3 0x55597626f6a6 <unknown>
#4 0x55597626d288 <unknown>
#5 0x55597626dc0f <unknown>
#6 0x55597627cd70 <unknown>
#7 0x555976296d37 <unknown>
#8 0x55597629e70b <unknown>
#9 0x55597626e369 <unknown>
#10 0x555976296a92 <unknown>
#11 0x555976326066 <unknown>
#12 0x5559762d0d32 <unknown>
#13 0x5559762d1bb1 <unknown>
#14 0x5559768d9bc0 <unknown>
#15 0x5559768d823a <unknown>
#16 0x5559768c2c65 <unknown>
#17 0x5559768d8efa <unknown>
#18 0x5559768aab60 <unknown>
#19 0x555976900218 <unknown>
#20 0x5559769003b5 <unknown>
#21 0x5559769133ee <unknown>
#22 0x7ff23b09caa4 <unknown>
#23 0x7ff23b129c6c <unknown>

2026-08-04 19:15:43,145 - ERROR - Error saving article Managing data - The Economic Times: Hrana: `stream error: `Error { message: "SQLite error: UNIQUE constraint failed: articles.url", code: "SQLITE_CONSTRAINT" }``
2026-08-04 19:15:43,145 - ERROR - [The Hindu] All scrape strategies failed for https://www.thehindu.com/news/national/cpi-mp-urges-pm-to-end-persecution-of-gen-z-protesters-by-government-supporters/article71306489.ece. Falling back to RSS description.
2026-08-04 19:15:43,145 - WARNING - SKIPPED (GLOBAL WORD LIMIT): Article 'CPI MP urges PM to end ‘persecution’ of Gen Z protesters by government supporters' from The Hindu has only 25 words (Min: 90).
2026-08-04 19:15:43,892 - INFO - [The Hindu] Article: https://www.thehindu.com/news/national/neet-ug-shift-to-computer-based-testing-under-active-consideration-centre-tells-sc/article71306863.ece
2026-08-04 19:15:43,892 - INFO - [The Hindu] Attempt 1/1: Trying with 'selenium_browser' strategy...
2026-08-04 19:15:44,234 - INFO - [Economic Times] Article: https://economictimes.indiatimes.com/right-technology/articleshow/5117957.cms
2026-08-04 19:15:44,234 - INFO - [Economic Times] Attempt 1/2: Trying with 'requests_browser' strategy...
2026-08-04 19:15:45,083 - INFO - [Economic Times] Success with 'requests_browser'. Found content (141 words).
2026-08-04 19:15:47,873 - ERROR - Error saving article Right technology - The Economic Times: Hrana: `stream error: `Error { message: "SQLite error: UNIQUE constraint failed: articles.url", code: "SQLITE_CONSTRAINT" }``
2026-08-04 19:15:48,607 - INFO - [Economic Times] Article: https://economictimes.indiatimes.com/et-search/articleshow/21646857.cms
2026-08-04 19:15:48,608 - INFO - [Economic Times] Attempt 1/2: Trying with 'requests_browser' strategy...
2026-08-04 19:15:49,990 - INFO - [Economic Times] Success with 'requests_browser'. Found content (101 words).
2026-08-04 19:15:52,791 - ERROR - Error saving article ET Search - The Economic Times: Hrana: `stream error: `Error { message: "SQLite error: UNIQUE constraint failed: articles.url", code: "SQLITE_CONSTRAINT" }``
2026-08-04 19:15:54,249 - INFO - [Economic Times] Article: https://economictimes.indiatimes.com/after-the-oscars-whats-next-for-silent-stars-of-the-artist/articleshow/12075465.cms
2026-08-04 19:15:54,249 - INFO - [Economic Times] Attempt 1/2: Trying with 'requests_browser' strategy...
2026-08-04 19:15:55,746 - INFO - [Economic Times] Success with 'requests_browser'. Found content (726 words).
2026-08-04 19:15:58,828 - ERROR - Error saving article After the Oscars, what's next for silent stars of The Artist? - The Economic Times: Hrana: `stream error: `Error { message: "SQLite error: UNIQUE constraint failed: articles.url", code: "SQLITE_CONSTRAINT" }``
2026-08-04 19:15:58,898 - WARNING - [The Hindu] Page get timed out (7s). Proceeding to grab partial source anyway.
2026-08-04 19:15:59,548 - INFO - [Economic Times] Article: https://economictimes.indiatimes.com/delhi-world-book-fair-a-fair-like-no-other/articleshow/12028630.cms
2026-08-04 19:15:59,548 - INFO - [Economic Times] Attempt 1/2: Trying with 'requests_browser' strategy...
2026-08-04 19:16:01,621 - INFO - [Economic Times] Success with 'requests_browser'. Found content (1938 words).
2026-08-04 19:16:04,490 - ERROR - Error saving article Delhi World Book fair: A fair like no other - The Economic Times: Hrana: `stream error: `Error { message: "SQLite error: UNIQUE constraint failed: articles.url", code: "SQLITE_CONSTRAINT" }``
2026-08-04 19:16:05,357 - INFO - [Economic Times] Article: https://economictimes.indiatimes.com/lk-advanis-gift-makes-its-way-to-state-department-exhibition-hall/articleshow/12017534.cms
2026-08-04 19:16:05,357 - INFO - [Economic Times] Attempt 1/2: Trying with 'requests_browser' strategy...
2026-08-04 19:16:05,907 - WARNING - [The Hindu] Page explicit wait timed out (3s). Proceeding anyway.
2026-08-04 19:16:07,341 - INFO - [Economic Times] Success with 'requests_browser'. Found content (519 words).
2026-08-04 19:16:10,176 - ERROR - Error saving article LK Advani's 'gift' makes its way to State Department exhibition hall - The Economic Times: Hrana: `stream error: `Error { message: "SQLite error: UNIQUE constraint failed: articles.url", code: "SQLITE_CONSTRAINT" }``
2026-08-04 19:16:10,813 - INFO - [Economic Times] Article: https://economictimes.indiatimes.com/india-meteorological-department-to-use-dynamic-models-for-forecasts/articleshow/11983844.cms
2026-08-04 19:16:10,813 - INFO - [Economic Times] Attempt 1/2: Trying with 'requests_browser' strategy...
2026-08-04 19:16:12,746 - INFO - [Economic Times] Success with 'requests_browser'. Found content (214 words).
2026-08-04 19:16:14,241 - ERROR - [The Hindu] Request failed for strategy 'selenium_browser' on URL https://www.thehindu.com/news/national/neet-ug-shift-to-computer-based-testing-under-active-consideration-centre-tells-sc/article71306863.ece: Message: timeout: Timed out receiving message from renderer: 7.000
  (Session info: chrome=151.0.7922.71)
Stacktrace:
#0 0x55597691483a <unknown>
#1 0x555976287fc9 <unknown>
#2 0x55597626fa2f <unknown>
#3 0x55597626f6a6 <unknown>
#4 0x55597626d288 <unknown>
#5 0x55597626dc0f <unknown>
#6 0x55597627cd70 <unknown>
#7 0x555976296d37 <unknown>
#8 0x55597629e70b <unknown>
#9 0x55597626e369 <unknown>
#10 0x555976296a92 <unknown>
#11 0x555976326066 <unknown>
#12 0x5559762d0d32 <unknown>
#13 0x5559762d1bb1 <unknown>
#14 0x5559768d9bc0 <unknown>
#15 0x5559768d823a <unknown>
#16 0x5559768c2c65 <unknown>
#17 0x5559768d8efa <unknown>
#18 0x5559768aab60 <unknown>
#19 0x555976900218 <unknown>
#20 0x5559769003b5 <unknown>
#21 0x5559769133ee <unknown>
#22 0x7ff23b09caa4 <unknown>
#23 0x7ff23b129c6c <unknown>

2026-08-04 19:16:14,688 - ERROR - [The Hindu] All scrape strategies failed for https://www.thehindu.com/news/national/neet-ug-shift-to-computer-based-testing-under-active-consideration-centre-tells-sc/article71306863.ece. Falling back to RSS description.
2026-08-04 19:16:14,688 - WARNING - SKIPPED (GLOBAL WORD LIMIT): Article 'NEET-UG shift to computer-based testing under active consideration, Centre tells SC' from The Hindu has only 23 words (Min: 90).
2026-08-04 19:16:15,585 - ERROR - Error saving article India Meteorological Department to use dynamic models for forecasts - The Economic Times: Hrana: `stream error: `Error { message: "SQLite error: UNIQUE constraint failed: articles.url", code: "SQLITE_CONSTRAINT" }``
2026-08-04 19:16:15,953 - INFO - [The Hindu] Article: https://www.thehindu.com/news/national/kerala/kudumbashree-to-organise-2000-onam-fairs-in-kerala/article71306135.ece
2026-08-04 19:16:15,953 - INFO - [The Hindu] Attempt 1/1: Trying with 'selenium_browser' strategy...
2026-08-04 19:16:16,728 - INFO - [Economic Times] Article: https://economictimes.indiatimes.com/documents-reveal-contents-of-the-first-telegraph-message-between-india-england/articleshow/11976488.cms
2026-08-04 19:16:16,728 - INFO - [Economic Times] Attempt 1/2: Trying with 'requests_browser' strategy...
2026-08-04 19:16:18,703 - INFO - [Economic Times] Success with 'requests_browser'. Found content (1476 words).
2026-08-04 19:16:21,521 - ERROR - Error saving article Documents reveal contents of the first telegraph message between India & England - The Economic Times: Hrana: `stream error: `Error { message: "SQLite error: UNIQUE constraint failed: articles.url", code: "SQLITE_CONSTRAINT" }``
2026-08-04 19:16:22,705 - INFO - [Economic Times] Article: https://economictimes.indiatimes.com/worried-amitabh-bachchan-fans-pray-to-lord-shiva-for-his-recovery/articleshow/11963187.cms
2026-08-04 19:16:22,706 - INFO - [Economic Times] Attempt 1/2: Trying with 'requests_browser' strategy...
2026-08-04 19:16:24,344 - INFO - [Economic Times] Success with 'requests_browser'. Found content (484 words).
2026-08-04 19:16:27,490 - ERROR - Error saving article Worried Amitabh Bachchan fans pray to Lord Shiva for his recovery - The Economic Times: Hrana: `stream error: `Error { message: "SQLite error: UNIQUE constraint failed: articles.url", code: "SQLITE_CONSTRAINT" }``
2026-08-04 19:16:28,090 - INFO - [Economic Times] Article: https://economictimes.indiatimes.com/opinion/interviews/every-decision-of-government-neednt-be-a-big-reform-anand-mahindra/articleshow/35919571.cms
2026-08-04 19:16:28,090 - INFO - [Economic Times] Attempt 1/2: Trying with 'requests_browser' strategy...
2026-08-04 19:16:29,971 - WARNING - [The Hindu] Page get timed out (7s). Proceeding to grab partial source anyway.
2026-08-04 19:16:31,441 - INFO - [Economic Times] Success with 'requests_browser'. Found content (2168 words).
2026-08-04 19:16:34,353 - ERROR - Error saving article Every decision of government neednât be a big reform: Anand Mahindra - The Economic Times: Hrana: `stream error: `Error { message: "SQLite error: UNIQUE constraint failed: articles.url", code: "SQLITE_CONSTRAINT" }``
2026-08-04 19:16:35,638 - INFO - [Economic Times] Article: https://economictimes.indiatimes.com/opinion/interviews/narendra-modi-has-his-eyes-set-on-boosting-business-joao-cravinho-eu-ambassador/articleshow/35973824.cms
2026-08-04 19:16:35,638 - INFO - [Economic Times] Attempt 1/2: Trying with 'requests_browser' strategy...
2026-08-04 19:16:36,981 - WARNING - [The Hindu] Page explicit wait timed out (3s). Proceeding anyway.
2026-08-04 19:16:39,034 - INFO - [Economic Times] Success with 'requests_browser'. Found content (898 words).
2026-08-04 19:16:41,838 - CRITICAL - --- TIMEOUT: 2 scrape jobs did not complete in 420s. ---
2026-08-04 19:16:41,838 - ERROR - Error saving article Narendra Modi has his eyes set on boosting business: Joao Cravinho, EU Ambassador - The Economic Times: Hrana: `stream error: `Error { message: "SQLite error: UNIQUE constraint failed: articles.url", code: "SQLITE_CONSTRAINT" }``
2026-08-04 19:16:41,838 - ERROR - A thread has timed out and will be abandoned.
2026-08-04 19:16:41,838 - ERROR - A thread has timed out and will be abandoned.
2026-08-04 19:16:41,838 - INFO - Shutting down thread pool (wait=False)...
2026-08-04 19:16:41,838 - INFO - Scraped: 0 BBC, 8 Al Jazeera, 0 TechCrunch, 0 Indian Express, 10 NDTV, 0 Wired, 6 Times of India, 2 Timed_Out_Jobs articles. (Total saved: 24)
2026-08-04 19:16:41,838 - INFO - --- Scraping job finished ---
2026-08-04 19:16:41,838 - INFO - --- Scraper service stopped. ---
2026-08-04 19:16:41,839 - INFO - --- Main thread finished. Forcing process exit to kill zombie threads. ---
