2026-09-27 01:12:07,097 - INFO - Loading AI Semantic Model (all-MiniLM-L6-v2)...
2026-09-27 01:12:07,097 - INFO - No device provided, using cpu
2026-09-27 01:12:07,200 - INFO - HTTP Request: GET https://huggingface.co/api/agent-harnesses "HTTP/1.1 200 OK"
2026-09-27 01:12:07,280 - INFO - HTTP Request: HEAD https://huggingface.co/sentence-transformers/all-MiniLM-L6-v2/resolve/main/modules.json "HTTP/1.1 307 Temporary Redirect"
2026-09-27 01:12:07,281 - WARNING - Warning: You are sending unauthenticated requests to the HF Hub. Please set a HF_TOKEN to enable higher rate limits and faster downloads.
2026-09-27 01:12:07,286 - INFO - HTTP Request: HEAD https://huggingface.co/api/resolve-cache/models/sentence-transformers/all-MiniLM-L6-v2/1110a243fdf4706b3f48f1d95db1a4f5529b4d41/modules.json?%2Fsentence-transformers%2Fall-MiniLM-L6-v2%2Fresolve%2Fmain%2Fmodules.json=&etag=%22952a9b81c0bfd99800fabf352f69c7ccd46c5e43%22 "HTTP/1.1 200 OK"
2026-09-27 01:12:07,362 - INFO - HTTP Request: HEAD https://huggingface.co/sentence-transformers/all-MiniLM-L6-v2/resolve/main/config_sentence_transformers.json "HTTP/1.1 307 Temporary Redirect"
2026-09-27 01:12:07,368 - INFO - HTTP Request: HEAD https://huggingface.co/api/resolve-cache/models/sentence-transformers/all-MiniLM-L6-v2/1110a243fdf4706b3f48f1d95db1a4f5529b4d41/config_sentence_transformers.json?%2Fsentence-transformers%2Fall-MiniLM-L6-v2%2Fresolve%2Fmain%2Fconfig_sentence_transformers.json=&etag=%22fd1b291129c607e5d49799f87cb219b27f98acdf%22 "HTTP/1.1 200 OK"
2026-09-27 01:12:07,369 - INFO - Loading SentenceTransformer model from sentence-transformers/all-MiniLM-L6-v2.
2026-09-27 01:12:07,443 - INFO - HTTP Request: HEAD https://huggingface.co/sentence-transformers/all-MiniLM-L6-v2/resolve/main/config_sentence_transformers.json "HTTP/1.1 307 Temporary Redirect"
2026-09-27 01:12:07,448 - INFO - HTTP Request: HEAD https://huggingface.co/api/resolve-cache/models/sentence-transformers/all-MiniLM-L6-v2/1110a243fdf4706b3f48f1d95db1a4f5529b4d41/config_sentence_transformers.json?%2Fsentence-transformers%2Fall-MiniLM-L6-v2%2Fresolve%2Fmain%2Fconfig_sentence_transformers.json=&etag=%22fd1b291129c607e5d49799f87cb219b27f98acdf%22 "HTTP/1.1 200 OK"
2026-09-27 01:12:07,523 - INFO - HTTP Request: HEAD https://huggingface.co/sentence-transformers/all-MiniLM-L6-v2/resolve/main/README.md "HTTP/1.1 307 Temporary Redirect"
2026-09-27 01:12:07,528 - INFO - HTTP Request: HEAD https://huggingface.co/api/resolve-cache/models/sentence-transformers/all-MiniLM-L6-v2/1110a243fdf4706b3f48f1d95db1a4f5529b4d41/README.md?%2Fsentence-transformers%2Fall-MiniLM-L6-v2%2Fresolve%2Fmain%2FREADME.md=&etag=%2244af2e3b0fa3a0b6239e48422972bf755f28fde0%22 "HTTP/1.1 200 OK"
2026-09-27 01:12:07,533 - INFO - HTTP Request: GET https://huggingface.co/api/resolve-cache/models/sentence-transformers/all-MiniLM-L6-v2/1110a243fdf4706b3f48f1d95db1a4f5529b4d41/README.md?%2Fsentence-transformers%2Fall-MiniLM-L6-v2%2Fresolve%2Fmain%2FREADME.md=&etag=%2244af2e3b0fa3a0b6239e48422972bf755f28fde0%22 "HTTP/1.1 200 OK"
2026-09-27 01:12:07,610 - INFO - HTTP Request: HEAD https://huggingface.co/sentence-transformers/all-MiniLM-L6-v2/resolve/main/modules.json "HTTP/1.1 307 Temporary Redirect"
2026-09-27 01:12:07,615 - INFO - HTTP Request: HEAD https://huggingface.co/api/resolve-cache/models/sentence-transformers/all-MiniLM-L6-v2/1110a243fdf4706b3f48f1d95db1a4f5529b4d41/modules.json?%2Fsentence-transformers%2Fall-MiniLM-L6-v2%2Fresolve%2Fmain%2Fmodules.json=&etag=%22952a9b81c0bfd99800fabf352f69c7ccd46c5e43%22 "HTTP/1.1 200 OK"
2026-09-27 01:12:07,690 - INFO - HTTP Request: HEAD https://huggingface.co/sentence-transformers/all-MiniLM-L6-v2/resolve/main/sentence_bert_config.json "HTTP/1.1 307 Temporary Redirect"
2026-09-27 01:12:07,695 - INFO - HTTP Request: HEAD https://huggingface.co/api/resolve-cache/models/sentence-transformers/all-MiniLM-L6-v2/1110a243fdf4706b3f48f1d95db1a4f5529b4d41/sentence_bert_config.json?%2Fsentence-transformers%2Fall-MiniLM-L6-v2%2Fresolve%2Fmain%2Fsentence_bert_config.json=&etag=%2259d594003bf59880a884c574bf88ef7555bb0202%22 "HTTP/1.1 200 OK"
2026-09-27 01:12:07,771 - INFO - HTTP Request: HEAD https://huggingface.co/sentence-transformers/all-MiniLM-L6-v2/resolve/main/adapter_config.json "HTTP/1.1 404 Not Found"
2026-09-27 01:12:07,849 - INFO - HTTP Request: HEAD https://huggingface.co/sentence-transformers/all-MiniLM-L6-v2/resolve/main/config.json "HTTP/1.1 307 Temporary Redirect"
2026-09-27 01:12:07,854 - INFO - HTTP Request: HEAD https://huggingface.co/api/resolve-cache/models/sentence-transformers/all-MiniLM-L6-v2/1110a243fdf4706b3f48f1d95db1a4f5529b4d41/config.json?%2Fsentence-transformers%2Fall-MiniLM-L6-v2%2Fresolve%2Fmain%2Fconfig.json=&etag=%2272b987fd805cfa2b58c4c8c952b274a11bfd5a00%22 "HTTP/1.1 200 OK"
2026-09-27 01:12:07,969 - INFO - HTTP Request: HEAD https://huggingface.co/sentence-transformers/all-MiniLM-L6-v2/resolve/main/model.safetensors "HTTP/1.1 302 Found"
2026-09-27 01:12:08,174 - INFO - HTTP Request: HEAD https://huggingface.co/sentence-transformers/all-MiniLM-L6-v2/resolve/main/processor_config.json "HTTP/1.1 404 Not Found"
2026-09-27 01:12:08,253 - INFO - HTTP Request: HEAD https://huggingface.co/sentence-transformers/all-MiniLM-L6-v2/resolve/main/preprocessor_config.json "HTTP/1.1 404 Not Found"
2026-09-27 01:12:08,327 - INFO - HTTP Request: HEAD https://huggingface.co/sentence-transformers/all-MiniLM-L6-v2/resolve/main/video_preprocessor_config.json "HTTP/1.1 404 Not Found"
2026-09-27 01:12:08,407 - INFO - HTTP Request: HEAD https://huggingface.co/sentence-transformers/all-MiniLM-L6-v2/resolve/main/preprocessor_config.json "HTTP/1.1 404 Not Found"
2026-09-27 01:12:08,486 - INFO - HTTP Request: HEAD https://huggingface.co/sentence-transformers/all-MiniLM-L6-v2/resolve/main/tokenizer_config.json "HTTP/1.1 307 Temporary Redirect"
2026-09-27 01:12:08,492 - INFO - HTTP Request: HEAD https://huggingface.co/api/resolve-cache/models/sentence-transformers/all-MiniLM-L6-v2/1110a243fdf4706b3f48f1d95db1a4f5529b4d41/tokenizer_config.json?%2Fsentence-transformers%2Fall-MiniLM-L6-v2%2Fresolve%2Fmain%2Ftokenizer_config.json=&etag=%22c79f2b6a0cea6f4b564fed1938984bace9d30ff0%22 "HTTP/1.1 200 OK"
2026-09-27 01:12:08,566 - INFO - HTTP Request: HEAD https://huggingface.co/sentence-transformers/all-MiniLM-L6-v2/resolve/main/config.json "HTTP/1.1 307 Temporary Redirect"
2026-09-27 01:12:08,571 - INFO - HTTP Request: HEAD https://huggingface.co/api/resolve-cache/models/sentence-transformers/all-MiniLM-L6-v2/1110a243fdf4706b3f48f1d95db1a4f5529b4d41/config.json?%2Fsentence-transformers%2Fall-MiniLM-L6-v2%2Fresolve%2Fmain%2Fconfig.json=&etag=%2272b987fd805cfa2b58c4c8c952b274a11bfd5a00%22 "HTTP/1.1 200 OK"
2026-09-27 01:12:08,648 - INFO - HTTP Request: HEAD https://huggingface.co/sentence-transformers/all-MiniLM-L6-v2/resolve/main/config.json "HTTP/1.1 307 Temporary Redirect"
2026-09-27 01:12:08,653 - INFO - HTTP Request: HEAD https://huggingface.co/api/resolve-cache/models/sentence-transformers/all-MiniLM-L6-v2/1110a243fdf4706b3f48f1d95db1a4f5529b4d41/config.json?%2Fsentence-transformers%2Fall-MiniLM-L6-v2%2Fresolve%2Fmain%2Fconfig.json=&etag=%2272b987fd805cfa2b58c4c8c952b274a11bfd5a00%22 "HTTP/1.1 200 OK"
2026-09-27 01:12:08,728 - INFO - HTTP Request: HEAD https://huggingface.co/sentence-transformers/all-MiniLM-L6-v2/resolve/main/tokenizer_config.json "HTTP/1.1 307 Temporary Redirect"
2026-09-27 01:12:08,733 - INFO - HTTP Request: HEAD https://huggingface.co/api/resolve-cache/models/sentence-transformers/all-MiniLM-L6-v2/1110a243fdf4706b3f48f1d95db1a4f5529b4d41/tokenizer_config.json?%2Fsentence-transformers%2Fall-MiniLM-L6-v2%2Fresolve%2Fmain%2Ftokenizer_config.json=&etag=%22c79f2b6a0cea6f4b564fed1938984bace9d30ff0%22 "HTTP/1.1 200 OK"
2026-09-27 01:12:08,815 - INFO - HTTP Request: GET https://huggingface.co/api/models/sentence-transformers/all-MiniLM-L6-v2/tree/main/additional_chat_templates?recursive=false&expand=false "HTTP/1.1 404 Not Found"
2026-09-27 01:12:08,890 - INFO - HTTP Request: GET https://huggingface.co/api/models/sentence-transformers/all-MiniLM-L6-v2/tree/main?recursive=true&expand=false "HTTP/1.1 200 OK"
2026-09-27 01:12:08,968 - INFO - HTTP Request: HEAD https://huggingface.co/sentence-transformers/all-MiniLM-L6-v2/resolve/main/vocab.txt "HTTP/1.1 307 Temporary Redirect"
2026-09-27 01:12:08,972 - INFO - HTTP Request: HEAD https://huggingface.co/api/resolve-cache/models/sentence-transformers/all-MiniLM-L6-v2/1110a243fdf4706b3f48f1d95db1a4f5529b4d41/vocab.txt?%2Fsentence-transformers%2Fall-MiniLM-L6-v2%2Fresolve%2Fmain%2Fvocab.txt=&etag=%22fb140275c155a9c7c5a3b3e0e77a9e839594a938%22 "HTTP/1.1 200 OK"
2026-09-27 01:12:09,069 - INFO - HTTP Request: HEAD https://huggingface.co/sentence-transformers/all-MiniLM-L6-v2/resolve/main/tokenizer.json "HTTP/1.1 307 Temporary Redirect"
2026-09-27 01:12:09,075 - INFO - HTTP Request: HEAD https://huggingface.co/api/resolve-cache/models/sentence-transformers/all-MiniLM-L6-v2/1110a243fdf4706b3f48f1d95db1a4f5529b4d41/tokenizer.json?%2Fsentence-transformers%2Fall-MiniLM-L6-v2%2Fresolve%2Fmain%2Ftokenizer.json=&etag=%22cb202bfe2e3c98645018a6d12f182a434c9d3e02%22 "HTTP/1.1 200 OK"
2026-09-27 01:12:09,150 - INFO - HTTP Request: HEAD https://huggingface.co/sentence-transformers/all-MiniLM-L6-v2/resolve/main/added_tokens.json "HTTP/1.1 404 Not Found"
2026-09-27 01:12:09,224 - INFO - HTTP Request: HEAD https://huggingface.co/sentence-transformers/all-MiniLM-L6-v2/resolve/main/special_tokens_map.json "HTTP/1.1 307 Temporary Redirect"
2026-09-27 01:12:09,229 - INFO - HTTP Request: HEAD https://huggingface.co/api/resolve-cache/models/sentence-transformers/all-MiniLM-L6-v2/1110a243fdf4706b3f48f1d95db1a4f5529b4d41/special_tokens_map.json?%2Fsentence-transformers%2Fall-MiniLM-L6-v2%2Fresolve%2Fmain%2Fspecial_tokens_map.json=&etag=%22e7b0375001f109a6b8873d756ad4f7bbb15fbaa5%22 "HTTP/1.1 200 OK"
2026-09-27 01:12:09,332 - INFO - HTTP Request: HEAD https://huggingface.co/sentence-transformers/all-MiniLM-L6-v2/resolve/main/chat_template.jinja "HTTP/1.1 404 Not Found"
2026-09-27 01:12:09,435 - INFO - HTTP Request: HEAD https://huggingface.co/sentence-transformers/all-MiniLM-L6-v2/resolve/main/1_Pooling/config.json "HTTP/1.1 307 Temporary Redirect"
2026-09-27 01:12:09,441 - INFO - HTTP Request: HEAD https://huggingface.co/api/resolve-cache/models/sentence-transformers/all-MiniLM-L6-v2/1110a243fdf4706b3f48f1d95db1a4f5529b4d41/1_Pooling%2Fconfig.json?%2Fsentence-transformers%2Fall-MiniLM-L6-v2%2Fresolve%2Fmain%2F1_Pooling%2Fconfig.json=&etag=%22d1514c3162bbe87b343f565fadc62e6c06f04f03%22 "HTTP/1.1 200 OK"
2026-09-27 01:12:09,516 - INFO - HTTP Request: HEAD https://huggingface.co/sentence-transformers/all-MiniLM-L6-v2/resolve/main/2_Normalize/config.json "HTTP/1.1 404 Not Found"
2026-09-27 01:12:09,598 - INFO - HTTP Request: GET https://huggingface.co/api/models/sentence-transformers/all-MiniLM-L6-v2 "HTTP/1.1 200 OK"
2026-09-27 01:12:09,601 - INFO - AI Model loaded successfully.
2026-09-27 01:12:09,601 - INFO - --- Scraper service started (CI Mode: Run Once) ---
2026-09-27 01:12:09,602 - INFO - --- Starting new scraping job (Parallel Mode) ---
2026-09-27 01:12:09,602 - INFO - Connecting to SQLite database...
2026-09-27 01:12:14,747 - INFO - Pre-calculating embeddings for 230 cached articles...
2026-09-27 01:12:27,942 - INFO - Cache built: 3243 URLs. Current MAX_ID: 126492
2026-09-27 01:12:27,943 - INFO - Creating new robust session with 3 retries on 5xx/connection/read errors.
2026-09-27 01:12:27,943 - INFO - Proxy is DISABLED.
2026-09-27 01:12:27,943 - INFO - [BBC] (Thread) requires Selenium. Initializing driver...
2026-09-27 01:12:27,943 - INFO - [Times of India] (Thread) requires Selenium. Initializing driver...
2026-09-27 01:12:27,944 - INFO - [The Hindu] (Thread) requires Selenium. Initializing driver...
2026-09-27 01:12:27,944 - INFO - [Al Jazeera] (Thread) requires Selenium. Initializing driver...
2026-09-27 01:12:27,945 - INFO - Starting scrape for TechCrunch RSS feed: https://techcrunch.com/feed/
2026-09-27 01:12:27,946 - INFO - [Economic Times] (Thread) requires Selenium. Initializing driver...
2026-09-27 01:12:27,947 - INFO - [Wired] (Thread) requires Selenium. Initializing driver...
2026-09-27 01:12:27,947 - INFO - [NDTV] (Thread) requires Selenium. Initializing driver...
2026-09-27 01:12:27,948 - INFO - [Indian Express] (Thread) requires Selenium. Initializing driver...
2026-09-27 01:12:27,948 - INFO - Submitted 9 jobs to thread pool. Waiting up to 420s for completion...
2026-09-27 01:12:29,565 - INFO - Found 0 articles in TechCrunch RSS feed. Processing until 8 new articles are saved.
2026-09-27 01:12:29,628 - INFO - Selenium driver initialized successfully (Eager load strategy, 7s timeout).
2026-09-27 01:12:29,628 - INFO - Starting scrape for NDTV RSS feed: https://feeds.feedburner.com/ndtvnews-top-stories
2026-09-27 01:12:29,780 - INFO - Selenium driver initialized successfully (Eager load strategy, 7s timeout).
2026-09-27 01:12:29,780 - INFO - Starting scrape for Indian Express RSS feed: https://indianexpress.com/feed/
2026-09-27 01:12:30,122 - INFO - Found 20 articles in NDTV RSS feed. Processing until 10 new articles are saved.
2026-09-27 01:12:30,122 - INFO - [NDTV] Early skip: URL https://www.ndtv.com/india-news/judicial-system-has-long-focused-on-accused-and-offence-chief-justice-surya-kant-12103256#publisher=newsstand already exists.
2026-09-27 01:12:30,129 - INFO - [NDTV] Early skip: URL https://www.ndtv.com/india-news/man-killed-during-clash-between-2-political-groups-in-bengals-medinipur-12103254#publisher=newsstand already exists.
2026-09-27 01:12:30,131 - INFO - [NDTV] Early skip: URL https://www.ndtv.com/world-news/at-un-russia-backs-indias-bid-for-permanent-security-council-seat-12103228#publisher=newsstand already exists.
2026-09-27 01:12:30,137 - INFO - [NDTV] Early skip: URL https://www.ndtv.com/world-news/cnn-says-white-house-didnt-allow-it-to-board-trumps-air-force-one-12103240#publisher=newsstand already exists.
2026-09-27 01:12:30,143 - INFO - [NDTV] Early skip: URL https://www.ndtv.com/world-news/somalian-force-rescues-us-sanctioned-tanker-sibu-1-seized-by-pirates-12099526#publisher=newsstand already exists.
2026-09-27 01:12:30,148 - INFO - [NDTV] Early skip: URL https://www.ndtv.com/india-news/judiciary-committed-to-protecting-students-right-to-protest-chief-justice-12103234#publisher=newsstand already exists.
2026-09-27 01:12:30,157 - INFO - [NDTV] Early skip: URL https://www.ndtv.com/india-news/pilot-body-seeks-scrutiny-of-technical-records-in-ai-171-crash-probe-12103231#publisher=newsstand already exists.
2026-09-27 01:12:30,161 - INFO - [NDTV] Early skip: URL https://www.ndtv.com/world-news/gunmen-open-fire-on-ambulance-rescuing-victims-of-pak-suicide-bombing-12103227#publisher=newsstand already exists.
2026-09-27 01:12:30,162 - INFO - [NDTV] Early skip: URL https://www.ndtv.com/india-news/gyanesh-kumar-election-commission-jiji-thomson-ex-kerala-chief-secretary-claims-gyanesh-kumar-offered-him-bjp-ticket-in-2016-12103221#publisher=newsstand already exists.
2026-09-27 01:12:30,163 - INFO - [NDTV] Early skip: URL https://www.ndtv.com/india-news/lady-shri-ram-students-back-at-campus-after-delhi-rape-anxiety-persists-12103212#publisher=newsstand already exists.
2026-09-27 01:12:30,169 - INFO - [NDTV] Early skip: URL https://www.ndtv.com/india-news/risky-overtake-flip-passenger-out-the-window-delhi-wagonr-crash-on-camera-12103205#publisher=newsstand already exists.
2026-09-27 01:12:30,172 - INFO - [NDTV] Early skip: URL https://www.ndtv.com/india-news/woman-flaunts-gold-cash-on-internet-robbers-leave-her-rs-1-crore-poorer-12103179#publisher=newsstand already exists.
2026-09-27 01:12:30,175 - INFO - [NDTV] Early skip: URL https://www.ndtv.com/india-news/bigg-boss-contestant-assaults-doctor-leaves-him-bleeding-for-rs-5-lakh-12102687#publisher=newsstand already exists.
2026-09-27 01:12:30,177 - INFO - [NDTV] Early skip: URL https://www.ndtv.com/india-news/file-defamation-case-if-report-untrue-kapil-sibal-on-election-commission-dissent-row-12103161#publisher=newsstand already exists.
2026-09-27 01:12:30,178 - INFO - [NDTV] Early skip: URL https://www.ndtv.com/world-news/serial-practitioner-of-terrorism-s-jaishankar-rips-into-pakistan-at-un-12103028#publisher=newsstand already exists.
2026-09-27 01:12:30,179 - INFO - [NDTV] Early skip: URL https://www.ndtv.com/india-news/temperature-drops-as-rain-hits-delhi-weather-office-issues-yellow-alert-12103095#publisher=newsstand already exists.
2026-09-27 01:12:30,181 - INFO - [NDTV] Early skip: URL https://www.ndtv.com/world-news/30-billion-tariff-cut-ai-dialogue-outcomes-of-trump-xi-meet-in-us-12103088#publisher=newsstand already exists.
2026-09-27 01:12:30,182 - INFO - [NDTV] Early skip: URL https://www.ndtv.com/india-news/up-elections-rahul-gandhi-akhilesh-yadav-congress-wants-150-seats-in-up-samajwadi-party-says-top-leaders-will-decide-12103066#publisher=newsstand already exists.
2026-09-27 01:12:30,188 - INFO - [NDTV] Early skip: URL https://www.ndtv.com/india-news/maharashtra-man-missing-after-falling-into-gorge-during-gangotri-gaumukh-trek-12103016#publisher=newsstand already exists.
2026-09-27 01:12:30,194 - INFO - [NDTV] Early skip: URL https://www.ndtv.com/world-news/us-iran-war-where-things-stand-after-trump-rejects-irans-hormuz-proposal-12103015#publisher=newsstand already exists.
2026-09-27 01:12:30,196 - INFO - [NDTV] (Thread) Finished. Attempting to shut down its Selenium driver.
2026-09-27 01:12:30,215 - INFO - Selenium driver initialized successfully (Eager load strategy, 7s timeout).
2026-09-27 01:12:30,215 - INFO - Starting scrape for Times of India RSS feed: https://timesofindia.indiatimes.com/rssfeeds/296589292.cms
2026-09-27 01:12:30,276 - ERROR - Failed to fetch Indian Express RSS feed: 403 Client Error: Forbidden for url: https://indianexpress.com/feed/
2026-09-27 01:12:30,276 - INFO - [Indian Express] (Thread) Finished. Attempting to shut down its Selenium driver.
2026-09-27 01:12:30,309 - INFO - Selenium driver initialized successfully (Eager load strategy, 7s timeout).
2026-09-27 01:12:30,309 - INFO - Starting scrape for Wired RSS feed: https://www.wired.com/feed/rss
2026-09-27 01:12:30,363 - INFO - [NDTV] (Thread) driver.quit() successful.
2026-09-27 01:12:30,475 - INFO - [Indian Express] (Thread) driver.quit() successful.
2026-09-27 01:12:30,475 - INFO - Selenium driver initialized successfully (Eager load strategy, 7s timeout).
2026-09-27 01:12:30,475 - INFO - Starting scrape for Al Jazeera RSS feed: https://www.aljazeera.com/xml/rss/all.xml
2026-09-27 01:12:30,729 - INFO - Found 20 articles in Times of India RSS feed. Processing until 20 new articles are saved.
2026-09-27 01:12:30,729 - INFO - [Times of India] Early skip: URL https://timesofindia.indiatimes.com/world/us/what-do-the-latest-us-visa-wait-times-reveal-hyderabad-mumbai-near-a-year-for-b1/b2-appointments-delhi-at-10-months/articleshow/134510034.cms already exists.
2026-09-27 01:12:30,733 - INFO - [Times of India] Early skip: URL https://timesofindia.indiatimes.com/world/us-streamers/kai-cenat-shares-plans-for-a-seven-wonders-streaming-tour-as-fans-accuse-him-of-copying-ishowspeed/articleshow/134509932.cms already exists.
2026-09-27 01:12:30,734 - INFO - [Times of India] Early skip: URL https://timesofindia.indiatimes.com/world/us/who-is-christos-marafatsos-the-greek-american-businessman-accompanying-kimberly-guilfoyle-to-key-meetings/articleshow/134509876.cms already exists.
2026-09-27 01:12:30,738 - INFO - [Times of India] Early skip: URL https://timesofindia.indiatimes.com/world/rest-of-world/indian-origin-woman-robbed-of-20000-worth-of-jewelry-during-evening-walk-in-canada-stranger-lady-touched-her-feet-hugged-swapped-gold-necklace-with-fake-in-seconds/articleshow/134509705.cms already exists.
2026-09-27 01:12:30,740 - INFO - [Times of India] Early skip: URL https://timesofindia.indiatimes.com/world/us-streamers/ishowspeed-opens-up-about-feeling-alone-despite-becoming-a-global-streaming-star/articleshow/134507559.cms already exists.
2026-09-27 01:12:30,742 - INFO - [Times of India] Early skip: URL https://timesofindia.indiatimes.com/world/us-streamers/drakes-girlfriend-pinkchyu-accidentally-lifted-the-curtain-on-her-private-life-during-n3ons-stream/articleshow/134508174.cms already exists.
2026-09-27 01:12:30,744 - INFO - [Times of India] Article: https://timesofindia.indiatimes.com/world/us/dale-earnhardt-jr-turned-the-woods-of-his-north-carolina-estate-into-a-motorsport-time-capsule-keeping-more-than-75-wrecked-race-cars-in-a-private-graveyard-beside-a-full-wild-west-style-town-he-built/articleshow/134484359.cms
2026-09-27 01:12:30,744 - INFO - [Times of India] Attempt 1/1: Trying with 'selenium_browser' strategy...
2026-09-27 01:12:30,822 - INFO - Selenium driver initialized successfully (Eager load strategy, 7s timeout).
2026-09-27 01:12:30,822 - INFO - Starting scrape for Economic Times RSS feed: https://economictimes.indiatimes.com/rssfeedsdefault.cms
2026-09-27 01:12:30,836 - INFO - Found 25 articles in Al Jazeera RSS feed. Processing until 8 new articles are saved.
2026-09-27 01:12:30,837 - INFO - [Al Jazeera] Article: https://www.aljazeera.com/video/newsfeed/2026/9/27/araghchi-ignores-trump-waits-for-mediators-response-on-hormuz?traffic_source=rss
2026-09-27 01:12:30,837 - INFO - [Al Jazeera] Attempt 1/2: Trying with 'requests_browser' strategy...
2026-09-27 01:12:30,849 - INFO - Selenium driver initialized successfully (Eager load strategy, 7s timeout).
2026-09-27 01:12:30,849 - INFO - Starting scrape for BBC RSS feed: http://feeds.bbci.co.uk/news/world/rss.xml
2026-09-27 01:12:30,876 - INFO - Selenium driver initialized successfully (Eager load strategy, 7s timeout).
2026-09-27 01:12:30,876 - INFO - Starting scrape for The Hindu RSS feed: https://www.thehindu.com/news/national/feeder/default.rss
2026-09-27 01:12:31,090 - INFO - Found 50 articles in Wired RSS feed. Processing until 10 new articles are saved.
2026-09-27 01:12:31,095 - INFO - [Wired] Early skip: URL https://www.wired.com/story/kernel-panic-old-timey-credit-card-scams/ already exists.
2026-09-27 01:12:31,110 - INFO - [Wired] Early skip: URL https://www.wired.com/gallery/best-white-elephant-gifts-2026/ already exists.
2026-09-27 01:12:31,111 - INFO - [Wired] Article: https://www.wired.com/story/best-mesh-wifi-routers/
2026-09-27 01:12:31,112 - INFO - [Wired] Attempt 1/2: Trying with 'requests_browser' strategy...
2026-09-27 01:12:31,135 - WARNING - [Al Jazeera] FAILED with 'requests_browser' (content was too short: 67 words).
2026-09-27 01:12:31,190 - INFO - Found 27 articles in BBC RSS feed. Processing until 10 new articles are saved.
2026-09-27 01:12:31,197 - INFO - [BBC] Early skip: URL https://www.bbc.co.uk/news/articles/cqgmrr9ekr7ko?at_medium=RSS&at_campaign=rss already exists.
2026-09-27 01:12:31,203 - INFO - [BBC] Early skip: URL https://www.bbc.co.uk/news/articles/cm4gjjwvvlzro?at_medium=RSS&at_campaign=rss already exists.
2026-09-27 01:12:31,204 - INFO - [BBC] Early skip: URL https://www.bbc.co.uk/news/articles/c6p3kk78l4l1o?at_medium=RSS&at_campaign=rss already exists.
2026-09-27 01:12:31,205 - INFO - [BBC] Early skip: URL https://www.bbc.co.uk/news/articles/cqm2mm4y5dkko?at_medium=RSS&at_campaign=rss already exists.
2026-09-27 01:12:31,212 - INFO - [BBC] Early skip: URL https://www.bbc.co.uk/news/articles/ck1wxxzn5jndo?at_medium=RSS&at_campaign=rss already exists.
2026-09-27 01:12:31,222 - INFO - [BBC] Early skip: URL https://www.bbc.co.uk/sport/football/articles/ckddvv5dn4eyo?at_medium=RSS&at_campaign=rss already exists.
2026-09-27 01:12:31,254 - INFO - [BBC] Early skip: URL https://www.bbc.co.uk/news/articles/cq4gmmdl52rgo?at_medium=RSS&at_campaign=rss already exists.
2026-09-27 01:12:31,258 - INFO - [BBC] Early skip: URL https://www.bbc.co.uk/news/articles/ck1wxx8n2x3zo?at_medium=RSS&at_campaign=rss already exists.
2026-09-27 01:12:31,259 - INFO - [BBC] Early skip: URL https://www.bbc.co.uk/news/articles/cq4g55r76d9lo?at_medium=RSS&at_campaign=rss already exists.
2026-09-27 01:12:31,260 - INFO - [BBC] Early skip: URL https://www.bbc.co.uk/news/articles/c914ddj21rzlo?at_medium=RSS&at_campaign=rss already exists.
2026-09-27 01:12:31,262 - INFO - [BBC] Early skip: URL https://www.bbc.co.uk/news/articles/c3vgyyj8q807o?at_medium=RSS&at_campaign=rss already exists.
2026-09-27 01:12:31,264 - INFO - [BBC] Early skip: URL https://www.bbc.co.uk/news/articles/cxq633770y16o?at_medium=RSS&at_campaign=rss already exists.
2026-09-27 01:12:31,267 - INFO - Found 60 articles in The Hindu RSS feed. Processing until 20 new articles are saved.
2026-09-27 01:12:31,268 - INFO - [BBC] Early skip: URL https://www.bbc.co.uk/news/articles/cm2l8qv7zppko?at_medium=RSS&at_campaign=rss already exists.
2026-09-27 01:12:31,271 - INFO - [BBC] Early skip: URL https://www.bbc.co.uk/news/articles/cw62jje658dlo?at_medium=RSS&at_campaign=rss already exists.
2026-09-27 01:12:31,270 - INFO - [The Hindu] Article: https://www.thehindu.com/news/national/west-bengal/23-ips-transferred-in-a-latest-rejig-in-west-bengal-police/article71513407.ece
2026-09-27 01:12:31,272 - INFO - [The Hindu] Attempt 1/1: Trying with 'selenium_browser' strategy...
2026-09-27 01:12:31,275 - INFO - [BBC] Early skip: URL https://www.bbc.co.uk/news/articles/c84gkwgk7d06o?at_medium=RSS&at_campaign=rss already exists.
2026-09-27 01:12:31,277 - INFO - [BBC] Early skip: URL https://www.bbc.co.uk/sport/football/articles/c962jjl18g3ro?at_medium=RSS&at_campaign=rss already exists.
2026-09-27 01:12:31,278 - INFO - [BBC] Early skip: URL https://www.bbc.co.uk/news/articles/cm4gjjlgzdjgo?at_medium=RSS&at_campaign=rss already exists.
2026-09-27 01:12:31,279 - ERROR - parsed tree length: 1, wrong data type or not valid HTML
2026-09-27 01:12:31,279 - ERROR - empty HTML tree: None
2026-09-27 01:12:31,282 - INFO - [BBC] Early skip: URL https://www.bbc.co.uk/news/articles/ck05rrj3jeylo?at_medium=RSS&at_campaign=rss already exists.
2026-09-27 01:12:31,282 - WARNING - discarding data: None
2026-09-27 01:12:31,282 - WARNING - [Wired] FAILED with 'requests_browser' (content was too short: 0 words).
2026-09-27 01:12:31,285 - INFO - [BBC] Early skip: URL https://www.bbc.co.uk/news/articles/cwddvv44091vo?at_medium=RSS&at_campaign=rss already exists.
2026-09-27 01:12:31,287 - INFO - [BBC] Early skip: URL https://www.bbc.co.uk/news/articles/cm5ydvww0erdo?at_medium=RSS&at_campaign=rss already exists.
2026-09-27 01:12:31,288 - INFO - [BBC] Early skip: URL https://www.bbc.co.uk/news/articles/cjn5ddzekwnro?at_medium=RSS&at_campaign=rss already exists.
2026-09-27 01:12:31,291 - INFO - [BBC] Early skip: URL https://www.bbc.co.uk/news/articles/cmx2zlqeje9zo?at_medium=RSS&at_campaign=rss already exists.
2026-09-27 01:12:31,294 - INFO - [BBC] Early skip: URL https://www.bbc.co.uk/news/articles/c6d94wywx0ypo?at_medium=RSS&at_campaign=rss already exists.
2026-09-27 01:12:31,296 - INFO - [BBC] Early skip: URL https://www.bbc.co.uk/news/videos/cwp933mr9v1xo?at_medium=RSS&at_campaign=rss already exists.
2026-09-27 01:12:31,297 - INFO - [BBC] Early skip: URL https://www.bbc.co.uk/news/videos/ckq633lm11jeo?at_medium=RSS&at_campaign=rss already exists.
2026-09-27 01:12:31,298 - INFO - [BBC] Early skip: URL https://www.bbc.co.uk/news/videos/cq14d142p08do?at_medium=RSS&at_campaign=rss already exists.
2026-09-27 01:12:31,300 - INFO - [BBC] Early skip: URL https://www.bbc.co.uk/news/videos/c3qjkxk58y02o?at_medium=RSS&at_campaign=rss already exists.
2026-09-27 01:12:31,301 - INFO - [BBC] (Thread) Finished. Attempting to shut down its Selenium driver.
2026-09-27 01:12:31,412 - INFO - [BBC] (Thread) driver.quit() successful.
2026-09-27 01:12:31,464 - INFO - Found 76 articles in Economic Times RSS feed. Processing until 20 new articles are saved.
2026-09-27 01:12:31,464 - INFO - [Economic Times] Early skip: URL https://economictimes.indiatimes.com/markets/ipos/fpos/j-infratech-files-ipo-papers-eyes-rs-600-cr-via-fresh-issue/articleshow/134502249.cms already exists.
2026-09-27 01:12:31,467 - INFO - [Economic Times] Early skip: URL https://economictimes.indiatimes.com/markets/expert-view/fo-talk-23270-is-a-key-nifty-hurdle-sudeep-shah-picks-5-stocks-discusses-pb-fintech-turtlemint-strategy/articleshow/134501331.cms already exists.
2026-09-27 01:12:31,469 - INFO - [Economic Times] Early skip: URL https://economictimes.indiatimes.com/markets/cryptocurrency/bitcoin-rebounds-strongly-this-week-trades-near-84000-after-climbing-above-86000-here-is-what-experts-say/articleshow/134500992.cms already exists.
2026-09-27 01:12:31,473 - INFO - [Economic Times] Early skip: URL https://economictimes.indiatimes.com/markets/stocks/news/fiis-mfs-raise-stakes-in-10-stocks-shares-gain-up-to-40-in-3-months/slideshow/134500775.cms already exists.
2026-09-27 01:12:31,475 - INFO - [Economic Times] Early skip: URL https://economictimes.indiatimes.com/mf/analysis/these-5-sifs-have-delivered-over-10-returns-since-their-inception-check-inception-date-and-performance/slideshow/134500639.cms already exists.
2026-09-27 01:12:31,476 - INFO - [Economic Times] Early skip: URL https://economictimes.indiatimes.com/markets/ipos/fpos/vishal-nirmiti-ipo-to-open-on-sep-30-price-band-fixed-at-rs-208-220/articleshow/134500328.cms already exists.
2026-09-27 01:12:31,477 - INFO - [Economic Times] Article: https://economictimes.indiatimes.com/news/economy/policy/rbi-special-windows-seen-big-enough-to-bring-in-100b/articleshow/132813309.cms
2026-09-27 01:12:31,478 - INFO - [Economic Times] Attempt 1/2: Trying with 'requests_browser' strategy...
2026-09-27 01:12:32,023 - INFO - [Al Jazeera] Article: https://www.aljazeera.com/video/newsfeed/2026/9/27/araghchi-ignores-trump-waits-for-mediators-response-on-hormuz?traffic_source=rss
2026-09-27 01:12:32,023 - INFO - [Al Jazeera] Attempt 2/2: Trying with 'selenium_browser' strategy...
2026-09-27 01:12:32,178 - INFO - [Wired] Article: https://www.wired.com/story/best-mesh-wifi-routers/
2026-09-27 01:12:32,178 - INFO - [Wired] Attempt 2/2: Trying with 'selenium_browser' strategy...
2026-09-27 01:12:33,238 - INFO - [Economic Times] Success with 'requests_browser'. Found content (322 words).
2026-09-27 01:12:36,452 - ERROR - Error saving article RBI special windows seen big enough to bring in $100B - The Economic Times: Hrana: `stream error: `Error { message: "SQLite error: UNIQUE constraint failed: articles.url", code: "SQLITE_CONSTRAINT" }``
2026-09-27 01:12:36,845 - INFO - [Al Jazeera] Page content loaded.
2026-09-27 01:12:37,294 - WARNING - [Al Jazeera] FAILED with 'selenium_browser' (content was too short: 67 words).
2026-09-27 01:12:37,294 - ERROR - [Al Jazeera] All scrape strategies failed for https://www.aljazeera.com/video/newsfeed/2026/9/27/araghchi-ignores-trump-waits-for-mediators-response-on-hormuz?traffic_source=rss. Falling back to RSS description.
2026-09-27 01:12:37,294 - WARNING - SKIPPED (GLOBAL WORD LIMIT): Article 'Araghchi ignores Trump, waits for mediators’ response on Hormuz' from Al Jazeera has only 21 words (Min: 90).
2026-09-27 01:12:37,295 - INFO - [Economic Times] Article: https://economictimes.indiatimes.com/news/economy/foreign-trade/india-canada-aim-to-conclude-cepa-trade-pact-by-end-2026-mea/articleshow/132813105.cms
2026-09-27 01:12:37,296 - INFO - [Economic Times] Attempt 1/2: Trying with 'requests_browser' strategy...
2026-09-27 01:12:38,236 - INFO - [Economic Times] Success with 'requests_browser'. Found content (209 words).
2026-09-27 01:12:38,448 - INFO - [Al Jazeera] Article: https://www.aljazeera.com/news/liveblog/2026/9/27/iran-war-live-tehran-awaits-official-response-as-trump-rejects-hormuz-plan?traffic_source=rss
2026-09-27 01:12:38,448 - INFO - [Al Jazeera] Attempt 1/2: Trying with 'requests_browser' strategy...
2026-09-27 01:12:38,790 - INFO - [Al Jazeera] Success with 'requests_browser'. Found content (93 words).
2026-09-27 01:12:40,771 - WARNING - [The Hindu] Page get timed out (7s). Proceeding to grab partial source anyway.
2026-09-27 01:12:42,187 - INFO - [The Hindu] Page content loaded.
2026-09-27 01:12:42,191 - ERROR - Error saving article India, Canada aim to conclude CEPA trade pact by end-2026: MEA - The Economic Times: Hrana: `stream error: `Error { message: "SQLite error: UNIQUE constraint failed: articles.url", code: "SQLITE_CONSTRAINT" }``
2026-09-27 01:12:42,704 - INFO - DEDUPLICATION: Found match (Score: 0.89). Linking to Cluster ID: e5126689-e624-4c7f-930d-3fbb44dbdba5
2026-09-27 01:12:44,088 - INFO - [Economic Times] Article: https://economictimes.indiatimes.com/news/economy/infrastructure/govts-urban-reset-centre-divides-ministry-of-housing-and-urban-affairs-into-two-specialised-verticals/articleshow/132812900.cms
2026-09-27 01:12:44,088 - INFO - [Economic Times] Attempt 1/2: Trying with 'requests_browser' strategy...
2026-09-27 01:12:45,821 - INFO - >>> SUCCESSFULLY SAVED [ID: 126495] - Iran war live: Tehran awaits official response as Trump rejects Hormuz plan | US-Israel war on Iran News | Al Jazeera from Al Jazeera (93 words)
2026-09-27 01:12:46,267 - WARNING - [Times of India] Page explicit wait timed out (3s). Proceeding anyway.
2026-09-27 01:12:46,300 - INFO - [Economic Times] Success with 'requests_browser'. Found content (251 words).
2026-09-27 01:12:48,116 - INFO - [Al Jazeera] Article: https://www.aljazeera.com/video/newsfeed/2026/9/26/pezeshkian-says-iran-no-longer-trusts-talks-with?traffic_source=rss
2026-09-27 01:12:49,534 - INFO - [Al Jazeera] Attempt 1/2: Trying with 'requests_browser' strategy...
2026-09-27 01:12:49,583 - ERROR - Error saving article Govt's urban reset: Centre divides ministry of Housing and Urban Affairs into two specialised verticals - The Economic Times: Hrana: `stream error: `Error { message: "SQLite error: UNIQUE constraint failed: articles.url", code: "SQLITE_CONSTRAINT" }``
2026-09-27 01:12:49,867 - WARNING - [Al Jazeera] FAILED with 'requests_browser' (content was too short: 68 words).
2026-09-27 01:12:50,003 - WARNING - [The Hindu] FAILED with 'selenium_browser' (content was too short: 81 words).
2026-09-27 01:12:50,006 - ERROR - [The Hindu] All scrape strategies failed for https://www.thehindu.com/news/national/west-bengal/23-ips-transferred-in-a-latest-rejig-in-west-bengal-police/article71513407.ece. Falling back to RSS description.
2026-09-27 01:12:50,007 - WARNING - SKIPPED (GLOBAL WORD LIMIT): Article '23 IPS transferred in a latest rejig in West Bengal police' from The Hindu has only 3 words (Min: 90).
2026-09-27 01:12:50,302 - INFO - [Times of India] Success with 'selenium_browser'. Found content (1027 words).
2026-09-27 01:12:51,088 - INFO - [Economic Times] Article: https://economictimes.indiatimes.com/news/economy/foreign-trade/india-uk-ceta-takes-effect-first-zero-duty-indian-coffee-jewellery-consignments-reach-uk-shores/articleshow/132442764.cms
2026-09-27 01:12:51,088 - INFO - [Economic Times] Attempt 1/2: Trying with 'requests_browser' strategy...
2026-09-27 01:12:51,093 - INFO - [Al Jazeera] Article: https://www.aljazeera.com/video/newsfeed/2026/9/26/pezeshkian-says-iran-no-longer-trusts-talks-with?traffic_source=rss
2026-09-27 01:12:51,102 - INFO - [Al Jazeera] Attempt 2/2: Trying with 'selenium_browser' strategy...
2026-09-27 01:12:51,140 - INFO - [The Hindu] Article: https://www.thehindu.com/news/national/maharashtra/mns-and-shiv-sena-ubt-to-hold-join-protest-on-october-4-against-eci/article71514206.ece
2026-09-27 01:12:51,140 - INFO - [The Hindu] Attempt 1/1: Trying with 'selenium_browser' strategy...
2026-09-27 01:12:54,588 - INFO - >>> SUCCESSFULLY SAVED [ID: 126497] - Dale Earnhardt Jr. turned the woods of his North Carolina estate into a motorsport time capsule, keeping more than 75 wrecked race cars in a private graveyard beside a full Wild West-style town he built - The Times of India from Times of India (1027 words)
2026-09-27 01:12:54,653 - INFO - [Economic Times] Success with 'requests_browser'. Found content (946 words).
2026-09-27 01:12:56,397 - INFO - [Times of India] Early skip: URL https://timesofindia.indiatimes.com/world/us/after-daunte-wrights-2021-death-a-gofundme-raised-about-1-04-million-a-year-later-the-mother-of-his-only-child-sued-his-parents-and-ben-crump-alleging-the-boy-received-none-of-the-money-promised-for-his-support/articleshow/134484579.cms already exists.
2026-09-27 01:12:56,399 - INFO - [Times of India] Early skip: URL https://timesofindia.indiatimes.com/world/us/a-pennsylvania-grandfather-built-a-backyard-amusement-park-with-a-105-foot-waterslide-go-kart-track-and-vintage-carousel-his-24700-roller-coaster-then-triggered-a-zoning-fight/articleshow/134482153.cms already exists.
2026-09-27 01:12:56,401 - INFO - [Times of India] Early skip: URL https://timesofindia.indiatimes.com/world/us/meet-jessica-lee-17-year-old-honolulu-high-school-senior-who-logged-420-hours-of-volunteer-service-competed-in-varsity-golf-and-completed-a-multi-day-expedition-before-earning-the-us-congresss-highest-youth-award/articleshow/134504756.cms already exists.
2026-09-27 01:12:56,866 - INFO - [Times of India] Early skip: URL https://timesofindia.indiatimes.com/world/uk/three-siblings-in-essex-cut-down-their-neighbours-33-foot-leylandii-trees-after-a-boundary-row-the-dispute-ended-with-about-30500-in-damages-and-178668-in-the-neighbours-legal-costs/articleshow/134481099.cms already exists.
2026-09-27 01:12:56,867 - INFO - [Times of India] Early skip: URL https://timesofindia.indiatimes.com/world/us/a-library-card-is-becoming-an-unexpected-money-saving-tool-in-us-one-chicago-area-library-partnered-with-local-businesses-for-discounts-while-brooklyn-added-150018-cardholders-through-august-up-16-from-2-years-earlier/articleshow/134504661.cms already exists.
2026-09-27 01:12:57,808 - INFO - [Wired] Page content loaded.
2026-09-27 01:12:57,809 - INFO - [Times of India] Early skip: URL https://timesofindia.indiatimes.com/world/us/in-2017-four-artists-paid-95000-to-save-nina-simones-childhood-home-from-demolition-eight-years-later-a-nearly-850000-rehabilitation-restored-the-three-room-north-carolina-house/articleshow/134477648.cms already exists.
2026-09-27 01:12:57,809 - ERROR - Error saving article India-UK CETA takes effect: First zero-duty Indian coffee, jewellery consignments reach UK shores - The Economic Times: Hrana: `stream error: `Error { message: "SQLite error: UNIQUE constraint failed: articles.url", code: "SQLITE_CONSTRAINT" }``
2026-09-27 01:12:57,810 - INFO - [Times of India] Early skip: URL https://timesofindia.indiatimes.com/world/us/an-iowa-company-thought-it-was-paying-legitimate-vendor-invoices-and-transferred-more-than-800000-to-a-scammer-controlled-account-four-years-later-the-us-government-has-recovered-about-375000/articleshow/134478293.cms already exists.
2026-09-27 01:12:57,811 - INFO - [Times of India] Early skip: URL https://timesofindia.indiatimes.com/world/china/stop-using-threats-china-takes-veiled-shot-at-us-over-cuba-iran-in-sharply-critical-un-speech/articleshow/134507178.cms already exists.
2026-09-27 01:12:57,813 - INFO - [Times of India] Early skip: URL https://timesofindia.indiatimes.com/world/us/shocking-revelation-in-mississippi-black-womans-death-tasia-fortune-was-killed-before-body-was-hung-from-tree-police-say-drug-dispute-suspected/articleshow/134506996.cms already exists.
2026-09-27 01:12:57,814 - INFO - [Times of India] Early skip: URL https://timesofindia.indiatimes.com/world/us/missouri-teacher-loses-job-after-onlyfans-account-discovered-says-its-been-there-for-years-someone-must-have-searched-for-it/articleshow/134506336.cms already exists.
2026-09-27 01:12:57,815 - INFO - [Times of India] Early skip: URL https://timesofindia.indiatimes.com/world/rest-of-world/how-taiwans-silicon-shield-has-kept-it-safe-from-china-indispensable-to-us-in-age-of-ai/articleshow/134506155.cms already exists.
2026-09-27 01:12:57,817 - INFO - [Times of India] Early skip: URL https://timesofindia.indiatimes.com/world/us/i-am-king-tutankhamun-pittsburgh-doctor-murder-suspect-elijah-hemingway-told-police-he-was-not-a-physical-being-during-bizarre-florida-incident-in-past/articleshow/134505860.cms already exists.
2026-09-27 01:12:57,821 - INFO - [Times of India] Early skip: URL https://timesofindia.indiatimes.com/world/us/visa-revoked-for-one-day-overstay-in-the-us-nri-shares-mother-in-laws-case-they-got-to-know-after-a-year/articleshow/134505415.cms already exists.
2026-09-27 01:12:57,823 - INFO - [Times of India] (Thread) Finished. Attempting to shut down its Selenium driver.
2026-09-27 01:12:58,159 - INFO - [Times of India] (Thread) driver.quit() successful.
2026-09-27 01:12:58,458 - INFO - [Al Jazeera] Page content loaded.
2026-09-27 01:12:58,462 - INFO - [Economic Times] Article: https://economictimes.indiatimes.com/news/economy/foreign-trade/from-oman-to-tanzania-how-the-iran-war-is-redrawing-indias-trade-map/articleshow/131762760.cms
2026-09-27 01:12:58,462 - INFO - [Economic Times] Attempt 1/2: Trying with 'requests_browser' strategy...
2026-09-27 01:12:58,698 - WARNING - [Al Jazeera] FAILED with 'selenium_browser' (content was too short: 68 words).
2026-09-27 01:12:58,699 - ERROR - [Al Jazeera] All scrape strategies failed for https://www.aljazeera.com/video/newsfeed/2026/9/26/pezeshkian-says-iran-no-longer-trusts-talks-with?traffic_source=rss. Falling back to RSS description.
2026-09-27 01:12:58,699 - WARNING - SKIPPED (GLOBAL WORD LIMIT): Article 'Pezeshkian says Iran ‘no longer trusts talks with Washington’' from Al Jazeera has only 16 words (Min: 90).
2026-09-27 01:12:58,917 - INFO - [The Hindu] Page content loaded.
2026-09-27 01:12:59,307 - INFO - [Economic Times] Success with 'requests_browser'. Found content (378 words).
2026-09-27 01:12:59,851 - WARNING - [The Hindu] FAILED with 'selenium_browser' (content was too short: 74 words).
2026-09-27 01:12:59,868 - ERROR - [The Hindu] All scrape strategies failed for https://www.thehindu.com/news/national/maharashtra/mns-and-shiv-sena-ubt-to-hold-join-protest-on-october-4-against-eci/article71514206.ece. Falling back to RSS description.
2026-09-27 01:12:59,868 - WARNING - SKIPPED (GLOBAL WORD LIMIT): Article 'MNS and Shiv Sena (UBT) to hold join protest on October 4 against ECI' from The Hindu has only 39 words (Min: 90).
2026-09-27 01:12:59,954 - INFO - [Al Jazeera] Article: https://www.aljazeera.com/news/2026/9/26/four-american-tourists-among-6-killed-in-suspected-gas-leak-blast-in-athens?traffic_source=rss
2026-09-27 01:12:59,954 - INFO - [Al Jazeera] Attempt 1/2: Trying with 'requests_browser' strategy...
2026-09-27 01:13:01,385 - INFO - [The Hindu] Article: https://www.thehindu.com/news/national/jammu-and-kashmir/mehbooba-mufti-appeals-to-secular-minded-people-to-join-protest-at-delhis-jantar-mantar-on-september-29/article71512684.ece
2026-09-27 01:13:01,835 - INFO - [The Hindu] Attempt 1/1: Trying with 'selenium_browser' strategy...
2026-09-27 01:13:02,779 - ERROR - Error saving article From Oman to Tanzania: How the Iran war is redrawing India’s trade map - The Economic Times: Hrana: `stream error: `Error { message: "SQLite error: UNIQUE constraint failed: articles.url", code: "SQLITE_CONSTRAINT" }``
2026-09-27 01:13:02,975 - INFO - [Al Jazeera] Success with 'requests_browser'. Found content (425 words).
2026-09-27 01:13:04,641 - INFO - [Economic Times] Article: https://economictimes.indiatimes.com/news/economy/policy/fm-sitharaman-flags-global-crisis-spillovers-unfair-burden-on-developing-nations/articleshow/131668427.cms
2026-09-27 01:13:04,641 - INFO - [Economic Times] Attempt 1/2: Trying with 'requests_browser' strategy...
2026-09-27 01:13:06,315 - INFO - >>> SUCCESSFULLY SAVED [ID: 126500] - Four American tourists among 6 killed in suspected gas leak blast in Athens | News | Al Jazeera from Al Jazeera (425 words)
2026-09-27 01:13:06,372 - INFO - [The Hindu] Page content loaded.
2026-09-27 01:13:06,432 - INFO - [Wired] Success with 'selenium_browser'. Found content (9162 words).
2026-09-27 01:13:06,788 - INFO - [Economic Times] Success with 'requests_browser'. Found content (310 words).
2026-09-27 01:13:06,984 - INFO - [The Hindu] Success with 'selenium_browser'. Found content (99 words).
2026-09-27 01:13:08,901 - INFO - [Al Jazeera] Article: https://www.aljazeera.com/news/2026/9/26/powerful-storm-brings-flooding-power-outages-to-northeastern-united-states?traffic_source=rss
2026-09-27 01:13:08,902 - INFO - [Al Jazeera] Attempt 1/2: Trying with 'requests_browser' strategy...
2026-09-27 01:13:10,084 - ERROR - Error saving article Best Mesh Wi-Fi Systems (2026): I Tested Them All | WIRED: Hrana: `stream error: `Error { message: "SQLite error: UNIQUE constraint failed: articles.url", code: "SQLITE_CONSTRAINT" }``
2026-09-27 01:13:10,133 - INFO - [Al Jazeera] Success with 'requests_browser'. Found content (395 words).
2026-09-27 01:13:12,243 - INFO - [Wired] Early skip: URL https://www.wired.com/story/meta-muse-is-adults-only-why-does-it-look-like-a-cute-kids-toy/ already exists.
2026-09-27 01:13:13,145 - ERROR - Error saving article FM Sitharaman flags global crisis spillovers, unfair burden on developing nations - The Economic Times: Hrana: `stream error: `Error { message: "SQLite error: UNIQUE constraint failed: articles.url", code: "SQLITE_CONSTRAINT" }``
2026-09-27 01:13:13,145 - INFO - [Wired] Early skip: URL https://www.wired.com/story/tuck-browser-extension-lets-you-snooze-open-tabs-until-later/ already exists.
2026-09-27 01:13:13,147 - INFO - [Wired] Early skip: URL https://www.wired.com/story/gravitational-struggle-deep-in-earth-is-changing-length-of-days/ already exists.
2026-09-27 01:13:13,148 - INFO - [Wired] Early skip: URL https://www.wired.com/story/amazon-prime-day-early-deals-09-26-2026/ already exists.
2026-09-27 01:13:13,150 - INFO - [Wired] Early skip: URL https://www.wired.com/story/quince-wants-to-be-your-new-away-luggage/ already exists.
2026-09-27 01:13:13,151 - INFO - [Wired] Early skip: URL https://www.wired.com/story/thieves-stole-nvidia-trailers-they-got-20-tons-of-sand/ already exists.
2026-09-27 01:13:13,152 - INFO - [Wired] Early skip: URL https://www.wired.com/story/appeals-court-lets-the-pentagon-designate-anthropic-a-supply-chain-risk/ already exists.
2026-09-27 01:13:13,153 - INFO - [Wired] Early skip: URL https://www.wired.com/story/war-bros-didnt-always-rule-silicon-valley/ already exists.
2026-09-27 01:13:13,155 - INFO - [Wired] Early skip: URL https://www.wired.com/story/trump-administration-is-trying-to-get-musk-and-x-out-of-a-dollar137-million-eu-fine/ already exists.
2026-09-27 01:13:13,156 - INFO - [Wired] Article: https://www.wired.com/story/best-laptops/
2026-09-27 01:13:13,156 - INFO - [Wired] Attempt 1/2: Trying with 'requests_browser' strategy...
2026-09-27 01:13:16,043 - INFO - [Economic Times] Article: https://economictimes.indiatimes.com/tech/technology/apple-faces-indian-engineers-bias-lawsuit/articleshow/81694292.cms
2026-09-27 01:13:16,043 - INFO - [Economic Times] Attempt 1/2: Trying with 'requests_browser' strategy...
2026-09-27 01:13:16,303 - INFO - >>> SUCCESSFULLY SAVED [ID: 126503] - Mehbooba Mufti appeals to 'secular-minded' people to join protest at Delhi's Jantar Mantar on September 29 - The Hindu from The Hindu (99 words)
2026-09-27 01:13:16,322 - ERROR - parsed tree length: 1, wrong data type or not valid HTML
2026-09-27 01:13:16,322 - ERROR - empty HTML tree: None
2026-09-27 01:13:16,322 - WARNING - discarding data: None
2026-09-27 01:13:16,322 - WARNING - [Wired] FAILED with 'requests_browser' (content was too short: 0 words).
2026-09-27 01:13:18,235 - INFO - [Wired] Article: https://www.wired.com/story/best-laptops/
2026-09-27 01:13:18,235 - INFO - [The Hindu] Early skip: URL https://www.thehindu.com/news/national/west-bengal/nandigram-and-rejinagar-bypoll-ballot-without-the-battle/article71512622.ece already exists.
2026-09-27 01:13:18,236 - INFO - [Wired] Attempt 2/2: Trying with 'selenium_browser' strategy...
2026-09-27 01:13:19,177 - INFO - [The Hindu] Early skip: URL https://www.thehindu.com/news/national/justice-must-find-its-way-to-the-citizen-cji-surya-kant/article71513548.ece already exists.
2026-09-27 01:13:19,428 - INFO - >>> SUCCESSFULLY SAVED [ID: 126504] - Powerful storm brings flooding, power outages to northeastern United States | Weather News | Al Jazeera from Al Jazeera (395 words)
2026-09-27 01:13:19,436 - INFO - [The Hindu] Early skip: URL https://www.thehindu.com/news/national/trade-unions-farm-outfits-join-chorus-to-remove-cec-gyanesh-kumar/article71513513.ece already exists.
2026-09-27 01:13:19,437 - INFO - [The Hindu] Early skip: URL https://www.thehindu.com/news/cities/mumbai/4-killed-5-injured-as-metal-container-carrying-gelatin-sticks-attached-to-tractor-explodes-in-maharashtras-yavatmal-district-police/article71514097.ece already exists.
2026-09-27 01:13:19,438 - ERROR - parsed tree length: 1, wrong data type or not valid HTML
2026-09-27 01:13:19,438 - ERROR - empty HTML tree: None
2026-09-27 01:13:19,438 - WARNING - discarding data: None
2026-09-27 01:13:19,438 - WARNING - [Economic Times] FAILED with 'requests_browser' (content was too short: 0 words).
2026-09-27 01:13:19,438 - INFO - [The Hindu] Early skip: URL https://www.thehindu.com/news/international/arguments-by-serial-practitioner-of-terrorism-will-not-stand-eam-jaishankar-slams-pakistan-at-unga/article71514019.ece already exists.
2026-09-27 01:13:19,440 - INFO - [The Hindu] Early skip: URL https://www.thehindu.com/news/national/kerala/cec-row-cpim-general-secretary-ma-baby-pushes-for-broader-opposition-unity-calls-for-india-bloc-plus/article71513487.ece already exists.
2026-09-27 01:13:19,441 - INFO - [The Hindu] Early skip: URL https://www.thehindu.com/news/national/jharkhand/jharkhandgovt-opposing-mines-act-to-facilitate-coal-theft-saysannpurnadevi/article71513024.ece already exists.
2026-09-27 01:13:19,442 - INFO - [The Hindu] Article: https://www.thehindu.com/news/cities/chennai/chennai-corporation-plans-9825-cr-overhaul-of-command-centre/article71512749.ece
2026-09-27 01:13:19,442 - INFO - [The Hindu] Attempt 1/1: Trying with 'selenium_browser' strategy...
2026-09-27 01:13:20,225 - INFO - [Economic Times] Article: https://economictimes.indiatimes.com/tech/technology/apple-faces-indian-engineers-bias-lawsuit/articleshow/81694292.cms
2026-09-27 01:13:20,226 - INFO - [Economic Times] Attempt 2/2: Trying with 'selenium_browser' strategy...
2026-09-27 01:13:20,491 - INFO - [Al Jazeera] Article: https://www.aljazeera.com/news/2026/9/26/deadly-shooting-hits-caribbean-islands-of-saint-vincent-and-the-grenadines?traffic_source=rss
2026-09-27 01:13:20,491 - INFO - [Al Jazeera] Attempt 1/2: Trying with 'requests_browser' strategy...
2026-09-27 01:13:20,692 - INFO - [Al Jazeera] Success with 'requests_browser'. Found content (426 words).
2026-09-27 01:13:23,762 - INFO - [The Hindu] Page content loaded.
2026-09-27 01:13:24,013 - INFO - >>> SUCCESSFULLY SAVED [ID: 126505] - Deadly shooting hits Caribbean islands of Saint Vincent and the Grenadines | Gun Violence News | Al Jazeera from Al Jazeera (426 words)
2026-09-27 01:13:24,308 - WARNING - [The Hindu] FAILED with 'selenium_browser' (content was too short: 79 words).
2026-09-27 01:13:24,308 - ERROR - [The Hindu] All scrape strategies failed for https://www.thehindu.com/news/cities/chennai/chennai-corporation-plans-9825-cr-overhaul-of-command-centre/article71512749.ece. Falling back to RSS description.
2026-09-27 01:13:24,308 - WARNING - SKIPPED (GLOBAL WORD LIMIT): Article 'Chennai Corporation plans ₹98.25-cr. overhaul of command centre' from The Hindu has only 26 words (Min: 90).
2026-09-27 01:13:25,061 - INFO - [Al Jazeera] Article: https://www.aljazeera.com/video/newsfeed/2026/9/26/student-protesters-disrupt-nvidia-ai-climate-panel?traffic_source=rss
2026-09-27 01:13:25,061 - INFO - [Al Jazeera] Attempt 1/2: Trying with 'requests_browser' strategy...
2026-09-27 01:13:25,214 - INFO - [Economic Times] Page content loaded.
2026-09-27 01:13:25,294 - WARNING - [Al Jazeera] FAILED with 'requests_browser' (content was too short: 46 words).
2026-09-27 01:13:25,383 - INFO - [The Hindu] Article: https://www.thehindu.com/news/national/andhra-pradesh/education-department-official-urges-teachers-to-focus-on-learning-outcomes/article71513187.ece
2026-09-27 01:13:25,384 - INFO - [The Hindu] Attempt 1/1: Trying with 'selenium_browser' strategy...
2026-09-27 01:13:26,181 - INFO - [Al Jazeera] Article: https://www.aljazeera.com/video/newsfeed/2026/9/26/student-protesters-disrupt-nvidia-ai-climate-panel?traffic_source=rss
2026-09-27 01:13:26,182 - INFO - [Al Jazeera] Attempt 2/2: Trying with 'selenium_browser' strategy...
2026-09-27 01:13:31,579 - INFO - [Al Jazeera] Page content loaded.
2026-09-27 01:13:32,102 - WARNING - [Al Jazeera] FAILED with 'selenium_browser' (content was too short: 46 words).
2026-09-27 01:13:32,102 - ERROR - [Al Jazeera] All scrape strategies failed for https://www.aljazeera.com/video/newsfeed/2026/9/26/student-protesters-disrupt-nvidia-ai-climate-panel?traffic_source=rss. Falling back to RSS description.
2026-09-27 01:13:32,102 - WARNING - SKIPPED (GLOBAL WORD LIMIT): Article 'Student protesters disrupt NVIDIA AI climate panel' from Al Jazeera has only 11 words (Min: 90).
2026-09-27 01:13:32,615 - INFO - [The Hindu] Page content loaded.
2026-09-27 01:13:32,703 - INFO - [Wired] Page content loaded.
2026-09-27 01:13:33,367 - INFO - [The Hindu] Success with 'selenium_browser'. Found content (118 words).
2026-09-27 01:13:33,514 - INFO - [Al Jazeera] Early skip: URL https://www.aljazeera.com/news/2026/9/26/trump-says-he-is-rolling-back-biden-era-us-fuel-economy-rules-for-cars?traffic_source=rss already exists.
2026-09-27 01:13:33,520 - INFO - [Al Jazeera] Early skip: URL https://www.aljazeera.com/sports/2026/9/26/yamal-nets-in-spains-3-2-comeback-win-against-england-in-nations-league?traffic_source=rss already exists.
2026-09-27 01:13:33,528 - INFO - [Al Jazeera] Article: https://www.aljazeera.com/video/newsfeed/2026/9/26/russia-scales-up-strikes-on-ukraine-as-largest-steelmaker-halts-operations?traffic_source=rss
2026-09-27 01:13:33,528 - INFO - [Al Jazeera] Attempt 1/2: Trying with 'requests_browser' strategy...
2026-09-27 01:13:33,870 - WARNING - [Al Jazeera] FAILED with 'requests_browser' (content was too short: 62 words).
2026-09-27 01:13:35,573 - INFO - [Al Jazeera] Article: https://www.aljazeera.com/video/newsfeed/2026/9/26/russia-scales-up-strikes-on-ukraine-as-largest-steelmaker-halts-operations?traffic_source=rss
2026-09-27 01:13:35,573 - INFO - [Al Jazeera] Attempt 2/2: Trying with 'selenium_browser' strategy...
2026-09-27 01:13:37,404 - INFO - >>> SUCCESSFULLY SAVED [ID: 126506] - Education Department official urges teachers to focus on improving learning outcomes - The Hindu from The Hindu (118 words)
2026-09-27 01:13:38,358 - INFO - [The Hindu] Article: https://www.thehindu.com/news/national/karnataka/hdk-asks-eci-to-reveal-facts/article71513481.ece
2026-09-27 01:13:38,358 - INFO - [The Hindu] Attempt 1/1: Trying with 'selenium_browser' strategy...
2026-09-27 01:13:38,659 - INFO - [Wired] Success with 'selenium_browser'. Found content (5373 words).
2026-09-27 01:13:42,494 - ERROR - Error saving article Best Laptops (2026): My Top Recommendations After Testing Hundreds | WIRED: Hrana: `stream error: `Error { message: "SQLite error: UNIQUE constraint failed: articles.url", code: "SQLITE_CONSTRAINT" }``
2026-09-27 01:13:43,694 - INFO - [Wired] Early skip: URL https://www.wired.com/story/party-invite-phishing-scams-are-the-new-missed-connections/ already exists.
2026-09-27 01:13:43,698 - INFO - [Wired] Early skip: URL https://www.wired.com/story/primetime-exposes-the-ego-driven-core-of-vigilante-pedophile-hunting/ already exists.
2026-09-27 01:13:43,700 - INFO - [Wired] Early skip: URL https://www.wired.com/story/how-to-record-your-screen-on-any-phone/ already exists.
2026-09-27 01:13:43,704 - INFO - [Wired] Early skip: URL https://www.wired.com/story/paulina-borsook-profile/ already exists.
2026-09-27 01:13:43,709 - INFO - [Wired] Early skip: URL https://www.wired.com/story/16-womens-products-you-need-to-know/ already exists.
2026-09-27 01:13:43,710 - INFO - [Wired] Early skip: URL https://www.wired.com/story/best-gifts-for-dads-2026/ already exists.
2026-09-27 01:13:43,713 - INFO - [Wired] Early skip: URL https://www.wired.com/story/tesla-semi/ already exists.
2026-09-27 01:13:43,714 - INFO - [Wired] Early skip: URL https://www.wired.com/story/best-coffee-subscription/ already exists.
2026-09-27 01:13:43,717 - INFO - [Wired] Article: https://www.wired.com/story/reebok-discount-code/
2026-09-27 01:13:43,718 - INFO - [Wired] Attempt 1/2: Trying with 'requests_browser' strategy...
2026-09-27 01:13:43,785 - INFO - [The Hindu] Page content loaded.
2026-09-27 01:13:43,881 - ERROR - parsed tree length: 1, wrong data type or not valid HTML
2026-09-27 01:13:43,882 - ERROR - empty HTML tree: None
2026-09-27 01:13:43,882 - WARNING - discarding data: None
2026-09-27 01:13:43,882 - WARNING - [Wired] FAILED with 'requests_browser' (content was too short: 0 words).
2026-09-27 01:13:43,892 - INFO - [Al Jazeera] Page content loaded.
2026-09-27 01:13:44,197 - WARNING - [Al Jazeera] FAILED with 'selenium_browser' (content was too short: 62 words).
2026-09-27 01:13:44,202 - ERROR - [Al Jazeera] All scrape strategies failed for https://www.aljazeera.com/video/newsfeed/2026/9/26/russia-scales-up-strikes-on-ukraine-as-largest-steelmaker-halts-operations?traffic_source=rss. Falling back to RSS description.
2026-09-27 01:13:44,202 - WARNING - SKIPPED (GLOBAL WORD LIMIT): Article 'Russia scales up strikes on Ukraine as largest steelmaker halts operations' from Al Jazeera has only 11 words (Min: 90).
2026-09-27 01:13:44,375 - WARNING - [The Hindu] FAILED with 'selenium_browser' (content was too short: 83 words).
2026-09-27 01:13:44,375 - ERROR - [The Hindu] All scrape strategies failed for https://www.thehindu.com/news/national/karnataka/hdk-asks-eci-to-reveal-facts/article71513481.ece. Falling back to RSS description.
2026-09-27 01:13:44,375 - WARNING - SKIPPED (GLOBAL WORD LIMIT): Article 'HDK asks ECI to reveal facts' from The Hindu has only 3 words (Min: 90).
2026-09-27 01:13:44,883 - INFO - [Wired] Article: https://www.wired.com/story/reebok-discount-code/
2026-09-27 01:13:44,883 - INFO - [Wired] Attempt 2/2: Trying with 'selenium_browser' strategy...
2026-09-27 01:13:45,148 - INFO - [Al Jazeera] Early skip: URL https://www.aljazeera.com/video/inside-story/2026/9/26/why-is-violence-between-pakistan-and-afghanistan-recurring?traffic_source=rss already exists.
2026-09-27 01:13:45,150 - INFO - [Al Jazeera] Early skip: URL https://www.aljazeera.com/news/2026/9/26/hamas-slams-board-of-peace-for-refusal-to-work-with-unrwa-in-gaza?traffic_source=rss already exists.
2026-09-27 01:13:45,152 - INFO - [Al Jazeera] Early skip: URL https://www.aljazeera.com/news/2026/9/26/tens-of-thousands-attend-right-wing-protest-over-ceuta-migrant-crisis?traffic_source=rss already exists.
2026-09-27 01:13:45,153 - INFO - [Al Jazeera] Article: https://www.aljazeera.com/video/newsfeed/2026/9/26/saudi-fm-accuses-iran-of-flagrant-attacks-and-condemns-houthis-at-unga?traffic_source=rss
2026-09-27 01:13:45,153 - INFO - [Al Jazeera] Attempt 1/2: Trying with 'requests_browser' strategy...
2026-09-27 01:13:45,416 - INFO - [The Hindu] Article: https://www.thehindu.com/news/national/tamil-nadu/tn-government-to-appeal-against-ponmudys-acquittal-in-2837-crore-red-sand-quarrying-case-ed-tells-madras-hc/article71512675.ece
2026-09-27 01:13:45,416 - INFO - [The Hindu] Attempt 1/1: Trying with 'selenium_browser' strategy...
2026-09-27 01:13:45,492 - WARNING - [Al Jazeera] FAILED with 'requests_browser' (content was too short: 70 words).
2026-09-27 01:13:46,244 - INFO - [Al Jazeera] Article: https://www.aljazeera.com/video/newsfeed/2026/9/26/saudi-fm-accuses-iran-of-flagrant-attacks-and-condemns-houthis-at-unga?traffic_source=rss
2026-09-27 01:13:46,244 - INFO - [Al Jazeera] Attempt 2/2: Trying with 'selenium_browser' strategy...
2026-09-27 01:13:46,492 - INFO - [Economic Times] Success with 'selenium_browser'. Found content (743 words).
2026-09-27 01:13:49,716 - ERROR - Error saving article Apple faces Indian engineer’s bias lawsuit - The Economic Times: Hrana: `stream error: `Error { message: "SQLite error: UNIQUE constraint failed: articles.url", code: "SQLITE_CONSTRAINT" }``
2026-09-27 01:13:50,651 - INFO - [Economic Times] Article: https://economictimes.indiatimes.com/news/defence/despite-transatlantic-love-fest-eu-charts-third-way-in-ties-with-us-and-china/articleshow/81467467.cms
2026-09-27 01:13:50,651 - INFO - [Economic Times] Attempt 1/2: Trying with 'requests_browser' strategy...
2026-09-27 01:13:50,920 - INFO - [The Hindu] Page content loaded.
2026-09-27 01:13:51,353 - INFO - [Economic Times] Success with 'requests_browser'. Found content (799 words).
2026-09-27 01:13:52,347 - INFO - [The Hindu] Success with 'selenium_browser'. Found content (95 words).
2026-09-27 01:13:55,659 - ERROR - Error saving article Despite transatlantic 'love fest', EU charts third way in ties with US and China - The Economic Times: Hrana: `stream error: `Error { message: "SQLite error: UNIQUE constraint failed: articles.url", code: "SQLITE_CONSTRAINT" }``
2026-09-27 01:13:57,688 - INFO - [Wired] Page content loaded.
2026-09-27 01:13:57,689 - INFO - [Economic Times] Article: https://economictimes.indiatimes.com/tech/tech-bytes/twitters-india-policy-head-to-step-down-will-transition-in-march/articleshow/80732868.cms
2026-09-27 01:13:57,690 - INFO - [Economic Times] Attempt 1/2: Trying with 'requests_browser' strategy...
2026-09-27 01:13:59,361 - INFO - >>> SUCCESSFULLY SAVED [ID: 126510] - T.N. government to appeal against Ponmudy’s acquittal in ₹28.37-crore red sand quarrying case, ED tells Madras HC - The Hindu from The Hindu (95 words)
2026-09-27 01:13:59,416 - ERROR - parsed tree length: 1, wrong data type or not valid HTML
2026-09-27 01:13:59,417 - ERROR - empty HTML tree: None
2026-09-27 01:13:59,417 - WARNING - discarding data: None
2026-09-27 01:13:59,417 - WARNING - [Economic Times] FAILED with 'requests_browser' (content was too short: 0 words).
2026-09-27 01:13:59,935 - INFO - [Economic Times] Article: https://economictimes.indiatimes.com/tech/tech-bytes/twitters-india-policy-head-to-step-down-will-transition-in-march/articleshow/80732868.cms
2026-09-27 01:13:59,935 - INFO - [Economic Times] Attempt 2/2: Trying with 'selenium_browser' strategy...
2026-09-27 01:14:00,396 - INFO - [The Hindu] Article: https://www.thehindu.com/news/cities/chennai/sanitation-workers-to-receive-50-as-food-allowance-daily/article71513707.ece
2026-09-27 01:14:00,397 - INFO - [The Hindu] Attempt 1/1: Trying with 'selenium_browser' strategy...
2026-09-27 01:14:00,812 - INFO - [Wired] Success with 'selenium_browser'. Found content (1134 words).
2026-09-27 01:14:05,435 - ERROR - Error saving article Reebok Discount Code: 15% Off - September 2026 | WIRED: Hrana: `stream error: `Error { message: "SQLite error: UNIQUE constraint failed: articles.url", code: "SQLITE_CONSTRAINT" }``
2026-09-27 01:14:05,957 - INFO - [Wired] Article: https://www.wired.com/story/gametime-promo-code/
2026-09-27 01:14:05,957 - INFO - [Wired] Attempt 1/2: Trying with 'requests_browser' strategy...
2026-09-27 01:14:06,114 - ERROR - parsed tree length: 1, wrong data type or not valid HTML
2026-09-27 01:14:06,114 - ERROR - empty HTML tree: None
2026-09-27 01:14:06,114 - WARNING - discarding data: None
2026-09-27 01:14:06,115 - WARNING - [Wired] FAILED with 'requests_browser' (content was too short: 0 words).
2026-09-27 01:14:06,740 - INFO - [The Hindu] Page content loaded.
2026-09-27 01:14:06,980 - INFO - [Wired] Article: https://www.wired.com/story/gametime-promo-code/
2026-09-27 01:14:06,980 - INFO - [Wired] Attempt 2/2: Trying with 'selenium_browser' strategy...
2026-09-27 01:14:07,401 - INFO - [The Hindu] Success with 'selenium_browser'. Found content (179 words).
2026-09-27 01:14:11,166 - INFO - >>> SUCCESSFULLY SAVED [ID: 126512] - Sanitation workers to receive ₹50 as food allowance daily - The Hindu from The Hindu (179 words)
2026-09-27 01:14:12,372 - INFO - [The Hindu] Article: https://www.thehindu.com/news/cities/chennai/stormwater-drain-desilting-works-to-be-completed-by-oct-10-says-maws-secretary/article71512701.ece
2026-09-27 01:14:12,372 - INFO - [The Hindu] Attempt 1/1: Trying with 'selenium_browser' strategy...
2026-09-27 01:14:18,132 - INFO - [Wired] Page content loaded.
2026-09-27 01:14:19,103 - INFO - [The Hindu] Page content loaded.
2026-09-27 01:14:19,717 - INFO - [Wired] Success with 'selenium_browser'. Found content (707 words).
2026-09-27 01:14:20,298 - INFO - [The Hindu] Success with 'selenium_browser'. Found content (145 words).
2026-09-27 01:14:23,467 - ERROR - Error saving article Gametime Promo Code: Save on Tickets in September 2026 | WIRED: Hrana: `stream error: `Error { message: "SQLite error: UNIQUE constraint failed: articles.url", code: "SQLITE_CONSTRAINT" }``
2026-09-27 01:14:25,124 - INFO - [Wired] Article: https://www.wired.com/story/birdfy-discount-code/
2026-09-27 01:14:25,124 - INFO - [Wired] Attempt 1/2: Trying with 'requests_browser' strategy...
2026-09-27 01:14:26,777 - INFO - >>> SUCCESSFULLY SAVED [ID: 126514] - Stormwater drain desilting works to be completed by Oct 10, says MAWS Secretary - The Hindu from The Hindu (145 words)
2026-09-27 01:14:26,797 - ERROR - parsed tree length: 1, wrong data type or not valid HTML
2026-09-27 01:14:26,797 - ERROR - empty HTML tree: None
2026-09-27 01:14:26,797 - WARNING - discarding data: None
2026-09-27 01:14:26,797 - WARNING - [Wired] FAILED with 'requests_browser' (content was too short: 0 words).
2026-09-27 01:14:27,783 - INFO - [Wired] Article: https://www.wired.com/story/birdfy-discount-code/
2026-09-27 01:14:27,783 - INFO - [Wired] Attempt 2/2: Trying with 'selenium_browser' strategy...
2026-09-27 01:14:28,131 - INFO - [The Hindu] Article: https://www.thehindu.com/news/national/tamil-nadu/madras-hc-quashes-order-taking-cognisance-of-ed-complaint-against-drug-smuggling-accused-jaffer-sadiq/article71512876.ece
2026-09-27 01:14:28,133 - INFO - [The Hindu] Attempt 1/1: Trying with 'selenium_browser' strategy...
2026-09-27 01:14:33,964 - INFO - [The Hindu] Page content loaded.
2026-09-27 01:14:34,827 - INFO - [The Hindu] Success with 'selenium_browser'. Found content (93 words).
2026-09-27 01:14:36,704 - WARNING - [Economic Times] Page get timed out (7s). Proceeding to grab partial source anyway.
2026-09-27 01:14:38,364 - INFO - >>> SUCCESSFULLY SAVED [ID: 126515] - Madras HC quashes order taking cognisance of ED complaint against drug smuggling accused Jaffer Sadiq - The Hindu from The Hindu (93 words)
2026-09-27 01:14:38,407 - INFO - [Wired] Page content loaded.
2026-09-27 01:14:38,879 - INFO - [Wired] Success with 'selenium_browser'. Found content (565 words).
2026-09-27 01:14:40,526 - INFO - [The Hindu] Article: https://www.thehindu.com/news/national/karnataka/what-is-karnatakas-objection-to-the-esa-explained/article71512650.ece
2026-09-27 01:14:40,975 - INFO - [The Hindu] Attempt 1/1: Trying with 'selenium_browser' strategy...
2026-09-27 01:14:41,924 - ERROR - Error saving article Birdfy Discount Codes: 15% Off Sitewide | WIRED: Hrana: `stream error: `Error { message: "SQLite error: UNIQUE constraint failed: articles.url", code: "SQLITE_CONSTRAINT" }``
2026-09-27 01:14:41,924 - WARNING - [Economic Times] Page explicit wait timed out (3s). Proceeding anyway.
2026-09-27 01:14:41,939 - WARNING - discarding data: None
2026-09-27 01:14:41,939 - WARNING - [Economic Times] FAILED with 'selenium_browser' (content was too short: 0 words).
2026-09-27 01:14:41,939 - ERROR - [Economic Times] All scrape strategies failed for https://economictimes.indiatimes.com/tech/tech-bytes/twitters-india-policy-head-to-step-down-will-transition-in-march/articleshow/80732868.cms. Falling back to RSS description.
2026-09-27 01:14:41,939 - WARNING - SKIPPED (GLOBAL WORD LIMIT): Article 'Twitter's India policy head to step down; will transition in March ' from Economic Times has only 29 words (Min: 90).
2026-09-27 01:14:42,820 - INFO - [Economic Times] Article: https://economictimes.indiatimes.com/tech/tech-and-gadgets/govt-may-keep-rs-7500-cr-outlay-for-it-hardware-manufacturing-under-pli-scheme/articleshow/80333429.cms
2026-09-27 01:14:42,820 - INFO - [Economic Times] Attempt 1/2: Trying with 'requests_browser' strategy...
2026-09-27 01:14:43,299 - ERROR - parsed tree length: 1, wrong data type or not valid HTML
2026-09-27 01:14:43,301 - ERROR - empty HTML tree: None
2026-09-27 01:14:43,301 - WARNING - discarding data: None
2026-09-27 01:14:43,301 - WARNING - [Economic Times] FAILED with 'requests_browser' (content was too short: 0 words).
2026-09-27 01:14:43,311 - INFO - [Wired] Article: https://www.wired.com/story/therabody-promo-code/
2026-09-27 01:14:43,311 - INFO - [Wired] Attempt 1/2: Trying with 'requests_browser' strategy...
2026-09-27 01:14:43,426 - ERROR - parsed tree length: 1, wrong data type or not valid HTML
2026-09-27 01:14:43,426 - ERROR - empty HTML tree: None
2026-09-27 01:14:43,426 - WARNING - discarding data: None
2026-09-27 01:14:43,427 - WARNING - [Wired] FAILED with 'requests_browser' (content was too short: 0 words).
2026-09-27 01:14:43,832 - INFO - [Economic Times] Article: https://economictimes.indiatimes.com/tech/tech-and-gadgets/govt-may-keep-rs-7500-cr-outlay-for-it-hardware-manufacturing-under-pli-scheme/articleshow/80333429.cms
2026-09-27 01:14:43,833 - INFO - [Economic Times] Attempt 2/2: Trying with 'selenium_browser' strategy...
2026-09-27 01:14:43,982 - INFO - [Wired] Article: https://www.wired.com/story/therabody-promo-code/
2026-09-27 01:14:43,982 - INFO - [Wired] Attempt 2/2: Trying with 'selenium_browser' strategy...
2026-09-27 01:14:44,327 - INFO - [The Hindu] Page content loaded.
2026-09-27 01:14:45,220 - WARNING - [The Hindu] FAILED with 'selenium_browser' (content was too short: 84 words).
2026-09-27 01:14:45,220 - ERROR - [The Hindu] All scrape strategies failed for https://www.thehindu.com/news/national/karnataka/what-is-karnatakas-objection-to-the-esa-explained/article71512650.ece. Falling back to RSS description.
2026-09-27 01:14:45,220 - WARNING - SKIPPED (GLOBAL WORD LIMIT): Article 'What is Karnataka’s objection to the ESA? | Explained' from The Hindu has only 42 words (Min: 90).
2026-09-27 01:14:45,527 - INFO - [Economic Times] Page content loaded.
2026-09-27 01:14:45,920 - INFO - [The Hindu] Article: https://www.thehindu.com/news/national/kerala/ernakulam-continues-to-report-highest-number-of-influenza-cases-in-keralam/article71513754.ece
2026-09-27 01:14:45,920 - INFO - [The Hindu] Attempt 1/1: Trying with 'selenium_browser' strategy...
2026-09-27 01:14:46,621 - INFO - [Economic Times] Success with 'selenium_browser'. Found content (481 words).
2026-09-27 01:14:49,697 - ERROR - Error saving article Govt may keep Rs 7,500 cr outlay for IT hardware manufacturing under PLI scheme - The Economic Times: Hrana: `stream error: `Error { message: "SQLite error: UNIQUE constraint failed: articles.url", code: "SQLITE_CONSTRAINT" }``
2026-09-27 01:14:50,605 - INFO - [Economic Times] Article: https://economictimes.indiatimes.com/tech/technology/indian-dating-apps-services-see-surge-of-paying-users-in-small-cities/articleshow/80063342.cms
2026-09-27 01:14:50,605 - INFO - [Economic Times] Attempt 1/2: Trying with 'requests_browser' strategy...
2026-09-27 01:14:51,337 - ERROR - parsed tree length: 1, wrong data type or not valid HTML
2026-09-27 01:14:51,337 - ERROR - empty HTML tree: None
2026-09-27 01:14:51,337 - WARNING - discarding data: None
2026-09-27 01:14:51,337 - WARNING - [Economic Times] FAILED with 'requests_browser' (content was too short: 0 words).
2026-09-27 01:14:51,682 - INFO - [The Hindu] Page content loaded.
2026-09-27 01:14:52,240 - WARNING - [The Hindu] FAILED with 'selenium_browser' (content was too short: 78 words).
2026-09-27 01:14:52,243 - ERROR - [The Hindu] All scrape strategies failed for https://www.thehindu.com/news/national/kerala/ernakulam-continues-to-report-highest-number-of-influenza-cases-in-keralam/article71513754.ece. Falling back to RSS description.
2026-09-27 01:14:52,243 - WARNING - SKIPPED (GLOBAL WORD LIMIT): Article 'Ernakulam continues to report highest number of influenza cases in Keralam' from The Hindu has only 35 words (Min: 90).
2026-09-27 01:14:52,336 - INFO - [Economic Times] Article: https://economictimes.indiatimes.com/tech/technology/indian-dating-apps-services-see-surge-of-paying-users-in-small-cities/articleshow/80063342.cms
2026-09-27 01:14:52,337 - INFO - [Economic Times] Attempt 2/2: Trying with 'selenium_browser' strategy...
2026-09-27 01:14:53,683 - INFO - [The Hindu] Article: https://www.thehindu.com/news/national/tamil-nadu/palaniswami-accuses-vijay-of-speaking-contrary-to-truth-on-gem-veeramanis-arrest/article71513475.ece
2026-09-27 01:14:53,683 - INFO - [The Hindu] Attempt 1/1: Trying with 'selenium_browser' strategy...
2026-09-27 01:14:56,186 - INFO - [Wired] Page content loaded.
2026-09-27 01:14:57,730 - INFO - [Wired] Success with 'selenium_browser'. Found content (1037 words).
2026-09-27 01:14:58,300 - INFO - [Economic Times] Page content loaded.
2026-09-27 01:14:58,432 - INFO - [The Hindu] Page content loaded.
2026-09-27 01:15:01,549 - ERROR - Error saving article Therabody Promo Codes: 15% Off September 2026 | WIRED: Hrana: `stream error: `Error { message: "SQLite error: UNIQUE constraint failed: articles.url", code: "SQLITE_CONSTRAINT" }``
2026-09-27 01:15:01,642 - WARNING - [Economic Times] FAILED with 'selenium_browser' (content was too short: 84 words).
2026-09-27 01:15:01,647 - ERROR - [Economic Times] All scrape strategies failed for https://economictimes.indiatimes.com/tech/technology/indian-dating-apps-services-see-surge-of-paying-users-in-small-cities/articleshow/80063342.cms. Falling back to RSS description.
2026-09-27 01:15:01,647 - WARNING - SKIPPED (GLOBAL WORD LIMIT): Article 'Indian dating apps, services see surge of paying users in small cities ' from Economic Times has only 54 words (Min: 90).
2026-09-27 01:15:01,747 - INFO - [The Hindu] Success with 'selenium_browser'. Found content (128 words).
2026-09-27 01:15:03,456 - INFO - [Wired] Article: https://www.wired.com/story/hoka-coupon-code/
2026-09-27 01:15:03,929 - INFO - [Wired] Attempt 1/2: Trying with 'requests_browser' strategy...
2026-09-27 01:15:03,458 - INFO - [Economic Times] Article: https://economictimes.indiatimes.com/tech/technology/time-for-govt-cos-to-adopt-ai-deloitte-india/articleshow/79981215.cms
2026-09-27 01:15:04,875 - INFO - [Economic Times] Attempt 1/2: Trying with 'requests_browser' strategy...
2026-09-27 01:15:05,143 - INFO - >>> SUCCESSFULLY SAVED [ID: 126519] - Palaniswami accuses Vijay of speaking contrary to truth on ‘Gem’ Veeramani’s arrest - The Hindu from The Hindu (128 words)
2026-09-27 01:15:05,162 - ERROR - parsed tree length: 1, wrong data type or not valid HTML
2026-09-27 01:15:05,162 - ERROR - empty HTML tree: None
2026-09-27 01:15:05,162 - WARNING - discarding data: None
2026-09-27 01:15:05,162 - WARNING - [Wired] FAILED with 'requests_browser' (content was too short: 0 words).
2026-09-27 01:15:05,380 - ERROR - parsed tree length: 1, wrong data type or not valid HTML
2026-09-27 01:15:05,380 - ERROR - empty HTML tree: None
2026-09-27 01:15:05,380 - WARNING - discarding data: None
2026-09-27 01:15:05,380 - WARNING - [Economic Times] FAILED with 'requests_browser' (content was too short: 0 words).
2026-09-27 01:15:05,800 - INFO - [The Hindu] Article: https://www.thehindu.com/news/national/tamil-nadu/tribals-of-jawadhu-hills-in-tiruvannamalai-protest-against-delay-in-formation-of-new-forest-road/article71512949.ece
2026-09-27 01:15:05,800 - INFO - [The Hindu] Attempt 1/1: Trying with 'selenium_browser' strategy...
2026-09-27 01:15:05,951 - INFO - [Economic Times] Article: https://economictimes.indiatimes.com/tech/technology/time-for-govt-cos-to-adopt-ai-deloitte-india/articleshow/79981215.cms
2026-09-27 01:15:05,951 - INFO - [Economic Times] Attempt 2/2: Trying with 'selenium_browser' strategy...
2026-09-27 01:15:06,112 - INFO - [Wired] Article: https://www.wired.com/story/hoka-coupon-code/
2026-09-27 01:15:06,113 - INFO - [Wired] Attempt 2/2: Trying with 'selenium_browser' strategy...
2026-09-27 01:15:08,068 - INFO - [Economic Times] Page content loaded.
2026-09-27 01:15:09,085 - WARNING - [Economic Times] FAILED with 'selenium_browser' (content was too short: 74 words).
2026-09-27 01:15:09,085 - ERROR - [Economic Times] All scrape strategies failed for https://economictimes.indiatimes.com/tech/technology/time-for-govt-cos-to-adopt-ai-deloitte-india/articleshow/79981215.cms. Falling back to RSS description.
2026-09-27 01:15:09,085 - WARNING - SKIPPED (GLOBAL WORD LIMIT): Article 'Time for government, companies to adopt artificial intelligence: Deloitte India ' from Economic Times has only 49 words (Min: 90).
2026-09-27 01:15:09,716 - INFO - [The Hindu] Page content loaded.
2026-09-27 01:15:09,853 - INFO - [Economic Times] Article: https://economictimes.indiatimes.com/news/international/world-news/nepal-rescuers-continue-search-for-missing-as-identification-of-dead-remains-challenge/articleshow/133849891.cms
2026-09-27 01:15:09,853 - INFO - [Economic Times] Attempt 1/2: Trying with 'requests_browser' strategy...
2026-09-27 01:15:10,054 - INFO - [The Hindu] Success with 'selenium_browser'. Found content (96 words).
2026-09-27 01:15:10,313 - INFO - [Economic Times] Success with 'requests_browser'. Found content (1951 words).
2026-09-27 01:15:12,388 - INFO - [Wired] Page content loaded.
2026-09-27 01:15:13,571 - INFO - >>> SUCCESSFULLY SAVED [ID: 126520] - Tribals of Jawadhu Hills in Tiruvannamalai protest against delay in formation of new forest road - The Hindu from The Hindu (96 words)
2026-09-27 01:15:15,504 - INFO - [The Hindu] Article: https://www.thehindu.com/news/national/tamil-nadu/two-bus-passengers-held-for-possession-of-illicit-arrack-near-katpadi/article71512933.ece
2026-09-27 01:15:15,981 - INFO - [The Hindu] Attempt 1/1: Trying with 'selenium_browser' strategy...
2026-09-27 01:15:16,953 - ERROR - Error saving article Nepal rescuers continue search for missing as identification of dead remains challenge - The Economic Times: Hrana: `stream error: `Error { message: "SQLite error: UNIQUE constraint failed: articles.url", code: "SQLITE_CONSTRAINT" }``
2026-09-27 01:15:16,996 - INFO - [Wired] Success with 'selenium_browser'. Found content (1074 words).
2026-09-27 01:15:18,692 - INFO - [Economic Times] Article: https://economictimes.indiatimes.com/news/international/global-trends/trump-1-coins-aka-golden-dollar-are-here-minus-the-gold-the-us-mint-is-putting-the-sitting-presidents-face-on-american-money-for-the-first-time/articleshow/133713717.cms
2026-09-27 01:15:19,143 - INFO - [Economic Times] Attempt 1/2: Trying with 'requests_browser' strategy...
2026-09-27 01:15:20,093 - ERROR - Error saving article Hoka Coupon Codes: 30% Off in September 2026 | WIRED: Hrana: `stream error: `Error { message: "SQLite error: UNIQUE constraint failed: articles.url", code: "SQLITE_CONSTRAINT" }``
2026-09-27 01:15:20,704 - INFO - [Economic Times] Success with 'requests_browser'. Found content (307 words).
2026-09-27 01:15:20,731 - INFO - [Wired] Article: https://www.wired.com/story/ulta-coupon/
2026-09-27 01:15:20,731 - INFO - [Wired] Attempt 1/2: Trying with 'requests_browser' strategy...
2026-09-27 01:15:20,930 - ERROR - parsed tree length: 1, wrong data type or not valid HTML
2026-09-27 01:15:20,930 - ERROR - empty HTML tree: None
2026-09-27 01:15:20,930 - WARNING - discarding data: None
2026-09-27 01:15:20,931 - WARNING - [Wired] FAILED with 'requests_browser' (content was too short: 0 words).
2026-09-27 01:15:21,485 - INFO - [The Hindu] Page content loaded.
2026-09-27 01:15:24,203 - INFO - [Wired] Article: https://www.wired.com/story/ulta-coupon/
2026-09-27 01:15:24,210 - ERROR - Error saving article Trump $1 coins aka 'Golden Dollars' are here, minus the gold. The US Mint is putting the sitting president’s face on American money for the first time - The Economic Times: Hrana: `stream error: `Error { message: "SQLite error: UNIQUE constraint failed: articles.url", code: "SQLITE_CONSTRAINT" }``
2026-09-27 01:15:24,210 - INFO - [Wired] Attempt 2/2: Trying with 'selenium_browser' strategy...
2026-09-27 01:15:24,382 - INFO - [The Hindu] Success with 'selenium_browser'. Found content (98 words).
2026-09-27 01:15:24,482 - INFO - [Al Jazeera] Page content loaded.
2026-09-27 01:15:24,553 - WARNING - [Al Jazeera] FAILED with 'selenium_browser' (content was too short: 70 words).
2026-09-27 01:15:24,553 - ERROR - [Al Jazeera] All scrape strategies failed for https://www.aljazeera.com/video/newsfeed/2026/9/26/saudi-fm-accuses-iran-of-flagrant-attacks-and-condemns-houthis-at-unga?traffic_source=rss. Falling back to RSS description.
2026-09-27 01:15:24,553 - WARNING - SKIPPED (GLOBAL WORD LIMIT): Article 'Saudi FM accuses Iran of ‘flagrant attacks’ and condemns Houthis at UNGA' from Al Jazeera has only 19 words (Min: 90).
2026-09-27 01:15:25,966 - INFO - [Economic Times] Article: https://economictimes.indiatimes.com/news/international/world-news/trump-announces-a-deal-for-hamas-to-disarm-in-gaza-but-many-hurdles-and-uncertainty-remain/articleshow/132753009.cms
2026-09-27 01:15:25,966 - INFO - [Economic Times] Attempt 1/2: Trying with 'requests_browser' strategy...
2026-09-27 01:15:26,435 - INFO - [Al Jazeera] Article: https://www.aljazeera.com/video/newsfeed/2026/9/26/ireland-decide-to-play-israel-in-nations-league-after-squad-vote?traffic_source=rss
2026-09-27 01:15:26,435 - INFO - [Al Jazeera] Attempt 1/2: Trying with 'requests_browser' strategy...
2026-09-27 01:15:27,649 - INFO - >>> SUCCESSFULLY SAVED [ID: 126524] - Two bus passengers held for possession of illicit arrack near Katpadi - The Hindu from The Hindu (98 words)
2026-09-27 01:15:27,661 - INFO - [Wired] Page content loaded.
2026-09-27 01:15:27,708 - WARNING - [Al Jazeera] FAILED with 'requests_browser' (content was too short: 84 words).
2026-09-27 01:15:27,713 - INFO - [Economic Times] Success with 'requests_browser'. Found content (1292 words).
2026-09-27 01:15:29,657 - INFO - [The Hindu] Article: https://www.thehindu.com/news/national/tamil-nadu/gang-held-in-tirupattur-for-abducting-school-student/article71512943.ece
2026-09-27 01:15:29,657 - INFO - [Al Jazeera] Article: https://www.aljazeera.com/video/newsfeed/2026/9/26/ireland-decide-to-play-israel-in-nations-league-after-squad-vote?traffic_source=rss
2026-09-27 01:15:29,657 - INFO - [The Hindu] Attempt 1/1: Trying with 'selenium_browser' strategy...
2026-09-27 01:15:29,657 - INFO - [Al Jazeera] Attempt 2/2: Trying with 'selenium_browser' strategy...
2026-09-27 01:15:30,612 - ERROR - Error saving article Trump announces a deal for Hamas to disarm in Gaza, but many hurdles and uncertainty remain - The Economic Times: Hrana: `stream error: `Error { message: "SQLite error: UNIQUE constraint failed: articles.url", code: "SQLITE_CONSTRAINT" }``
2026-09-27 01:15:30,862 - INFO - [Wired] Success with 'selenium_browser'. Found content (918 words).
2026-09-27 01:15:32,490 - INFO - [Economic Times] Article: https://economictimes.indiatimes.com/news/new-updates/in-1943-us-built-an-entire-city-and-it-didnt-exist-on-a-single-map/articleshow/132659427.cms
2026-09-27 01:15:32,490 - INFO - [Economic Times] Attempt 1/2: Trying with 'requests_browser' strategy...
2026-09-27 01:15:33,865 - ERROR - Error saving article Ulta Promo Codes: Up to 20% Off in September 2026 | WIRED: Hrana: `stream error: `Error { message: "SQLite error: UNIQUE constraint failed: articles.url", code: "SQLITE_CONSTRAINT" }``
2026-09-27 01:15:33,901 - INFO - [The Hindu] Page content loaded.
2026-09-27 01:15:33,946 - INFO - [Economic Times] Success with 'requests_browser'. Found content (695 words).
2026-09-27 01:15:34,378 - INFO - [Al Jazeera] Page content loaded.
2026-09-27 01:15:34,663 - WARNING - [Al Jazeera] FAILED with 'selenium_browser' (content was too short: 84 words).
2026-09-27 01:15:34,663 - ERROR - [Al Jazeera] All scrape strategies failed for https://www.aljazeera.com/video/newsfeed/2026/9/26/ireland-decide-to-play-israel-in-nations-league-after-squad-vote?traffic_source=rss. Falling back to RSS description.
2026-09-27 01:15:34,668 - WARNING - SKIPPED (GLOBAL WORD LIMIT): Article 'Ireland decide to play Israel in Nations League after squad vote' from Al Jazeera has only 15 words (Min: 90).
2026-09-27 01:15:34,784 - INFO - [Wired] Article: https://www.wired.com/story/chatbooks-promo-code/
2026-09-27 01:15:34,787 - INFO - [Wired] Attempt 1/2: Trying with 'requests_browser' strategy...
2026-09-27 01:15:34,948 - ERROR - parsed tree length: 1, wrong data type or not valid HTML
2026-09-27 01:15:34,963 - ERROR - empty HTML tree: None
2026-09-27 01:15:34,963 - WARNING - discarding data: None
2026-09-27 01:15:34,963 - WARNING - [Wired] FAILED with 'requests_browser' (content was too short: 0 words).
2026-09-27 01:15:36,341 - INFO - [Al Jazeera] Article: https://www.aljazeera.com/video/newsfeed/2026/9/26/lavrov-russias-war-in-ukraine-will-continue-through-to-the?traffic_source=rss
2026-09-27 01:15:36,806 - INFO - [Al Jazeera] Attempt 1/2: Trying with 'requests_browser' strategy...
2026-09-27 01:15:36,351 - INFO - [The Hindu] Success with 'selenium_browser'. Found content (105 words).
2026-09-27 01:15:36,341 - INFO - [Wired] Article: https://www.wired.com/story/chatbooks-promo-code/
2026-09-27 01:15:36,817 - INFO - [Wired] Attempt 2/2: Trying with 'selenium_browser' strategy...
2026-09-27 01:15:37,735 - ERROR - Error saving article In 1943, US built an entire city, and it didn't exist on a single map - The Economic Times: Hrana: `stream error: `Error { message: "SQLite error: UNIQUE constraint failed: articles.url", code: "SQLITE_CONSTRAINT" }``
2026-09-27 01:15:37,937 - WARNING - [Al Jazeera] FAILED with 'requests_browser' (content was too short: 65 words).
2026-09-27 01:15:39,645 - INFO - [Economic Times] Article: https://economictimes.indiatimes.com/news/new-updates/humans-have-a-third-eye-in-the-brain-study-links-it-to-a-600-million-year-old-cyclops-ancestor/articleshow/132655441.cms
2026-09-27 01:15:40,115 - INFO - [Economic Times] Attempt 1/2: Trying with 'requests_browser' strategy...
2026-09-27 01:15:39,646 - INFO - [Al Jazeera] Article: https://www.aljazeera.com/video/newsfeed/2026/9/26/lavrov-russias-war-in-ukraine-will-continue-through-to-the?traffic_source=rss
2026-09-27 01:15:41,069 - INFO - [Al Jazeera] Attempt 2/2: Trying with 'selenium_browser' strategy...
2026-09-27 01:15:41,331 - INFO - >>> SUCCESSFULLY SAVED [ID: 126528] - Gang held in Tirupattur for abducting school student - The Hindu from The Hindu (105 words)
2026-09-27 01:15:41,448 - INFO - [Economic Times] Success with 'requests_browser'. Found content (600 words).
2026-09-27 01:15:43,186 - INFO - [The Hindu] Article: https://www.thehindu.com/news/national/what-does-the-law-say-about-cecs-removal-explained/article71512663.ece
2026-09-27 01:15:43,186 - INFO - [The Hindu] Attempt 1/1: Trying with 'selenium_browser' strategy...
2026-09-27 01:15:43,666 - INFO - [Wired] Page content loaded.
2026-09-27 01:15:44,574 - ERROR - Error saving article Humans have a 'third eye' in the brain: Study links it to a 600-million-year-old Cyclops ancestor - The Economic Times: Hrana: `stream error: `Error { message: "SQLite error: UNIQUE constraint failed: articles.url", code: "SQLITE_CONSTRAINT" }``
2026-09-27 01:15:45,008 - INFO - [Wired] Success with 'selenium_browser'. Found content (990 words).
2026-09-27 01:15:45,164 - INFO - [Economic Times] Article: https://economictimes.indiatimes.com/news/new-updates/1500-ships-trapped-in-gulf-of-hormuz-is-quietly-multiplying-an-underwater-army-that-could-unleash-worlds-biggest-bioinvasion-event/articleshow/132595366.cms
2026-09-27 01:15:45,165 - INFO - [Economic Times] Attempt 1/2: Trying with 'requests_browser' strategy...
2026-09-27 01:15:48,262 - ERROR - Error saving article Chatbooks Promo Code: 40% Off | September 2026 | WIRED: Hrana: `stream error: `Error { message: "SQLite error: UNIQUE constraint failed: articles.url", code: "SQLITE_CONSTRAINT" }``
2026-09-27 01:15:48,593 - INFO - [Economic Times] Success with 'requests_browser'. Found content (680 words).
2026-09-27 01:15:48,860 - INFO - [Wired] Article: https://www.wired.com/story/topresume-discount-code/
2026-09-27 01:15:48,860 - INFO - [Wired] Attempt 1/2: Trying with 'requests_browser' strategy...
2026-09-27 01:15:48,991 - ERROR - parsed tree length: 1, wrong data type or not valid HTML
2026-09-27 01:15:48,992 - ERROR - empty HTML tree: None
2026-09-27 01:15:48,992 - WARNING - discarding data: None
2026-09-27 01:15:48,992 - WARNING - [Wired] FAILED with 'requests_browser' (content was too short: 0 words).
2026-09-27 01:15:50,511 - INFO - [Wired] Article: https://www.wired.com/story/topresume-discount-code/
2026-09-27 01:15:50,511 - INFO - [Wired] Attempt 2/2: Trying with 'selenium_browser' strategy...
2026-09-27 01:15:51,910 - ERROR - Error saving article 1,500 ships trapped in Gulf of Hormuz are quietly multiplying an underwater army that could unleash World's biggest bioinvasion event - The Economic Times: Hrana: `stream error: `Error { message: "SQLite error: UNIQUE constraint failed: articles.url", code: "SQLITE_CONSTRAINT" }``
2026-09-27 01:15:51,932 - INFO - [The Hindu] Page content loaded.
2026-09-27 01:15:52,297 - WARNING - [The Hindu] FAILED with 'selenium_browser' (content was too short: 75 words).
2026-09-27 01:15:52,297 - ERROR - [The Hindu] All scrape strategies failed for https://www.thehindu.com/news/national/what-does-the-law-say-about-cecs-removal-explained/article71512663.ece. Falling back to RSS description.
2026-09-27 01:15:52,297 - WARNING - SKIPPED (GLOBAL WORD LIMIT): Article 'What does the law say about CEC’s removal? | Explained' from The Hindu has only 41 words (Min: 90).
2026-09-27 01:15:53,298 - INFO - [The Hindu] Article: https://www.thehindu.com/news/national/karnataka/iit-madras-backed-unicorn-india-ventures-raises-450-crore-to-complete-the-fund-at-1000-crore-by-december/article71513812.ece
2026-09-27 01:15:53,298 - INFO - [The Hindu] Attempt 1/1: Trying with 'selenium_browser' strategy...
2026-09-27 01:15:53,372 - INFO - [Economic Times] Article: https://economictimes.indiatimes.com/news/elections/assembly-elections/assam/done-deal-cm-himanta-biswa-sarma-on-nda-seat-sharing-for-assam-polls/articleshow/128678098.cms
2026-09-27 01:15:53,372 - INFO - [Economic Times] Attempt 1/2: Trying with 'requests_browser' strategy...
2026-09-27 01:15:53,822 - INFO - [Economic Times] Success with 'requests_browser'. Found content (518 words).
2026-09-27 01:15:55,977 - INFO - [Wired] Page content loaded.
2026-09-27 01:15:56,881 - ERROR - Error saving article 'Done deal': CM Himanta Biswa Sarma on NDA seat-sharing for Assam polls - The Economic Times: Hrana: `stream error: `Error { message: "SQLite error: UNIQUE constraint failed: articles.url", code: "SQLITE_CONSTRAINT" }``
2026-09-27 01:15:57,189 - INFO - [Wired] Success with 'selenium_browser'. Found content (796 words).
2026-09-27 01:15:58,753 - INFO - [Economic Times] Article: https://economictimes.indiatimes.com/news/elections/assembly-elections/bihar/rare-intensive-revision-in-bihar-four-months-before-polls/articleshow/122167501.cms
2026-09-27 01:15:59,224 - INFO - [Economic Times] Attempt 1/2: Trying with 'requests_browser' strategy...
2026-09-27 01:16:00,184 - ERROR - Error saving article TopResume Packages | WIRED: Hrana: `stream error: `Error { message: "SQLite error: UNIQUE constraint failed: articles.url", code: "SQLITE_CONSTRAINT" }``
2026-09-27 01:16:00,226 - INFO - [The Hindu] Page content loaded.
2026-09-27 01:16:00,397 - INFO - [The Hindu] Success with 'selenium_browser'. Found content (104 words).
2026-09-27 01:16:00,507 - INFO - [Economic Times] Success with 'requests_browser'. Found content (864 words).
2026-09-27 01:16:02,482 - INFO - [Wired] Article: https://www.wired.com/story/vistaprint-coupon-code/
2026-09-27 01:16:03,409 - INFO - [Wired] Attempt 1/2: Trying with 'requests_browser' strategy...
2026-09-27 01:16:03,411 - INFO - [Al Jazeera] Page content loaded.
2026-09-27 01:16:03,665 - INFO - >>> SUCCESSFULLY SAVED [ID: 126534] - IIT Madras-backed Unicorn India Ventures raises ₹450 crore; to complete the fund at ₹1,000 crore by December - The Hindu from The Hindu (104 words)
2026-09-27 01:16:03,684 - ERROR - parsed tree length: 1, wrong data type or not valid HTML
2026-09-27 01:16:03,684 - ERROR - empty HTML tree: None
2026-09-27 01:16:03,684 - WARNING - discarding data: None
2026-09-27 01:16:03,685 - WARNING - [Wired] FAILED with 'requests_browser' (content was too short: 0 words).
2026-09-27 01:16:03,736 - WARNING - [Al Jazeera] FAILED with 'selenium_browser' (content was too short: 65 words).
2026-09-27 01:16:03,736 - ERROR - [Al Jazeera] All scrape strategies failed for https://www.aljazeera.com/video/newsfeed/2026/9/26/lavrov-russias-war-in-ukraine-will-continue-through-to-the?traffic_source=rss. Falling back to RSS description.
2026-09-27 01:16:03,736 - WARNING - SKIPPED (GLOBAL WORD LIMIT): Article 'Lavrov: Russia’s war in Ukraine will continue ‘through to the end’' from Al Jazeera has only 16 words (Min: 90).
2026-09-27 01:16:05,174 - INFO - [Wired] Article: https://www.wired.com/story/vistaprint-coupon-code/
2026-09-27 01:16:05,174 - INFO - [Al Jazeera] Early skip: URL https://www.aljazeera.com/news/2026/9/26/colombia-extradites-leader-of-armed-group-to-us-in-shift-towards-washington?traffic_source=rss already exists.
2026-09-27 01:16:05,174 - INFO - [The Hindu] Article: https://www.thehindu.com/news/national/maharashtra/why-are-students-protesting-at-iit-bombay-explained/article71513061.ece
2026-09-27 01:16:05,643 - INFO - [Wired] Attempt 2/2: Trying with 'selenium_browser' strategy...
2026-09-27 01:16:05,643 - INFO - [The Hindu] Attempt 1/1: Trying with 'selenium_browser' strategy...
2026-09-27 01:16:06,547 - INFO - [Al Jazeera] Early skip: URL https://www.aljazeera.com/news/2026/9/26/south-african-police-discover-body-of-10th-woman-near-johannesburg?traffic_source=rss already exists.
2026-09-27 01:16:06,547 - ERROR - Error saving article Rare 'intensive' revision in Bihar four months before polls - The Economic Times: Hrana: `stream error: `Error { message: "SQLite error: UNIQUE constraint failed: articles.url", code: "SQLITE_CONSTRAINT" }``
2026-09-27 01:16:06,550 - INFO - [Al Jazeera] Article: https://www.aljazeera.com/video/newsfeed/2026/9/26/trump-rejects-iranian-offer-to-reopen-strait-of-hormuz?traffic_source=rss
2026-09-27 01:16:06,550 - INFO - [Al Jazeera] Attempt 1/2: Trying with 'requests_browser' strategy...
2026-09-27 01:16:06,708 - WARNING - [Al Jazeera] FAILED with 'requests_browser' (content was too short: 68 words).
2026-09-27 01:16:07,300 - INFO - [Al Jazeera] Article: https://www.aljazeera.com/video/newsfeed/2026/9/26/trump-rejects-iranian-offer-to-reopen-strait-of-hormuz?traffic_source=rss
2026-09-27 01:16:07,301 - INFO - [Al Jazeera] Attempt 2/2: Trying with 'selenium_browser' strategy...
2026-09-27 01:16:07,337 - INFO - [Economic Times] Article: https://economictimes.indiatimes.com/news/elections/assembly-elections/delhi/bjp-accuses-kejriwal-of-sending-voters-hoax-calls-to-mislead/articleshow/117579007.cms
2026-09-27 01:16:07,338 - INFO - [Economic Times] Attempt 1/2: Trying with 'requests_browser' strategy...
2026-09-27 01:16:07,696 - INFO - [Economic Times] Success with 'requests_browser'. Found content (550 words).
2026-09-27 01:16:10,766 - INFO - [Al Jazeera] Page content loaded.
2026-09-27 01:16:10,767 - INFO - [The Hindu] Page content loaded.
2026-09-27 01:16:10,770 - ERROR - Error saving article BJP accuses Kejriwal of sending voters hoax calls to mislead - The Economic Times: Hrana: `stream error: `Error { message: "SQLite error: UNIQUE constraint failed: articles.url", code: "SQLITE_CONSTRAINT" }``
2026-09-27 01:16:11,118 - INFO - [Wired] Page content loaded.
2026-09-27 01:16:11,203 - WARNING - [Al Jazeera] FAILED with 'selenium_browser' (content was too short: 68 words).
2026-09-27 01:16:11,212 - ERROR - [Al Jazeera] All scrape strategies failed for https://www.aljazeera.com/video/newsfeed/2026/9/26/trump-rejects-iranian-offer-to-reopen-strait-of-hormuz?traffic_source=rss. Falling back to RSS description.
2026-09-27 01:16:11,212 - WARNING - SKIPPED (GLOBAL WORD LIMIT): Article 'Trump rejects Iranian offer to reopen Strait of Hormuz' from Al Jazeera has only 17 words (Min: 90).
2026-09-27 01:16:11,215 - INFO - [The Hindu] Success with 'selenium_browser'. Found content (143 words).
2026-09-27 01:16:11,431 - INFO - DEDUPLICATION: Found match (Score: 0.85). Linking to Cluster ID: 9e4781dc-d0e9-4913-8e1f-87ab8a5e246e
2026-09-27 01:16:12,840 - INFO - [Economic Times] Article: https://economictimes.indiatimes.com/news/elections/lok-sabha/india/lok-sabha-election-2024-maharashtra-get-interesting-after-splits-in-shiv-sena-ncp/articleshow/108559788.cms
2026-09-27 01:16:12,841 - INFO - [Al Jazeera] Article: https://www.aljazeera.com/video/newsfeed/2026/9/26/09-26-cuba-fm-unga-clip-mp4?traffic_source=rss
2026-09-27 01:16:13,309 - INFO - [Economic Times] Attempt 1/2: Trying with 'requests_browser' strategy...
2026-09-27 01:16:14,544 - INFO - [Al Jazeera] Attempt 1/2: Trying with 'requests_browser' strategy...
2026-09-27 01:16:14,544 - INFO - >>> SUCCESSFULLY SAVED [ID: 126537] - Why are students protesting at IIT-Bombay? | Explained - The Hindu from The Hindu (143 words)
2026-09-27 01:16:14,598 - INFO - [Wired] Success with 'selenium_browser'. Found content (976 words).
2026-09-27 01:16:14,687 - WARNING - [Al Jazeera] FAILED with 'requests_browser' (content was too short: 71 words).
2026-09-27 01:16:16,096 - INFO - [The Hindu] Article: https://www.thehindu.com/news/national/tamil-nadu/byelections-in-madurantakam-and-dharapuram-may-test-aiadmks-sway-over-scheduled-caste-voters/article71513064.ece
2026-09-27 01:16:16,551 - INFO - [The Hindu] Attempt 1/1: Trying with 'selenium_browser' strategy...
2026-09-27 01:16:16,553 - INFO - [Al Jazeera] Article: https://www.aljazeera.com/video/newsfeed/2026/9/26/09-26-cuba-fm-unga-clip-mp4?traffic_source=rss
2026-09-27 01:16:16,553 - INFO - [Al Jazeera] Attempt 2/2: Trying with 'selenium_browser' strategy...
2026-09-27 01:16:17,473 - ERROR - Error saving article 30% VistaPrint Coupon & Promo Codes | September 2026 | WIRED: Hrana: `stream error: `Error { message: "SQLite error: UNIQUE constraint failed: articles.url", code: "SQLITE_CONSTRAINT" }``
2026-09-27 01:16:17,508 - INFO - [Economic Times] Success with 'requests_browser'. Found content (1442 words).
2026-09-27 01:16:19,035 - INFO - [Wired] Article: https://www.wired.com/story/legalzoom-promo-code/
2026-09-27 01:16:19,522 - INFO - [Wired] Attempt 1/2: Trying with 'requests_browser' strategy...
2026-09-27 01:16:20,433 - ERROR - Error saving article Lok Sabha election 2024: Maharashtra get interesting after splits in Shiv Sena, NCP - The Economic Times: Hrana: `stream error: `Error { message: "SQLite error: UNIQUE constraint failed: articles.url", code: "SQLITE_CONSTRAINT" }``
2026-09-27 01:16:20,483 - ERROR - parsed tree length: 1, wrong data type or not valid HTML
2026-09-27 01:16:20,483 - ERROR - empty HTML tree: None
2026-09-27 01:16:20,483 - WARNING - discarding data: None
2026-09-27 01:16:20,483 - WARNING - [Wired] FAILED with 'requests_browser' (content was too short: 0 words).
2026-09-27 01:16:20,555 - INFO - [The Hindu] Page content loaded.
2026-09-27 01:16:20,714 - INFO - [Al Jazeera] Page content loaded.
2026-09-27 01:16:20,948 - WARNING - [Al Jazeera] FAILED with 'selenium_browser' (content was too short: 71 words).
2026-09-27 01:16:20,952 - ERROR - [Al Jazeera] All scrape strategies failed for https://www.aljazeera.com/video/newsfeed/2026/9/26/09-26-cuba-fm-unga-clip-mp4?traffic_source=rss. Falling back to RSS description.
2026-09-27 01:16:20,952 - WARNING - SKIPPED (GLOBAL WORD LIMIT): Article 'Cuba accuses US at UN of deliberately inflicting humanitarian suffering' from Al Jazeera has only 21 words (Min: 90).
2026-09-27 01:16:20,952 - INFO - [The Hindu] Success with 'selenium_browser'. Found content (139 words).
2026-09-27 01:16:21,046 - INFO - [Wired] Article: https://www.wired.com/story/legalzoom-promo-code/
2026-09-27 01:16:21,047 - INFO - [Wired] Attempt 2/2: Trying with 'selenium_browser' strategy...
2026-09-27 01:16:21,087 - INFO - [Economic Times] Article: https://economictimes.indiatimes.com/news/elections/lok-sabha/india/modi-charisma-key-factor-in-bjps-bid-to-retain-all-26-seats-in-gujarat/articleshow/108550858.cms
2026-09-27 01:16:21,087 - INFO - [Economic Times] Attempt 1/2: Trying with 'requests_browser' strategy...
2026-09-27 01:16:22,581 - INFO - [Al Jazeera] Early skip: URL https://www.aljazeera.com/news/2026/9/26/trump-rejects-combining-us-china-ai-efforts?traffic_source=rss already exists.
2026-09-27 01:16:23,033 - INFO - [Al Jazeera] Early skip: URL https://www.aljazeera.com/news/2026/9/26/iraq-seeks-us-exemption-from-ban-on-iranian-flights?traffic_source=rss already exists.
2026-09-27 01:16:23,976 - INFO - [Al Jazeera] Article: https://www.aljazeera.com/video/newsfeed/2026/9/26/stop-arming-israel-pro-palestine-protesters-march-on-labour-conference?traffic_source=rss
2026-09-27 01:16:24,219 - INFO - >>> SUCCESSFULLY SAVED [ID: 126540] - Byelections in Madurantakam and Dharapuram may test AIADMK’s sway over Scheduled Caste voters - The Hindu from The Hindu (139 words)
2026-09-27 01:16:24,219 - INFO - [Al Jazeera] Attempt 1/2: Trying with 'requests_browser' strategy...
2026-09-27 01:16:24,229 - INFO - [Wired] Page content loaded.
2026-09-27 01:16:24,249 - INFO - [Economic Times] Success with 'requests_browser'. Found content (838 words).
2026-09-27 01:16:24,338 - WARNING - [Al Jazeera] FAILED with 'requests_browser' (content was too short: 67 words).
2026-09-27 01:16:25,746 - INFO - [Al Jazeera] Article: https://www.aljazeera.com/video/newsfeed/2026/9/26/stop-arming-israel-pro-palestine-protesters-march-on-labour-conference?traffic_source=rss
2026-09-27 01:16:25,747 - INFO - [Al Jazeera] Attempt 2/2: Trying with 'selenium_browser' strategy...
2026-09-27 01:16:25,748 - INFO - [The Hindu] Article: https://www.thehindu.com/news/national/kerala/kottarakkara-natives-organs-donated-after-brain-death/article71512026.ece
2026-09-27 01:16:25,748 - INFO - [The Hindu] Attempt 1/1: Trying with 'selenium_browser' strategy...
2026-09-27 01:16:27,104 - ERROR - Error saving article Modi charisma key factor in BJP's bid to retain all 26 seats in Gujarat - The Economic Times: Hrana: `stream error: `Error { message: "SQLite error: UNIQUE constraint failed: articles.url", code: "SQLITE_CONSTRAINT" }``
2026-09-27 01:16:27,193 - INFO - [Wired] Success with 'selenium_browser'. Found content (921 words).
2026-09-27 01:16:28,782 - INFO - [Economic Times] Article: https://economictimes.indiatimes.com/news/elections/lok-sabha/india/implementation-of-guarantees-decline-of-brs-favour-congress-in-telangana-bjp-aiming-for-better-show/articleshow/108548569.cms
2026-09-27 01:16:28,783 - INFO - [Economic Times] Attempt 1/2: Trying with 'requests_browser' strategy...
2026-09-27 01:16:30,202 - ERROR - Error saving article LegalZoom Promo Code: Exclusive 10% Off LLC Formations | WIRED: Hrana: `stream error: `Error { message: "SQLite error: UNIQUE constraint failed: articles.url", code: "SQLITE_CONSTRAINT" }``
2026-09-27 01:16:30,202 - INFO - [Al Jazeera] Page content loaded.
2026-09-27 01:16:30,278 - INFO - [Economic Times] Success with 'requests_browser'. Found content (1272 words).
2026-09-27 01:16:30,342 - INFO - [The Hindu] Page content loaded.
2026-09-27 01:16:30,501 - WARNING - [Al Jazeera] FAILED with 'selenium_browser' (content was too short: 67 words).
2026-09-27 01:16:30,505 - ERROR - [Al Jazeera] All scrape strategies failed for https://www.aljazeera.com/video/newsfeed/2026/9/26/stop-arming-israel-pro-palestine-protesters-march-on-labour-conference?traffic_source=rss. Falling back to RSS description.
2026-09-27 01:16:30,508 - WARNING - SKIPPED (GLOBAL WORD LIMIT): Article '‘Stop arming Israel’: Pro-Palestine protesters march on Labour conference' from Al Jazeera has only 10 words (Min: 90).
2026-09-27 01:16:32,026 - INFO - [Al Jazeera] Early skip: URL https://www.aljazeera.com/news/2026/9/26/cuba-condemns-us-collective-punishment-as-trump-predicts-deal?traffic_source=rss already exists.
2026-09-27 01:16:32,026 - INFO - [Wired] Article: https://www.wired.com/story/maytag-promo-code/
2026-09-27 01:16:32,499 - INFO - [Wired] Attempt 1/2: Trying with 'requests_browser' strategy...
2026-09-27 01:16:32,500 - INFO - [Al Jazeera] Article: https://www.aljazeera.com/video/newsfeed/2026/9/26/ethiopias-fano-fighters-claim-capture-of-army-vehicles-and-weapons?traffic_source=rss
2026-09-27 01:16:32,500 - INFO - [Al Jazeera] Attempt 1/2: Trying with 'requests_browser' strategy...
2026-09-27 01:16:32,502 - INFO - [The Hindu] Success with 'selenium_browser'. Found content (128 words).
2026-09-27 01:16:33,448 - ERROR - Error saving article Implementation of 'guarantees', decline of BRS favour Congress in Telangana, BJP aiming for better show - The Economic Times: Hrana: `stream error: `Error { message: "SQLite error: UNIQUE constraint failed: articles.url", code: "SQLITE_CONSTRAINT" }``
2026-09-27 01:16:33,795 - ERROR - parsed tree length: 1, wrong data type or not valid HTML
2026-09-27 01:16:33,795 - ERROR - empty HTML tree: None
2026-09-27 01:16:33,795 - WARNING - discarding data: None
2026-09-27 01:16:33,795 - WARNING - [Wired] FAILED with 'requests_browser' (content was too short: 0 words).
2026-09-27 01:16:33,818 - WARNING - [Al Jazeera] FAILED with 'requests_browser' (content was too short: 77 words).
2026-09-27 01:16:35,214 - INFO - [Economic Times] Article: https://economictimes.indiatimes.com/traders-bet-on-calendar-spread-as-nifty-moves-in-a-tight-range/articleshow/6302358.cms
2026-09-27 01:16:35,214 - INFO - [Economic Times] Attempt 1/2: Trying with 'requests_browser' strategy...
2026-09-27 01:16:35,215 - INFO - [Al Jazeera] Article: https://www.aljazeera.com/video/newsfeed/2026/9/26/ethiopias-fano-fighters-claim-capture-of-army-vehicles-and-weapons?traffic_source=rss
2026-09-27 01:16:35,665 - INFO - [Al Jazeera] Attempt 2/2: Trying with 'selenium_browser' strategy...
2026-09-27 01:16:35,665 - INFO - [Wired] Article: https://www.wired.com/story/maytag-promo-code/
2026-09-27 01:16:36,819 - INFO - [Wired] Attempt 2/2: Trying with 'selenium_browser' strategy...
2026-09-27 01:16:36,820 - INFO - >>> SUCCESSFULLY SAVED [ID: 126544] - Kottarakara native’s organs donated after brain death - The Hindu from The Hindu (128 words)
2026-09-27 01:16:36,827 - ERROR - parsed tree length: 1, wrong data type or not valid HTML
2026-09-27 01:16:36,828 - ERROR - empty HTML tree: None
2026-09-27 01:16:36,828 - WARNING - discarding data: None
2026-09-27 01:16:36,828 - WARNING - [Economic Times] FAILED with 'requests_browser' (content was too short: 0 words).
2026-09-27 01:16:37,496 - INFO - [The Hindu] Article: https://www.thehindu.com/news/national/kerala/former-chief-secretarys-revelations-against-cec-extremely-serious-kc-venugopal/article71513776.ece
2026-09-27 01:16:37,496 - INFO - [The Hindu] Attempt 1/1: Trying with 'selenium_browser' strategy...
2026-09-27 01:16:37,748 - INFO - [Economic Times] Article: https://economictimes.indiatimes.com/traders-bet-on-calendar-spread-as-nifty-moves-in-a-tight-range/articleshow/6302358.cms
2026-09-27 01:16:37,749 - INFO - [Economic Times] Attempt 2/2: Trying with 'selenium_browser' strategy...
2026-09-27 01:16:38,106 - INFO - [Al Jazeera] Page content loaded.
2026-09-27 01:16:38,457 - WARNING - [Al Jazeera] FAILED with 'selenium_browser' (content was too short: 77 words).
2026-09-27 01:16:38,457 - ERROR - [Al Jazeera] All scrape strategies failed for https://www.aljazeera.com/video/newsfeed/2026/9/26/ethiopias-fano-fighters-claim-capture-of-army-vehicles-and-weapons?traffic_source=rss. Falling back to RSS description.
2026-09-27 01:16:38,457 - WARNING - SKIPPED (GLOBAL WORD LIMIT): Article 'Ethiopia’s Fano fighters claim capture of army vehicles and weapons' from Al Jazeera has only 18 words (Min: 90).
2026-09-27 01:16:39,091 - INFO - [Al Jazeera] (Thread) Finished. Attempting to shut down its Selenium driver.
2026-09-27 01:16:39,415 - INFO - [Al Jazeera] (Thread) driver.quit() successful.
2026-09-27 01:16:39,491 - INFO - [Wired] Page content loaded.
2026-09-27 01:16:40,198 - INFO - [Wired] Success with 'selenium_browser'. Found content (571 words).
2026-09-27 01:16:43,154 - ERROR - Error saving article Maytag Promo Codes: 15% Off Appliances | WIRED: Hrana: `stream error: `Error { message: "SQLite error: UNIQUE constraint failed: articles.url", code: "SQLITE_CONSTRAINT" }``
2026-09-27 01:16:43,166 - INFO - [The Hindu] Page content loaded.
2026-09-27 01:16:43,412 - INFO - [The Hindu] Success with 'selenium_browser'. Found content (94 words).
2026-09-27 01:16:44,968 - INFO - [Wired] Article: https://www.wired.com/story/litter-robot-promo-code/
2026-09-27 01:16:44,968 - INFO - [Wired] Attempt 1/2: Trying with 'requests_browser' strategy...
2026-09-27 01:16:46,664 - INFO - [Economic Times] Page content loaded.
2026-09-27 01:16:46,664 - INFO - >>> SUCCESSFULLY SAVED [ID: 126546] - Former Chief Secretary’s revelations against CEC extremely serious: K.C. Venugopal - The Hindu from The Hindu (94 words)
2026-09-27 01:16:46,670 - ERROR - parsed tree length: 1, wrong data type or not valid HTML
2026-09-27 01:16:46,670 - ERROR - empty HTML tree: None
2026-09-27 01:16:46,670 - WARNING - discarding data: None
2026-09-27 01:16:46,670 - WARNING - [Wired] FAILED with 'requests_browser' (content was too short: 0 words).
2026-09-27 01:16:46,796 - INFO - [Economic Times] Success with 'selenium_browser'. Found content (411 words).
2026-09-27 01:16:48,341 - INFO - [The Hindu] Article: https://www.thehindu.com/news/national/tamil-nadu/greenfield-shipyard-in-thoothukudi-a-southern-port-to-development/article71513807.ece
2026-09-27 01:16:48,798 - INFO - [The Hindu] Attempt 1/1: Trying with 'selenium_browser' strategy...
2026-09-27 01:16:48,798 - INFO - [Wired] Article: https://www.wired.com/story/litter-robot-promo-code/
2026-09-27 01:16:48,799 - INFO - [Wired] Attempt 2/2: Trying with 'selenium_browser' strategy...
2026-09-27 01:16:49,717 - ERROR - Error saving article Traders bet on calendar spread as Nifty moves in a tight range - The Economic Times: Hrana: `stream error: `Error { message: "SQLite error: UNIQUE constraint failed: articles.url", code: "SQLITE_CONSTRAINT" }``
2026-09-27 01:16:50,852 - INFO - [Economic Times] Article: https://economictimes.indiatimes.com/nifty-may-find-support-at-5300-level/articleshow/6296017.cms
2026-09-27 01:16:50,852 - INFO - [Economic Times] Attempt 1/2: Trying with 'requests_browser' strategy...
2026-09-27 01:16:51,218 - ERROR - parsed tree length: 1, wrong data type or not valid HTML
2026-09-27 01:16:51,218 - ERROR - empty HTML tree: None
2026-09-27 01:16:51,218 - WARNING - discarding data: None
2026-09-27 01:16:51,219 - WARNING - [Economic Times] FAILED with 'requests_browser' (content was too short: 0 words).
2026-09-27 01:16:52,214 - INFO - [Economic Times] Article: https://economictimes.indiatimes.com/nifty-may-find-support-at-5300-level/articleshow/6296017.cms
2026-09-27 01:16:52,214 - INFO - [Economic Times] Attempt 2/2: Trying with 'selenium_browser' strategy...
2026-09-27 01:16:55,385 - INFO - [The Hindu] Page content loaded.
2026-09-27 01:16:56,316 - INFO - [The Hindu] Success with 'selenium_browser'. Found content (161 words).
2026-09-27 01:16:59,636 - INFO - [Wired] Page content loaded.
2026-09-27 01:16:59,883 - INFO - >>> SUCCESSFULLY SAVED [ID: 126548] - Greenfield shipyard in Thoothukudi: a southern port to development - The Hindu from The Hindu (161 words)
2026-09-27 01:17:00,442 - INFO - [Wired] Success with 'selenium_browser'. Found content (775 words).
2026-09-27 01:17:00,690 - INFO - [The Hindu] Article: https://www.thehindu.com/news/national/sukhbir-singh-sandhu-and-vivek-joshi-dissent-in-the-commission/article71513848.ece
2026-09-27 01:17:00,690 - INFO - [The Hindu] Attempt 1/1: Trying with 'selenium_browser' strategy...
2026-09-27 01:17:03,609 - ERROR - Error saving article Litter-Robot Promo Codes: Up to $150 Off | WIRED: Hrana: `stream error: `Error { message: "SQLite error: UNIQUE constraint failed: articles.url", code: "SQLITE_CONSTRAINT" }``
2026-09-27 01:17:04,948 - INFO - [Wired] Article: https://www.wired.com/story/altra-promo-code/
2026-09-27 01:17:04,948 - INFO - [Wired] Attempt 1/2: Trying with 'requests_browser' strategy...
2026-09-27 01:17:05,080 - ERROR - parsed tree length: 1, wrong data type or not valid HTML
2026-09-27 01:17:05,081 - ERROR - empty HTML tree: None
2026-09-27 01:17:05,081 - WARNING - discarding data: None
2026-09-27 01:17:05,081 - WARNING - [Wired] FAILED with 'requests_browser' (content was too short: 0 words).
2026-09-27 01:17:05,839 - INFO - [Wired] Article: https://www.wired.com/story/altra-promo-code/
2026-09-27 01:17:05,840 - INFO - [Wired] Attempt 2/2: Trying with 'selenium_browser' strategy...
2026-09-27 01:17:07,075 - INFO - [The Hindu] Page content loaded.
2026-09-27 01:17:07,328 - INFO - [The Hindu] Success with 'selenium_browser'. Found content (155 words).
2026-09-27 01:17:10,747 - INFO - >>> SUCCESSFULLY SAVED [ID: 126550] - Sukhbir Singh Sandhu and Vivek Joshi | Dissent in the Election Commission - The Hindu from The Hindu (155 words)
2026-09-27 01:17:11,751 - INFO - [Wired] Page content loaded.
2026-09-27 01:17:12,181 - INFO - [The Hindu] Article: https://www.thehindu.com/news/national/kerala/keralam-to-leverage-ai-cutting-edge-digital-tools-to-reshape-tourism-says-minister/article71513346.ece
2026-09-27 01:17:12,181 - INFO - [The Hindu] Attempt 1/1: Trying with 'selenium_browser' strategy...
2026-09-27 01:17:12,290 - INFO - [Wired] Success with 'selenium_browser'. Found content (784 words).
2026-09-27 01:17:15,341 - ERROR - Error saving article Altra Running Promo Codes: 10% Off September 2026 | WIRED: Hrana: `stream error: `Error { message: "SQLite error: UNIQUE constraint failed: articles.url", code: "SQLITE_CONSTRAINT" }``
2026-09-27 01:17:15,479 - INFO - [The Hindu] Page content loaded.
2026-09-27 01:17:15,830 - WARNING - [The Hindu] FAILED with 'selenium_browser' (content was too short: 81 words).
2026-09-27 01:17:15,830 - ERROR - [The Hindu] All scrape strategies failed for https://www.thehindu.com/news/national/kerala/keralam-to-leverage-ai-cutting-edge-digital-tools-to-reshape-tourism-says-minister/article71513346.ece. Falling back to RSS description.
2026-09-27 01:17:15,831 - WARNING - SKIPPED (GLOBAL WORD LIMIT): Article 'Keralam to leverage AI, cutting-edge digital tools to reshape tourism, says Minister' from The Hindu has only 43 words (Min: 90).
2026-09-27 01:17:16,343 - INFO - [Wired] Early skip: URL https://www.wired.com/story/uncanny-valley-podcast-anonymous-men-turned-cyberharassment-into-group-sport-heres-one-womans-side/ already exists.
2026-09-27 01:17:16,346 - INFO - [Wired] Early skip: URL https://www.wired.com/story/i-finally-found-an-ai-agent-worth-the-risk/ already exists.
2026-09-27 01:17:16,349 - INFO - [Wired] Early skip: URL https://www.wired.com/story/googles-gemini-can-now-make-calls-for-you-on-pixel-phones/ already exists.
2026-09-27 01:17:16,350 - INFO - [Wired] Early skip: URL https://www.wired.com/story/bose-ultra-open-deal-september-2026/ already exists.
2026-09-27 01:17:16,351 - INFO - [Wired] Early skip: URL https://www.wired.com/story/openai-agent-hacked-australias-health-service-their-government-found-out-months-later/ already exists.
2026-09-27 01:17:16,353 - INFO - [Wired] Early skip: URL https://www.wired.com/story/seaworld-wants-to-make-you-horny/ already exists.
2026-09-27 01:17:16,354 - INFO - [Wired] Early skip: URL https://www.wired.com/story/ovary-activity-after-menopause/ already exists.
2026-09-27 01:17:16,356 - INFO - [Wired] Early skip: URL https://www.wired.com/story/this-weeks-noreaster-forecast/ already exists.
2026-09-27 01:17:16,359 - INFO - [Wired] Early skip: URL https://www.wired.com/story/tech-bros-dating-palantir-tesla/ already exists.
2026-09-27 01:17:16,360 - INFO - [Wired] Early skip: URL https://www.wired.com/story/roborock-early-prime-day-deal-sept-2026/ already exists.
2026-09-27 01:17:16,362 - INFO - [Wired] Early skip: URL https://www.wired.com/story/venus-may-have-devoured-its-moon/ already exists.
2026-09-27 01:17:16,363 - INFO - [Wired] Early skip: URL https://www.wired.com/story/best-linux-laptops/ already exists.
2026-09-27 01:17:16,364 - INFO - [Wired] Early skip: URL https://www.wired.com/story/scientists-detect-radio-signals-from-exoplanet-for-first-time-in-history/ already exists.
2026-09-27 01:17:16,367 - INFO - [Wired] Article: https://www.wired.com/story/the-motley-fool-promo-code/
2026-09-27 01:17:16,367 - INFO - [Wired] Attempt 1/2: Trying with 'requests_browser' strategy...
2026-09-27 01:17:16,464 - ERROR - parsed tree length: 1, wrong data type or not valid HTML
2026-09-27 01:17:16,464 - ERROR - empty HTML tree: None
2026-09-27 01:17:16,464 - WARNING - discarding data: None
2026-09-27 01:17:16,464 - WARNING - [Wired] FAILED with 'requests_browser' (content was too short: 0 words).
2026-09-27 01:17:16,982 - INFO - [Wired] Article: https://www.wired.com/story/the-motley-fool-promo-code/
2026-09-27 01:17:16,982 - INFO - [Wired] Attempt 2/2: Trying with 'selenium_browser' strategy...
2026-09-27 01:17:17,238 - INFO - [The Hindu] Article: https://www.thehindu.com/news/national/press-club-condemns-detention-of-journalists-covering-protests-against-cec-gyanesh-kumar/article71513783.ece
2026-09-27 01:17:17,238 - INFO - [The Hindu] Attempt 1/1: Trying with 'selenium_browser' strategy...
2026-09-27 01:17:18,881 - INFO - [Economic Times] Page content loaded.
2026-09-27 01:17:19,240 - INFO - [Wired] Page content loaded.
2026-09-27 01:17:20,184 - INFO - [Wired] Success with 'selenium_browser'. Found content (1065 words).
2026-09-27 01:17:22,537 - INFO - [The Hindu] Page content loaded.
2026-09-27 01:17:23,484 - ERROR - Error saving article Motley Fool Promo Code: $200 Off on Stock Advisor September 2026 | WIRED: Hrana: `stream error: `Error { message: "SQLite error: UNIQUE constraint failed: articles.url", code: "SQLITE_CONSTRAINT" }``
2026-09-27 01:17:23,542 - INFO - [Economic Times] Success with 'selenium_browser'. Found content (411 words).
2026-09-27 01:17:23,674 - INFO - [The Hindu] Success with 'selenium_browser'. Found content (180 words).
2026-09-27 01:17:25,639 - INFO - [Wired] Article: https://www.wired.com/story/airdoctor-coupon-code/
2026-09-27 01:17:26,550 - INFO - [Wired] Attempt 1/2: Trying with 'requests_browser' strategy...
2026-09-27 01:17:26,552 - ERROR - Error saving article Nifty may find support at 5300 level - The Economic Times: Hrana: `stream error: `Error { message: "SQLite error: UNIQUE constraint failed: articles.url", code: "SQLITE_CONSTRAINT" }``
2026-09-27 01:17:26,648 - ERROR - parsed tree length: 1, wrong data type or not valid HTML
2026-09-27 01:17:26,648 - ERROR - empty HTML tree: None
2026-09-27 01:17:26,648 - WARNING - discarding data: None
2026-09-27 01:17:26,648 - WARNING - [Wired] FAILED with 'requests_browser' (content was too short: 0 words).
2026-09-27 01:17:28,085 - INFO - [Wired] Article: https://www.wired.com/story/airdoctor-coupon-code/
2026-09-27 01:17:28,086 - INFO - [Economic Times] Article: https://economictimes.indiatimes.com/seven-out-of-top-10-asian-small-cap-funds-are-indian/articleshow/6295976.cms
2026-09-27 01:17:28,554 - INFO - [Wired] Attempt 2/2: Trying with 'selenium_browser' strategy...
2026-09-27 01:17:29,755 - INFO - [Economic Times] Attempt 1/2: Trying with 'requests_browser' strategy...
2026-09-27 01:17:29,755 - INFO - >>> SUCCESSFULLY SAVED [ID: 126554] - Press Club condemns detention of journalists covering protests against CEC Gyanesh Kumar - The Hindu from The Hindu (180 words)
2026-09-27 01:17:30,094 - ERROR - parsed tree length: 1, wrong data type or not valid HTML
2026-09-27 01:17:30,095 - ERROR - empty HTML tree: None
2026-09-27 01:17:30,095 - WARNING - discarding data: None
2026-09-27 01:17:30,095 - WARNING - [Economic Times] FAILED with 'requests_browser' (content was too short: 0 words).
2026-09-27 01:17:30,614 - INFO - [The Hindu] Article: https://www.thehindu.com/news/national/andhra-pradesh/womans-body-found-in-vtps-cooling-canal-identified/article71513366.ece
2026-09-27 01:17:30,614 - INFO - [The Hindu] Attempt 1/1: Trying with 'selenium_browser' strategy...
2026-09-27 01:17:30,828 - INFO - [Economic Times] Article: https://economictimes.indiatimes.com/seven-out-of-top-10-asian-small-cap-funds-are-indian/articleshow/6295976.cms
2026-09-27 01:17:30,828 - INFO - [Economic Times] Attempt 2/2: Trying with 'selenium_browser' strategy...
2026-09-27 01:17:31,362 - INFO - [Wired] Page content loaded.
2026-09-27 01:17:32,074 - INFO - [Wired] Success with 'selenium_browser'. Found content (752 words).
2026-09-27 01:17:35,110 - INFO - [The Hindu] Page content loaded.
2026-09-27 01:17:35,111 - ERROR - Error saving article AirDoctor Coupon Codes: 40% Off | September 2026 | WIRED: Hrana: `stream error: `Error { message: "SQLite error: UNIQUE constraint failed: articles.url", code: "SQLITE_CONSTRAINT" }``
2026-09-27 01:17:35,271 - WARNING - [The Hindu] FAILED with 'selenium_browser' (content was too short: 57 words).
2026-09-27 01:17:35,274 - ERROR - [The Hindu] All scrape strategies failed for https://www.thehindu.com/news/national/andhra-pradesh/womans-body-found-in-vtps-cooling-canal-identified/article71513366.ece. Falling back to RSS description.
2026-09-27 01:17:35,274 - WARNING - SKIPPED (GLOBAL WORD LIMIT): Article 'Woman’s body found in VTPS cooling canal identified' from The Hindu has only 3 words (Min: 90).
2026-09-27 01:17:36,260 - INFO - [The Hindu] Article: https://www.thehindu.com/news/national/andhra-pradesh/sachivalayam-staff-plan-to-organise-chalo-vijayawada-on-september-27/article71513451.ece
2026-09-27 01:17:36,260 - INFO - [The Hindu] Attempt 1/1: Trying with 'selenium_browser' strategy...
2026-09-27 01:17:36,360 - INFO - [Wired] Article: https://www.wired.com/story/doordash-promo-code/
2026-09-27 01:17:36,360 - INFO - [Wired] Attempt 1/2: Trying with 'requests_browser' strategy...
2026-09-27 01:17:36,482 - ERROR - parsed tree length: 1, wrong data type or not valid HTML
2026-09-27 01:17:36,482 - ERROR - empty HTML tree: None
2026-09-27 01:17:36,482 - WARNING - discarding data: None
2026-09-27 01:17:36,485 - WARNING - [Wired] FAILED with 'requests_browser' (content was too short: 0 words).
2026-09-27 01:17:37,058 - INFO - [Economic Times] Page content loaded.
2026-09-27 01:17:37,066 - INFO - [Wired] Article: https://www.wired.com/story/doordash-promo-code/
2026-09-27 01:17:37,066 - INFO - [Wired] Attempt 2/2: Trying with 'selenium_browser' strategy...
2026-09-27 01:17:37,959 - INFO - [Economic Times] Success with 'selenium_browser'. Found content (607 words).
2026-09-27 01:17:41,177 - ERROR - Error saving article Seven out of top 10 Asian small-cap funds are Indian - The Economic Times: Hrana: `stream error: `Error { message: "SQLite error: UNIQUE constraint failed: articles.url", code: "SQLITE_CONSTRAINT" }``
2026-09-27 01:17:41,336 - INFO - [Wired] Page content loaded.
2026-09-27 01:17:41,352 - INFO - [The Hindu] Page content loaded.
2026-09-27 01:17:41,736 - WARNING - [The Hindu] FAILED with 'selenium_browser' (content was too short: 68 words).
2026-09-27 01:17:41,736 - ERROR - [The Hindu] All scrape strategies failed for https://www.thehindu.com/news/national/andhra-pradesh/sachivalayam-staff-plan-to-organise-chalo-vijayawada-on-september-27/article71513451.ece. Falling back to RSS description.
2026-09-27 01:17:41,736 - WARNING - SKIPPED (GLOBAL WORD LIMIT): Article 'Sachivalayam staff plan to organise ‘Chalo Vijayawada’ on September 27' from The Hindu has only 22 words (Min: 90).
2026-09-27 01:17:42,222 - INFO - [Wired] Success with 'selenium_browser'. Found content (1286 words).
2026-09-27 01:17:43,768 - INFO - [Economic Times] Article: https://economictimes.indiatimes.com/inflation-reflects-growth-dynamics-in-india-christopher-wood/articleshow/6274053.cms
2026-09-27 01:17:43,769 - INFO - [Economic Times] Attempt 1/2: Trying with 'requests_browser' strategy...
2026-09-27 01:17:43,769 - INFO - [The Hindu] Article: https://www.thehindu.com/news/national/andhra-pradesh/minister-asks-newly-recruited-constables-to-serve-people-sincerely/article71512168.ece
2026-09-27 01:17:44,219 - INFO - [The Hindu] Attempt 1/1: Trying with 'selenium_browser' strategy...
2026-09-27 01:17:45,134 - ERROR - Error saving article 50% Off DoorDash Promo Code | September 2026 | WIRED: Hrana: `stream error: `Error { message: "SQLite error: UNIQUE constraint failed: articles.url", code: "SQLITE_CONSTRAINT" }``
2026-09-27 01:17:45,144 - ERROR - parsed tree length: 1, wrong data type or not valid HTML
2026-09-27 01:17:45,144 - ERROR - empty HTML tree: None
2026-09-27 01:17:45,145 - WARNING - discarding data: None
2026-09-27 01:17:45,145 - WARNING - [Economic Times] FAILED with 'requests_browser' (content was too short: 0 words).
2026-09-27 01:17:46,009 - INFO - [Economic Times] Article: https://economictimes.indiatimes.com/inflation-reflects-growth-dynamics-in-india-christopher-wood/articleshow/6274053.cms
2026-09-27 01:17:46,009 - INFO - [Economic Times] Attempt 2/2: Trying with 'selenium_browser' strategy...
2026-09-27 01:17:46,267 - INFO - [Wired] (Thread) Finished. Attempting to shut down its Selenium driver.
2026-09-27 01:17:46,603 - INFO - [Wired] (Thread) driver.quit() successful.
2026-09-27 01:17:47,398 - INFO - [The Hindu] Page content loaded.
2026-09-27 01:17:47,721 - WARNING - [The Hindu] FAILED with 'selenium_browser' (content was too short: 89 words).
2026-09-27 01:17:47,721 - ERROR - [The Hindu] All scrape strategies failed for https://www.thehindu.com/news/national/andhra-pradesh/minister-asks-newly-recruited-constables-to-serve-people-sincerely/article71512168.ece. Falling back to RSS description.
2026-09-27 01:17:47,721 - WARNING - SKIPPED (GLOBAL WORD LIMIT): Article 'Minister urges newly recruited constables to serve people sincerely' from The Hindu has only 3 words (Min: 90).
2026-09-27 01:17:48,430 - INFO - [Economic Times] Page content loaded.
2026-09-27 01:17:48,975 - INFO - [Economic Times] Success with 'selenium_browser'. Found content (4404 words).
2026-09-27 01:17:49,068 - INFO - [The Hindu] Early skip: URL https://www.thehindu.com/sport/asian-games-2026-live-updates-on-september-26-2026/article71510179.ece already exists.
2026-09-27 01:17:49,080 - INFO - [The Hindu] Article: https://www.thehindu.com/news/national/karnataka/1651-lakh-applications-for-11249-posts-big-demand-for-government-jobs-in-state/article71491076.ece
2026-09-27 01:17:49,080 - INFO - [The Hindu] Attempt 1/1: Trying with 'selenium_browser' strategy...
2026-09-27 01:17:52,074 - ERROR - Error saving article Inflation reflects growth dynamics in India: Christopher Wood - The Economic Times: Hrana: `stream error: `Error { message: "SQLite error: UNIQUE constraint failed: articles.url", code: "SQLITE_CONSTRAINT" }``
2026-09-27 01:17:53,322 - INFO - [Economic Times] Article: https://economictimes.indiatimes.com/market-may-trade-in-a-range-but-fiis-seen-sold-on-india/articleshow/6277705.cms
2026-09-27 01:17:53,322 - INFO - [Economic Times] Attempt 1/2: Trying with 'requests_browser' strategy...
2026-09-27 01:17:53,630 - ERROR - parsed tree length: 1, wrong data type or not valid HTML
2026-09-27 01:17:53,631 - ERROR - empty HTML tree: None
2026-09-27 01:17:53,631 - WARNING - discarding data: None
2026-09-27 01:17:53,631 - WARNING - [Economic Times] FAILED with 'requests_browser' (content was too short: 0 words).
2026-09-27 01:17:54,300 - INFO - [Economic Times] Article: https://economictimes.indiatimes.com/market-may-trade-in-a-range-but-fiis-seen-sold-on-india/articleshow/6277705.cms
2026-09-27 01:17:54,300 - INFO - [Economic Times] Attempt 2/2: Trying with 'selenium_browser' strategy...
2026-09-27 01:17:54,707 - INFO - [The Hindu] Page content loaded.
2026-09-27 01:17:54,855 - INFO - [The Hindu] Success with 'selenium_browser'. Found content (91 words).
2026-09-27 01:17:58,537 - INFO - >>> SUCCESSFULLY SAVED [ID: 126559] - 16.51 lakh applications for 11,249 posts: Big demand for government jobs in State - The Hindu from The Hindu (91 words)
2026-09-27 01:17:58,776 - INFO - [Economic Times] Page content loaded.
2026-09-27 01:17:58,902 - INFO - [Economic Times] Success with 'selenium_browser'. Found content (432 words).
2026-09-27 01:18:00,457 - INFO - [The Hindu] Article: https://www.thehindu.com/news/national/kerala/shashi-tharoor-releases-iim-k-directors-first-book-of-poetry/article71513003.ece
2026-09-27 01:18:00,457 - INFO - [The Hindu] Attempt 1/1: Trying with 'selenium_browser' strategy...
2026-09-27 01:18:01,891 - ERROR - Error saving article Market may trade in a range, but FIIs seen sold on India - The Economic Times: Hrana: `stream error: `Error { message: "SQLite error: UNIQUE constraint failed: articles.url", code: "SQLITE_CONSTRAINT" }``
2026-09-27 01:18:02,840 - INFO - [Economic Times] Article: https://economictimes.indiatimes.com/dont-bank-only-on-price-to-earning-ratio/articleshow/6278228.cms
2026-09-27 01:18:02,840 - INFO - [Economic Times] Attempt 1/2: Trying with 'requests_browser' strategy...
2026-09-27 01:18:03,253 - ERROR - parsed tree length: 1, wrong data type or not valid HTML
2026-09-27 01:18:03,253 - ERROR - empty HTML tree: None
2026-09-27 01:18:03,253 - WARNING - discarding data: None
2026-09-27 01:18:03,253 - WARNING - [Economic Times] FAILED with 'requests_browser' (content was too short: 0 words).
2026-09-27 01:18:03,988 - INFO - [Economic Times] Article: https://economictimes.indiatimes.com/dont-bank-only-on-price-to-earning-ratio/articleshow/6278228.cms
2026-09-27 01:18:03,988 - INFO - [Economic Times] Attempt 2/2: Trying with 'selenium_browser' strategy...
2026-09-27 01:18:04,557 - INFO - [The Hindu] Page content loaded.
2026-09-27 01:18:04,844 - INFO - [The Hindu] Success with 'selenium_browser'. Found content (229 words).
2026-09-27 01:18:07,857 - INFO - [Economic Times] Page content loaded.
2026-09-27 01:18:08,119 - INFO - >>> SUCCESSFULLY SAVED [ID: 126561] - Shashi Tharoor releases IIM-K Director’s first book of poetry - The Hindu from The Hindu (229 words)
2026-09-27 01:18:08,386 - INFO - [Economic Times] Success with 'selenium_browser'. Found content (447 words).
2026-09-27 01:18:09,889 - INFO - [The Hindu] Target reached: Successfully saved 20 new articles.
2026-09-27 01:18:10,337 - INFO - [The Hindu] (Thread) Finished. Attempting to shut down its Selenium driver.
2026-09-27 01:18:11,269 - ERROR - Error saving article 'Don't bank only on price-to-earning ratio' - The Economic Times: Hrana: `stream error: `Error { message: "SQLite error: UNIQUE constraint failed: articles.url", code: "SQLITE_CONSTRAINT" }``
2026-09-27 01:18:11,272 - INFO - [The Hindu] (Thread) driver.quit() successful.
2026-09-27 01:18:12,438 - INFO - [Economic Times] Article: https://economictimes.indiatimes.com/markets/stocks/recos/prabhudas-lilladher-has-a-reduce-rating-on-infosys/articleshow/3798718.cms
2026-09-27 01:18:12,439 - INFO - [Economic Times] Attempt 1/2: Trying with 'requests_browser' strategy...
2026-09-27 01:18:12,749 - ERROR - parsed tree length: 1, wrong data type or not valid HTML
2026-09-27 01:18:12,749 - ERROR - empty HTML tree: None
2026-09-27 01:18:12,749 - WARNING - discarding data: None
2026-09-27 01:18:12,749 - WARNING - [Economic Times] FAILED with 'requests_browser' (content was too short: 0 words).
2026-09-27 01:18:13,331 - INFO - [Economic Times] Article: https://economictimes.indiatimes.com/markets/stocks/recos/prabhudas-lilladher-has-a-reduce-rating-on-infosys/articleshow/3798718.cms
2026-09-27 01:18:13,331 - INFO - [Economic Times] Attempt 2/2: Trying with 'selenium_browser' strategy...
2026-09-27 01:18:14,412 - INFO - [Economic Times] Page content loaded.
2026-09-27 01:18:14,849 - INFO - [Economic Times] Success with 'selenium_browser'. Found content (259 words).
2026-09-27 01:18:17,811 - ERROR - Error saving article Prabhudas Lilladher has a ‘reduce’ rating on Infosys - The Economic Times: Hrana: `stream error: `Error { message: "SQLite error: UNIQUE constraint failed: articles.url", code: "SQLITE_CONSTRAINT" }``
2026-09-27 01:18:18,966 - INFO - [Economic Times] Article: https://economictimes.indiatimes.com/markets/stocks/recos/fin-crisis-too-late-and-too-little-done-in-us/articleshow/3794549.cms
2026-09-27 01:18:18,966 - INFO - [Economic Times] Attempt 1/2: Trying with 'requests_browser' strategy...
2026-09-27 01:18:19,324 - ERROR - parsed tree length: 1, wrong data type or not valid HTML
2026-09-27 01:18:19,324 - ERROR - empty HTML tree: None
2026-09-27 01:18:19,324 - WARNING - discarding data: None
2026-09-27 01:18:19,324 - WARNING - [Economic Times] FAILED with 'requests_browser' (content was too short: 0 words).
2026-09-27 01:18:20,194 - INFO - [Economic Times] Article: https://economictimes.indiatimes.com/markets/stocks/recos/fin-crisis-too-late-and-too-little-done-in-us/articleshow/3794549.cms
2026-09-27 01:18:20,194 - INFO - [Economic Times] Attempt 2/2: Trying with 'selenium_browser' strategy...
2026-09-27 01:18:21,409 - INFO - [Economic Times] Page content loaded.
2026-09-27 01:18:21,788 - INFO - [Economic Times] Success with 'selenium_browser'. Found content (868 words).
2026-09-27 01:18:24,737 - ERROR - Error saving article Fin Crisis: Too late and too little done in US - The Economic Times: Hrana: `stream error: `Error { message: "SQLite error: UNIQUE constraint failed: articles.url", code: "SQLITE_CONSTRAINT" }``
2026-09-27 01:18:25,936 - INFO - [Economic Times] Article: https://economictimes.indiatimes.com/markets/forex/weak-rupee-takes-its-toll-on-cos-with-huge-foreign-debt/articleshow/3546158.cms
2026-09-27 01:18:25,936 - INFO - [Economic Times] Attempt 1/2: Trying with 'requests_browser' strategy...
2026-09-27 01:18:26,323 - ERROR - parsed tree length: 1, wrong data type or not valid HTML
2026-09-27 01:18:26,323 - ERROR - empty HTML tree: None
2026-09-27 01:18:26,323 - WARNING - discarding data: None
2026-09-27 01:18:26,323 - WARNING - [Economic Times] FAILED with 'requests_browser' (content was too short: 0 words).
2026-09-27 01:18:27,100 - INFO - [Economic Times] Article: https://economictimes.indiatimes.com/markets/forex/weak-rupee-takes-its-toll-on-cos-with-huge-foreign-debt/articleshow/3546158.cms
2026-09-27 01:18:27,101 - INFO - [Economic Times] Attempt 2/2: Trying with 'selenium_browser' strategy...
2026-09-27 01:18:28,768 - INFO - [Economic Times] Page content loaded.
2026-09-27 01:18:29,340 - INFO - [Economic Times] Success with 'selenium_browser'. Found content (422 words).
2026-09-27 01:18:32,341 - ERROR - Error saving article Weak rupee takes its toll on cos with huge foreign debt - The Economic Times: Hrana: `stream error: `Error { message: "SQLite error: UNIQUE constraint failed: articles.url", code: "SQLITE_CONSTRAINT" }``
2026-09-27 01:18:33,715 - INFO - [Economic Times] Article: https://economictimes.indiatimes.com/markets/stocks/recos/wait-for-more-signals-before-turning-positive/articleshow/3292640.cms
2026-09-27 01:18:33,715 - INFO - [Economic Times] Attempt 1/2: Trying with 'requests_browser' strategy...
2026-09-27 01:18:34,020 - ERROR - parsed tree length: 1, wrong data type or not valid HTML
2026-09-27 01:18:34,020 - ERROR - empty HTML tree: None
2026-09-27 01:18:34,020 - WARNING - discarding data: None
2026-09-27 01:18:34,020 - WARNING - [Economic Times] FAILED with 'requests_browser' (content was too short: 0 words).
2026-09-27 01:18:34,759 - INFO - [Economic Times] Article: https://economictimes.indiatimes.com/markets/stocks/recos/wait-for-more-signals-before-turning-positive/articleshow/3292640.cms
2026-09-27 01:18:34,759 - INFO - [Economic Times] Attempt 2/2: Trying with 'selenium_browser' strategy...
2026-09-27 01:18:36,120 - INFO - [Economic Times] Page content loaded.
2026-09-27 01:18:36,470 - INFO - [Economic Times] Success with 'selenium_browser'. Found content (761 words).
2026-09-27 01:18:39,385 - ERROR - Error saving article Wait for more signals before turning positive - The Economic Times: Hrana: `stream error: `Error { message: "SQLite error: UNIQUE constraint failed: articles.url", code: "SQLITE_CONSTRAINT" }``
2026-09-27 01:18:40,049 - INFO - [Economic Times] Article: https://economictimes.indiatimes.com/news/company/corporate-trends/six-indian-cos-among-businessweeks-top-100-infotech-firms/articleshow/3189334.cms
2026-09-27 01:18:40,049 - INFO - [Economic Times] Attempt 1/2: Trying with 'requests_browser' strategy...
2026-09-27 01:18:40,390 - INFO - [Economic Times] Success with 'requests_browser'. Found content (370 words).
2026-09-27 01:18:43,333 - ERROR - Error saving article Six Indian cos among BusinessWeek's top 100 Infotech firms - The Economic Times: Hrana: `stream error: `Error { message: "SQLite error: UNIQUE constraint failed: articles.url", code: "SQLITE_CONSTRAINT" }``
2026-09-27 01:18:44,507 - INFO - [Economic Times] Article: https://economictimes.indiatimes.com/news/company/corporate-trends/indian-firms-slip-in-global-ranking-four-move-out-of-top-500/articleshow/3177077.cms
2026-09-27 01:18:44,508 - INFO - [Economic Times] Attempt 1/2: Trying with 'requests_browser' strategy...
2026-09-27 01:18:44,837 - INFO - [Economic Times] Success with 'requests_browser'. Found content (1044 words).
2026-09-27 01:18:47,740 - ERROR - Error saving article Indian firms slip in global ranking; four move out of Top-500 - The Economic Times: Hrana: `stream error: `Error { message: "SQLite error: UNIQUE constraint failed: articles.url", code: "SQLITE_CONSTRAINT" }``
2026-09-27 01:18:48,305 - INFO - [Economic Times] Article: https://economictimes.indiatimes.com/markets/stocks/news/big-daddy-laps-up-cipla-after-q1-nos-beat-forecast/articleshow/6308646.cms
2026-09-27 01:18:48,305 - INFO - [Economic Times] Attempt 1/2: Trying with 'requests_browser' strategy...
2026-09-27 01:18:48,767 - ERROR - parsed tree length: 1, wrong data type or not valid HTML
2026-09-27 01:18:48,767 - ERROR - empty HTML tree: None
2026-09-27 01:18:48,768 - WARNING - discarding data: None
2026-09-27 01:18:48,768 - WARNING - [Economic Times] FAILED with 'requests_browser' (content was too short: 0 words).
2026-09-27 01:18:49,718 - INFO - [Economic Times] Article: https://economictimes.indiatimes.com/markets/stocks/news/big-daddy-laps-up-cipla-after-q1-nos-beat-forecast/articleshow/6308646.cms
2026-09-27 01:18:49,718 - INFO - [Economic Times] Attempt 2/2: Trying with 'selenium_browser' strategy...
2026-09-27 01:18:51,279 - INFO - [Economic Times] Page content loaded.
2026-09-27 01:18:51,630 - INFO - [Economic Times] Success with 'selenium_browser'. Found content (594 words).
2026-09-27 01:18:54,542 - ERROR - Error saving article 'Big Daddy' laps up Cipla after Q1 nos beat forecast - The Economic Times: Hrana: `stream error: `Error { message: "SQLite error: UNIQUE constraint failed: articles.url", code: "SQLITE_CONSTRAINT" }``
2026-09-27 01:18:55,747 - INFO - [Economic Times] Article: https://economictimes.indiatimes.com/markets/stocks/news/old-fox-has-dream-run-on-dalal-street/articleshow/6308631.cms
2026-09-27 01:18:55,747 - INFO - [Economic Times] Attempt 1/2: Trying with 'requests_browser' strategy...
2026-09-27 01:18:56,105 - ERROR - parsed tree length: 1, wrong data type or not valid HTML
2026-09-27 01:18:56,108 - ERROR - empty HTML tree: None
2026-09-27 01:18:56,108 - WARNING - discarding data: None
2026-09-27 01:18:56,108 - WARNING - [Economic Times] FAILED with 'requests_browser' (content was too short: 0 words).
2026-09-27 01:18:56,841 - INFO - [Economic Times] Article: https://economictimes.indiatimes.com/markets/stocks/news/old-fox-has-dream-run-on-dalal-street/articleshow/6308631.cms
2026-09-27 01:18:56,841 - INFO - [Economic Times] Attempt 2/2: Trying with 'selenium_browser' strategy...
2026-09-27 01:19:07,015 - INFO - [Economic Times] Page content loaded.
2026-09-27 01:19:07,638 - INFO - [Economic Times] Success with 'selenium_browser'. Found content (643 words).
2026-09-27 01:19:10,596 - ERROR - Error saving article Old Fox has dream run on Dalal Street - The Economic Times: Hrana: `stream error: `Error { message: "SQLite error: UNIQUE constraint failed: articles.url", code: "SQLITE_CONSTRAINT" }``
2026-09-27 01:19:11,265 - INFO - [Economic Times] Article: https://economictimes.indiatimes.com/markets/stocks/news/cairn-india-hits-record-high-on-bse-amid-stake-sale-talks/articleshow/6306679.cms
2026-09-27 01:19:11,265 - INFO - [Economic Times] Attempt 1/2: Trying with 'requests_browser' strategy...
2026-09-27 01:19:11,612 - ERROR - parsed tree length: 1, wrong data type or not valid HTML
2026-09-27 01:19:11,612 - ERROR - empty HTML tree: None
2026-09-27 01:19:11,612 - WARNING - discarding data: None
2026-09-27 01:19:11,612 - WARNING - [Economic Times] FAILED with 'requests_browser' (content was too short: 0 words).
2026-09-27 01:19:12,139 - INFO - [Economic Times] Article: https://economictimes.indiatimes.com/markets/stocks/news/cairn-india-hits-record-high-on-bse-amid-stake-sale-talks/articleshow/6306679.cms
2026-09-27 01:19:12,139 - INFO - [Economic Times] Attempt 2/2: Trying with 'selenium_browser' strategy...
2026-09-27 01:19:13,721 - INFO - [Economic Times] Page content loaded.
2026-09-27 01:19:14,056 - INFO - [Economic Times] Success with 'selenium_browser'. Found content (363 words).
2026-09-27 01:19:16,960 - ERROR - Error saving article Cairn India hits record high on BSE amid stake sale talks - The Economic Times: Hrana: `stream error: `Error { message: "SQLite error: UNIQUE constraint failed: articles.url", code: "SQLITE_CONSTRAINT" }``
2026-09-27 01:19:17,964 - INFO - [Economic Times] Article: https://economictimes.indiatimes.com/markets/stocks/news/vedanta-plunges-5-59-per-cent-on-lse-amid-talks-to-buy-cairn-stake/articleshow/6306526.cms
2026-09-27 01:19:17,964 - INFO - [Economic Times] Attempt 1/2: Trying with 'requests_browser' strategy...
2026-09-27 01:19:18,272 - ERROR - parsed tree length: 1, wrong data type or not valid HTML
2026-09-27 01:19:18,272 - ERROR - empty HTML tree: None
2026-09-27 01:19:18,272 - WARNING - discarding data: None
2026-09-27 01:19:18,273 - WARNING - [Economic Times] FAILED with 'requests_browser' (content was too short: 0 words).
2026-09-27 01:19:18,860 - INFO - [Economic Times] Article: https://economictimes.indiatimes.com/markets/stocks/news/vedanta-plunges-5-59-per-cent-on-lse-amid-talks-to-buy-cairn-stake/articleshow/6306526.cms
2026-09-27 01:19:18,861 - INFO - [Economic Times] Attempt 2/2: Trying with 'selenium_browser' strategy...
2026-09-27 01:19:20,497 - INFO - [Economic Times] Page content loaded.
2026-09-27 01:19:20,816 - INFO - [Economic Times] Success with 'selenium_browser'. Found content (397 words).
2026-09-27 01:19:24,096 - ERROR - Error saving article Cairn: Vedanta plunges 5.59 per cent on LSE amid talks to buy Cairn stake - The Economic Times: Hrana: `stream error: `Error { message: "SQLite error: UNIQUE constraint failed: articles.url", code: "SQLITE_CONSTRAINT" }``
2026-09-27 01:19:25,470 - INFO - [Economic Times] Article: https://economictimes.indiatimes.com/markets/stocks/news/sbi-shares-on-gaining-spree-hit-record-high/articleshow/6306241.cms
2026-09-27 01:19:25,470 - INFO - [Economic Times] Attempt 1/2: Trying with 'requests_browser' strategy...
2026-09-27 01:19:25,836 - ERROR - parsed tree length: 1, wrong data type or not valid HTML
2026-09-27 01:19:25,836 - ERROR - empty HTML tree: None
2026-09-27 01:19:25,836 - WARNING - discarding data: None
2026-09-27 01:19:25,836 - WARNING - [Economic Times] FAILED with 'requests_browser' (content was too short: 0 words).
2026-09-27 01:19:26,527 - INFO - [Economic Times] Article: https://economictimes.indiatimes.com/markets/stocks/news/sbi-shares-on-gaining-spree-hit-record-high/articleshow/6306241.cms
2026-09-27 01:19:26,527 - INFO - [Economic Times] Attempt 2/2: Trying with 'selenium_browser' strategy...
2026-09-27 01:19:27,948 - CRITICAL - --- TIMEOUT: 1 scrape jobs did not complete in 420s. ---
2026-09-27 01:19:27,949 - ERROR - A thread has timed out and will be abandoned.
2026-09-27 01:19:27,949 - INFO - Shutting down thread pool (wait=False)...
2026-09-27 01:19:27,949 - INFO - Scraped: 0 Indian Express, 20 The Hindu, 0 Wired, 0 TechCrunch, 0 NDTV, 4 Al Jazeera, 0 BBC, 1 Times of India, 1 Timed_Out_Jobs articles. (Total saved: 25)
2026-09-27 01:19:27,949 - INFO - --- Scraping job finished ---
2026-09-27 01:19:27,949 - INFO - --- Scraper service stopped. ---
2026-09-27 01:19:27,949 - INFO - --- Main thread finished. Forcing process exit to kill zombie threads. ---
