2026-08-10 21:44:41,975 - INFO - Loading AI Semantic Model (all-MiniLM-L6-v2)...
2026-08-10 21:44:41,975 - INFO - No device provided, using cpu
2026-08-10 21:44:42,052 - INFO - HTTP Request: GET https://huggingface.co/api/agent-harnesses "HTTP/1.1 200 OK"
2026-08-10 21:44:42,073 - INFO - HTTP Request: HEAD https://huggingface.co/sentence-transformers/all-MiniLM-L6-v2/resolve/main/modules.json "HTTP/1.1 307 Temporary Redirect"
2026-08-10 21:44:42,074 - WARNING - Warning: You are sending unauthenticated requests to the HF Hub. Please set a HF_TOKEN to enable higher rate limits and faster downloads.
2026-08-10 21:44:42,084 - INFO - HTTP Request: HEAD https://huggingface.co/api/resolve-cache/models/sentence-transformers/all-MiniLM-L6-v2/1110a243fdf4706b3f48f1d95db1a4f5529b4d41/modules.json "HTTP/1.1 200 OK"
2026-08-10 21:44:42,108 - INFO - HTTP Request: HEAD https://huggingface.co/sentence-transformers/all-MiniLM-L6-v2/resolve/main/config_sentence_transformers.json "HTTP/1.1 307 Temporary Redirect"
2026-08-10 21:44:42,118 - INFO - HTTP Request: HEAD https://huggingface.co/api/resolve-cache/models/sentence-transformers/all-MiniLM-L6-v2/1110a243fdf4706b3f48f1d95db1a4f5529b4d41/config_sentence_transformers.json "HTTP/1.1 200 OK"
2026-08-10 21:44:42,119 - INFO - Loading SentenceTransformer model from sentence-transformers/all-MiniLM-L6-v2.
2026-08-10 21:44:42,139 - INFO - HTTP Request: HEAD https://huggingface.co/sentence-transformers/all-MiniLM-L6-v2/resolve/main/config_sentence_transformers.json "HTTP/1.1 307 Temporary Redirect"
2026-08-10 21:44:42,149 - INFO - HTTP Request: HEAD https://huggingface.co/api/resolve-cache/models/sentence-transformers/all-MiniLM-L6-v2/1110a243fdf4706b3f48f1d95db1a4f5529b4d41/config_sentence_transformers.json "HTTP/1.1 200 OK"
2026-08-10 21:44:42,173 - INFO - HTTP Request: HEAD https://huggingface.co/sentence-transformers/all-MiniLM-L6-v2/resolve/main/README.md "HTTP/1.1 307 Temporary Redirect"
2026-08-10 21:44:42,183 - INFO - HTTP Request: HEAD https://huggingface.co/api/resolve-cache/models/sentence-transformers/all-MiniLM-L6-v2/1110a243fdf4706b3f48f1d95db1a4f5529b4d41/README.md "HTTP/1.1 200 OK"
2026-08-10 21:44:42,193 - INFO - HTTP Request: GET https://huggingface.co/api/resolve-cache/models/sentence-transformers/all-MiniLM-L6-v2/1110a243fdf4706b3f48f1d95db1a4f5529b4d41/README.md "HTTP/1.1 200 OK"
2026-08-10 21:44:42,217 - INFO - HTTP Request: HEAD https://huggingface.co/sentence-transformers/all-MiniLM-L6-v2/resolve/main/modules.json "HTTP/1.1 307 Temporary Redirect"
2026-08-10 21:44:42,226 - INFO - HTTP Request: HEAD https://huggingface.co/api/resolve-cache/models/sentence-transformers/all-MiniLM-L6-v2/1110a243fdf4706b3f48f1d95db1a4f5529b4d41/modules.json "HTTP/1.1 200 OK"
2026-08-10 21:44:42,247 - INFO - HTTP Request: HEAD https://huggingface.co/sentence-transformers/all-MiniLM-L6-v2/resolve/main/sentence_bert_config.json "HTTP/1.1 307 Temporary Redirect"
2026-08-10 21:44:42,256 - INFO - HTTP Request: HEAD https://huggingface.co/api/resolve-cache/models/sentence-transformers/all-MiniLM-L6-v2/1110a243fdf4706b3f48f1d95db1a4f5529b4d41/sentence_bert_config.json "HTTP/1.1 200 OK"
2026-08-10 21:44:42,278 - INFO - HTTP Request: HEAD https://huggingface.co/sentence-transformers/all-MiniLM-L6-v2/resolve/main/adapter_config.json "HTTP/1.1 404 Not Found"
2026-08-10 21:44:42,299 - INFO - HTTP Request: HEAD https://huggingface.co/sentence-transformers/all-MiniLM-L6-v2/resolve/main/config.json "HTTP/1.1 307 Temporary Redirect"
2026-08-10 21:44:42,309 - INFO - HTTP Request: HEAD https://huggingface.co/api/resolve-cache/models/sentence-transformers/all-MiniLM-L6-v2/1110a243fdf4706b3f48f1d95db1a4f5529b4d41/config.json "HTTP/1.1 200 OK"
2026-08-10 21:44:42,382 - INFO - HTTP Request: HEAD https://huggingface.co/sentence-transformers/all-MiniLM-L6-v2/resolve/main/model.safetensors "HTTP/1.1 302 Found"
2026-08-10 21:44:42,510 - INFO - HTTP Request: HEAD https://huggingface.co/sentence-transformers/all-MiniLM-L6-v2/resolve/main/processor_config.json "HTTP/1.1 404 Not Found"
2026-08-10 21:44:42,533 - INFO - HTTP Request: HEAD https://huggingface.co/sentence-transformers/all-MiniLM-L6-v2/resolve/main/preprocessor_config.json "HTTP/1.1 404 Not Found"
2026-08-10 21:44:42,556 - INFO - HTTP Request: HEAD https://huggingface.co/sentence-transformers/all-MiniLM-L6-v2/resolve/main/video_preprocessor_config.json "HTTP/1.1 404 Not Found"
2026-08-10 21:44:42,579 - INFO - HTTP Request: HEAD https://huggingface.co/sentence-transformers/all-MiniLM-L6-v2/resolve/main/preprocessor_config.json "HTTP/1.1 404 Not Found"
2026-08-10 21:44:42,598 - INFO - HTTP Request: HEAD https://huggingface.co/sentence-transformers/all-MiniLM-L6-v2/resolve/main/tokenizer_config.json "HTTP/1.1 307 Temporary Redirect"
2026-08-10 21:44:42,608 - INFO - HTTP Request: HEAD https://huggingface.co/api/resolve-cache/models/sentence-transformers/all-MiniLM-L6-v2/1110a243fdf4706b3f48f1d95db1a4f5529b4d41/tokenizer_config.json "HTTP/1.1 200 OK"
2026-08-10 21:44:42,629 - INFO - HTTP Request: HEAD https://huggingface.co/sentence-transformers/all-MiniLM-L6-v2/resolve/main/config.json "HTTP/1.1 307 Temporary Redirect"
2026-08-10 21:44:42,639 - INFO - HTTP Request: HEAD https://huggingface.co/api/resolve-cache/models/sentence-transformers/all-MiniLM-L6-v2/1110a243fdf4706b3f48f1d95db1a4f5529b4d41/config.json "HTTP/1.1 200 OK"
2026-08-10 21:44:42,663 - INFO - HTTP Request: HEAD https://huggingface.co/sentence-transformers/all-MiniLM-L6-v2/resolve/main/config.json "HTTP/1.1 307 Temporary Redirect"
2026-08-10 21:44:42,672 - INFO - HTTP Request: HEAD https://huggingface.co/api/resolve-cache/models/sentence-transformers/all-MiniLM-L6-v2/1110a243fdf4706b3f48f1d95db1a4f5529b4d41/config.json "HTTP/1.1 200 OK"
2026-08-10 21:44:42,693 - INFO - HTTP Request: HEAD https://huggingface.co/sentence-transformers/all-MiniLM-L6-v2/resolve/main/tokenizer_config.json "HTTP/1.1 307 Temporary Redirect"
2026-08-10 21:44:42,703 - INFO - HTTP Request: HEAD https://huggingface.co/api/resolve-cache/models/sentence-transformers/all-MiniLM-L6-v2/1110a243fdf4706b3f48f1d95db1a4f5529b4d41/tokenizer_config.json "HTTP/1.1 200 OK"
2026-08-10 21:44:42,727 - INFO - HTTP Request: GET https://huggingface.co/api/models/sentence-transformers/all-MiniLM-L6-v2/tree/main/additional_chat_templates?recursive=false&expand=false "HTTP/1.1 404 Not Found"
2026-08-10 21:44:42,754 - INFO - HTTP Request: GET https://huggingface.co/api/models/sentence-transformers/all-MiniLM-L6-v2/tree/main?recursive=true&expand=false "HTTP/1.1 200 OK"
2026-08-10 21:44:42,775 - INFO - HTTP Request: HEAD https://huggingface.co/sentence-transformers/all-MiniLM-L6-v2/resolve/main/vocab.txt "HTTP/1.1 307 Temporary Redirect"
2026-08-10 21:44:42,785 - INFO - HTTP Request: HEAD https://huggingface.co/api/resolve-cache/models/sentence-transformers/all-MiniLM-L6-v2/1110a243fdf4706b3f48f1d95db1a4f5529b4d41/vocab.txt "HTTP/1.1 200 OK"
2026-08-10 21:44:42,808 - INFO - HTTP Request: HEAD https://huggingface.co/sentence-transformers/all-MiniLM-L6-v2/resolve/main/tokenizer.json "HTTP/1.1 307 Temporary Redirect"
2026-08-10 21:44:42,818 - INFO - HTTP Request: HEAD https://huggingface.co/api/resolve-cache/models/sentence-transformers/all-MiniLM-L6-v2/1110a243fdf4706b3f48f1d95db1a4f5529b4d41/tokenizer.json "HTTP/1.1 200 OK"
2026-08-10 21:44:42,841 - INFO - HTTP Request: HEAD https://huggingface.co/sentence-transformers/all-MiniLM-L6-v2/resolve/main/added_tokens.json "HTTP/1.1 404 Not Found"
2026-08-10 21:44:42,863 - INFO - HTTP Request: HEAD https://huggingface.co/sentence-transformers/all-MiniLM-L6-v2/resolve/main/special_tokens_map.json "HTTP/1.1 307 Temporary Redirect"
2026-08-10 21:44:42,872 - INFO - HTTP Request: HEAD https://huggingface.co/api/resolve-cache/models/sentence-transformers/all-MiniLM-L6-v2/1110a243fdf4706b3f48f1d95db1a4f5529b4d41/special_tokens_map.json "HTTP/1.1 200 OK"
2026-08-10 21:44:42,894 - INFO - HTTP Request: HEAD https://huggingface.co/sentence-transformers/all-MiniLM-L6-v2/resolve/main/chat_template.jinja "HTTP/1.1 404 Not Found"
2026-08-10 21:44:42,949 - INFO - HTTP Request: HEAD https://huggingface.co/sentence-transformers/all-MiniLM-L6-v2/resolve/main/1_Pooling/config.json "HTTP/1.1 307 Temporary Redirect"
2026-08-10 21:44:42,959 - INFO - HTTP Request: HEAD https://huggingface.co/api/resolve-cache/models/sentence-transformers/all-MiniLM-L6-v2/1110a243fdf4706b3f48f1d95db1a4f5529b4d41/1_Pooling%2Fconfig.json "HTTP/1.1 200 OK"
2026-08-10 21:44:42,982 - INFO - HTTP Request: GET https://huggingface.co/api/models/sentence-transformers/all-MiniLM-L6-v2 "HTTP/1.1 200 OK"
2026-08-10 21:44:42,986 - INFO - AI Model loaded successfully.
2026-08-10 21:44:42,986 - INFO - --- Scraper service started (CI Mode: Run Once) ---
2026-08-10 21:44:42,986 - INFO - --- Starting new scraping job (Parallel Mode) ---
2026-08-10 21:44:42,986 - INFO - Connecting to SQLite database...
2026-08-10 21:44:48,060 - INFO - Pre-calculating embeddings for 431 cached articles...
2026-08-10 21:45:18,935 - INFO - Cache built: 5225 URLs. Current MAX_ID: 101095
2026-08-10 21:45:18,935 - INFO - Creating new robust session with 3 retries on 5xx/connection/read errors.
2026-08-10 21:45:18,936 - INFO - Proxy is DISABLED.
2026-08-10 21:45:18,936 - INFO - [BBC] (Thread) requires Selenium. Initializing driver...
2026-08-10 21:45:18,936 - INFO - [Times of India] (Thread) requires Selenium. Initializing driver...
2026-08-10 21:45:18,937 - INFO - [The Hindu] (Thread) requires Selenium. Initializing driver...
2026-08-10 21:45:18,937 - INFO - [Al Jazeera] (Thread) requires Selenium. Initializing driver...
2026-08-10 21:45:18,938 - INFO - Starting scrape for TechCrunch RSS feed: https://techcrunch.com/feed/
2026-08-10 21:45:18,938 - INFO - [Economic Times] (Thread) requires Selenium. Initializing driver...
2026-08-10 21:45:18,939 - INFO - [Wired] (Thread) requires Selenium. Initializing driver...
2026-08-10 21:45:18,941 - INFO - [NDTV] (Thread) requires Selenium. Initializing driver...
2026-08-10 21:45:18,941 - INFO - [Indian Express] (Thread) requires Selenium. Initializing driver...
2026-08-10 21:45:18,942 - INFO - Submitted 9 jobs to thread pool. Waiting up to 420s for completion...
2026-08-10 21:45:19,950 - INFO - Found 0 articles in TechCrunch RSS feed. Processing until 8 new articles are saved.
2026-08-10 21:45:21,878 - INFO - Selenium driver initialized successfully (Eager load strategy, 7s timeout).
2026-08-10 21:45:21,878 - INFO - Starting scrape for NDTV RSS feed: https://feeds.feedburner.com/ndtvnews-top-stories
2026-08-10 21:45:21,955 - INFO - Selenium driver initialized successfully (Eager load strategy, 7s timeout).
2026-08-10 21:45:21,955 - INFO - Starting scrape for BBC RSS feed: http://feeds.bbci.co.uk/news/world/rss.xml
2026-08-10 21:45:21,991 - INFO - Selenium driver initialized successfully (Eager load strategy, 7s timeout).
2026-08-10 21:45:21,997 - INFO - Starting scrape for The Hindu RSS feed: https://www.thehindu.com/news/national/feeder/default.rss
2026-08-10 21:45:22,124 - INFO - Selenium driver initialized successfully (Eager load strategy, 7s timeout).
2026-08-10 21:45:22,124 - INFO - Starting scrape for Indian Express RSS feed: https://indianexpress.com/feed/
2026-08-10 21:45:22,158 - INFO - Found 20 articles in NDTV RSS feed. Processing until 10 new articles are saved.
2026-08-10 21:45:22,158 - INFO - [NDTV] Early skip: URL https://www.ndtv.com/world-news/colombian-president-declares-emergency-after-earthquake-kills-more-than-100-11892135#publisher=newsstand already exists.
2026-08-10 21:45:22,160 - INFO - [NDTV] Article: https://www.ndtv.com/india-news/24-kolkata-schoolgirls-fall-ill-hospitalised-official-11892193#publisher=newsstand
2026-08-10 21:45:22,160 - INFO - [NDTV] Attempt 1/2: Trying with 'requests_browser' strategy...
2026-08-10 21:45:22,187 - INFO - Selenium driver initialized successfully (Eager load strategy, 7s timeout).
2026-08-10 21:45:22,188 - INFO - Starting scrape for Times of India RSS feed: https://timesofindia.indiatimes.com/rssfeeds/296589292.cms
2026-08-10 21:45:22,248 - INFO - Found 19 articles in BBC RSS feed. Processing until 10 new articles are saved.
2026-08-10 21:45:22,248 - INFO - [BBC] Early skip: URL https://www.bbc.co.uk/news/articles/cvgjvgv926po?at_medium=RSS&at_campaign=rss already exists.
2026-08-10 21:45:22,251 - INFO - [BBC] Early skip: URL https://www.bbc.co.uk/news/articles/cpvw8vmmgrwo?at_medium=RSS&at_campaign=rss already exists.
2026-08-10 21:45:22,253 - INFO - [BBC] Early skip: URL https://www.bbc.co.uk/news/articles/ce3q5282ep3o?at_medium=RSS&at_campaign=rss already exists.
2026-08-10 21:45:22,255 - INFO - [BBC] Early skip: URL https://www.bbc.co.uk/news/articles/cx2lwv032j9o?at_medium=RSS&at_campaign=rss already exists.
2026-08-10 21:45:22,256 - INFO - [BBC] Early skip: URL https://www.bbc.co.uk/news/articles/cgmkl1j3dwvo?at_medium=RSS&at_campaign=rss already exists.
2026-08-10 21:45:22,257 - INFO - [BBC] Early skip: URL https://www.bbc.co.uk/news/articles/c5ydx7m8gzeo?at_medium=RSS&at_campaign=rss already exists.
2026-08-10 21:45:22,259 - INFO - [BBC] Early skip: URL https://www.bbc.co.uk/news/articles/ce3q5vl581wo?at_medium=RSS&at_campaign=rss already exists.
2026-08-10 21:45:22,260 - INFO - [BBC] Early skip: URL https://www.bbc.co.uk/news/articles/cx2lwpzz6qjo?at_medium=RSS&at_campaign=rss already exists.
2026-08-10 21:45:22,263 - INFO - Selenium driver initialized successfully (Eager load strategy, 7s timeout).
2026-08-10 21:45:22,264 - INFO - Starting scrape for Economic Times RSS feed: https://economictimes.indiatimes.com/rssfeedsdefault.cms
2026-08-10 21:45:22,270 - INFO - [BBC] Early skip: URL https://www.bbc.co.uk/news/articles/cy9w1l5jr7lo?at_medium=RSS&at_campaign=rss already exists.
2026-08-10 21:45:22,278 - INFO - [BBC] Early skip: URL https://www.bbc.co.uk/news/articles/cly8djwgem0o?at_medium=RSS&at_campaign=rss already exists.
2026-08-10 21:45:22,287 - INFO - [BBC] Early skip: URL https://www.bbc.co.uk/news/articles/cqx7lje8l79o?at_medium=RSS&at_campaign=rss already exists.
2026-08-10 21:45:22,288 - INFO - [BBC] Early skip: URL https://www.bbc.co.uk/news/articles/cvgxjn92x9jo?at_medium=RSS&at_campaign=rss already exists.
2026-08-10 21:45:22,290 - INFO - [BBC] Early skip: URL https://www.bbc.co.uk/news/articles/c9q94lxqrzzo?at_medium=RSS&at_campaign=rss already exists.
2026-08-10 21:45:22,292 - INFO - [BBC] Early skip: URL https://www.bbc.co.uk/news/articles/c2elpkg1l0jo?at_medium=RSS&at_campaign=rss already exists.
2026-08-10 21:45:22,293 - INFO - [BBC] Early skip: URL https://www.bbc.co.uk/news/articles/cqx7q17531do?at_medium=RSS&at_campaign=rss already exists.
2026-08-10 21:45:22,295 - INFO - Found 60 articles in The Hindu RSS feed. Processing until 20 new articles are saved.
2026-08-10 21:45:22,295 - INFO - [The Hindu] Early skip: URL https://www.thehindu.com/news/national/ncp-sp-mps-meet-pm-modi-discuss-maharashtra-issues/article71328632.ece already exists.
2026-08-10 21:45:22,297 - INFO - [BBC] Early skip: URL https://www.bbc.co.uk/news/videos/cm2g97nnr5go?at_medium=RSS&at_campaign=rss already exists.
2026-08-10 21:45:22,297 - INFO - [The Hindu] Early skip: URL https://www.thehindu.com/news/national/lok-sabha-passes-bill-to-set-up-panel-to-appoint-chiefs-members-of-tribunals-without-debate/article71328064.ece already exists.
2026-08-10 21:45:22,297 - INFO - Selenium driver initialized successfully (Eager load strategy, 7s timeout).
2026-08-10 21:45:22,298 - INFO - Starting scrape for Al Jazeera RSS feed: https://www.aljazeera.com/xml/rss/all.xml
2026-08-10 21:45:22,299 - INFO - [BBC] Early skip: URL https://www.bbc.co.uk/news/videos/cly5zpx0ypdo?at_medium=RSS&at_campaign=rss already exists.
2026-08-10 21:45:22,299 - INFO - [The Hindu] Early skip: URL https://www.thehindu.com/news/national/jharkhand/withdraw-support-to-hemant-soren-government-if-students-demands-not-met-bjp-tells-rahul/article71328511.ece already exists.
2026-08-10 21:45:22,300 - INFO - [BBC] Early skip: URL https://www.bbc.co.uk/news/videos/cvg8je12xxeo?at_medium=RSS&at_campaign=rss already exists.
2026-08-10 21:45:22,300 - INFO - [The Hindu] Early skip: URL https://www.thehindu.com/news/national/jharkhand/jharkhand-assembly-march-student-protest-jpsc-examination-jssc-cgl-exam-updates-on-august-10/article71327529.ece already exists.
2026-08-10 21:45:22,301 - INFO - [BBC] Early skip: URL https://www.bbc.co.uk/news/videos/c0ejrdzx98wo?at_medium=RSS&at_campaign=rss already exists.
2026-08-10 21:45:22,302 - INFO - [The Hindu] Early skip: URL https://www.thehindu.com/news/national/maharashtra/protectors-turn-predators-how-son-preference-fuels-female-foeticide-rackets-in-maharashtra/article71329924.ece already exists.
2026-08-10 21:45:22,303 - INFO - [BBC] (Thread) Finished. Attempting to shut down its Selenium driver.
2026-08-10 21:45:22,304 - INFO - [The Hindu] Early skip: URL https://www.thehindu.com/news/national/uttar-pradesh/sp-fears-bsp-the-most-says-akash-anand-asks-voters-to-be-wary/article71329428.ece already exists.
2026-08-10 21:45:22,305 - INFO - [The Hindu] Early skip: URL https://www.thehindu.com/news/national/punjab/punjab-passes-nine-bills-in-a-dayoppn-calls-it-a-display-of-majoritarian-arrogance/article71329241.ece already exists.
2026-08-10 21:45:22,306 - INFO - [The Hindu] Early skip: URL https://www.thehindu.com/news/national/west-bengal/wb-cm-admits-police-negligence-in-custodial-death-announces-compensation-for-family/article71329387.ece already exists.
2026-08-10 21:45:22,309 - INFO - [The Hindu] Article: https://www.thehindu.com/news/national/haryana/power-employees-defer-strike-by-two-months-after-government-assurances/article71328920.ece
2026-08-10 21:45:22,309 - INFO - [The Hindu] Attempt 1/1: Trying with 'selenium_browser' strategy...
2026-08-10 21:45:22,412 - INFO - Found 20 articles in Times of India RSS feed. Processing until 20 new articles are saved.
2026-08-10 21:45:22,412 - INFO - [Times of India] Early skip: URL https://timesofindia.indiatimes.com/world/us/more-than-175000-visas-revoked-so-far-in-trumps-second-term-majority-due-to-criminal-activities-dui/articleshow/133136482.cms already exists.
2026-08-10 21:45:22,414 - INFO - [Times of India] Early skip: URL https://timesofindia.indiatimes.com/world/rest-of-world/quote-of-the-day-by-aung-san-suu-kyi-i-dont-believe-in-people-just-hoping-we-work-for-what-we-want-and-why-only-hope-is-not-the-answer/articleshow/133134826.cms already exists.
2026-08-10 21:45:22,415 - INFO - Selenium driver initialized successfully (Eager load strategy, 7s timeout).
2026-08-10 21:45:22,415 - INFO - Starting scrape for Wired RSS feed: https://www.wired.com/feed/rss
2026-08-10 21:45:22,425 - INFO - [Times of India] Early skip: URL https://timesofindia.indiatimes.com/world/rest-of-world/quote-of-the-day-by-pavel-durov-my-success-and-health-come-from-20-years-of-abstaining-from-alcohol-tobacco-coffee-pills-and-illegal-drugs/articleshow/133132818.cms already exists.
2026-08-10 21:45:22,429 - INFO - [Times of India] Early skip: URL https://timesofindia.indiatimes.com/world/middle-east/irans-mojtaba-khamenei-fills-six-top-military-posts-amid-wartime-leadership-overhaul/articleshow/133130246.cms already exists.
2026-08-10 21:45:22,431 - INFO - [Times of India] Early skip: URL https://timesofindia.indiatimes.com/world/us/quote-of-the-day-by-michael-jordan-the-game-is-my-wife-it-demands-loyalty-and-responsibility-and-it-gives-me-a-powerful-lesson-in-commitment-discipline-and-fulfilment/articleshow/133129379.cms already exists.
2026-08-10 21:45:22,434 - INFO - [Times of India] Article: https://timesofindia.indiatimes.com/world/us/smash-and-grab-jewelry-heist-at-indian-store-in-new-jersey-valuables-worth-1-million-stolen-in-1-minute/articleshow/133128384.cms
2026-08-10 21:45:22,434 - INFO - [Times of India] Attempt 1/1: Trying with 'selenium_browser' strategy...
2026-08-10 21:45:22,436 - ERROR - [NDTV] Request failed for strategy 'requests_browser' on URL https://www.ndtv.com/india-news/24-kolkata-schoolgirls-fall-ill-hospitalised-official-11892193#publisher=newsstand: 403 Client Error: Forbidden for url: https://www.ndtv.com/india-news/24-kolkata-schoolgirls-fall-ill-hospitalised-official-11892193#publisher=newsstand
2026-08-10 21:45:22,437 - INFO - [BBC] (Thread) driver.quit() successful.
2026-08-10 21:45:22,487 - INFO - Found 25 articles in Al Jazeera RSS feed. Processing until 8 new articles are saved.
2026-08-10 21:45:22,488 - INFO - [Al Jazeera] Article: https://www.aljazeera.com/news/2026/8/10/europe-braces-for-another-heatwave-after-record-breaking-temperatures?traffic_source=rss
2026-08-10 21:45:22,488 - INFO - [Al Jazeera] Attempt 1/2: Trying with 'requests_browser' strategy...
2026-08-10 21:45:22,538 - ERROR - Failed to fetch Indian Express RSS feed: 403 Client Error: Forbidden for url: https://indianexpress.com/feed/
2026-08-10 21:45:22,538 - INFO - [Indian Express] (Thread) Finished. Attempting to shut down its Selenium driver.
2026-08-10 21:45:22,584 - INFO - [Al Jazeera] Success with 'requests_browser'. Found content (466 words).
2026-08-10 21:45:22,621 - INFO - [Indian Express] (Thread) driver.quit() successful.
2026-08-10 21:45:22,702 - INFO - Found 50 articles in Wired RSS feed. Processing until 10 new articles are saved.
2026-08-10 21:45:22,706 - INFO - [Wired] Early skip: URL https://www.wired.com/story/orange-crush-tag-heuer-drops-a-bright-revamp-of-the-original-metal-f1-watch/ already exists.
2026-08-10 21:45:22,712 - INFO - [Wired] Early skip: URL https://www.wired.com/story/the-outlaw-chemist-teaching-people-how-to-make-drugs-from-scratch/ already exists.
2026-08-10 21:45:22,713 - INFO - [Wired] Early skip: URL https://www.wired.com/story/best-portable-solar-panels/ already exists.
2026-08-10 21:45:22,714 - INFO - [Wired] Early skip: URL https://www.wired.com/story/the-ai-slop-backlash-is-actually-having-an-impact/ already exists.
2026-08-10 21:45:22,716 - INFO - [Wired] Article: https://www.wired.com/gallery/best-ereaders/
2026-08-10 21:45:22,716 - INFO - [Wired] Attempt 1/2: Trying with 'requests_browser' strategy...
2026-08-10 21:45:24,089 - INFO - [NDTV] Article: https://www.ndtv.com/india-news/24-kolkata-schoolgirls-fall-ill-hospitalised-official-11892193#publisher=newsstand
2026-08-10 21:45:24,089 - INFO - [NDTV] Attempt 2/2: Trying with 'selenium_browser' strategy...
2026-08-10 21:45:25,640 - INFO - >>> SUCCESSFULLY SAVED [ID: 101096] - Europe braces for another heatwave after record-breaking temperatures | News | Al Jazeera from Al Jazeera (466 words)
2026-08-10 21:45:25,641 - INFO - [The Hindu] Page content loaded.
2026-08-10 21:45:25,737 - ERROR - parsed tree length: 1, wrong data type or not valid HTML
2026-08-10 21:45:25,742 - ERROR - empty HTML tree: None
2026-08-10 21:45:25,742 - WARNING - discarding data: None
2026-08-10 21:45:25,742 - WARNING - [Wired] FAILED with 'requests_browser' (content was too short: 0 words).
2026-08-10 21:45:25,744 - INFO - Found 76 articles in Economic Times RSS feed. Processing until 20 new articles are saved.
2026-08-10 21:45:25,744 - INFO - [Economic Times] Early skip: URL https://economictimes.indiatimes.com/markets/us-stocks/news/us-stocks-nasdaq-ends-down-as-expectations-of-hormuz-deal-fade/articleshow/133135481.cms already exists.
2026-08-10 21:45:25,750 - INFO - [Economic Times] Early skip: URL https://economictimes.indiatimes.com/markets/us-stocks/wall-street-guide/archer-aviation-shares-jump-nearly-10-on-deal-to-acquire-boeings-wisk-two-other-units/articleshow/133126628.cms already exists.
2026-08-10 21:45:25,754 - INFO - [Economic Times] Early skip: URL https://economictimes.indiatimes.com/markets/stocks/news/has-dalal-streets-near-term-outlook-improved-hsbc-lists-4-headwinds-3-tailwinds-to-watch-out-for/articleshow/133097555.cms already exists.
2026-08-10 21:45:25,757 - INFO - [Economic Times] Early skip: URL https://economictimes.indiatimes.com/markets/stocks/earnings/zee-entertainment-q1-results-pat-falls-48-yoy-to-rs-74-crore-ad-revenue-hit-by-middle-east-crisis/articleshow/133106855.cms already exists.
2026-08-10 21:45:25,758 - INFO - [Economic Times] Early skip: URL https://economictimes.indiatimes.com/markets/bonds/sebi-proposes-raising-annual-isin-limit-for-private-debt-securities-to-17/articleshow/133109056.cms already exists.
2026-08-10 21:45:25,761 - INFO - [Economic Times] Early skip: URL https://economictimes.indiatimes.com/wealth/invest/from-gold-and-lic-policy-to-sips-and-crypto-how-investment-habits-changed-from-boomers-to-millennials-to-gen-z/articleshow/133044977.cms already exists.
2026-08-10 21:45:25,762 - INFO - [Economic Times] Early skip: URL https://economictimes.indiatimes.com/news/economy/policy/rbi-special-windows-seen-big-enough-to-bring-in-100b/articleshow/132813309.cms already exists.
2026-08-10 21:45:25,763 - INFO - [Economic Times] Early skip: URL https://economictimes.indiatimes.com/news/economy/foreign-trade/india-canada-aim-to-conclude-cepa-trade-pact-by-end-2026-mea/articleshow/132813105.cms already exists.
2026-08-10 21:45:25,765 - INFO - [Economic Times] Early skip: URL https://economictimes.indiatimes.com/news/economy/infrastructure/govts-urban-reset-centre-divides-ministry-of-housing-and-urban-affairs-into-two-specialised-verticals/articleshow/132812900.cms already exists.
2026-08-10 21:45:25,770 - INFO - [Economic Times] Article: https://economictimes.indiatimes.com/news/economy/foreign-trade/india-uk-ceta-takes-effect-first-zero-duty-indian-coffee-jewellery-consignments-reach-uk-shores/articleshow/132442764.cms
2026-08-10 21:45:25,770 - INFO - [Economic Times] Attempt 1/2: Trying with 'requests_browser' strategy...
2026-08-10 21:45:25,941 - INFO - [The Hindu] Success with 'selenium_browser'. Found content (306 words).
2026-08-10 21:45:26,498 - INFO - [Economic Times] Success with 'requests_browser'. Found content (946 words).
2026-08-10 21:45:26,575 - INFO - [Wired] Article: https://www.wired.com/gallery/best-ereaders/
2026-08-10 21:45:26,575 - INFO - [Wired] Attempt 2/2: Trying with 'selenium_browser' strategy...
2026-08-10 21:45:28,067 - INFO - [Al Jazeera] Article: https://www.aljazeera.com/news/2026/8/10/wildfires-burn-across-indonesia-as-officials-cite-el-nino-as-a-cause?traffic_source=rss
2026-08-10 21:45:28,067 - INFO - [Al Jazeera] Attempt 1/2: Trying with 'requests_browser' strategy...
2026-08-10 21:45:29,324 - INFO - [NDTV] Page content loaded.
2026-08-10 21:45:29,569 - INFO - >>> SUCCESSFULLY SAVED [ID: 101097] - Haryana power employees defer strike by two months after government assurances - The Hindu from The Hindu (306 words)
2026-08-10 21:45:29,672 - INFO - [Al Jazeera] Success with 'requests_browser'. Found content (597 words).
2026-08-10 21:45:31,464 - INFO - [The Hindu] Early skip: URL https://www.thehindu.com/news/national/tamil-nadu/cauvery-committee-authority-to-meet-on-tuesday-to-review-water-situation/article71329276.ece already exists.
2026-08-10 21:45:31,886 - INFO - [The Hindu] Early skip: URL https://www.thehindu.com/news/cities/chennai/tn-committee-constituted-to-shortlist-candidates-for-posts-of-non-hereditary-trustees-in-temples/article71329450.ece already exists.
2026-08-10 21:45:32,770 - INFO - [The Hindu] Early skip: URL https://www.thehindu.com/news/national/kerala/nithin-raj-case-inquiry-initiated-against-officer-over-alleged-lapses-in-arrest-procedure/article71329367.ece already exists.
2026-08-10 21:45:32,774 - INFO - [The Hindu] Early skip: URL https://www.thehindu.com/news/national/tamil-nadu/90-year-old-co-optex-gets-a-gen-z-makeover/article71325558.ece already exists.
2026-08-10 21:45:32,775 - ERROR - Error saving article India-UK CETA takes effect: First zero-duty Indian coffee, jewellery consignments reach UK shores - The Economic Times: Hrana: `stream error: `Error { message: "SQLite error: UNIQUE constraint failed: articles.url", code: "SQLITE_CONSTRAINT" }``
2026-08-10 21:45:32,776 - INFO - [The Hindu] Article: https://www.thehindu.com/news/cities/chennai/secure-release-of-boats-from-ap-say-fishermen/article71329587.ece
2026-08-10 21:45:32,776 - INFO - [The Hindu] Attempt 1/1: Trying with 'selenium_browser' strategy...
2026-08-10 21:45:33,180 - INFO - [NDTV] Success with 'selenium_browser'. Found content (211 words).
2026-08-10 21:45:34,970 - INFO - [Economic Times] Article: https://economictimes.indiatimes.com/news/economy/foreign-trade/from-oman-to-tanzania-how-the-iran-war-is-redrawing-indias-trade-map/articleshow/131762760.cms
2026-08-10 21:45:34,971 - INFO - [Economic Times] Attempt 1/2: Trying with 'requests_browser' strategy...
2026-08-10 21:45:36,123 - INFO - >>> SUCCESSFULLY SAVED [ID: 101099] - Wildfires burn across Indonesia as officials cite El Nino as a cause | Climate News | Al Jazeera from Al Jazeera (597 words)
2026-08-10 21:45:36,605 - INFO - [Economic Times] Success with 'requests_browser'. Found content (385 words).
2026-08-10 21:45:37,412 - INFO - [The Hindu] Page content loaded.
2026-08-10 21:45:37,445 - INFO - [Al Jazeera] Article: https://www.aljazeera.com/news/2026/8/10/turkiye-approves-pardon-like-bill-for-thousands-of-pkk-fighters?traffic_source=rss
2026-08-10 21:45:37,445 - INFO - [Al Jazeera] Attempt 1/2: Trying with 'requests_browser' strategy...
2026-08-10 21:45:37,805 - INFO - [Al Jazeera] Success with 'requests_browser'. Found content (286 words).
2026-08-10 21:45:39,816 - WARNING - [Wired] Page get timed out (7s). Proceeding to grab partial source anyway.
2026-08-10 21:45:40,951 - INFO - >>> SUCCESSFULLY SAVED [ID: 101100] - 24 Kolkata Schoolgirls Fall Ill, Hospitalised: Official from NDTV (211 words)
2026-08-10 21:45:42,417 - INFO - [NDTV] Early skip: URL https://www.ndtv.com/india-news/activist-devendra-mahto-hospitalised-after-joining-jharkhand-protest-march-11892181#publisher=newsstand already exists.
2026-08-10 21:45:42,420 - INFO - [NDTV] Early skip: URL https://www.ndtv.com/india-news/bjp-mp-shares-zombie-drug-video-as-punjabs-turns-out-its-from-rajasthan-11891953#publisher=newsstand already exists.
2026-08-10 21:45:42,837 - INFO - [NDTV] Early skip: URL https://www.ndtv.com/india-news/parliament-monsoon-session-2026-news-lok-sabha-rajya-sabha-opposition-protest-key-bills-tribunals-reforms-bill-2026-kerala-name-change-bill-fcra-row-11887934#publisher=newsstand already exists.
2026-08-10 21:45:43,755 - ERROR - Error saving article From Oman to Tanzania: How the Iran war is redrawing India’s trade map - The Economic Times: Hrana: `stream error: `Error { message: "SQLite error: UNIQUE constraint failed: articles.url", code: "SQLITE_CONSTRAINT" }``
2026-08-10 21:45:43,767 - INFO - [NDTV] Early skip: URL https://www.ndtv.com/india-news/assam-girl-wins-national-karate-gold-returns-home-to-family-living-in-tent-11892138#publisher=newsstand already exists.
2026-08-10 21:45:43,769 - INFO - [NDTV] Early skip: URL https://www.ndtv.com/world-news/under-trump-us-has-revoked-over-1-75-000-visas-heres-whos-been-targeted-11892136#publisher=newsstand already exists.
2026-08-10 21:45:43,771 - INFO - [NDTV] Early skip: URL https://www.ndtv.com/world-news/30-years-on-man-accused-of-orchestrating-tupac-shakurs-murder-faces-trial-11892130#publisher=newsstand already exists.
2026-08-10 21:45:43,774 - INFO - [NDTV] Early skip: URL https://www.ndtv.com/world-news/a-flight-an-airstrike-a-blockade-how-yemens-truce-started-unraveling-11892128#publisher=newsstand already exists.
2026-08-10 21:45:43,782 - INFO - [NDTV] Early skip: URL https://www.ndtv.com/world-news/wasnt-taking-part-in-protests-uk-man-killed-in-pok-clashes-by-stray-bullet-11892125#publisher=newsstand already exists.
2026-08-10 21:45:43,785 - INFO - [NDTV] Early skip: URL https://www.ndtv.com/india-news/monsoon-revival-offers-india-relief-but-el-nino-threat-looms-ahead-11892032#publisher=newsstand already exists.
2026-08-10 21:45:43,786 - INFO - [NDTV] Early skip: URL https://www.ndtv.com/world-news/drought-grips-almost-three-quarters-of-england-and-more-heat-is-coming-11892049#publisher=newsstand already exists.
2026-08-10 21:45:43,788 - INFO - [NDTV] Early skip: URL https://www.ndtv.com/world-news/20-killed-after-7-4-magnitude-earthquake-jolts-colombia-situation-critical-11891233#publisher=newsstand already exists.
2026-08-10 21:45:43,791 - INFO - [NDTV] Early skip: URL https://www.ndtv.com/india-news/analysis-how-drugs-could-become-bjps-trump-card-in-punjab-11892061#publisher=newsstand already exists.
2026-08-10 21:45:43,792 - INFO - [NDTV] Early skip: URL https://www.ndtv.com/world-news/torn-apart-chinas-crackdown-leaves-ai-boyfriends-mourned-like-real-ones-11892086#publisher=newsstand already exists.
2026-08-10 21:45:43,793 - INFO - [NDTV] Early skip: URL https://www.ndtv.com/world-news/as-war-grinds-russia-bans-its-last-anti-war-party-from-elections-11892060#publisher=newsstand already exists.
2026-08-10 21:45:43,795 - INFO - [NDTV] Early skip: URL https://www.ndtv.com/mumbai-news/in-mumbai-cockroach-infestation-at-blinkit-unit-sweets-seized-from-reliance-retail-fda-11892041#publisher=newsstand already exists.
2026-08-10 21:45:43,796 - INFO - [NDTV] Early skip: URL https://www.ndtv.com/world-news/who-is-ali-abdollahi-irans-new-military-chief-known-for-war-threats-to-us-11892042#publisher=newsstand already exists.
2026-08-10 21:45:43,800 - INFO - [NDTV] Early skip: URL https://www.ndtv.com/world-news/r-aw-chief-parag-jain-meets-bangladesh-defence-adviser-akm-shamsul-islam-amid-diplomatic-reset-11891965#publisher=newsstand already exists.
2026-08-10 21:45:43,801 - INFO - [NDTV] Early skip: URL https://www.ndtv.com/india-news/in-a-first-vande-mataram-to-be-sung-at-red-fort-on-independence-day-11891904#publisher=newsstand already exists.
2026-08-10 21:45:43,806 - INFO - [NDTV] (Thread) Finished. Attempting to shut down its Selenium driver.
2026-08-10 21:45:43,938 - INFO - [NDTV] (Thread) driver.quit() successful.
2026-08-10 21:45:45,530 - INFO - [Economic Times] Article: https://economictimes.indiatimes.com/news/economy/policy/fm-sitharaman-flags-global-crisis-spillovers-unfair-burden-on-developing-nations/articleshow/131668427.cms
2026-08-10 21:45:45,530 - INFO - [Economic Times] Attempt 1/2: Trying with 'requests_browser' strategy...
2026-08-10 21:45:45,933 - INFO - [Times of India] Page content loaded.
2026-08-10 21:45:47,095 - INFO - [Wired] Page content loaded.
2026-08-10 21:45:47,095 - INFO - >>> SUCCESSFULLY SAVED [ID: 101102] - Turkiye approves pardon-like bill for thousands of PKK fighters | PKK News | Al Jazeera from Al Jazeera (286 words)
2026-08-10 21:45:47,576 - INFO - [Economic Times] Success with 'requests_browser'. Found content (317 words).
2026-08-10 21:45:48,074 - WARNING - [The Hindu] FAILED with 'selenium_browser' (content was too short: 85 words).
2026-08-10 21:45:48,090 - ERROR - [The Hindu] All scrape strategies failed for https://www.thehindu.com/news/cities/chennai/secure-release-of-boats-from-ap-say-fishermen/article71329587.ece. Falling back to RSS description.
2026-08-10 21:45:48,090 - WARNING - SKIPPED (GLOBAL WORD LIMIT): Article 'Secure release of boats from A.P., say fishermen' from The Hindu has only 3 words (Min: 90).
2026-08-10 21:45:49,618 - INFO - [Al Jazeera] Article: https://www.aljazeera.com/news/2026/8/10/trump-says-relationship-is-good-even-as-netanyahu-rejects-gaza-peace-plan?traffic_source=rss
2026-08-10 21:45:50,025 - INFO - [Al Jazeera] Attempt 1/2: Trying with 'requests_browser' strategy...
2026-08-10 21:45:50,025 - INFO - [The Hindu] Early skip: URL https://www.thehindu.com/news/national/karnataka/six-new-judges-assume-office-at-karnataka-high-court/article71328458.ece already exists.
2026-08-10 21:45:50,835 - ERROR - Error saving article FM Sitharaman flags global crisis spillovers, unfair burden on developing nations - The Economic Times: Hrana: `stream error: `Error { message: "SQLite error: UNIQUE constraint failed: articles.url", code: "SQLITE_CONSTRAINT" }``
2026-08-10 21:45:50,836 - INFO - [The Hindu] Early skip: URL https://www.thehindu.com/news/national/kerala/microfinance-scam-in-kerala-sit-files-final-reports-in-17-cases/article71328980.ece already exists.
2026-08-10 21:45:50,850 - INFO - [The Hindu] Early skip: URL https://www.thehindu.com/opinion/op-ed/row-in-kerala-over-pension-delivery/article71329681.ece already exists.
2026-08-10 21:45:50,865 - INFO - [The Hindu] Early skip: URL https://www.thehindu.com/news/national/karnataka/if-harmful-chemicals-are-found-in-cosmetics-we-will-ban-them-ut-khader/article71328167.ece already exists.
2026-08-10 21:45:50,866 - INFO - [The Hindu] Early skip: URL https://www.thehindu.com/news/national/kerala/3a-notification-issued-for-kochi-outer-ring-road/article71329594.ece already exists.
2026-08-10 21:45:50,867 - INFO - [The Hindu] Early skip: URL https://www.thehindu.com/news/national/kerala/woman-councillor-allegedly-stabbed-by-father-in-law-in-keralas-piravom/article71329861.ece already exists.
2026-08-10 21:45:50,869 - INFO - [The Hindu] Early skip: URL https://www.thehindu.com/news/national/tamil-nadu/six-key-gst-officials-in-chennai-transferred/article71329813.ece already exists.
2026-08-10 21:45:50,870 - INFO - [The Hindu] Early skip: URL https://www.thehindu.com/news/national/andhra-pradesh/government-to-preserve-tribal-heritage-while-promoting-education-and-jobs-says-official/article71329219.ece already exists.
2026-08-10 21:45:50,871 - INFO - [The Hindu] Early skip: URL https://www.thehindu.com/news/national/tamil-nadu/tn-governments-proposed-four-year-undergraduate-programme-faces-resistance-from-students-faculty/article71322214.ece already exists.
2026-08-10 21:45:50,873 - INFO - [The Hindu] Early skip: URL https://www.thehindu.com/news/national/andhra-pradesh/two-families-adopt-animals-under-igzps-animal-adoption-programme/article71329043.ece already exists.
2026-08-10 21:45:50,874 - INFO - [The Hindu] Early skip: URL https://www.thehindu.com/news/national/jharkhand/jharkhand-protest-live-updates-august-10-2026/article71326913.ece already exists.
2026-08-10 21:45:50,875 - INFO - [The Hindu] Early skip: URL https://www.thehindu.com/news/national/andhra-pradesh/polavaram-celebrates-the-first-international-day-of-the-worlds-indigenous-peoples/article71328855.ece already exists.
2026-08-10 21:45:50,877 - INFO - [The Hindu] Article: https://www.thehindu.com/news/national/tamil-nadu/distribution-of-deworming-tablets-begins-in-cuddalore/article71328165.ece
2026-08-10 21:45:50,877 - INFO - [The Hindu] Attempt 1/1: Trying with 'selenium_browser' strategy...
2026-08-10 21:45:50,988 - INFO - [Al Jazeera] Success with 'requests_browser'. Found content (557 words).
2026-08-10 21:45:51,372 - INFO - [Times of India] Success with 'selenium_browser'. Found content (263 words).
2026-08-10 21:45:51,461 - INFO - DEDUPLICATION: Found match (Score: 0.87). Linking to Cluster ID: 6b59f085-3fdd-4b7d-b827-5d2a09b52558
2026-08-10 21:45:52,738 - INFO - [Economic Times] Article: https://economictimes.indiatimes.com/tech/technology/apple-faces-indian-engineers-bias-lawsuit/articleshow/81694292.cms
2026-08-10 21:45:52,738 - INFO - [Economic Times] Attempt 1/2: Trying with 'requests_browser' strategy...
2026-08-10 21:45:54,359 - INFO - >>> SUCCESSFULLY SAVED [ID: 101104] - Trump says relationship is good even as Netanyahu rejects Gaza peace plan | Israel-Palestine conflict News | Al Jazeera from Al Jazeera (557 words)
2026-08-10 21:45:54,432 - INFO - [Wired] Success with 'selenium_browser'. Found content (2169 words).
2026-08-10 21:45:54,450 - ERROR - parsed tree length: 1, wrong data type or not valid HTML
2026-08-10 21:45:54,451 - ERROR - empty HTML tree: None
2026-08-10 21:45:54,451 - WARNING - discarding data: None
2026-08-10 21:45:54,451 - WARNING - [Economic Times] FAILED with 'requests_browser' (content was too short: 0 words).
2026-08-10 21:45:55,023 - INFO - DEDUPLICATION: Found match (Score: 1.00). Linking to Cluster ID: 5fea2593-20f1-49f5-ae45-fdaf48e17f4f
2026-08-10 21:45:56,308 - INFO - [Al Jazeera] Article: https://www.aljazeera.com/news/2026/8/10/us-appeals-court-says-social-media-addiction-lawsuits-can-proceed?traffic_source=rss
2026-08-10 21:45:56,309 - INFO - [Economic Times] Article: https://economictimes.indiatimes.com/tech/technology/apple-faces-indian-engineers-bias-lawsuit/articleshow/81694292.cms
2026-08-10 21:45:56,720 - INFO - [Economic Times] Attempt 2/2: Trying with 'selenium_browser' strategy...
2026-08-10 21:45:56,314 - INFO - [Al Jazeera] Attempt 1/2: Trying with 'requests_browser' strategy...
2026-08-10 21:45:57,773 - INFO - >>> SUCCESSFULLY SAVED [ID: 101105] - Smash-and-grab jewelry heist at Indian store in New Jersey: Valuables worth $1 million stolen in 1 minute - The Times of India from Times of India (263 words)
2026-08-10 21:45:57,887 - INFO - [Al Jazeera] Success with 'requests_browser'. Found content (600 words).
2026-08-10 21:45:59,412 - INFO - [Times of India] Early skip: URL https://timesofindia.indiatimes.com/world/uk/harry-potter-fans-get-430m-power-link-between-uk-ireland-rerouted-to-save-dobbys-grave/articleshow/133126262.cms already exists.
2026-08-10 21:45:59,822 - INFO - [Times of India] Early skip: URL https://timesofindia.indiatimes.com/world/uk/british-couple-jailed-in-iran-over-spying-charges-end-3-month-hunger-strike-family-demands-release/articleshow/133120949.cms already exists.
2026-08-10 21:45:59,825 - INFO - [Times of India] Early skip: URL https://timesofindia.indiatimes.com/world/us/north-carolina-dam-tested-three-water-flows-for-20-years-and-scientists-found-the-level-that-protects-river-wildlife-while-keeping-more-water-for-power/articleshow/133092181.cms already exists.
2026-08-10 21:45:59,829 - INFO - [Times of India] Early skip: URL https://timesofindia.indiatimes.com/world/us/a-colorado-farmer-put-3276-solar-panels-over-his-crops-and-the-shade-created-cooler-conditions-for-heat-sensitive-plants/articleshow/133092449.cms already exists.
2026-08-10 21:46:00,639 - ERROR - Error saving article The Best E-Readers of 2026: Kobo, Kindle, Boox | WIRED: Hrana: `stream error: `Error { message: "SQLite error: UNIQUE constraint failed: articles.url", code: "SQLITE_CONSTRAINT" }``
2026-08-10 21:46:00,640 - INFO - [Economic Times] Page content loaded.
2026-08-10 21:46:00,641 - INFO - [Times of India] Early skip: URL https://timesofindia.indiatimes.com/world/europe/italys-andrea-doria-sank-in-1956-but-divers-still-explore-its-dangerous-wreck-despite-18-deaths/articleshow/133092448.cms already exists.
2026-08-10 21:46:00,643 - INFO - [Times of India] Early skip: URL https://timesofindia.indiatimes.com/world/us/aoc-releases-new-video-showing-her-egg-freezing-process-as-she-does-not-rule-out-2028-presidential-run/articleshow/133119277.cms already exists.
2026-08-10 21:46:00,644 - INFO - [Times of India] Early skip: URL https://timesofindia.indiatimes.com/world/us/lake-mead-fell-to-1040-4-feet-as-the-colorado-river-crisis-deepened-lake-powell-is-also-under-pressure-raising-questions-over-water-and-hydropower/articleshow/133112588.cms already exists.
2026-08-10 21:46:00,645 - INFO - [Times of India] Early skip: URL https://timesofindia.indiatimes.com/world/rest-of-world/in-2006-an-australian-caver-saw-grass-moving-when-there-was-no-wind-digging-beneath-it-revealed-elk-river-now-one-of-victorias-longest-caves/articleshow/133113469.cms already exists.
2026-08-10 21:46:00,647 - INFO - [Times of India] Early skip: URL https://timesofindia.indiatimes.com/world/rest-of-world/earthquake-shakes-colombia-causes-injuries-and-significant-damage/articleshow/133108795.cms already exists.
2026-08-10 21:46:00,649 - INFO - [Times of India] Early skip: URL https://timesofindia.indiatimes.com/world/us-streamers/are-dalton-aint-worried-and-sako-breakup-youtubers-emotional-video-dv-claims-and-arrest-reports-raise-questions/articleshow/133076840.cms already exists.
2026-08-10 21:46:00,650 - INFO - [Times of India] Early skip: URL https://timesofindia.indiatimes.com/world/rest-of-world/sri-lanka-planned-17-solar-projects-in-hambantota-but-the-development-could-reduce-scrubland-used-by-more-than-400-elephants/articleshow/133115193.cms already exists.
2026-08-10 21:46:00,652 - INFO - [Times of India] Early skip: URL https://timesofindia.indiatimes.com/science/archaeologists-in-mlaga-uncovered-a-13-metre-megalithic-tomb-more-than-5000-years-old-ivory-amber-and-seashells-point-to-long-distance-exchange-networks/articleshow/133112224.cms already exists.
2026-08-10 21:46:00,653 - INFO - [Times of India] Early skip: URL https://timesofindia.indiatimes.com/world/us/us-truckers-must-speak-english-trump-administration-moves-to-make-rule-permanent/articleshow/133113954.cms already exists.
2026-08-10 21:46:00,655 - INFO - [Times of India] Early skip: URL https://timesofindia.indiatimes.com/world/rest-of-world/spains-belchite-was-destroyed-in-the-1937-civil-war-but-archaeologists-are-still-finding-bullets-trenches-and-personal-belongings-beneath-its-ruins/articleshow/133113203.cms already exists.
2026-08-10 21:46:00,656 - INFO - [The Hindu] Page content loaded.
2026-08-10 21:46:00,657 - INFO - [Times of India] (Thread) Finished. Attempting to shut down its Selenium driver.
2026-08-10 21:46:02,035 - INFO - [Wired] Early skip: URL https://www.wired.com/story/california-group-buy-bringing-down-heat-pump-costs/ already exists.
2026-08-10 21:46:02,459 - INFO - [Wired] Early skip: URL https://www.wired.com/story/how-to-choose-a-camera/ already exists.
2026-08-10 21:46:02,462 - INFO - [Times of India] (Thread) driver.quit() successful.
2026-08-10 21:46:02,463 - INFO - [Wired] Early skip: URL https://www.wired.com/story/the-rise-of-the-1-am-job-interview/ already exists.
2026-08-10 21:46:03,552 - INFO - [Wired] Early skip: URL https://www.wired.com/story/best-wireless-earbuds/ already exists.
2026-08-10 21:46:03,553 - INFO - >>> SUCCESSFULLY SAVED [ID: 101107] - US appeals court says social media addiction lawsuits can proceed | Social Media News | Al Jazeera from Al Jazeera (600 words)
2026-08-10 21:46:03,554 - INFO - [Wired] Early skip: URL https://www.wired.com/story/octopus-arms-distributed-intelligence-nine-brains/ already exists.
2026-08-10 21:46:03,555 - INFO - [Wired] Early skip: URL https://www.wired.com/story/space-agencies-trying-stop-astronauts-losing-sight/ already exists.
2026-08-10 21:46:03,560 - INFO - [Wired] Early skip: URL https://www.wired.com/story/digital-estate-planning-tips/ already exists.
2026-08-10 21:46:03,566 - INFO - [Wired] Early skip: URL https://www.wired.com/story/best-compression-boots/ already exists.
2026-08-10 21:46:03,569 - INFO - [Wired] Early skip: URL https://www.wired.com/story/meetily-lets-you-transcribe-and-summarize-meetings-without-a-subscription-heres-how/ already exists.
2026-08-10 21:46:03,570 - INFO - [Wired] Early skip: URL https://www.wired.com/review/tcl-note-a1-nxtpaper-tablet/ already exists.
2026-08-10 21:46:03,574 - INFO - [Wired] Early skip: URL https://www.wired.com/story/the-12-best-anime-to-watch-if-you-think-you-hate-anime/ already exists.
2026-08-10 21:46:03,576 - INFO - [Wired] Early skip: URL https://www.wired.com/story/the-best-workout-headphones-and-earbuds/ already exists.
2026-08-10 21:46:03,578 - INFO - [Wired] Early skip: URL https://www.wired.com/story/ai-billionaires-are-pledging-their-wealth-good-or-bad/ already exists.
2026-08-10 21:46:03,581 - INFO - [Wired] Early skip: URL https://www.wired.com/story/census-proposal-would-stop-counting-undocumented-immigrants-and-ignore-race-and-sexual-orientation/ already exists.
2026-08-10 21:46:03,583 - INFO - [Wired] Early skip: URL https://www.wired.com/story/the-sharpest-image-ever-taken-of-the-sun-reveals-a-beautiful-hidden-phenomenon/ already exists.
2026-08-10 21:46:03,584 - INFO - [Wired] Early skip: URL https://www.wired.com/story/first-images-spacex-rocket-moon-crater/ already exists.
2026-08-10 21:46:03,585 - INFO - [Wired] Early skip: URL https://www.wired.com/story/hp-omnibook-5-50-percent-off/ already exists.
2026-08-10 21:46:03,586 - INFO - [Wired] Early skip: URL https://www.wired.com/story/best-gaming-laptops/ already exists.
2026-08-10 21:46:03,588 - INFO - [Wired] Early skip: URL https://www.wired.com/review/xteink-x4-pro-e-reader/ already exists.
2026-08-10 21:46:03,590 - INFO - [Wired] Early skip: URL https://www.wired.com/story/flocks-plans-for-rideshare-dashcams-and-coaching-police-revealed/ already exists.
2026-08-10 21:46:03,592 - INFO - [Wired] Early skip: URL https://www.wired.com/story/how-to-disable-the-gemini-ai-features-in-gmail-and-google-docs/ already exists.
2026-08-10 21:46:03,593 - INFO - [Wired] Early skip: URL https://www.wired.com/story/sensitive-info-goes-into-no-reply-emails-constantly-this-guy-sees-it-all/ already exists.
2026-08-10 21:46:03,602 - INFO - [Wired] Early skip: URL https://www.wired.com/review/hairmax-laserband-82-comfortflex/ already exists.
2026-08-10 21:46:03,604 - INFO - [Wired] Early skip: URL https://www.wired.com/story/spokane-shows-new-era-of-wildfires/ already exists.
2026-08-10 21:46:03,608 - INFO - [Wired] Early skip: URL https://www.wired.com/story/whatsapp-gets-a-handy-all-feature-for-group-chats/ already exists.
2026-08-10 21:46:03,610 - INFO - [Wired] Early skip: URL https://www.wired.com/story/best-solar-generators/ already exists.
2026-08-10 21:46:03,611 - INFO - [Wired] Early skip: URL https://www.wired.com/story/the-chinese-philosopher-americans-cant-stop-fighting-about/ already exists.
2026-08-10 21:46:03,614 - INFO - [Wired] Early skip: URL https://www.wired.com/story/the-7-best-shows-to-stream-right-now/ already exists.
2026-08-10 21:46:03,616 - INFO - [Wired] Early skip: URL https://www.wired.com/story/mamdani-assembles-his-nyc-tech-team/ already exists.
2026-08-10 21:46:03,625 - INFO - [Wired] Early skip: URL https://www.wired.com/story/scientists-used-ai-to-create-16-new-viruses/ already exists.
2026-08-10 21:46:03,626 - INFO - [Wired] Early skip: URL https://www.wired.com/story/fan-deals-august-2026/ already exists.
2026-08-10 21:46:03,628 - INFO - [Wired] Early skip: URL https://www.wired.com/story/best-webcams/ already exists.
2026-08-10 21:46:03,629 - INFO - [Wired] Early skip: URL https://www.wired.com/story/best-laptop-power-banks/ already exists.
2026-08-10 21:46:03,630 - INFO - [Wired] Early skip: URL https://www.wired.com/gallery/best-cheap-gaming-laptops/ already exists.
2026-08-10 21:46:03,648 - INFO - [Wired] Early skip: URL https://www.wired.com/gallery/best-smart-glasses/ already exists.
2026-08-10 21:46:03,651 - INFO - [Wired] Early skip: URL https://www.wired.com/story/the-manosphere-isnt-a-movement-its-a-multibillion-dollar-grievance-industry/ already exists.
2026-08-10 21:46:03,652 - INFO - [Wired] Early skip: URL https://www.wired.com/story/this-chatbot-is-just-a-random-guy-lol/ already exists.
2026-08-10 21:46:03,655 - INFO - [Wired] Early skip: URL https://www.wired.com/story/plastic-free-coffee-makers/ already exists.
2026-08-10 21:46:03,658 - INFO - [Wired] Article: https://www.wired.com/story/google-workspace-promo-code/
2026-08-10 21:46:03,658 - INFO - [Wired] Attempt 1/2: Trying with 'requests_browser' strategy...
2026-08-10 21:46:03,828 - ERROR - parsed tree length: 1, wrong data type or not valid HTML
2026-08-10 21:46:03,829 - ERROR - empty HTML tree: None
2026-08-10 21:46:03,832 - WARNING - discarding data: None
2026-08-10 21:46:03,833 - WARNING - [Wired] FAILED with 'requests_browser' (content was too short: 0 words).
2026-08-10 21:46:03,985 - WARNING - [The Hindu] FAILED with 'selenium_browser' (content was too short: 76 words).
2026-08-10 21:46:03,986 - ERROR - [The Hindu] All scrape strategies failed for https://www.thehindu.com/news/national/tamil-nadu/distribution-of-deworming-tablets-begins-in-cuddalore/article71328165.ece. Falling back to RSS description.
2026-08-10 21:46:03,986 - WARNING - SKIPPED (GLOBAL WORD LIMIT): Article 'Distribution of deworming tablets begins in Cuddalore' from The Hindu has only 3 words (Min: 90).
2026-08-10 21:46:04,406 - INFO - [Wired] Article: https://www.wired.com/story/google-workspace-promo-code/
2026-08-10 21:46:04,407 - INFO - [Wired] Attempt 2/2: Trying with 'selenium_browser' strategy...
2026-08-10 21:46:04,608 - INFO - [The Hindu] Article: https://www.thehindu.com/news/national/tamil-nadu/cane-crushing-begins-at-co-operative-sugar-mill-in-kallakurichi/article71328088.ece
2026-08-10 21:46:04,608 - INFO - [The Hindu] Attempt 1/1: Trying with 'selenium_browser' strategy...
2026-08-10 21:46:04,871 - INFO - [Al Jazeera] Article: https://www.aljazeera.com/video/newsfeed/2026/8/10/trump-to-demand-compensation-for-tehrans?traffic_source=rss
2026-08-10 21:46:04,871 - INFO - [Al Jazeera] Attempt 1/2: Trying with 'requests_browser' strategy...
2026-08-10 21:46:05,080 - WARNING - [Al Jazeera] FAILED with 'requests_browser' (content was too short: 65 words).
2026-08-10 21:46:06,025 - INFO - [Al Jazeera] Article: https://www.aljazeera.com/video/newsfeed/2026/8/10/trump-to-demand-compensation-for-tehrans?traffic_source=rss
2026-08-10 21:46:06,025 - INFO - [Al Jazeera] Attempt 2/2: Trying with 'selenium_browser' strategy...
2026-08-10 21:46:06,703 - INFO - [The Hindu] Page content loaded.
2026-08-10 21:46:10,061 - INFO - [Al Jazeera] Page content loaded.
2026-08-10 21:46:10,628 - WARNING - [Al Jazeera] FAILED with 'selenium_browser' (content was too short: 65 words).
2026-08-10 21:46:10,628 - ERROR - [Al Jazeera] All scrape strategies failed for https://www.aljazeera.com/video/newsfeed/2026/8/10/trump-to-demand-compensation-for-tehrans?traffic_source=rss. Falling back to RSS description.
2026-08-10 21:46:10,628 - WARNING - SKIPPED (GLOBAL WORD LIMIT): Article 'Trump to demand compensation for Tehran’s ‘conflicts’' from Al Jazeera has only 20 words (Min: 90).
2026-08-10 21:46:11,522 - INFO - [The Hindu] Success with 'selenium_browser'. Found content (133 words).
2026-08-10 21:46:11,822 - INFO - [Al Jazeera] Early skip: URL https://www.aljazeera.com/news/2026/8/10/russia-bars-only-party-opposing-war-in-ukraine-from-parliamentary-vote?traffic_source=rss already exists.
2026-08-10 21:46:11,823 - INFO - [Al Jazeera] Early skip: URL https://www.aljazeera.com/news/2026/8/10/trump-administration-revoked-over-175000-visas-us-state-department?traffic_source=rss already exists.
2026-08-10 21:46:11,827 - INFO - [Al Jazeera] Article: https://www.aljazeera.com/video/newsfeed/2026/8/10/us-congresswoman-nancy-mace-calls-muslim-officials-threat-to-us?traffic_source=rss
2026-08-10 21:46:11,827 - INFO - [Al Jazeera] Attempt 1/2: Trying with 'requests_browser' strategy...
2026-08-10 21:46:14,587 - INFO - [Wired] Page content loaded.
2026-08-10 21:46:14,588 - INFO - >>> SUCCESSFULLY SAVED [ID: 101108] - Cane crushing begins at co-operative sugar mill in Kallakurichi - The Hindu from The Hindu (133 words)
2026-08-10 21:46:14,734 - WARNING - [Al Jazeera] FAILED with 'requests_browser' (content was too short: 70 words).
2026-08-10 21:46:15,106 - INFO - [The Hindu] Early skip: URL https://www.thehindu.com/news/national/tamil-nadu/tamil-nadu-assured-pension-scheme-will-be-implemented-as-soon-as-centre-sanctions-borrowing-of-11000-crore-says-marie-wilson/article71328359.ece already exists.
2026-08-10 21:46:15,108 - INFO - [The Hindu] Early skip: URL https://www.thehindu.com/news/national/kerala/kerala-will-push-organic-farming-in-a-big-way-agriculture-minister/article71328699.ece already exists.
2026-08-10 21:46:15,111 - INFO - [The Hindu] Early skip: URL https://www.thehindu.com/news/national/andhra-pradesh/klu-organises-ai-build-2026-hackathon/article71329539.ece already exists.
2026-08-10 21:46:15,112 - INFO - [The Hindu] Early skip: URL https://www.thehindu.com/news/national/karnataka/karnataka-takes-cautious-first-step-to-introduce-digital-evaluation-of-sslc-and-ii-pu-examination/article71328570.ece already exists.
2026-08-10 21:46:15,114 - INFO - [The Hindu] Early skip: URL https://www.thehindu.com/news/national/kerala/swell-waves-likely-along-coast-of-thiruvananthapuram-on-tuesday/article71328839.ece already exists.
2026-08-10 21:46:15,115 - INFO - [The Hindu] Early skip: URL https://www.thehindu.com/news/national/kerala/talks-planned-to-resolve-piramadam-church-ownership-dispute/article71328978.ece already exists.
2026-08-10 21:46:15,116 - INFO - [The Hindu] Early skip: URL https://www.thehindu.com/news/national/andhra-pradesh/sai-krishna-case-court-summons-tirupati-mp-to-record-statement/article71329285.ece already exists.
2026-08-10 21:46:15,119 - INFO - [The Hindu] Early skip: URL https://www.thehindu.com/news/national/kerala/collector-opens-second-phase-of-dream-anti-drug-initiative/article71328499.ece already exists.
2026-08-10 21:46:15,120 - INFO - [The Hindu] Early skip: URL https://www.thehindu.com/news/national/navy-chief-begins-four-day-mauritius-visit-to-boost-maritime-ties/article71329229.ece already exists.
2026-08-10 21:46:15,121 - INFO - [The Hindu] Early skip: URL https://www.thehindu.com/news/national/karnataka/pre-marital-counselling-launched-at-178-santwana-kendras-in-karnataka/article71329145.ece already exists.
2026-08-10 21:46:15,123 - INFO - [The Hindu] Early skip: URL https://www.thehindu.com/news/cities/Hyderabad/telangana-government-extends-deadline-to-apply-for-affordable-flats-in-hyderabad-cure-till-august-15/article71329400.ece already exists.
2026-08-10 21:46:15,124 - INFO - [The Hindu] Early skip: URL https://www.thehindu.com/news/national/kerala/kochi-corporation-puts-brakes-on-arbitrary-renaming-of-roads/article71327755.ece already exists.
2026-08-10 21:46:15,125 - INFO - [The Hindu] Early skip: URL https://www.thehindu.com/news/national/andhra-pradesh/indias-first-temple-for-mahatma-gandhi-readies-for-independence-day/article71327260.ece already exists.
2026-08-10 21:46:15,127 - INFO - [The Hindu] Early skip: URL https://www.thehindu.com/news/national/jharkhand/jharkhand-student-protest-jharkhand-bjp-calls-for-bandh-tomorrow-over-police-crackdown-against-protesting-aspirants/article71329741.ece already exists.
2026-08-10 21:46:15,129 - INFO - [The Hindu] Early skip: URL https://www.thehindu.com/news/national/tamil-nadu/activists-question-speaker-jcd-prabhakars-participation-in-pro-life-rally/article71329041.ece already exists.
2026-08-10 21:46:15,130 - INFO - [The Hindu] Early skip: URL https://www.thehindu.com/news/national/kerala/kerala-university-removes-banners-and-boards-from-campuses/article71328990.ece already exists.
2026-08-10 21:46:15,131 - INFO - [The Hindu] Early skip: URL https://www.thehindu.com/news/national/amidst-tension-in-india-bangladesh-relations-high-commissioner-dinesh-trivedi-calls-on-pm-tarique-rahman/article71327338.ece already exists.
2026-08-10 21:46:15,133 - INFO - [The Hindu] Early skip: URL https://www.thehindu.com/news/national/kerala/km-basheer-hit-and-run-case-witnesses-give-crucial-testimony-in-court/article71329334.ece already exists.
2026-08-10 21:46:15,134 - INFO - [The Hindu] Early skip: URL https://www.thehindu.com/news/national/bjp-accuses-rahul-gandhi-congress-of-changing-goalposts-disrupting-house/article71329560.ece already exists.
2026-08-10 21:46:15,136 - INFO - [The Hindu] Early skip: URL https://www.thehindu.com/news/national/11-new-entry-points-added-for-foreigners-to-enter-india-home-ministry/article71329415.ece already exists.
2026-08-10 21:46:15,137 - INFO - [The Hindu] Early skip: URL https://www.thehindu.com/news/national/tamil-nadu/former-minister-mrk-panneerselvam-sparks-lively-exchanges-in-tamil-nadu-assembly/article71329590.ece already exists.
2026-08-10 21:46:15,140 - INFO - [The Hindu] Early skip: URL https://www.thehindu.com/news/national/allahabad-hc-upholds-religious-conversion-of-two-women-orders-up-govt-and-father-to-pay-25-lakh-compensation/article71329376.ece already exists.
2026-08-10 21:46:15,141 - INFO - [The Hindu] Early skip: URL https://www.thehindu.com/news/national/telangana/over-a-fifth-of-the-electors-in-telangana-might-get-deleted-in-sir/article71329463.ece already exists.
2026-08-10 21:46:15,142 - INFO - [The Hindu] Early skip: URL https://www.thehindu.com/news/national/air-india-phuketdelhi-flight-cascade-of-tech-failures-preceded-300-ft-plunge-not-turbulence-sources-say/article71327617.ece already exists.
2026-08-10 21:46:15,144 - INFO - [The Hindu] Early skip: URL https://www.thehindu.com/news/national/maharashtra/protesting-maharashtra-farmers-demand-2-lakh-incentive-for-regular-loan-repayment/article71329419.ece already exists.
2026-08-10 21:46:15,145 - INFO - [The Hindu] Early skip: URL https://www.thehindu.com/news/national/kerala/ernakulam-general-hospital-plans-mobile-human-milk-collection-unit/article71329009.ece already exists.
2026-08-10 21:46:15,146 - INFO - [The Hindu] Early skip: URL https://www.thehindu.com/news/national/kerala/civil-police-officers-to-assist-consumer-dispute-redressal-commissions-across-kerala/article71329489.ece already exists.
2026-08-10 21:46:15,148 - INFO - [The Hindu] Early skip: URL https://www.thehindu.com/news/national/upi-will-remain-free-for-consumers-nirmala-sitharaman-tells-rajya-sabha/article71329536.ece already exists.
2026-08-10 21:46:15,149 - INFO - [The Hindu] Early skip: URL https://www.thehindu.com/news/national/andhra-pradesh/bharath-offers-20-lakh-aid-to-family-of-deceased-medical-student/article71328895.ece already exists.
2026-08-10 21:46:15,150 - INFO - [The Hindu] Early skip: URL https://www.thehindu.com/news/national/andhra-pradesh/land-re-survey-exercise-will-be-completed-by-end-of-2027-says-ap-cm/article71328516.ece already exists.
2026-08-10 21:46:15,152 - INFO - [The Hindu] Early skip: URL https://www.thehindu.com/news/national/india-donates-five-peacocks-to-un-office-in-geneva/article71329482.ece already exists.
2026-08-10 21:46:15,155 - INFO - [The Hindu] Article: https://www.thehindu.com/news/cities/Hyderabad/historic-akkanna-madanna-ghatam-procession-marks-bonalu-finale-in-hyderabad/article71328912.ece
2026-08-10 21:46:15,155 - INFO - [The Hindu] Attempt 1/1: Trying with 'selenium_browser' strategy...
2026-08-10 21:46:15,575 - INFO - [Al Jazeera] Article: https://www.aljazeera.com/video/newsfeed/2026/8/10/us-congresswoman-nancy-mace-calls-muslim-officials-threat-to-us?traffic_source=rss
2026-08-10 21:46:15,575 - INFO - [Al Jazeera] Attempt 2/2: Trying with 'selenium_browser' strategy...
2026-08-10 21:46:16,312 - INFO - [Wired] Success with 'selenium_browser'. Found content (1126 words).
2026-08-10 21:46:19,175 - ERROR - Error saving article Google Workspace Promo Codes: 14% Off for August 2026 | WIRED: Hrana: `stream error: `Error { message: "SQLite error: UNIQUE constraint failed: articles.url", code: "SQLITE_CONSTRAINT" }``
2026-08-10 21:46:20,034 - INFO - [Al Jazeera] Page content loaded.
2026-08-10 21:46:20,236 - INFO - [Wired] Article: https://www.wired.com/story/hotels-com-coupon/
2026-08-10 21:46:20,236 - INFO - [Wired] Attempt 1/2: Trying with 'requests_browser' strategy...
2026-08-10 21:46:20,483 - ERROR - parsed tree length: 1, wrong data type or not valid HTML
2026-08-10 21:46:20,483 - ERROR - empty HTML tree: None
2026-08-10 21:46:20,483 - WARNING - discarding data: None
2026-08-10 21:46:20,483 - WARNING - [Wired] FAILED with 'requests_browser' (content was too short: 0 words).
2026-08-10 21:46:20,634 - WARNING - [Al Jazeera] FAILED with 'selenium_browser' (content was too short: 74 words).
2026-08-10 21:46:20,634 - ERROR - [Al Jazeera] All scrape strategies failed for https://www.aljazeera.com/video/newsfeed/2026/8/10/us-congresswoman-nancy-mace-calls-muslim-officials-threat-to-us?traffic_source=rss. Falling back to RSS description.
2026-08-10 21:46:20,634 - WARNING - SKIPPED (GLOBAL WORD LIMIT): Article 'US Congresswoman Nancy Mace calls Muslim officials ‘threat’ to US' from Al Jazeera has only 18 words (Min: 90).
2026-08-10 21:46:21,044 - INFO - [Wired] Article: https://www.wired.com/story/hotels-com-coupon/
2026-08-10 21:46:21,044 - INFO - [Wired] Attempt 2/2: Trying with 'selenium_browser' strategy...
2026-08-10 21:46:21,580 - INFO - [The Hindu] Page content loaded.
2026-08-10 21:46:21,982 - INFO - [Al Jazeera] Article: https://www.aljazeera.com/video/newsfeed/2026/8/10/migrant-children-go-days-without-food-in-ceuta-amid-asylum-crisis?traffic_source=rss
2026-08-10 21:46:21,982 - INFO - [Al Jazeera] Attempt 1/2: Trying with 'requests_browser' strategy...
2026-08-10 21:46:22,004 - INFO - [The Hindu] Success with 'selenium_browser'. Found content (252 words).
2026-08-10 21:46:22,241 - WARNING - [Al Jazeera] FAILED with 'requests_browser' (content was too short: 59 words).
2026-08-10 21:46:23,833 - INFO - [Al Jazeera] Article: https://www.aljazeera.com/video/newsfeed/2026/8/10/migrant-children-go-days-without-food-in-ceuta-amid-asylum-crisis?traffic_source=rss
2026-08-10 21:46:23,833 - INFO - [Al Jazeera] Attempt 2/2: Trying with 'selenium_browser' strategy...
2026-08-10 21:46:25,337 - INFO - >>> SUCCESSFULLY SAVED [ID: 101110] - Historic Akkanna Madanna Ghatam procession marks Bonalu finale in Hyderabad - The Hindu from The Hindu (252 words)
2026-08-10 21:46:26,082 - INFO - [The Hindu] (Thread) Finished. Attempting to shut down its Selenium driver.
2026-08-10 21:46:26,190 - INFO - [Al Jazeera] Page content loaded.
2026-08-10 21:46:26,329 - INFO - [The Hindu] (Thread) driver.quit() successful.
2026-08-10 21:46:26,515 - WARNING - [Al Jazeera] FAILED with 'selenium_browser' (content was too short: 63 words).
2026-08-10 21:46:26,515 - ERROR - [Al Jazeera] All scrape strategies failed for https://www.aljazeera.com/video/newsfeed/2026/8/10/migrant-children-go-days-without-food-in-ceuta-amid-asylum-crisis?traffic_source=rss. Falling back to RSS description.
2026-08-10 21:46:26,515 - WARNING - SKIPPED (GLOBAL WORD LIMIT): Article 'Migrant children go days without food in Ceuta amid asylum crisis' from Al Jazeera has only 17 words (Min: 90).
2026-08-10 21:46:27,098 - INFO - [Wired] Page content loaded.
2026-08-10 21:46:27,742 - INFO - [Al Jazeera] Article: https://www.aljazeera.com/video/newsfeed/2026/8/10/111-dead-after-colombia-quakes-leave-trail-of-destruction?traffic_source=rss
2026-08-10 21:46:27,742 - INFO - [Al Jazeera] Attempt 1/2: Trying with 'requests_browser' strategy...
2026-08-10 21:46:27,869 - WARNING - [Al Jazeera] FAILED with 'requests_browser' (content was too short: 51 words).
2026-08-10 21:46:28,418 - INFO - [Wired] Success with 'selenium_browser'. Found content (580 words).
2026-08-10 21:46:28,817 - INFO - [Al Jazeera] Article: https://www.aljazeera.com/video/newsfeed/2026/8/10/111-dead-after-colombia-quakes-leave-trail-of-destruction?traffic_source=rss
2026-08-10 21:46:28,817 - INFO - [Al Jazeera] Attempt 2/2: Trying with 'selenium_browser' strategy...
2026-08-10 21:46:30,598 - ERROR - [Economic Times] Request failed for strategy 'selenium_browser' on URL https://economictimes.indiatimes.com/tech/technology/apple-faces-indian-engineers-bias-lawsuit/articleshow/81694292.cms: Message: timeout: Timed out receiving message from renderer: 7.000
  (Session info: chrome=151.0.7922.77)
Stacktrace:
#0 0x56248463382a <unknown>
#1 0x562483fa6fc9 <unknown>
#2 0x562483f8ea2f <unknown>
#3 0x562483f8e6a6 <unknown>
#4 0x562483f8c288 <unknown>
#5 0x562483f8cc0f <unknown>
#6 0x562483f9bd70 <unknown>
#7 0x562483fb5d37 <unknown>
#8 0x562483fbd70b <unknown>
#9 0x562483f8d369 <unknown>
#10 0x562483fb5a92 <unknown>
#11 0x5624840454f6 <unknown>
#12 0x562483fefd32 <unknown>
#13 0x562483ff0bb1 <unknown>
#14 0x5624845f8bb0 <unknown>
#15 0x5624845f722a <unknown>
#16 0x5624845e1c55 <unknown>
#17 0x5624845f7eea <unknown>
#18 0x5624845c9b50 <unknown>
#19 0x56248461f208 <unknown>
#20 0x56248461f3a5 <unknown>
#21 0x5624846323de <unknown>
#22 0x7f9ec949caa4 <unknown>
#23 0x7f9ec9529c6c <unknown>

2026-08-10 21:46:30,598 - ERROR - [Economic Times] All scrape strategies failed for https://economictimes.indiatimes.com/tech/technology/apple-faces-indian-engineers-bias-lawsuit/articleshow/81694292.cms. Falling back to RSS description.
2026-08-10 21:46:30,599 - WARNING - SKIPPED (GLOBAL WORD LIMIT): Article 'Apple faces Indian engineer’s bias lawsuit ' from Economic Times has only 48 words (Min: 90).
2026-08-10 21:46:31,415 - ERROR - Error saving article Hotels.com Coupon Codes for August 2026 | WIRED: Hrana: `stream error: `Error { message: "SQLite error: UNIQUE constraint failed: articles.url", code: "SQLITE_CONSTRAINT" }``
2026-08-10 21:46:31,726 - INFO - [Al Jazeera] Page content loaded.
2026-08-10 21:46:31,827 - WARNING - [Al Jazeera] FAILED with 'selenium_browser' (content was too short: 55 words).
2026-08-10 21:46:31,827 - ERROR - [Al Jazeera] All scrape strategies failed for https://www.aljazeera.com/video/newsfeed/2026/8/10/111-dead-after-colombia-quakes-leave-trail-of-destruction?traffic_source=rss. Falling back to RSS description.
2026-08-10 21:46:31,827 - WARNING - SKIPPED (GLOBAL WORD LIMIT): Article '111 dead after Colombia quakes leave trail of destruction' from Al Jazeera has only 15 words (Min: 90).
2026-08-10 21:46:32,000 - INFO - [Economic Times] Article: https://economictimes.indiatimes.com/news/defence/despite-transatlantic-love-fest-eu-charts-third-way-in-ties-with-us-and-china/articleshow/81467467.cms
2026-08-10 21:46:32,000 - INFO - [Economic Times] Attempt 1/2: Trying with 'requests_browser' strategy...
2026-08-10 21:46:32,381 - INFO - [Economic Times] Success with 'requests_browser'. Found content (799 words).
2026-08-10 21:46:32,395 - INFO - [Wired] Article: https://www.wired.com/story/uber-eats-promo-code/
2026-08-10 21:46:32,396 - INFO - [Wired] Attempt 1/2: Trying with 'requests_browser' strategy...
2026-08-10 21:46:32,510 - ERROR - parsed tree length: 1, wrong data type or not valid HTML
2026-08-10 21:46:32,511 - ERROR - empty HTML tree: None
2026-08-10 21:46:32,511 - WARNING - discarding data: None
2026-08-10 21:46:32,511 - WARNING - [Wired] FAILED with 'requests_browser' (content was too short: 0 words).
2026-08-10 21:46:33,848 - INFO - [Al Jazeera] Early skip: URL https://www.aljazeera.com/news/2026/8/10/lebanon-files-new-lawsuit-against-ex-central-bank-chief-riad-salameh?traffic_source=rss already exists.
2026-08-10 21:46:33,848 - INFO - [Wired] Article: https://www.wired.com/story/uber-eats-promo-code/
2026-08-10 21:46:33,848 - INFO - [Wired] Attempt 2/2: Trying with 'selenium_browser' strategy...
2026-08-10 21:46:34,257 - INFO - [Al Jazeera] Early skip: URL https://www.aljazeera.com/opinions/2026/8/10/netanyahus-veto-and-the-limits-of-american-power?traffic_source=rss already exists.
2026-08-10 21:46:35,121 - INFO - [Al Jazeera] Early skip: URL https://www.aljazeera.com/news/2026/8/10/iran-hierarchy-consolidation-as-irgc-veteran-tapped-for-key-security-role?traffic_source=rss already exists.
2026-08-10 21:46:35,121 - ERROR - Error saving article Despite transatlantic 'love fest', EU charts third way in ties with US and China - The Economic Times: Hrana: `stream error: `Error { message: "SQLite error: UNIQUE constraint failed: articles.url", code: "SQLITE_CONSTRAINT" }``
2026-08-10 21:46:35,122 - INFO - [Al Jazeera] Early skip: URL https://www.aljazeera.com/news/2026/8/10/oman-trying-to-contain-extensive-oil-spill-from-stricken-tanker?traffic_source=rss already exists.
2026-08-10 21:46:35,124 - INFO - [Al Jazeera] Early skip: URL https://www.aljazeera.com/news/2026/8/10/zuckerbergs-yacht-crew-did-not-hear-call-for-help-says-spokesperson?traffic_source=rss already exists.
2026-08-10 21:46:35,125 - INFO - [Al Jazeera] Early skip: URL https://www.aljazeera.com/sports/2026/8/10/palestinian-club-football-to-restart-in-september-after-gaza-war-suspension?traffic_source=rss already exists.
2026-08-10 21:46:35,126 - INFO - [Al Jazeera] Article: https://www.aljazeera.com/video/newsfeed/2026/8/10/irans-president-says-khamenei-is-in-perfect?traffic_source=rss
2026-08-10 21:46:35,126 - INFO - [Al Jazeera] Attempt 1/2: Trying with 'requests_browser' strategy...
2026-08-10 21:46:35,200 - WARNING - [Al Jazeera] FAILED with 'requests_browser' (content was too short: 63 words).
2026-08-10 21:46:35,866 - INFO - [Al Jazeera] Article: https://www.aljazeera.com/video/newsfeed/2026/8/10/irans-president-says-khamenei-is-in-perfect?traffic_source=rss
2026-08-10 21:46:35,866 - INFO - [Al Jazeera] Attempt 2/2: Trying with 'selenium_browser' strategy...
2026-08-10 21:46:36,156 - INFO - [Wired] Page content loaded.
2026-08-10 21:46:36,447 - INFO - [Economic Times] Article: https://economictimes.indiatimes.com/tech/tech-bytes/twitters-india-policy-head-to-step-down-will-transition-in-march/articleshow/80732868.cms
2026-08-10 21:46:36,448 - INFO - [Economic Times] Attempt 1/2: Trying with 'requests_browser' strategy...
2026-08-10 21:46:36,826 - ERROR - parsed tree length: 1, wrong data type or not valid HTML
2026-08-10 21:46:36,826 - ERROR - empty HTML tree: None
2026-08-10 21:46:36,826 - WARNING - discarding data: None
2026-08-10 21:46:36,826 - WARNING - [Economic Times] FAILED with 'requests_browser' (content was too short: 0 words).
2026-08-10 21:46:37,349 - INFO - [Wired] Success with 'selenium_browser'. Found content (1071 words).
2026-08-10 21:46:38,869 - INFO - [Economic Times] Article: https://economictimes.indiatimes.com/tech/tech-bytes/twitters-india-policy-head-to-step-down-will-transition-in-march/articleshow/80732868.cms
2026-08-10 21:46:39,276 - INFO - [Economic Times] Attempt 2/2: Trying with 'selenium_browser' strategy...
2026-08-10 21:46:40,104 - INFO - [Al Jazeera] Page content loaded.
2026-08-10 21:46:40,104 - ERROR - Error saving article Uber Eats Promo Codes: $15 Off│August 2026 | WIRED: Hrana: `stream error: `Error { message: "SQLite error: UNIQUE constraint failed: articles.url", code: "SQLITE_CONSTRAINT" }``
2026-08-10 21:46:40,265 - WARNING - [Al Jazeera] FAILED with 'selenium_browser' (content was too short: 67 words).
2026-08-10 21:46:40,265 - ERROR - [Al Jazeera] All scrape strategies failed for https://www.aljazeera.com/video/newsfeed/2026/8/10/irans-president-says-khamenei-is-in-perfect?traffic_source=rss. Falling back to RSS description.
2026-08-10 21:46:40,266 - WARNING - SKIPPED (GLOBAL WORD LIMIT): Article 'Iran’s president says Khamenei is in ‘perfect health’' from Al Jazeera has only 17 words (Min: 90).
2026-08-10 21:46:40,859 - INFO - [Al Jazeera] Early skip: URL https://www.aljazeera.com/news/liveblog/2026/8/10/colombia-earthquake-live-magnitude-7-4-quake-strikes-near-bogota-47-dead?traffic_source=rss already exists.
2026-08-10 21:46:40,861 - INFO - [Al Jazeera] Early skip: URL https://www.aljazeera.com/gallery/2026/8/10/photos-7-4-magnitude-earthquake-rocks-western-colombia?traffic_source=rss already exists.
2026-08-10 21:46:40,862 - INFO - [Al Jazeera] Early skip: URL https://www.aljazeera.com/news/2026/8/10/drcs-ebola-outbreak-began-months-before-officially-declared-says-who?traffic_source=rss already exists.
2026-08-10 21:46:40,863 - INFO - [Al Jazeera] Early skip: URL https://www.aljazeera.com/features/2026/8/10/we-have-no-one-palestinians-react-to-israels-rejection-of-gaza-plan?traffic_source=rss already exists.
2026-08-10 21:46:40,865 - INFO - [Al Jazeera] Early skip: URL https://www.aljazeera.com/news/2026/8/10/sudans-army-chief-holds-unannounced-talks-on-national-dialogue?traffic_source=rss already exists.
2026-08-10 21:46:40,866 - INFO - [Al Jazeera] Early skip: URL https://www.aljazeera.com/news/2026/8/10/they-need-each-other-whats-behind-the-new-syria-russia-accord?traffic_source=rss already exists.
2026-08-10 21:46:40,868 - INFO - [Al Jazeera] Article: https://www.aljazeera.com/video/newsfeed/2026/8/10/anas-al-sharif-one-year-on-from-israels-killing-of-al-jazeera-reporter?traffic_source=rss
2026-08-10 21:46:40,868 - INFO - [Al Jazeera] Attempt 1/2: Trying with 'requests_browser' strategy...
2026-08-10 21:46:40,943 - WARNING - [Al Jazeera] FAILED with 'requests_browser' (content was too short: 76 words).
2026-08-10 21:46:41,480 - INFO - [Wired] Article: https://www.wired.com/story/nike-promo-code/
2026-08-10 21:46:41,480 - INFO - [Wired] Attempt 1/2: Trying with 'requests_browser' strategy...
2026-08-10 21:46:41,627 - ERROR - parsed tree length: 1, wrong data type or not valid HTML
2026-08-10 21:46:41,628 - ERROR - empty HTML tree: None
2026-08-10 21:46:41,628 - WARNING - discarding data: None
2026-08-10 21:46:41,628 - WARNING - [Wired] FAILED with 'requests_browser' (content was too short: 0 words).
2026-08-10 21:46:41,645 - INFO - [Al Jazeera] Article: https://www.aljazeera.com/video/newsfeed/2026/8/10/anas-al-sharif-one-year-on-from-israels-killing-of-al-jazeera-reporter?traffic_source=rss
2026-08-10 21:46:41,645 - INFO - [Al Jazeera] Attempt 2/2: Trying with 'selenium_browser' strategy...
2026-08-10 21:46:42,112 - INFO - [Al Jazeera] Page content loaded.
2026-08-10 21:46:42,199 - WARNING - [Al Jazeera] FAILED with 'selenium_browser' (content was too short: 80 words).
2026-08-10 21:46:42,199 - ERROR - [Al Jazeera] All scrape strategies failed for https://www.aljazeera.com/video/newsfeed/2026/8/10/anas-al-sharif-one-year-on-from-israels-killing-of-al-jazeera-reporter?traffic_source=rss. Falling back to RSS description.
2026-08-10 21:46:42,199 - WARNING - SKIPPED (GLOBAL WORD LIMIT): Article 'Anas al-Sharif: One year on from Israel’s killing of Al Jazeera reporter' from Al Jazeera has only 18 words (Min: 90).
2026-08-10 21:46:42,274 - INFO - [Wired] Article: https://www.wired.com/story/nike-promo-code/
2026-08-10 21:46:42,274 - INFO - [Wired] Attempt 2/2: Trying with 'selenium_browser' strategy...
2026-08-10 21:46:42,804 - INFO - [Al Jazeera] (Thread) Finished. Attempting to shut down its Selenium driver.
2026-08-10 21:46:43,014 - INFO - [Al Jazeera] (Thread) driver.quit() successful.
2026-08-10 21:46:43,085 - INFO - [Economic Times] Page content loaded.
2026-08-10 21:46:43,538 - INFO - [Economic Times] Success with 'selenium_browser'. Found content (615 words).
2026-08-10 21:46:45,402 - INFO - [Wired] Page content loaded.
2026-08-10 21:46:46,242 - ERROR - Error saving article Twitter's India policy head, Mahima Kaul, to step down; will transition in March - The Economic Times: Hrana: `stream error: `Error { message: "SQLite error: UNIQUE constraint failed: articles.url", code: "SQLITE_CONSTRAINT" }``
2026-08-10 21:46:46,353 - INFO - [Wired] Success with 'selenium_browser'. Found content (932 words).
2026-08-10 21:46:47,848 - INFO - [Economic Times] Article: https://economictimes.indiatimes.com/tech/tech-and-gadgets/govt-may-keep-rs-7500-cr-outlay-for-it-hardware-manufacturing-under-pli-scheme/articleshow/80333429.cms
2026-08-10 21:46:48,256 - INFO - [Economic Times] Attempt 1/2: Trying with 'requests_browser' strategy...
2026-08-10 21:46:49,092 - ERROR - Error saving article Nike Promo Codes and Discounts: 30% for August 2026 | WIRED: Hrana: `stream error: `Error { message: "SQLite error: UNIQUE constraint failed: articles.url", code: "SQLITE_CONSTRAINT" }``
2026-08-10 21:46:49,270 - ERROR - parsed tree length: 1, wrong data type or not valid HTML
2026-08-10 21:46:49,270 - ERROR - empty HTML tree: None
2026-08-10 21:46:49,270 - WARNING - discarding data: None
2026-08-10 21:46:49,270 - WARNING - [Economic Times] FAILED with 'requests_browser' (content was too short: 0 words).
2026-08-10 21:46:49,837 - INFO - [Economic Times] Article: https://economictimes.indiatimes.com/tech/tech-and-gadgets/govt-may-keep-rs-7500-cr-outlay-for-it-hardware-manufacturing-under-pli-scheme/articleshow/80333429.cms
2026-08-10 21:46:49,838 - INFO - [Economic Times] Attempt 2/2: Trying with 'selenium_browser' strategy...
2026-08-10 21:46:50,198 - INFO - [Wired] Article: https://www.wired.com/story/doordash-promo-code/
2026-08-10 21:46:50,199 - INFO - [Wired] Attempt 1/2: Trying with 'requests_browser' strategy...
2026-08-10 21:46:50,327 - ERROR - parsed tree length: 1, wrong data type or not valid HTML
2026-08-10 21:46:50,328 - ERROR - empty HTML tree: None
2026-08-10 21:46:50,328 - WARNING - discarding data: None
2026-08-10 21:46:50,328 - WARNING - [Wired] FAILED with 'requests_browser' (content was too short: 0 words).
2026-08-10 21:46:50,997 - INFO - [Wired] Article: https://www.wired.com/story/doordash-promo-code/
2026-08-10 21:46:50,998 - INFO - [Wired] Attempt 2/2: Trying with 'selenium_browser' strategy...
2026-08-10 21:46:53,754 - INFO - [Wired] Page content loaded.
2026-08-10 21:46:54,496 - INFO - [Wired] Success with 'selenium_browser'. Found content (1471 words).
2026-08-10 21:46:57,343 - ERROR - Error saving article 50% Off DoorDash Promo Code | August 2026 | WIRED: Hrana: `stream error: `Error { message: "SQLite error: UNIQUE constraint failed: articles.url", code: "SQLITE_CONSTRAINT" }``
2026-08-10 21:46:57,932 - INFO - [Economic Times] Page content loaded.
2026-08-10 21:46:58,240 - INFO - [Wired] Article: https://www.wired.com/story/surfshark-coupon/
2026-08-10 21:46:58,240 - INFO - [Wired] Attempt 1/2: Trying with 'requests_browser' strategy...
2026-08-10 21:46:58,249 - INFO - [Economic Times] Success with 'selenium_browser'. Found content (481 words).
2026-08-10 21:46:58,346 - ERROR - parsed tree length: 1, wrong data type or not valid HTML
2026-08-10 21:46:58,346 - ERROR - empty HTML tree: None
2026-08-10 21:46:58,346 - WARNING - discarding data: None
2026-08-10 21:46:58,346 - WARNING - [Wired] FAILED with 'requests_browser' (content was too short: 0 words).
2026-08-10 21:46:59,630 - INFO - [Wired] Article: https://www.wired.com/story/surfshark-coupon/
2026-08-10 21:47:00,044 - INFO - [Wired] Attempt 2/2: Trying with 'selenium_browser' strategy...
2026-08-10 21:47:00,865 - ERROR - Error saving article Govt may keep Rs 7,500 cr outlay for IT hardware manufacturing under PLI scheme - The Economic Times: Hrana: `stream error: `Error { message: "SQLite error: UNIQUE constraint failed: articles.url", code: "SQLITE_CONSTRAINT" }``
2026-08-10 21:47:01,470 - INFO - [Economic Times] Article: https://economictimes.indiatimes.com/tech/technology/indian-dating-apps-services-see-surge-of-paying-users-in-small-cities/articleshow/80063342.cms
2026-08-10 21:47:01,470 - INFO - [Economic Times] Attempt 1/2: Trying with 'requests_browser' strategy...
2026-08-10 21:47:01,841 - INFO - [Wired] Page content loaded.
2026-08-10 21:47:01,863 - ERROR - parsed tree length: 1, wrong data type or not valid HTML
2026-08-10 21:47:01,864 - ERROR - empty HTML tree: None
2026-08-10 21:47:01,864 - WARNING - discarding data: None
2026-08-10 21:47:01,864 - WARNING - [Economic Times] FAILED with 'requests_browser' (content was too short: 0 words).
2026-08-10 21:47:02,851 - INFO - [Economic Times] Article: https://economictimes.indiatimes.com/tech/technology/indian-dating-apps-services-see-surge-of-paying-users-in-small-cities/articleshow/80063342.cms
2026-08-10 21:47:02,851 - INFO - [Economic Times] Attempt 2/2: Trying with 'selenium_browser' strategy...
2026-08-10 21:47:02,969 - INFO - [Wired] Success with 'selenium_browser'. Found content (951 words).
2026-08-10 21:47:05,927 - ERROR - Error saving article Surfshark Promo Codes: 87% Off | August 2026 | WIRED: Hrana: `stream error: `Error { message: "SQLite error: UNIQUE constraint failed: articles.url", code: "SQLITE_CONSTRAINT" }``
2026-08-10 21:47:06,080 - INFO - [Economic Times] Page content loaded.
2026-08-10 21:47:06,239 - WARNING - [Economic Times] FAILED with 'selenium_browser' (content was too short: 84 words).
2026-08-10 21:47:06,241 - ERROR - [Economic Times] All scrape strategies failed for https://economictimes.indiatimes.com/tech/technology/indian-dating-apps-services-see-surge-of-paying-users-in-small-cities/articleshow/80063342.cms. Falling back to RSS description.
2026-08-10 21:47:06,241 - WARNING - SKIPPED (GLOBAL WORD LIMIT): Article 'Indian dating apps, services see surge of paying users in small cities ' from Economic Times has only 54 words (Min: 90).
2026-08-10 21:47:06,787 - INFO - [Economic Times] Article: https://economictimes.indiatimes.com/tech/technology/time-for-govt-cos-to-adopt-ai-deloitte-india/articleshow/79981215.cms
2026-08-10 21:47:06,787 - INFO - [Economic Times] Attempt 1/2: Trying with 'requests_browser' strategy...
2026-08-10 21:47:07,279 - ERROR - parsed tree length: 1, wrong data type or not valid HTML
2026-08-10 21:47:07,279 - ERROR - empty HTML tree: None
2026-08-10 21:47:07,279 - WARNING - discarding data: None
2026-08-10 21:47:07,280 - WARNING - [Economic Times] FAILED with 'requests_browser' (content was too short: 0 words).
2026-08-10 21:47:07,398 - INFO - [Wired] Article: https://www.wired.com/story/bh-photo-coupon/
2026-08-10 21:47:07,398 - INFO - [Wired] Attempt 1/2: Trying with 'requests_browser' strategy...
2026-08-10 21:47:07,522 - ERROR - parsed tree length: 1, wrong data type or not valid HTML
2026-08-10 21:47:07,522 - ERROR - empty HTML tree: None
2026-08-10 21:47:07,522 - WARNING - discarding data: None
2026-08-10 21:47:07,522 - WARNING - [Wired] FAILED with 'requests_browser' (content was too short: 0 words).
2026-08-10 21:47:07,942 - INFO - [Economic Times] Article: https://economictimes.indiatimes.com/tech/technology/time-for-govt-cos-to-adopt-ai-deloitte-india/articleshow/79981215.cms
2026-08-10 21:47:07,943 - INFO - [Economic Times] Attempt 2/2: Trying with 'selenium_browser' strategy...
2026-08-10 21:47:08,453 - INFO - [Wired] Article: https://www.wired.com/story/bh-photo-coupon/
2026-08-10 21:47:08,453 - INFO - [Wired] Attempt 2/2: Trying with 'selenium_browser' strategy...
2026-08-10 21:47:08,857 - INFO - [Economic Times] Page content loaded.
2026-08-10 21:47:09,137 - WARNING - [Economic Times] FAILED with 'selenium_browser' (content was too short: 74 words).
2026-08-10 21:47:09,138 - ERROR - [Economic Times] All scrape strategies failed for https://economictimes.indiatimes.com/tech/technology/time-for-govt-cos-to-adopt-ai-deloitte-india/articleshow/79981215.cms. Falling back to RSS description.
2026-08-10 21:47:09,138 - WARNING - SKIPPED (GLOBAL WORD LIMIT): Article 'Time for government, companies to adopt artificial intelligence: Deloitte India ' from Economic Times has only 49 words (Min: 90).
2026-08-10 21:47:09,973 - INFO - [Economic Times] Early skip: URL https://economictimes.indiatimes.com/news/international/world-news/trump-announces-a-deal-for-hamas-to-disarm-in-gaza-but-many-hurdles-and-uncertainty-remain/articleshow/132753009.cms already exists.
2026-08-10 21:47:09,977 - INFO - [Economic Times] Article: https://economictimes.indiatimes.com/news/new-updates/in-1943-us-built-an-entire-city-and-it-didnt-exist-on-a-single-map/articleshow/132659427.cms
2026-08-10 21:47:09,977 - INFO - [Economic Times] Attempt 1/2: Trying with 'requests_browser' strategy...
2026-08-10 21:47:10,478 - INFO - [Economic Times] Success with 'requests_browser'. Found content (688 words).
2026-08-10 21:47:11,873 - INFO - [Wired] Page content loaded.
2026-08-10 21:47:13,092 - ERROR - Error saving article In 1943, US built an entire city, and it didn't exist on a single map - The Economic Times: Hrana: `stream error: `Error { message: "SQLite error: UNIQUE constraint failed: articles.url", code: "SQLITE_CONSTRAINT" }``
2026-08-10 21:47:13,609 - INFO - [Wired] Success with 'selenium_browser'. Found content (838 words).
2026-08-10 21:47:13,686 - INFO - [Economic Times] Article: https://economictimes.indiatimes.com/news/new-updates/humans-have-a-third-eye-in-the-brain-study-links-it-to-a-600-million-year-old-cyclops-ancestor/articleshow/132655441.cms
2026-08-10 21:47:13,686 - INFO - [Economic Times] Attempt 1/2: Trying with 'requests_browser' strategy...
2026-08-10 21:47:16,443 - ERROR - Error saving article B&H Photo Promo Codes and Deals This August 2026 | WIRED: Hrana: `stream error: `Error { message: "SQLite error: UNIQUE constraint failed: articles.url", code: "SQLITE_CONSTRAINT" }``
2026-08-10 21:47:16,472 - INFO - [Economic Times] Success with 'requests_browser'. Found content (593 words).
2026-08-10 21:47:17,820 - INFO - [Wired] (Thread) Finished. Attempting to shut down its Selenium driver.
2026-08-10 21:47:19,035 - ERROR - Error saving article Humans have a 'third eye' in the brain: Study links it to a 600-million-year-old Cyclops ancestor - The Economic Times: Hrana: `stream error: `Error { message: "SQLite error: UNIQUE constraint failed: articles.url", code: "SQLITE_CONSTRAINT" }``
2026-08-10 21:47:19,039 - INFO - [Wired] (Thread) driver.quit() successful.
2026-08-10 21:47:19,732 - INFO - [Economic Times] Article: https://economictimes.indiatimes.com/news/new-updates/1500-ships-trapped-in-gulf-of-hormuz-is-quietly-multiplying-an-underwater-army-that-could-unleash-worlds-biggest-bioinvasion-event/articleshow/132595366.cms
2026-08-10 21:47:19,732 - INFO - [Economic Times] Attempt 1/2: Trying with 'requests_browser' strategy...
2026-08-10 21:47:20,060 - INFO - [Economic Times] Success with 'requests_browser'. Found content (687 words).
2026-08-10 21:47:22,690 - ERROR - Error saving article 1,500 ships trapped in Gulf of Hormuz are quietly multiplying an underwater army that could unleash World's biggest bioinvasion event - The Economic Times: Hrana: `stream error: `Error { message: "SQLite error: UNIQUE constraint failed: articles.url", code: "SQLITE_CONSTRAINT" }``
2026-08-10 21:47:23,229 - INFO - [Economic Times] Article: https://economictimes.indiatimes.com/news/new-updates/argentina-vs-spain-fifa-world-cup-final-to-be-replayed-petition-for-a-rematch-crosses-60000-signatures/articleshow/132576024.cms
2026-08-10 21:47:23,229 - INFO - [Economic Times] Attempt 1/2: Trying with 'requests_browser' strategy...
2026-08-10 21:47:23,836 - INFO - [Economic Times] Success with 'requests_browser'. Found content (228 words).
2026-08-10 21:47:26,543 - ERROR - Error saving article Argentina vs Spain FIFA World Cup Final to be replayed? Petition for a rematch crosses 60,000 signatures - The Economic Times: Hrana: `stream error: `Error { message: "SQLite error: UNIQUE constraint failed: articles.url", code: "SQLITE_CONSTRAINT" }``
2026-08-10 21:47:27,062 - INFO - [Economic Times] Article: https://economictimes.indiatimes.com/news/new-updates/he-baked-potato-in-aluminium-foil-and-ate-it-next-morning-after-microwaving-it-hours-later-he-was-paralysed-doctor-explains-why/articleshow/132574269.cms
2026-08-10 21:47:27,062 - INFO - [Economic Times] Attempt 1/2: Trying with 'requests_browser' strategy...
2026-08-10 21:47:27,479 - INFO - [Economic Times] Success with 'requests_browser'. Found content (558 words).
2026-08-10 21:47:30,087 - ERROR - Error saving article He baked potato in aluminium foil, and ate it next morning after microwaving. Hours later, he was paralysed, doctor explains why - The Economic Times: Hrana: `stream error: `Error { message: "SQLite error: UNIQUE constraint failed: articles.url", code: "SQLITE_CONSTRAINT" }``
2026-08-10 21:47:30,877 - INFO - [Economic Times] Article: https://economictimes.indiatimes.com/news/elections/assembly-elections/assam/done-deal-cm-himanta-biswa-sarma-on-nda-seat-sharing-for-assam-polls/articleshow/128678098.cms
2026-08-10 21:47:30,877 - INFO - [Economic Times] Attempt 1/2: Trying with 'requests_browser' strategy...
2026-08-10 21:47:31,222 - INFO - [Economic Times] Success with 'requests_browser'. Found content (518 words).
2026-08-10 21:47:33,853 - ERROR - Error saving article 'Done deal': CM Himanta Biswa Sarma on NDA seat-sharing for Assam polls - The Economic Times: Hrana: `stream error: `Error { message: "SQLite error: UNIQUE constraint failed: articles.url", code: "SQLITE_CONSTRAINT" }``
2026-08-10 21:47:35,180 - INFO - [Economic Times] Article: https://economictimes.indiatimes.com/news/elections/assembly-elections/bihar/rare-intensive-revision-in-bihar-four-months-before-polls/articleshow/122167501.cms
2026-08-10 21:47:35,181 - INFO - [Economic Times] Attempt 1/2: Trying with 'requests_browser' strategy...
2026-08-10 21:47:35,629 - INFO - [Economic Times] Success with 'requests_browser'. Found content (864 words).
2026-08-10 21:47:38,250 - ERROR - Error saving article Rare 'intensive' revision in Bihar four months before polls - The Economic Times: Hrana: `stream error: `Error { message: "SQLite error: UNIQUE constraint failed: articles.url", code: "SQLITE_CONSTRAINT" }``
2026-08-10 21:47:38,965 - INFO - [Economic Times] Article: https://economictimes.indiatimes.com/news/elections/assembly-elections/delhi/bjp-accuses-kejriwal-of-sending-voters-hoax-calls-to-mislead/articleshow/117579007.cms
2026-08-10 21:47:38,965 - INFO - [Economic Times] Attempt 1/2: Trying with 'requests_browser' strategy...
2026-08-10 21:47:39,503 - INFO - [Economic Times] Success with 'requests_browser'. Found content (550 words).
2026-08-10 21:47:42,113 - ERROR - Error saving article BJP accuses Kejriwal of sending voters hoax calls to mislead - The Economic Times: Hrana: `stream error: `Error { message: "SQLite error: UNIQUE constraint failed: articles.url", code: "SQLITE_CONSTRAINT" }``
2026-08-10 21:47:42,698 - INFO - [Economic Times] Article: https://economictimes.indiatimes.com/news/elections/lok-sabha/india/lok-sabha-election-2024-maharashtra-get-interesting-after-splits-in-shiv-sena-ncp/articleshow/108559788.cms
2026-08-10 21:47:42,698 - INFO - [Economic Times] Attempt 1/2: Trying with 'requests_browser' strategy...
2026-08-10 21:47:43,187 - INFO - [Economic Times] Success with 'requests_browser'. Found content (1442 words).
2026-08-10 21:47:45,769 - ERROR - Error saving article Lok Sabha election 2024: Maharashtra get interesting after splits in Shiv Sena, NCP - The Economic Times: Hrana: `stream error: `Error { message: "SQLite error: UNIQUE constraint failed: articles.url", code: "SQLITE_CONSTRAINT" }``
2026-08-10 21:47:47,268 - INFO - [Economic Times] Article: https://economictimes.indiatimes.com/news/elections/lok-sabha/india/modi-charisma-key-factor-in-bjps-bid-to-retain-all-26-seats-in-gujarat/articleshow/108550858.cms
2026-08-10 21:47:47,268 - INFO - [Economic Times] Attempt 1/2: Trying with 'requests_browser' strategy...
2026-08-10 21:47:47,625 - INFO - [Economic Times] Success with 'requests_browser'. Found content (838 words).
2026-08-10 21:47:50,256 - ERROR - Error saving article Modi charisma key factor in BJP's bid to retain all 26 seats in Gujarat - The Economic Times: Hrana: `stream error: `Error { message: "SQLite error: UNIQUE constraint failed: articles.url", code: "SQLITE_CONSTRAINT" }``
2026-08-10 21:47:51,716 - INFO - [Economic Times] Article: https://economictimes.indiatimes.com/news/elections/lok-sabha/india/implementation-of-guarantees-decline-of-brs-favour-congress-in-telangana-bjp-aiming-for-better-show/articleshow/108548569.cms
2026-08-10 21:47:51,716 - INFO - [Economic Times] Attempt 1/2: Trying with 'requests_browser' strategy...
2026-08-10 21:47:52,141 - INFO - [Economic Times] Success with 'requests_browser'. Found content (1272 words).
2026-08-10 21:47:54,722 - ERROR - Error saving article Implementation of 'guarantees', decline of BRS favour Congress in Telangana, BJP aiming for better show - The Economic Times: Hrana: `stream error: `Error { message: "SQLite error: UNIQUE constraint failed: articles.url", code: "SQLITE_CONSTRAINT" }``
2026-08-10 21:47:56,197 - INFO - [Economic Times] Article: https://economictimes.indiatimes.com/traders-bet-on-calendar-spread-as-nifty-moves-in-a-tight-range/articleshow/6302358.cms
2026-08-10 21:47:56,197 - INFO - [Economic Times] Attempt 1/2: Trying with 'requests_browser' strategy...
2026-08-10 21:47:56,554 - ERROR - parsed tree length: 1, wrong data type or not valid HTML
2026-08-10 21:47:56,555 - ERROR - empty HTML tree: None
2026-08-10 21:47:56,555 - WARNING - discarding data: None
2026-08-10 21:47:56,555 - WARNING - [Economic Times] FAILED with 'requests_browser' (content was too short: 0 words).
2026-08-10 21:47:57,394 - INFO - [Economic Times] Article: https://economictimes.indiatimes.com/traders-bet-on-calendar-spread-as-nifty-moves-in-a-tight-range/articleshow/6302358.cms
2026-08-10 21:47:57,394 - INFO - [Economic Times] Attempt 2/2: Trying with 'selenium_browser' strategy...
2026-08-10 21:47:58,987 - INFO - [Economic Times] Page content loaded.
2026-08-10 21:47:59,267 - INFO - [Economic Times] Success with 'selenium_browser'. Found content (411 words).
2026-08-10 21:48:02,202 - ERROR - Error saving article Traders bet on calendar spread as Nifty moves in a tight range - The Economic Times: Hrana: `stream error: `Error { message: "SQLite error: UNIQUE constraint failed: articles.url", code: "SQLITE_CONSTRAINT" }``
2026-08-10 21:48:02,768 - INFO - [Economic Times] Article: https://economictimes.indiatimes.com/nifty-may-find-support-at-5300-level/articleshow/6296017.cms
2026-08-10 21:48:02,768 - INFO - [Economic Times] Attempt 1/2: Trying with 'requests_browser' strategy...
2026-08-10 21:48:03,134 - ERROR - parsed tree length: 1, wrong data type or not valid HTML
2026-08-10 21:48:03,134 - ERROR - empty HTML tree: None
2026-08-10 21:48:03,134 - WARNING - discarding data: None
2026-08-10 21:48:03,134 - WARNING - [Economic Times] FAILED with 'requests_browser' (content was too short: 0 words).
2026-08-10 21:48:04,017 - INFO - [Economic Times] Article: https://economictimes.indiatimes.com/nifty-may-find-support-at-5300-level/articleshow/6296017.cms
2026-08-10 21:48:04,017 - INFO - [Economic Times] Attempt 2/2: Trying with 'selenium_browser' strategy...
2026-08-10 21:48:22,831 - INFO - [Economic Times] Page content loaded.
2026-08-10 21:48:22,953 - INFO - [Economic Times] Success with 'selenium_browser'. Found content (773 words).
2026-08-10 21:48:25,631 - ERROR - Error saving article Nifty may find support at 5300 level - The Economic Times: Hrana: `stream error: `Error { message: "SQLite error: UNIQUE constraint failed: articles.url", code: "SQLITE_CONSTRAINT" }``
2026-08-10 21:48:26,894 - INFO - [Economic Times] Article: https://economictimes.indiatimes.com/seven-out-of-top-10-asian-small-cap-funds-are-indian/articleshow/6295976.cms
2026-08-10 21:48:26,894 - INFO - [Economic Times] Attempt 1/2: Trying with 'requests_browser' strategy...
2026-08-10 21:48:27,227 - ERROR - parsed tree length: 1, wrong data type or not valid HTML
2026-08-10 21:48:27,228 - ERROR - empty HTML tree: None
2026-08-10 21:48:27,228 - WARNING - discarding data: None
2026-08-10 21:48:27,228 - WARNING - [Economic Times] FAILED with 'requests_browser' (content was too short: 0 words).
2026-08-10 21:48:27,841 - INFO - [Economic Times] Article: https://economictimes.indiatimes.com/seven-out-of-top-10-asian-small-cap-funds-are-indian/articleshow/6295976.cms
2026-08-10 21:48:27,841 - INFO - [Economic Times] Attempt 2/2: Trying with 'selenium_browser' strategy...
2026-08-10 21:48:29,970 - INFO - [Economic Times] Page content loaded.
2026-08-10 21:48:30,127 - INFO - [Economic Times] Success with 'selenium_browser'. Found content (607 words).
2026-08-10 21:48:33,216 - ERROR - Error saving article Seven out of top 10 Asian small-cap funds are Indian - The Economic Times: Hrana: `stream error: `Error { message: "SQLite error: UNIQUE constraint failed: articles.url", code: "SQLITE_CONSTRAINT" }``
2026-08-10 21:48:34,553 - INFO - [Economic Times] Article: https://economictimes.indiatimes.com/inflation-reflects-growth-dynamics-in-india-christopher-wood/articleshow/6274053.cms
2026-08-10 21:48:34,554 - INFO - [Economic Times] Attempt 1/2: Trying with 'requests_browser' strategy...
2026-08-10 21:48:34,927 - ERROR - parsed tree length: 1, wrong data type or not valid HTML
2026-08-10 21:48:34,927 - ERROR - empty HTML tree: None
2026-08-10 21:48:34,927 - WARNING - discarding data: None
2026-08-10 21:48:34,932 - WARNING - [Economic Times] FAILED with 'requests_browser' (content was too short: 0 words).
2026-08-10 21:48:35,646 - INFO - [Economic Times] Article: https://economictimes.indiatimes.com/inflation-reflects-growth-dynamics-in-india-christopher-wood/articleshow/6274053.cms
2026-08-10 21:48:35,646 - INFO - [Economic Times] Attempt 2/2: Trying with 'selenium_browser' strategy...
2026-08-10 21:48:37,241 - INFO - [Economic Times] Page content loaded.
2026-08-10 21:48:37,648 - INFO - [Economic Times] Success with 'selenium_browser'. Found content (4520 words).
2026-08-10 21:48:40,674 - ERROR - Error saving article Inflation reflects growth dynamics in India: Christopher Wood - The Economic Times: Hrana: `stream error: `Error { message: "SQLite error: UNIQUE constraint failed: articles.url", code: "SQLITE_CONSTRAINT" }``
2026-08-10 21:48:41,968 - INFO - [Economic Times] Article: https://economictimes.indiatimes.com/market-may-trade-in-a-range-but-fiis-seen-sold-on-india/articleshow/6277705.cms
2026-08-10 21:48:41,969 - INFO - [Economic Times] Attempt 1/2: Trying with 'requests_browser' strategy...
2026-08-10 21:48:42,337 - ERROR - parsed tree length: 1, wrong data type or not valid HTML
2026-08-10 21:48:42,337 - ERROR - empty HTML tree: None
2026-08-10 21:48:42,338 - WARNING - discarding data: None
2026-08-10 21:48:42,338 - WARNING - [Economic Times] FAILED with 'requests_browser' (content was too short: 0 words).
2026-08-10 21:48:42,933 - INFO - [Economic Times] Article: https://economictimes.indiatimes.com/market-may-trade-in-a-range-but-fiis-seen-sold-on-india/articleshow/6277705.cms
2026-08-10 21:48:42,933 - INFO - [Economic Times] Attempt 2/2: Trying with 'selenium_browser' strategy...
2026-08-10 21:48:44,568 - INFO - [Economic Times] Page content loaded.
2026-08-10 21:48:44,802 - INFO - [Economic Times] Success with 'selenium_browser'. Found content (432 words).
2026-08-10 21:48:47,465 - ERROR - Error saving article Market may trade in a range, but FIIs seen sold on India - The Economic Times: Hrana: `stream error: `Error { message: "SQLite error: UNIQUE constraint failed: articles.url", code: "SQLITE_CONSTRAINT" }``
2026-08-10 21:48:48,672 - INFO - [Economic Times] Article: https://economictimes.indiatimes.com/dont-bank-only-on-price-to-earning-ratio/articleshow/6278228.cms
2026-08-10 21:48:48,672 - INFO - [Economic Times] Attempt 1/2: Trying with 'requests_browser' strategy...
2026-08-10 21:48:48,980 - ERROR - parsed tree length: 1, wrong data type or not valid HTML
2026-08-10 21:48:48,980 - ERROR - empty HTML tree: None
2026-08-10 21:48:48,980 - WARNING - discarding data: None
2026-08-10 21:48:48,980 - WARNING - [Economic Times] FAILED with 'requests_browser' (content was too short: 0 words).
2026-08-10 21:48:49,562 - INFO - [Economic Times] Article: https://economictimes.indiatimes.com/dont-bank-only-on-price-to-earning-ratio/articleshow/6278228.cms
2026-08-10 21:48:49,562 - INFO - [Economic Times] Attempt 2/2: Trying with 'selenium_browser' strategy...
2026-08-10 21:48:51,316 - INFO - [Economic Times] Page content loaded.
2026-08-10 21:48:51,580 - INFO - [Economic Times] Success with 'selenium_browser'. Found content (447 words).
2026-08-10 21:48:54,233 - ERROR - Error saving article 'Don't bank only on price-to-earning ratio' - The Economic Times: Hrana: `stream error: `Error { message: "SQLite error: UNIQUE constraint failed: articles.url", code: "SQLITE_CONSTRAINT" }``
2026-08-10 21:48:55,206 - INFO - [Economic Times] Article: https://economictimes.indiatimes.com/markets/stocks/recos/prabhudas-lilladher-has-a-reduce-rating-on-infosys/articleshow/3798718.cms
2026-08-10 21:48:55,206 - INFO - [Economic Times] Attempt 1/2: Trying with 'requests_browser' strategy...
2026-08-10 21:48:55,502 - ERROR - parsed tree length: 1, wrong data type or not valid HTML
2026-08-10 21:48:55,502 - ERROR - empty HTML tree: None
2026-08-10 21:48:55,502 - WARNING - discarding data: None
2026-08-10 21:48:55,502 - WARNING - [Economic Times] FAILED with 'requests_browser' (content was too short: 0 words).
2026-08-10 21:48:56,138 - INFO - [Economic Times] Article: https://economictimes.indiatimes.com/markets/stocks/recos/prabhudas-lilladher-has-a-reduce-rating-on-infosys/articleshow/3798718.cms
2026-08-10 21:48:56,138 - INFO - [Economic Times] Attempt 2/2: Trying with 'selenium_browser' strategy...
2026-08-10 21:48:58,005 - INFO - [Economic Times] Page content loaded.
2026-08-10 21:48:58,279 - INFO - [Economic Times] Success with 'selenium_browser'. Found content (259 words).
2026-08-10 21:49:01,011 - ERROR - Error saving article Prabhudas Lilladher has a ‘reduce’ rating on Infosys - The Economic Times: Hrana: `stream error: `Error { message: "SQLite error: UNIQUE constraint failed: articles.url", code: "SQLITE_CONSTRAINT" }``
2026-08-10 21:49:01,852 - INFO - [Economic Times] Article: https://economictimes.indiatimes.com/markets/stocks/recos/fin-crisis-too-late-and-too-little-done-in-us/articleshow/3794549.cms
2026-08-10 21:49:01,853 - INFO - [Economic Times] Attempt 1/2: Trying with 'requests_browser' strategy...
2026-08-10 21:49:02,187 - ERROR - parsed tree length: 1, wrong data type or not valid HTML
2026-08-10 21:49:02,187 - ERROR - empty HTML tree: None
2026-08-10 21:49:02,188 - WARNING - discarding data: None
2026-08-10 21:49:02,188 - WARNING - [Economic Times] FAILED with 'requests_browser' (content was too short: 0 words).
2026-08-10 21:49:03,080 - INFO - [Economic Times] Article: https://economictimes.indiatimes.com/markets/stocks/recos/fin-crisis-too-late-and-too-little-done-in-us/articleshow/3794549.cms
2026-08-10 21:49:03,080 - INFO - [Economic Times] Attempt 2/2: Trying with 'selenium_browser' strategy...
2026-08-10 21:49:04,846 - INFO - [Economic Times] Page content loaded.
2026-08-10 21:49:05,050 - INFO - [Economic Times] Success with 'selenium_browser'. Found content (452 words).
2026-08-10 21:49:07,697 - ERROR - Error saving article Fin Crisis: Too late and too little done in US - The Economic Times: Hrana: `stream error: `Error { message: "SQLite error: UNIQUE constraint failed: articles.url", code: "SQLITE_CONSTRAINT" }``
2026-08-10 21:49:09,014 - INFO - [Economic Times] Article: https://economictimes.indiatimes.com/markets/forex/weak-rupee-takes-its-toll-on-cos-with-huge-foreign-debt/articleshow/3546158.cms
2026-08-10 21:49:09,014 - INFO - [Economic Times] Attempt 1/2: Trying with 'requests_browser' strategy...
2026-08-10 21:49:09,384 - ERROR - parsed tree length: 1, wrong data type or not valid HTML
2026-08-10 21:49:09,384 - ERROR - empty HTML tree: None
2026-08-10 21:49:09,384 - WARNING - discarding data: None
2026-08-10 21:49:09,384 - WARNING - [Economic Times] FAILED with 'requests_browser' (content was too short: 0 words).
2026-08-10 21:49:09,949 - INFO - [Economic Times] Article: https://economictimes.indiatimes.com/markets/forex/weak-rupee-takes-its-toll-on-cos-with-huge-foreign-debt/articleshow/3546158.cms
2026-08-10 21:49:09,949 - INFO - [Economic Times] Attempt 2/2: Trying with 'selenium_browser' strategy...
2026-08-10 21:49:12,369 - INFO - [Economic Times] Page content loaded.
2026-08-10 21:49:12,565 - INFO - [Economic Times] Success with 'selenium_browser'. Found content (482 words).
2026-08-10 21:49:15,196 - ERROR - Error saving article Weak rupee takes its toll on cos with huge foreign debt - The Economic Times: Hrana: `stream error: `Error { message: "SQLite error: UNIQUE constraint failed: articles.url", code: "SQLITE_CONSTRAINT" }``
2026-08-10 21:49:16,480 - INFO - [Economic Times] Article: https://economictimes.indiatimes.com/markets/stocks/recos/wait-for-more-signals-before-turning-positive/articleshow/3292640.cms
2026-08-10 21:49:16,480 - INFO - [Economic Times] Attempt 1/2: Trying with 'requests_browser' strategy...
2026-08-10 21:49:17,115 - ERROR - parsed tree length: 1, wrong data type or not valid HTML
2026-08-10 21:49:17,115 - ERROR - empty HTML tree: None
2026-08-10 21:49:17,115 - WARNING - discarding data: None
2026-08-10 21:49:17,115 - WARNING - [Economic Times] FAILED with 'requests_browser' (content was too short: 0 words).
2026-08-10 21:49:17,786 - INFO - [Economic Times] Article: https://economictimes.indiatimes.com/markets/stocks/recos/wait-for-more-signals-before-turning-positive/articleshow/3292640.cms
2026-08-10 21:49:17,786 - INFO - [Economic Times] Attempt 2/2: Trying with 'selenium_browser' strategy...
2026-08-10 21:49:19,697 - INFO - [Economic Times] Page content loaded.
2026-08-10 21:49:20,064 - INFO - [Economic Times] Success with 'selenium_browser'. Found content (392 words).
2026-08-10 21:49:22,660 - ERROR - Error saving article Wait for more signals before turning positive - The Economic Times: Hrana: `stream error: `Error { message: "SQLite error: UNIQUE constraint failed: articles.url", code: "SQLITE_CONSTRAINT" }``
2026-08-10 21:49:23,655 - INFO - [Economic Times] Article: https://economictimes.indiatimes.com/news/company/corporate-trends/six-indian-cos-among-businessweeks-top-100-infotech-firms/articleshow/3189334.cms
2026-08-10 21:49:23,655 - INFO - [Economic Times] Attempt 1/2: Trying with 'requests_browser' strategy...
2026-08-10 21:49:24,276 - INFO - [Economic Times] Success with 'requests_browser'. Found content (370 words).
2026-08-10 21:49:27,069 - ERROR - Error saving article Six Indian cos among BusinessWeek's top 100 Infotech firms - The Economic Times: Hrana: `stream error: `Error { message: "SQLite error: UNIQUE constraint failed: articles.url", code: "SQLITE_CONSTRAINT" }``
2026-08-10 21:49:27,954 - INFO - [Economic Times] Article: https://economictimes.indiatimes.com/news/company/corporate-trends/indian-firms-slip-in-global-ranking-four-move-out-of-top-500/articleshow/3177077.cms
2026-08-10 21:49:27,954 - INFO - [Economic Times] Attempt 1/2: Trying with 'requests_browser' strategy...
2026-08-10 21:49:28,391 - INFO - [Economic Times] Success with 'requests_browser'. Found content (1044 words).
2026-08-10 21:49:30,965 - ERROR - Error saving article Indian firms slip in global ranking; four move out of Top-500 - The Economic Times: Hrana: `stream error: `Error { message: "SQLite error: UNIQUE constraint failed: articles.url", code: "SQLITE_CONSTRAINT" }``
2026-08-10 21:49:32,031 - INFO - [Economic Times] Article: https://economictimes.indiatimes.com/markets/stocks/news/big-daddy-laps-up-cipla-after-q1-nos-beat-forecast/articleshow/6308646.cms
2026-08-10 21:49:32,032 - INFO - [Economic Times] Attempt 1/2: Trying with 'requests_browser' strategy...
2026-08-10 21:49:32,460 - ERROR - parsed tree length: 1, wrong data type or not valid HTML
2026-08-10 21:49:32,460 - ERROR - empty HTML tree: None
2026-08-10 21:49:32,460 - WARNING - discarding data: None
2026-08-10 21:49:32,460 - WARNING - [Economic Times] FAILED with 'requests_browser' (content was too short: 0 words).
2026-08-10 21:49:33,384 - INFO - [Economic Times] Article: https://economictimes.indiatimes.com/markets/stocks/news/big-daddy-laps-up-cipla-after-q1-nos-beat-forecast/articleshow/6308646.cms
2026-08-10 21:49:33,384 - INFO - [Economic Times] Attempt 2/2: Trying with 'selenium_browser' strategy...
2026-08-10 21:49:35,127 - INFO - [Economic Times] Page content loaded.
2026-08-10 21:49:35,435 - INFO - [Economic Times] Success with 'selenium_browser'. Found content (567 words).
2026-08-10 21:49:39,553 - ERROR - Error saving article 'Big Daddy' laps up Cipla after Q1 nos beat forecast - The Economic Times: Hrana: `stream error: `Error { message: "SQLite error: UNIQUE constraint failed: articles.url", code: "SQLITE_CONSTRAINT" }``
2026-08-10 21:49:40,359 - INFO - [Economic Times] Article: https://economictimes.indiatimes.com/markets/stocks/news/old-fox-has-dream-run-on-dalal-street/articleshow/6308631.cms
2026-08-10 21:49:40,360 - INFO - [Economic Times] Attempt 1/2: Trying with 'requests_browser' strategy...
2026-08-10 21:49:40,723 - ERROR - parsed tree length: 1, wrong data type or not valid HTML
2026-08-10 21:49:40,723 - ERROR - empty HTML tree: None
2026-08-10 21:49:40,723 - WARNING - discarding data: None
2026-08-10 21:49:40,723 - WARNING - [Economic Times] FAILED with 'requests_browser' (content was too short: 0 words).
2026-08-10 21:49:41,521 - INFO - [Economic Times] Article: https://economictimes.indiatimes.com/markets/stocks/news/old-fox-has-dream-run-on-dalal-street/articleshow/6308631.cms
2026-08-10 21:49:41,522 - INFO - [Economic Times] Attempt 2/2: Trying with 'selenium_browser' strategy...
2026-08-10 21:49:43,513 - INFO - [Economic Times] Page content loaded.
2026-08-10 21:49:43,777 - INFO - [Economic Times] Success with 'selenium_browser'. Found content (629 words).
2026-08-10 21:49:47,041 - ERROR - Error saving article Old Fox has dream run on Dalal Street - The Economic Times: Hrana: `stream error: `Error { message: "SQLite error: UNIQUE constraint failed: articles.url", code: "SQLITE_CONSTRAINT" }``
2026-08-10 21:49:47,802 - INFO - [Economic Times] Article: https://economictimes.indiatimes.com/markets/stocks/news/cairn-india-hits-record-high-on-bse-amid-stake-sale-talks/articleshow/6306679.cms
2026-08-10 21:49:47,802 - INFO - [Economic Times] Attempt 1/2: Trying with 'requests_browser' strategy...
2026-08-10 21:49:48,227 - ERROR - parsed tree length: 1, wrong data type or not valid HTML
2026-08-10 21:49:48,228 - ERROR - empty HTML tree: None
2026-08-10 21:49:48,228 - WARNING - discarding data: None
2026-08-10 21:49:48,228 - WARNING - [Economic Times] FAILED with 'requests_browser' (content was too short: 0 words).
2026-08-10 21:49:48,971 - INFO - [Economic Times] Article: https://economictimes.indiatimes.com/markets/stocks/news/cairn-india-hits-record-high-on-bse-amid-stake-sale-talks/articleshow/6306679.cms
2026-08-10 21:49:48,971 - INFO - [Economic Times] Attempt 2/2: Trying with 'selenium_browser' strategy...
2026-08-10 21:49:51,344 - INFO - [Economic Times] Page content loaded.
2026-08-10 21:49:51,673 - INFO - [Economic Times] Success with 'selenium_browser'. Found content (334 words).
2026-08-10 21:49:54,393 - ERROR - Error saving article Cairn India hits record high on BSE amid stake sale talks - The Economic Times: Hrana: `stream error: `Error { message: "SQLite error: UNIQUE constraint failed: articles.url", code: "SQLITE_CONSTRAINT" }``
2026-08-10 21:49:55,121 - INFO - [Economic Times] Article: https://economictimes.indiatimes.com/markets/stocks/news/vedanta-plunges-5-59-per-cent-on-lse-amid-talks-to-buy-cairn-stake/articleshow/6306526.cms
2026-08-10 21:49:55,121 - INFO - [Economic Times] Attempt 1/2: Trying with 'requests_browser' strategy...
2026-08-10 21:49:55,550 - ERROR - parsed tree length: 1, wrong data type or not valid HTML
2026-08-10 21:49:55,550 - ERROR - empty HTML tree: None
2026-08-10 21:49:55,550 - WARNING - discarding data: None
2026-08-10 21:49:55,550 - WARNING - [Economic Times] FAILED with 'requests_browser' (content was too short: 0 words).
2026-08-10 21:49:56,299 - INFO - [Economic Times] Article: https://economictimes.indiatimes.com/markets/stocks/news/vedanta-plunges-5-59-per-cent-on-lse-amid-talks-to-buy-cairn-stake/articleshow/6306526.cms
2026-08-10 21:49:56,299 - INFO - [Economic Times] Attempt 2/2: Trying with 'selenium_browser' strategy...
2026-08-10 21:49:58,028 - INFO - [Economic Times] Page content loaded.
2026-08-10 21:49:58,203 - INFO - [Economic Times] Success with 'selenium_browser'. Found content (397 words).
2026-08-10 21:50:00,886 - ERROR - Error saving article Cairn: Vedanta plunges 5.59 per cent on LSE amid talks to buy Cairn stake - The Economic Times: Hrana: `stream error: `Error { message: "SQLite error: UNIQUE constraint failed: articles.url", code: "SQLITE_CONSTRAINT" }``
2026-08-10 21:50:02,132 - INFO - [Economic Times] Article: https://economictimes.indiatimes.com/markets/stocks/news/sbi-shares-on-gaining-spree-hit-record-high/articleshow/6306241.cms
2026-08-10 21:50:02,133 - INFO - [Economic Times] Attempt 1/2: Trying with 'requests_browser' strategy...
2026-08-10 21:50:02,868 - ERROR - parsed tree length: 1, wrong data type or not valid HTML
2026-08-10 21:50:02,869 - ERROR - empty HTML tree: None
2026-08-10 21:50:02,869 - WARNING - discarding data: None
2026-08-10 21:50:02,869 - WARNING - [Economic Times] FAILED with 'requests_browser' (content was too short: 0 words).
2026-08-10 21:50:03,395 - INFO - [Economic Times] Article: https://economictimes.indiatimes.com/markets/stocks/news/sbi-shares-on-gaining-spree-hit-record-high/articleshow/6306241.cms
2026-08-10 21:50:03,395 - INFO - [Economic Times] Attempt 2/2: Trying with 'selenium_browser' strategy...
2026-08-10 21:50:05,295 - INFO - [Economic Times] Page content loaded.
2026-08-10 21:50:05,580 - WARNING - [Economic Times] FAILED with 'selenium_browser' (content was too short: 83 words).
2026-08-10 21:50:05,581 - ERROR - [Economic Times] All scrape strategies failed for https://economictimes.indiatimes.com/markets/stocks/news/sbi-shares-on-gaining-spree-hit-record-high/articleshow/6306241.cms. Falling back to RSS description.
2026-08-10 21:50:05,581 - WARNING - SKIPPED (GLOBAL WORD LIMIT): Article 'SBI shares on gaining spree; hit record high ' from Economic Times has only 28 words (Min: 90).
2026-08-10 21:50:06,912 - INFO - [Economic Times] Article: https://economictimes.indiatimes.com/fm-must-rethink/articleshow/5645094.cms
2026-08-10 21:50:06,912 - INFO - [Economic Times] Attempt 1/2: Trying with 'requests_browser' strategy...
2026-08-10 21:50:07,287 - ERROR - parsed tree length: 1, wrong data type or not valid HTML
2026-08-10 21:50:07,287 - ERROR - empty HTML tree: None
2026-08-10 21:50:07,287 - WARNING - discarding data: None
2026-08-10 21:50:07,287 - WARNING - [Economic Times] FAILED with 'requests_browser' (content was too short: 0 words).
2026-08-10 21:50:07,975 - INFO - [Economic Times] Article: https://economictimes.indiatimes.com/fm-must-rethink/articleshow/5645094.cms
2026-08-10 21:50:07,976 - INFO - [Economic Times] Attempt 2/2: Trying with 'selenium_browser' strategy...
2026-08-10 21:50:09,398 - INFO - [Economic Times] Page content loaded.
2026-08-10 21:50:09,683 - INFO - [Economic Times] Success with 'selenium_browser'. Found content (138 words).
2026-08-10 21:50:12,279 - ERROR - Error saving article FM must rethink - The Economic Times: Hrana: `stream error: `Error { message: "SQLite error: UNIQUE constraint failed: articles.url", code: "SQLITE_CONSTRAINT" }``
2026-08-10 21:50:12,885 - INFO - [Economic Times] Article: https://economictimes.indiatimes.com/amalgamate-banks/articleshow/5645086.cms
2026-08-10 21:50:12,885 - INFO - [Economic Times] Attempt 1/2: Trying with 'requests_browser' strategy...
2026-08-10 21:50:13,341 - ERROR - parsed tree length: 1, wrong data type or not valid HTML
2026-08-10 21:50:13,341 - ERROR - empty HTML tree: None
2026-08-10 21:50:13,341 - WARNING - discarding data: None
2026-08-10 21:50:13,341 - WARNING - [Economic Times] FAILED with 'requests_browser' (content was too short: 0 words).
2026-08-10 21:50:14,143 - INFO - [Economic Times] Article: https://economictimes.indiatimes.com/amalgamate-banks/articleshow/5645086.cms
2026-08-10 21:50:14,143 - INFO - [Economic Times] Attempt 2/2: Trying with 'selenium_browser' strategy...
2026-08-10 21:50:16,153 - INFO - [Economic Times] Page content loaded.
2026-08-10 21:50:16,224 - INFO - [Economic Times] Success with 'selenium_browser'. Found content (243 words).
2026-08-10 21:50:18,871 - ERROR - Error saving article Amalgamate banks - The Economic Times: Hrana: `stream error: `Error { message: "SQLite error: UNIQUE constraint failed: articles.url", code: "SQLITE_CONSTRAINT" }``
2026-08-10 21:50:19,378 - INFO - [Economic Times] Article: https://economictimes.indiatimes.com/managing-data/articleshow/5117958.cms
2026-08-10 21:50:19,378 - INFO - [Economic Times] Attempt 1/2: Trying with 'requests_browser' strategy...
2026-08-10 21:50:19,739 - ERROR - parsed tree length: 1, wrong data type or not valid HTML
2026-08-10 21:50:19,739 - ERROR - empty HTML tree: None
2026-08-10 21:50:19,739 - WARNING - discarding data: None
2026-08-10 21:50:19,739 - WARNING - [Economic Times] FAILED with 'requests_browser' (content was too short: 0 words).
2026-08-10 21:50:20,288 - INFO - [Economic Times] Article: https://economictimes.indiatimes.com/managing-data/articleshow/5117958.cms
2026-08-10 21:50:20,288 - INFO - [Economic Times] Attempt 2/2: Trying with 'selenium_browser' strategy...
2026-08-10 21:50:22,893 - INFO - [Economic Times] Page content loaded.
2026-08-10 21:50:23,097 - INFO - [Economic Times] Success with 'selenium_browser'. Found content (119 words).
2026-08-10 21:50:25,679 - ERROR - Error saving article Managing data - The Economic Times: Hrana: `stream error: `Error { message: "SQLite error: UNIQUE constraint failed: articles.url", code: "SQLITE_CONSTRAINT" }``
2026-08-10 21:50:27,159 - INFO - [Economic Times] Article: https://economictimes.indiatimes.com/right-technology/articleshow/5117957.cms
2026-08-10 21:50:27,159 - INFO - [Economic Times] Attempt 1/2: Trying with 'requests_browser' strategy...
2026-08-10 21:50:27,457 - ERROR - parsed tree length: 1, wrong data type or not valid HTML
2026-08-10 21:50:27,457 - ERROR - empty HTML tree: None
2026-08-10 21:50:27,457 - WARNING - discarding data: None
2026-08-10 21:50:27,457 - WARNING - [Economic Times] FAILED with 'requests_browser' (content was too short: 0 words).
2026-08-10 21:50:28,063 - INFO - [Economic Times] Article: https://economictimes.indiatimes.com/right-technology/articleshow/5117957.cms
2026-08-10 21:50:28,063 - INFO - [Economic Times] Attempt 2/2: Trying with 'selenium_browser' strategy...
2026-08-10 21:50:30,127 - INFO - [Economic Times] Page content loaded.
2026-08-10 21:50:30,503 - INFO - [Economic Times] Success with 'selenium_browser'. Found content (114 words).
2026-08-10 21:50:33,156 - ERROR - Error saving article Right technology - The Economic Times: Hrana: `stream error: `Error { message: "SQLite error: UNIQUE constraint failed: articles.url", code: "SQLITE_CONSTRAINT" }``
2026-08-10 21:50:34,037 - INFO - [Economic Times] Article: https://economictimes.indiatimes.com/et-search/articleshow/21646857.cms
2026-08-10 21:50:34,037 - INFO - [Economic Times] Attempt 1/2: Trying with 'requests_browser' strategy...
2026-08-10 21:50:34,404 - ERROR - parsed tree length: 1, wrong data type or not valid HTML
2026-08-10 21:50:34,404 - ERROR - empty HTML tree: None
2026-08-10 21:50:34,404 - WARNING - discarding data: None
2026-08-10 21:50:34,404 - WARNING - [Economic Times] FAILED with 'requests_browser' (content was too short: 0 words).
2026-08-10 21:50:35,208 - INFO - [Economic Times] Article: https://economictimes.indiatimes.com/et-search/articleshow/21646857.cms
2026-08-10 21:50:35,208 - INFO - [Economic Times] Attempt 2/2: Trying with 'selenium_browser' strategy...
2026-08-10 21:50:37,633 - INFO - [Economic Times] Page content loaded.
2026-08-10 21:50:37,877 - INFO - [Economic Times] Success with 'selenium_browser'. Found content (106 words).
2026-08-10 21:50:40,428 - ERROR - Error saving article ET Search - The Economic Times: Hrana: `stream error: `Error { message: "SQLite error: UNIQUE constraint failed: articles.url", code: "SQLITE_CONSTRAINT" }``
2026-08-10 21:50:41,542 - INFO - [Economic Times] Article: https://economictimes.indiatimes.com/after-the-oscars-whats-next-for-silent-stars-of-the-artist/articleshow/12075465.cms
2026-08-10 21:50:41,542 - INFO - [Economic Times] Attempt 1/2: Trying with 'requests_browser' strategy...
2026-08-10 21:50:41,889 - ERROR - parsed tree length: 1, wrong data type or not valid HTML
2026-08-10 21:50:41,890 - ERROR - empty HTML tree: None
2026-08-10 21:50:41,890 - WARNING - discarding data: None
2026-08-10 21:50:41,890 - WARNING - [Economic Times] FAILED with 'requests_browser' (content was too short: 0 words).
2026-08-10 21:50:42,510 - INFO - [Economic Times] Article: https://economictimes.indiatimes.com/after-the-oscars-whats-next-for-silent-stars-of-the-artist/articleshow/12075465.cms
2026-08-10 21:50:42,510 - INFO - [Economic Times] Attempt 2/2: Trying with 'selenium_browser' strategy...
2026-08-10 21:50:45,033 - INFO - [Economic Times] Page content loaded.
2026-08-10 21:50:45,144 - INFO - [Economic Times] Success with 'selenium_browser'. Found content (699 words).
2026-08-10 21:50:47,868 - ERROR - Error saving article After the Oscars, what's next for silent stars of The Artist? - The Economic Times: Hrana: `stream error: `Error { message: "SQLite error: UNIQUE constraint failed: articles.url", code: "SQLITE_CONSTRAINT" }``
2026-08-10 21:50:48,642 - INFO - [Economic Times] Article: https://economictimes.indiatimes.com/delhi-world-book-fair-a-fair-like-no-other/articleshow/12028630.cms
2026-08-10 21:50:48,642 - INFO - [Economic Times] Attempt 1/2: Trying with 'requests_browser' strategy...
2026-08-10 21:50:49,222 - ERROR - parsed tree length: 1, wrong data type or not valid HTML
2026-08-10 21:50:49,222 - ERROR - empty HTML tree: None
2026-08-10 21:50:49,222 - WARNING - discarding data: None
2026-08-10 21:50:49,222 - WARNING - [Economic Times] FAILED with 'requests_browser' (content was too short: 0 words).
2026-08-10 21:50:49,792 - INFO - [Economic Times] Article: https://economictimes.indiatimes.com/delhi-world-book-fair-a-fair-like-no-other/articleshow/12028630.cms
2026-08-10 21:50:49,792 - INFO - [Economic Times] Attempt 2/2: Trying with 'selenium_browser' strategy...
2026-08-10 21:50:52,523 - INFO - [Economic Times] Page content loaded.
2026-08-10 21:50:52,767 - INFO - [Economic Times] Success with 'selenium_browser'. Found content (1911 words).
2026-08-10 21:50:55,442 - ERROR - Error saving article Delhi World Book fair: A fair like no other - The Economic Times: Hrana: `stream error: `Error { message: "SQLite error: UNIQUE constraint failed: articles.url", code: "SQLITE_CONSTRAINT" }``
2026-08-10 21:50:56,287 - INFO - [Economic Times] Article: https://economictimes.indiatimes.com/lk-advanis-gift-makes-its-way-to-state-department-exhibition-hall/articleshow/12017534.cms
2026-08-10 21:50:56,288 - INFO - [Economic Times] Attempt 1/2: Trying with 'requests_browser' strategy...
2026-08-10 21:50:56,657 - ERROR - parsed tree length: 1, wrong data type or not valid HTML
2026-08-10 21:50:56,657 - ERROR - empty HTML tree: None
2026-08-10 21:50:56,657 - WARNING - discarding data: None
2026-08-10 21:50:56,657 - WARNING - [Economic Times] FAILED with 'requests_browser' (content was too short: 0 words).
2026-08-10 21:50:57,430 - INFO - [Economic Times] Article: https://economictimes.indiatimes.com/lk-advanis-gift-makes-its-way-to-state-department-exhibition-hall/articleshow/12017534.cms
2026-08-10 21:50:57,431 - INFO - [Economic Times] Attempt 2/2: Trying with 'selenium_browser' strategy...
2026-08-10 21:50:59,771 - INFO - [Economic Times] Page content loaded.
2026-08-10 21:50:59,846 - INFO - [Economic Times] Success with 'selenium_browser'. Found content (488 words).
2026-08-10 21:51:02,575 - ERROR - Error saving article LK Advani's 'gift' makes its way to State Department exhibition hall - The Economic Times: Hrana: `stream error: `Error { message: "SQLite error: UNIQUE constraint failed: articles.url", code: "SQLITE_CONSTRAINT" }``
2026-08-10 21:51:03,173 - INFO - [Economic Times] Article: https://economictimes.indiatimes.com/india-meteorological-department-to-use-dynamic-models-for-forecasts/articleshow/11983844.cms
2026-08-10 21:51:03,173 - INFO - [Economic Times] Attempt 1/2: Trying with 'requests_browser' strategy...
2026-08-10 21:51:03,525 - ERROR - parsed tree length: 1, wrong data type or not valid HTML
2026-08-10 21:51:03,525 - ERROR - empty HTML tree: None
2026-08-10 21:51:03,525 - WARNING - discarding data: None
2026-08-10 21:51:03,525 - WARNING - [Economic Times] FAILED with 'requests_browser' (content was too short: 0 words).
2026-08-10 21:51:04,208 - INFO - [Economic Times] Article: https://economictimes.indiatimes.com/india-meteorological-department-to-use-dynamic-models-for-forecasts/articleshow/11983844.cms
2026-08-10 21:51:04,208 - INFO - [Economic Times] Attempt 2/2: Trying with 'selenium_browser' strategy...
2026-08-10 21:51:06,722 - INFO - [Economic Times] Page content loaded.
2026-08-10 21:51:07,094 - INFO - [Economic Times] Success with 'selenium_browser'. Found content (693 words).
2026-08-10 21:51:09,687 - ERROR - Error saving article India Meteorological Department to use dynamic models for forecasts - The Economic Times: Hrana: `stream error: `Error { message: "SQLite error: UNIQUE constraint failed: articles.url", code: "SQLITE_CONSTRAINT" }``
2026-08-10 21:51:10,676 - INFO - [Economic Times] Article: https://economictimes.indiatimes.com/documents-reveal-contents-of-the-first-telegraph-message-between-india-england/articleshow/11976488.cms
2026-08-10 21:51:10,676 - INFO - [Economic Times] Attempt 1/2: Trying with 'requests_browser' strategy...
2026-08-10 21:51:10,976 - ERROR - parsed tree length: 1, wrong data type or not valid HTML
2026-08-10 21:51:10,976 - ERROR - empty HTML tree: None
2026-08-10 21:51:10,976 - WARNING - discarding data: None
2026-08-10 21:51:10,976 - WARNING - [Economic Times] FAILED with 'requests_browser' (content was too short: 0 words).
2026-08-10 21:51:11,558 - INFO - [Economic Times] Article: https://economictimes.indiatimes.com/documents-reveal-contents-of-the-first-telegraph-message-between-india-england/articleshow/11976488.cms
2026-08-10 21:51:11,558 - INFO - [Economic Times] Attempt 2/2: Trying with 'selenium_browser' strategy...
2026-08-10 21:51:13,729 - INFO - [Economic Times] Page content loaded.
2026-08-10 21:51:13,889 - INFO - [Economic Times] Success with 'selenium_browser'. Found content (1434 words).
2026-08-10 21:51:16,599 - ERROR - Error saving article Documents reveal contents of the first telegraph message between India & England - The Economic Times: Hrana: `stream error: `Error { message: "SQLite error: UNIQUE constraint failed: articles.url", code: "SQLITE_CONSTRAINT" }``
2026-08-10 21:51:17,314 - INFO - [Economic Times] Article: https://economictimes.indiatimes.com/worried-amitabh-bachchan-fans-pray-to-lord-shiva-for-his-recovery/articleshow/11963187.cms
2026-08-10 21:51:17,314 - INFO - [Economic Times] Attempt 1/2: Trying with 'requests_browser' strategy...
2026-08-10 21:51:17,667 - ERROR - parsed tree length: 1, wrong data type or not valid HTML
2026-08-10 21:51:17,667 - ERROR - empty HTML tree: None
2026-08-10 21:51:17,667 - WARNING - discarding data: None
2026-08-10 21:51:17,667 - WARNING - [Economic Times] FAILED with 'requests_browser' (content was too short: 0 words).
2026-08-10 21:51:18,596 - INFO - [Economic Times] Article: https://economictimes.indiatimes.com/worried-amitabh-bachchan-fans-pray-to-lord-shiva-for-his-recovery/articleshow/11963187.cms
2026-08-10 21:51:18,596 - INFO - [Economic Times] Attempt 2/2: Trying with 'selenium_browser' strategy...
2026-08-10 21:51:20,676 - INFO - [Economic Times] Page content loaded.
2026-08-10 21:51:20,786 - INFO - [Economic Times] Success with 'selenium_browser'. Found content (453 words).
2026-08-10 21:51:23,424 - ERROR - Error saving article Worried Amitabh Bachchan fans pray to Lord Shiva for his recovery - The Economic Times: Hrana: `stream error: `Error { message: "SQLite error: UNIQUE constraint failed: articles.url", code: "SQLITE_CONSTRAINT" }``
2026-08-10 21:51:24,678 - INFO - [Economic Times] Article: https://economictimes.indiatimes.com/opinion/interviews/every-decision-of-government-neednt-be-a-big-reform-anand-mahindra/articleshow/35919571.cms
2026-08-10 21:51:24,679 - INFO - [Economic Times] Attempt 1/2: Trying with 'requests_browser' strategy...
2026-08-10 21:51:25,076 - ERROR - parsed tree length: 1, wrong data type or not valid HTML
2026-08-10 21:51:25,077 - ERROR - empty HTML tree: None
2026-08-10 21:51:25,077 - WARNING - discarding data: None
2026-08-10 21:51:25,077 - WARNING - [Economic Times] FAILED with 'requests_browser' (content was too short: 0 words).
2026-08-10 21:51:25,742 - INFO - [Economic Times] Article: https://economictimes.indiatimes.com/opinion/interviews/every-decision-of-government-neednt-be-a-big-reform-anand-mahindra/articleshow/35919571.cms
2026-08-10 21:51:25,742 - INFO - [Economic Times] Attempt 2/2: Trying with 'selenium_browser' strategy...
2026-08-10 21:51:28,023 - INFO - [Economic Times] Page content loaded.
2026-08-10 21:51:28,258 - INFO - [Economic Times] Success with 'selenium_browser'. Found content (2167 words).
2026-08-10 21:51:30,942 - ERROR - Error saving article Every decision of government needn’t be a big reform: Anand Mahindra - The Economic Times: Hrana: `stream error: `Error { message: "SQLite error: UNIQUE constraint failed: articles.url", code: "SQLITE_CONSTRAINT" }``
2026-08-10 21:51:31,812 - INFO - [Economic Times] Article: https://economictimes.indiatimes.com/opinion/interviews/narendra-modi-has-his-eyes-set-on-boosting-business-joao-cravinho-eu-ambassador/articleshow/35973824.cms
2026-08-10 21:51:31,812 - INFO - [Economic Times] Attempt 1/2: Trying with 'requests_browser' strategy...
2026-08-10 21:51:32,323 - ERROR - parsed tree length: 1, wrong data type or not valid HTML
2026-08-10 21:51:32,323 - ERROR - empty HTML tree: None
2026-08-10 21:51:32,323 - WARNING - discarding data: None
2026-08-10 21:51:32,323 - WARNING - [Economic Times] FAILED with 'requests_browser' (content was too short: 0 words).
2026-08-10 21:51:33,302 - INFO - [Economic Times] Article: https://economictimes.indiatimes.com/opinion/interviews/narendra-modi-has-his-eyes-set-on-boosting-business-joao-cravinho-eu-ambassador/articleshow/35973824.cms
2026-08-10 21:51:33,303 - INFO - [Economic Times] Attempt 2/2: Trying with 'selenium_browser' strategy...
2026-08-10 21:51:35,042 - INFO - [Economic Times] Page content loaded.
2026-08-10 21:51:35,252 - INFO - [Economic Times] Success with 'selenium_browser'. Found content (898 words).
2026-08-10 21:51:38,297 - ERROR - Error saving article Narendra Modi has his eyes set on boosting business: Joao Cravinho, EU Ambassador - The Economic Times: Hrana: `stream error: `Error { message: "SQLite error: UNIQUE constraint failed: articles.url", code: "SQLITE_CONSTRAINT" }``
2026-08-10 21:51:38,968 - INFO - [Economic Times] Article: https://economictimes.indiatimes.com/opinion/interviews/confidence-level-of-industry-improving-kv-kamath-icici-bank/articleshow/35945669.cms
2026-08-10 21:51:38,969 - INFO - [Economic Times] Attempt 1/2: Trying with 'requests_browser' strategy...
2026-08-10 21:51:39,369 - ERROR - parsed tree length: 1, wrong data type or not valid HTML
2026-08-10 21:51:39,369 - ERROR - empty HTML tree: None
2026-08-10 21:51:39,369 - WARNING - discarding data: None
2026-08-10 21:51:39,369 - WARNING - [Economic Times] FAILED with 'requests_browser' (content was too short: 0 words).
2026-08-10 21:51:40,361 - INFO - [Economic Times] Article: https://economictimes.indiatimes.com/opinion/interviews/confidence-level-of-industry-improving-kv-kamath-icici-bank/articleshow/35945669.cms
2026-08-10 21:51:40,361 - INFO - [Economic Times] Attempt 2/2: Trying with 'selenium_browser' strategy...
2026-08-10 21:51:41,981 - INFO - [Economic Times] Page content loaded.
2026-08-10 21:51:42,152 - INFO - [Economic Times] Success with 'selenium_browser'. Found content (1746 words).
2026-08-10 21:51:44,833 - ERROR - Error saving article Confidence level of industry improving: KV Kamath, ICICI Bank - The Economic Times: Hrana: `stream error: `Error { message: "SQLite error: UNIQUE constraint failed: articles.url", code: "SQLITE_CONSTRAINT" }``
2026-08-10 21:51:45,606 - INFO - [Economic Times] Article: https://economictimes.indiatimes.com/opinion/interviews/we-may-see-rapid-growth-over-the-next-few-years-raamdeo-agrawal/articleshow/35831378.cms
2026-08-10 21:51:45,606 - INFO - [Economic Times] Attempt 1/2: Trying with 'requests_browser' strategy...
2026-08-10 21:51:46,056 - ERROR - parsed tree length: 1, wrong data type or not valid HTML
2026-08-10 21:51:46,056 - ERROR - empty HTML tree: None
2026-08-10 21:51:46,056 - WARNING - discarding data: None
2026-08-10 21:51:46,056 - WARNING - [Economic Times] FAILED with 'requests_browser' (content was too short: 0 words).
2026-08-10 21:51:46,605 - INFO - [Economic Times] Article: https://economictimes.indiatimes.com/opinion/interviews/we-may-see-rapid-growth-over-the-next-few-years-raamdeo-agrawal/articleshow/35831378.cms
2026-08-10 21:51:46,605 - INFO - [Economic Times] Attempt 2/2: Trying with 'selenium_browser' strategy...
2026-08-10 21:51:48,381 - INFO - [Economic Times] Page content loaded.
2026-08-10 21:51:48,610 - INFO - [Economic Times] Success with 'selenium_browser'. Found content (1086 words).
2026-08-10 21:51:51,210 - ERROR - Error saving article Raamdeo Agarwal: We may see rapid growth over the next few years: Raamdeo Agrawal - The Economic Times: Hrana: `stream error: `Error { message: "SQLite error: UNIQUE constraint failed: articles.url", code: "SQLITE_CONSTRAINT" }``
2026-08-10 21:51:51,906 - INFO - [Economic Times] Article: https://economictimes.indiatimes.com/opinion/interviews/our-commitment-for-press-freedom-and-autonomy-of-public-broadcast-is-absolute-prakash-javadekar/articleshow/35803396.cms
2026-08-10 21:51:51,906 - INFO - [Economic Times] Attempt 1/2: Trying with 'requests_browser' strategy...
2026-08-10 21:51:52,266 - ERROR - parsed tree length: 1, wrong data type or not valid HTML
2026-08-10 21:51:52,266 - ERROR - empty HTML tree: None
2026-08-10 21:51:52,266 - WARNING - discarding data: None
2026-08-10 21:51:52,266 - WARNING - [Economic Times] FAILED with 'requests_browser' (content was too short: 0 words).
2026-08-10 21:51:53,038 - INFO - [Economic Times] Article: https://economictimes.indiatimes.com/opinion/interviews/our-commitment-for-press-freedom-and-autonomy-of-public-broadcast-is-absolute-prakash-javadekar/articleshow/35803396.cms
2026-08-10 21:51:53,038 - INFO - [Economic Times] Attempt 2/2: Trying with 'selenium_browser' strategy...
2026-08-10 21:51:54,815 - INFO - [Economic Times] Page content loaded.
2026-08-10 21:51:54,992 - INFO - [Economic Times] Success with 'selenium_browser'. Found content (1176 words).
2026-08-10 21:51:57,664 - ERROR - Error saving article Our commitment for press freedom, and autonomy of public broadcast is absolute: Prakash Javadekar - The Economic Times: Hrana: `stream error: `Error { message: "SQLite error: UNIQUE constraint failed: articles.url", code: "SQLITE_CONSTRAINT" }``
2026-08-10 21:51:58,190 - INFO - [Economic Times] Article: https://economictimes.indiatimes.com/opinion/interviews/there-is-a-leadership-vacuum-in-infosys-time-to-get-nandan-nilekani-back-mohandas-pai/articleshow/35716682.cms
2026-08-10 21:51:58,190 - INFO - [Economic Times] Attempt 1/2: Trying with 'requests_browser' strategy...
2026-08-10 21:51:58,563 - ERROR - parsed tree length: 1, wrong data type or not valid HTML
2026-08-10 21:51:58,564 - ERROR - empty HTML tree: None
2026-08-10 21:51:58,564 - WARNING - discarding data: None
2026-08-10 21:51:58,564 - WARNING - [Economic Times] FAILED with 'requests_browser' (content was too short: 0 words).
2026-08-10 21:51:59,424 - INFO - [Economic Times] Article: https://economictimes.indiatimes.com/opinion/interviews/there-is-a-leadership-vacuum-in-infosys-time-to-get-nandan-nilekani-back-mohandas-pai/articleshow/35716682.cms
2026-08-10 21:51:59,424 - INFO - [Economic Times] Attempt 2/2: Trying with 'selenium_browser' strategy...
2026-08-10 21:52:01,450 - INFO - [Economic Times] Page content loaded.
2026-08-10 21:52:01,704 - INFO - [Economic Times] Success with 'selenium_browser'. Found content (1800 words).
2026-08-10 21:52:04,297 - ERROR - Error saving article There is a leadership vacuum in Infosys, time to get Nandan Nilekani back: Mohandas Pai - The Economic Times: Hrana: `stream error: `Error { message: "SQLite error: UNIQUE constraint failed: articles.url", code: "SQLITE_CONSTRAINT" }``
2026-08-10 21:52:05,152 - INFO - [Economic Times] Early skip: URL https://economictimes.indiatimes.com/markets/stocks/news/mcap-of-four-of-top-10-most-valued-firms-jumps-rs-1-43-lakh-cr-state-bank-biggest-winner/articleshow/133062390.cms already exists.
2026-08-10 21:52:05,153 - INFO - [Economic Times] Early skip: URL https://economictimes.indiatimes.com/markets/stocks/news/foreign-investors-continue-buying-spree-pour-rs-12921-cr-in-first-week-of-aug/articleshow/133062370.cms already exists.
2026-08-10 21:52:05,155 - INFO - [Economic Times] Article: https://economictimes.indiatimes.com/markets/stocks/news/bonus-dividends-and-stock-splits-bharti-airtel-hero-motocorp-among-88-stocks-turning-ex-date-this-week-do-you-own-any/articleshow/132491671.cms
2026-08-10 21:52:05,155 - INFO - [Economic Times] Attempt 1/2: Trying with 'requests_browser' strategy...
2026-08-10 21:52:05,460 - ERROR - parsed tree length: 1, wrong data type or not valid HTML
2026-08-10 21:52:05,460 - ERROR - empty HTML tree: None
2026-08-10 21:52:05,460 - WARNING - discarding data: None
2026-08-10 21:52:05,460 - WARNING - [Economic Times] FAILED with 'requests_browser' (content was too short: 0 words).
2026-08-10 21:52:06,303 - INFO - [Economic Times] Article: https://economictimes.indiatimes.com/markets/stocks/news/bonus-dividends-and-stock-splits-bharti-airtel-hero-motocorp-among-88-stocks-turning-ex-date-this-week-do-you-own-any/articleshow/132491671.cms
2026-08-10 21:52:06,303 - INFO - [Economic Times] Attempt 2/2: Trying with 'selenium_browser' strategy...
2026-08-10 21:52:08,395 - INFO - [Economic Times] Page content loaded.
2026-08-10 21:52:08,589 - INFO - [Economic Times] Success with 'selenium_browser'. Found content (1254 words).
2026-08-10 21:52:11,323 - ERROR - Error saving article Bonus, dividends and stock splits: Bharti Airtel, Hero MotoCorp among 88 stocks turning ex-date this week. Do you own any? - The Economic Times: Hrana: `stream error: `Error { message: "SQLite error: UNIQUE constraint failed: articles.url", code: "SQLITE_CONSTRAINT" }``
2026-08-10 21:52:11,880 - INFO - [Economic Times] Early skip: URL https://economictimes.indiatimes.com/markets/stocks/news/will-sensex-nifty-extend-gains-on-monday-q1-earnings-global-tech-selloff-among-6-factors-to-steer-d-st-this-week/articleshow/132489722.cms already exists.
2026-08-10 21:52:11,882 - INFO - [Economic Times] Article: https://economictimes.indiatimes.com/markets/stocks/news/fpis-pull-out-rs-27000-cr-in-may-2026-outflows-hit-rs-2-2-lakh-cr-mark/articleshow/131149440.cms
2026-08-10 21:52:11,882 - INFO - [Economic Times] Attempt 1/2: Trying with 'requests_browser' strategy...
2026-08-10 21:52:12,211 - ERROR - parsed tree length: 1, wrong data type or not valid HTML
2026-08-10 21:52:12,215 - ERROR - empty HTML tree: None
2026-08-10 21:52:12,215 - WARNING - discarding data: None
2026-08-10 21:52:12,215 - WARNING - [Economic Times] FAILED with 'requests_browser' (content was too short: 0 words).
2026-08-10 21:52:13,081 - INFO - [Economic Times] Article: https://economictimes.indiatimes.com/markets/stocks/news/fpis-pull-out-rs-27000-cr-in-may-2026-outflows-hit-rs-2-2-lakh-cr-mark/articleshow/131149440.cms
2026-08-10 21:52:13,081 - INFO - [Economic Times] Attempt 2/2: Trying with 'selenium_browser' strategy...
2026-08-10 21:52:14,955 - INFO - [Economic Times] Page content loaded.
2026-08-10 21:52:15,430 - INFO - [Economic Times] Success with 'selenium_browser'. Found content (407 words).
2026-08-10 21:52:18,107 - ERROR - Error saving article FPIs pull out Rs 27,000 cr in May; 2026 outflows hit Rs 2.2 lakh cr-mark - The Economic Times: Hrana: `stream error: `Error { message: "SQLite error: UNIQUE constraint failed: articles.url", code: "SQLITE_CONSTRAINT" }``
2026-08-10 21:52:18,942 - CRITICAL - --- TIMEOUT: 1 scrape jobs did not complete in 420s. ---
2026-08-10 21:52:18,942 - ERROR - A thread has timed out and will be abandoned.
2026-08-10 21:52:18,942 - INFO - Shutting down thread pool (wait=False)...
2026-08-10 21:52:18,942 - INFO - Scraped: 1 Times of India, 0 TechCrunch, 0 BBC, 3 The Hindu, 0 Indian Express, 5 Al Jazeera, 1 NDTV, 0 Wired, 1 Timed_Out_Jobs articles. (Total saved: 10)
2026-08-10 21:52:18,942 - INFO - --- Scraping job finished ---
2026-08-10 21:52:18,942 - INFO - --- Scraper service stopped. ---
2026-08-10 21:52:18,942 - INFO - --- Main thread finished. Forcing process exit to kill zombie threads. ---
