2026-08-05 08:41:16,649 - INFO - Loading AI Semantic Model (all-MiniLM-L6-v2)...
2026-08-05 08:41:16,650 - INFO - No device provided, using cpu
2026-08-05 08:41:16,809 - INFO - HTTP Request: GET https://huggingface.co/api/agent-harnesses "HTTP/1.1 200 OK"
2026-08-05 08:41:16,902 - INFO - HTTP Request: HEAD https://huggingface.co/sentence-transformers/all-MiniLM-L6-v2/resolve/main/modules.json "HTTP/1.1 307 Temporary Redirect"
2026-08-05 08:41:16,915 - INFO - HTTP Request: HEAD https://huggingface.co/api/resolve-cache/models/sentence-transformers/all-MiniLM-L6-v2/1110a243fdf4706b3f48f1d95db1a4f5529b4d41/modules.json "HTTP/1.1 200 OK"
2026-08-05 08:41:17,004 - INFO - HTTP Request: HEAD https://huggingface.co/sentence-transformers/all-MiniLM-L6-v2/resolve/main/config_sentence_transformers.json "HTTP/1.1 307 Temporary Redirect"
2026-08-05 08:41:17,004 - WARNING - Warning: You are sending unauthenticated requests to the HF Hub. Please set a HF_TOKEN to enable higher rate limits and faster downloads.
2026-08-05 08:41:17,018 - INFO - HTTP Request: HEAD https://huggingface.co/api/resolve-cache/models/sentence-transformers/all-MiniLM-L6-v2/1110a243fdf4706b3f48f1d95db1a4f5529b4d41/config_sentence_transformers.json "HTTP/1.1 200 OK"
2026-08-05 08:41:17,019 - INFO - Loading SentenceTransformer model from sentence-transformers/all-MiniLM-L6-v2.
2026-08-05 08:41:17,103 - INFO - HTTP Request: HEAD https://huggingface.co/sentence-transformers/all-MiniLM-L6-v2/resolve/main/config_sentence_transformers.json "HTTP/1.1 307 Temporary Redirect"
2026-08-05 08:41:17,116 - INFO - HTTP Request: HEAD https://huggingface.co/api/resolve-cache/models/sentence-transformers/all-MiniLM-L6-v2/1110a243fdf4706b3f48f1d95db1a4f5529b4d41/config_sentence_transformers.json "HTTP/1.1 200 OK"
2026-08-05 08:41:17,206 - INFO - HTTP Request: HEAD https://huggingface.co/sentence-transformers/all-MiniLM-L6-v2/resolve/main/README.md "HTTP/1.1 307 Temporary Redirect"
2026-08-05 08:41:17,219 - INFO - HTTP Request: HEAD https://huggingface.co/api/resolve-cache/models/sentence-transformers/all-MiniLM-L6-v2/1110a243fdf4706b3f48f1d95db1a4f5529b4d41/README.md "HTTP/1.1 200 OK"
2026-08-05 08:41:17,233 - INFO - HTTP Request: GET https://huggingface.co/api/resolve-cache/models/sentence-transformers/all-MiniLM-L6-v2/1110a243fdf4706b3f48f1d95db1a4f5529b4d41/README.md "HTTP/1.1 200 OK"
2026-08-05 08:41:17,319 - INFO - HTTP Request: HEAD https://huggingface.co/sentence-transformers/all-MiniLM-L6-v2/resolve/main/modules.json "HTTP/1.1 307 Temporary Redirect"
2026-08-05 08:41:17,332 - INFO - HTTP Request: HEAD https://huggingface.co/api/resolve-cache/models/sentence-transformers/all-MiniLM-L6-v2/1110a243fdf4706b3f48f1d95db1a4f5529b4d41/modules.json "HTTP/1.1 200 OK"
2026-08-05 08:41:17,422 - INFO - HTTP Request: HEAD https://huggingface.co/sentence-transformers/all-MiniLM-L6-v2/resolve/main/sentence_bert_config.json "HTTP/1.1 307 Temporary Redirect"
2026-08-05 08:41:17,436 - INFO - HTTP Request: HEAD https://huggingface.co/api/resolve-cache/models/sentence-transformers/all-MiniLM-L6-v2/1110a243fdf4706b3f48f1d95db1a4f5529b4d41/sentence_bert_config.json "HTTP/1.1 200 OK"
2026-08-05 08:41:17,528 - INFO - HTTP Request: HEAD https://huggingface.co/sentence-transformers/all-MiniLM-L6-v2/resolve/main/adapter_config.json "HTTP/1.1 404 Not Found"
2026-08-05 08:41:17,620 - INFO - HTTP Request: HEAD https://huggingface.co/sentence-transformers/all-MiniLM-L6-v2/resolve/main/config.json "HTTP/1.1 307 Temporary Redirect"
2026-08-05 08:41:17,634 - INFO - HTTP Request: HEAD https://huggingface.co/api/resolve-cache/models/sentence-transformers/all-MiniLM-L6-v2/1110a243fdf4706b3f48f1d95db1a4f5529b4d41/config.json "HTTP/1.1 200 OK"
2026-08-05 08:41:17,772 - INFO - HTTP Request: HEAD https://huggingface.co/sentence-transformers/all-MiniLM-L6-v2/resolve/main/model.safetensors "HTTP/1.1 302 Found"
2026-08-05 08:41:17,984 - INFO - HTTP Request: HEAD https://huggingface.co/sentence-transformers/all-MiniLM-L6-v2/resolve/main/processor_config.json "HTTP/1.1 404 Not Found"
2026-08-05 08:41:18,078 - INFO - HTTP Request: HEAD https://huggingface.co/sentence-transformers/all-MiniLM-L6-v2/resolve/main/preprocessor_config.json "HTTP/1.1 404 Not Found"
2026-08-05 08:41:18,172 - INFO - HTTP Request: HEAD https://huggingface.co/sentence-transformers/all-MiniLM-L6-v2/resolve/main/video_preprocessor_config.json "HTTP/1.1 404 Not Found"
2026-08-05 08:41:18,280 - INFO - HTTP Request: HEAD https://huggingface.co/sentence-transformers/all-MiniLM-L6-v2/resolve/main/preprocessor_config.json "HTTP/1.1 404 Not Found"
2026-08-05 08:41:18,374 - INFO - HTTP Request: HEAD https://huggingface.co/sentence-transformers/all-MiniLM-L6-v2/resolve/main/tokenizer_config.json "HTTP/1.1 307 Temporary Redirect"
2026-08-05 08:41:18,387 - INFO - HTTP Request: HEAD https://huggingface.co/api/resolve-cache/models/sentence-transformers/all-MiniLM-L6-v2/1110a243fdf4706b3f48f1d95db1a4f5529b4d41/tokenizer_config.json "HTTP/1.1 200 OK"
2026-08-05 08:41:18,480 - INFO - HTTP Request: HEAD https://huggingface.co/sentence-transformers/all-MiniLM-L6-v2/resolve/main/config.json "HTTP/1.1 307 Temporary Redirect"
2026-08-05 08:41:18,493 - INFO - HTTP Request: HEAD https://huggingface.co/api/resolve-cache/models/sentence-transformers/all-MiniLM-L6-v2/1110a243fdf4706b3f48f1d95db1a4f5529b4d41/config.json "HTTP/1.1 200 OK"
2026-08-05 08:41:18,587 - INFO - HTTP Request: HEAD https://huggingface.co/sentence-transformers/all-MiniLM-L6-v2/resolve/main/config.json "HTTP/1.1 307 Temporary Redirect"
2026-08-05 08:41:18,599 - INFO - HTTP Request: HEAD https://huggingface.co/api/resolve-cache/models/sentence-transformers/all-MiniLM-L6-v2/1110a243fdf4706b3f48f1d95db1a4f5529b4d41/config.json "HTTP/1.1 200 OK"
2026-08-05 08:41:18,691 - INFO - HTTP Request: HEAD https://huggingface.co/sentence-transformers/all-MiniLM-L6-v2/resolve/main/tokenizer_config.json "HTTP/1.1 307 Temporary Redirect"
2026-08-05 08:41:18,705 - INFO - HTTP Request: HEAD https://huggingface.co/api/resolve-cache/models/sentence-transformers/all-MiniLM-L6-v2/1110a243fdf4706b3f48f1d95db1a4f5529b4d41/tokenizer_config.json "HTTP/1.1 200 OK"
2026-08-05 08:41:18,798 - INFO - HTTP Request: GET https://huggingface.co/api/models/sentence-transformers/all-MiniLM-L6-v2/tree/main/additional_chat_templates?recursive=false&expand=false "HTTP/1.1 404 Not Found"
2026-08-05 08:41:18,891 - INFO - HTTP Request: GET https://huggingface.co/api/models/sentence-transformers/all-MiniLM-L6-v2/tree/main?recursive=true&expand=false "HTTP/1.1 200 OK"
2026-08-05 08:41:18,982 - INFO - HTTP Request: HEAD https://huggingface.co/sentence-transformers/all-MiniLM-L6-v2/resolve/main/vocab.txt "HTTP/1.1 307 Temporary Redirect"
2026-08-05 08:41:18,995 - INFO - HTTP Request: HEAD https://huggingface.co/api/resolve-cache/models/sentence-transformers/all-MiniLM-L6-v2/1110a243fdf4706b3f48f1d95db1a4f5529b4d41/vocab.txt "HTTP/1.1 200 OK"
2026-08-05 08:41:19,088 - INFO - HTTP Request: HEAD https://huggingface.co/sentence-transformers/all-MiniLM-L6-v2/resolve/main/tokenizer.json "HTTP/1.1 307 Temporary Redirect"
2026-08-05 08:41:19,100 - INFO - HTTP Request: HEAD https://huggingface.co/api/resolve-cache/models/sentence-transformers/all-MiniLM-L6-v2/1110a243fdf4706b3f48f1d95db1a4f5529b4d41/tokenizer.json "HTTP/1.1 200 OK"
2026-08-05 08:41:19,193 - INFO - HTTP Request: HEAD https://huggingface.co/sentence-transformers/all-MiniLM-L6-v2/resolve/main/added_tokens.json "HTTP/1.1 404 Not Found"
2026-08-05 08:41:19,311 - INFO - HTTP Request: HEAD https://huggingface.co/sentence-transformers/all-MiniLM-L6-v2/resolve/main/special_tokens_map.json "HTTP/1.1 307 Temporary Redirect"
2026-08-05 08:41:19,324 - INFO - HTTP Request: HEAD https://huggingface.co/api/resolve-cache/models/sentence-transformers/all-MiniLM-L6-v2/1110a243fdf4706b3f48f1d95db1a4f5529b4d41/special_tokens_map.json "HTTP/1.1 200 OK"
2026-08-05 08:41:19,419 - INFO - HTTP Request: HEAD https://huggingface.co/sentence-transformers/all-MiniLM-L6-v2/resolve/main/chat_template.jinja "HTTP/1.1 404 Not Found"
2026-08-05 08:41:19,550 - INFO - HTTP Request: HEAD https://huggingface.co/sentence-transformers/all-MiniLM-L6-v2/resolve/main/1_Pooling/config.json "HTTP/1.1 307 Temporary Redirect"
2026-08-05 08:41:19,564 - INFO - HTTP Request: HEAD https://huggingface.co/api/resolve-cache/models/sentence-transformers/all-MiniLM-L6-v2/1110a243fdf4706b3f48f1d95db1a4f5529b4d41/1_Pooling%2Fconfig.json "HTTP/1.1 200 OK"
2026-08-05 08:41:19,659 - INFO - HTTP Request: GET https://huggingface.co/api/models/sentence-transformers/all-MiniLM-L6-v2 "HTTP/1.1 200 OK"
2026-08-05 08:41:19,663 - INFO - AI Model loaded successfully.
2026-08-05 08:41:19,663 - INFO - --- Scraper service started (CI Mode: Run Once) ---
2026-08-05 08:41:19,663 - INFO - --- Starting new scraping job (Parallel Mode) ---
2026-08-05 08:41:19,663 - INFO - Connecting to SQLite database...
2026-08-05 08:41:24,651 - INFO - Pre-calculating embeddings for 353 cached articles...
2026-08-05 08:41:45,315 - INFO - Cache built: 5281 URLs. Current MAX_ID: 96995
2026-08-05 08:41:45,315 - INFO - Creating new robust session with 3 retries on 5xx/connection/read errors.
2026-08-05 08:41:45,315 - INFO - Proxy is DISABLED.
2026-08-05 08:41:45,316 - INFO - [BBC] (Thread) requires Selenium. Initializing driver...
2026-08-05 08:41:45,316 - INFO - [Times of India] (Thread) requires Selenium. Initializing driver...
2026-08-05 08:41:45,316 - INFO - [The Hindu] (Thread) requires Selenium. Initializing driver...
2026-08-05 08:41:45,317 - INFO - [Al Jazeera] (Thread) requires Selenium. Initializing driver...
2026-08-05 08:41:45,317 - INFO - Starting scrape for TechCrunch RSS feed: https://techcrunch.com/feed/
2026-08-05 08:41:45,317 - INFO - [Economic Times] (Thread) requires Selenium. Initializing driver...
2026-08-05 08:41:45,319 - INFO - [Wired] (Thread) requires Selenium. Initializing driver...
2026-08-05 08:41:45,320 - INFO - [NDTV] (Thread) requires Selenium. Initializing driver...
2026-08-05 08:41:45,320 - INFO - [Indian Express] (Thread) requires Selenium. Initializing driver...
2026-08-05 08:41:45,320 - INFO - Submitted 9 jobs to thread pool. Waiting up to 420s for completion...
2026-08-05 08:41:46,430 - INFO - Found 0 articles in TechCrunch RSS feed. Processing until 8 new articles are saved.
2026-08-05 08:41:48,091 - INFO - Selenium driver initialized successfully (Eager load strategy, 7s timeout).
2026-08-05 08:41:48,091 - INFO - Starting scrape for BBC RSS feed: http://feeds.bbci.co.uk/news/world/rss.xml
2026-08-05 08:41:48,241 - INFO - Selenium driver initialized successfully (Eager load strategy, 7s timeout).
2026-08-05 08:41:48,241 - INFO - Starting scrape for The Hindu RSS feed: https://www.thehindu.com/news/national/feeder/default.rss
2026-08-05 08:41:48,399 - INFO - Selenium driver initialized successfully (Eager load strategy, 7s timeout).
2026-08-05 08:41:48,399 - INFO - Starting scrape for Wired RSS feed: https://www.wired.com/feed/rss
2026-08-05 08:41:48,424 - INFO - Selenium driver initialized successfully (Eager load strategy, 7s timeout).
2026-08-05 08:41:48,424 - INFO - Starting scrape for Economic Times RSS feed: https://economictimes.indiatimes.com/rssfeedsdefault.cms
2026-08-05 08:41:48,449 - INFO - Selenium driver initialized successfully (Eager load strategy, 7s timeout).
2026-08-05 08:41:48,449 - INFO - Starting scrape for Times of India RSS feed: https://timesofindia.indiatimes.com/rssfeeds/296589292.cms
2026-08-05 08:41:48,463 - INFO - Found 34 articles in BBC RSS feed. Processing until 10 new articles are saved.
2026-08-05 08:41:48,463 - INFO - [BBC] Early skip: URL https://www.bbc.co.uk/news/articles/cpw9v0gnzxwo?at_medium=RSS&at_campaign=rss already exists.
2026-08-05 08:41:48,468 - INFO - [BBC] Early skip: URL https://www.bbc.co.uk/news/articles/c330pxyvzzyo?at_medium=RSS&at_campaign=rss already exists.
2026-08-05 08:41:48,480 - INFO - [BBC] Early skip: URL https://www.bbc.co.uk/news/articles/c20jp3mp7lyo?at_medium=RSS&at_campaign=rss already exists.
2026-08-05 08:41:48,483 - INFO - [BBC] Article: https://www.bbc.co.uk/news/articles/c0kmd4xpr46o?at_medium=RSS&at_campaign=rss
2026-08-05 08:41:48,484 - INFO - [BBC] Attempt 1/2: Trying with 'requests_browser' strategy...
2026-08-05 08:41:48,545 - INFO - Selenium driver initialized successfully (Eager load strategy, 7s timeout).
2026-08-05 08:41:48,546 - INFO - Starting scrape for NDTV RSS feed: https://feeds.feedburner.com/ndtvnews-top-stories
2026-08-05 08:41:48,581 - INFO - Selenium driver initialized successfully (Eager load strategy, 7s timeout).
2026-08-05 08:41:48,581 - INFO - Starting scrape for Al Jazeera RSS feed: https://www.aljazeera.com/xml/rss/all.xml
2026-08-05 08:41:48,593 - INFO - Selenium driver initialized successfully (Eager load strategy, 7s timeout).
2026-08-05 08:41:48,597 - INFO - Starting scrape for Indian Express RSS feed: https://indianexpress.com/feed/
2026-08-05 08:41:48,621 - INFO - Found 60 articles in The Hindu RSS feed. Processing until 20 new articles are saved.
2026-08-05 08:41:48,622 - INFO - [The Hindu] Article: https://www.thehindu.com/news/national/parliament-monsoon-session-lok-sabha-rajya-sabha-day-13-live-updates-bankers-books-evidence-bill-taxation-amendment-bill-august-5-2026/article71307974.ece
2026-08-05 08:41:48,622 - INFO - [The Hindu] Attempt 1/1: Trying with 'selenium_browser' strategy...
2026-08-05 08:41:48,714 - INFO - Found 20 articles in Times of India RSS feed. Processing until 20 new articles are saved.
2026-08-05 08:41:48,714 - INFO - [Times of India] Article: https://timesofindia.indiatimes.com/science/meet-akshath-anand-the-surrey-grade-9-student-who-built-a-wearable-device-that-detects-iv-leaks-before-swelling-begins-his-first-national-science-fair-ended-with-gold/articleshow/132904467.cms
2026-08-05 08:41:48,714 - INFO - [Times of India] Attempt 1/1: Trying with 'selenium_browser' strategy...
2026-08-05 08:41:48,799 - INFO - Found 25 articles in Al Jazeera RSS feed. Processing until 8 new articles are saved.
2026-08-05 08:41:48,799 - INFO - [Al Jazeera] Article: https://www.aljazeera.com/news/2026/8/5/piece-of-spacex-rocket-the-size-of-a-school-bus-crashes-into-the-moon?traffic_source=rss
2026-08-05 08:41:48,800 - INFO - [Al Jazeera] Attempt 1/2: Trying with 'requests_browser' strategy...
2026-08-05 08:41:48,851 - INFO - Found 50 articles in Wired RSS feed. Processing until 10 new articles are saved.
2026-08-05 08:41:48,851 - INFO - [Wired] Early skip: URL https://www.wired.com/story/which-samsung-galaxy-z-fold8-to-buy/ already exists.
2026-08-05 08:41:48,853 - INFO - [Wired] Article: https://www.wired.com/story/ai-notetakers-invited-to-the-meetings/
2026-08-05 08:41:48,853 - INFO - [Wired] Attempt 1/2: Trying with 'requests_browser' strategy...
2026-08-05 08:41:48,889 - INFO - [BBC] Success with 'requests_browser'. Found content (420 words).
2026-08-05 08:41:48,892 - ERROR - Failed to fetch Indian Express RSS feed: 403 Client Error: Forbidden for url: https://indianexpress.com/feed/
2026-08-05 08:41:48,899 - INFO - [Indian Express] (Thread) Finished. Attempting to shut down its Selenium driver.
2026-08-05 08:41:48,985 - INFO - [Indian Express] (Thread) driver.quit() successful.
2026-08-05 08:41:49,065 - INFO - [Al Jazeera] Success with 'requests_browser'. Found content (420 words).
2026-08-05 08:41:49,097 - ERROR - parsed tree length: 1, wrong data type or not valid HTML
2026-08-05 08:41:49,097 - ERROR - empty HTML tree: None
2026-08-05 08:41:49,097 - WARNING - discarding data: None
2026-08-05 08:41:49,097 - WARNING - [Wired] FAILED with 'requests_browser' (content was too short: 0 words).
2026-08-05 08:41:49,158 - INFO - Found 70 articles in Economic Times RSS feed. Processing until 20 new articles are saved.
2026-08-05 08:41:49,158 - INFO - [Economic Times] Article: https://economictimes.indiatimes.com/markets/stocks/news/mapmyindia-shares-drop-8-despite-strong-q1-earnings-pat-jumps-8-yoy/articleshow/132897097.cms
2026-08-05 08:41:49,164 - INFO - [Economic Times] Attempt 1/2: Trying with 'requests_browser' strategy...
2026-08-05 08:41:49,187 - INFO - Found 20 articles in NDTV RSS feed. Processing until 10 new articles are saved.
2026-08-05 08:41:49,188 - INFO - [NDTV] Article: https://www.ndtv.com/india-news/law-enforcement-must-show-restraint-pacify-youngsters-supreme-court-11868503#publisher=newsstand
2026-08-05 08:41:49,188 - INFO - [NDTV] Attempt 1/2: Trying with 'requests_browser' strategy...
2026-08-05 08:41:50,565 - INFO - [Wired] Article: https://www.wired.com/story/ai-notetakers-invited-to-the-meetings/
2026-08-05 08:41:50,565 - INFO - [Wired] Attempt 2/2: Trying with 'selenium_browser' strategy...
2026-08-05 08:41:52,316 - ERROR - parsed tree length: 1, wrong data type or not valid HTML
2026-08-05 08:41:52,317 - ERROR - empty HTML tree: None
2026-08-05 08:41:52,318 - WARNING - discarding data: None
2026-08-05 08:41:52,319 - WARNING - [Economic Times] FAILED with 'requests_browser' (content was too short: 0 words).
2026-08-05 08:41:52,328 - INFO - >>> SUCCESSFULLY SAVED [ID: 96996] - Police raid Starbucks Korea headquarters over 'Tank Day' fiasco - BBC News from BBC (420 words)
2026-08-05 08:41:52,329 - ERROR - [NDTV] Request failed for strategy 'requests_browser' on URL https://www.ndtv.com/india-news/law-enforcement-must-show-restraint-pacify-youngsters-supreme-court-11868503#publisher=newsstand: 403 Client Error: Forbidden for url: https://www.ndtv.com/india-news/law-enforcement-must-show-restraint-pacify-youngsters-supreme-court-11868503#publisher=newsstand
2026-08-05 08:41:54,079 - INFO - [BBC] Article: https://www.bbc.co.uk/news/articles/cq56qejll6vo?at_medium=RSS&at_campaign=rss
2026-08-05 08:41:54,079 - INFO - [BBC] Attempt 1/2: Trying with 'requests_browser' strategy...
2026-08-05 08:41:54,520 - INFO - [Economic Times] Article: https://economictimes.indiatimes.com/markets/stocks/news/mapmyindia-shares-drop-8-despite-strong-q1-earnings-pat-jumps-8-yoy/articleshow/132897097.cms
2026-08-05 08:41:54,520 - INFO - [Economic Times] Attempt 2/2: Trying with 'selenium_browser' strategy...
2026-08-05 08:41:54,521 - INFO - [NDTV] Article: https://www.ndtv.com/india-news/law-enforcement-must-show-restraint-pacify-youngsters-supreme-court-11868503#publisher=newsstand
2026-08-05 08:41:54,521 - INFO - [NDTV] Attempt 2/2: Trying with 'selenium_browser' strategy...
2026-08-05 08:41:55,730 - INFO - >>> SUCCESSFULLY SAVED [ID: 96997] - Piece of SpaceX rocket the size of a school bus crashes into the Moon | Elon Musk News | Al Jazeera from Al Jazeera (420 words)
2026-08-05 08:41:56,085 - INFO - [BBC] Success with 'requests_browser'. Found content (240 words).
2026-08-05 08:41:56,846 - INFO - [Al Jazeera] Article: https://www.aljazeera.com/economy/2026/8/5/ai-models-attempted-unsanctioned-cyberattacks-in-tests-watchdog-says?traffic_source=rss
2026-08-05 08:41:56,880 - INFO - [Al Jazeera] Attempt 1/2: Trying with 'requests_browser' strategy...
2026-08-05 08:41:57,096 - INFO - [Al Jazeera] Success with 'requests_browser'. Found content (687 words).
2026-08-05 08:41:59,966 - WARNING - [The Hindu] Page explicit wait timed out (3s). Proceeding anyway.
2026-08-05 08:42:00,213 - INFO - [NDTV] Page content loaded.
2026-08-05 08:42:00,219 - INFO - >>> SUCCESSFULLY SAVED [ID: 96998] - Afghan boxer arrives at Greek court in connection with death of Scottish woman - BBC News from BBC (240 words)
2026-08-05 08:42:02,489 - INFO - [BBC] Early skip: URL https://www.bbc.co.uk/news/articles/cn0n9wpvlwpo?at_medium=RSS&at_campaign=rss already exists.
2026-08-05 08:42:03,419 - INFO - [BBC] Early skip: URL https://www.bbc.co.uk/news/articles/c80n3j55g0do?at_medium=RSS&at_campaign=rss already exists.
2026-08-05 08:42:03,728 - INFO - >>> SUCCESSFULLY SAVED [ID: 96999] - AI models attempted ‘unsanctioned’ cyberattacks in tests, watchdog says | Technology News | Al Jazeera from Al Jazeera (687 words)
2026-08-05 08:42:03,728 - INFO - [BBC] Early skip: URL https://www.bbc.co.uk/news/articles/c151pkww79zo?at_medium=RSS&at_campaign=rss already exists.
2026-08-05 08:42:03,730 - INFO - [BBC] Early skip: URL https://www.bbc.co.uk/news/articles/cn0n99npjejo?at_medium=RSS&at_campaign=rss already exists.
2026-08-05 08:42:03,732 - INFO - [BBC] Early skip: URL https://www.bbc.co.uk/news/articles/cly84we1y37o?at_medium=RSS&at_campaign=rss already exists.
2026-08-05 08:42:03,733 - INFO - [BBC] Early skip: URL https://www.bbc.co.uk/news/articles/c05q1gz0p1yo?at_medium=RSS&at_campaign=rss already exists.
2026-08-05 08:42:03,736 - INFO - [BBC] Early skip: URL https://www.bbc.co.uk/news/articles/cx25yn22l97o?at_medium=RSS&at_campaign=rss already exists.
2026-08-05 08:42:03,741 - INFO - [BBC] Early skip: URL https://www.bbc.co.uk/news/articles/c4gkpeppjyqo?at_medium=RSS&at_campaign=rss already exists.
2026-08-05 08:42:03,746 - INFO - [BBC] Early skip: URL https://www.bbc.co.uk/news/articles/c4gdkl9zn8wo?at_medium=RSS&at_campaign=rss already exists.
2026-08-05 08:42:03,748 - INFO - [BBC] Early skip: URL https://www.bbc.co.uk/news/articles/c80n33lrnm5o?at_medium=RSS&at_campaign=rss already exists.
2026-08-05 08:42:03,765 - INFO - [BBC] Early skip: URL https://www.bbc.co.uk/news/articles/ckg9kd27lkpo?at_medium=RSS&at_campaign=rss already exists.
2026-08-05 08:42:03,771 - INFO - [BBC] Early skip: URL https://www.bbc.co.uk/news/articles/c5y3ppmmev1o?at_medium=RSS&at_campaign=rss already exists.
2026-08-05 08:42:03,773 - INFO - [BBC] Early skip: URL https://www.bbc.co.uk/news/articles/c2lqpx1qd8lo?at_medium=RSS&at_campaign=rss already exists.
2026-08-05 08:42:03,776 - INFO - [BBC] Early skip: URL https://www.bbc.co.uk/news/articles/cgmkxjrrwdvo?at_medium=RSS&at_campaign=rss already exists.
2026-08-05 08:42:03,777 - INFO - [BBC] Early skip: URL https://www.bbc.co.uk/news/articles/c3ek7g857q4o?at_medium=RSS&at_campaign=rss already exists.
2026-08-05 08:42:03,783 - INFO - [BBC] Early skip: URL https://www.bbc.co.uk/news/articles/c4gx2y454w5o?at_medium=RSS&at_campaign=rss already exists.
2026-08-05 08:42:03,792 - INFO - [BBC] Early skip: URL https://www.bbc.co.uk/news/articles/cy4kp8jd0ppo?at_medium=RSS&at_campaign=rss already exists.
2026-08-05 08:42:03,796 - INFO - [BBC] Early skip: URL https://www.bbc.co.uk/news/articles/cyvl84zmgyro?at_medium=RSS&at_campaign=rss already exists.
2026-08-05 08:42:03,801 - INFO - [BBC] Early skip: URL https://www.bbc.co.uk/news/articles/c4gkpwj2je9o?at_medium=RSS&at_campaign=rss already exists.
2026-08-05 08:42:03,803 - INFO - [BBC] Early skip: URL https://www.bbc.co.uk/news/articles/c3r0vp7n0pro?at_medium=RSS&at_campaign=rss already exists.
2026-08-05 08:42:03,806 - INFO - [BBC] Early skip: URL https://www.bbc.co.uk/news/articles/cm2ge4dnj80o?at_medium=RSS&at_campaign=rss already exists.
2026-08-05 08:42:03,811 - INFO - [BBC] Early skip: URL https://www.bbc.co.uk/news/articles/cgr7nxve05go?at_medium=RSS&at_campaign=rss already exists.
2026-08-05 08:42:03,817 - INFO - [BBC] Early skip: URL https://www.bbc.co.uk/news/articles/c4g43l251vyo?at_medium=RSS&at_campaign=rss already exists.
2026-08-05 08:42:03,819 - INFO - [BBC] Early skip: URL https://www.bbc.co.uk/news/articles/cx27p32jzj2o?at_medium=RSS&at_campaign=rss already exists.
2026-08-05 08:42:03,824 - INFO - [BBC] Early skip: URL https://www.bbc.co.uk/news/articles/cgjed2q2l0xo?at_medium=RSS&at_campaign=rss already exists.
2026-08-05 08:42:03,826 - INFO - [BBC] Early skip: URL https://www.bbc.co.uk/news/videos/clye173d533o?at_medium=RSS&at_campaign=rss already exists.
2026-08-05 08:42:03,827 - INFO - [BBC] Early skip: URL https://www.bbc.co.uk/news/videos/c9q91dnljpeo?at_medium=RSS&at_campaign=rss already exists.
2026-08-05 08:42:03,828 - INFO - [BBC] Early skip: URL https://www.bbc.co.uk/news/videos/c9d8662gyx5o?at_medium=RSS&at_campaign=rss already exists.
2026-08-05 08:42:03,833 - INFO - [BBC] Early skip: URL https://www.bbc.co.uk/news/videos/c5y0d96qgg3o?at_medium=RSS&at_campaign=rss already exists.
2026-08-05 08:42:03,845 - INFO - [BBC] (Thread) Finished. Attempting to shut down its Selenium driver.
2026-08-05 08:42:04,052 - INFO - [BBC] (Thread) driver.quit() successful.
2026-08-05 08:42:04,308 - INFO - [NDTV] Success with 'selenium_browser'. Found content (643 words).
2026-08-05 08:42:04,770 - INFO - [Al Jazeera] Article: https://www.aljazeera.com/video/newsfeed/2026/8/5/massive-fire-at-chemical-factory-forces-evacuations-in-brazil?traffic_source=rss
2026-08-05 08:42:04,770 - INFO - [Al Jazeera] Attempt 1/2: Trying with 'requests_browser' strategy...
2026-08-05 08:42:04,972 - WARNING - [Al Jazeera] FAILED with 'requests_browser' (content was too short: 36 words).
2026-08-05 08:42:06,979 - INFO - [Al Jazeera] Article: https://www.aljazeera.com/video/newsfeed/2026/8/5/massive-fire-at-chemical-factory-forces-evacuations-in-brazil?traffic_source=rss
2026-08-05 08:42:06,979 - INFO - [Al Jazeera] Attempt 2/2: Trying with 'selenium_browser' strategy...
2026-08-05 08:42:07,894 - ERROR - [The Hindu] Request failed for strategy 'selenium_browser' on URL https://www.thehindu.com/news/national/parliament-monsoon-session-lok-sabha-rajya-sabha-day-13-live-updates-bankers-books-evidence-bill-taxation-amendment-bill-august-5-2026/article71307974.ece: Message: timeout: Timed out receiving message from renderer: 7.000
  (Session info: chrome=151.0.7922.76)
Stacktrace:
#0 0x56081eca675a <unknown>
#1 0x56081e619fc9 <unknown>
#2 0x56081e601a2f <unknown>
#3 0x56081e6016a6 <unknown>
#4 0x56081e5ff288 <unknown>
#5 0x56081e5ffc0f <unknown>
#6 0x56081e60ed70 <unknown>
#7 0x56081e628d37 <unknown>
#8 0x56081e63070b <unknown>
#9 0x56081e600369 <unknown>
#10 0x56081e628a92 <unknown>
#11 0x56081e6b8066 <unknown>
#12 0x56081e662d32 <unknown>
#13 0x56081e663bb1 <unknown>
#14 0x56081ec6bae0 <unknown>
#15 0x56081ec6a15a <unknown>
#16 0x56081ec54b85 <unknown>
#17 0x56081ec6ae1a <unknown>
#18 0x56081ec3ca80 <unknown>
#19 0x56081ec92138 <unknown>
#20 0x56081ec922d5 <unknown>
#21 0x56081eca530e <unknown>
#22 0x7fbc3fc9caa4 <unknown>
#23 0x7fbc3fd29c6c <unknown>

2026-08-05 08:42:07,894 - ERROR - [The Hindu] All scrape strategies failed for https://www.thehindu.com/news/national/parliament-monsoon-session-lok-sabha-rajya-sabha-day-13-live-updates-bankers-books-evidence-bill-taxation-amendment-bill-august-5-2026/article71307974.ece. Falling back to RSS description.
2026-08-05 08:42:07,894 - WARNING - SKIPPED (GLOBAL WORD LIMIT): Article 'Parliament Monsoon Session Day 13 LIVE: Rajya Sabha takes up SC Judges' Bill discussion amid din' from The Hindu has only 11 words (Min: 90).
2026-08-05 08:42:07,895 - INFO - [Times of India] Page content loaded.
2026-08-05 08:42:08,147 - INFO - >>> SUCCESSFULLY SAVED [ID: 97000] - "Show Restraint, Pacify Youngsters": Top Court To Cops Days After CJP Protest from NDTV (643 words)
2026-08-05 08:42:08,891 - INFO - [The Hindu] Article: https://www.thehindu.com/news/national/kerala/kerala-rain-havoc-govt-announces-8-lakh-aid-for-kin-of-each-deceased/article71308482.ece
2026-08-05 08:42:08,891 - INFO - [The Hindu] Attempt 1/1: Trying with 'selenium_browser' strategy...
2026-08-05 08:42:09,031 - INFO - [NDTV] Early skip: URL https://www.ndtv.com/business-news/stock-market-sensex-share-market-nifty-live-updates-today-5-august-rbi-repo-rate-policy-11867001#publisher=newsstand already exists.
2026-08-05 08:42:09,034 - INFO - [NDTV] Article: https://www.ndtv.com/india-news/bombay-high-court-orders-to-remove-vile-obscene-e20-posts-on-nitin-gadkari-11868459#publisher=newsstand
2026-08-05 08:42:09,034 - INFO - [NDTV] Attempt 1/2: Trying with 'requests_browser' strategy...
2026-08-05 08:42:09,274 - ERROR - [NDTV] Request failed for strategy 'requests_browser' on URL https://www.ndtv.com/india-news/bombay-high-court-orders-to-remove-vile-obscene-e20-posts-on-nitin-gadkari-11868459#publisher=newsstand: 403 Client Error: Forbidden for url: https://www.ndtv.com/india-news/bombay-high-court-orders-to-remove-vile-obscene-e20-posts-on-nitin-gadkari-11868459#publisher=newsstand
2026-08-05 08:42:09,293 - INFO - [Times of India] Success with 'selenium_browser'. Found content (940 words).
2026-08-05 08:42:11,379 - INFO - [NDTV] Article: https://www.ndtv.com/india-news/bombay-high-court-orders-to-remove-vile-obscene-e20-posts-on-nitin-gadkari-11868459#publisher=newsstand
2026-08-05 08:42:11,379 - INFO - [NDTV] Attempt 2/2: Trying with 'selenium_browser' strategy...
2026-08-05 08:42:12,727 - INFO - [Al Jazeera] Page content loaded.
2026-08-05 08:42:12,982 - INFO - >>> SUCCESSFULLY SAVED [ID: 97001] - Meet Akshath Anand, the Surrey Grade 9 student who built a wearable device that detects IV leaks before swelling begins; his first national science fair ended with gold - The Times of India from Times of India (940 words)
2026-08-05 08:42:13,253 - WARNING - [Al Jazeera] FAILED with 'selenium_browser' (content was too short: 36 words).
2026-08-05 08:42:13,253 - ERROR - [Al Jazeera] All scrape strategies failed for https://www.aljazeera.com/video/newsfeed/2026/8/5/massive-fire-at-chemical-factory-forces-evacuations-in-brazil?traffic_source=rss. Falling back to RSS description.
2026-08-05 08:42:13,253 - WARNING - SKIPPED (GLOBAL WORD LIMIT): Article 'Massive fire at chemical factory forces evacuations in Brazil' from Al Jazeera has only 9 words (Min: 90).
2026-08-05 08:42:13,793 - INFO - [Times of India] Article: https://timesofindia.indiatimes.com/world/rest-of-world/brazils-snake-island-is-home-to-just-two-snake-species-including-one-of-the-worlds-most-venomous-pit-vipers/articleshow/132901195.cms
2026-08-05 08:42:13,793 - INFO - [Times of India] Attempt 1/1: Trying with 'selenium_browser' strategy...
2026-08-05 08:42:13,956 - INFO - [Wired] Page content loaded.
2026-08-05 08:42:14,033 - INFO - [Al Jazeera] Article: https://www.aljazeera.com/news/2026/8/5/as-spain-grieves-recurrent-heatwaves-stir-fears-of-more-wildfires?traffic_source=rss
2026-08-05 08:42:14,033 - INFO - [Al Jazeera] Attempt 1/2: Trying with 'requests_browser' strategy...
2026-08-05 08:42:14,180 - INFO - [Al Jazeera] Success with 'requests_browser'. Found content (1108 words).
2026-08-05 08:42:16,930 - INFO - [NDTV] Page content loaded.
2026-08-05 08:42:18,140 - INFO - >>> SUCCESSFULLY SAVED [ID: 97002] - As Spain grieves, recurrent heatwaves stir fears of more wildfires | Weather News | Al Jazeera from Al Jazeera (1108 words)
2026-08-05 08:42:18,786 - INFO - [Al Jazeera] Article: https://www.aljazeera.com/economy/2026/8/5/why-the-trump-administration-is-helping-support-japans-weakening-yen?traffic_source=rss
2026-08-05 08:42:18,786 - INFO - [Al Jazeera] Attempt 1/2: Trying with 'requests_browser' strategy...
2026-08-05 08:42:19,432 - INFO - [Al Jazeera] Success with 'requests_browser'. Found content (942 words).
2026-08-05 08:42:20,498 - INFO - [NDTV] Success with 'selenium_browser'. Found content (415 words).
2026-08-05 08:42:20,563 - INFO - [Wired] Success with 'selenium_browser'. Found content (734 words).
2026-08-05 08:42:24,822 - WARNING - [The Hindu] Page get timed out (7s). Proceeding to grab partial source anyway.
2026-08-05 08:42:24,839 - INFO - [Times of India] Page content loaded.
2026-08-05 08:42:26,511 - INFO - >>> SUCCESSFULLY SAVED [ID: 97003] - Why the Trump administration is helping support Japan’s weakening yen | Financial Markets | Al Jazeera from Al Jazeera (942 words)
2026-08-05 08:42:28,693 - INFO - [Al Jazeera] Article: https://www.aljazeera.com/sports/2026/8/5/pakistan-and-uganda-athletes-missing-after-commonwealth-games?traffic_source=rss
2026-08-05 08:42:28,693 - INFO - [Al Jazeera] Attempt 1/2: Trying with 'requests_browser' strategy...
2026-08-05 08:42:30,357 - INFO - >>> SUCCESSFULLY SAVED [ID: 97004] - The AI Notetaker Has Been Invited to All the Meetings | WIRED from Wired (734 words)
2026-08-05 08:42:30,520 - INFO - [Al Jazeera] Success with 'requests_browser'. Found content (290 words).
2026-08-05 08:42:30,926 - INFO - [Wired] Article: https://www.wired.com/story/sportsmans-warehouse-promo-code/
2026-08-05 08:42:30,927 - INFO - [Wired] Attempt 1/2: Trying with 'requests_browser' strategy...
2026-08-05 08:42:31,038 - INFO - [Times of India] Success with 'selenium_browser'. Found content (670 words).
2026-08-05 08:42:32,386 - WARNING - [The Hindu] Page explicit wait timed out (3s). Proceeding anyway.
2026-08-05 08:42:34,064 - INFO - >>> SUCCESSFULLY SAVED [ID: 97005] - Bombay High Court Orders To Remove 'Vile', 'Obscene' E20 Posts On Nitin Gadkari from NDTV (415 words)
2026-08-05 08:42:34,129 - ERROR - parsed tree length: 1, wrong data type or not valid HTML
2026-08-05 08:42:34,150 - ERROR - empty HTML tree: None
2026-08-05 08:42:34,150 - WARNING - discarding data: None
2026-08-05 08:42:34,150 - WARNING - [Wired] FAILED with 'requests_browser' (content was too short: 0 words).
2026-08-05 08:42:35,842 - INFO - [NDTV] Article: https://www.ndtv.com/world-news/get-noc-for-reporting-pakistans-new-diktat-for-foreign-media-amid-pok-protest-11868384#publisher=newsstand
2026-08-05 08:42:35,852 - INFO - [NDTV] Attempt 1/2: Trying with 'requests_browser' strategy...
2026-08-05 08:42:35,842 - INFO - [Wired] Article: https://www.wired.com/story/sportsmans-warehouse-promo-code/
2026-08-05 08:42:36,292 - INFO - [Wired] Attempt 2/2: Trying with 'selenium_browser' strategy...
2026-08-05 08:42:37,433 - INFO - >>> SUCCESSFULLY SAVED [ID: 97006] - Pakistan and Uganda athletes ‘missing’ after Commonwealth Games | Athletics News | Al Jazeera from Al Jazeera (290 words)
2026-08-05 08:42:37,484 - ERROR - [NDTV] Request failed for strategy 'requests_browser' on URL https://www.ndtv.com/world-news/get-noc-for-reporting-pakistans-new-diktat-for-foreign-media-amid-pok-protest-11868384#publisher=newsstand: 403 Client Error: Forbidden for url: https://www.ndtv.com/world-news/get-noc-for-reporting-pakistans-new-diktat-for-foreign-media-amid-pok-protest-11868384#publisher=newsstand
2026-08-05 08:42:38,012 - INFO - [NDTV] Article: https://www.ndtv.com/world-news/get-noc-for-reporting-pakistans-new-diktat-for-foreign-media-amid-pok-protest-11868384#publisher=newsstand
2026-08-05 08:42:38,012 - INFO - [NDTV] Attempt 2/2: Trying with 'selenium_browser' strategy...
2026-08-05 08:42:39,953 - INFO - [Al Jazeera] Article: https://www.aljazeera.com/opinions/2026/8/5/nigeria-cannot-build-safe-schools-in-unsafe-communities?traffic_source=rss
2026-08-05 08:42:39,954 - INFO - [Al Jazeera] Attempt 1/2: Trying with 'requests_browser' strategy...
2026-08-05 08:42:39,956 - ERROR - [The Hindu] Request failed for strategy 'selenium_browser' on URL https://www.thehindu.com/news/national/kerala/kerala-rain-havoc-govt-announces-8-lakh-aid-for-kin-of-each-deceased/article71308482.ece: Message: timeout: Timed out receiving message from renderer: 7.000
  (Session info: chrome=151.0.7922.76)
Stacktrace:
#0 0x56081eca675a <unknown>
#1 0x56081e619fc9 <unknown>
#2 0x56081e601a2f <unknown>
#3 0x56081e6016a6 <unknown>
#4 0x56081e5ff288 <unknown>
#5 0x56081e5ffc0f <unknown>
#6 0x56081e60ed70 <unknown>
#7 0x56081e628d37 <unknown>
#8 0x56081e63070b <unknown>
#9 0x56081e600369 <unknown>
#10 0x56081e628a92 <unknown>
#11 0x56081e6b8066 <unknown>
#12 0x56081e662d32 <unknown>
#13 0x56081e663bb1 <unknown>
#14 0x56081ec6bae0 <unknown>
#15 0x56081ec6a15a <unknown>
#16 0x56081ec54b85 <unknown>
#17 0x56081ec6ae1a <unknown>
#18 0x56081ec3ca80 <unknown>
#19 0x56081ec92138 <unknown>
#20 0x56081ec922d5 <unknown>
#21 0x56081eca530e <unknown>
#22 0x7fbc3fc9caa4 <unknown>
#23 0x7fbc3fd29c6c <unknown>

2026-08-05 08:42:39,957 - ERROR - [The Hindu] All scrape strategies failed for https://www.thehindu.com/news/national/kerala/kerala-rain-havoc-govt-announces-8-lakh-aid-for-kin-of-each-deceased/article71308482.ece. Falling back to RSS description.
2026-08-05 08:42:39,957 - WARNING - SKIPPED (GLOBAL WORD LIMIT): Article 'Kerala rain havoc: Govt announces ₹8-lakh aid for kin of each deceased' from The Hindu has only 16 words (Min: 90).
2026-08-05 08:42:41,108 - INFO - [The Hindu] Early skip: URL https://www.thehindu.com/news/national/tamil-nadu/tamil-nadu-budget-2026-finance-minister-n-marie-wilson-present-tvk-government-maiden-financial-plan-live-updates-august-5-2026/article71307860.ece already exists.
2026-08-05 08:42:41,109 - INFO - >>> SUCCESSFULLY SAVED [ID: 97007] - Brazil's Snake Island is home to just two snake species, including one of the world's most venomous pit vipers | World News - The Times of India from Times of India (670 words)
2026-08-05 08:42:41,112 - INFO - [The Hindu] Article: https://www.thehindu.com/news/national/kerala/kerala-rains-2026-death-toll-in-rain-related-incidents-rises-to-25/article71305983.ece
2026-08-05 08:42:41,112 - INFO - [The Hindu] Attempt 1/1: Trying with 'selenium_browser' strategy...
2026-08-05 08:42:41,213 - INFO - [Al Jazeera] Success with 'requests_browser'. Found content (926 words).
2026-08-05 08:42:42,800 - INFO - [Times of India] Article: https://timesofindia.indiatimes.com/world/europe/polish-swimmer-becomes-the-first-person-to-swim-from-sweden-to-poland-across-the-baltic-sea-in-55-hours/articleshow/132902885.cms
2026-08-05 08:42:42,800 - INFO - [Times of India] Attempt 1/1: Trying with 'selenium_browser' strategy...
2026-08-05 08:42:44,372 - INFO - >>> SUCCESSFULLY SAVED [ID: 97008] - Nigeria cannot build safe schools in unsafe communities | Child Rights | Al Jazeera from Al Jazeera (926 words)
2026-08-05 08:42:44,405 - INFO - [NDTV] Page content loaded.
2026-08-05 08:42:44,895 - INFO - [Al Jazeera] Article: https://www.aljazeera.com/sports/2026/8/5/alcaraz-withdraws-from-cincinnati-event-as-doubts-grow-over-us-open-defence?traffic_source=rss
2026-08-05 08:42:44,900 - INFO - [Al Jazeera] Attempt 1/2: Trying with 'requests_browser' strategy...
2026-08-05 08:42:45,089 - INFO - [Al Jazeera] Success with 'requests_browser'. Found content (366 words).
2026-08-05 08:42:45,106 - INFO - [NDTV] Success with 'selenium_browser'. Found content (766 words).
2026-08-05 08:42:48,766 - INFO - >>> SUCCESSFULLY SAVED [ID: 97009] - Alcaraz withdraws from Cincinnati event as doubts grow over US Open defence | Tennis News | Al Jazeera from Al Jazeera (366 words)
2026-08-05 08:42:50,432 - INFO - [Al Jazeera] Article: https://www.aljazeera.com/news/2026/8/5/abdul-el-sayed-wins-michigan-democratic-primary-for-senate-in-blow-to-aipac?traffic_source=rss
2026-08-05 08:42:50,432 - INFO - [Al Jazeera] Attempt 1/2: Trying with 'requests_browser' strategy...
2026-08-05 08:42:52,049 - INFO - >>> SUCCESSFULLY SAVED [ID: 97010] - 'Get NOC For Reporting': Pakistan's New Diktat For Foreign Media Amid PoK Protest from NDTV (766 words)
2026-08-05 08:42:52,123 - INFO - [Al Jazeera] Success with 'requests_browser'. Found content (725 words).
2026-08-05 08:42:52,165 - INFO - [Wired] Page content loaded.
2026-08-05 08:42:54,002 - INFO - [Times of India] Page content loaded.
2026-08-05 08:42:54,003 - INFO - [NDTV] Article: https://www.ndtv.com/india-news/pm-modi-video-removal-row-what-happens-if-meta-loses-safe-harbour-protection-11868225#publisher=newsstand
2026-08-05 08:42:54,003 - INFO - [NDTV] Attempt 1/2: Trying with 'requests_browser' strategy...
2026-08-05 08:42:55,749 - WARNING - [The Hindu] Page get timed out (7s). Proceeding to grab partial source anyway.
2026-08-05 08:42:55,757 - INFO - >>> SUCCESSFULLY SAVED [ID: 97011] - Abdul El-Sayed wins Michigan Democratic primary for Senate, NBC projects | US Midterm Elections 2026 News | Al Jazeera from Al Jazeera (725 words)
2026-08-05 08:42:55,948 - ERROR - [NDTV] Request failed for strategy 'requests_browser' on URL https://www.ndtv.com/india-news/pm-modi-video-removal-row-what-happens-if-meta-loses-safe-harbour-protection-11868225#publisher=newsstand: 403 Client Error: Forbidden for url: https://www.ndtv.com/india-news/pm-modi-video-removal-row-what-happens-if-meta-loses-safe-harbour-protection-11868225#publisher=newsstand
2026-08-05 08:42:56,015 - INFO - [Wired] Success with 'selenium_browser'. Found content (665 words).
2026-08-05 08:42:56,287 - INFO - [Al Jazeera] Target reached: Successfully saved 8 new articles.
2026-08-05 08:42:56,287 - INFO - [Al Jazeera] (Thread) Finished. Attempting to shut down its Selenium driver.
2026-08-05 08:42:56,592 - INFO - [Al Jazeera] (Thread) driver.quit() successful.
2026-08-05 08:42:58,040 - INFO - [NDTV] Article: https://www.ndtv.com/india-news/pm-modi-video-removal-row-what-happens-if-meta-loses-safe-harbour-protection-11868225#publisher=newsstand
2026-08-05 08:42:58,041 - INFO - [NDTV] Attempt 2/2: Trying with 'selenium_browser' strategy...
2026-08-05 08:42:59,371 - ERROR - Error saving article Sportsman's Warehouse Promo Code: Save in August 2026 | WIRED: Hrana: `stream error: `Error { message: "SQLite error: UNIQUE constraint failed: articles.url", code: "SQLITE_CONSTRAINT" }``
2026-08-05 08:42:59,586 - INFO - [Times of India] Success with 'selenium_browser'. Found content (546 words).
2026-08-05 08:43:00,497 - INFO - [Wired] Article: https://www.wired.com/story/medicube-coupon-code/
2026-08-05 08:43:00,497 - INFO - [Wired] Attempt 1/2: Trying with 'requests_browser' strategy...
2026-08-05 08:43:00,761 - ERROR - parsed tree length: 1, wrong data type or not valid HTML
2026-08-05 08:43:00,762 - ERROR - empty HTML tree: None
2026-08-05 08:43:00,762 - WARNING - discarding data: None
2026-08-05 08:43:00,762 - WARNING - [Wired] FAILED with 'requests_browser' (content was too short: 0 words).
2026-08-05 08:43:02,531 - INFO - [Wired] Article: https://www.wired.com/story/medicube-coupon-code/
2026-08-05 08:43:02,531 - INFO - [Wired] Attempt 2/2: Trying with 'selenium_browser' strategy...
2026-08-05 08:43:02,973 - INFO - [NDTV] Page content loaded.
2026-08-05 08:43:03,875 - WARNING - [The Hindu] Page explicit wait timed out (3s). Proceeding anyway.
2026-08-05 08:43:04,128 - INFO - >>> SUCCESSFULLY SAVED [ID: 97013] - Polish swimmer becomes the first person to swim from Sweden to Poland across the Baltic Sea in 55 hours | World News - The Times of India from Times of India (546 words)
2026-08-05 08:43:04,756 - INFO - [NDTV] Success with 'selenium_browser'. Found content (379 words).
2026-08-05 08:43:05,539 - INFO - [Times of India] Article: https://timesofindia.indiatimes.com/science/scientists-placed-42-sea-sponges-in-a-polluted-spanish-port-455-days-later-one-species-had-thrived-while-four-others-died/articleshow/132896260.cms
2026-08-05 08:43:05,539 - INFO - [Times of India] Attempt 1/1: Trying with 'selenium_browser' strategy...
2026-08-05 08:43:09,068 - INFO - >>> SUCCESSFULLY SAVED [ID: 97014] - What Is Safe Harbour And Why Is Meta's Legal Shield Under Threat Over PM Modi's video removal from NDTV (379 words)
2026-08-05 08:43:09,831 - INFO - [NDTV] Article: https://www.ndtv.com/opinion/prashant-kishor-is-playing-two-games-at-once-11868260#publisher=newsstand
2026-08-05 08:43:09,831 - INFO - [NDTV] Attempt 1/2: Trying with 'requests_browser' strategy...
2026-08-05 08:43:10,133 - ERROR - [NDTV] Request failed for strategy 'requests_browser' on URL https://www.ndtv.com/opinion/prashant-kishor-is-playing-two-games-at-once-11868260#publisher=newsstand: 403 Client Error: Forbidden for url: https://www.ndtv.com/opinion/prashant-kishor-is-playing-two-games-at-once-11868260#publisher=newsstand
2026-08-05 08:43:10,923 - ERROR - [The Hindu] Request failed for strategy 'selenium_browser' on URL https://www.thehindu.com/news/national/kerala/kerala-rains-2026-death-toll-in-rain-related-incidents-rises-to-25/article71305983.ece: Message: timeout: Timed out receiving message from renderer: 7.000
  (Session info: chrome=151.0.7922.76)
Stacktrace:
#0 0x56081eca675a <unknown>
#1 0x56081e619fc9 <unknown>
#2 0x56081e601a2f <unknown>
#3 0x56081e6016a6 <unknown>
#4 0x56081e5ff288 <unknown>
#5 0x56081e5ffc0f <unknown>
#6 0x56081e60ed70 <unknown>
#7 0x56081e628d37 <unknown>
#8 0x56081e63070b <unknown>
#9 0x56081e600369 <unknown>
#10 0x56081e628a92 <unknown>
#11 0x56081e6b8066 <unknown>
#12 0x56081e662d32 <unknown>
#13 0x56081e663bb1 <unknown>
#14 0x56081ec6bae0 <unknown>
#15 0x56081ec6a15a <unknown>
#16 0x56081ec54b85 <unknown>
#17 0x56081ec6ae1a <unknown>
#18 0x56081ec3ca80 <unknown>
#19 0x56081ec92138 <unknown>
#20 0x56081ec922d5 <unknown>
#21 0x56081eca530e <unknown>
#22 0x7fbc3fc9caa4 <unknown>
#23 0x7fbc3fd29c6c <unknown>

2026-08-05 08:43:10,923 - ERROR - [The Hindu] All scrape strategies failed for https://www.thehindu.com/news/national/kerala/kerala-rains-2026-death-toll-in-rain-related-incidents-rises-to-25/article71305983.ece. Falling back to RSS description.
2026-08-05 08:43:10,923 - WARNING - SKIPPED (GLOBAL WORD LIMIT): Article 'Kerala rains 2026:  Death toll in rain-related incidents rises to 25' from The Hindu has only 14 words (Min: 90).
2026-08-05 08:43:10,962 - INFO - [NDTV] Article: https://www.ndtv.com/opinion/prashant-kishor-is-playing-two-games-at-once-11868260#publisher=newsstand
2026-08-05 08:43:10,963 - INFO - [NDTV] Attempt 2/2: Trying with 'selenium_browser' strategy...
2026-08-05 08:43:11,559 - INFO - [The Hindu] Article: https://www.thehindu.com/news/national/kerala/chargesheet-filed-in-actor-dileeps-media-trial-case-kerala-govt-informs-hc/article71308590.ece
2026-08-05 08:43:11,559 - INFO - [The Hindu] Attempt 1/1: Trying with 'selenium_browser' strategy...
2026-08-05 08:43:13,505 - INFO - [NDTV] Page content loaded.
2026-08-05 08:43:13,959 - INFO - [Wired] Page content loaded.
2026-08-05 08:43:13,985 - INFO - [NDTV] Success with 'selenium_browser'. Found content (1162 words).
2026-08-05 08:43:14,549 - INFO - DEDUPLICATION: Found match (Score: 0.87). Linking to Cluster ID: c89825a9-a41d-49d4-babe-6fe625969785
2026-08-05 08:43:17,626 - INFO - >>> SUCCESSFULLY SAVED [ID: 97015] - Bankipur Win: Prashant Kishor Is Playing Two Games At Once from NDTV (1162 words)
2026-08-05 08:43:17,773 - INFO - [Wired] Success with 'selenium_browser'. Found content (756 words).
2026-08-05 08:43:19,461 - INFO - [NDTV] Article: https://www.ndtv.com/world-news/nirmal-purjas-friend-vows-mission-to-bring-body-back-will-take-you-home-11867814#publisher=newsstand
2026-08-05 08:43:19,903 - INFO - [NDTV] Attempt 1/2: Trying with 'requests_browser' strategy...
2026-08-05 08:43:20,786 - ERROR - Error saving article Medicube Coupon Code: 40% Off for August 2026 | WIRED: Hrana: `stream error: `Error { message: "SQLite error: UNIQUE constraint failed: articles.url", code: "SQLITE_CONSTRAINT" }``
2026-08-05 08:43:20,973 - ERROR - [NDTV] Request failed for strategy 'requests_browser' on URL https://www.ndtv.com/world-news/nirmal-purjas-friend-vows-mission-to-bring-body-back-will-take-you-home-11867814#publisher=newsstand: 403 Client Error: Forbidden for url: https://www.ndtv.com/world-news/nirmal-purjas-friend-vows-mission-to-bring-body-back-will-take-you-home-11867814#publisher=newsstand
2026-08-05 08:43:21,802 - INFO - [NDTV] Article: https://www.ndtv.com/world-news/nirmal-purjas-friend-vows-mission-to-bring-body-back-will-take-you-home-11867814#publisher=newsstand
2026-08-05 08:43:21,802 - INFO - [NDTV] Attempt 2/2: Trying with 'selenium_browser' strategy...
2026-08-05 08:43:21,907 - INFO - [Wired] Article: https://www.wired.com/story/foreo-promo-code/
2026-08-05 08:43:21,907 - INFO - [Wired] Attempt 1/2: Trying with 'requests_browser' strategy...
2026-08-05 08:43:22,057 - ERROR - parsed tree length: 1, wrong data type or not valid HTML
2026-08-05 08:43:22,057 - ERROR - empty HTML tree: None
2026-08-05 08:43:22,057 - WARNING - discarding data: None
2026-08-05 08:43:22,057 - WARNING - [Wired] FAILED with 'requests_browser' (content was too short: 0 words).
2026-08-05 08:43:22,687 - INFO - [Wired] Article: https://www.wired.com/story/foreo-promo-code/
2026-08-05 08:43:22,687 - INFO - [Wired] Attempt 2/2: Trying with 'selenium_browser' strategy...
2026-08-05 08:43:22,948 - INFO - [Times of India] Page content loaded.
2026-08-05 08:43:23,940 - INFO - [NDTV] Page content loaded.
2026-08-05 08:43:24,511 - INFO - [NDTV] Success with 'selenium_browser'. Found content (339 words).
2026-08-05 08:43:27,681 - WARNING - [The Hindu] Page get timed out (7s). Proceeding to grab partial source anyway.
2026-08-05 08:43:27,933 - INFO - >>> SUCCESSFULLY SAVED [ID: 97017] - Nirmal Purja's Friend Vows Mission To Bring Body Back: Will Take You Home from NDTV (339 words)
2026-08-05 08:43:28,258 - INFO - [Times of India] Success with 'selenium_browser'. Found content (903 words).
2026-08-05 08:43:30,275 - INFO - [Wired] Page content loaded.
2026-08-05 08:43:30,715 - INFO - [NDTV] Article: https://www.ndtv.com/india-news/vishakha-rathod-fugitive-wanted-in-rs-88-crore-fraud-case-deported-from-uae-11868398#publisher=newsstand
2026-08-05 08:43:30,722 - INFO - [NDTV] Attempt 1/2: Trying with 'requests_browser' strategy...
2026-08-05 08:43:31,914 - INFO - >>> SUCCESSFULLY SAVED [ID: 97018] - Scientists placed 42 sea sponges in a polluted Spanish port. 455 days later, one species had thrived while four others died | - The Times of India from Times of India (903 words)
2026-08-05 08:43:32,118 - ERROR - [NDTV] Request failed for strategy 'requests_browser' on URL https://www.ndtv.com/india-news/vishakha-rathod-fugitive-wanted-in-rs-88-crore-fraud-case-deported-from-uae-11868398#publisher=newsstand: 403 Client Error: Forbidden for url: https://www.ndtv.com/india-news/vishakha-rathod-fugitive-wanted-in-rs-88-crore-fraud-case-deported-from-uae-11868398#publisher=newsstand
2026-08-05 08:43:32,339 - INFO - [Wired] Success with 'selenium_browser'. Found content (590 words).
2026-08-05 08:43:33,974 - INFO - [NDTV] Article: https://www.ndtv.com/india-news/vishakha-rathod-fugitive-wanted-in-rs-88-crore-fraud-case-deported-from-uae-11868398#publisher=newsstand
2026-08-05 08:43:33,975 - INFO - [NDTV] Attempt 2/2: Trying with 'selenium_browser' strategy...
2026-08-05 08:43:34,411 - INFO - [Times of India] Article: https://timesofindia.indiatimes.com/science/lithops-werneri-the-tiny-namibian-plant-that-survives-by-disguising-itself-as-a-pebble-fewer-than-200-now-remain-in-the-wild/articleshow/132896267.cms
2026-08-05 08:43:34,412 - INFO - [Times of India] Attempt 1/1: Trying with 'selenium_browser' strategy...
2026-08-05 08:43:35,306 - ERROR - Error saving article Foreo Discount Codes and Deals: Up to 50% Off | WIRED: Hrana: `stream error: `Error { message: "SQLite error: UNIQUE constraint failed: articles.url", code: "SQLITE_CONSTRAINT" }``
2026-08-05 08:43:35,306 - WARNING - [The Hindu] Page explicit wait timed out (3s). Proceeding anyway.
2026-08-05 08:43:36,460 - INFO - [Wired] Article: https://www.wired.com/story/nordvpn-coupon/
2026-08-05 08:43:36,460 - INFO - [Wired] Attempt 1/2: Trying with 'requests_browser' strategy...
2026-08-05 08:43:36,551 - INFO - [NDTV] Page content loaded.
2026-08-05 08:43:36,737 - ERROR - parsed tree length: 1, wrong data type or not valid HTML
2026-08-05 08:43:36,737 - ERROR - empty HTML tree: None
2026-08-05 08:43:36,737 - WARNING - discarding data: None
2026-08-05 08:43:36,737 - WARNING - [Wired] FAILED with 'requests_browser' (content was too short: 0 words).
2026-08-05 08:43:37,090 - INFO - [NDTV] Success with 'selenium_browser'. Found content (379 words).
2026-08-05 08:43:37,950 - INFO - [Wired] Article: https://www.wired.com/story/nordvpn-coupon/
2026-08-05 08:43:38,154 - INFO - [Wired] Attempt 2/2: Trying with 'selenium_browser' strategy...
2026-08-05 08:43:37,951 - WARNING - [Economic Times] Page explicit wait timed out (3s). Proceeding anyway.
2026-08-05 08:43:41,255 - INFO - [Times of India] Page content loaded.
2026-08-05 08:43:41,504 - INFO - >>> SUCCESSFULLY SAVED [ID: 97020] - Vishakha Rathod: After Action Against Rs 88-Crore Fraud Mastermind, Wife Deported From UAE from NDTV (379 words)
2026-08-05 08:43:41,648 - INFO - [Economic Times] Success with 'selenium_browser'. Found content (799 words).
2026-08-05 08:43:42,144 - INFO - [Times of India] Success with 'selenium_browser'. Found content (846 words).
2026-08-05 08:43:43,511 - INFO - [Wired] Page content loaded.
2026-08-05 08:43:43,512 - ERROR - [The Hindu] Request failed for strategy 'selenium_browser' on URL https://www.thehindu.com/news/national/kerala/chargesheet-filed-in-actor-dileeps-media-trial-case-kerala-govt-informs-hc/article71308590.ece: Message: timeout: Timed out receiving message from renderer: 7.000
  (Session info: chrome=151.0.7922.76)
Stacktrace:
#0 0x56081eca675a <unknown>
#1 0x56081e619fc9 <unknown>
#2 0x56081e6006c5 <unknown>
#3 0x56081e62859b <unknown>
#4 0x56081e6b8066 <unknown>
#5 0x56081e662d32 <unknown>
#6 0x56081e663bb1 <unknown>
#7 0x56081ec6bae0 <unknown>
#8 0x56081ec6a15a <unknown>
#9 0x56081ec54b85 <unknown>
#10 0x56081ec6ae1a <unknown>
#11 0x56081ec3ca80 <unknown>
#12 0x56081ec92138 <unknown>
#13 0x56081ec922d5 <unknown>
#14 0x56081eca530e <unknown>
#15 0x7fbc3fc9caa4 <unknown>
#16 0x7fbc3fd29c6c <unknown>

2026-08-05 08:43:43,512 - ERROR - [The Hindu] All scrape strategies failed for https://www.thehindu.com/news/national/kerala/chargesheet-filed-in-actor-dileeps-media-trial-case-kerala-govt-informs-hc/article71308590.ece. Falling back to RSS description.
2026-08-05 08:43:43,512 - WARNING - SKIPPED (GLOBAL WORD LIMIT): Article 'Chargesheet filed in actor Dileep’s media trial case, Kerala govt informs HC' from The Hindu has only 39 words (Min: 90).
2026-08-05 08:43:43,512 - INFO - [NDTV] Article: https://www.ndtv.com/india-news/will-speak-only-to-hemant-soren-protester-on-hunger-strike-in-ranchi-to-ndtv-11868295#publisher=newsstand
2026-08-05 08:43:43,512 - INFO - [NDTV] Attempt 1/2: Trying with 'requests_browser' strategy...
2026-08-05 08:43:44,894 - INFO - [The Hindu] Early skip: URL https://www.thehindu.com/news/national/punjab/channis-options-shrink-as-congress-refuses-to-budge-in-punjab/article71304823.ece already exists.
2026-08-05 08:43:44,900 - INFO - [The Hindu] Early skip: URL https://www.thehindu.com/news/national/punjab/baghel-asks-workers-to-beware-of-traitors-within-punjab-congress/article71302264.ece already exists.
2026-08-05 08:43:45,241 - INFO - >>> SUCCESSFULLY SAVED [ID: 97021] - MapMyIndia shares drop 8% despite strong Q1 earnings; PAT jumps 8% YoY - The Economic Times from Economic Times (799 words)
2026-08-05 08:43:45,244 - INFO - [The Hindu] Article: https://www.thehindu.com/news/national/punjab/punjab-congress-kicks-off-mass-mobilisation-programme-ahead-of-assembly-polls/article71290628.ece
2026-08-05 08:43:45,244 - INFO - [The Hindu] Attempt 1/1: Trying with 'selenium_browser' strategy...
2026-08-05 08:43:45,290 - ERROR - [NDTV] Request failed for strategy 'requests_browser' on URL https://www.ndtv.com/india-news/will-speak-only-to-hemant-soren-protester-on-hunger-strike-in-ranchi-to-ndtv-11868295#publisher=newsstand: 403 Client Error: Forbidden for url: https://www.ndtv.com/india-news/will-speak-only-to-hemant-soren-protester-on-hunger-strike-in-ranchi-to-ndtv-11868295#publisher=newsstand
2026-08-05 08:43:45,545 - INFO - [Wired] Success with 'selenium_browser'. Found content (1282 words).
2026-08-05 08:43:47,170 - INFO - [Economic Times] Article: https://economictimes.indiatimes.com/markets/stocks/news/vedanta-aluminium-shares-can-rally-up-to-28-why-systematix-initiated-coverage-on-the-stock/articleshow/132896821.cms
2026-08-05 08:43:47,170 - INFO - [NDTV] Article: https://www.ndtv.com/india-news/will-speak-only-to-hemant-soren-protester-on-hunger-strike-in-ranchi-to-ndtv-11868295#publisher=newsstand
2026-08-05 08:43:48,510 - INFO - [NDTV] Attempt 2/2: Trying with 'selenium_browser' strategy...
2026-08-05 08:43:47,615 - INFO - [Economic Times] Attempt 1/2: Trying with 'requests_browser' strategy...
2026-08-05 08:43:48,791 - INFO - >>> SUCCESSFULLY SAVED [ID: 97022] - Lithops werneri: The tiny Namibian plant that survives by disguising itself as a pebble. Fewer than 200 now remain in the wild | - The Times of India from Times of India (846 words)
2026-08-05 08:43:48,841 - ERROR - parsed tree length: 1, wrong data type or not valid HTML
2026-08-05 08:43:48,842 - ERROR - empty HTML tree: None
2026-08-05 08:43:48,842 - WARNING - discarding data: None
2026-08-05 08:43:48,842 - WARNING - [Economic Times] FAILED with 'requests_browser' (content was too short: 0 words).
2026-08-05 08:43:50,188 - INFO - [Economic Times] Article: https://economictimes.indiatimes.com/markets/stocks/news/vedanta-aluminium-shares-can-rally-up-to-28-why-systematix-initiated-coverage-on-the-stock/articleshow/132896821.cms
2026-08-05 08:43:50,188 - INFO - [Economic Times] Attempt 2/2: Trying with 'selenium_browser' strategy...
2026-08-05 08:43:50,624 - INFO - [Times of India] Article: https://timesofindia.indiatimes.com/world/rest-of-world/after-japans-devastating-2011-tsunami-volunteers-have-planted-more-than-680000-trees-to-protect-the-coast-from-future-tsunamis/articleshow/132896673.cms
2026-08-05 08:43:51,513 - INFO - [Times of India] Attempt 1/1: Trying with 'selenium_browser' strategy...
2026-08-05 08:43:51,518 - ERROR - Error saving article NordVPN Coupons: 75% Off, Plus 3 Months Free in August 2026 | WIRED: Hrana: `stream error: `Error { message: "SQLite error: UNIQUE constraint failed: articles.url", code: "SQLITE_CONSTRAINT" }``
2026-08-05 08:43:51,565 - INFO - [NDTV] Page content loaded.
2026-08-05 08:43:52,189 - INFO - [NDTV] Success with 'selenium_browser'. Found content (780 words).
2026-08-05 08:43:52,316 - INFO - [Wired] Article: https://www.wired.com/story/meta-quest-promo-code/
2026-08-05 08:43:52,317 - INFO - [Wired] Attempt 1/2: Trying with 'requests_browser' strategy...
2026-08-05 08:43:52,514 - ERROR - parsed tree length: 1, wrong data type or not valid HTML
2026-08-05 08:43:52,518 - ERROR - empty HTML tree: None
2026-08-05 08:43:52,518 - WARNING - discarding data: None
2026-08-05 08:43:52,518 - WARNING - [Wired] FAILED with 'requests_browser' (content was too short: 0 words).
2026-08-05 08:43:54,204 - INFO - [Wired] Article: https://www.wired.com/story/meta-quest-promo-code/
2026-08-05 08:43:54,205 - INFO - [Wired] Attempt 2/2: Trying with 'selenium_browser' strategy...
2026-08-05 08:43:55,864 - INFO - >>> SUCCESSFULLY SAVED [ID: 97024] - "Sonam Wangchuk Motivated Me": Man Behind Jharkhand's Jantar Mantar Moment from NDTV (780 words)
2026-08-05 08:43:55,866 - INFO - [Times of India] Page content loaded.
2026-08-05 08:43:56,620 - INFO - [Times of India] Success with 'selenium_browser'. Found content (954 words).
2026-08-05 08:43:56,786 - INFO - [NDTV] Article: https://www.ndtv.com/artificial-intelligence/openai-fires-shots-at-apple-shares-chats-refuting-theft-allegations-11868375#publisher=newsstand
2026-08-05 08:43:56,786 - INFO - [NDTV] Attempt 1/2: Trying with 'requests_browser' strategy...
2026-08-05 08:43:56,927 - ERROR - [NDTV] Request failed for strategy 'requests_browser' on URL https://www.ndtv.com/artificial-intelligence/openai-fires-shots-at-apple-shares-chats-refuting-theft-allegations-11868375#publisher=newsstand: 403 Client Error: Forbidden for url: https://www.ndtv.com/artificial-intelligence/openai-fires-shots-at-apple-shares-chats-refuting-theft-allegations-11868375#publisher=newsstand
2026-08-05 08:43:58,771 - INFO - [NDTV] Article: https://www.ndtv.com/artificial-intelligence/openai-fires-shots-at-apple-shares-chats-refuting-theft-allegations-11868375#publisher=newsstand
2026-08-05 08:43:58,771 - INFO - [NDTV] Attempt 2/2: Trying with 'selenium_browser' strategy...
2026-08-05 08:43:59,651 - INFO - [Economic Times] Page content loaded.
2026-08-05 08:43:59,655 - WARNING - [The Hindu] Page get timed out (7s). Proceeding to grab partial source anyway.
2026-08-05 08:43:59,898 - INFO - >>> SUCCESSFULLY SAVED [ID: 97025] - After Japan's devastating 2011 tsunami, volunteers have planted more than 680,000 trees to protect the coast from future tsunamis | World News - The Times of India from Times of India (954 words)
2026-08-05 08:44:01,095 - INFO - [Wired] Page content loaded.
2026-08-05 08:44:01,187 - INFO - [Times of India] Article: https://timesofindia.indiatimes.com/world/us/operation-eau-de-fraud-chicago-youtuber-charged-after-replacing-luxury-perfumes-with-modeling-clay-in-return-scam-police-seize-250000-worth-of-fragrances/articleshow/132900846.cms
2026-08-05 08:44:01,187 - INFO - [Times of India] Attempt 1/1: Trying with 'selenium_browser' strategy...
2026-08-05 08:44:01,921 - INFO - [NDTV] Page content loaded.
2026-08-05 08:44:02,688 - INFO - [NDTV] Success with 'selenium_browser'. Found content (552 words).
2026-08-05 08:44:03,054 - INFO - [Wired] Success with 'selenium_browser'. Found content (1269 words).
2026-08-05 08:44:05,527 - INFO - [Times of India] Page content loaded.
2026-08-05 08:44:06,676 - INFO - >>> SUCCESSFULLY SAVED [ID: 97026] - OpenAI Fires Shots At Apple, Shares Chats Refuting Theft Allegations from NDTV (552 words)
2026-08-05 08:44:06,687 - WARNING - [The Hindu] Page explicit wait timed out (3s). Proceeding anyway.
2026-08-05 08:44:06,926 - INFO - [Economic Times] Success with 'selenium_browser'. Found content (748 words).
2026-08-05 08:44:08,500 - INFO - [NDTV] Article: https://www.ndtv.com/world-news/water-levels-in-europes-danube-river-drop-to-record-low-amid-heatwaves-11867875#publisher=newsstand
2026-08-05 08:44:09,825 - INFO - [NDTV] Attempt 1/2: Trying with 'requests_browser' strategy...
2026-08-05 08:44:09,838 - ERROR - Error saving article Meta Quest Promo Codes and Coupons for August 2026 | WIRED: Hrana: `stream error: `Error { message: "SQLite error: UNIQUE constraint failed: articles.url", code: "SQLITE_CONSTRAINT" }``
2026-08-05 08:44:09,956 - INFO - [Times of India] Success with 'selenium_browser'. Found content (666 words).
2026-08-05 08:44:10,153 - ERROR - [NDTV] Request failed for strategy 'requests_browser' on URL https://www.ndtv.com/world-news/water-levels-in-europes-danube-river-drop-to-record-low-amid-heatwaves-11867875#publisher=newsstand: 403 Client Error: Forbidden for url: https://www.ndtv.com/world-news/water-levels-in-europes-danube-river-drop-to-record-low-amid-heatwaves-11867875#publisher=newsstand
2026-08-05 08:44:10,422 - INFO - [Wired] Article: https://www.wired.com/story/hoka-coupon-code/
2026-08-05 08:44:10,423 - INFO - [Wired] Attempt 1/2: Trying with 'requests_browser' strategy...
2026-08-05 08:44:10,584 - ERROR - parsed tree length: 1, wrong data type or not valid HTML
2026-08-05 08:44:10,584 - ERROR - empty HTML tree: None
2026-08-05 08:44:10,585 - WARNING - discarding data: None
2026-08-05 08:44:10,585 - WARNING - [Wired] FAILED with 'requests_browser' (content was too short: 0 words).
2026-08-05 08:44:11,947 - INFO - [Wired] Article: https://www.wired.com/story/hoka-coupon-code/
2026-08-05 08:44:11,947 - INFO - [Wired] Attempt 2/2: Trying with 'selenium_browser' strategy...
2026-08-05 08:44:11,948 - INFO - [NDTV] Article: https://www.ndtv.com/world-news/water-levels-in-europes-danube-river-drop-to-record-low-amid-heatwaves-11867875#publisher=newsstand
2026-08-05 08:44:12,390 - INFO - [NDTV] Attempt 2/2: Trying with 'selenium_browser' strategy...
2026-08-05 08:44:13,513 - INFO - >>> SUCCESSFULLY SAVED [ID: 97028] - Vedanta Aluminium shares can rally up to 28%? Why Systematix initiated coverage on the stock - The Economic Times from Economic Times (748 words)
2026-08-05 08:44:14,957 - INFO - [Economic Times] Article: https://economictimes.indiatimes.com/markets/stocks/news/protean-egov-shares-fall-6-despite-19-yoy-jump-in-q1-revenue-should-you-buy-sell-or-hold/articleshow/132894674.cms
2026-08-05 08:44:14,960 - INFO - [Economic Times] Attempt 1/2: Trying with 'requests_browser' strategy...
2026-08-05 08:44:14,965 - ERROR - [The Hindu] Request failed for strategy 'selenium_browser' on URL https://www.thehindu.com/news/national/punjab/punjab-congress-kicks-off-mass-mobilisation-programme-ahead-of-assembly-polls/article71290628.ece: Message: timeout: Timed out receiving message from renderer: 7.000
  (Session info: chrome=151.0.7922.76)
Stacktrace:
#0 0x56081eca675a <unknown>
#1 0x56081e619fc9 <unknown>
#2 0x56081e601a2f <unknown>
#3 0x56081e6016a6 <unknown>
#4 0x56081e5ff288 <unknown>
#5 0x56081e5ffc0f <unknown>
#6 0x56081e60ed70 <unknown>
#7 0x56081e628d37 <unknown>
#8 0x56081e63070b <unknown>
#9 0x56081e600369 <unknown>
#10 0x56081e628a92 <unknown>
#11 0x56081e6b8066 <unknown>
#12 0x56081e662d32 <unknown>
#13 0x56081e663bb1 <unknown>
#14 0x56081ec6bae0 <unknown>
#15 0x56081ec6a15a <unknown>
#16 0x56081ec54b85 <unknown>
#17 0x56081ec6ae1a <unknown>
#18 0x56081ec3ca80 <unknown>
#19 0x56081ec92138 <unknown>
#20 0x56081ec922d5 <unknown>
#21 0x56081eca530e <unknown>
#22 0x7fbc3fc9caa4 <unknown>
#23 0x7fbc3fd29c6c <unknown>

2026-08-05 08:44:14,965 - ERROR - [The Hindu] All scrape strategies failed for https://www.thehindu.com/news/national/punjab/punjab-congress-kicks-off-mass-mobilisation-programme-ahead-of-assembly-polls/article71290628.ece. Falling back to RSS description.
2026-08-05 08:44:16,310 - WARNING - SKIPPED (GLOBAL WORD LIMIT): Article 'Punjab Congress kicks off mass mobilisation programme ahead of Assembly polls' from The Hindu has only 38 words (Min: 90).
2026-08-05 08:44:16,550 - INFO - >>> SUCCESSFULLY SAVED [ID: 97029] - 'Operation Eau de Fraud': Chicago YouTuber charged after replacing luxury perfumes with modeling clay in return scam; police seize $250,000 worth of fragrances | World News - The Times of India from Times of India (666 words)
2026-08-05 08:44:16,557 - ERROR - parsed tree length: 1, wrong data type or not valid HTML
2026-08-05 08:44:16,557 - ERROR - empty HTML tree: None
2026-08-05 08:44:16,557 - WARNING - discarding data: None
2026-08-05 08:44:16,557 - WARNING - [Economic Times] FAILED with 'requests_browser' (content was too short: 0 words).
2026-08-05 08:44:16,561 - INFO - [NDTV] Page content loaded.
2026-08-05 08:44:16,562 - INFO - [Wired] Page content loaded.
2026-08-05 08:44:16,714 - INFO - [NDTV] Success with 'selenium_browser'. Found content (837 words).
2026-08-05 08:44:18,287 - INFO - [The Hindu] Article: https://www.thehindu.com/news/national/tamil-nadu/tamil-nadu-budget-lean-period-fishing-assistance-raised-to-7000-per-family/article71308426.ece
2026-08-05 08:44:18,287 - INFO - [The Hindu] Attempt 1/1: Trying with 'selenium_browser' strategy...
2026-08-05 08:44:18,722 - INFO - [Economic Times] Article: https://economictimes.indiatimes.com/markets/stocks/news/protean-egov-shares-fall-6-despite-19-yoy-jump-in-q1-revenue-should-you-buy-sell-or-hold/articleshow/132894674.cms
2026-08-05 08:44:18,722 - INFO - [Economic Times] Attempt 2/2: Trying with 'selenium_browser' strategy...
2026-08-05 08:44:19,651 - INFO - [Times of India] Article: https://timesofindia.indiatimes.com/science/scientists-discover-three-new-stomach-bacteria-after-21-years-of-research-that-may-be-linked-to-chronic-stomach-disease-in-pygmy-sperm-whales/articleshow/132896270.cms
2026-08-05 08:44:19,651 - INFO - [Times of India] Attempt 1/1: Trying with 'selenium_browser' strategy...
2026-08-05 08:44:19,893 - INFO - >>> SUCCESSFULLY SAVED [ID: 97030] - Water Levels In Europe's Danube River Drop To Record- Low Amid Heatwaves from NDTV (837 words)
2026-08-05 08:44:19,949 - INFO - [Wired] Success with 'selenium_browser'. Found content (909 words).
2026-08-05 08:44:21,651 - INFO - [NDTV] Target reached: Successfully saved 10 new articles.
2026-08-05 08:44:22,092 - INFO - [NDTV] (Thread) Finished. Attempting to shut down its Selenium driver.
2026-08-05 08:44:23,017 - ERROR - Error saving article Hoka Coupon Codes: 30% Off in August 2026 | WIRED: Hrana: `stream error: `Error { message: "SQLite error: UNIQUE constraint failed: articles.url", code: "SQLITE_CONSTRAINT" }``
2026-08-05 08:44:23,028 - INFO - [NDTV] (Thread) driver.quit() successful.
2026-08-05 08:44:23,540 - INFO - [Times of India] Page content loaded.
2026-08-05 08:44:23,593 - INFO - [Economic Times] Page content loaded.
2026-08-05 08:44:23,798 - INFO - [Economic Times] Success with 'selenium_browser'. Found content (619 words).
2026-08-05 08:44:24,460 - INFO - [Wired] Article: https://www.wired.com/story/petlibro-discount-code/
2026-08-05 08:44:24,461 - INFO - [Wired] Attempt 1/2: Trying with 'requests_browser' strategy...
2026-08-05 08:44:24,603 - ERROR - parsed tree length: 1, wrong data type or not valid HTML
2026-08-05 08:44:24,606 - ERROR - empty HTML tree: None
2026-08-05 08:44:24,606 - WARNING - discarding data: None
2026-08-05 08:44:24,606 - WARNING - [Wired] FAILED with 'requests_browser' (content was too short: 0 words).
2026-08-05 08:44:24,666 - INFO - [Times of India] Success with 'selenium_browser'. Found content (851 words).
2026-08-05 08:44:26,179 - INFO - [Wired] Article: https://www.wired.com/story/petlibro-discount-code/
2026-08-05 08:44:26,182 - INFO - [Wired] Attempt 2/2: Trying with 'selenium_browser' strategy...
2026-08-05 08:44:27,806 - INFO - >>> SUCCESSFULLY SAVED [ID: 97032] - Protean eGov shares fall 6% despite 19% YoY jump in Q1 revenue. Should you buy, sell or hold? - The Economic Times from Economic Times (619 words)
2026-08-05 08:44:29,710 - INFO - [Economic Times] Article: https://economictimes.indiatimes.com/markets/stocks/news/pnb-housing-finance-shares-rally-5-after-q1-profit-rises-4-yoy-loan-assets-jump-15/articleshow/132894004.cms
2026-08-05 08:44:29,710 - INFO - [Economic Times] Attempt 1/2: Trying with 'requests_browser' strategy...
2026-08-05 08:44:31,316 - INFO - >>> SUCCESSFULLY SAVED [ID: 97033] - Scientists discover three new stomach bacteria after 21 years of research that may be linked to chronic stomach disease in pygmy sperm whales | - The Times of India from Times of India (851 words)
2026-08-05 08:44:31,324 - ERROR - parsed tree length: 1, wrong data type or not valid HTML
2026-08-05 08:44:31,324 - ERROR - empty HTML tree: None
2026-08-05 08:44:31,325 - WARNING - discarding data: None
2026-08-05 08:44:31,325 - WARNING - [Economic Times] FAILED with 'requests_browser' (content was too short: 0 words).
2026-08-05 08:44:32,059 - INFO - [Economic Times] Article: https://economictimes.indiatimes.com/markets/stocks/news/pnb-housing-finance-shares-rally-5-after-q1-profit-rises-4-yoy-loan-assets-jump-15/articleshow/132894004.cms
2026-08-05 08:44:32,059 - INFO - [Economic Times] Attempt 2/2: Trying with 'selenium_browser' strategy...
2026-08-05 08:44:32,377 - INFO - [Times of India] Article: https://timesofindia.indiatimes.com/science/californias-winter-monarch-migration-has-collapsed-from-millions-in-the-1990s-to-12260-butterflies-in-2025-the-third-lowest-count-ever-recorded/articleshow/132898173.cms
2026-08-05 08:44:32,377 - INFO - [Times of India] Attempt 1/1: Trying with 'selenium_browser' strategy...
2026-08-05 08:44:33,199 - WARNING - [The Hindu] Page get timed out (7s). Proceeding to grab partial source anyway.
2026-08-05 08:44:34,578 - INFO - [Wired] Page content loaded.
2026-08-05 08:44:35,141 - INFO - [Economic Times] Page content loaded.
2026-08-05 08:44:35,457 - INFO - [Economic Times] Success with 'selenium_browser'. Found content (733 words).
2026-08-05 08:44:35,675 - INFO - [Wired] Success with 'selenium_browser'. Found content (729 words).
2026-08-05 08:44:35,712 - INFO - [Times of India] Page content loaded.
2026-08-05 08:44:36,015 - INFO - [Times of India] Success with 'selenium_browser'. Found content (831 words).
2026-08-05 08:44:39,131 - INFO - >>> SUCCESSFULLY SAVED [ID: 97034] - PNB Housing Finance shares rally 5% after Q1 profit rises 4% YoY, loan assets jump 15% - The Economic Times from Economic Times (733 words)
2026-08-05 08:44:40,554 - INFO - [Economic Times] Article: https://economictimes.indiatimes.com/markets/stocks/news/deepak-nitrite-shares-surge-4-after-q1fy27-profit-jumps-209-revenue-rises-36-yoy/articleshow/132891677.cms
2026-08-05 08:44:40,554 - INFO - [Economic Times] Attempt 1/2: Trying with 'requests_browser' strategy...
2026-08-05 08:44:41,007 - WARNING - [The Hindu] Page explicit wait timed out (3s). Proceeding anyway.
2026-08-05 08:44:41,912 - ERROR - parsed tree length: 1, wrong data type or not valid HTML
2026-08-05 08:44:41,912 - ERROR - empty HTML tree: None
2026-08-05 08:44:41,912 - WARNING - discarding data: None
2026-08-05 08:44:41,913 - ERROR - Error saving article Petlibro Offers: 60% Off in August 2026 | WIRED: Hrana: `stream error: `Error { message: "SQLite error: UNIQUE constraint failed: articles.url", code: "SQLITE_CONSTRAINT" }``
2026-08-05 08:44:41,919 - WARNING - [Economic Times] FAILED with 'requests_browser' (content was too short: 0 words).
2026-08-05 08:44:43,416 - INFO - [Economic Times] Article: https://economictimes.indiatimes.com/markets/stocks/news/deepak-nitrite-shares-surge-4-after-q1fy27-profit-jumps-209-revenue-rises-36-yoy/articleshow/132891677.cms
2026-08-05 08:44:43,416 - INFO - [Economic Times] Attempt 2/2: Trying with 'selenium_browser' strategy...
2026-08-05 08:44:43,417 - INFO - [Wired] Article: https://www.wired.com/story/dermstore-promo-code/
2026-08-05 08:44:43,417 - INFO - [Wired] Attempt 1/2: Trying with 'requests_browser' strategy...
2026-08-05 08:44:45,008 - INFO - >>> SUCCESSFULLY SAVED [ID: 97036] - California's winter monarch migration has collapsed from millions in the 1990s to 12,260 butterflies in 2025; the third-lowest count ever recorded | - The Times of India from Times of India (831 words)
2026-08-05 08:44:45,028 - ERROR - parsed tree length: 1, wrong data type or not valid HTML
2026-08-05 08:44:45,028 - ERROR - empty HTML tree: None
2026-08-05 08:44:45,028 - WARNING - discarding data: None
2026-08-05 08:44:45,028 - WARNING - [Wired] FAILED with 'requests_browser' (content was too short: 0 words).
2026-08-05 08:44:45,565 - INFO - [Wired] Article: https://www.wired.com/story/dermstore-promo-code/
2026-08-05 08:44:45,565 - INFO - [Wired] Attempt 2/2: Trying with 'selenium_browser' strategy...
2026-08-05 08:44:45,813 - INFO - [Economic Times] Page content loaded.
2026-08-05 08:44:46,053 - INFO - [Economic Times] Success with 'selenium_browser'. Found content (463 words).
2026-08-05 08:44:46,256 - INFO - [Times of India] Article: https://timesofindia.indiatimes.com/science/the-insect-that-carries-its-own-bomb-how-the-bombardier-beetle-turns-chemistry-into-a-weapon-against-its-predators/articleshow/132895664.cms
2026-08-05 08:44:46,257 - INFO - [Times of India] Attempt 1/1: Trying with 'selenium_browser' strategy...
2026-08-05 08:44:48,169 - ERROR - [The Hindu] Request failed for strategy 'selenium_browser' on URL https://www.thehindu.com/news/national/tamil-nadu/tamil-nadu-budget-lean-period-fishing-assistance-raised-to-7000-per-family/article71308426.ece: Message: timeout: Timed out receiving message from renderer: 7.000
  (Session info: chrome=151.0.7922.76)
Stacktrace:
#0 0x56081eca675a <unknown>
#1 0x56081e619fc9 <unknown>
#2 0x56081e601a2f <unknown>
#3 0x56081e6016a6 <unknown>
#4 0x56081e5ff288 <unknown>
#5 0x56081e5ffc0f <unknown>
#6 0x56081e60ed70 <unknown>
#7 0x56081e628d37 <unknown>
#8 0x56081e63070b <unknown>
#9 0x56081e600369 <unknown>
#10 0x56081e628a92 <unknown>
#11 0x56081e6b8066 <unknown>
#12 0x56081e662d32 <unknown>
#13 0x56081e663bb1 <unknown>
#14 0x56081ec6bae0 <unknown>
#15 0x56081ec6a15a <unknown>
#16 0x56081ec54b85 <unknown>
#17 0x56081ec6ae1a <unknown>
#18 0x56081ec3ca80 <unknown>
#19 0x56081ec92138 <unknown>
#20 0x56081ec922d5 <unknown>
#21 0x56081eca530e <unknown>
#22 0x7fbc3fc9caa4 <unknown>
#23 0x7fbc3fd29c6c <unknown>

2026-08-05 08:44:48,169 - ERROR - [The Hindu] All scrape strategies failed for https://www.thehindu.com/news/national/tamil-nadu/tamil-nadu-budget-lean-period-fishing-assistance-raised-to-7000-per-family/article71308426.ece. Falling back to RSS description.
2026-08-05 08:44:48,169 - WARNING - SKIPPED (GLOBAL WORD LIMIT): Article 'Tamil Nadu Budget: Lean-period fishing assistance raised to ₹7,000 per family' from The Hindu has only 31 words (Min: 90).
2026-08-05 08:44:49,099 - INFO - [Wired] Page content loaded.
2026-08-05 08:44:49,100 - INFO - [The Hindu] Article: https://www.thehindu.com/news/national/maharashtra/maharashtra-govt-bans-analogue-paneer-for-one-year-cites-food-safety-norm-violations/article71308686.ece
2026-08-05 08:44:49,100 - INFO - [The Hindu] Attempt 1/1: Trying with 'selenium_browser' strategy...
2026-08-05 08:44:49,338 - INFO - >>> SUCCESSFULLY SAVED [ID: 97037] - Deepak Nitrite shares jump 4% after Q1FY27 profit jumps 209%, revenue rises 36% YoY - The Economic Times from Economic Times (463 words)
2026-08-05 08:44:49,921 - INFO - [Wired] Success with 'selenium_browser'. Found content (846 words).
2026-08-05 08:44:50,278 - INFO - [Times of India] Page content loaded.
2026-08-05 08:44:51,635 - INFO - [Economic Times] Early skip: URL https://economictimes.indiatimes.com/markets/stocks/news/kalyan-jewellers-shares-in-focus-after-q1-profit-jumps-32-yoy-to-rs-349-crore-margins-under-pressure/articleshow/132888509.cms already exists.
2026-08-05 08:44:52,072 - INFO - [Economic Times] Article: https://economictimes.indiatimes.com/tech/technology/apple-faces-indian-engineers-bias-lawsuit/articleshow/81694292.cms
2026-08-05 08:44:52,072 - INFO - [Economic Times] Attempt 1/2: Trying with 'requests_browser' strategy...
2026-08-05 08:44:52,961 - ERROR - Error saving article Top Dermstore Coupons: 25% Off for August 2026 | WIRED: Hrana: `stream error: `Error { message: "SQLite error: UNIQUE constraint failed: articles.url", code: "SQLITE_CONSTRAINT" }``
2026-08-05 08:44:53,025 - INFO - [Times of India] Success with 'selenium_browser'. Found content (929 words).
2026-08-05 08:44:54,592 - INFO - [Wired] Article: https://www.wired.com/story/exclusive-kitchenaid-promo-code/
2026-08-05 08:44:55,029 - INFO - [Wired] Attempt 1/2: Trying with 'requests_browser' strategy...
2026-08-05 08:44:56,175 - INFO - >>> SUCCESSFULLY SAVED [ID: 97039] - The insect that carries its own bomb: How the bombardier beetle turns chemistry into a weapon against its predators - The Times of India from Times of India (929 words)
2026-08-05 08:44:56,221 - ERROR - parsed tree length: 1, wrong data type or not valid HTML
2026-08-05 08:44:56,221 - ERROR - empty HTML tree: None
2026-08-05 08:44:56,221 - WARNING - discarding data: None
2026-08-05 08:44:56,221 - WARNING - [Economic Times] FAILED with 'requests_browser' (content was too short: 0 words).
2026-08-05 08:44:56,271 - ERROR - parsed tree length: 1, wrong data type or not valid HTML
2026-08-05 08:44:56,272 - ERROR - empty HTML tree: None
2026-08-05 08:44:56,272 - WARNING - discarding data: None
2026-08-05 08:44:56,272 - WARNING - [Wired] FAILED with 'requests_browser' (content was too short: 0 words).
2026-08-05 08:44:56,825 - INFO - [Economic Times] Article: https://economictimes.indiatimes.com/tech/technology/apple-faces-indian-engineers-bias-lawsuit/articleshow/81694292.cms
2026-08-05 08:44:56,826 - INFO - [Economic Times] Attempt 2/2: Trying with 'selenium_browser' strategy...
2026-08-05 08:44:57,107 - INFO - [Times of India] Article: https://timesofindia.indiatimes.com/science/scientists-identify-an-insect-eating-plant-that-just-proved-charles-darwins-150-year-old-theory-right/articleshow/132894636.cms
2026-08-05 08:44:57,108 - INFO - [Times of India] Attempt 1/1: Trying with 'selenium_browser' strategy...
2026-08-05 08:44:57,219 - INFO - [Wired] Article: https://www.wired.com/story/exclusive-kitchenaid-promo-code/
2026-08-05 08:44:57,219 - INFO - [Wired] Attempt 2/2: Trying with 'selenium_browser' strategy...
2026-08-05 08:45:00,498 - INFO - [Economic Times] Page content loaded.
2026-08-05 08:45:00,917 - INFO - [Economic Times] Success with 'selenium_browser'. Found content (743 words).
2026-08-05 08:45:03,836 - INFO - [Wired] Page content loaded.
2026-08-05 08:45:03,837 - WARNING - [The Hindu] Page get timed out (7s). Proceeding to grab partial source anyway.
2026-08-05 08:45:03,839 - ERROR - Error saving article Apple faces Indian engineer’s bias lawsuit - The Economic Times: Hrana: `stream error: `Error { message: "SQLite error: UNIQUE constraint failed: articles.url", code: "SQLITE_CONSTRAINT" }``
2026-08-05 08:45:04,544 - INFO - [Economic Times] Article: https://economictimes.indiatimes.com/news/defence/despite-transatlantic-love-fest-eu-charts-third-way-in-ties-with-us-and-china/articleshow/81467467.cms
2026-08-05 08:45:04,544 - INFO - [Economic Times] Attempt 1/2: Trying with 'requests_browser' strategy...
2026-08-05 08:45:04,881 - INFO - [Wired] Success with 'selenium_browser'. Found content (605 words).
2026-08-05 08:45:04,998 - INFO - [Economic Times] Success with 'requests_browser'. Found content (799 words).
2026-08-05 08:45:07,984 - INFO - [Times of India] Page content loaded.
2026-08-05 08:45:07,987 - ERROR - Error saving article KitchenAid Promo Codes: Save Up to 20% | WIRED: Hrana: `stream error: `Error { message: "SQLite error: UNIQUE constraint failed: articles.url", code: "SQLITE_CONSTRAINT" }``
2026-08-05 08:45:09,452 - INFO - [Wired] Article: https://www.wired.com/story/purple-promo-code/
2026-08-05 08:45:09,452 - INFO - [Wired] Attempt 1/2: Trying with 'requests_browser' strategy...
2026-08-05 08:45:10,772 - ERROR - Error saving article Despite transatlantic 'love fest', EU charts third way in ties with US and China - The Economic Times: Hrana: `stream error: `Error { message: "SQLite error: UNIQUE constraint failed: articles.url", code: "SQLITE_CONSTRAINT" }``
2026-08-05 08:45:10,788 - ERROR - parsed tree length: 1, wrong data type or not valid HTML
2026-08-05 08:45:10,788 - ERROR - empty HTML tree: None
2026-08-05 08:45:10,788 - WARNING - discarding data: None
2026-08-05 08:45:10,788 - WARNING - [Wired] FAILED with 'requests_browser' (content was too short: 0 words).
2026-08-05 08:45:10,855 - WARNING - [The Hindu] Page explicit wait timed out (3s). Proceeding anyway.
2026-08-05 08:45:10,869 - INFO - [Times of India] Success with 'selenium_browser'. Found content (1019 words).
2026-08-05 08:45:12,372 - INFO - [Economic Times] Article: https://economictimes.indiatimes.com/tech/tech-bytes/twitters-india-policy-head-to-step-down-will-transition-in-march/articleshow/80732868.cms
2026-08-05 08:45:12,372 - INFO - [Wired] Article: https://www.wired.com/story/purple-promo-code/
2026-08-05 08:45:12,810 - INFO - [Economic Times] Attempt 1/2: Trying with 'requests_browser' strategy...
2026-08-05 08:45:12,810 - INFO - [Wired] Attempt 2/2: Trying with 'selenium_browser' strategy...
2026-08-05 08:45:13,954 - INFO - >>> SUCCESSFULLY SAVED [ID: 97043] - Scientists identify an insect-eating plant that just proved Charles Darwin's 150-year-old theory right - The Times of India from Times of India (1019 words)
2026-08-05 08:45:13,967 - ERROR - parsed tree length: 1, wrong data type or not valid HTML
2026-08-05 08:45:13,967 - ERROR - empty HTML tree: None
2026-08-05 08:45:13,967 - WARNING - discarding data: None
2026-08-05 08:45:13,967 - WARNING - [Economic Times] FAILED with 'requests_browser' (content was too short: 0 words).
2026-08-05 08:45:14,529 - INFO - [Economic Times] Article: https://economictimes.indiatimes.com/tech/tech-bytes/twitters-india-policy-head-to-step-down-will-transition-in-march/articleshow/80732868.cms
2026-08-05 08:45:14,529 - INFO - [Economic Times] Attempt 2/2: Trying with 'selenium_browser' strategy...
2026-08-05 08:45:14,683 - INFO - [Times of India] Article: https://timesofindia.indiatimes.com/world/middle-east/well-know-in-48-hours-trump-warns-iran-to-open-hormuz-or-get-hit-very-hard/articleshow/132895176.cms
2026-08-05 08:45:14,683 - INFO - [Times of India] Attempt 1/1: Trying with 'selenium_browser' strategy...
2026-08-05 08:45:15,566 - INFO - [Wired] Page content loaded.
2026-08-05 08:45:15,694 - INFO - [Times of India] Page content loaded.
2026-08-05 08:45:15,968 - INFO - [Times of India] Success with 'selenium_browser'. Found content (394 words).
2026-08-05 08:45:16,570 - INFO - [Wired] Success with 'selenium_browser'. Found content (544 words).
2026-08-05 08:45:18,378 - ERROR - [The Hindu] Request failed for strategy 'selenium_browser' on URL https://www.thehindu.com/news/national/maharashtra/maharashtra-govt-bans-analogue-paneer-for-one-year-cites-food-safety-norm-violations/article71308686.ece: Message: timeout: Timed out receiving message from renderer: 7.000
  (Session info: chrome=151.0.7922.76)
Stacktrace:
#0 0x56081eca675a <unknown>
#1 0x56081e619fc9 <unknown>
#2 0x56081e601a2f <unknown>
#3 0x56081e6016a6 <unknown>
#4 0x56081e5ff288 <unknown>
#5 0x56081e5ffc0f <unknown>
#6 0x56081e60ed70 <unknown>
#7 0x56081e628d37 <unknown>
#8 0x56081e63070b <unknown>
#9 0x56081e600369 <unknown>
#10 0x56081e628a92 <unknown>
#11 0x56081e6b8066 <unknown>
#12 0x56081e662d32 <unknown>
#13 0x56081e663bb1 <unknown>
#14 0x56081ec6bae0 <unknown>
#15 0x56081ec6a15a <unknown>
#16 0x56081ec54b85 <unknown>
#17 0x56081ec6ae1a <unknown>
#18 0x56081ec3ca80 <unknown>
#19 0x56081ec92138 <unknown>
#20 0x56081ec922d5 <unknown>
#21 0x56081eca530e <unknown>
#22 0x7fbc3fc9caa4 <unknown>
#23 0x7fbc3fd29c6c <unknown>

2026-08-05 08:45:18,378 - ERROR - [The Hindu] All scrape strategies failed for https://www.thehindu.com/news/national/maharashtra/maharashtra-govt-bans-analogue-paneer-for-one-year-cites-food-safety-norm-violations/article71308686.ece. Falling back to RSS description.
2026-08-05 08:45:19,281 - WARNING - SKIPPED (GLOBAL WORD LIMIT): Article 'Maharashtra govt. bans analogue paneer for one year, cites food safety norm violations' from The Hindu has only 19 words (Min: 90).
2026-08-05 08:45:19,532 - INFO - >>> SUCCESSFULLY SAVED [ID: 97044] - Donald Trump: 'We'll know in 48 hours': Trump warns Iran to open Hormuz or get 'hit very hard' - The Times of India from Times of India (394 words)
2026-08-05 08:45:21,179 - INFO - [Economic Times] Page content loaded.
2026-08-05 08:45:21,180 - INFO - [Times of India] Early skip: URL https://timesofindia.indiatimes.com/world/rest-of-world/leonardo-dicaprio-and-jeff-bezos-launch-200-million-project-to-save-100-of-worlds-most-threatened-species-from-salamanders-and-pangolins-to-rare-pigs/articleshow/132890256.cms already exists.
2026-08-05 08:45:21,181 - INFO - [The Hindu] Article: https://www.thehindu.com/news/national/jammu-and-kashmir/political-leaders-hold-protest-against-abrogation-of-article-370-on-seventh-anniversary/article71308480.ece
2026-08-05 08:45:21,181 - INFO - [The Hindu] Attempt 1/1: Trying with 'selenium_browser' strategy...
2026-08-05 08:45:21,182 - INFO - [Times of India] Early skip: URL https://timesofindia.indiatimes.com/science/in-2021-australian-scientists-cloned-one-seed-of-the-queen-of-sheba-orchid-five-years-later-it-produced-1000-plants-and-its-first-flower/articleshow/132794742.cms already exists.
2026-08-05 08:45:21,618 - INFO - [Times of India] Early skip: URL https://timesofindia.indiatimes.com/world/europe/russian-drone-chases-ukrainian-vegetable-seller-in-safari-attack-watch/articleshow/132883978.cms already exists.
2026-08-05 08:45:22,501 - INFO - [Times of India] Early skip: URL https://timesofindia.indiatimes.com/world/us/quote-of-the-day-by-warren-buffett-look-for-the-job-you-would-take-if-you-didnt-need-a-job-and-timeless-career-advice/articleshow/132873266.cms already exists.
2026-08-05 08:45:22,501 - ERROR - Error saving article Purple Promo Codes and Deals: Up to 30% Off | WIRED: Hrana: `stream error: `Error { message: "SQLite error: UNIQUE constraint failed: articles.url", code: "SQLITE_CONSTRAINT" }``
2026-08-05 08:45:22,502 - INFO - [Times of India] Early skip: URL https://timesofindia.indiatimes.com/world/south-asia/quote-of-the-day-by-chandrika-kumaratunga-power-is-a-joke-but-it-gives-me-the-authority-to-do-what-i-think-i-need-to-do-for-the-country/articleshow/132872663.cms already exists.
2026-08-05 08:45:22,503 - INFO - [Times of India] Early skip: URL https://timesofindia.indiatimes.com/science/egyptian-doctor-wrongly-connects-organ-in-a-way-that-bowel-waste-is-channeled-back-to-stomach-uk-cancels-his-licence/articleshow/132870732.cms already exists.
2026-08-05 08:45:22,512 - INFO - [Times of India] Early skip: URL https://timesofindia.indiatimes.com/world/us/us-judge-blocks-new-yorks-ban-on-ice-officers-wearing-face-masks/articleshow/132867373.cms already exists.
2026-08-05 08:45:22,514 - INFO - [Times of India] Early skip: URL https://timesofindia.indiatimes.com/world/europe/eu-eyes-tougher-border-controls-after-ceuta-migrant-surge-triggers-alarm/articleshow/132868130.cms already exists.
2026-08-05 08:45:22,516 - INFO - [Times of India] (Thread) Finished. Attempting to shut down its Selenium driver.
2026-08-05 08:45:22,919 - INFO - [Times of India] (Thread) driver.quit() successful.
2026-08-05 08:45:23,473 - INFO - [Economic Times] Success with 'selenium_browser'. Found content (615 words).
2026-08-05 08:45:23,733 - INFO - [Wired] Article: https://www.wired.com/story/tuft-and-needle-promo-code/
2026-08-05 08:45:23,733 - INFO - [Wired] Attempt 1/2: Trying with 'requests_browser' strategy...
2026-08-05 08:45:23,912 - ERROR - parsed tree length: 1, wrong data type or not valid HTML
2026-08-05 08:45:23,913 - ERROR - empty HTML tree: None
2026-08-05 08:45:23,913 - WARNING - discarding data: None
2026-08-05 08:45:23,913 - WARNING - [Wired] FAILED with 'requests_browser' (content was too short: 0 words).
2026-08-05 08:45:25,330 - INFO - [Wired] Article: https://www.wired.com/story/tuft-and-needle-promo-code/
2026-08-05 08:45:25,767 - INFO - [Wired] Attempt 2/2: Trying with 'selenium_browser' strategy...
2026-08-05 08:45:26,667 - ERROR - Error saving article Twitter's India policy head, Mahima Kaul, to step down; will transition in March - The Economic Times: Hrana: `stream error: `Error { message: "SQLite error: UNIQUE constraint failed: articles.url", code: "SQLITE_CONSTRAINT" }``
2026-08-05 08:45:27,811 - INFO - [Economic Times] Article: https://economictimes.indiatimes.com/tech/tech-and-gadgets/govt-may-keep-rs-7500-cr-outlay-for-it-hardware-manufacturing-under-pli-scheme/articleshow/80333429.cms
2026-08-05 08:45:27,811 - INFO - [Economic Times] Attempt 1/2: Trying with 'requests_browser' strategy...
2026-08-05 08:45:27,883 - INFO - [Wired] Page content loaded.
2026-08-05 08:45:28,128 - ERROR - parsed tree length: 1, wrong data type or not valid HTML
2026-08-05 08:45:28,128 - ERROR - empty HTML tree: None
2026-08-05 08:45:28,128 - WARNING - discarding data: None
2026-08-05 08:45:28,128 - WARNING - [Economic Times] FAILED with 'requests_browser' (content was too short: 0 words).
2026-08-05 08:45:28,389 - INFO - [Wired] Success with 'selenium_browser'. Found content (654 words).
2026-08-05 08:45:29,885 - INFO - [Economic Times] Article: https://economictimes.indiatimes.com/tech/tech-and-gadgets/govt-may-keep-rs-7500-cr-outlay-for-it-hardware-manufacturing-under-pli-scheme/articleshow/80333429.cms
2026-08-05 08:45:30,321 - INFO - [Economic Times] Attempt 2/2: Trying with 'selenium_browser' strategy...
2026-08-05 08:45:31,216 - ERROR - Error saving article Tuft & Needle Promo Codes: 30% Off | August 2026 | WIRED: Hrana: `stream error: `Error { message: "SQLite error: UNIQUE constraint failed: articles.url", code: "SQLITE_CONSTRAINT" }``
2026-08-05 08:45:31,762 - INFO - [Economic Times] Page content loaded.
2026-08-05 08:45:31,871 - INFO - [Wired] Article: https://www.wired.com/story/vitamix-promo-code/
2026-08-05 08:45:31,872 - INFO - [Wired] Attempt 1/2: Trying with 'requests_browser' strategy...
2026-08-05 08:45:31,944 - INFO - [Economic Times] Success with 'selenium_browser'. Found content (481 words).
2026-08-05 08:45:32,028 - ERROR - parsed tree length: 1, wrong data type or not valid HTML
2026-08-05 08:45:32,032 - ERROR - empty HTML tree: None
2026-08-05 08:45:32,032 - WARNING - discarding data: None
2026-08-05 08:45:32,032 - WARNING - [Wired] FAILED with 'requests_browser' (content was too short: 0 words).
2026-08-05 08:45:33,472 - INFO - [Wired] Article: https://www.wired.com/story/vitamix-promo-code/
2026-08-05 08:45:33,473 - INFO - [Wired] Attempt 2/2: Trying with 'selenium_browser' strategy...
2026-08-05 08:45:34,787 - ERROR - Error saving article Govt may keep Rs 7,500 cr outlay for IT hardware manufacturing under PLI scheme - The Economic Times: Hrana: `stream error: `Error { message: "SQLite error: UNIQUE constraint failed: articles.url", code: "SQLITE_CONSTRAINT" }``
2026-08-05 08:45:35,679 - INFO - [Economic Times] Article: https://economictimes.indiatimes.com/tech/technology/indian-dating-apps-services-see-surge-of-paying-users-in-small-cities/articleshow/80063342.cms
2026-08-05 08:45:35,679 - INFO - [Economic Times] Attempt 1/2: Trying with 'requests_browser' strategy...
2026-08-05 08:45:35,994 - ERROR - parsed tree length: 1, wrong data type or not valid HTML
2026-08-05 08:45:35,994 - ERROR - empty HTML tree: None
2026-08-05 08:45:35,995 - WARNING - discarding data: None
2026-08-05 08:45:35,995 - WARNING - [Economic Times] FAILED with 'requests_browser' (content was too short: 0 words).
2026-08-05 08:45:36,115 - INFO - [Wired] Page content loaded.
2026-08-05 08:45:36,567 - INFO - [Wired] Success with 'selenium_browser'. Found content (586 words).
2026-08-05 08:45:36,843 - INFO - [Economic Times] Article: https://economictimes.indiatimes.com/tech/technology/indian-dating-apps-services-see-surge-of-paying-users-in-small-cities/articleshow/80063342.cms
2026-08-05 08:45:36,844 - INFO - [Economic Times] Attempt 2/2: Trying with 'selenium_browser' strategy...
2026-08-05 08:45:38,277 - WARNING - [The Hindu] Page get timed out (7s). Proceeding to grab partial source anyway.
2026-08-05 08:45:39,689 - ERROR - Error saving article Vitamix Promo Codes and Deals: $25 Off + Free Shipping | WIRED: Hrana: `stream error: `Error { message: "SQLite error: UNIQUE constraint failed: articles.url", code: "SQLITE_CONSTRAINT" }``
2026-08-05 08:45:40,456 - INFO - [Economic Times] Page content loaded.
2026-08-05 08:45:40,605 - WARNING - [Economic Times] FAILED with 'selenium_browser' (content was too short: 84 words).
2026-08-05 08:45:40,605 - ERROR - [Economic Times] All scrape strategies failed for https://economictimes.indiatimes.com/tech/technology/indian-dating-apps-services-see-surge-of-paying-users-in-small-cities/articleshow/80063342.cms. Falling back to RSS description.
2026-08-05 08:45:40,605 - WARNING - SKIPPED (GLOBAL WORD LIMIT): Article 'Indian dating apps, services see surge of paying users in small cities ' from Economic Times has only 54 words (Min: 90).
2026-08-05 08:45:41,005 - INFO - [Wired] Early skip: URL https://www.wired.com/story/ok-well-there-are-even-more-ai-agent-hacking-incidents/ already exists.
2026-08-05 08:45:41,007 - INFO - [Wired] Early skip: URL https://www.wired.com/story/the-white-house-is-keeping-its-ai-cybersecurity-framework-secret/ already exists.
2026-08-05 08:45:41,008 - INFO - [Wired] Early skip: URL https://www.wired.com/story/landmark-deal-would-officially-add-laser-weapons-to-us-army-arsenal/ already exists.
2026-08-05 08:45:41,010 - INFO - [Wired] Early skip: URL https://www.wired.com/gallery/best-gaming-mouse/ already exists.
2026-08-05 08:45:41,011 - INFO - [Wired] Early skip: URL https://www.wired.com/review/purple-carrot-meal-kit-2026/ already exists.
2026-08-05 08:45:41,012 - INFO - [Wired] Early skip: URL https://www.wired.com/gallery/the-best-cordless-vacuum/ already exists.
2026-08-05 08:45:41,014 - INFO - [Wired] Early skip: URL https://www.wired.com/story/ai-tells-detection-world-series-of-poker-espn/ already exists.
2026-08-05 08:45:41,015 - INFO - [Wired] Early skip: URL https://www.wired.com/story/how-one-startup-built-a-mostly-china-free-robot/ already exists.
2026-08-05 08:45:41,016 - INFO - [Wired] Early skip: URL https://www.wired.com/story/the-big-interview-podcast-matthew-belloni-puck/ already exists.
2026-08-05 08:45:41,017 - INFO - [Wired] Early skip: URL https://www.wired.com/story/how-data-centers-broke-american-politics/ already exists.
2026-08-05 08:45:41,019 - INFO - [Wired] Early skip: URL https://www.wired.com/story/2018-google-walkout-dont-be-evil-claire-stapleton/ already exists.
2026-08-05 08:45:41,020 - INFO - [Wired] Early skip: URL https://www.wired.com/story/mistral-is-in-the-right-place-at-the-right-time/ already exists.
2026-08-05 08:45:41,022 - INFO - [Wired] Article: https://www.wired.com/story/lowes-promo-code/
2026-08-05 08:45:41,022 - INFO - [Wired] Attempt 1/2: Trying with 'requests_browser' strategy...
2026-08-05 08:45:41,157 - ERROR - parsed tree length: 1, wrong data type or not valid HTML
2026-08-05 08:45:41,157 - ERROR - empty HTML tree: None
2026-08-05 08:45:41,157 - WARNING - discarding data: None
2026-08-05 08:45:41,157 - WARNING - [Wired] FAILED with 'requests_browser' (content was too short: 0 words).
2026-08-05 08:45:41,791 - INFO - [Wired] Article: https://www.wired.com/story/lowes-promo-code/
2026-08-05 08:45:41,792 - INFO - [Wired] Attempt 2/2: Trying with 'selenium_browser' strategy...
2026-08-05 08:45:41,834 - INFO - [Economic Times] Article: https://economictimes.indiatimes.com/tech/technology/time-for-govt-cos-to-adopt-ai-deloitte-india/articleshow/79981215.cms
2026-08-05 08:45:41,834 - INFO - [Economic Times] Attempt 1/2: Trying with 'requests_browser' strategy...
2026-08-05 08:45:42,088 - ERROR - parsed tree length: 1, wrong data type or not valid HTML
2026-08-05 08:45:42,088 - ERROR - empty HTML tree: None
2026-08-05 08:45:42,088 - WARNING - discarding data: None
2026-08-05 08:45:42,088 - WARNING - [Economic Times] FAILED with 'requests_browser' (content was too short: 0 words).
2026-08-05 08:45:42,669 - INFO - [Economic Times] Article: https://economictimes.indiatimes.com/tech/technology/time-for-govt-cos-to-adopt-ai-deloitte-india/articleshow/79981215.cms
2026-08-05 08:45:42,669 - INFO - [Economic Times] Attempt 2/2: Trying with 'selenium_browser' strategy...
2026-08-05 08:45:42,892 - INFO - [Wired] Page content loaded.
2026-08-05 08:45:43,394 - INFO - [Wired] Success with 'selenium_browser'. Found content (1189 words).
2026-08-05 08:45:44,951 - INFO - [Economic Times] Page content loaded.
2026-08-05 08:45:45,389 - WARNING - [The Hindu] Page explicit wait timed out (3s). Proceeding anyway.
2026-08-05 08:45:46,300 - ERROR - Error saving article Lowe’s Promo Codes and Deals: Up to $300 Off Appliances | WIRED: Hrana: `stream error: `Error { message: "SQLite error: UNIQUE constraint failed: articles.url", code: "SQLITE_CONSTRAINT" }``
2026-08-05 08:45:46,322 - WARNING - [Economic Times] FAILED with 'selenium_browser' (content was too short: 74 words).
2026-08-05 08:45:46,322 - ERROR - [Economic Times] All scrape strategies failed for https://economictimes.indiatimes.com/tech/technology/time-for-govt-cos-to-adopt-ai-deloitte-india/articleshow/79981215.cms. Falling back to RSS description.
2026-08-05 08:45:46,323 - WARNING - SKIPPED (GLOBAL WORD LIMIT): Article 'Time for government, companies to adopt artificial intelligence: Deloitte India ' from Economic Times has only 49 words (Min: 90).
2026-08-05 08:45:47,381 - INFO - [Wired] Article: https://www.wired.com/story/instacart-promo/code/
2026-08-05 08:45:47,381 - INFO - [Wired] Attempt 1/2: Trying with 'requests_browser' strategy...
2026-08-05 08:45:47,384 - INFO - [Economic Times] Early skip: URL https://economictimes.indiatimes.com/news/international/world-news/trump-announces-a-deal-for-hamas-to-disarm-in-gaza-but-many-hurdles-and-uncertainty-remain/articleshow/132753009.cms already exists.
2026-08-05 08:45:47,385 - INFO - [Economic Times] Early skip: URL https://economictimes.indiatimes.com/news/new-updates/in-1943-us-built-an-entire-city-and-it-didnt-exist-on-a-single-map/articleshow/132659427.cms already exists.
2026-08-05 08:45:47,386 - INFO - [Economic Times] Early skip: URL https://economictimes.indiatimes.com/news/new-updates/humans-have-a-third-eye-in-the-brain-study-links-it-to-a-600-million-year-old-cyclops-ancestor/articleshow/132655441.cms already exists.
2026-08-05 08:45:47,388 - INFO - [Economic Times] Early skip: URL https://economictimes.indiatimes.com/news/new-updates/1500-ships-trapped-in-gulf-of-hormuz-is-quietly-multiplying-an-underwater-army-that-could-unleash-worlds-biggest-bioinvasion-event/articleshow/132595366.cms already exists.
2026-08-05 08:45:47,389 - INFO - [Economic Times] Early skip: URL https://economictimes.indiatimes.com/news/new-updates/argentina-vs-spain-fifa-world-cup-final-to-be-replayed-petition-for-a-rematch-crosses-60000-signatures/articleshow/132576024.cms already exists.
2026-08-05 08:45:47,390 - INFO - [Economic Times] Early skip: URL https://economictimes.indiatimes.com/news/new-updates/he-baked-potato-in-aluminium-foil-and-ate-it-next-morning-after-microwaving-it-hours-later-he-was-paralysed-doctor-explains-why/articleshow/132574269.cms already exists.
2026-08-05 08:45:47,391 - INFO - [Economic Times] Article: https://economictimes.indiatimes.com/news/elections/assembly-elections/assam/done-deal-cm-himanta-biswa-sarma-on-nda-seat-sharing-for-assam-polls/articleshow/128678098.cms
2026-08-05 08:45:47,391 - INFO - [Economic Times] Attempt 1/2: Trying with 'requests_browser' strategy...
2026-08-05 08:45:47,506 - ERROR - parsed tree length: 1, wrong data type or not valid HTML
2026-08-05 08:45:47,506 - ERROR - empty HTML tree: None
2026-08-05 08:45:47,506 - WARNING - discarding data: None
2026-08-05 08:45:47,506 - WARNING - [Wired] FAILED with 'requests_browser' (content was too short: 0 words).
2026-08-05 08:45:47,670 - INFO - [Economic Times] Success with 'requests_browser'. Found content (518 words).
2026-08-05 08:45:49,130 - INFO - [Wired] Article: https://www.wired.com/story/instacart-promo/code/
2026-08-05 08:45:49,564 - INFO - [Wired] Attempt 2/2: Trying with 'selenium_browser' strategy...
2026-08-05 08:45:50,455 - ERROR - Error saving article 'Done deal': CM Himanta Biswa Sarma on NDA seat-sharing for Assam polls - The Economic Times: Hrana: `stream error: `Error { message: "SQLite error: UNIQUE constraint failed: articles.url", code: "SQLITE_CONSTRAINT" }``
2026-08-05 08:45:51,463 - INFO - [Wired] Page content loaded.
2026-08-05 08:45:51,754 - INFO - [Economic Times] Article: https://economictimes.indiatimes.com/news/elections/assembly-elections/bihar/rare-intensive-revision-in-bihar-four-months-before-polls/articleshow/122167501.cms
2026-08-05 08:45:51,755 - INFO - [Economic Times] Attempt 1/2: Trying with 'requests_browser' strategy...
2026-08-05 08:45:51,811 - INFO - [Wired] Success with 'selenium_browser'. Found content (1009 words).
2026-08-05 08:45:53,711 - ERROR - [The Hindu] Request failed for strategy 'selenium_browser' on URL https://www.thehindu.com/news/national/jammu-and-kashmir/political-leaders-hold-protest-against-abrogation-of-article-370-on-seventh-anniversary/article71308480.ece: Message: timeout: Timed out receiving message from renderer: 7.000
  (Session info: chrome=151.0.7922.76)
Stacktrace:
#0 0x56081eca675a <unknown>
#1 0x56081e619fc9 <unknown>
#2 0x56081e601a2f <unknown>
#3 0x56081e6016a6 <unknown>
#4 0x56081e5ff288 <unknown>
#5 0x56081e5ffc0f <unknown>
#6 0x56081e60ed70 <unknown>
#7 0x56081e628d37 <unknown>
#8 0x56081e63070b <unknown>
#9 0x56081e600369 <unknown>
#10 0x56081e628a92 <unknown>
#11 0x56081e6b8066 <unknown>
#12 0x56081e662d32 <unknown>
#13 0x56081e663bb1 <unknown>
#14 0x56081ec6bae0 <unknown>
#15 0x56081ec6a15a <unknown>
#16 0x56081ec54b85 <unknown>
#17 0x56081ec6ae1a <unknown>
#18 0x56081ec3ca80 <unknown>
#19 0x56081ec92138 <unknown>
#20 0x56081ec922d5 <unknown>
#21 0x56081eca530e <unknown>
#22 0x7fbc3fc9caa4 <unknown>
#23 0x7fbc3fd29c6c <unknown>

2026-08-05 08:45:53,711 - ERROR - [The Hindu] All scrape strategies failed for https://www.thehindu.com/news/national/jammu-and-kashmir/political-leaders-hold-protest-against-abrogation-of-article-370-on-seventh-anniversary/article71308480.ece. Falling back to RSS description.
2026-08-05 08:45:53,711 - WARNING - SKIPPED (GLOBAL WORD LIMIT): Article 'NC leaders hold protest against abrogation of Article 370 in J&K' from The Hindu has only 30 words (Min: 90).
2026-08-05 08:45:54,589 - ERROR - Error saving article Instacart Promo Code: $15 Off | August 2026 | WIRED: Hrana: `stream error: `Error { message: "SQLite error: UNIQUE constraint failed: articles.url", code: "SQLITE_CONSTRAINT" }``
2026-08-05 08:45:54,593 - INFO - [The Hindu] Article: https://www.thehindu.com/news/national/neet-ug-protests-listen-and-reason-with-gen-z-do-not-repress-them-supreme-court-advices/article71308519.ece
2026-08-05 08:45:54,593 - INFO - [The Hindu] Attempt 1/1: Trying with 'selenium_browser' strategy...
2026-08-05 08:45:54,620 - INFO - [Economic Times] Success with 'requests_browser'. Found content (864 words).
2026-08-05 08:45:56,104 - INFO - [Wired] Article: https://www.wired.com/story/expedia-coupon/
2026-08-05 08:45:56,536 - INFO - [Wired] Attempt 1/2: Trying with 'requests_browser' strategy...
2026-08-05 08:45:57,412 - ERROR - Error saving article Rare 'intensive' revision in Bihar four months before polls - The Economic Times: Hrana: `stream error: `Error { message: "SQLite error: UNIQUE constraint failed: articles.url", code: "SQLITE_CONSTRAINT" }``
2026-08-05 08:45:57,422 - ERROR - parsed tree length: 1, wrong data type or not valid HTML
2026-08-05 08:45:57,422 - ERROR - empty HTML tree: None
2026-08-05 08:45:57,422 - WARNING - discarding data: None
2026-08-05 08:45:57,422 - WARNING - [Wired] FAILED with 'requests_browser' (content was too short: 0 words).
2026-08-05 08:45:58,157 - INFO - [Economic Times] Article: https://economictimes.indiatimes.com/news/elections/assembly-elections/delhi/bjp-accuses-kejriwal-of-sending-voters-hoax-calls-to-mislead/articleshow/117579007.cms
2026-08-05 08:45:58,157 - INFO - [Economic Times] Attempt 1/2: Trying with 'requests_browser' strategy...
2026-08-05 08:45:58,282 - INFO - [Wired] Article: https://www.wired.com/story/expedia-coupon/
2026-08-05 08:45:58,282 - INFO - [Wired] Attempt 2/2: Trying with 'selenium_browser' strategy...
2026-08-05 08:45:58,440 - INFO - [Economic Times] Success with 'requests_browser'. Found content (550 words).
2026-08-05 08:46:01,304 - INFO - [Wired] Page content loaded.
2026-08-05 08:46:01,304 - ERROR - Error saving article BJP accuses Kejriwal of sending voters hoax calls to mislead - The Economic Times: Hrana: `stream error: `Error { message: "SQLite error: UNIQUE constraint failed: articles.url", code: "SQLITE_CONSTRAINT" }``
2026-08-05 08:46:01,570 - INFO - [Wired] Success with 'selenium_browser'. Found content (794 words).
2026-08-05 08:46:02,996 - INFO - [Economic Times] Article: https://economictimes.indiatimes.com/news/elections/lok-sabha/india/lok-sabha-election-2024-maharashtra-get-interesting-after-splits-in-shiv-sena-ncp/articleshow/108559788.cms
2026-08-05 08:46:03,430 - INFO - [Economic Times] Attempt 1/2: Trying with 'requests_browser' strategy...
2026-08-05 08:46:04,346 - ERROR - Error saving article Expedia Coupons: 40% Off | WIRED: Hrana: `stream error: `Error { message: "SQLite error: UNIQUE constraint failed: articles.url", code: "SQLITE_CONSTRAINT" }``
2026-08-05 08:46:04,369 - INFO - [Economic Times] Success with 'requests_browser'. Found content (1442 words).
2026-08-05 08:46:05,802 - INFO - [Wired] Article: https://www.wired.com/story/sephora-promo-code/
2026-08-05 08:46:05,802 - INFO - [Wired] Attempt 1/2: Trying with 'requests_browser' strategy...
2026-08-05 08:46:07,139 - ERROR - Error saving article Lok Sabha election 2024: Maharashtra get interesting after splits in Shiv Sena, NCP - The Economic Times: Hrana: `stream error: `Error { message: "SQLite error: UNIQUE constraint failed: articles.url", code: "SQLITE_CONSTRAINT" }``
2026-08-05 08:46:07,151 - ERROR - parsed tree length: 1, wrong data type or not valid HTML
2026-08-05 08:46:07,151 - ERROR - empty HTML tree: None
2026-08-05 08:46:07,151 - WARNING - discarding data: None
2026-08-05 08:46:07,151 - WARNING - [Wired] FAILED with 'requests_browser' (content was too short: 0 words).
2026-08-05 08:46:08,056 - INFO - [Economic Times] Article: https://economictimes.indiatimes.com/news/elections/lok-sabha/india/modi-charisma-key-factor-in-bjps-bid-to-retain-all-26-seats-in-gujarat/articleshow/108550858.cms
2026-08-05 08:46:08,056 - INFO - [Economic Times] Attempt 1/2: Trying with 'requests_browser' strategy...
2026-08-05 08:46:08,146 - INFO - [Wired] Article: https://www.wired.com/story/sephora-promo-code/
2026-08-05 08:46:08,146 - INFO - [Wired] Attempt 2/2: Trying with 'selenium_browser' strategy...
2026-08-05 08:46:08,349 - INFO - [Economic Times] Success with 'requests_browser'. Found content (838 words).
2026-08-05 08:46:11,112 - ERROR - Error saving article Modi charisma key factor in BJP's bid to retain all 26 seats in Gujarat - The Economic Times: Hrana: `stream error: `Error { message: "SQLite error: UNIQUE constraint failed: articles.url", code: "SQLITE_CONSTRAINT" }``
2026-08-05 08:46:11,114 - WARNING - [The Hindu] Page get timed out (7s). Proceeding to grab partial source anyway.
2026-08-05 08:46:11,119 - INFO - [Wired] Page content loaded.
2026-08-05 08:46:11,472 - INFO - [Wired] Success with 'selenium_browser'. Found content (789 words).
2026-08-05 08:46:12,935 - INFO - [Economic Times] Article: https://economictimes.indiatimes.com/news/elections/lok-sabha/india/implementation-of-guarantees-decline-of-brs-favour-congress-in-telangana-bjp-aiming-for-better-show/articleshow/108548569.cms
2026-08-05 08:46:13,374 - INFO - [Economic Times] Attempt 1/2: Trying with 'requests_browser' strategy...
2026-08-05 08:46:14,253 - ERROR - Error saving article 20% Off Sephora Promo Code | August 2026 | WIRED: Hrana: `stream error: `Error { message: "SQLite error: UNIQUE constraint failed: articles.url", code: "SQLITE_CONSTRAINT" }``
2026-08-05 08:46:14,278 - INFO - [Economic Times] Success with 'requests_browser'. Found content (1272 words).
2026-08-05 08:46:15,704 - INFO - [Wired] Article: https://www.wired.com/story/loop-earplugs-discount-code/
2026-08-05 08:46:16,141 - INFO - [Wired] Attempt 1/2: Trying with 'requests_browser' strategy...
2026-08-05 08:46:17,020 - ERROR - Error saving article Implementation of 'guarantees', decline of BRS favour Congress in Telangana, BJP aiming for better show - The Economic Times: Hrana: `stream error: `Error { message: "SQLite error: UNIQUE constraint failed: articles.url", code: "SQLITE_CONSTRAINT" }``
2026-08-05 08:46:17,032 - ERROR - parsed tree length: 1, wrong data type or not valid HTML
2026-08-05 08:46:17,032 - ERROR - empty HTML tree: None
2026-08-05 08:46:17,032 - WARNING - discarding data: None
2026-08-05 08:46:17,032 - WARNING - [Wired] FAILED with 'requests_browser' (content was too short: 0 words).
2026-08-05 08:46:17,666 - INFO - [Economic Times] Article: https://economictimes.indiatimes.com/traders-bet-on-calendar-spread-as-nifty-moves-in-a-tight-range/articleshow/6302358.cms
2026-08-05 08:46:17,666 - INFO - [Economic Times] Attempt 1/2: Trying with 'requests_browser' strategy...
2026-08-05 08:46:17,916 - ERROR - parsed tree length: 1, wrong data type or not valid HTML
2026-08-05 08:46:17,917 - ERROR - empty HTML tree: None
2026-08-05 08:46:17,917 - WARNING - discarding data: None
2026-08-05 08:46:17,917 - WARNING - [Economic Times] FAILED with 'requests_browser' (content was too short: 0 words).
2026-08-05 08:46:17,976 - INFO - [Wired] Article: https://www.wired.com/story/loop-earplugs-discount-code/
2026-08-05 08:46:17,976 - INFO - [Wired] Attempt 2/2: Trying with 'selenium_browser' strategy...
2026-08-05 08:46:18,124 - WARNING - [The Hindu] Page explicit wait timed out (3s). Proceeding anyway.
2026-08-05 08:46:18,519 - INFO - [Economic Times] Article: https://economictimes.indiatimes.com/traders-bet-on-calendar-spread-as-nifty-moves-in-a-tight-range/articleshow/6302358.cms
2026-08-05 08:46:18,519 - INFO - [Economic Times] Attempt 2/2: Trying with 'selenium_browser' strategy...
2026-08-05 08:46:19,416 - INFO - [Wired] Page content loaded.
2026-08-05 08:46:19,722 - INFO - [Economic Times] Page content loaded.
2026-08-05 08:46:19,959 - INFO - [Wired] Success with 'selenium_browser'. Found content (1224 words).
2026-08-05 08:46:20,161 - INFO - [Economic Times] Success with 'selenium_browser'. Found content (411 words).
2026-08-05 08:46:23,061 - ERROR - Error saving article Loop Earplugs Discount Codes: 40% Off | WIRED: Hrana: `stream error: `Error { message: "SQLite error: UNIQUE constraint failed: articles.url", code: "SQLITE_CONSTRAINT" }``
2026-08-05 08:46:24,483 - INFO - [Wired] Article: https://www.wired.com/story/lovehoney-discount-code/
2026-08-05 08:46:24,924 - INFO - [Wired] Attempt 1/2: Trying with 'requests_browser' strategy...
2026-08-05 08:46:25,816 - ERROR - Error saving article Traders bet on calendar spread as Nifty moves in a tight range - The Economic Times: Hrana: `stream error: `Error { message: "SQLite error: UNIQUE constraint failed: articles.url", code: "SQLITE_CONSTRAINT" }``
2026-08-05 08:46:25,820 - ERROR - [The Hindu] Request failed for strategy 'selenium_browser' on URL https://www.thehindu.com/news/national/neet-ug-protests-listen-and-reason-with-gen-z-do-not-repress-them-supreme-court-advices/article71308519.ece: Message: timeout: Timed out receiving message from renderer: 7.000
  (Session info: chrome=151.0.7922.76)
Stacktrace:
#0 0x56081eca675a <unknown>
#1 0x56081e619fc9 <unknown>
#2 0x56081e601a2f <unknown>
#3 0x56081e6016a6 <unknown>
#4 0x56081e5ff288 <unknown>
#5 0x56081e5ffc0f <unknown>
#6 0x56081e60ed70 <unknown>
#7 0x56081e628d37 <unknown>
#8 0x56081e63070b <unknown>
#9 0x56081e600369 <unknown>
#10 0x56081e628a92 <unknown>
#11 0x56081e6b8066 <unknown>
#12 0x56081e662d32 <unknown>
#13 0x56081e663bb1 <unknown>
#14 0x56081ec6bae0 <unknown>
#15 0x56081ec6a15a <unknown>
#16 0x56081ec54b85 <unknown>
#17 0x56081ec6ae1a <unknown>
#18 0x56081ec3ca80 <unknown>
#19 0x56081ec92138 <unknown>
#20 0x56081ec922d5 <unknown>
#21 0x56081eca530e <unknown>
#22 0x7fbc3fc9caa4 <unknown>
#23 0x7fbc3fd29c6c <unknown>

2026-08-05 08:46:25,820 - ERROR - [The Hindu] All scrape strategies failed for https://www.thehindu.com/news/national/neet-ug-protests-listen-and-reason-with-gen-z-do-not-repress-them-supreme-court-advices/article71308519.ece. Falling back to RSS description.
2026-08-05 08:46:25,820 - WARNING - SKIPPED (GLOBAL WORD LIMIT): Article 'NEET-UG protests: Listen to Gen Zs, don’t repress them, Supreme Court advices' from The Hindu has only 34 words (Min: 90).
2026-08-05 08:46:25,952 - ERROR - parsed tree length: 1, wrong data type or not valid HTML
2026-08-05 08:46:25,952 - ERROR - empty HTML tree: None
2026-08-05 08:46:25,952 - WARNING - discarding data: None
2026-08-05 08:46:25,952 - WARNING - [Wired] FAILED with 'requests_browser' (content was too short: 0 words).
2026-08-05 08:46:26,672 - INFO - [Economic Times] Article: https://economictimes.indiatimes.com/nifty-may-find-support-at-5300-level/articleshow/6296017.cms
2026-08-05 08:46:26,672 - INFO - [Economic Times] Attempt 1/2: Trying with 'requests_browser' strategy...
2026-08-05 08:46:26,841 - INFO - [Wired] Article: https://www.wired.com/story/lovehoney-discount-code/
2026-08-05 08:46:26,841 - INFO - [Wired] Attempt 2/2: Trying with 'selenium_browser' strategy...
2026-08-05 08:46:26,916 - INFO - [The Hindu] Article: https://www.thehindu.com/news/national/cjp-meeting-updates-abhijeet-dipke-jharkhand-protests-pressure-group/article71308582.ece
2026-08-05 08:46:26,916 - INFO - [The Hindu] Attempt 1/1: Trying with 'selenium_browser' strategy...
2026-08-05 08:46:26,991 - ERROR - parsed tree length: 1, wrong data type or not valid HTML
2026-08-05 08:46:26,991 - ERROR - empty HTML tree: None
2026-08-05 08:46:26,991 - WARNING - discarding data: None
2026-08-05 08:46:26,991 - WARNING - [Economic Times] FAILED with 'requests_browser' (content was too short: 0 words).
2026-08-05 08:46:27,611 - INFO - [Economic Times] Article: https://economictimes.indiatimes.com/nifty-may-find-support-at-5300-level/articleshow/6296017.cms
2026-08-05 08:46:27,611 - INFO - [Economic Times] Attempt 2/2: Trying with 'selenium_browser' strategy...
2026-08-05 08:46:28,213 - INFO - [Wired] Page content loaded.
2026-08-05 08:46:28,834 - INFO - [Wired] Success with 'selenium_browser'. Found content (880 words).
2026-08-05 08:46:32,072 - ERROR - Error saving article Lovehoney Coupon Offers: Toys, Lingerie, and Gift Set Discounts | WIRED: Hrana: `stream error: `Error { message: "SQLite error: UNIQUE constraint failed: articles.url", code: "SQLITE_CONSTRAINT" }``
2026-08-05 08:46:32,073 - INFO - [Economic Times] Page content loaded.
2026-08-05 08:46:32,218 - INFO - [Economic Times] Success with 'selenium_browser'. Found content (773 words).
2026-08-05 08:46:33,736 - INFO - [Wired] Article: https://www.wired.com/story/wayfair-promo-code/
2026-08-05 08:46:34,171 - INFO - [Wired] Attempt 1/2: Trying with 'requests_browser' strategy...
2026-08-05 08:46:35,069 - ERROR - Error saving article Nifty may find support at 5300 level - The Economic Times: Hrana: `stream error: `Error { message: "SQLite error: UNIQUE constraint failed: articles.url", code: "SQLITE_CONSTRAINT" }``
2026-08-05 08:46:35,075 - ERROR - parsed tree length: 1, wrong data type or not valid HTML
2026-08-05 08:46:35,075 - ERROR - empty HTML tree: None
2026-08-05 08:46:35,075 - WARNING - discarding data: None
2026-08-05 08:46:35,075 - WARNING - [Wired] FAILED with 'requests_browser' (content was too short: 0 words).
2026-08-05 08:46:35,653 - INFO - [Economic Times] Article: https://economictimes.indiatimes.com/seven-out-of-top-10-asian-small-cap-funds-are-indian/articleshow/6295976.cms
2026-08-05 08:46:35,654 - INFO - [Economic Times] Attempt 1/2: Trying with 'requests_browser' strategy...
2026-08-05 08:46:35,784 - INFO - [Wired] Article: https://www.wired.com/story/wayfair-promo-code/
2026-08-05 08:46:35,784 - INFO - [Wired] Attempt 2/2: Trying with 'selenium_browser' strategy...
2026-08-05 08:46:35,896 - ERROR - parsed tree length: 1, wrong data type or not valid HTML
2026-08-05 08:46:35,896 - ERROR - empty HTML tree: None
2026-08-05 08:46:35,896 - WARNING - discarding data: None
2026-08-05 08:46:35,896 - WARNING - [Economic Times] FAILED with 'requests_browser' (content was too short: 0 words).
2026-08-05 08:46:36,811 - INFO - [Economic Times] Article: https://economictimes.indiatimes.com/seven-out-of-top-10-asian-small-cap-funds-are-indian/articleshow/6295976.cms
2026-08-05 08:46:36,811 - INFO - [Economic Times] Attempt 2/2: Trying with 'selenium_browser' strategy...
2026-08-05 08:46:37,410 - INFO - [Wired] Page content loaded.
2026-08-05 08:46:37,793 - INFO - [Wired] Success with 'selenium_browser'. Found content (840 words).
2026-08-05 08:46:37,983 - INFO - [Economic Times] Page content loaded.
2026-08-05 08:46:40,629 - ERROR - Error saving article Wayfair Coupons: Up to 80% Off August 2026 | WIRED: Hrana: `stream error: `Error { message: "SQLite error: UNIQUE constraint failed: articles.url", code: "SQLITE_CONSTRAINT" }``
2026-08-05 08:46:40,680 - INFO - [Economic Times] Success with 'selenium_browser'. Found content (607 words).
2026-08-05 08:46:42,209 - WARNING - [The Hindu] Page get timed out (7s). Proceeding to grab partial source anyway.
2026-08-05 08:46:42,210 - INFO - [Wired] Article: https://www.wired.com/story/we-vibe-discount-code/
2026-08-05 08:46:42,211 - INFO - [Wired] Attempt 1/2: Trying with 'requests_browser' strategy...
2026-08-05 08:46:43,567 - ERROR - Error saving article Seven out of top 10 Asian small-cap funds are Indian - The Economic Times: Hrana: `stream error: `Error { message: "SQLite error: UNIQUE constraint failed: articles.url", code: "SQLITE_CONSTRAINT" }``
2026-08-05 08:46:43,571 - ERROR - parsed tree length: 1, wrong data type or not valid HTML
2026-08-05 08:46:43,571 - ERROR - empty HTML tree: None
2026-08-05 08:46:43,571 - WARNING - discarding data: None
2026-08-05 08:46:43,571 - WARNING - [Wired] FAILED with 'requests_browser' (content was too short: 0 words).
2026-08-05 08:46:44,121 - INFO - [Economic Times] Article: https://economictimes.indiatimes.com/inflation-reflects-growth-dynamics-in-india-christopher-wood/articleshow/6274053.cms
2026-08-05 08:46:44,121 - INFO - [Economic Times] Attempt 1/2: Trying with 'requests_browser' strategy...
2026-08-05 08:46:44,383 - ERROR - parsed tree length: 1, wrong data type or not valid HTML
2026-08-05 08:46:44,383 - ERROR - empty HTML tree: None
2026-08-05 08:46:44,383 - WARNING - discarding data: None
2026-08-05 08:46:44,383 - WARNING - [Economic Times] FAILED with 'requests_browser' (content was too short: 0 words).
2026-08-05 08:46:44,395 - INFO - [Wired] Article: https://www.wired.com/story/we-vibe-discount-code/
2026-08-05 08:46:44,395 - INFO - [Wired] Attempt 2/2: Trying with 'selenium_browser' strategy...
2026-08-05 08:46:45,117 - INFO - [Economic Times] Article: https://economictimes.indiatimes.com/inflation-reflects-growth-dynamics-in-india-christopher-wood/articleshow/6274053.cms
2026-08-05 08:46:45,117 - INFO - [Economic Times] Attempt 2/2: Trying with 'selenium_browser' strategy...
2026-08-05 08:46:45,940 - INFO - [Wired] Page content loaded.
2026-08-05 08:46:46,419 - INFO - [Wired] Success with 'selenium_browser'. Found content (852 words).
2026-08-05 08:46:49,363 - WARNING - [The Hindu] Page explicit wait timed out (3s). Proceeding anyway.
2026-08-05 08:46:49,363 - ERROR - Error saving article We-Vibe Discount Codes and Deals: Up to 60% Off | WIRED: Hrana: `stream error: `Error { message: "SQLite error: UNIQUE constraint failed: articles.url", code: "SQLITE_CONSTRAINT" }``
2026-08-05 08:46:49,376 - INFO - [Economic Times] Page content loaded.
2026-08-05 08:46:49,592 - INFO - [Economic Times] Success with 'selenium_browser'. Found content (4520 words).
2026-08-05 08:46:51,260 - INFO - [Wired] Article: https://www.wired.com/story/best-buy-discount-code/
2026-08-05 08:46:51,701 - INFO - [Wired] Attempt 1/2: Trying with 'requests_browser' strategy...
2026-08-05 08:46:52,589 - ERROR - Error saving article Inflation reflects growth dynamics in India: Christopher Wood - The Economic Times: Hrana: `stream error: `Error { message: "SQLite error: UNIQUE constraint failed: articles.url", code: "SQLITE_CONSTRAINT" }``
2026-08-05 08:46:52,607 - ERROR - parsed tree length: 1, wrong data type or not valid HTML
2026-08-05 08:46:52,608 - ERROR - empty HTML tree: None
2026-08-05 08:46:52,608 - WARNING - discarding data: None
2026-08-05 08:46:52,608 - WARNING - [Wired] FAILED with 'requests_browser' (content was too short: 0 words).
2026-08-05 08:46:53,513 - INFO - [Wired] Article: https://www.wired.com/story/best-buy-discount-code/
2026-08-05 08:46:53,513 - INFO - [Wired] Attempt 2/2: Trying with 'selenium_browser' strategy...
2026-08-05 08:46:53,824 - INFO - [Economic Times] Article: https://economictimes.indiatimes.com/market-may-trade-in-a-range-but-fiis-seen-sold-on-india/articleshow/6277705.cms
2026-08-05 08:46:53,824 - INFO - [Economic Times] Attempt 1/2: Trying with 'requests_browser' strategy...
2026-08-05 08:46:54,082 - ERROR - parsed tree length: 1, wrong data type or not valid HTML
2026-08-05 08:46:54,082 - ERROR - empty HTML tree: None
2026-08-05 08:46:54,082 - WARNING - discarding data: None
2026-08-05 08:46:54,082 - WARNING - [Economic Times] FAILED with 'requests_browser' (content was too short: 0 words).
2026-08-05 08:46:54,714 - INFO - [Wired] Page content loaded.
2026-08-05 08:46:54,984 - INFO - [Economic Times] Article: https://economictimes.indiatimes.com/market-may-trade-in-a-range-but-fiis-seen-sold-on-india/articleshow/6277705.cms
2026-08-05 08:46:54,984 - INFO - [Economic Times] Attempt 2/2: Trying with 'selenium_browser' strategy...
2026-08-05 08:46:55,086 - INFO - [Wired] Success with 'selenium_browser'. Found content (823 words).
2026-08-05 08:46:57,041 - ERROR - [The Hindu] Request failed for strategy 'selenium_browser' on URL https://www.thehindu.com/news/national/cjp-meeting-updates-abhijeet-dipke-jharkhand-protests-pressure-group/article71308582.ece: Message: timeout: Timed out receiving message from renderer: 7.000
  (Session info: chrome=151.0.7922.76)
Stacktrace:
#0 0x56081eca675a <unknown>
#1 0x56081e619fc9 <unknown>
#2 0x56081e601a2f <unknown>
#3 0x56081e6016a6 <unknown>
#4 0x56081e5ff288 <unknown>
#5 0x56081e5ffc0f <unknown>
#6 0x56081e60ed70 <unknown>
#7 0x56081e628d37 <unknown>
#8 0x56081e63070b <unknown>
#9 0x56081e600369 <unknown>
#10 0x56081e628a92 <unknown>
#11 0x56081e6b8066 <unknown>
#12 0x56081e662d32 <unknown>
#13 0x56081e663bb1 <unknown>
#14 0x56081ec6bae0 <unknown>
#15 0x56081ec6a15a <unknown>
#16 0x56081ec54b85 <unknown>
#17 0x56081ec6ae1a <unknown>
#18 0x56081ec3ca80 <unknown>
#19 0x56081ec92138 <unknown>
#20 0x56081ec922d5 <unknown>
#21 0x56081eca530e <unknown>
#22 0x7fbc3fc9caa4 <unknown>
#23 0x7fbc3fd29c6c <unknown>

2026-08-05 08:46:57,920 - ERROR - Error saving article Best Buy Discount Codes: Up to 60% Off | WIRED: Hrana: `stream error: `Error { message: "SQLite error: UNIQUE constraint failed: articles.url", code: "SQLITE_CONSTRAINT" }``
2026-08-05 08:46:57,920 - ERROR - [The Hindu] All scrape strategies failed for https://www.thehindu.com/news/national/cjp-meeting-updates-abhijeet-dipke-jharkhand-protests-pressure-group/article71308582.ece. Falling back to RSS description.
2026-08-05 08:46:57,920 - WARNING - SKIPPED (GLOBAL WORD LIMIT): Article 'CJP will go to Jharkhand to back students protesting against JPSC, JSSC exam ‘irregularities': Dipke' from The Hindu has only 24 words (Min: 90).
2026-08-05 08:46:58,579 - INFO - [Economic Times] Page content loaded.
2026-08-05 08:46:58,664 - INFO - [The Hindu] Article: https://www.thehindu.com/news/national/maharashtra/as-ganeshotsav-nears-the-pop-idol-battle-drags-on-in-bombay-hc/article71305974.ece
2026-08-05 08:46:58,664 - INFO - [The Hindu] Attempt 1/1: Trying with 'selenium_browser' strategy...
2026-08-05 08:46:58,674 - INFO - [Economic Times] Success with 'selenium_browser'. Found content (809 words).
2026-08-05 08:47:00,166 - INFO - [Wired] Article: https://www.wired.com/story/lenovo-coupon-code/
2026-08-05 08:47:00,600 - INFO - [Wired] Attempt 1/2: Trying with 'requests_browser' strategy...
2026-08-05 08:47:01,509 - ERROR - Error saving article Market may trade in a range, but FIIs seen sold on India - The Economic Times: Hrana: `stream error: `Error { message: "SQLite error: UNIQUE constraint failed: articles.url", code: "SQLITE_CONSTRAINT" }``
2026-08-05 08:47:01,524 - ERROR - parsed tree length: 1, wrong data type or not valid HTML
2026-08-05 08:47:01,524 - ERROR - empty HTML tree: None
2026-08-05 08:47:01,524 - WARNING - discarding data: None
2026-08-05 08:47:01,524 - WARNING - [Wired] FAILED with 'requests_browser' (content was too short: 0 words).
2026-08-05 08:47:02,299 - INFO - [Wired] Article: https://www.wired.com/story/lenovo-coupon-code/
2026-08-05 08:47:02,299 - INFO - [Wired] Attempt 2/2: Trying with 'selenium_browser' strategy...
2026-08-05 08:47:02,384 - INFO - [Economic Times] Article: https://economictimes.indiatimes.com/dont-bank-only-on-price-to-earning-ratio/articleshow/6278228.cms
2026-08-05 08:47:02,384 - INFO - [Economic Times] Attempt 1/2: Trying with 'requests_browser' strategy...
2026-08-05 08:47:02,635 - ERROR - parsed tree length: 1, wrong data type or not valid HTML
2026-08-05 08:47:02,635 - ERROR - empty HTML tree: None
2026-08-05 08:47:02,635 - WARNING - discarding data: None
2026-08-05 08:47:02,635 - WARNING - [Economic Times] FAILED with 'requests_browser' (content was too short: 0 words).
2026-08-05 08:47:03,334 - INFO - [Economic Times] Article: https://economictimes.indiatimes.com/dont-bank-only-on-price-to-earning-ratio/articleshow/6278228.cms
2026-08-05 08:47:03,334 - INFO - [Economic Times] Attempt 2/2: Trying with 'selenium_browser' strategy...
2026-08-05 08:47:04,702 - INFO - [Wired] Page content loaded.
2026-08-05 08:47:05,425 - INFO - [Wired] Success with 'selenium_browser'. Found content (1096 words).
2026-08-05 08:47:08,211 - INFO - [Economic Times] Page content loaded.
2026-08-05 08:47:08,211 - ERROR - Error saving article Lenovo Coupon Codes and Deals in August 2026 | WIRED: Hrana: `stream error: `Error { message: "SQLite error: UNIQUE constraint failed: articles.url", code: "SQLITE_CONSTRAINT" }``
2026-08-05 08:47:08,690 - INFO - [Economic Times] Success with 'selenium_browser'. Found content (447 words).
2026-08-05 08:47:10,310 - INFO - [Wired] Article: https://www.wired.com/story/nomad-discount-code/
2026-08-05 08:47:10,752 - INFO - [Wired] Attempt 1/2: Trying with 'requests_browser' strategy...
2026-08-05 08:47:11,682 - ERROR - Error saving article 'Don't bank only on price-to-earning ratio' - The Economic Times: Hrana: `stream error: `Error { message: "SQLite error: UNIQUE constraint failed: articles.url", code: "SQLITE_CONSTRAINT" }``
2026-08-05 08:47:11,699 - ERROR - parsed tree length: 1, wrong data type or not valid HTML
2026-08-05 08:47:11,699 - ERROR - empty HTML tree: None
2026-08-05 08:47:11,699 - WARNING - discarding data: None
2026-08-05 08:47:11,699 - WARNING - [Wired] FAILED with 'requests_browser' (content was too short: 0 words).
2026-08-05 08:47:12,291 - INFO - [Economic Times] Article: https://economictimes.indiatimes.com/markets/stocks/recos/prabhudas-lilladher-has-a-reduce-rating-on-infosys/articleshow/3798718.cms
2026-08-05 08:47:12,291 - INFO - [Economic Times] Attempt 1/2: Trying with 'requests_browser' strategy...
2026-08-05 08:47:12,366 - INFO - [Wired] Article: https://www.wired.com/story/nomad-discount-code/
2026-08-05 08:47:12,366 - INFO - [Wired] Attempt 2/2: Trying with 'selenium_browser' strategy...
2026-08-05 08:47:12,547 - ERROR - parsed tree length: 1, wrong data type or not valid HTML
2026-08-05 08:47:12,547 - ERROR - empty HTML tree: None
2026-08-05 08:47:12,547 - WARNING - discarding data: None
2026-08-05 08:47:12,547 - WARNING - [Economic Times] FAILED with 'requests_browser' (content was too short: 0 words).
2026-08-05 08:47:13,396 - INFO - [Economic Times] Article: https://economictimes.indiatimes.com/markets/stocks/recos/prabhudas-lilladher-has-a-reduce-rating-on-infosys/articleshow/3798718.cms
2026-08-05 08:47:13,396 - INFO - [Economic Times] Attempt 2/2: Trying with 'selenium_browser' strategy...
2026-08-05 08:47:13,749 - INFO - [Wired] Page content loaded.
2026-08-05 08:47:14,216 - INFO - [Wired] Success with 'selenium_browser'. Found content (968 words).
2026-08-05 08:47:14,347 - WARNING - [The Hindu] Page get timed out (7s). Proceeding to grab partial source anyway.
2026-08-05 08:47:17,159 - ERROR - Error saving article Nomad Goods Promo Codes: Get 25% Off in August 2026 | WIRED: Hrana: `stream error: `Error { message: "SQLite error: UNIQUE constraint failed: articles.url", code: "SQLITE_CONSTRAINT" }``
2026-08-05 08:47:17,183 - INFO - [Economic Times] Page content loaded.
2026-08-05 08:47:17,303 - INFO - [Economic Times] Success with 'selenium_browser'. Found content (438 words).
2026-08-05 08:47:18,763 - INFO - [Wired] Article: https://www.wired.com/story/maytag-promo-code/
2026-08-05 08:47:19,204 - INFO - [Wired] Attempt 1/2: Trying with 'requests_browser' strategy...
2026-08-05 08:47:20,092 - ERROR - Error saving article Prabhudas Lilladher has a ‘reduce’ rating on Infosys - The Economic Times: Hrana: `stream error: `Error { message: "SQLite error: UNIQUE constraint failed: articles.url", code: "SQLITE_CONSTRAINT" }``
2026-08-05 08:47:20,258 - ERROR - parsed tree length: 1, wrong data type or not valid HTML
2026-08-05 08:47:20,259 - ERROR - empty HTML tree: None
2026-08-05 08:47:20,259 - WARNING - discarding data: None
2026-08-05 08:47:20,259 - WARNING - [Wired] FAILED with 'requests_browser' (content was too short: 0 words).
2026-08-05 08:47:21,113 - INFO - [Wired] Article: https://www.wired.com/story/maytag-promo-code/
2026-08-05 08:47:21,113 - INFO - [Wired] Attempt 2/2: Trying with 'selenium_browser' strategy...
2026-08-05 08:47:21,310 - INFO - [Economic Times] Article: https://economictimes.indiatimes.com/markets/stocks/recos/fin-crisis-too-late-and-too-little-done-in-us/articleshow/3794549.cms
2026-08-05 08:47:21,311 - INFO - [Economic Times] Attempt 1/2: Trying with 'requests_browser' strategy...
2026-08-05 08:47:21,356 - WARNING - [The Hindu] Page explicit wait timed out (3s). Proceeding anyway.
2026-08-05 08:47:21,556 - ERROR - parsed tree length: 1, wrong data type or not valid HTML
2026-08-05 08:47:21,557 - ERROR - empty HTML tree: None
2026-08-05 08:47:21,557 - WARNING - discarding data: None
2026-08-05 08:47:21,557 - WARNING - [Economic Times] FAILED with 'requests_browser' (content was too short: 0 words).
2026-08-05 08:47:22,207 - INFO - [Wired] Page content loaded.
2026-08-05 08:47:22,240 - INFO - [Economic Times] Article: https://economictimes.indiatimes.com/markets/stocks/recos/fin-crisis-too-late-and-too-little-done-in-us/articleshow/3794549.cms
2026-08-05 08:47:22,240 - INFO - [Economic Times] Attempt 2/2: Trying with 'selenium_browser' strategy...
2026-08-05 08:47:22,723 - INFO - [Wired] Success with 'selenium_browser'. Found content (597 words).
2026-08-05 08:47:25,475 - INFO - [Economic Times] Page content loaded.
2026-08-05 08:47:25,476 - ERROR - Error saving article Maytag Promo Codes: 15% Off Appliances | WIRED: Hrana: `stream error: `Error { message: "SQLite error: UNIQUE constraint failed: articles.url", code: "SQLITE_CONSTRAINT" }``
2026-08-05 08:47:25,845 - INFO - [Economic Times] Success with 'selenium_browser'. Found content (868 words).
2026-08-05 08:47:27,597 - INFO - [Wired] Article: https://www.wired.com/story/starz-promo-code/
2026-08-05 08:47:28,040 - INFO - [Wired] Attempt 1/2: Trying with 'requests_browser' strategy...
2026-08-05 08:47:28,927 - ERROR - Error saving article Fin Crisis: Too late and too little done in US - The Economic Times: Hrana: `stream error: `Error { message: "SQLite error: UNIQUE constraint failed: articles.url", code: "SQLITE_CONSTRAINT" }``
2026-08-05 08:47:28,928 - ERROR - [The Hindu] Request failed for strategy 'selenium_browser' on URL https://www.thehindu.com/news/national/maharashtra/as-ganeshotsav-nears-the-pop-idol-battle-drags-on-in-bombay-hc/article71305974.ece: Message: timeout: Timed out receiving message from renderer: 7.000
  (Session info: chrome=151.0.7922.76)
Stacktrace:
#0 0x56081eca675a <unknown>
#1 0x56081e619fc9 <unknown>
#2 0x56081e601a2f <unknown>
#3 0x56081e6016a6 <unknown>
#4 0x56081e5ff288 <unknown>
#5 0x56081e5ffc0f <unknown>
#6 0x56081e60ed70 <unknown>
#7 0x56081e628d37 <unknown>
#8 0x56081e63070b <unknown>
#9 0x56081e600369 <unknown>
#10 0x56081e628a92 <unknown>
#11 0x56081e6b8066 <unknown>
#12 0x56081e662d32 <unknown>
#13 0x56081e663bb1 <unknown>
#14 0x56081ec6bae0 <unknown>
#15 0x56081ec6a15a <unknown>
#16 0x56081ec54b85 <unknown>
#17 0x56081ec6ae1a <unknown>
#18 0x56081ec3ca80 <unknown>
#19 0x56081ec92138 <unknown>
#20 0x56081ec922d5 <unknown>
#21 0x56081eca530e <unknown>
#22 0x7fbc3fc9caa4 <unknown>
#23 0x7fbc3fd29c6c <unknown>

2026-08-05 08:47:28,928 - ERROR - [The Hindu] All scrape strategies failed for https://www.thehindu.com/news/national/maharashtra/as-ganeshotsav-nears-the-pop-idol-battle-drags-on-in-bombay-hc/article71305974.ece. Falling back to RSS description.
2026-08-05 08:47:28,928 - WARNING - SKIPPED (GLOBAL WORD LIMIT): Article 'As Ganeshotsav nears, the PoP idol battle drags on in Bombay HC' from The Hindu has only 38 words (Min: 90).
2026-08-05 08:47:29,040 - ERROR - parsed tree length: 1, wrong data type or not valid HTML
2026-08-05 08:47:29,041 - ERROR - empty HTML tree: None
2026-08-05 08:47:29,041 - WARNING - discarding data: None
2026-08-05 08:47:29,041 - WARNING - [Wired] FAILED with 'requests_browser' (content was too short: 0 words).
2026-08-05 08:47:29,697 - INFO - [Economic Times] Article: https://economictimes.indiatimes.com/markets/forex/weak-rupee-takes-its-toll-on-cos-with-huge-foreign-debt/articleshow/3546158.cms
2026-08-05 08:47:29,697 - INFO - [Economic Times] Attempt 1/2: Trying with 'requests_browser' strategy...
2026-08-05 08:47:29,991 - ERROR - parsed tree length: 1, wrong data type or not valid HTML
2026-08-05 08:47:29,991 - ERROR - empty HTML tree: None
2026-08-05 08:47:29,991 - WARNING - discarding data: None
2026-08-05 08:47:29,991 - WARNING - [Economic Times] FAILED with 'requests_browser' (content was too short: 0 words).
2026-08-05 08:47:30,032 - INFO - [Wired] Article: https://www.wired.com/story/starz-promo-code/
2026-08-05 08:47:30,032 - INFO - [Wired] Attempt 2/2: Trying with 'selenium_browser' strategy...
2026-08-05 08:47:30,101 - INFO - [The Hindu] Article: https://www.thehindu.com/news/national/maharashtra/bombay-high-court-asks-maharashtra-government-to-consider-symbolic-immersion-for-large-ganesha-idols/article71271408.ece
2026-08-05 08:47:30,101 - INFO - [The Hindu] Attempt 1/1: Trying with 'selenium_browser' strategy...
2026-08-05 08:47:30,840 - INFO - [Economic Times] Article: https://economictimes.indiatimes.com/markets/forex/weak-rupee-takes-its-toll-on-cos-with-huge-foreign-debt/articleshow/3546158.cms
2026-08-05 08:47:30,841 - INFO - [Economic Times] Attempt 2/2: Trying with 'selenium_browser' strategy...
2026-08-05 08:47:31,209 - INFO - [Wired] Page content loaded.
2026-08-05 08:47:31,615 - INFO - [Wired] Success with 'selenium_browser'. Found content (553 words).
2026-08-05 08:47:34,444 - ERROR - Error saving article Starz Promo Codes: $5 Off for August 2026 | WIRED: Hrana: `stream error: `Error { message: "SQLite error: UNIQUE constraint failed: articles.url", code: "SQLITE_CONSTRAINT" }``
2026-08-05 08:47:34,467 - INFO - [Economic Times] Page content loaded.
2026-08-05 08:47:34,615 - INFO - [Economic Times] Success with 'selenium_browser'. Found content (482 words).
2026-08-05 08:47:36,129 - INFO - [Wired] Article: https://www.wired.com/story/bartesian-discount-code/
2026-08-05 08:47:36,564 - INFO - [Wired] Attempt 1/2: Trying with 'requests_browser' strategy...
2026-08-05 08:47:37,442 - ERROR - Error saving article Weak rupee takes its toll on cos with huge foreign debt - The Economic Times: Hrana: `stream error: `Error { message: "SQLite error: UNIQUE constraint failed: articles.url", code: "SQLITE_CONSTRAINT" }``
2026-08-05 08:47:37,454 - ERROR - parsed tree length: 1, wrong data type or not valid HTML
2026-08-05 08:47:37,454 - ERROR - empty HTML tree: None
2026-08-05 08:47:37,454 - WARNING - discarding data: None
2026-08-05 08:47:37,454 - WARNING - [Wired] FAILED with 'requests_browser' (content was too short: 0 words).
2026-08-05 08:47:38,157 - INFO - [Economic Times] Article: https://economictimes.indiatimes.com/markets/stocks/recos/wait-for-more-signals-before-turning-positive/articleshow/3292640.cms
2026-08-05 08:47:38,157 - INFO - [Economic Times] Attempt 1/2: Trying with 'requests_browser' strategy...
2026-08-05 08:47:38,205 - INFO - [Wired] Article: https://www.wired.com/story/bartesian-discount-code/
2026-08-05 08:47:38,205 - INFO - [Wired] Attempt 2/2: Trying with 'selenium_browser' strategy...
2026-08-05 08:47:38,506 - ERROR - parsed tree length: 1, wrong data type or not valid HTML
2026-08-05 08:47:38,506 - ERROR - empty HTML tree: None
2026-08-05 08:47:38,506 - WARNING - discarding data: None
2026-08-05 08:47:38,507 - WARNING - [Economic Times] FAILED with 'requests_browser' (content was too short: 0 words).
2026-08-05 08:47:39,048 - INFO - [Economic Times] Article: https://economictimes.indiatimes.com/markets/stocks/recos/wait-for-more-signals-before-turning-positive/articleshow/3292640.cms
2026-08-05 08:47:39,048 - INFO - [Economic Times] Attempt 2/2: Trying with 'selenium_browser' strategy...
2026-08-05 08:47:39,928 - INFO - [Wired] Page content loaded.
2026-08-05 08:47:40,376 - INFO - [Wired] Success with 'selenium_browser'. Found content (708 words).
2026-08-05 08:47:41,957 - INFO - [Economic Times] Page content loaded.
2026-08-05 08:47:43,274 - ERROR - Error saving article Bartesian Discount Codes: 35% Off | WIRED: Hrana: `stream error: `Error { message: "SQLite error: UNIQUE constraint failed: articles.url", code: "SQLITE_CONSTRAINT" }``
2026-08-05 08:47:43,312 - INFO - [Economic Times] Success with 'selenium_browser'. Found content (761 words).
2026-08-05 08:47:44,800 - INFO - [Wired] Article: https://www.wired.com/story/target-promo-code/
2026-08-05 08:47:44,800 - INFO - [Wired] Attempt 1/2: Trying with 'requests_browser' strategy...
2026-08-05 08:47:45,246 - WARNING - [The Hindu] Page get timed out (7s). Proceeding to grab partial source anyway.
2026-08-05 08:47:46,161 - ERROR - Error saving article Wait for more signals before turning positive - The Economic Times: Hrana: `stream error: `Error { message: "SQLite error: UNIQUE constraint failed: articles.url", code: "SQLITE_CONSTRAINT" }``
2026-08-05 08:47:46,169 - ERROR - parsed tree length: 1, wrong data type or not valid HTML
2026-08-05 08:47:46,169 - ERROR - empty HTML tree: None
2026-08-05 08:47:46,169 - WARNING - discarding data: None
2026-08-05 08:47:46,169 - WARNING - [Wired] FAILED with 'requests_browser' (content was too short: 0 words).
2026-08-05 08:47:46,746 - INFO - [Wired] Article: https://www.wired.com/story/target-promo-code/
2026-08-05 08:47:46,746 - INFO - [Wired] Attempt 2/2: Trying with 'selenium_browser' strategy...
2026-08-05 08:47:46,943 - INFO - [Economic Times] Article: https://economictimes.indiatimes.com/news/company/corporate-trends/six-indian-cos-among-businessweeks-top-100-infotech-firms/articleshow/3189334.cms
2026-08-05 08:47:46,943 - INFO - [Economic Times] Attempt 1/2: Trying with 'requests_browser' strategy...
2026-08-05 08:47:47,217 - INFO - [Economic Times] Success with 'requests_browser'. Found content (370 words).
2026-08-05 08:47:49,980 - ERROR - Error saving article Six Indian cos among BusinessWeek's top 100 Infotech firms - The Economic Times: Hrana: `stream error: `Error { message: "SQLite error: UNIQUE constraint failed: articles.url", code: "SQLITE_CONSTRAINT" }``
2026-08-05 08:47:49,981 - INFO - [Wired] Page content loaded.
2026-08-05 08:47:50,324 - INFO - [Wired] Success with 'selenium_browser'. Found content (1201 words).
2026-08-05 08:47:51,777 - INFO - [Economic Times] Article: https://economictimes.indiatimes.com/news/company/corporate-trends/indian-firms-slip-in-global-ranking-four-move-out-of-top-500/articleshow/3177077.cms
2026-08-05 08:47:52,215 - INFO - [Economic Times] Attempt 1/2: Trying with 'requests_browser' strategy...
2026-08-05 08:47:53,097 - WARNING - [The Hindu] Page explicit wait timed out (3s). Proceeding anyway.
2026-08-05 08:47:53,097 - ERROR - Error saving article Target Promo Code: $50 Off | August 2026 | WIRED: Hrana: `stream error: `Error { message: "SQLite error: UNIQUE constraint failed: articles.url", code: "SQLITE_CONSTRAINT" }``
2026-08-05 08:47:53,121 - INFO - [Economic Times] Success with 'requests_browser'. Found content (1044 words).
2026-08-05 08:47:54,618 - INFO - [Wired] Article: https://www.wired.com/story/litter-robot-promo-code/
2026-08-05 08:47:55,057 - INFO - [Wired] Attempt 1/2: Trying with 'requests_browser' strategy...
2026-08-05 08:47:55,932 - ERROR - Error saving article Indian firms slip in global ranking; four move out of Top-500 - The Economic Times: Hrana: `stream error: `Error { message: "SQLite error: UNIQUE constraint failed: articles.url", code: "SQLITE_CONSTRAINT" }``
2026-08-05 08:47:55,944 - ERROR - parsed tree length: 1, wrong data type or not valid HTML
2026-08-05 08:47:55,944 - ERROR - empty HTML tree: None
2026-08-05 08:47:55,944 - WARNING - discarding data: None
2026-08-05 08:47:55,944 - WARNING - [Wired] FAILED with 'requests_browser' (content was too short: 0 words).
2026-08-05 08:47:56,742 - INFO - [Wired] Article: https://www.wired.com/story/litter-robot-promo-code/
2026-08-05 08:47:56,743 - INFO - [Wired] Attempt 2/2: Trying with 'selenium_browser' strategy...
2026-08-05 08:47:56,811 - INFO - [Economic Times] Article: https://economictimes.indiatimes.com/markets/stocks/news/big-daddy-laps-up-cipla-after-q1-nos-beat-forecast/articleshow/6308646.cms
2026-08-05 08:47:56,811 - INFO - [Economic Times] Attempt 1/2: Trying with 'requests_browser' strategy...
2026-08-05 08:47:57,068 - ERROR - parsed tree length: 1, wrong data type or not valid HTML
2026-08-05 08:47:57,068 - ERROR - empty HTML tree: None
2026-08-05 08:47:57,068 - WARNING - discarding data: None
2026-08-05 08:47:57,068 - WARNING - [Economic Times] FAILED with 'requests_browser' (content was too short: 0 words).
2026-08-05 08:47:57,998 - INFO - [Wired] Page content loaded.
2026-08-05 08:47:58,032 - INFO - [Economic Times] Article: https://economictimes.indiatimes.com/markets/stocks/news/big-daddy-laps-up-cipla-after-q1-nos-beat-forecast/articleshow/6308646.cms
2026-08-05 08:47:58,032 - INFO - [Economic Times] Attempt 2/2: Trying with 'selenium_browser' strategy...
2026-08-05 08:47:58,661 - INFO - [Wired] Success with 'selenium_browser'. Found content (778 words).
2026-08-05 08:48:00,157 - ERROR - [The Hindu] Request failed for strategy 'selenium_browser' on URL https://www.thehindu.com/news/national/maharashtra/bombay-high-court-asks-maharashtra-government-to-consider-symbolic-immersion-for-large-ganesha-idols/article71271408.ece: Message: timeout: Timed out receiving message from renderer: 7.000
  (Session info: chrome=151.0.7922.76)
Stacktrace:
#0 0x56081eca675a <unknown>
#1 0x56081e619fc9 <unknown>
#2 0x56081e601a2f <unknown>
#3 0x56081e6016a6 <unknown>
#4 0x56081e5ff288 <unknown>
#5 0x56081e5ffc0f <unknown>
#6 0x56081e60ed70 <unknown>
#7 0x56081e628d37 <unknown>
#8 0x56081e63070b <unknown>
#9 0x56081e600369 <unknown>
#10 0x56081e628a92 <unknown>
#11 0x56081e6b8066 <unknown>
#12 0x56081e662d32 <unknown>
#13 0x56081e663bb1 <unknown>
#14 0x56081ec6bae0 <unknown>
#15 0x56081ec6a15a <unknown>
#16 0x56081ec54b85 <unknown>
#17 0x56081ec6ae1a <unknown>
#18 0x56081ec3ca80 <unknown>
#19 0x56081ec92138 <unknown>
#20 0x56081ec922d5 <unknown>
#21 0x56081eca530e <unknown>
#22 0x7fbc3fc9caa4 <unknown>
#23 0x7fbc3fd29c6c <unknown>

2026-08-05 08:48:00,157 - ERROR - [The Hindu] All scrape strategies failed for https://www.thehindu.com/news/national/maharashtra/bombay-high-court-asks-maharashtra-government-to-consider-symbolic-immersion-for-large-ganesha-idols/article71271408.ece. Falling back to RSS description.
2026-08-05 08:48:00,157 - WARNING - SKIPPED (GLOBAL WORD LIMIT): Article 'Bombay High Court asks Maharashtra government to consider symbolic immersion for large Ganesha idols' from The Hindu has only 20 words (Min: 90).
2026-08-05 08:48:01,467 - ERROR - Error saving article Litter-Robot Promo Codes: Up to $150 Off | WIRED: Hrana: `stream error: `Error { message: "SQLite error: UNIQUE constraint failed: articles.url", code: "SQLITE_CONSTRAINT" }``
2026-08-05 08:48:01,475 - INFO - [Economic Times] Page content loaded.
2026-08-05 08:48:01,602 - INFO - [The Hindu] Article: https://www.thehindu.com/news/national/tamil-nadu/tamil-nadu-budget-one-sovereign-gold-coin-silk-saree-announced-for-brides-homes-to-be-set-up-for-senior-citizens-trans-persons/article71308605.ece
2026-08-05 08:48:01,602 - INFO - [The Hindu] Attempt 1/1: Trying with 'selenium_browser' strategy...
2026-08-05 08:48:01,850 - WARNING - [Economic Times] FAILED with 'selenium_browser' (content was too short: 83 words).
2026-08-05 08:48:01,851 - ERROR - [Economic Times] All scrape strategies failed for https://economictimes.indiatimes.com/markets/stocks/news/big-daddy-laps-up-cipla-after-q1-nos-beat-forecast/articleshow/6308646.cms. Falling back to RSS description.
2026-08-05 08:48:01,851 - WARNING - SKIPPED (GLOBAL WORD LIMIT): Article ''Big Daddy' laps up Cipla after Q1 nos beat forecast ' from Economic Times has only 20 words (Min: 90).
2026-08-05 08:48:02,355 - INFO - [Economic Times] Article: https://economictimes.indiatimes.com/markets/stocks/news/old-fox-has-dream-run-on-dalal-street/articleshow/6308631.cms
2026-08-05 08:48:02,355 - INFO - [Economic Times] Attempt 1/2: Trying with 'requests_browser' strategy...
2026-08-05 08:48:02,612 - ERROR - parsed tree length: 1, wrong data type or not valid HTML
2026-08-05 08:48:02,612 - ERROR - empty HTML tree: None
2026-08-05 08:48:02,612 - WARNING - discarding data: None
2026-08-05 08:48:02,613 - WARNING - [Economic Times] FAILED with 'requests_browser' (content was too short: 0 words).
2026-08-05 08:48:02,954 - INFO - [Wired] Article: https://www.wired.com/story/uplift-desk-coupon-code/
2026-08-05 08:48:02,955 - INFO - [Wired] Attempt 1/2: Trying with 'requests_browser' strategy...
2026-08-05 08:48:03,056 - ERROR - parsed tree length: 1, wrong data type or not valid HTML
2026-08-05 08:48:03,057 - ERROR - empty HTML tree: None
2026-08-05 08:48:03,057 - WARNING - discarding data: None
2026-08-05 08:48:03,057 - WARNING - [Wired] FAILED with 'requests_browser' (content was too short: 0 words).
2026-08-05 08:48:03,565 - INFO - [Economic Times] Article: https://economictimes.indiatimes.com/markets/stocks/news/old-fox-has-dream-run-on-dalal-street/articleshow/6308631.cms
2026-08-05 08:48:03,565 - INFO - [Economic Times] Attempt 2/2: Trying with 'selenium_browser' strategy...
2026-08-05 08:48:03,631 - INFO - [Wired] Article: https://www.wired.com/story/uplift-desk-coupon-code/
2026-08-05 08:48:03,631 - INFO - [Wired] Attempt 2/2: Trying with 'selenium_browser' strategy...
2026-08-05 08:48:05,334 - INFO - [Economic Times] Page content loaded.
2026-08-05 08:48:05,667 - INFO - [Economic Times] Success with 'selenium_browser'. Found content (156 words).
2026-08-05 08:48:05,683 - INFO - [Wired] Page content loaded.
2026-08-05 08:48:08,682 - ERROR - Error saving article Old Fox has dream run on Dalal Street - The Economic Times: Hrana: `stream error: `Error { message: "SQLite error: UNIQUE constraint failed: articles.url", code: "SQLITE_CONSTRAINT" }``
2026-08-05 08:48:08,764 - INFO - [Wired] Success with 'selenium_browser'. Found content (833 words).
2026-08-05 08:48:10,238 - INFO - [Economic Times] Article: https://economictimes.indiatimes.com/markets/stocks/news/cairn-india-hits-record-high-on-bse-amid-stake-sale-talks/articleshow/6306679.cms
2026-08-05 08:48:10,675 - INFO - [Economic Times] Attempt 1/2: Trying with 'requests_browser' strategy...
2026-08-05 08:48:11,578 - ERROR - Error saving article Uplift Promo Codes: $570 Off | WIRED: Hrana: `stream error: `Error { message: "SQLite error: UNIQUE constraint failed: articles.url", code: "SQLITE_CONSTRAINT" }``
2026-08-05 08:48:11,584 - ERROR - parsed tree length: 1, wrong data type or not valid HTML
2026-08-05 08:48:11,584 - ERROR - empty HTML tree: None
2026-08-05 08:48:11,584 - WARNING - discarding data: None
2026-08-05 08:48:11,584 - WARNING - [Economic Times] FAILED with 'requests_browser' (content was too short: 0 words).
2026-08-05 08:48:12,353 - INFO - [Wired] Early skip: URL https://www.wired.com/story/ai-music-app-treblo-just-snitched-on-rubberz-song-of-the-summer/ already exists.
2026-08-05 08:48:12,355 - INFO - [Wired] Early skip: URL https://www.wired.com/story/spacex-falcon-moon-crash-warning-for-lunar-bases/ already exists.
2026-08-05 08:48:12,356 - INFO - [Wired] Article: https://www.wired.com/gallery/best-robot-lawn-mowers/
2026-08-05 08:48:12,356 - INFO - [Wired] Attempt 1/2: Trying with 'requests_browser' strategy...
2026-08-05 08:48:12,490 - ERROR - parsed tree length: 1, wrong data type or not valid HTML
2026-08-05 08:48:12,490 - ERROR - empty HTML tree: None
2026-08-05 08:48:12,490 - WARNING - discarding data: None
2026-08-05 08:48:12,490 - WARNING - [Wired] FAILED with 'requests_browser' (content was too short: 0 words).
2026-08-05 08:48:12,538 - INFO - [Economic Times] Article: https://economictimes.indiatimes.com/markets/stocks/news/cairn-india-hits-record-high-on-bse-amid-stake-sale-talks/articleshow/6306679.cms
2026-08-05 08:48:12,538 - INFO - [Economic Times] Attempt 2/2: Trying with 'selenium_browser' strategy...
2026-08-05 08:48:13,384 - INFO - [Wired] Article: https://www.wired.com/gallery/best-robot-lawn-mowers/
2026-08-05 08:48:13,385 - INFO - [Wired] Attempt 2/2: Trying with 'selenium_browser' strategy...
2026-08-05 08:48:14,325 - INFO - [Economic Times] Page content loaded.
2026-08-05 08:48:14,467 - INFO - [Economic Times] Success with 'selenium_browser'. Found content (363 words).
2026-08-05 08:48:16,105 - WARNING - [The Hindu] Page get timed out (7s). Proceeding to grab partial source anyway.
2026-08-05 08:48:17,437 - INFO - [Wired] Page content loaded.
2026-08-05 08:48:17,439 - ERROR - Error saving article Cairn India hits record high on BSE amid stake sale talks - The Economic Times: Hrana: `stream error: `Error { message: "SQLite error: UNIQUE constraint failed: articles.url", code: "SQLITE_CONSTRAINT" }``
2026-08-05 08:48:18,283 - INFO - [Economic Times] Article: https://economictimes.indiatimes.com/markets/stocks/news/vedanta-plunges-5-59-per-cent-on-lse-amid-talks-to-buy-cairn-stake/articleshow/6306526.cms
2026-08-05 08:48:18,283 - INFO - [Economic Times] Attempt 1/2: Trying with 'requests_browser' strategy...
2026-08-05 08:48:18,690 - ERROR - parsed tree length: 1, wrong data type or not valid HTML
2026-08-05 08:48:18,690 - ERROR - empty HTML tree: None
2026-08-05 08:48:18,690 - WARNING - discarding data: None
2026-08-05 08:48:18,691 - WARNING - [Economic Times] FAILED with 'requests_browser' (content was too short: 0 words).
2026-08-05 08:48:19,409 - INFO - [Economic Times] Article: https://economictimes.indiatimes.com/markets/stocks/news/vedanta-plunges-5-59-per-cent-on-lse-amid-talks-to-buy-cairn-stake/articleshow/6306526.cms
2026-08-05 08:48:19,409 - INFO - [Economic Times] Attempt 2/2: Trying with 'selenium_browser' strategy...
2026-08-05 08:48:19,410 - INFO - [Wired] Success with 'selenium_browser'. Found content (2380 words).
2026-08-05 08:48:23,260 - ERROR - Error saving article Best Robot Lawn Mowers (2026): My Picks After 3 Years of Testing | WIRED: Hrana: `stream error: `Error { message: "SQLite error: UNIQUE constraint failed: articles.url", code: "SQLITE_CONSTRAINT" }``
2026-08-05 08:48:23,489 - INFO - [Economic Times] Page content loaded.
2026-08-05 08:48:23,611 - INFO - [Economic Times] Success with 'selenium_browser'. Found content (397 words).
2026-08-05 08:48:25,562 - INFO - [Wired] Early skip: URL https://www.wired.com/review/alienware-27-qd-oled-aw2726dm/ already exists.
2026-08-05 08:48:25,996 - INFO - [Wired] Early skip: URL https://www.wired.com/story/people-are-ghosting-long-term-partners-some-dont-regret-it/ already exists.
2026-08-05 08:48:25,997 - WARNING - [The Hindu] Page explicit wait timed out (3s). Proceeding anyway.
2026-08-05 08:48:25,998 - INFO - [Wired] Early skip: URL https://www.wired.com/story/the-best-kids-audio-players-for-screen-free-story-time/ already exists.
2026-08-05 08:48:27,085 - INFO - [Wired] Early skip: URL https://www.wired.com/story/smart-tech-for-a-vintage-home/ already exists.
2026-08-05 08:48:27,085 - ERROR - Error saving article Cairn: Vedanta plunges 5.59 per cent on LSE amid talks to buy Cairn stake - The Economic Times: Hrana: `stream error: `Error { message: "SQLite error: UNIQUE constraint failed: articles.url", code: "SQLITE_CONSTRAINT" }``
2026-08-05 08:48:27,086 - INFO - [Wired] (Thread) Finished. Attempting to shut down its Selenium driver.
2026-08-05 08:48:27,209 - INFO - [Wired] (Thread) driver.quit() successful.
2026-08-05 08:48:27,733 - INFO - [Economic Times] Article: https://economictimes.indiatimes.com/markets/stocks/news/sbi-shares-on-gaining-spree-hit-record-high/articleshow/6306241.cms
2026-08-05 08:48:27,733 - INFO - [Economic Times] Attempt 1/2: Trying with 'requests_browser' strategy...
2026-08-05 08:48:28,033 - ERROR - parsed tree length: 1, wrong data type or not valid HTML
2026-08-05 08:48:28,033 - ERROR - empty HTML tree: None
2026-08-05 08:48:28,033 - WARNING - discarding data: None
2026-08-05 08:48:28,033 - WARNING - [Economic Times] FAILED with 'requests_browser' (content was too short: 0 words).
2026-08-05 08:48:28,722 - INFO - [Economic Times] Article: https://economictimes.indiatimes.com/markets/stocks/news/sbi-shares-on-gaining-spree-hit-record-high/articleshow/6306241.cms
2026-08-05 08:48:28,723 - INFO - [Economic Times] Attempt 2/2: Trying with 'selenium_browser' strategy...
2026-08-05 08:48:30,377 - INFO - [Economic Times] Page content loaded.
2026-08-05 08:48:30,569 - WARNING - [Economic Times] FAILED with 'selenium_browser' (content was too short: 87 words).
2026-08-05 08:48:30,569 - ERROR - [Economic Times] All scrape strategies failed for https://economictimes.indiatimes.com/markets/stocks/news/sbi-shares-on-gaining-spree-hit-record-high/articleshow/6306241.cms. Falling back to RSS description.
2026-08-05 08:48:30,569 - WARNING - SKIPPED (GLOBAL WORD LIMIT): Article 'SBI shares on gaining spree; hit record high ' from Economic Times has only 28 words (Min: 90).
2026-08-05 08:48:31,987 - INFO - [Economic Times] Article: https://economictimes.indiatimes.com/fm-must-rethink/articleshow/5645094.cms
2026-08-05 08:48:31,987 - INFO - [Economic Times] Attempt 1/2: Trying with 'requests_browser' strategy...
2026-08-05 08:48:32,244 - ERROR - parsed tree length: 1, wrong data type or not valid HTML
2026-08-05 08:48:32,244 - ERROR - empty HTML tree: None
2026-08-05 08:48:32,244 - WARNING - discarding data: None
2026-08-05 08:48:32,244 - WARNING - [Economic Times] FAILED with 'requests_browser' (content was too short: 0 words).
2026-08-05 08:48:32,802 - INFO - [Economic Times] Article: https://economictimes.indiatimes.com/fm-must-rethink/articleshow/5645094.cms
2026-08-05 08:48:32,802 - INFO - [Economic Times] Attempt 2/2: Trying with 'selenium_browser' strategy...
2026-08-05 08:48:33,016 - ERROR - [The Hindu] Request failed for strategy 'selenium_browser' on URL https://www.thehindu.com/news/national/tamil-nadu/tamil-nadu-budget-one-sovereign-gold-coin-silk-saree-announced-for-brides-homes-to-be-set-up-for-senior-citizens-trans-persons/article71308605.ece: Message: timeout: Timed out receiving message from renderer: 7.000
  (Session info: chrome=151.0.7922.76)
Stacktrace:
#0 0x56081eca675a <unknown>
#1 0x56081e619fc9 <unknown>
#2 0x56081e601a2f <unknown>
#3 0x56081e6016a6 <unknown>
#4 0x56081e5ff288 <unknown>
#5 0x56081e5ffc0f <unknown>
#6 0x56081e60ed70 <unknown>
#7 0x56081e628d37 <unknown>
#8 0x56081e63070b <unknown>
#9 0x56081e600369 <unknown>
#10 0x56081e628a92 <unknown>
#11 0x56081e6b8066 <unknown>
#12 0x56081e662d32 <unknown>
#13 0x56081e663bb1 <unknown>
#14 0x56081ec6bae0 <unknown>
#15 0x56081ec6a15a <unknown>
#16 0x56081ec54b85 <unknown>
#17 0x56081ec6ae1a <unknown>
#18 0x56081ec3ca80 <unknown>
#19 0x56081ec92138 <unknown>
#20 0x56081ec922d5 <unknown>
#21 0x56081eca530e <unknown>
#22 0x7fbc3fc9caa4 <unknown>
#23 0x7fbc3fd29c6c <unknown>

2026-08-05 08:48:33,016 - ERROR - [The Hindu] All scrape strategies failed for https://www.thehindu.com/news/national/tamil-nadu/tamil-nadu-budget-one-sovereign-gold-coin-silk-saree-announced-for-brides-homes-to-be-set-up-for-senior-citizens-trans-persons/article71308605.ece. Falling back to RSS description.
2026-08-05 08:48:33,016 - WARNING - SKIPPED (GLOBAL WORD LIMIT): Article 'Tamil Nadu Budget: One-sovereign gold coin, silk saree announced for brides; homes to be set up for senior citizens, trans persons' from The Hindu has only 28 words (Min: 90).
2026-08-05 08:48:33,532 - INFO - [The Hindu] Article: https://www.thehindu.com/news/national/jharkhand/jharkhand-job-aspirants-protest-intensifies-as-five-more-sit-on-hunger-strike-in-ranchi/article71308396.ece
2026-08-05 08:48:33,532 - INFO - [The Hindu] Attempt 1/1: Trying with 'selenium_browser' strategy...
2026-08-05 08:48:34,170 - INFO - [Economic Times] Page content loaded.
2026-08-05 08:48:34,251 - INFO - [Economic Times] Success with 'selenium_browser'. Found content (138 words).
2026-08-05 08:48:37,010 - ERROR - Error saving article FM must rethink - The Economic Times: Hrana: `stream error: `Error { message: "SQLite error: UNIQUE constraint failed: articles.url", code: "SQLITE_CONSTRAINT" }``
2026-08-05 08:48:38,493 - INFO - [Economic Times] Article: https://economictimes.indiatimes.com/amalgamate-banks/articleshow/5645086.cms
2026-08-05 08:48:38,493 - INFO - [Economic Times] Attempt 1/2: Trying with 'requests_browser' strategy...
2026-08-05 08:48:38,730 - ERROR - parsed tree length: 1, wrong data type or not valid HTML
2026-08-05 08:48:38,731 - ERROR - empty HTML tree: None
2026-08-05 08:48:38,731 - WARNING - discarding data: None
2026-08-05 08:48:38,731 - WARNING - [Economic Times] FAILED with 'requests_browser' (content was too short: 0 words).
2026-08-05 08:48:39,234 - INFO - [Economic Times] Article: https://economictimes.indiatimes.com/amalgamate-banks/articleshow/5645086.cms
2026-08-05 08:48:39,234 - INFO - [Economic Times] Attempt 2/2: Trying with 'selenium_browser' strategy...
2026-08-05 08:48:42,192 - INFO - [Economic Times] Page content loaded.
2026-08-05 08:48:42,285 - INFO - [Economic Times] Success with 'selenium_browser'. Found content (243 words).
2026-08-05 08:48:45,080 - ERROR - Error saving article Amalgamate banks - The Economic Times: Hrana: `stream error: `Error { message: "SQLite error: UNIQUE constraint failed: articles.url", code: "SQLITE_CONSTRAINT" }``
2026-08-05 08:48:45,321 - CRITICAL - --- TIMEOUT: 2 scrape jobs did not complete in 420s. ---
2026-08-05 08:48:45,321 - ERROR - A thread has timed out and will be abandoned.
2026-08-05 08:48:45,321 - ERROR - A thread has timed out and will be abandoned.
2026-08-05 08:48:45,321 - INFO - Shutting down thread pool (wait=False)...
2026-08-05 08:48:45,321 - INFO - Scraped: 2 BBC, 10 NDTV, 0 TechCrunch, 1 Wired, 12 Times of India, 0 Indian Express, 8 Al Jazeera, 2 Timed_Out_Jobs articles. (Total saved: 33)
2026-08-05 08:48:45,321 - INFO - --- Scraping job finished ---
2026-08-05 08:48:45,321 - INFO - --- Scraper service stopped. ---
2026-08-05 08:48:45,321 - INFO - --- Main thread finished. Forcing process exit to kill zombie threads. ---
