2026-08-13 04:26:37,547 - INFO - Loading AI Semantic Model (all-MiniLM-L6-v2)...
2026-08-13 04:26:37,547 - INFO - No device provided, using cpu
2026-08-13 04:26:37,673 - INFO - HTTP Request: GET https://huggingface.co/api/agent-harnesses "HTTP/1.1 200 OK"
2026-08-13 04:26:37,769 - INFO - HTTP Request: HEAD https://huggingface.co/sentence-transformers/all-MiniLM-L6-v2/resolve/main/modules.json "HTTP/1.1 307 Temporary Redirect"
2026-08-13 04:26:37,770 - WARNING - Warning: You are sending unauthenticated requests to the HF Hub. Please set a HF_TOKEN to enable higher rate limits and faster downloads.
2026-08-13 04:26:37,782 - INFO - HTTP Request: HEAD https://huggingface.co/api/resolve-cache/models/sentence-transformers/all-MiniLM-L6-v2/1110a243fdf4706b3f48f1d95db1a4f5529b4d41/modules.json "HTTP/1.1 200 OK"
2026-08-13 04:26:37,870 - INFO - HTTP Request: HEAD https://huggingface.co/sentence-transformers/all-MiniLM-L6-v2/resolve/main/config_sentence_transformers.json "HTTP/1.1 307 Temporary Redirect"
2026-08-13 04:26:37,882 - INFO - HTTP Request: HEAD https://huggingface.co/api/resolve-cache/models/sentence-transformers/all-MiniLM-L6-v2/1110a243fdf4706b3f48f1d95db1a4f5529b4d41/config_sentence_transformers.json "HTTP/1.1 200 OK"
2026-08-13 04:26:37,883 - INFO - Loading SentenceTransformer model from sentence-transformers/all-MiniLM-L6-v2.
2026-08-13 04:26:37,991 - INFO - HTTP Request: HEAD https://huggingface.co/sentence-transformers/all-MiniLM-L6-v2/resolve/main/config_sentence_transformers.json "HTTP/1.1 307 Temporary Redirect"
2026-08-13 04:26:38,003 - INFO - HTTP Request: HEAD https://huggingface.co/api/resolve-cache/models/sentence-transformers/all-MiniLM-L6-v2/1110a243fdf4706b3f48f1d95db1a4f5529b4d41/config_sentence_transformers.json "HTTP/1.1 200 OK"
2026-08-13 04:26:38,089 - INFO - HTTP Request: HEAD https://huggingface.co/sentence-transformers/all-MiniLM-L6-v2/resolve/main/README.md "HTTP/1.1 307 Temporary Redirect"
2026-08-13 04:26:38,103 - INFO - HTTP Request: HEAD https://huggingface.co/api/resolve-cache/models/sentence-transformers/all-MiniLM-L6-v2/1110a243fdf4706b3f48f1d95db1a4f5529b4d41/README.md "HTTP/1.1 200 OK"
2026-08-13 04:26:38,116 - INFO - HTTP Request: GET https://huggingface.co/api/resolve-cache/models/sentence-transformers/all-MiniLM-L6-v2/1110a243fdf4706b3f48f1d95db1a4f5529b4d41/README.md "HTTP/1.1 200 OK"
2026-08-13 04:26:38,218 - INFO - HTTP Request: HEAD https://huggingface.co/sentence-transformers/all-MiniLM-L6-v2/resolve/main/modules.json "HTTP/1.1 307 Temporary Redirect"
2026-08-13 04:26:38,230 - INFO - HTTP Request: HEAD https://huggingface.co/api/resolve-cache/models/sentence-transformers/all-MiniLM-L6-v2/1110a243fdf4706b3f48f1d95db1a4f5529b4d41/modules.json "HTTP/1.1 200 OK"
2026-08-13 04:26:38,317 - INFO - HTTP Request: HEAD https://huggingface.co/sentence-transformers/all-MiniLM-L6-v2/resolve/main/sentence_bert_config.json "HTTP/1.1 307 Temporary Redirect"
2026-08-13 04:26:38,329 - INFO - HTTP Request: HEAD https://huggingface.co/api/resolve-cache/models/sentence-transformers/all-MiniLM-L6-v2/1110a243fdf4706b3f48f1d95db1a4f5529b4d41/sentence_bert_config.json "HTTP/1.1 200 OK"
2026-08-13 04:26:38,420 - INFO - HTTP Request: HEAD https://huggingface.co/sentence-transformers/all-MiniLM-L6-v2/resolve/main/adapter_config.json "HTTP/1.1 404 Not Found"
2026-08-13 04:26:38,509 - INFO - HTTP Request: HEAD https://huggingface.co/sentence-transformers/all-MiniLM-L6-v2/resolve/main/config.json "HTTP/1.1 307 Temporary Redirect"
2026-08-13 04:26:38,522 - INFO - HTTP Request: HEAD https://huggingface.co/api/resolve-cache/models/sentence-transformers/all-MiniLM-L6-v2/1110a243fdf4706b3f48f1d95db1a4f5529b4d41/config.json "HTTP/1.1 200 OK"
2026-08-13 04:26:38,651 - INFO - HTTP Request: HEAD https://huggingface.co/sentence-transformers/all-MiniLM-L6-v2/resolve/main/model.safetensors "HTTP/1.1 302 Found"
2026-08-13 04:26:38,825 - INFO - HTTP Request: HEAD https://huggingface.co/sentence-transformers/all-MiniLM-L6-v2/resolve/main/processor_config.json "HTTP/1.1 404 Not Found"
2026-08-13 04:26:38,913 - INFO - HTTP Request: HEAD https://huggingface.co/sentence-transformers/all-MiniLM-L6-v2/resolve/main/preprocessor_config.json "HTTP/1.1 404 Not Found"
2026-08-13 04:26:39,004 - INFO - HTTP Request: HEAD https://huggingface.co/sentence-transformers/all-MiniLM-L6-v2/resolve/main/video_preprocessor_config.json "HTTP/1.1 404 Not Found"
2026-08-13 04:26:39,102 - INFO - HTTP Request: HEAD https://huggingface.co/sentence-transformers/all-MiniLM-L6-v2/resolve/main/preprocessor_config.json "HTTP/1.1 404 Not Found"
2026-08-13 04:26:39,247 - INFO - HTTP Request: HEAD https://huggingface.co/sentence-transformers/all-MiniLM-L6-v2/resolve/main/tokenizer_config.json "HTTP/1.1 307 Temporary Redirect"
2026-08-13 04:26:39,259 - INFO - HTTP Request: HEAD https://huggingface.co/api/resolve-cache/models/sentence-transformers/all-MiniLM-L6-v2/1110a243fdf4706b3f48f1d95db1a4f5529b4d41/tokenizer_config.json "HTTP/1.1 200 OK"
2026-08-13 04:26:39,346 - INFO - HTTP Request: HEAD https://huggingface.co/sentence-transformers/all-MiniLM-L6-v2/resolve/main/config.json "HTTP/1.1 307 Temporary Redirect"
2026-08-13 04:26:39,358 - INFO - HTTP Request: HEAD https://huggingface.co/api/resolve-cache/models/sentence-transformers/all-MiniLM-L6-v2/1110a243fdf4706b3f48f1d95db1a4f5529b4d41/config.json "HTTP/1.1 200 OK"
2026-08-13 04:26:39,458 - INFO - HTTP Request: HEAD https://huggingface.co/sentence-transformers/all-MiniLM-L6-v2/resolve/main/config.json "HTTP/1.1 307 Temporary Redirect"
2026-08-13 04:26:39,470 - INFO - HTTP Request: HEAD https://huggingface.co/api/resolve-cache/models/sentence-transformers/all-MiniLM-L6-v2/1110a243fdf4706b3f48f1d95db1a4f5529b4d41/config.json "HTTP/1.1 200 OK"
2026-08-13 04:26:39,560 - INFO - HTTP Request: HEAD https://huggingface.co/sentence-transformers/all-MiniLM-L6-v2/resolve/main/tokenizer_config.json "HTTP/1.1 307 Temporary Redirect"
2026-08-13 04:26:39,573 - INFO - HTTP Request: HEAD https://huggingface.co/api/resolve-cache/models/sentence-transformers/all-MiniLM-L6-v2/1110a243fdf4706b3f48f1d95db1a4f5529b4d41/tokenizer_config.json "HTTP/1.1 200 OK"
2026-08-13 04:26:39,664 - INFO - HTTP Request: GET https://huggingface.co/api/models/sentence-transformers/all-MiniLM-L6-v2/tree/main/additional_chat_templates?recursive=false&expand=false "HTTP/1.1 404 Not Found"
2026-08-13 04:26:39,755 - INFO - HTTP Request: GET https://huggingface.co/api/models/sentence-transformers/all-MiniLM-L6-v2/tree/main?recursive=true&expand=false "HTTP/1.1 200 OK"
2026-08-13 04:26:39,842 - INFO - HTTP Request: HEAD https://huggingface.co/sentence-transformers/all-MiniLM-L6-v2/resolve/main/vocab.txt "HTTP/1.1 307 Temporary Redirect"
2026-08-13 04:26:39,855 - INFO - HTTP Request: HEAD https://huggingface.co/api/resolve-cache/models/sentence-transformers/all-MiniLM-L6-v2/1110a243fdf4706b3f48f1d95db1a4f5529b4d41/vocab.txt "HTTP/1.1 200 OK"
2026-08-13 04:26:39,940 - INFO - HTTP Request: HEAD https://huggingface.co/sentence-transformers/all-MiniLM-L6-v2/resolve/main/tokenizer.json "HTTP/1.1 307 Temporary Redirect"
2026-08-13 04:26:39,953 - INFO - HTTP Request: HEAD https://huggingface.co/api/resolve-cache/models/sentence-transformers/all-MiniLM-L6-v2/1110a243fdf4706b3f48f1d95db1a4f5529b4d41/tokenizer.json "HTTP/1.1 200 OK"
2026-08-13 04:26:40,042 - INFO - HTTP Request: HEAD https://huggingface.co/sentence-transformers/all-MiniLM-L6-v2/resolve/main/added_tokens.json "HTTP/1.1 404 Not Found"
2026-08-13 04:26:40,143 - INFO - HTTP Request: HEAD https://huggingface.co/sentence-transformers/all-MiniLM-L6-v2/resolve/main/special_tokens_map.json "HTTP/1.1 307 Temporary Redirect"
2026-08-13 04:26:40,157 - INFO - HTTP Request: HEAD https://huggingface.co/api/resolve-cache/models/sentence-transformers/all-MiniLM-L6-v2/1110a243fdf4706b3f48f1d95db1a4f5529b4d41/special_tokens_map.json "HTTP/1.1 200 OK"
2026-08-13 04:26:40,249 - INFO - HTTP Request: HEAD https://huggingface.co/sentence-transformers/all-MiniLM-L6-v2/resolve/main/chat_template.jinja "HTTP/1.1 404 Not Found"
2026-08-13 04:26:40,365 - INFO - HTTP Request: HEAD https://huggingface.co/sentence-transformers/all-MiniLM-L6-v2/resolve/main/1_Pooling/config.json "HTTP/1.1 307 Temporary Redirect"
2026-08-13 04:26:40,377 - INFO - HTTP Request: HEAD https://huggingface.co/api/resolve-cache/models/sentence-transformers/all-MiniLM-L6-v2/1110a243fdf4706b3f48f1d95db1a4f5529b4d41/1_Pooling%2Fconfig.json "HTTP/1.1 200 OK"
2026-08-13 04:26:40,470 - INFO - HTTP Request: GET https://huggingface.co/api/models/sentence-transformers/all-MiniLM-L6-v2 "HTTP/1.1 200 OK"
2026-08-13 04:26:40,473 - INFO - AI Model loaded successfully.
2026-08-13 04:26:40,473 - INFO - --- Scraper service started (CI Mode: Run Once) ---
2026-08-13 04:26:40,473 - INFO - --- Starting new scraping job (Parallel Mode) ---
2026-08-13 04:26:40,473 - INFO - Connecting to SQLite database...
2026-08-13 04:26:46,934 - INFO - Pre-calculating embeddings for 485 cached articles...
2026-08-13 04:27:13,884 - INFO - Cache built: 5306 URLs. Current MAX_ID: 102905
2026-08-13 04:27:13,884 - INFO - Creating new robust session with 3 retries on 5xx/connection/read errors.
2026-08-13 04:27:13,884 - INFO - Proxy is DISABLED.
2026-08-13 04:27:13,885 - INFO - [BBC] (Thread) requires Selenium. Initializing driver...
2026-08-13 04:27:13,885 - INFO - [Times of India] (Thread) requires Selenium. Initializing driver...
2026-08-13 04:27:13,885 - INFO - [The Hindu] (Thread) requires Selenium. Initializing driver...
2026-08-13 04:27:13,886 - INFO - [Al Jazeera] (Thread) requires Selenium. Initializing driver...
2026-08-13 04:27:13,886 - INFO - Starting scrape for TechCrunch RSS feed: https://techcrunch.com/feed/
2026-08-13 04:27:13,886 - INFO - [Economic Times] (Thread) requires Selenium. Initializing driver...
2026-08-13 04:27:13,886 - INFO - [Wired] (Thread) requires Selenium. Initializing driver...
2026-08-13 04:27:13,888 - INFO - [NDTV] (Thread) requires Selenium. Initializing driver...
2026-08-13 04:27:13,889 - INFO - [Indian Express] (Thread) requires Selenium. Initializing driver...
2026-08-13 04:27:13,889 - INFO - Submitted 9 jobs to thread pool. Waiting up to 420s for completion...
2026-08-13 04:27:15,208 - INFO - Found 0 articles in TechCrunch RSS feed. Processing until 8 new articles are saved.
2026-08-13 04:27:15,653 - INFO - Selenium driver initialized successfully (Eager load strategy, 7s timeout).
2026-08-13 04:27:15,654 - INFO - Starting scrape for Al Jazeera RSS feed: https://www.aljazeera.com/xml/rss/all.xml
2026-08-13 04:27:15,662 - INFO - Selenium driver initialized successfully (Eager load strategy, 7s timeout).
2026-08-13 04:27:15,662 - INFO - Starting scrape for NDTV RSS feed: https://feeds.feedburner.com/ndtvnews-top-stories
2026-08-13 04:27:15,841 - INFO - Selenium driver initialized successfully (Eager load strategy, 7s timeout).
2026-08-13 04:27:15,841 - INFO - Starting scrape for The Hindu RSS feed: https://www.thehindu.com/news/national/feeder/default.rss
2026-08-13 04:27:15,923 - INFO - Selenium driver initialized successfully (Eager load strategy, 7s timeout).
2026-08-13 04:27:15,929 - INFO - Starting scrape for Economic Times RSS feed: https://economictimes.indiatimes.com/rssfeedsdefault.cms
2026-08-13 04:27:15,952 - INFO - Selenium driver initialized successfully (Eager load strategy, 7s timeout).
2026-08-13 04:27:15,952 - INFO - Starting scrape for BBC RSS feed: http://feeds.bbci.co.uk/news/world/rss.xml
2026-08-13 04:27:16,004 - INFO - Selenium driver initialized successfully (Eager load strategy, 7s timeout).
2026-08-13 04:27:16,005 - INFO - Starting scrape for Indian Express RSS feed: https://indianexpress.com/feed/
2026-08-13 04:27:16,035 - INFO - Selenium driver initialized successfully (Eager load strategy, 7s timeout).
2026-08-13 04:27:16,035 - INFO - Starting scrape for Times of India RSS feed: https://timesofindia.indiatimes.com/rssfeeds/296589292.cms
2026-08-13 04:27:16,048 - INFO - Selenium driver initialized successfully (Eager load strategy, 7s timeout).
2026-08-13 04:27:16,048 - INFO - Starting scrape for Wired RSS feed: https://www.wired.com/feed/rss
2026-08-13 04:27:16,074 - INFO - Found 25 articles in Al Jazeera RSS feed. Processing until 8 new articles are saved.
2026-08-13 04:27:16,075 - INFO - [Al Jazeera] Article: https://www.aljazeera.com/news/2026/8/13/israeli-settlers-besiege-three-palestinian-families-in-occupied-west-bank?traffic_source=rss
2026-08-13 04:27:16,075 - INFO - [Al Jazeera] Attempt 1/2: Trying with 'requests_browser' strategy...
2026-08-13 04:27:16,206 - INFO - Found 20 articles in NDTV RSS feed. Processing until 10 new articles are saved.
2026-08-13 04:27:16,207 - INFO - [NDTV] Article: https://www.ndtv.com/india-news/karnataka-bandh-today-karnataka-bandh-over-cauvery-gets-moral-support-bus-school-ops-normal-11900668#publisher=newsstand
2026-08-13 04:27:16,211 - INFO - [NDTV] Attempt 1/2: Trying with 'requests_browser' strategy...
2026-08-13 04:27:16,225 - INFO - Found 60 articles in The Hindu RSS feed. Processing until 20 new articles are saved.
2026-08-13 04:27:16,246 - INFO - [The Hindu] Article: https://www.thehindu.com/news/national/karnataka/blood-donation-camps-in-belagavi-on-august-15/article71337710.ece
2026-08-13 04:27:16,246 - INFO - [The Hindu] Attempt 1/1: Trying with 'selenium_browser' strategy...
2026-08-13 04:27:16,284 - INFO - Found 20 articles in Times of India RSS feed. Processing until 20 new articles are saved.
2026-08-13 04:27:16,292 - INFO - [Times of India] Article: https://timesofindia.indiatimes.com/world/us/missile-threat-made-donald-trump-move-to-smaller-us-jet-during-turkey-visit-report/articleshow/133196786.cms
2026-08-13 04:27:16,292 - INFO - [Times of India] Attempt 1/1: Trying with 'selenium_browser' strategy...
2026-08-13 04:27:16,358 - INFO - Found 28 articles in BBC RSS feed. Processing until 10 new articles are saved.
2026-08-13 04:27:16,358 - INFO - [BBC] Early skip: URL https://www.bbc.co.uk/news/articles/c5y49xp2wrno?at_medium=RSS&at_campaign=rss already exists.
2026-08-13 04:27:16,366 - INFO - [BBC] Early skip: URL https://www.bbc.co.uk/news/articles/cn0npjkqrleo?at_medium=RSS&at_campaign=rss already exists.
2026-08-13 04:27:16,376 - INFO - [BBC] Early skip: URL https://www.bbc.co.uk/news/articles/cgk4pex4mn8o?at_medium=RSS&at_campaign=rss already exists.
2026-08-13 04:27:16,376 - INFO - [Al Jazeera] Success with 'requests_browser'. Found content (932 words).
2026-08-13 04:27:16,383 - INFO - [BBC] Article: https://www.bbc.co.uk/news/articles/cn5n399n6zvo?at_medium=RSS&at_campaign=rss
2026-08-13 04:27:16,383 - INFO - [BBC] Attempt 1/2: Trying with 'requests_browser' strategy...
2026-08-13 04:27:16,395 - ERROR - Failed to fetch Indian Express RSS feed: 403 Client Error: Forbidden for url: https://indianexpress.com/feed/
2026-08-13 04:27:16,395 - INFO - [Indian Express] (Thread) Finished. Attempting to shut down its Selenium driver.
2026-08-13 04:27:16,416 - ERROR - [NDTV] Request failed for strategy 'requests_browser' on URL https://www.ndtv.com/india-news/karnataka-bandh-today-karnataka-bandh-over-cauvery-gets-moral-support-bus-school-ops-normal-11900668#publisher=newsstand: 403 Client Error: Forbidden for url: https://www.ndtv.com/india-news/karnataka-bandh-today-karnataka-bandh-over-cauvery-gets-moral-support-bus-school-ops-normal-11900668#publisher=newsstand
2026-08-13 04:27:16,478 - INFO - Found 50 articles in Wired RSS feed. Processing until 10 new articles are saved.
2026-08-13 04:27:16,479 - INFO - [Wired] Early skip: URL https://www.wired.com/story/best-photos-august-solar-eclipse-spain/ already exists.
2026-08-13 04:27:16,482 - INFO - [Indian Express] (Thread) driver.quit() successful.
2026-08-13 04:27:16,482 - INFO - [Wired] Early skip: URL https://www.wired.com/story/the-white-house-is-going-to-expand-its-ai-policy/ already exists.
2026-08-13 04:27:16,483 - INFO - [Wired] Early skip: URL https://www.wired.com/story/lettuce-grow-20-percent-off-2026/ already exists.
2026-08-13 04:27:16,485 - INFO - [Wired] Early skip: URL https://www.wired.com/story/the-gender-war-over-obsession-has-come-for-theme-parks/ already exists.
2026-08-13 04:27:16,486 - INFO - [Wired] Early skip: URL https://www.wired.com/story/rogue-ai-is-just-misunderstood/ already exists.
2026-08-13 04:27:16,487 - INFO - [Wired] Early skip: URL https://www.wired.com/story/googles-pixel-watch-5-can-now-detect-breathing-emergencies/ already exists.
2026-08-13 04:27:16,488 - INFO - [Wired] Early skip: URL https://www.wired.com/story/new-camera-tricks-on-google-latest-pixel-11-smartphones/ already exists.
2026-08-13 04:27:16,489 - INFO - [Wired] Early skip: URL https://www.wired.com/story/pixel-11-pixel-watch-5-pixel-tag-everything-google-announced-at-its-made-by-google-2026-event/ already exists.
2026-08-13 04:27:16,490 - INFO - [Wired] Early skip: URL https://www.wired.com/story/honor-robot-phone/ already exists.
2026-08-13 04:27:16,494 - INFO - [Wired] Early skip: URL https://www.wired.com/story/this-coin-sized-device-can-hack-a-boeing-737/ already exists.
2026-08-13 04:27:16,515 - INFO - [Wired] Early skip: URL https://www.wired.com/story/how-to-choose-the-right-office-chair/ already exists.
2026-08-13 04:27:16,517 - INFO - [Wired] Early skip: URL https://www.wired.com/review/ego-1300-electric-lawn-mower/ already exists.
2026-08-13 04:27:16,518 - INFO - [Wired] Early skip: URL https://www.wired.com/story/linkedin-grindset-tattoo-guy-explains-himself/ already exists.
2026-08-13 04:27:16,524 - INFO - Found 76 articles in Economic Times RSS feed. Processing until 20 new articles are saved.
2026-08-13 04:27:16,525 - INFO - [Economic Times] Article: https://economictimes.indiatimes.com/markets/stocks/news/hal-shares-in-focus-after-q1-earnings-beat-estimates-nomura-other-brokerages-hike-target-price/articleshow/133196943.cms
2026-08-13 04:27:16,525 - INFO - [Economic Times] Attempt 1/2: Trying with 'requests_browser' strategy...
2026-08-13 04:27:16,533 - INFO - [Wired] Early skip: URL https://www.wired.com/gallery/best-action-cameras/ already exists.
2026-08-13 04:27:16,534 - INFO - [Wired] Early skip: URL https://www.wired.com/story/ai-newsrooms-are-breaking-news-now-haha-im-in-danger/ already exists.
2026-08-13 04:27:16,535 - INFO - [Wired] Early skip: URL https://www.wired.com/story/mcdonalds-built-a-515-page-dossier-on-me-it-says-ill-never-leave/ already exists.
2026-08-13 04:27:16,537 - INFO - [Wired] Early skip: URL https://www.wired.com/story/femas-shadow-administrator-was-paid-by-a-doge-members-startup-for-months/ already exists.
2026-08-13 04:27:16,539 - INFO - [Wired] Early skip: URL https://www.wired.com/story/book-excerpt-the-vanishing-earth-james-crawford-brain-mining/ already exists.
2026-08-13 04:27:16,540 - INFO - [Wired] Early skip: URL https://www.wired.com/story/the-worst-ive-ever-seen-cargo-thieves-are-turning-violent-in-pursuit-of-ai-hardware/ already exists.
2026-08-13 04:27:16,541 - INFO - [Wired] Early skip: URL https://www.wired.com/story/youre-thinking-about-online-trends-all-wrong/ already exists.
2026-08-13 04:27:16,542 - INFO - [Wired] Early skip: URL https://www.wired.com/story/patagonia-past-season-sale-2026/ already exists.
2026-08-13 04:27:16,544 - INFO - [Wired] Early skip: URL https://www.wired.com/story/a-candidate-named-count-binface-is-the-most-normal-part-of-this-pivotal-uk-election/ already exists.
2026-08-13 04:27:16,545 - INFO - [Wired] Article: https://www.wired.com/story/nike-promo-code/
2026-08-13 04:27:16,545 - INFO - [Wired] Attempt 1/2: Trying with 'requests_browser' strategy...
2026-08-13 04:27:18,047 - INFO - [NDTV] Article: https://www.ndtv.com/india-news/karnataka-bandh-today-karnataka-bandh-over-cauvery-gets-moral-support-bus-school-ops-normal-11900668#publisher=newsstand
2026-08-13 04:27:18,055 - INFO - [NDTV] Attempt 2/2: Trying with 'selenium_browser' strategy...
2026-08-13 04:27:18,537 - ERROR - parsed tree length: 1, wrong data type or not valid HTML
2026-08-13 04:27:18,537 - ERROR - empty HTML tree: None
2026-08-13 04:27:18,537 - WARNING - discarding data: None
2026-08-13 04:27:18,537 - WARNING - [Economic Times] FAILED with 'requests_browser' (content was too short: 0 words).
2026-08-13 04:27:19,800 - INFO - [The Hindu] Page content loaded.
2026-08-13 04:27:19,805 - INFO - >>> SUCCESSFULLY SAVED [ID: 102906] - Israeli settlers besiege three Palestinian families in West Bank’s Qusra | Human Rights News | Al Jazeera from Al Jazeera (932 words)
2026-08-13 04:27:19,805 - INFO - [Economic Times] Article: https://economictimes.indiatimes.com/markets/stocks/news/hal-shares-in-focus-after-q1-earnings-beat-estimates-nomura-other-brokerages-hike-target-price/articleshow/133196943.cms
2026-08-13 04:27:19,805 - INFO - [Economic Times] Attempt 2/2: Trying with 'selenium_browser' strategy...
2026-08-13 04:27:19,820 - ERROR - parsed tree length: 1, wrong data type or not valid HTML
2026-08-13 04:27:19,820 - ERROR - empty HTML tree: None
2026-08-13 04:27:19,822 - WARNING - discarding data: None
2026-08-13 04:27:19,822 - WARNING - [Wired] FAILED with 'requests_browser' (content was too short: 0 words).
2026-08-13 04:27:20,251 - INFO - [BBC] Success with 'requests_browser'. Found content (1464 words).
2026-08-13 04:27:20,458 - INFO - [Wired] Article: https://www.wired.com/story/nike-promo-code/
2026-08-13 04:27:20,458 - INFO - [Wired] Attempt 2/2: Trying with 'selenium_browser' strategy...
2026-08-13 04:27:20,484 - INFO - [Al Jazeera] Article: https://www.aljazeera.com/video/newsfeed/2026/8/13/solar-eclipse-carves-eiffel-towers-silhouette-in-paris-sky?traffic_source=rss
2026-08-13 04:27:20,484 - INFO - [Al Jazeera] Attempt 1/2: Trying with 'requests_browser' strategy...
2026-08-13 04:27:23,626 - INFO - >>> SUCCESSFULLY SAVED [ID: 102907] - Three men will be executed the same day as US sees steep rise in death penalty - BBC News from BBC (1464 words)
2026-08-13 04:27:23,684 - WARNING - [Al Jazeera] FAILED with 'requests_browser' (content was too short: 58 words).
2026-08-13 04:27:24,274 - INFO - [Al Jazeera] Article: https://www.aljazeera.com/video/newsfeed/2026/8/13/solar-eclipse-carves-eiffel-towers-silhouette-in-paris-sky?traffic_source=rss
2026-08-13 04:27:24,274 - INFO - [Al Jazeera] Attempt 2/2: Trying with 'selenium_browser' strategy...
2026-08-13 04:27:24,986 - INFO - [BBC] Early skip: URL https://www.bbc.co.uk/news/videos/cjej4y3gvzlo?at_medium=RSS&at_campaign=rss already exists.
2026-08-13 04:27:25,001 - INFO - [BBC] Article: https://www.bbc.co.uk/news/articles/cx2v1893n3eo?at_medium=RSS&at_campaign=rss
2026-08-13 04:27:25,002 - INFO - [BBC] Attempt 1/2: Trying with 'requests_browser' strategy...
2026-08-13 04:27:25,625 - INFO - [BBC] Success with 'requests_browser'. Found content (342 words).
2026-08-13 04:27:25,671 - INFO - [The Hindu] Success with 'selenium_browser'. Found content (165 words).
2026-08-13 04:27:29,549 - INFO - >>> SUCCESSFULLY SAVED [ID: 102908] - BTS: V reveals hearing loss battle during livestream - BBC News from BBC (342 words)
2026-08-13 04:27:31,106 - INFO - [BBC] Early skip: URL https://www.bbc.co.uk/news/articles/cx2r179e232o?at_medium=RSS&at_campaign=rss already exists.
2026-08-13 04:27:31,571 - INFO - [BBC] Article: https://www.bbc.co.uk/news/articles/c5yw7vdwjxyo?at_medium=RSS&at_campaign=rss
2026-08-13 04:27:31,571 - INFO - [BBC] Attempt 1/2: Trying with 'requests_browser' strategy...
2026-08-13 04:27:32,783 - INFO - >>> SUCCESSFULLY SAVED [ID: 102909] - Blood donation camps in Belagavi on August 15 - The Hindu from The Hindu (165 words)
2026-08-13 04:27:32,808 - INFO - [Al Jazeera] Page content loaded.
2026-08-13 04:27:33,177 - INFO - [BBC] Success with 'requests_browser'. Found content (470 words).
2026-08-13 04:27:33,538 - WARNING - [Al Jazeera] FAILED with 'selenium_browser' (content was too short: 58 words).
2026-08-13 04:27:33,538 - ERROR - [Al Jazeera] All scrape strategies failed for https://www.aljazeera.com/video/newsfeed/2026/8/13/solar-eclipse-carves-eiffel-towers-silhouette-in-paris-sky?traffic_source=rss. Falling back to RSS description.
2026-08-13 04:27:33,538 - WARNING - SKIPPED (GLOBAL WORD LIMIT): Article 'Solar eclipse carves Eiffel Tower’s silhouette in Paris sky' from Al Jazeera has only 13 words (Min: 90).
2026-08-13 04:27:33,792 - INFO - [The Hindu] Article: https://www.thehindu.com/news/cities/Hyderabad/constable-found-dead-in-lb-nagar-police-station/article71335018.ece
2026-08-13 04:27:33,792 - INFO - [The Hindu] Attempt 1/1: Trying with 'selenium_browser' strategy...
2026-08-13 04:27:35,572 - INFO - [Al Jazeera] Article: https://www.aljazeera.com/video/newsfeed/2026/8/13/aje-onl-nf_skateboarder-times-epic-stunt-with-solar-eclipse-120826?traffic_source=rss
2026-08-13 04:27:35,572 - INFO - [Al Jazeera] Attempt 1/2: Trying with 'requests_browser' strategy...
2026-08-13 04:27:37,275 - INFO - >>> SUCCESSFULLY SAVED [ID: 102910] - Australian army whistleblower released on parole after more than two years in jail - BBC News from BBC (470 words)
2026-08-13 04:27:37,364 - WARNING - [Al Jazeera] FAILED with 'requests_browser' (content was too short: 65 words).
2026-08-13 04:27:38,110 - INFO - [Al Jazeera] Article: https://www.aljazeera.com/video/newsfeed/2026/8/13/aje-onl-nf_skateboarder-times-epic-stunt-with-solar-eclipse-120826?traffic_source=rss
2026-08-13 04:27:38,110 - INFO - [Al Jazeera] Attempt 2/2: Trying with 'selenium_browser' strategy...
2026-08-13 04:27:38,488 - INFO - [BBC] Early skip: URL https://www.bbc.co.uk/news/articles/c9d83j4ql2xo?at_medium=RSS&at_campaign=rss already exists.
2026-08-13 04:27:38,489 - INFO - [BBC] Early skip: URL https://www.bbc.co.uk/news/articles/cvglzrvyrz3o?at_medium=RSS&at_campaign=rss already exists.
2026-08-13 04:27:38,492 - INFO - [BBC] Article: https://www.bbc.co.uk/news/articles/cp30pz8d09jo?at_medium=RSS&at_campaign=rss
2026-08-13 04:27:38,492 - INFO - [BBC] Attempt 1/2: Trying with 'requests_browser' strategy...
2026-08-13 04:27:38,925 - INFO - [BBC] Success with 'requests_browser'. Found content (424 words).
2026-08-13 04:27:43,145 - INFO - >>> SUCCESSFULLY SAVED [ID: 102911] - Twitch users can now block Amazon from using their content to train AI - BBC News from BBC (424 words)
2026-08-13 04:27:43,758 - INFO - [Al Jazeera] Page content loaded.
2026-08-13 04:27:44,594 - INFO - [BBC] Early skip: URL https://www.bbc.co.uk/news/articles/cz7d2e5wlgno?at_medium=RSS&at_campaign=rss already exists.
2026-08-13 04:27:44,611 - INFO - [BBC] Early skip: URL https://www.bbc.co.uk/news/articles/czxe2vyxd7do?at_medium=RSS&at_campaign=rss already exists.
2026-08-13 04:27:44,623 - INFO - [BBC] Early skip: URL https://www.bbc.co.uk/news/articles/cm2gp3zmkpmo?at_medium=RSS&at_campaign=rss already exists.
2026-08-13 04:27:44,631 - INFO - [BBC] Early skip: URL https://www.bbc.co.uk/news/articles/c75g9777wwxo?at_medium=RSS&at_campaign=rss already exists.
2026-08-13 04:27:44,636 - INFO - [BBC] Early skip: URL https://www.bbc.co.uk/news/articles/c4g306eln8wo?at_medium=RSS&at_campaign=rss already exists.
2026-08-13 04:27:44,638 - INFO - [BBC] Early skip: URL https://www.bbc.co.uk/news/articles/cdewpklnzwxo?at_medium=RSS&at_campaign=rss already exists.
2026-08-13 04:27:44,639 - INFO - [BBC] Early skip: URL https://www.bbc.co.uk/news/articles/c20d292gdp4o?at_medium=RSS&at_campaign=rss already exists.
2026-08-13 04:27:44,650 - INFO - [BBC] Early skip: URL https://www.bbc.co.uk/news/articles/cx256pp33l3o?at_medium=RSS&at_campaign=rss already exists.
2026-08-13 04:27:44,653 - INFO - [BBC] Early skip: URL https://www.bbc.co.uk/news/articles/c20d8g0qze0o?at_medium=RSS&at_campaign=rss already exists.
2026-08-13 04:27:44,656 - INFO - [BBC] Early skip: URL https://www.bbc.co.uk/news/articles/cwymw4434v7o?at_medium=RSS&at_campaign=rss already exists.
2026-08-13 04:27:44,659 - INFO - [BBC] Early skip: URL https://www.bbc.co.uk/news/articles/cn0n8nd6645o?at_medium=RSS&at_campaign=rss already exists.
2026-08-13 04:27:44,664 - INFO - [BBC] Early skip: URL https://www.bbc.co.uk/news/articles/cx2kvlye1k5o?at_medium=RSS&at_campaign=rss already exists.
2026-08-13 04:27:44,667 - INFO - [BBC] Early skip: URL https://www.bbc.co.uk/news/videos/cvg7zrxknvno?at_medium=RSS&at_campaign=rss already exists.
2026-08-13 04:27:44,693 - INFO - [BBC] Early skip: URL https://www.bbc.co.uk/news/videos/ckge0e0g95no?at_medium=RSS&at_campaign=rss already exists.
2026-08-13 04:27:44,731 - INFO - [BBC] Early skip: URL https://www.bbc.co.uk/news/videos/cy4k1jldxnwo?at_medium=RSS&at_campaign=rss already exists.
2026-08-13 04:27:44,732 - WARNING - [Al Jazeera] FAILED with 'selenium_browser' (content was too short: 69 words).
2026-08-13 04:27:44,733 - ERROR - [Al Jazeera] All scrape strategies failed for https://www.aljazeera.com/video/newsfeed/2026/8/13/aje-onl-nf_skateboarder-times-epic-stunt-with-solar-eclipse-120826?traffic_source=rss. Falling back to RSS description.
2026-08-13 04:27:44,733 - WARNING - SKIPPED (GLOBAL WORD LIMIT): Article 'Olympic skateboarder times epic stunt with solar eclipse' from Al Jazeera has only 21 words (Min: 90).
2026-08-13 04:27:44,736 - INFO - [BBC] Early skip: URL https://www.bbc.co.uk/news/videos/cj3672ljgzro?at_medium=RSS&at_campaign=rss already exists.
2026-08-13 04:27:44,738 - INFO - [BBC] Early skip: URL https://www.bbc.co.uk/news/videos/c5y3vzvnnkro?at_medium=RSS&at_campaign=rss already exists.
2026-08-13 04:27:44,742 - INFO - [BBC] (Thread) Finished. Attempting to shut down its Selenium driver.
2026-08-13 04:27:44,870 - INFO - [BBC] (Thread) driver.quit() successful.
2026-08-13 04:27:45,953 - INFO - [Wired] Page content loaded.
2026-08-13 04:27:46,169 - INFO - [Al Jazeera] Early skip: URL https://www.aljazeera.com/news/2026/8/13/zimbabwes-land-reform-enters-a-new-chapter?traffic_source=rss already exists.
2026-08-13 04:27:46,174 - INFO - [Al Jazeera] Article: https://www.aljazeera.com/video/newsfeed/2026/8/13/aje-onl-nf_erling-haaland-branded-cocaine-seized-in-ecuador-120826?traffic_source=rss
2026-08-13 04:27:46,174 - INFO - [Al Jazeera] Attempt 1/2: Trying with 'requests_browser' strategy...
2026-08-13 04:27:46,493 - WARNING - [Al Jazeera] FAILED with 'requests_browser' (content was too short: 63 words).
2026-08-13 04:27:47,443 - INFO - [Al Jazeera] Article: https://www.aljazeera.com/video/newsfeed/2026/8/13/aje-onl-nf_erling-haaland-branded-cocaine-seized-in-ecuador-120826?traffic_source=rss
2026-08-13 04:27:47,444 - INFO - [Al Jazeera] Attempt 2/2: Trying with 'selenium_browser' strategy...
2026-08-13 04:27:49,342 - INFO - [Wired] Success with 'selenium_browser'. Found content (995 words).
2026-08-13 04:27:54,050 - ERROR - Error saving article Nike Promo Codes and Discounts: 30% for August 2026 | WIRED: Hrana: `stream error: `Error { message: "SQLite error: UNIQUE constraint failed: articles.url", code: "SQLITE_CONSTRAINT" }``
2026-08-13 04:27:54,051 - INFO - [Al Jazeera] Page content loaded.
2026-08-13 04:27:54,735 - INFO - [Wired] Article: https://www.wired.com/story/oneplus-promo-code/
2026-08-13 04:27:54,735 - INFO - [Wired] Attempt 1/2: Trying with 'requests_browser' strategy...
2026-08-13 04:27:55,028 - ERROR - parsed tree length: 1, wrong data type or not valid HTML
2026-08-13 04:27:55,028 - ERROR - empty HTML tree: None
2026-08-13 04:27:55,034 - WARNING - discarding data: None
2026-08-13 04:27:55,034 - WARNING - [Wired] FAILED with 'requests_browser' (content was too short: 0 words).
2026-08-13 04:27:55,746 - WARNING - [Al Jazeera] FAILED with 'selenium_browser' (content was too short: 67 words).
2026-08-13 04:27:55,746 - ERROR - [Al Jazeera] All scrape strategies failed for https://www.aljazeera.com/video/newsfeed/2026/8/13/aje-onl-nf_erling-haaland-branded-cocaine-seized-in-ecuador-120826?traffic_source=rss. Falling back to RSS description.
2026-08-13 04:27:55,746 - WARNING - SKIPPED (GLOBAL WORD LIMIT): Article 'Half a tonne of Erling Haaland branded cocaine seized in Ecuador' from Al Jazeera has only 16 words (Min: 90).
2026-08-13 04:27:55,826 - INFO - [Wired] Article: https://www.wired.com/story/oneplus-promo-code/
2026-08-13 04:27:55,826 - INFO - [Wired] Attempt 2/2: Trying with 'selenium_browser' strategy...
2026-08-13 04:27:56,947 - INFO - [Al Jazeera] Early skip: URL https://www.aljazeera.com/news/liveblog/2026/8/13/iran-war-live-us-and-iran-exchange-opposing-claims-over-hormuz-control?traffic_source=rss already exists.
2026-08-13 04:27:56,948 - INFO - [Al Jazeera] Early skip: URL https://www.aljazeera.com/news/2026/8/12/trump-administration-arrests-southern-poverty-law-center-expert-for-fraud?traffic_source=rss already exists.
2026-08-13 04:27:56,952 - INFO - [Al Jazeera] Early skip: URL https://www.aljazeera.com/economy/2026/8/12/media-groups-sue-trump-over-paid-access-to-public-social-media-posts?traffic_source=rss already exists.
2026-08-13 04:27:56,953 - INFO - [Al Jazeera] Early skip: URL https://www.aljazeera.com/news/2026/8/12/trump-administration-plans-to-give-ice-officers-electric-shock-gloves?traffic_source=rss already exists.
2026-08-13 04:27:56,955 - INFO - [Al Jazeera] Early skip: URL https://www.aljazeera.com/news/2026/8/12/us-strikes-in-yemen-killed-153-civilians-in-2025-says-pentagon-review?traffic_source=rss already exists.
2026-08-13 04:27:56,957 - INFO - [Al Jazeera] Early skip: URL https://www.aljazeera.com/news/2026/8/12/hegseth-cautions-that-icc-may-investigate-us-boat-strikes-in-latin-america?traffic_source=rss already exists.
2026-08-13 04:27:56,958 - INFO - [Al Jazeera] Early skip: URL https://www.aljazeera.com/sports/2026/8/12/psg-win-back-to-back-uefa-super-cups-with-victory-over-aston-villa?traffic_source=rss already exists.
2026-08-13 04:27:56,962 - INFO - [Al Jazeera] Article: https://www.aljazeera.com/video/newsfeed/2026/8/12/thousands-missing-after-colombia-quake-as-rescue-continues?traffic_source=rss
2026-08-13 04:27:56,962 - INFO - [Al Jazeera] Attempt 1/2: Trying with 'requests_browser' strategy...
2026-08-13 04:27:57,311 - WARNING - [Al Jazeera] FAILED with 'requests_browser' (content was too short: 68 words).
2026-08-13 04:27:58,050 - INFO - [Al Jazeera] Article: https://www.aljazeera.com/video/newsfeed/2026/8/12/thousands-missing-after-colombia-quake-as-rescue-continues?traffic_source=rss
2026-08-13 04:27:58,050 - INFO - [Al Jazeera] Attempt 2/2: Trying with 'selenium_browser' strategy...
2026-08-13 04:27:58,118 - INFO - [NDTV] Page content loaded.
2026-08-13 04:27:58,569 - INFO - [NDTV] Success with 'selenium_browser'. Found content (791 words).
2026-08-13 04:28:02,439 - INFO - >>> SUCCESSFULLY SAVED [ID: 102913] - Karnataka Bandh Today: Karnataka Bandh Over Cauvery Gets "Moral Support", Bus, School Ops Normal from NDTV (791 words)
2026-08-13 04:28:03,910 - INFO - [NDTV] Article: https://www.ndtv.com/world-news/millions-gather-to-see-in-spains-1st-total-solar-eclipse-in-over-a-century-11902889#publisher=newsstand
2026-08-13 04:28:03,911 - INFO - [NDTV] Attempt 1/2: Trying with 'requests_browser' strategy...
2026-08-13 04:28:03,929 - INFO - [Al Jazeera] Page content loaded.
2026-08-13 04:28:04,205 - ERROR - [NDTV] Request failed for strategy 'requests_browser' on URL https://www.ndtv.com/world-news/millions-gather-to-see-in-spains-1st-total-solar-eclipse-in-over-a-century-11902889#publisher=newsstand: 403 Client Error: Forbidden for url: https://www.ndtv.com/world-news/millions-gather-to-see-in-spains-1st-total-solar-eclipse-in-over-a-century-11902889#publisher=newsstand
2026-08-13 04:28:04,795 - INFO - [NDTV] Article: https://www.ndtv.com/world-news/millions-gather-to-see-in-spains-1st-total-solar-eclipse-in-over-a-century-11902889#publisher=newsstand
2026-08-13 04:28:04,795 - INFO - [NDTV] Attempt 2/2: Trying with 'selenium_browser' strategy...
2026-08-13 04:28:04,839 - WARNING - [Al Jazeera] FAILED with 'selenium_browser' (content was too short: 72 words).
2026-08-13 04:28:04,839 - ERROR - [Al Jazeera] All scrape strategies failed for https://www.aljazeera.com/video/newsfeed/2026/8/12/thousands-missing-after-colombia-quake-as-rescue-continues?traffic_source=rss. Falling back to RSS description.
2026-08-13 04:28:04,839 - WARNING - SKIPPED (GLOBAL WORD LIMIT): Article 'Thousands missing after Colombia quake as rescue continues' from Al Jazeera has only 8 words (Min: 90).
2026-08-13 04:28:05,482 - INFO - [Al Jazeera] Early skip: URL https://www.aljazeera.com/news/2026/8/12/morocco-says-working-to-prevent-potential-new-ceuta-crossings-surge?traffic_source=rss already exists.
2026-08-13 04:28:05,483 - INFO - [Al Jazeera] Article: https://www.aljazeera.com/video/newsfeed/2026/8/12/11-year-old-boy-shot-by-israeli-forces-in-gaza?traffic_source=rss
2026-08-13 04:28:05,483 - INFO - [Al Jazeera] Attempt 1/2: Trying with 'requests_browser' strategy...
2026-08-13 04:28:05,687 - WARNING - [Al Jazeera] FAILED with 'requests_browser' (content was too short: 62 words).
2026-08-13 04:28:06,250 - INFO - [Al Jazeera] Article: https://www.aljazeera.com/video/newsfeed/2026/8/12/11-year-old-boy-shot-by-israeli-forces-in-gaza?traffic_source=rss
2026-08-13 04:28:06,250 - INFO - [Al Jazeera] Attempt 2/2: Trying with 'selenium_browser' strategy...
2026-08-13 04:28:07,117 - INFO - [The Hindu] Page content loaded.
2026-08-13 04:28:12,100 - INFO - [Al Jazeera] Page content loaded.
2026-08-13 04:28:12,825 - WARNING - [Al Jazeera] FAILED with 'selenium_browser' (content was too short: 66 words).
2026-08-13 04:28:12,826 - ERROR - [Al Jazeera] All scrape strategies failed for https://www.aljazeera.com/video/newsfeed/2026/8/12/11-year-old-boy-shot-by-israeli-forces-in-gaza?traffic_source=rss. Falling back to RSS description.
2026-08-13 04:28:12,826 - WARNING - SKIPPED (GLOBAL WORD LIMIT): Article '11-year-old boy shot by Israeli forces in Gaza' from Al Jazeera has only 20 words (Min: 90).
2026-08-13 04:28:13,671 - INFO - [Al Jazeera] Article: https://www.aljazeera.com/video/newsfeed/2026/8/12/drone-attacks-on-energy-infrastructure-deepen-libyas-energy-crisis?traffic_source=rss
2026-08-13 04:28:13,671 - INFO - [Al Jazeera] Attempt 1/2: Trying with 'requests_browser' strategy...
2026-08-13 04:28:13,906 - WARNING - [Al Jazeera] FAILED with 'requests_browser' (content was too short: 65 words).
2026-08-13 04:28:14,788 - INFO - [Al Jazeera] Article: https://www.aljazeera.com/video/newsfeed/2026/8/12/drone-attacks-on-energy-infrastructure-deepen-libyas-energy-crisis?traffic_source=rss
2026-08-13 04:28:14,788 - INFO - [Al Jazeera] Attempt 2/2: Trying with 'selenium_browser' strategy...
2026-08-13 04:28:15,132 - ERROR - [The Hindu] Request failed for strategy 'selenium_browser' on URL https://www.thehindu.com/news/cities/Hyderabad/constable-found-dead-in-lb-nagar-police-station/article71335018.ece: Message: timeout: Timed out receiving message from renderer: 7.000
  (Session info: chrome=152.0.7977.42)
Stacktrace:
#0 0x55d9eb7ce2ca <unknown>
#1 0x55d9eb131b39 <unknown>
#2 0x55d9eb1195bb <unknown>
#3 0x55d9eb119236 <unknown>
#4 0x55d9eb116e18 <unknown>
#5 0x55d9eb11779f <unknown>
#6 0x55d9eb126880 <unknown>
#7 0x55d9eb1407b7 <unknown>
#8 0x55d9eb14819b <unknown>
#9 0x55d9eb117ef9 <unknown>
#10 0x55d9eb140512 <unknown>
#11 0x55d9eb1cfb26 <unknown>
#12 0x55d9eb17aecb <unknown>
#13 0x55d9eb17bcb1 <unknown>
#14 0x55d9eb7927f0 <unknown>
#15 0x55d9eb790e6a <unknown>
#16 0x55d9eb77bbb5 <unknown>
#17 0x55d9eb791b2a <unknown>
#18 0x55d9eb764df0 <unknown>
#19 0x55d9eb7b9238 <unknown>
#20 0x55d9eb7b93d5 <unknown>
#21 0x55d9eb7cce53 <unknown>
#22 0x7fe7c609caa4 <unknown>
#23 0x7fe7c6129c6c <unknown>

2026-08-13 04:28:15,132 - ERROR - [The Hindu] All scrape strategies failed for https://www.thehindu.com/news/cities/Hyderabad/constable-found-dead-in-lb-nagar-police-station/article71335018.ece. Falling back to RSS description.
2026-08-13 04:28:15,132 - WARNING - SKIPPED (GLOBAL WORD LIMIT): Article 'Constable found dead in LB Nagar police station' from The Hindu has only 3 words (Min: 90).
2026-08-13 04:28:15,973 - INFO - [The Hindu] Article: https://www.thehindu.com/news/national/karnataka/girl-of-belagavi-origin-wins-uk-chess-title/article71337366.ece
2026-08-13 04:28:15,973 - INFO - [The Hindu] Attempt 1/1: Trying with 'selenium_browser' strategy...
2026-08-13 04:28:16,807 - INFO - [NDTV] Page content loaded.
2026-08-13 04:28:17,559 - INFO - [Wired] Page content loaded.
2026-08-13 04:28:17,981 - INFO - [NDTV] Success with 'selenium_browser'. Found content (1125 words).
2026-08-13 04:28:19,007 - INFO - [The Hindu] Page content loaded.
2026-08-13 04:28:22,526 - WARNING - [Times of India] Page get timed out (7s). Proceeding to grab partial source anyway.
2026-08-13 04:28:22,537 - INFO - >>> SUCCESSFULLY SAVED [ID: 102914] - Millions Gather To Watch Spain's 1st Total Solar Eclipse In Over A Century from NDTV (1125 words)
2026-08-13 04:28:22,894 - INFO - [The Hindu] Success with 'selenium_browser'. Found content (118 words).
2026-08-13 04:28:22,898 - INFO - [Times of India] Page content loaded.
2026-08-13 04:28:23,012 - INFO - [Wired] Success with 'selenium_browser'. Found content (565 words).
2026-08-13 04:28:24,781 - INFO - [Al Jazeera] Page content loaded.
2026-08-13 04:28:25,258 - INFO - [NDTV] Article: https://www.ndtv.com/india-news/death-toll-rises-to-seven-in-landslide-in-mumbais-kurla-due-to-heavy-rain-11901722#publisher=newsstand
2026-08-13 04:28:26,193 - INFO - [NDTV] Attempt 1/2: Trying with 'requests_browser' strategy...
2026-08-13 04:28:26,472 - INFO - >>> SUCCESSFULLY SAVED [ID: 102915] - Girl of Belagavi origin wins UK chess title - The Hindu from The Hindu (118 words)
2026-08-13 04:28:26,728 - WARNING - [Al Jazeera] FAILED with 'selenium_browser' (content was too short: 69 words).
2026-08-13 04:28:26,729 - ERROR - [Al Jazeera] All scrape strategies failed for https://www.aljazeera.com/video/newsfeed/2026/8/12/drone-attacks-on-energy-infrastructure-deepen-libyas-energy-crisis?traffic_source=rss. Falling back to RSS description.
2026-08-13 04:28:26,729 - WARNING - SKIPPED (GLOBAL WORD LIMIT): Article 'Drone attacks on energy infrastructure deepen Libya’s energy crisis' from Al Jazeera has only 13 words (Min: 90).
2026-08-13 04:28:26,869 - ERROR - [NDTV] Request failed for strategy 'requests_browser' on URL https://www.ndtv.com/india-news/death-toll-rises-to-seven-in-landslide-in-mumbais-kurla-due-to-heavy-rain-11901722#publisher=newsstand: 403 Client Error: Forbidden for url: https://www.ndtv.com/india-news/death-toll-rises-to-seven-in-landslide-in-mumbais-kurla-due-to-heavy-rain-11901722#publisher=newsstand
2026-08-13 04:28:28,509 - INFO - [NDTV] Article: https://www.ndtv.com/india-news/death-toll-rises-to-seven-in-landslide-in-mumbais-kurla-due-to-heavy-rain-11901722#publisher=newsstand
2026-08-13 04:28:28,509 - INFO - [NDTV] Attempt 2/2: Trying with 'selenium_browser' strategy...
2026-08-13 04:28:28,510 - INFO - [Al Jazeera] Early skip: URL https://www.aljazeera.com/news/2026/8/12/israeli-air-strike-kills-one-in-northern-gaza?traffic_source=rss already exists.
2026-08-13 04:28:28,520 - INFO - [The Hindu] Article: https://www.thehindu.com/news/national/west-bengal/bills-for-delimitation-kolkata-and-howrah-municipal-corporation-passed-in-wb-assembly/article71337052.ece
2026-08-13 04:28:28,520 - INFO - [The Hindu] Attempt 1/1: Trying with 'selenium_browser' strategy...
2026-08-13 04:28:28,521 - INFO - [Al Jazeera] Article: https://www.aljazeera.com/video/newsfeed/2026/8/12/deadly-india-landslide-kills-at-least-seven-in-mumbai?traffic_source=rss
2026-08-13 04:28:29,953 - INFO - [Al Jazeera] Attempt 1/2: Trying with 'requests_browser' strategy...
2026-08-13 04:28:29,953 - ERROR - Error saving article OnePlus Promo Codes: 30% Off August 2026 | WIRED: Hrana: `stream error: `Error { message: "SQLite error: UNIQUE constraint failed: articles.url", code: "SQLITE_CONSTRAINT" }``
2026-08-13 04:28:30,134 - WARNING - [Al Jazeera] FAILED with 'requests_browser' (content was too short: 56 words).
2026-08-13 04:28:30,180 - INFO - [Times of India] Success with 'selenium_browser'. Found content (1037 words).
2026-08-13 04:28:30,808 - INFO - DEDUPLICATION: Found match (Score: 0.86). Linking to Cluster ID: ea7bb377-1ed9-433f-a500-e118c029ec73
2026-08-13 04:28:30,837 - INFO - [Al Jazeera] Article: https://www.aljazeera.com/video/newsfeed/2026/8/12/deadly-india-landslide-kills-at-least-seven-in-mumbai?traffic_source=rss
2026-08-13 04:28:30,837 - INFO - [Al Jazeera] Attempt 2/2: Trying with 'selenium_browser' strategy...
2026-08-13 04:28:32,235 - INFO - [Wired] Article: https://www.wired.com/story/chegg-coupon-code/
2026-08-13 04:28:32,237 - INFO - [Wired] Attempt 1/2: Trying with 'requests_browser' strategy...
2026-08-13 04:28:33,686 - INFO - [NDTV] Page content loaded.
2026-08-13 04:28:33,943 - INFO - >>> SUCCESSFULLY SAVED [ID: 102917] - Missile threat made Donald Trump move to smaller US jet during Turkey visit: Report from Times of India (1037 words)
2026-08-13 04:28:33,962 - ERROR - parsed tree length: 1, wrong data type or not valid HTML
2026-08-13 04:28:33,963 - ERROR - empty HTML tree: None
2026-08-13 04:28:33,963 - WARNING - discarding data: None
2026-08-13 04:28:33,963 - WARNING - [Wired] FAILED with 'requests_browser' (content was too short: 0 words).
2026-08-13 04:28:34,433 - INFO - [NDTV] Success with 'selenium_browser'. Found content (228 words).
2026-08-13 04:28:34,495 - INFO - [Wired] Article: https://www.wired.com/story/chegg-coupon-code/
2026-08-13 04:28:34,496 - INFO - [Wired] Attempt 2/2: Trying with 'selenium_browser' strategy...
2026-08-13 04:28:34,881 - INFO - [Al Jazeera] Page content loaded.
2026-08-13 04:28:35,165 - INFO - [Times of India] Article: https://timesofindia.indiatimes.com/world/us/in-2025-virginia-spent-8-million-rebuilding-1-09-miles-of-ragged-island-shoreline-the-project-created-2-6-acres-of-new-marsh-and-2-2-acres-of-oyster-reef-while-cutting-hundreds-of-tons-of-sediment-entering-chesapeake-bay/articleshow/133194062.cms
2026-08-13 04:28:35,165 - INFO - [Times of India] Attempt 1/1: Trying with 'selenium_browser' strategy...
2026-08-13 04:28:36,748 - WARNING - [Al Jazeera] FAILED with 'selenium_browser' (content was too short: 60 words).
2026-08-13 04:28:36,749 - ERROR - [Al Jazeera] All scrape strategies failed for https://www.aljazeera.com/video/newsfeed/2026/8/12/deadly-india-landslide-kills-at-least-seven-in-mumbai?traffic_source=rss. Falling back to RSS description.
2026-08-13 04:28:36,749 - WARNING - SKIPPED (GLOBAL WORD LIMIT): Article 'Deadly India landslide kills at least seven in Mumbai' from Al Jazeera has only 18 words (Min: 90).
2026-08-13 04:28:38,415 - INFO - [Al Jazeera] Early skip: URL https://www.aljazeera.com/video/inside-story/2026/8/12/can-syria-deliver-transitional-justice?traffic_source=rss already exists.
2026-08-13 04:28:38,415 - INFO - >>> SUCCESSFULLY SAVED [ID: 102918] - Kurla Landslide: 2 Children Among 7 Dead In Landslide In Mumbai's Kurla from NDTV (228 words)
2026-08-13 04:28:38,416 - INFO - [Al Jazeera] Article: https://www.aljazeera.com/video/newsfeed/2026/8/12/israel-vows-to-keep-troops-in-lebanon-gaza-and-syria?traffic_source=rss
2026-08-13 04:28:38,417 - INFO - [Al Jazeera] Attempt 1/2: Trying with 'requests_browser' strategy...
2026-08-13 04:28:38,569 - WARNING - [Al Jazeera] FAILED with 'requests_browser' (content was too short: 67 words).
2026-08-13 04:28:39,352 - INFO - [NDTV] Article: https://www.ndtv.com/india-news/5-5-magnitude-earthquake-strikes-ladakhs-leh-11902766#publisher=newsstand
2026-08-13 04:28:39,352 - INFO - [NDTV] Attempt 1/2: Trying with 'requests_browser' strategy...
2026-08-13 04:28:39,517 - INFO - [Al Jazeera] Article: https://www.aljazeera.com/video/newsfeed/2026/8/12/israel-vows-to-keep-troops-in-lebanon-gaza-and-syria?traffic_source=rss
2026-08-13 04:28:39,517 - INFO - [Al Jazeera] Attempt 2/2: Trying with 'selenium_browser' strategy...
2026-08-13 04:28:39,625 - ERROR - [NDTV] Request failed for strategy 'requests_browser' on URL https://www.ndtv.com/india-news/5-5-magnitude-earthquake-strikes-ladakhs-leh-11902766#publisher=newsstand: 403 Client Error: Forbidden for url: https://www.ndtv.com/india-news/5-5-magnitude-earthquake-strikes-ladakhs-leh-11902766#publisher=newsstand
2026-08-13 04:28:40,333 - INFO - [NDTV] Article: https://www.ndtv.com/india-news/5-5-magnitude-earthquake-strikes-ladakhs-leh-11902766#publisher=newsstand
2026-08-13 04:28:40,334 - INFO - [NDTV] Attempt 2/2: Trying with 'selenium_browser' strategy...
2026-08-13 04:28:41,354 - INFO - [Times of India] Page content loaded.
2026-08-13 04:28:41,766 - WARNING - [The Hindu] Page explicit wait timed out (3s). Proceeding anyway.
2026-08-13 04:28:43,031 - INFO - [The Hindu] Success with 'selenium_browser'. Found content (506 words).
2026-08-13 04:28:43,965 - INFO - [NDTV] Page content loaded.
2026-08-13 04:28:47,305 - INFO - [Wired] Page content loaded.
2026-08-13 04:28:47,310 - INFO - >>> SUCCESSFULLY SAVED [ID: 102919] - Bills for delimitation of Kolkata and Howrah municipal corporation passed in West Bengal Assembly - The Hindu from The Hindu (506 words)
2026-08-13 04:28:47,382 - INFO - [Al Jazeera] Page content loaded.
2026-08-13 04:28:47,607 - INFO - [NDTV] Success with 'selenium_browser'. Found content (221 words).
2026-08-13 04:28:47,771 - INFO - [Times of India] Success with 'selenium_browser'. Found content (1049 words).
2026-08-13 04:28:48,260 - WARNING - [Al Jazeera] FAILED with 'selenium_browser' (content was too short: 71 words).
2026-08-13 04:28:48,260 - ERROR - [Al Jazeera] All scrape strategies failed for https://www.aljazeera.com/video/newsfeed/2026/8/12/israel-vows-to-keep-troops-in-lebanon-gaza-and-syria?traffic_source=rss. Falling back to RSS description.
2026-08-13 04:28:48,260 - WARNING - SKIPPED (GLOBAL WORD LIMIT): Article 'Israel vows to keep troops in Lebanon, Gaza and Syria' from Al Jazeera has only 16 words (Min: 90).
2026-08-13 04:28:48,261 - INFO - [The Hindu] Article: https://www.thehindu.com/news/national/tamil-nadu/ten-fishermen-from-rameswaram-held-by-lankan-navy/article71339334.ece
2026-08-13 04:28:48,288 - INFO - [The Hindu] Attempt 1/1: Trying with 'selenium_browser' strategy...
2026-08-13 04:28:48,905 - INFO - [Wired] Success with 'selenium_browser'. Found content (629 words).
2026-08-13 04:28:49,419 - INFO - [Al Jazeera] Early skip: URL https://www.aljazeera.com/gallery/2026/8/12/photos-solar-eclipse-plunges-parts-of-europe-into-darkness?traffic_source=rss already exists.
2026-08-13 04:28:49,490 - INFO - [Al Jazeera] Early skip: URL https://www.aljazeera.com/news/2026/8/12/platformicide-of-palestine-activists-struggle-to-be-heard-on-meta?traffic_source=rss already exists.
2026-08-13 04:28:51,368 - INFO - [Al Jazeera] Early skip: URL https://www.aljazeera.com/news/2026/8/12/trump-reveals-karoline-leavitt-to-step-down-as-white-house-press-secretary?traffic_source=rss already exists.
2026-08-13 04:28:51,370 - INFO - [Al Jazeera] Early skip: URL https://www.aljazeera.com/sports/2026/8/12/josh-kushner-bob-iger-buying-los-angeles-lakers-for-record-12-5bn?traffic_source=rss already exists.
2026-08-13 04:28:52,321 - INFO - [Al Jazeera] Article: https://www.aljazeera.com/video/newsfeed/2026/8/12/iceland-and-spain-plunged-into-darkness-during-total-solar-eclipse?traffic_source=rss
2026-08-13 04:28:52,575 - INFO - [Al Jazeera] Attempt 1/2: Trying with 'requests_browser' strategy...
2026-08-13 04:28:52,577 - INFO - >>> SUCCESSFULLY SAVED [ID: 102920] - In 2025, Virginia spent $8 million rebuilding 1.09 miles of Ragged Island shoreline; the project created 2.6 acres of new marsh and 2.2 acres of oyster reef while cutting hundreds of tons of sediment entering Chesapeake Bay from Times of India (1049 words)
2026-08-13 04:28:52,725 - WARNING - [Al Jazeera] FAILED with 'requests_browser' (content was too short: 65 words).
2026-08-13 04:28:54,348 - INFO - [Times of India] Article: https://timesofindia.indiatimes.com/world/us/louisiana-created-1170-acres-of-new-wetlands-in-barataria-basin-one-year-later-shrimp-and-crabs-are-returning-to-the-restored-habitat/articleshow/133192949.cms
2026-08-13 04:28:54,348 - INFO - [Times of India] Attempt 1/1: Trying with 'selenium_browser' strategy...
2026-08-13 04:28:54,352 - INFO - [Al Jazeera] Article: https://www.aljazeera.com/video/newsfeed/2026/8/12/iceland-and-spain-plunged-into-darkness-during-total-solar-eclipse?traffic_source=rss
2026-08-13 04:28:54,352 - INFO - [Al Jazeera] Attempt 2/2: Trying with 'selenium_browser' strategy...
2026-08-13 04:28:56,029 - INFO - >>> SUCCESSFULLY SAVED [ID: 102921] - 5.5 Magnitude Earthquake Strikes Ladakh's Leh from NDTV (221 words)
2026-08-13 04:28:57,812 - INFO - [NDTV] Early skip: URL https://www.ndtv.com/world-news/indian-origin-teen-arjun-aravind-murders-mother-brother-in-us-home-chatgpted-fantasies-about-killing-family-11902759#publisher=newsstand already exists.
2026-08-13 04:28:58,275 - INFO - [NDTV] Article: https://www.ndtv.com/world-news/credible-missile-threat-behind-trumps-secret-aircraft-switch-in-turkey-report-11902846#publisher=newsstand
2026-08-13 04:28:58,277 - INFO - [NDTV] Attempt 1/2: Trying with 'requests_browser' strategy...
2026-08-13 04:28:59,233 - INFO - [Al Jazeera] Page content loaded.
2026-08-13 04:28:59,234 - ERROR - Error saving article Chegg Coupon Codes August 2026: Save on Study, Textbooks, & More | WIRED: Hrana: `stream error: `Error { message: "SQLite error: UNIQUE constraint failed: articles.url", code: "SQLITE_CONSTRAINT" }``
2026-08-13 04:28:59,460 - ERROR - [NDTV] Request failed for strategy 'requests_browser' on URL https://www.ndtv.com/world-news/credible-missile-threat-behind-trumps-secret-aircraft-switch-in-turkey-report-11902846#publisher=newsstand: 403 Client Error: Forbidden for url: https://www.ndtv.com/world-news/credible-missile-threat-behind-trumps-secret-aircraft-switch-in-turkey-report-11902846#publisher=newsstand
2026-08-13 04:28:59,749 - INFO - [Wired] Article: https://www.wired.com/story/paramount-plus-coupon-code/
2026-08-13 04:28:59,749 - INFO - [Wired] Attempt 1/2: Trying with 'requests_browser' strategy...
2026-08-13 04:28:59,978 - ERROR - parsed tree length: 1, wrong data type or not valid HTML
2026-08-13 04:28:59,978 - ERROR - empty HTML tree: None
2026-08-13 04:28:59,978 - WARNING - discarding data: None
2026-08-13 04:28:59,979 - WARNING - [Wired] FAILED with 'requests_browser' (content was too short: 0 words).
2026-08-13 04:29:00,030 - WARNING - [Al Jazeera] FAILED with 'selenium_browser' (content was too short: 69 words).
2026-08-13 04:29:00,031 - ERROR - [Al Jazeera] All scrape strategies failed for https://www.aljazeera.com/video/newsfeed/2026/8/12/iceland-and-spain-plunged-into-darkness-during-total-solar-eclipse?traffic_source=rss. Falling back to RSS description.
2026-08-13 04:29:00,031 - WARNING - SKIPPED (GLOBAL WORD LIMIT): Article 'Iceland and Spain plunged into darkness during total solar eclipse' from Al Jazeera has only 15 words (Min: 90).
2026-08-13 04:29:00,169 - INFO - [NDTV] Article: https://www.ndtv.com/world-news/credible-missile-threat-behind-trumps-secret-aircraft-switch-in-turkey-report-11902846#publisher=newsstand
2026-08-13 04:29:00,169 - INFO - [NDTV] Attempt 2/2: Trying with 'selenium_browser' strategy...
2026-08-13 04:29:00,636 - INFO - [Al Jazeera] (Thread) Finished. Attempting to shut down its Selenium driver.
2026-08-13 04:29:00,737 - INFO - [Wired] Article: https://www.wired.com/story/paramount-plus-coupon-code/
2026-08-13 04:29:00,737 - INFO - [Wired] Attempt 2/2: Trying with 'selenium_browser' strategy...
2026-08-13 04:29:01,009 - INFO - [Al Jazeera] (Thread) driver.quit() successful.
2026-08-13 04:29:03,457 - INFO - [NDTV] Page content loaded.
2026-08-13 04:29:03,951 - INFO - [NDTV] Success with 'selenium_browser'. Found content (511 words).
2026-08-13 04:29:04,440 - INFO - DEDUPLICATION: Found match (Score: 0.84). Linking to Cluster ID: ea7bb377-1ed9-433f-a500-e118c029ec73
2026-08-13 04:29:06,340 - WARNING - [The Hindu] Page get timed out (7s). Proceeding to grab partial source anyway.
2026-08-13 04:29:07,531 - INFO - >>> SUCCESSFULLY SAVED [ID: 102923] - Credible Missile Threat Behind Trump's Secret Aircraft Switch In Turkey: Report from NDTV (511 words)
2026-08-13 04:29:07,920 - INFO - [Wired] Page content loaded.
2026-08-13 04:29:08,752 - INFO - [Wired] Success with 'selenium_browser'. Found content (1422 words).
2026-08-13 04:29:09,033 - INFO - [NDTV] Article: https://www.ndtv.com/business-news/private-vs-public-market-investing-equity-stock-big-returns-personal-finance-11902702#publisher=newsstand
2026-08-13 04:29:09,033 - INFO - [NDTV] Attempt 1/2: Trying with 'requests_browser' strategy...
2026-08-13 04:29:12,006 - ERROR - Error saving article Paramount+ Coupon Codes and Deals for August 2026 | WIRED: Hrana: `stream error: `Error { message: "SQLite error: UNIQUE constraint failed: articles.url", code: "SQLITE_CONSTRAINT" }``
2026-08-13 04:29:12,006 - INFO - [Times of India] Page content loaded.
2026-08-13 04:29:12,008 - ERROR - [NDTV] Request failed for strategy 'requests_browser' on URL https://www.ndtv.com/business-news/private-vs-public-market-investing-equity-stock-big-returns-personal-finance-11902702#publisher=newsstand: 403 Client Error: Forbidden for url: https://www.ndtv.com/business-news/private-vs-public-market-investing-equity-stock-big-returns-personal-finance-11902702#publisher=newsstand
2026-08-13 04:29:12,645 - INFO - [Times of India] Success with 'selenium_browser'. Found content (911 words).
2026-08-13 04:29:13,180 - INFO - [Wired] Article: https://www.wired.com/story/top-walmart-promo-codes/
2026-08-13 04:29:13,180 - INFO - [NDTV] Article: https://www.ndtv.com/business-news/private-vs-public-market-investing-equity-stock-big-returns-personal-finance-11902702#publisher=newsstand
2026-08-13 04:29:13,180 - INFO - [NDTV] Attempt 2/2: Trying with 'selenium_browser' strategy...
2026-08-13 04:29:13,180 - INFO - [Wired] Attempt 1/2: Trying with 'requests_browser' strategy...
2026-08-13 04:29:13,343 - WARNING - [Economic Times] Page explicit wait timed out (3s). Proceeding anyway.
2026-08-13 04:29:13,431 - ERROR - parsed tree length: 1, wrong data type or not valid HTML
2026-08-13 04:29:13,432 - ERROR - empty HTML tree: None
2026-08-13 04:29:13,432 - WARNING - discarding data: None
2026-08-13 04:29:13,432 - WARNING - [Wired] FAILED with 'requests_browser' (content was too short: 0 words).
2026-08-13 04:29:14,962 - INFO - [Wired] Article: https://www.wired.com/story/top-walmart-promo-codes/
2026-08-13 04:29:14,962 - INFO - [Wired] Attempt 2/2: Trying with 'selenium_browser' strategy...
2026-08-13 04:29:14,964 - WARNING - [The Hindu] Page explicit wait timed out (3s). Proceeding anyway.
2026-08-13 04:29:16,643 - INFO - >>> SUCCESSFULLY SAVED [ID: 102925] - Louisiana created 1,170 acres of new wetlands in Barataria Basin; one year later, shrimp and crabs are returning to the restored habitat from Times of India (911 words)
2026-08-13 04:29:16,643 - INFO - [NDTV] Page content loaded.
2026-08-13 04:29:16,695 - INFO - [Economic Times] Success with 'selenium_browser'. Found content (562 words).
2026-08-13 04:29:16,898 - INFO - [NDTV] Success with 'selenium_browser'. Found content (902 words).
2026-08-13 04:29:18,410 - INFO - [Times of India] Article: https://timesofindia.indiatimes.com/world/china/ex-chinese-premier-zhu-rongji-who-drove-economic-reforms-and-led-china-into-the-wto-dies-at-97/articleshow/133196025.cms
2026-08-13 04:29:18,410 - INFO - [Times of India] Attempt 1/1: Trying with 'selenium_browser' strategy...
2026-08-13 04:29:19,840 - INFO - [Wired] Page content loaded.
2026-08-13 04:29:20,094 - INFO - >>> SUCCESSFULLY SAVED [ID: 102926] - HAL shares gain 2% after Q1 earnings beat estimates. Nomura, other brokerages hike target price - The Economic Times from Economic Times (562 words)
2026-08-13 04:29:21,858 - INFO - [Economic Times] Early skip: URL https://economictimes.indiatimes.com/markets/stocks/news/sebi-sees-no-cas-manipulation-eyes-more-participation/articleshow/133195469.cms already exists.
2026-08-13 04:29:22,326 - ERROR - [The Hindu] Request failed for strategy 'selenium_browser' on URL https://www.thehindu.com/news/national/tamil-nadu/ten-fishermen-from-rameswaram-held-by-lankan-navy/article71339334.ece: Message: timeout: Timed out receiving message from renderer: 7.000
  (Session info: chrome=152.0.7977.42)
Stacktrace:
#0 0x55d9eb7ce2ca <unknown>
#1 0x55d9eb131b39 <unknown>
#2 0x55d9eb1195bb <unknown>
#3 0x55d9eb119236 <unknown>
#4 0x55d9eb116e18 <unknown>
#5 0x55d9eb11779f <unknown>
#6 0x55d9eb126880 <unknown>
#7 0x55d9eb1407b7 <unknown>
#8 0x55d9eb14819b <unknown>
#9 0x55d9eb117ef9 <unknown>
#10 0x55d9eb140512 <unknown>
#11 0x55d9eb1cfb26 <unknown>
#12 0x55d9eb17aecb <unknown>
#13 0x55d9eb17bcb1 <unknown>
#14 0x55d9eb7927f0 <unknown>
#15 0x55d9eb790e6a <unknown>
#16 0x55d9eb77bbb5 <unknown>
#17 0x55d9eb791b2a <unknown>
#18 0x55d9eb764df0 <unknown>
#19 0x55d9eb7b9238 <unknown>
#20 0x55d9eb7b93d5 <unknown>
#21 0x55d9eb7cce53 <unknown>
#22 0x7fe7c609caa4 <unknown>
#23 0x7fe7c6129c6c <unknown>

2026-08-13 04:29:22,326 - ERROR - [The Hindu] All scrape strategies failed for https://www.thehindu.com/news/national/tamil-nadu/ten-fishermen-from-rameswaram-held-by-lankan-navy/article71339334.ece. Falling back to RSS description.
2026-08-13 04:29:22,327 - WARNING - SKIPPED (GLOBAL WORD LIMIT): Article 'Ten fishermen from Rameswaram held by Sri Lankan Navy on charges of fishing beyond Katchatheevu islet' from The Hindu has only 31 words (Min: 90).
2026-08-13 04:29:22,326 - INFO - [Economic Times] Early skip: URL https://economictimes.indiatimes.com/markets/stocks/earnings/vedanta-vedanta-aluminium-post-strong-q1-gains-as-metal-prices-lift-earnings/articleshow/133195427.cms already exists.
2026-08-13 04:29:23,273 - INFO - [The Hindu] Article: https://www.thehindu.com/news/cities/bangalore/new-kuvempu-theme-park-inaugurated-in-hbr-layout/article71333603.ece
2026-08-13 04:29:23,273 - INFO - [The Hindu] Attempt 1/1: Trying with 'selenium_browser' strategy...
2026-08-13 04:29:23,280 - INFO - [Economic Times] Article: https://economictimes.indiatimes.com/markets/stocks/news/msci-rejig-adani-energy-solutions-lenskart-solutions-make-the-cut-sbi-cards-astral-to-be-excluded/articleshow/133196026.cms
2026-08-13 04:29:23,529 - INFO - [Economic Times] Attempt 1/2: Trying with 'requests_browser' strategy...
2026-08-13 04:29:23,530 - INFO - >>> SUCCESSFULLY SAVED [ID: 102927] - Everyone Knows Stocks. Few Know Where Early Investors Make Huge Money from NDTV (902 words)
2026-08-13 04:29:23,615 - INFO - [Wired] Success with 'selenium_browser'. Found content (865 words).
2026-08-13 04:29:25,142 - INFO - [NDTV] Article: https://www.ndtv.com/world-news/in-a-first-googles-wearables-to-track-insulin-resistance-11902814#publisher=newsstand
2026-08-13 04:29:25,142 - INFO - [NDTV] Attempt 1/2: Trying with 'requests_browser' strategy...
2026-08-13 04:29:26,550 - ERROR - parsed tree length: 1, wrong data type or not valid HTML
2026-08-13 04:29:26,550 - ERROR - empty HTML tree: None
2026-08-13 04:29:26,550 - WARNING - discarding data: None
2026-08-13 04:29:26,550 - WARNING - [Economic Times] FAILED with 'requests_browser' (content was too short: 0 words).
2026-08-13 04:29:26,552 - ERROR - Error saving article Walmart Promo Codes: Up to 65% Off for August 2026 | WIRED: Hrana: `stream error: `Error { message: "SQLite error: UNIQUE constraint failed: articles.url", code: "SQLITE_CONSTRAINT" }``
2026-08-13 04:29:26,649 - ERROR - [NDTV] Request failed for strategy 'requests_browser' on URL https://www.ndtv.com/world-news/in-a-first-googles-wearables-to-track-insulin-resistance-11902814#publisher=newsstand: 403 Client Error: Forbidden for url: https://www.ndtv.com/world-news/in-a-first-googles-wearables-to-track-insulin-resistance-11902814#publisher=newsstand
2026-08-13 04:29:27,199 - INFO - [Economic Times] Article: https://economictimes.indiatimes.com/markets/stocks/news/msci-rejig-adani-energy-solutions-lenskart-solutions-make-the-cut-sbi-cards-astral-to-be-excluded/articleshow/133196026.cms
2026-08-13 04:29:27,199 - INFO - [Economic Times] Attempt 2/2: Trying with 'selenium_browser' strategy...
2026-08-13 04:29:27,386 - INFO - [NDTV] Article: https://www.ndtv.com/world-news/in-a-first-googles-wearables-to-track-insulin-resistance-11902814#publisher=newsstand
2026-08-13 04:29:27,389 - INFO - [NDTV] Attempt 2/2: Trying with 'selenium_browser' strategy...
2026-08-13 04:29:27,542 - INFO - [Wired] Article: https://www.wired.com/story/brooks-promo-code/
2026-08-13 04:29:27,542 - INFO - [Wired] Attempt 1/2: Trying with 'requests_browser' strategy...
2026-08-13 04:29:27,688 - ERROR - parsed tree length: 1, wrong data type or not valid HTML
2026-08-13 04:29:27,688 - ERROR - empty HTML tree: None
2026-08-13 04:29:27,688 - WARNING - discarding data: None
2026-08-13 04:29:27,688 - WARNING - [Wired] FAILED with 'requests_browser' (content was too short: 0 words).
2026-08-13 04:29:28,464 - INFO - [Wired] Article: https://www.wired.com/story/brooks-promo-code/
2026-08-13 04:29:28,465 - INFO - [Wired] Attempt 2/2: Trying with 'selenium_browser' strategy...
2026-08-13 04:29:29,747 - INFO - [NDTV] Page content loaded.
2026-08-13 04:29:30,111 - INFO - [NDTV] Success with 'selenium_browser'. Found content (765 words).
2026-08-13 04:29:32,245 - INFO - [Wired] Page content loaded.
2026-08-13 04:29:33,438 - INFO - >>> SUCCESSFULLY SAVED [ID: 102929] - In A First, Google's Wearables To Track Insulin Resistance from NDTV (765 words)
2026-08-13 04:29:33,460 - INFO - [Times of India] Page content loaded.
2026-08-13 04:29:33,833 - INFO - [Wired] Success with 'selenium_browser'. Found content (1208 words).
2026-08-13 04:29:34,068 - INFO - [NDTV] Early skip: URL https://www.ndtv.com/india-news/couple-injured-in-pitbull-attack-in-punjab-11902530#publisher=newsstand already exists.
2026-08-13 04:29:34,069 - INFO - [NDTV] Early skip: URL https://www.ndtv.com/noida-news/5-arrested-for-posing-as-gst-officials-extorting-rs-29-lakh-from-noida-man-11902680#publisher=newsstand already exists.
2026-08-13 04:29:34,072 - INFO - [NDTV] Early skip: URL https://www.ndtv.com/india-news/2-killed-2-children-injured-as-house-collapses-in-himachal-pradesh-11902619#publisher=newsstand already exists.
2026-08-13 04:29:34,074 - INFO - [NDTV] Early skip: URL https://www.ndtv.com/world-news/iran-war-donald-trump-bets-on-economic-pressure-against-iran-11902611#publisher=newsstand already exists.
2026-08-13 04:29:34,075 - INFO - [NDTV] Early skip: URL https://www.ndtv.com/delhi-news/dda-clears-redevelopment-of-50-year-old-two-storey-homes-across-delhi-11902594#publisher=newsstand already exists.
2026-08-13 04:29:34,076 - INFO - [NDTV] Early skip: URL https://www.ndtv.com/world-news/donald-trump-sued-over-paid-access-to-truth-social-posts-11902554#publisher=newsstand already exists.
2026-08-13 04:29:34,079 - INFO - [NDTV] Early skip: URL https://www.ndtv.com/world-news/donald-trump-after-karoline-leavitt-exit-from-white-house-press-secretary-11902509#publisher=newsstand already exists.
2026-08-13 04:29:34,080 - INFO - [NDTV] Early skip: URL https://www.ndtv.com/world-news/2-killed-after-us-army-apache-helicopter-crashes-in-texas-11902480#publisher=newsstand already exists.
2026-08-13 04:29:34,088 - INFO - [NDTV] Early skip: URL https://www.ndtv.com/india-news/16-shortlisted-for-ayodhya-ram-mandir-trust-ceo-post-final-interview-11902465#publisher=newsstand already exists.
2026-08-13 04:29:34,093 - INFO - [NDTV] Early skip: URL https://www.ndtv.com/world-news/white-house-press-secretary-karoline-leavitt-to-leave-job-at-months-end-11902340#publisher=newsstand already exists.
2026-08-13 04:29:34,104 - INFO - [NDTV] Early skip: URL https://www.ndtv.com/india-news/jhrakhand-students-protest-activist-devendra-mahto-seeks-civil-surgeons-nod-to-return-to-protest-site-11902274#publisher=newsstand already exists.
2026-08-13 04:29:34,111 - INFO - [NDTV] Early skip: URL https://www.ndtv.com/world-news/google-pixel-11-series-unveiled-with-new-chip-upgraded-cameras-check-prices-11902236#publisher=newsstand already exists.
2026-08-13 04:29:34,138 - INFO - [NDTV] (Thread) Finished. Attempting to shut down its Selenium driver.
2026-08-13 04:29:37,033 - ERROR - Error saving article 20% Off Brooks Promo Code | August 2026 | WIRED: Hrana: `stream error: `Error { message: "SQLite error: UNIQUE constraint failed: articles.url", code: "SQLITE_CONSTRAINT" }``
2026-08-13 04:29:37,054 - INFO - [NDTV] (Thread) driver.quit() successful.
2026-08-13 04:29:37,237 - INFO - [Times of India] Success with 'selenium_browser'. Found content (996 words).
2026-08-13 04:29:37,343 - WARNING - [The Hindu] Page get timed out (7s). Proceeding to grab partial source anyway.
2026-08-13 04:29:37,571 - INFO - DEDUPLICATION: Found match (Score: 0.87). Linking to Cluster ID: 387dc3a8-0994-4c17-8508-107591f1b084
2026-08-13 04:29:38,975 - INFO - [Wired] Article: https://www.wired.com/story/sams-club-coupon/
2026-08-13 04:29:38,975 - INFO - [Wired] Attempt 1/2: Trying with 'requests_browser' strategy...
2026-08-13 04:29:40,377 - INFO - [Economic Times] Page content loaded.
2026-08-13 04:29:40,626 - INFO - >>> SUCCESSFULLY SAVED [ID: 102931] - Ex-Chinese Premier Zhu Rongji, who drove economic reforms and led China into the WTO, dies at 97 from Times of India (996 words)
2026-08-13 04:29:40,646 - ERROR - parsed tree length: 1, wrong data type or not valid HTML
2026-08-13 04:29:40,647 - ERROR - empty HTML tree: None
2026-08-13 04:29:40,647 - WARNING - discarding data: None
2026-08-13 04:29:40,648 - WARNING - [Wired] FAILED with 'requests_browser' (content was too short: 0 words).
2026-08-13 04:29:40,737 - INFO - [Economic Times] Success with 'selenium_browser'. Found content (405 words).
2026-08-13 04:29:42,409 - INFO - [Wired] Article: https://www.wired.com/story/sams-club-coupon/
2026-08-13 04:29:42,874 - INFO - [Wired] Attempt 2/2: Trying with 'selenium_browser' strategy...
2026-08-13 04:29:42,410 - INFO - [Times of India] Article: https://timesofindia.indiatimes.com/world/us/30-senators-flag-delays-in-us-visa-appointments-for-indian-students/articleshow/133196005.cms
2026-08-13 04:29:44,072 - INFO - [Times of India] Attempt 1/1: Trying with 'selenium_browser' strategy...
2026-08-13 04:29:44,072 - INFO - >>> SUCCESSFULLY SAVED [ID: 102932] - MSCI Rejig: Adani Energy Solutions, Lenskart Solutions make the cut; SBI Cards, Astral to be excluded - The Economic Times from Economic Times (405 words)
2026-08-13 04:29:44,362 - WARNING - [The Hindu] Page explicit wait timed out (3s). Proceeding anyway.
2026-08-13 04:29:44,668 - INFO - [Economic Times] Early skip: URL https://economictimes.indiatimes.com/markets/stocks/news/bank-deposits-hit-decade-high-growth-as-nri-dollar-inflows-cross-37-billion/articleshow/133195343.cms already exists.
2026-08-13 04:29:44,670 - INFO - [Economic Times] Early skip: URL https://economictimes.indiatimes.com/markets/ipos/fpos/yotta-plans-ipo-of-up-to-rs-8000-cr-to-fund-ai-infra-push/articleshow/133195570.cms already exists.
2026-08-13 04:29:44,671 - INFO - [Economic Times] Early skip: URL https://economictimes.indiatimes.com/news/economy/policy/rbi-special-windows-seen-big-enough-to-bring-in-100b/articleshow/132813309.cms already exists.
2026-08-13 04:29:44,672 - INFO - [Economic Times] Early skip: URL https://economictimes.indiatimes.com/news/economy/foreign-trade/india-canada-aim-to-conclude-cepa-trade-pact-by-end-2026-mea/articleshow/132813105.cms already exists.
2026-08-13 04:29:44,673 - INFO - [Economic Times] Early skip: URL https://economictimes.indiatimes.com/news/economy/infrastructure/govts-urban-reset-centre-divides-ministry-of-housing-and-urban-affairs-into-two-specialised-verticals/articleshow/132812900.cms already exists.
2026-08-13 04:29:44,675 - INFO - [Economic Times] Article: https://economictimes.indiatimes.com/news/economy/foreign-trade/india-uk-ceta-takes-effect-first-zero-duty-indian-coffee-jewellery-consignments-reach-uk-shores/articleshow/132442764.cms
2026-08-13 04:29:44,675 - INFO - [Economic Times] Attempt 1/2: Trying with 'requests_browser' strategy...
2026-08-13 04:29:45,027 - INFO - [Economic Times] Success with 'requests_browser'. Found content (946 words).
2026-08-13 04:29:45,241 - INFO - [Wired] Page content loaded.
2026-08-13 04:29:48,227 - INFO - [Times of India] Page content loaded.
2026-08-13 04:29:48,235 - ERROR - Error saving article India-UK CETA takes effect: First zero-duty Indian coffee, jewellery consignments reach UK shores - The Economic Times: Hrana: `stream error: `Error { message: "SQLite error: UNIQUE constraint failed: articles.url", code: "SQLITE_CONSTRAINT" }``
2026-08-13 04:29:48,306 - INFO - [Wired] Success with 'selenium_browser'. Found content (779 words).
2026-08-13 04:29:49,873 - INFO - [Economic Times] Article: https://economictimes.indiatimes.com/news/economy/foreign-trade/from-oman-to-tanzania-how-the-iran-war-is-redrawing-indias-trade-map/articleshow/131762760.cms
2026-08-13 04:29:49,874 - INFO - [Economic Times] Attempt 1/2: Trying with 'requests_browser' strategy...
2026-08-13 04:29:51,270 - ERROR - Error saving article Sam's Club Promo Codes and Membership Deals for August 2026 | WIRED: Hrana: `stream error: `Error { message: "SQLite error: UNIQUE constraint failed: articles.url", code: "SQLITE_CONSTRAINT" }``
2026-08-13 04:29:51,340 - INFO - [Economic Times] Success with 'requests_browser'. Found content (385 words).
2026-08-13 04:29:51,388 - ERROR - [The Hindu] Request failed for strategy 'selenium_browser' on URL https://www.thehindu.com/news/cities/bangalore/new-kuvempu-theme-park-inaugurated-in-hbr-layout/article71333603.ece: Message: timeout: Timed out receiving message from renderer: 7.000
  (Session info: chrome=152.0.7977.42)
Stacktrace:
#0 0x55d9eb7ce2ca <unknown>
#1 0x55d9eb131b39 <unknown>
#2 0x55d9eb1195bb <unknown>
#3 0x55d9eb119236 <unknown>
#4 0x55d9eb116e18 <unknown>
#5 0x55d9eb11779f <unknown>
#6 0x55d9eb126880 <unknown>
#7 0x55d9eb1407b7 <unknown>
#8 0x55d9eb14819b <unknown>
#9 0x55d9eb117ef9 <unknown>
#10 0x55d9eb140512 <unknown>
#11 0x55d9eb1cfb26 <unknown>
#12 0x55d9eb17aecb <unknown>
#13 0x55d9eb17bcb1 <unknown>
#14 0x55d9eb7927f0 <unknown>
#15 0x55d9eb790e6a <unknown>
#16 0x55d9eb77bbb5 <unknown>
#17 0x55d9eb791b2a <unknown>
#18 0x55d9eb764df0 <unknown>
#19 0x55d9eb7b9238 <unknown>
#20 0x55d9eb7b93d5 <unknown>
#21 0x55d9eb7cce53 <unknown>
#22 0x7fe7c609caa4 <unknown>
#23 0x7fe7c6129c6c <unknown>

2026-08-13 04:29:51,389 - ERROR - [The Hindu] All scrape strategies failed for https://www.thehindu.com/news/cities/bangalore/new-kuvempu-theme-park-inaugurated-in-hbr-layout/article71333603.ece. Falling back to RSS description.
2026-08-13 04:29:51,389 - WARNING - SKIPPED (GLOBAL WORD LIMIT): Article 'Kuvempu theme park inaugurated at HBR Layout in Bengaluru' from The Hindu has only 19 words (Min: 90).
2026-08-13 04:29:52,891 - INFO - [Wired] Article: https://www.wired.com/story/zoro-promo-code/
2026-08-13 04:29:52,891 - INFO - [Wired] Attempt 1/2: Trying with 'requests_browser' strategy...
2026-08-13 04:29:52,893 - INFO - [The Hindu] Article: https://www.thehindu.com/news/national/west-bengal/delimitation-is-the-bjps-tool-to-divide-bengal-and-india-says-mamata/article70861964.ece
2026-08-13 04:29:52,893 - INFO - [The Hindu] Attempt 1/1: Trying with 'selenium_browser' strategy...
2026-08-13 04:29:54,296 - ERROR - Error saving article From Oman to Tanzania: How the Iran war is redrawing India’s trade map - The Economic Times: Hrana: `stream error: `Error { message: "SQLite error: UNIQUE constraint failed: articles.url", code: "SQLITE_CONSTRAINT" }``
2026-08-13 04:29:54,312 - ERROR - parsed tree length: 1, wrong data type or not valid HTML
2026-08-13 04:29:54,312 - ERROR - empty HTML tree: None
2026-08-13 04:29:54,312 - WARNING - discarding data: None
2026-08-13 04:29:54,312 - WARNING - [Wired] FAILED with 'requests_browser' (content was too short: 0 words).
2026-08-13 04:29:54,475 - INFO - [Times of India] Success with 'selenium_browser'. Found content (316 words).
2026-08-13 04:29:55,997 - INFO - [Wired] Article: https://www.wired.com/story/zoro-promo-code/
2026-08-13 04:29:55,997 - INFO - [Economic Times] Article: https://economictimes.indiatimes.com/news/economy/policy/fm-sitharaman-flags-global-crisis-spillovers-unfair-burden-on-developing-nations/articleshow/131668427.cms
2026-08-13 04:29:57,403 - INFO - [Economic Times] Attempt 1/2: Trying with 'requests_browser' strategy...
2026-08-13 04:29:56,456 - INFO - [Wired] Attempt 2/2: Trying with 'selenium_browser' strategy...
2026-08-13 04:29:57,655 - INFO - >>> SUCCESSFULLY SAVED [ID: 102936] - 30 senators flag delays in US visa appointments for Indian students from Times of India (316 words)
2026-08-13 04:29:57,958 - INFO - [Economic Times] Success with 'requests_browser'. Found content (317 words).
2026-08-13 04:29:59,546 - INFO - [Times of India] Article: https://timesofindia.indiatimes.com/world/europe/will-start-seizing-eu-vessels-if-bloc-targets-russian-ships-says-putin/articleshow/133195926.cms
2026-08-13 04:29:59,546 - INFO - [Times of India] Attempt 1/1: Trying with 'selenium_browser' strategy...
2026-08-13 04:30:00,939 - ERROR - Error saving article FM Sitharaman flags global crisis spillovers, unfair burden on developing nations - The Economic Times: Hrana: `stream error: `Error { message: "SQLite error: UNIQUE constraint failed: articles.url", code: "SQLITE_CONSTRAINT" }``
2026-08-13 04:30:00,947 - INFO - [Wired] Page content loaded.
2026-08-13 04:30:01,193 - INFO - [Wired] Success with 'selenium_browser'. Found content (631 words).
2026-08-13 04:30:01,660 - INFO - [Economic Times] Article: https://economictimes.indiatimes.com/tech/technology/apple-faces-indian-engineers-bias-lawsuit/articleshow/81694292.cms
2026-08-13 04:30:01,661 - INFO - [Economic Times] Attempt 1/2: Trying with 'requests_browser' strategy...
2026-08-13 04:30:04,591 - ERROR - Error saving article Zoro Coupon Codes: 55% Off August | WIRED: Hrana: `stream error: `Error { message: "SQLite error: UNIQUE constraint failed: articles.url", code: "SQLITE_CONSTRAINT" }``
2026-08-13 04:30:04,598 - ERROR - parsed tree length: 1, wrong data type or not valid HTML
2026-08-13 04:30:04,598 - ERROR - empty HTML tree: None
2026-08-13 04:30:04,598 - WARNING - discarding data: None
2026-08-13 04:30:04,598 - WARNING - [Economic Times] FAILED with 'requests_browser' (content was too short: 0 words).
2026-08-13 04:30:04,729 - INFO - [Times of India] Page content loaded.
2026-08-13 04:30:05,007 - INFO - [Times of India] Success with 'selenium_browser'. Found content (297 words).
2026-08-13 04:30:06,524 - INFO - [Economic Times] Article: https://economictimes.indiatimes.com/tech/technology/apple-faces-indian-engineers-bias-lawsuit/articleshow/81694292.cms
2026-08-13 04:30:06,524 - INFO - [Economic Times] Attempt 2/2: Trying with 'selenium_browser' strategy...
2026-08-13 04:30:06,526 - INFO - [Wired] Article: https://www.wired.com/story/rover-promo-code/
2026-08-13 04:30:06,526 - INFO - [Wired] Attempt 1/2: Trying with 'requests_browser' strategy...
2026-08-13 04:30:08,208 - WARNING - [The Hindu] Page get timed out (7s). Proceeding to grab partial source anyway.
2026-08-13 04:30:08,209 - INFO - >>> SUCCESSFULLY SAVED [ID: 102939] - Will start seizing EU vessels if bloc targets Russian ships, says Putin from Times of India (297 words)
2026-08-13 04:30:08,212 - ERROR - parsed tree length: 1, wrong data type or not valid HTML
2026-08-13 04:30:08,213 - ERROR - empty HTML tree: None
2026-08-13 04:30:08,213 - WARNING - discarding data: None
2026-08-13 04:30:08,213 - WARNING - [Wired] FAILED with 'requests_browser' (content was too short: 0 words).
2026-08-13 04:30:08,809 - INFO - [Wired] Article: https://www.wired.com/story/rover-promo-code/
2026-08-13 04:30:08,809 - INFO - [Wired] Attempt 2/2: Trying with 'selenium_browser' strategy...
2026-08-13 04:30:09,053 - INFO - [Economic Times] Page content loaded.
2026-08-13 04:30:09,343 - INFO - [Economic Times] Success with 'selenium_browser'. Found content (743 words).
2026-08-13 04:30:10,899 - INFO - [Times of India] Article: https://timesofindia.indiatimes.com/world/rest-of-world/ferry-overturns-in-zimbabwe-lake-killing-at-least-44/articleshow/133195942.cms
2026-08-13 04:30:10,899 - INFO - [Times of India] Attempt 1/1: Trying with 'selenium_browser' strategy...
2026-08-13 04:30:11,364 - INFO - [Wired] Page content loaded.
2026-08-13 04:30:12,313 - ERROR - Error saving article Apple faces Indian engineer’s bias lawsuit - The Economic Times: Hrana: `stream error: `Error { message: "SQLite error: UNIQUE constraint failed: articles.url", code: "SQLITE_CONSTRAINT" }``
2026-08-13 04:30:12,468 - INFO - [Wired] Success with 'selenium_browser'. Found content (629 words).
2026-08-13 04:30:14,087 - INFO - [Economic Times] Article: https://economictimes.indiatimes.com/news/defence/despite-transatlantic-love-fest-eu-charts-third-way-in-ties-with-us-and-china/articleshow/81467467.cms
2026-08-13 04:30:14,087 - INFO - [Economic Times] Attempt 1/2: Trying with 'requests_browser' strategy...
2026-08-13 04:30:15,497 - WARNING - [The Hindu] Page explicit wait timed out (3s). Proceeding anyway.
2026-08-13 04:30:15,498 - ERROR - Error saving article Rover Promo Codes and Referral Deals for 2026 | WIRED: Hrana: `stream error: `Error { message: "SQLite error: UNIQUE constraint failed: articles.url", code: "SQLITE_CONSTRAINT" }``
2026-08-13 04:30:15,612 - INFO - [Economic Times] Success with 'requests_browser'. Found content (799 words).
2026-08-13 04:30:17,641 - INFO - [Wired] Article: https://www.wired.com/story/vimeo-promo-code/
2026-08-13 04:30:17,643 - INFO - [Wired] Attempt 1/2: Trying with 'requests_browser' strategy...
2026-08-13 04:30:18,569 - INFO - [Times of India] Page content loaded.
2026-08-13 04:30:18,589 - ERROR - Error saving article Despite transatlantic 'love fest', EU charts third way in ties with US and China - The Economic Times: Hrana: `stream error: `Error { message: "SQLite error: UNIQUE constraint failed: articles.url", code: "SQLITE_CONSTRAINT" }``
2026-08-13 04:30:18,602 - ERROR - parsed tree length: 1, wrong data type or not valid HTML
2026-08-13 04:30:18,602 - ERROR - empty HTML tree: None
2026-08-13 04:30:18,602 - WARNING - discarding data: None
2026-08-13 04:30:18,602 - WARNING - [Wired] FAILED with 'requests_browser' (content was too short: 0 words).
2026-08-13 04:30:19,148 - INFO - [Wired] Article: https://www.wired.com/story/vimeo-promo-code/
2026-08-13 04:30:19,148 - INFO - [Wired] Attempt 2/2: Trying with 'selenium_browser' strategy...
2026-08-13 04:30:19,392 - INFO - [Economic Times] Article: https://economictimes.indiatimes.com/tech/tech-bytes/twitters-india-policy-head-to-step-down-will-transition-in-march/articleshow/80732868.cms
2026-08-13 04:30:19,392 - INFO - [Economic Times] Attempt 1/2: Trying with 'requests_browser' strategy...
2026-08-13 04:30:19,675 - INFO - [Times of India] Success with 'selenium_browser'. Found content (130 words).
2026-08-13 04:30:19,816 - INFO - DEDUPLICATION: Found match (Score: 0.87). Linking to Cluster ID: 9c45e9ea-1b86-479f-8294-bd9e145baf16
2026-08-13 04:30:22,627 - ERROR - [The Hindu] Request failed for strategy 'selenium_browser' on URL https://www.thehindu.com/news/national/west-bengal/delimitation-is-the-bjps-tool-to-divide-bengal-and-india-says-mamata/article70861964.ece: Message: timeout: Timed out receiving message from renderer: 7.000
  (Session info: chrome=152.0.7977.42)
Stacktrace:
#0 0x55d9eb7ce2ca <unknown>
#1 0x55d9eb131b39 <unknown>
#2 0x55d9eb1195bb <unknown>
#3 0x55d9eb119236 <unknown>
#4 0x55d9eb116e18 <unknown>
#5 0x55d9eb11779f <unknown>
#6 0x55d9eb126880 <unknown>
#7 0x55d9eb1407b7 <unknown>
#8 0x55d9eb14819b <unknown>
#9 0x55d9eb117ef9 <unknown>
#10 0x55d9eb140512 <unknown>
#11 0x55d9eb1cfb26 <unknown>
#12 0x55d9eb17aecb <unknown>
#13 0x55d9eb17bcb1 <unknown>
#14 0x55d9eb7927f0 <unknown>
#15 0x55d9eb790e6a <unknown>
#16 0x55d9eb77bbb5 <unknown>
#17 0x55d9eb791b2a <unknown>
#18 0x55d9eb764df0 <unknown>
#19 0x55d9eb7b9238 <unknown>
#20 0x55d9eb7b93d5 <unknown>
#21 0x55d9eb7cce53 <unknown>
#22 0x7fe7c609caa4 <unknown>
#23 0x7fe7c6129c6c <unknown>

2026-08-13 04:30:22,627 - ERROR - [The Hindu] All scrape strategies failed for https://www.thehindu.com/news/national/west-bengal/delimitation-is-the-bjps-tool-to-divide-bengal-and-india-says-mamata/article70861964.ece. Falling back to RSS description.
2026-08-13 04:30:22,880 - WARNING - SKIPPED (GLOBAL WORD LIMIT): Article 'Delimitation is the BJP’s tool to divide Bengal and India, says Mamata' from The Hindu has only 18 words (Min: 90).
2026-08-13 04:30:22,880 - INFO - >>> SUCCESSFULLY SAVED [ID: 102943] - Ferry overturns in Zimbabwe lake killing at least 44 from Times of India (130 words)
2026-08-13 04:30:22,886 - ERROR - parsed tree length: 1, wrong data type or not valid HTML
2026-08-13 04:30:22,887 - ERROR - empty HTML tree: None
2026-08-13 04:30:22,887 - WARNING - discarding data: None
2026-08-13 04:30:22,887 - WARNING - [Economic Times] FAILED with 'requests_browser' (content was too short: 0 words).
2026-08-13 04:30:22,919 - INFO - [Wired] Page content loaded.
2026-08-13 04:30:23,414 - INFO - [Wired] Success with 'selenium_browser'. Found content (557 words).
2026-08-13 04:30:24,986 - INFO - [Economic Times] Article: https://economictimes.indiatimes.com/tech/tech-bytes/twitters-india-policy-head-to-step-down-will-transition-in-march/articleshow/80732868.cms
2026-08-13 04:30:24,986 - INFO - [The Hindu] Article: https://www.thehindu.com/news/national/maharashtra/fda-suspends-13-food-establishments-licences-across-four-districts-in-maharashtra/article71338050.ece
2026-08-13 04:30:24,986 - INFO - [Times of India] Early skip: URL https://timesofindia.indiatimes.com/world/europe/quote-of-the-day-inspired-by-voltaire-life-is-a-shipwreck-but-we-must-not-forget-to-sing-in-the-lifeboats-and-why-choosing-joy-in-the-face-of-chaos-may-be-the-ultimate-act-of-defiance/articleshow/133192730.cms already exists.
2026-08-13 04:30:25,452 - INFO - [Economic Times] Attempt 2/2: Trying with 'selenium_browser' strategy...
2026-08-13 04:30:26,400 - INFO - [The Hindu] Attempt 1/1: Trying with 'selenium_browser' strategy...
2026-08-13 04:30:26,400 - ERROR - Error saving article Vimeo Promo Codes and Discounts: Up to 40% Off This August 2026 | WIRED: Hrana: `stream error: `Error { message: "SQLite error: UNIQUE constraint failed: articles.url", code: "SQLITE_CONSTRAINT" }``
2026-08-13 04:30:26,402 - INFO - [Times of India] Early skip: URL https://timesofindia.indiatimes.com/world/us/quote-of-the-day-by-zohran-mamdani-for-generation-after-generation-we-have-been-told-that-when-the-world-has-sent-its-people-to-our-shores-it-has-not-sent-its-best/articleshow/133192786.cms already exists.
2026-08-13 04:30:26,403 - INFO - [Times of India] Early skip: URL https://timesofindia.indiatimes.com/world/europe/quote-of-the-day-by-montesquieu-the-success-of-most-things-depends-upon-knowing-how-long-it-will-take-to-succeed-and-why-we-give-up-on-our-biggest-goals-too-soon/articleshow/133192668.cms already exists.
2026-08-13 04:30:26,404 - INFO - [Times of India] Early skip: URL https://timesofindia.indiatimes.com/world/us-streamers/was-jamal-really-behind-the-deletion-of-ishowspeed-and-kai-cenats-minecraft-hardcore-world-viral-clip-explained/articleshow/133192461.cms already exists.
2026-08-13 04:30:26,405 - INFO - [Times of India] Early skip: URL https://timesofindia.indiatimes.com/world/us/quote-of-the-day-by-david-goggins-you-are-in-danger-of-living-a-life-so-comfortable-and-soft-that-you-will-die-without-ever-realizing-your-true-potential-and-why-ease-is-not-the-answer/articleshow/133191681.cms already exists.
2026-08-13 04:30:26,407 - INFO - [Times of India] Early skip: URL https://timesofindia.indiatimes.com/world/us/a-13-5-million-maryland-project-turned-dredged-sand-silt-and-shell-into-roughly-70-acres-of-wetland-habitat-for-threatened-marsh-birds/articleshow/133190048.cms already exists.
2026-08-13 04:30:26,408 - INFO - [Times of India] Early skip: URL https://timesofindia.indiatimes.com/world/us/marco-rubio-jokes-he-would-ask-donald-trump-to-bomb-paraguay-if-he-goes-on-a-keto-diet-just-because-i-havent-had-any-sugar/articleshow/133190692.cms already exists.
2026-08-13 04:30:26,409 - INFO - [Times of India] Early skip: URL https://timesofindia.indiatimes.com/world/us/florida-completed-a-2560-acre-stormwater-treatment-landscape-with-4750-acre-feet-of-storage-to-help-protect-the-indian-river-lagoon/articleshow/133187046.cms already exists.
2026-08-13 04:30:26,410 - INFO - [Times of India] Early skip: URL https://timesofindia.indiatimes.com/world/us/after-23-years-us-to-pull-out-last-troops-from-iraq-by-september-30/articleshow/133189919.cms already exists.
2026-08-13 04:30:26,412 - INFO - [Times of India] Early skip: URL https://timesofindia.indiatimes.com/world/uk/who-is-gautam-rangarajan-indian-origin-strategist-appointed-to-key-role-by-uk-pm-andy-burnham/articleshow/133189366.cms already exists.
2026-08-13 04:30:26,413 - INFO - [Times of India] Early skip: URL https://timesofindia.indiatimes.com/world/us/quote-of-the-day-by-michael-j-fox-i-think-the-scariest-person-in-the-world-is-the-person-with-a-lesson-on-humour-perspective-and-facing-hard-times-with-lightness/articleshow/133189458.cms already exists.
2026-08-13 04:30:26,414 - INFO - [Times of India] Early skip: URL https://timesofindia.indiatimes.com/world/rest-of-world/five-years-after-taliban-takeover-2-4-million-afghan-girls-still-excluded-from-school-unesco/articleshow/133189371.cms already exists.
2026-08-13 04:30:26,415 - INFO - [Times of India] Early skip: URL https://timesofindia.indiatimes.com/world/rest-of-world/over-60000-canadians-sign-petition-demanding-expulsion-of-us-ambassador-pete-hoekstra/articleshow/133189484.cms already exists.
2026-08-13 04:30:26,416 - INFO - [Times of India] (Thread) Finished. Attempting to shut down its Selenium driver.
2026-08-13 04:30:26,635 - INFO - [Times of India] (Thread) driver.quit() successful.
2026-08-13 04:30:27,608 - INFO - [Economic Times] Page content loaded.
2026-08-13 04:30:27,668 - INFO - [Wired] Article: https://www.wired.com/story/the-motley-fool-promo-code/
2026-08-13 04:30:27,668 - INFO - [Wired] Attempt 1/2: Trying with 'requests_browser' strategy...
2026-08-13 04:30:27,756 - INFO - [Economic Times] Success with 'selenium_browser'. Found content (615 words).
2026-08-13 04:30:27,805 - ERROR - parsed tree length: 1, wrong data type or not valid HTML
2026-08-13 04:30:27,805 - ERROR - empty HTML tree: None
2026-08-13 04:30:27,805 - WARNING - discarding data: None
2026-08-13 04:30:27,805 - WARNING - [Wired] FAILED with 'requests_browser' (content was too short: 0 words).
2026-08-13 04:30:29,264 - INFO - [Wired] Article: https://www.wired.com/story/the-motley-fool-promo-code/
2026-08-13 04:30:29,264 - INFO - [Wired] Attempt 2/2: Trying with 'selenium_browser' strategy...
2026-08-13 04:30:30,654 - ERROR - Error saving article Twitter's India policy head, Mahima Kaul, to step down; will transition in March - The Economic Times: Hrana: `stream error: `Error { message: "SQLite error: UNIQUE constraint failed: articles.url", code: "SQLITE_CONSTRAINT" }``
2026-08-13 04:30:30,747 - INFO - [Wired] Page content loaded.
2026-08-13 04:30:30,978 - INFO - [Wired] Success with 'selenium_browser'. Found content (889 words).
2026-08-13 04:30:32,495 - INFO - [Economic Times] Article: https://economictimes.indiatimes.com/tech/tech-and-gadgets/govt-may-keep-rs-7500-cr-outlay-for-it-hardware-manufacturing-under-pli-scheme/articleshow/80333429.cms
2026-08-13 04:30:32,495 - INFO - [Economic Times] Attempt 1/2: Trying with 'requests_browser' strategy...
2026-08-13 04:30:33,897 - ERROR - Error saving article Motley Fool Promo Code: $200 Off on Stock Advisor August 2026 | WIRED: Hrana: `stream error: `Error { message: "SQLite error: UNIQUE constraint failed: articles.url", code: "SQLITE_CONSTRAINT" }``
2026-08-13 04:30:33,903 - ERROR - parsed tree length: 1, wrong data type or not valid HTML
2026-08-13 04:30:33,903 - ERROR - empty HTML tree: None
2026-08-13 04:30:33,903 - WARNING - discarding data: None
2026-08-13 04:30:33,903 - WARNING - [Economic Times] FAILED with 'requests_browser' (content was too short: 0 words).
2026-08-13 04:30:34,543 - INFO - [Economic Times] Article: https://economictimes.indiatimes.com/tech/tech-and-gadgets/govt-may-keep-rs-7500-cr-outlay-for-it-hardware-manufacturing-under-pli-scheme/articleshow/80333429.cms
2026-08-13 04:30:34,543 - INFO - [Economic Times] Attempt 2/2: Trying with 'selenium_browser' strategy...
2026-08-13 04:30:34,866 - INFO - [Wired] Article: https://www.wired.com/story/hoka-coupon-code/
2026-08-13 04:30:34,866 - INFO - [Wired] Attempt 1/2: Trying with 'requests_browser' strategy...
2026-08-13 04:30:35,004 - ERROR - parsed tree length: 1, wrong data type or not valid HTML
2026-08-13 04:30:35,004 - ERROR - empty HTML tree: None
2026-08-13 04:30:35,004 - WARNING - discarding data: None
2026-08-13 04:30:35,004 - WARNING - [Wired] FAILED with 'requests_browser' (content was too short: 0 words).
2026-08-13 04:30:35,823 - INFO - [Wired] Article: https://www.wired.com/story/hoka-coupon-code/
2026-08-13 04:30:35,824 - INFO - [Wired] Attempt 2/2: Trying with 'selenium_browser' strategy...
2026-08-13 04:30:35,841 - INFO - [Economic Times] Page content loaded.
2026-08-13 04:30:36,160 - INFO - [Economic Times] Success with 'selenium_browser'. Found content (481 words).
2026-08-13 04:30:39,111 - ERROR - Error saving article Govt may keep Rs 7,500 cr outlay for IT hardware manufacturing under PLI scheme - The Economic Times: Hrana: `stream error: `Error { message: "SQLite error: UNIQUE constraint failed: articles.url", code: "SQLITE_CONSTRAINT" }``
2026-08-13 04:30:39,118 - INFO - [Wired] Page content loaded.
2026-08-13 04:30:39,369 - INFO - [Wired] Success with 'selenium_browser'. Found content (975 words).
2026-08-13 04:30:40,850 - INFO - [Economic Times] Article: https://economictimes.indiatimes.com/tech/technology/indian-dating-apps-services-see-surge-of-paying-users-in-small-cities/articleshow/80063342.cms
2026-08-13 04:30:40,850 - INFO - [Economic Times] Attempt 1/2: Trying with 'requests_browser' strategy...
2026-08-13 04:30:41,320 - WARNING - [The Hindu] Page get timed out (7s). Proceeding to grab partial source anyway.
2026-08-13 04:30:42,260 - ERROR - Error saving article Hoka Coupon Codes: 30% Off in August 2026 | WIRED: Hrana: `stream error: `Error { message: "SQLite error: UNIQUE constraint failed: articles.url", code: "SQLITE_CONSTRAINT" }``
2026-08-13 04:30:42,266 - ERROR - parsed tree length: 1, wrong data type or not valid HTML
2026-08-13 04:30:42,266 - ERROR - empty HTML tree: None
2026-08-13 04:30:42,266 - WARNING - discarding data: None
2026-08-13 04:30:42,266 - WARNING - [Economic Times] FAILED with 'requests_browser' (content was too short: 0 words).
2026-08-13 04:30:42,794 - INFO - [Wired] Article: https://www.wired.com/story/chirp-discount-code/
2026-08-13 04:30:42,794 - INFO - [Wired] Attempt 1/2: Trying with 'requests_browser' strategy...
2026-08-13 04:30:42,938 - ERROR - parsed tree length: 1, wrong data type or not valid HTML
2026-08-13 04:30:42,939 - ERROR - empty HTML tree: None
2026-08-13 04:30:42,939 - WARNING - discarding data: None
2026-08-13 04:30:42,939 - WARNING - [Wired] FAILED with 'requests_browser' (content was too short: 0 words).
2026-08-13 04:30:43,140 - INFO - [Economic Times] Article: https://economictimes.indiatimes.com/tech/technology/indian-dating-apps-services-see-surge-of-paying-users-in-small-cities/articleshow/80063342.cms
2026-08-13 04:30:43,140 - INFO - [Economic Times] Attempt 2/2: Trying with 'selenium_browser' strategy...
2026-08-13 04:30:43,709 - INFO - [Wired] Article: https://www.wired.com/story/chirp-discount-code/
2026-08-13 04:30:43,709 - INFO - [Wired] Attempt 2/2: Trying with 'selenium_browser' strategy...
2026-08-13 04:30:44,538 - INFO - [Economic Times] Page content loaded.
2026-08-13 04:30:44,836 - WARNING - [Economic Times] FAILED with 'selenium_browser' (content was too short: 84 words).
2026-08-13 04:30:44,837 - ERROR - [Economic Times] All scrape strategies failed for https://economictimes.indiatimes.com/tech/technology/indian-dating-apps-services-see-surge-of-paying-users-in-small-cities/articleshow/80063342.cms. Falling back to RSS description.
2026-08-13 04:30:44,837 - WARNING - SKIPPED (GLOBAL WORD LIMIT): Article 'Indian dating apps, services see surge of paying users in small cities ' from Economic Times has only 54 words (Min: 90).
2026-08-13 04:30:44,890 - INFO - [Wired] Page content loaded.
2026-08-13 04:30:45,250 - INFO - [Wired] Success with 'selenium_browser'. Found content (590 words).
2026-08-13 04:30:46,776 - INFO - [Economic Times] Article: https://economictimes.indiatimes.com/tech/technology/time-for-govt-cos-to-adopt-ai-deloitte-india/articleshow/79981215.cms
2026-08-13 04:30:47,250 - INFO - [Economic Times] Attempt 1/2: Trying with 'requests_browser' strategy...
2026-08-13 04:30:48,223 - ERROR - Error saving article Chirp Discount Codes: Save Up to 67% | WIRED: Hrana: `stream error: `Error { message: "SQLite error: UNIQUE constraint failed: articles.url", code: "SQLITE_CONSTRAINT" }``
2026-08-13 04:30:48,818 - ERROR - parsed tree length: 1, wrong data type or not valid HTML
2026-08-13 04:30:48,818 - ERROR - empty HTML tree: None
2026-08-13 04:30:48,818 - WARNING - discarding data: None
2026-08-13 04:30:48,818 - WARNING - [Economic Times] FAILED with 'requests_browser' (content was too short: 0 words).
2026-08-13 04:30:49,272 - WARNING - [The Hindu] Page explicit wait timed out (3s). Proceeding anyway.
2026-08-13 04:30:49,499 - INFO - [Wired] Article: https://www.wired.com/story/breville-promo-code/
2026-08-13 04:30:49,499 - INFO - [Wired] Attempt 1/2: Trying with 'requests_browser' strategy...
2026-08-13 04:30:49,615 - INFO - [Economic Times] Article: https://economictimes.indiatimes.com/tech/technology/time-for-govt-cos-to-adopt-ai-deloitte-india/articleshow/79981215.cms
2026-08-13 04:30:49,615 - INFO - [Economic Times] Attempt 2/2: Trying with 'selenium_browser' strategy...
2026-08-13 04:30:49,664 - ERROR - parsed tree length: 1, wrong data type or not valid HTML
2026-08-13 04:30:49,664 - ERROR - empty HTML tree: None
2026-08-13 04:30:49,664 - WARNING - discarding data: None
2026-08-13 04:30:49,664 - WARNING - [Wired] FAILED with 'requests_browser' (content was too short: 0 words).
2026-08-13 04:30:50,278 - INFO - [Wired] Article: https://www.wired.com/story/breville-promo-code/
2026-08-13 04:30:50,278 - INFO - [Wired] Attempt 2/2: Trying with 'selenium_browser' strategy...
2026-08-13 04:30:50,997 - INFO - [Economic Times] Page content loaded.
2026-08-13 04:30:51,237 - WARNING - [Economic Times] FAILED with 'selenium_browser' (content was too short: 74 words).
2026-08-13 04:30:51,237 - ERROR - [Economic Times] All scrape strategies failed for https://economictimes.indiatimes.com/tech/technology/time-for-govt-cos-to-adopt-ai-deloitte-india/articleshow/79981215.cms. Falling back to RSS description.
2026-08-13 04:30:51,237 - WARNING - SKIPPED (GLOBAL WORD LIMIT): Article 'Time for government, companies to adopt artificial intelligence: Deloitte India ' from Economic Times has only 49 words (Min: 90).
2026-08-13 04:30:51,808 - INFO - [Wired] Page content loaded.
2026-08-13 04:30:52,189 - INFO - [Wired] Success with 'selenium_browser'. Found content (581 words).
2026-08-13 04:30:52,222 - INFO - [Economic Times] Early skip: URL https://economictimes.indiatimes.com/news/international/world-news/trump-announces-a-deal-for-hamas-to-disarm-in-gaza-but-many-hurdles-and-uncertainty-remain/articleshow/132753009.cms already exists.
2026-08-13 04:30:52,229 - INFO - [Economic Times] Article: https://economictimes.indiatimes.com/news/new-updates/in-1943-us-built-an-entire-city-and-it-didnt-exist-on-a-single-map/articleshow/132659427.cms
2026-08-13 04:30:52,229 - INFO - [Economic Times] Attempt 1/2: Trying with 'requests_browser' strategy...
2026-08-13 04:30:55,230 - ERROR - Error saving article Breville Promo Code: $700 Off | August 2026 | WIRED: Hrana: `stream error: `Error { message: "SQLite error: UNIQUE constraint failed: articles.url", code: "SQLITE_CONSTRAINT" }``
2026-08-13 04:30:55,320 - INFO - [Economic Times] Success with 'requests_browser'. Found content (688 words).
2026-08-13 04:30:57,332 - ERROR - [The Hindu] Request failed for strategy 'selenium_browser' on URL https://www.thehindu.com/news/national/maharashtra/fda-suspends-13-food-establishments-licences-across-four-districts-in-maharashtra/article71338050.ece: Message: timeout: Timed out receiving message from renderer: 7.000
  (Session info: chrome=152.0.7977.42)
Stacktrace:
#0 0x55d9eb7ce2ca <unknown>
#1 0x55d9eb131b39 <unknown>
#2 0x55d9eb1195bb <unknown>
#3 0x55d9eb119236 <unknown>
#4 0x55d9eb116e18 <unknown>
#5 0x55d9eb11779f <unknown>
#6 0x55d9eb126880 <unknown>
#7 0x55d9eb1407b7 <unknown>
#8 0x55d9eb14819b <unknown>
#9 0x55d9eb117ef9 <unknown>
#10 0x55d9eb140512 <unknown>
#11 0x55d9eb1cfb26 <unknown>
#12 0x55d9eb17aecb <unknown>
#13 0x55d9eb17bcb1 <unknown>
#14 0x55d9eb7927f0 <unknown>
#15 0x55d9eb790e6a <unknown>
#16 0x55d9eb77bbb5 <unknown>
#17 0x55d9eb791b2a <unknown>
#18 0x55d9eb764df0 <unknown>
#19 0x55d9eb7b9238 <unknown>
#20 0x55d9eb7b93d5 <unknown>
#21 0x55d9eb7cce53 <unknown>
#22 0x7fe7c609caa4 <unknown>
#23 0x7fe7c6129c6c <unknown>

2026-08-13 04:30:57,333 - INFO - [Wired] Article: https://www.wired.com/story/verizon-promo-code/
2026-08-13 04:30:57,333 - ERROR - [The Hindu] All scrape strategies failed for https://www.thehindu.com/news/national/maharashtra/fda-suspends-13-food-establishments-licences-across-four-districts-in-maharashtra/article71338050.ece. Falling back to RSS description.
2026-08-13 04:30:57,333 - INFO - [Wired] Attempt 1/2: Trying with 'requests_browser' strategy...
2026-08-13 04:30:58,266 - ERROR - Error saving article In 1943, US built an entire city, and it didn't exist on a single map - The Economic Times: Hrana: `stream error: `Error { message: "SQLite error: UNIQUE constraint failed: articles.url", code: "SQLITE_CONSTRAINT" }``
2026-08-13 04:30:58,266 - WARNING - SKIPPED (GLOBAL WORD LIMIT): Article 'FDA suspends 13 food establishments’ licences across four districts in Maharashtra' from The Hindu has only 10 words (Min: 90).
2026-08-13 04:30:58,466 - ERROR - parsed tree length: 1, wrong data type or not valid HTML
2026-08-13 04:30:58,466 - ERROR - empty HTML tree: None
2026-08-13 04:30:58,466 - WARNING - discarding data: None
2026-08-13 04:30:58,466 - WARNING - [Wired] FAILED with 'requests_browser' (content was too short: 0 words).
2026-08-13 04:30:58,967 - INFO - [Wired] Article: https://www.wired.com/story/verizon-promo-code/
2026-08-13 04:30:58,967 - INFO - [Wired] Attempt 2/2: Trying with 'selenium_browser' strategy...
2026-08-13 04:30:59,370 - INFO - [The Hindu] Early skip: URL https://www.thehindu.com/business/Industry/the-marathoner-technocrat-who-gave-new-direction-to-tata-group/article71337151.ece already exists.
2026-08-13 04:30:59,372 - INFO - [The Hindu] Article: https://www.thehindu.com/news/national/assam/ngt-petitioned-against-illegal-riverbed-mining-near-kaziranga/article71336657.ece
2026-08-13 04:30:59,372 - INFO - [The Hindu] Attempt 1/1: Trying with 'selenium_browser' strategy...
2026-08-13 04:30:59,711 - INFO - [Economic Times] Article: https://economictimes.indiatimes.com/news/new-updates/humans-have-a-third-eye-in-the-brain-study-links-it-to-a-600-million-year-old-cyclops-ancestor/articleshow/132655441.cms
2026-08-13 04:30:59,712 - INFO - [Economic Times] Attempt 1/2: Trying with 'requests_browser' strategy...
2026-08-13 04:31:00,061 - INFO - [Economic Times] Success with 'requests_browser'. Found content (593 words).
2026-08-13 04:31:02,950 - ERROR - Error saving article Humans have a 'third eye' in the brain: Study links it to a 600-million-year-old Cyclops ancestor - The Economic Times: Hrana: `stream error: `Error { message: "SQLite error: UNIQUE constraint failed: articles.url", code: "SQLITE_CONSTRAINT" }``
2026-08-13 04:31:02,951 - INFO - [Wired] Page content loaded.
2026-08-13 04:31:03,217 - INFO - [Wired] Success with 'selenium_browser'. Found content (1499 words).
2026-08-13 04:31:04,721 - INFO - [Economic Times] Article: https://economictimes.indiatimes.com/news/new-updates/1500-ships-trapped-in-gulf-of-hormuz-is-quietly-multiplying-an-underwater-army-that-could-unleash-worlds-biggest-bioinvasion-event/articleshow/132595366.cms
2026-08-13 04:31:05,185 - INFO - [Economic Times] Attempt 1/2: Trying with 'requests_browser' strategy...
2026-08-13 04:31:06,109 - ERROR - Error saving article Verizon Promo Codes: $200 Verizon Gift Cards | August 2026 | WIRED: Hrana: `stream error: `Error { message: "SQLite error: UNIQUE constraint failed: articles.url", code: "SQLITE_CONSTRAINT" }``
2026-08-13 04:31:06,776 - INFO - [Economic Times] Success with 'requests_browser'. Found content (687 words).
2026-08-13 04:31:08,269 - INFO - [Wired] Article: https://www.wired.com/story/legalzoom-promo-code/
2026-08-13 04:31:08,728 - INFO - [Wired] Attempt 1/2: Trying with 'requests_browser' strategy...
2026-08-13 04:31:09,652 - ERROR - Error saving article 1,500 ships trapped in Gulf of Hormuz are quietly multiplying an underwater army that could unleash World's biggest bioinvasion event - The Economic Times: Hrana: `stream error: `Error { message: "SQLite error: UNIQUE constraint failed: articles.url", code: "SQLITE_CONSTRAINT" }``
2026-08-13 04:31:09,661 - ERROR - parsed tree length: 1, wrong data type or not valid HTML
2026-08-13 04:31:09,661 - ERROR - empty HTML tree: None
2026-08-13 04:31:09,661 - WARNING - discarding data: None
2026-08-13 04:31:09,661 - WARNING - [Wired] FAILED with 'requests_browser' (content was too short: 0 words).
2026-08-13 04:31:10,301 - INFO - [Economic Times] Article: https://economictimes.indiatimes.com/news/new-updates/argentina-vs-spain-fifa-world-cup-final-to-be-replayed-petition-for-a-rematch-crosses-60000-signatures/articleshow/132576024.cms
2026-08-13 04:31:10,301 - INFO - [Economic Times] Attempt 1/2: Trying with 'requests_browser' strategy...
2026-08-13 04:31:10,659 - INFO - [Wired] Article: https://www.wired.com/story/legalzoom-promo-code/
2026-08-13 04:31:10,659 - INFO - [Wired] Attempt 2/2: Trying with 'selenium_browser' strategy...
2026-08-13 04:31:10,724 - INFO - [Economic Times] Success with 'requests_browser'. Found content (228 words).
2026-08-13 04:31:13,598 - ERROR - Error saving article Argentina vs Spain FIFA World Cup Final to be replayed? Petition for a rematch crosses 60,000 signatures - The Economic Times: Hrana: `stream error: `Error { message: "SQLite error: UNIQUE constraint failed: articles.url", code: "SQLITE_CONSTRAINT" }``
2026-08-13 04:31:13,599 - WARNING - [The Hindu] Page get timed out (7s). Proceeding to grab partial source anyway.
2026-08-13 04:31:13,603 - INFO - [Wired] Page content loaded.
2026-08-13 04:31:13,793 - INFO - [Wired] Success with 'selenium_browser'. Found content (985 words).
2026-08-13 04:31:15,274 - INFO - [Economic Times] Article: https://economictimes.indiatimes.com/news/new-updates/he-baked-potato-in-aluminium-foil-and-ate-it-next-morning-after-microwaving-it-hours-later-he-was-paralysed-doctor-explains-why/articleshow/132574269.cms
2026-08-13 04:31:15,738 - INFO - [Economic Times] Attempt 1/2: Trying with 'requests_browser' strategy...
2026-08-13 04:31:16,655 - ERROR - Error saving article LegalZoom Promo Code: Exclusive 10% Off LLC Formations | WIRED: Hrana: `stream error: `Error { message: "SQLite error: UNIQUE constraint failed: articles.url", code: "SQLITE_CONSTRAINT" }``
2026-08-13 04:31:16,679 - INFO - [Economic Times] Success with 'requests_browser'. Found content (558 words).
2026-08-13 04:31:18,175 - INFO - [Wired] Article: https://www.wired.com/story/hostinger-coupon-code/
2026-08-13 04:31:18,641 - INFO - [Wired] Attempt 1/2: Trying with 'requests_browser' strategy...
2026-08-13 04:31:19,584 - ERROR - Error saving article He baked potato in aluminium foil, and ate it next morning after microwaving. Hours later, he was paralysed, doctor explains why - The Economic Times: Hrana: `stream error: `Error { message: "SQLite error: UNIQUE constraint failed: articles.url", code: "SQLITE_CONSTRAINT" }``
2026-08-13 04:31:19,594 - ERROR - parsed tree length: 1, wrong data type or not valid HTML
2026-08-13 04:31:19,594 - ERROR - empty HTML tree: None
2026-08-13 04:31:19,594 - WARNING - discarding data: None
2026-08-13 04:31:19,594 - WARNING - [Wired] FAILED with 'requests_browser' (content was too short: 0 words).
2026-08-13 04:31:20,447 - INFO - [Wired] Article: https://www.wired.com/story/hostinger-coupon-code/
2026-08-13 04:31:20,447 - INFO - [Wired] Attempt 2/2: Trying with 'selenium_browser' strategy...
2026-08-13 04:31:20,607 - WARNING - [The Hindu] Page explicit wait timed out (3s). Proceeding anyway.
2026-08-13 04:31:20,808 - INFO - [Economic Times] Article: https://economictimes.indiatimes.com/news/elections/assembly-elections/assam/done-deal-cm-himanta-biswa-sarma-on-nda-seat-sharing-for-assam-polls/articleshow/128678098.cms
2026-08-13 04:31:20,809 - INFO - [Economic Times] Attempt 1/2: Trying with 'requests_browser' strategy...
2026-08-13 04:31:21,167 - INFO - [Economic Times] Success with 'requests_browser'. Found content (518 words).
2026-08-13 04:31:24,078 - ERROR - Error saving article 'Done deal': CM Himanta Biswa Sarma on NDA seat-sharing for Assam polls - The Economic Times: Hrana: `stream error: `Error { message: "SQLite error: UNIQUE constraint failed: articles.url", code: "SQLITE_CONSTRAINT" }``
2026-08-13 04:31:24,079 - INFO - [Wired] Page content loaded.
2026-08-13 04:31:24,283 - INFO - [Wired] Success with 'selenium_browser'. Found content (1886 words).
2026-08-13 04:31:25,746 - INFO - [Economic Times] Article: https://economictimes.indiatimes.com/news/elections/assembly-elections/bihar/rare-intensive-revision-in-bihar-four-months-before-polls/articleshow/122167501.cms
2026-08-13 04:31:26,204 - INFO - [Economic Times] Attempt 1/2: Trying with 'requests_browser' strategy...
2026-08-13 04:31:27,133 - ERROR - Error saving article Hostinger Promo Code: 79% Off for August 2026 | WIRED: Hrana: `stream error: `Error { message: "SQLite error: UNIQUE constraint failed: articles.url", code: "SQLITE_CONSTRAINT" }``
2026-08-13 04:31:27,160 - INFO - [Economic Times] Success with 'requests_browser'. Found content (864 words).
2026-08-13 04:31:29,093 - ERROR - [The Hindu] Request failed for strategy 'selenium_browser' on URL https://www.thehindu.com/news/national/assam/ngt-petitioned-against-illegal-riverbed-mining-near-kaziranga/article71336657.ece: Message: timeout: Timed out receiving message from renderer: 7.000
  (Session info: chrome=152.0.7977.42)
Stacktrace:
#0 0x55d9eb7ce2ca <unknown>
#1 0x55d9eb131b39 <unknown>
#2 0x55d9eb1195bb <unknown>
#3 0x55d9eb119236 <unknown>
#4 0x55d9eb116e18 <unknown>
#5 0x55d9eb11779f <unknown>
#6 0x55d9eb126880 <unknown>
#7 0x55d9eb1407b7 <unknown>
#8 0x55d9eb14819b <unknown>
#9 0x55d9eb117ef9 <unknown>
#10 0x55d9eb140512 <unknown>
#11 0x55d9eb1cfb26 <unknown>
#12 0x55d9eb17aecb <unknown>
#13 0x55d9eb17bcb1 <unknown>
#14 0x55d9eb7927f0 <unknown>
#15 0x55d9eb790e6a <unknown>
#16 0x55d9eb77bbb5 <unknown>
#17 0x55d9eb791b2a <unknown>
#18 0x55d9eb764df0 <unknown>
#19 0x55d9eb7b9238 <unknown>
#20 0x55d9eb7b93d5 <unknown>
#21 0x55d9eb7cce53 <unknown>
#22 0x7fe7c609caa4 <unknown>
#23 0x7fe7c6129c6c <unknown>

2026-08-13 04:31:29,093 - INFO - [Wired] Article: https://www.wired.com/story/barkbox-promo-code/
2026-08-13 04:31:29,094 - ERROR - [The Hindu] All scrape strategies failed for https://www.thehindu.com/news/national/assam/ngt-petitioned-against-illegal-riverbed-mining-near-kaziranga/article71336657.ece. Falling back to RSS description.
2026-08-13 04:31:30,027 - INFO - [Wired] Attempt 1/2: Trying with 'requests_browser' strategy...
2026-08-13 04:31:30,027 - ERROR - Error saving article Rare 'intensive' revision in Bihar four months before polls - The Economic Times: Hrana: `stream error: `Error { message: "SQLite error: UNIQUE constraint failed: articles.url", code: "SQLITE_CONSTRAINT" }``
2026-08-13 04:31:30,027 - WARNING - SKIPPED (GLOBAL WORD LIMIT): Article 'NGT petitioned against illegal riverbed mining near Kaziranga' from The Hindu has only 27 words (Min: 90).
2026-08-13 04:31:30,197 - ERROR - parsed tree length: 1, wrong data type or not valid HTML
2026-08-13 04:31:30,197 - ERROR - empty HTML tree: None
2026-08-13 04:31:30,197 - WARNING - discarding data: None
2026-08-13 04:31:30,197 - WARNING - [Wired] FAILED with 'requests_browser' (content was too short: 0 words).
2026-08-13 04:31:30,671 - INFO - [Economic Times] Article: https://economictimes.indiatimes.com/news/elections/assembly-elections/delhi/bjp-accuses-kejriwal-of-sending-voters-hoax-calls-to-mislead/articleshow/117579007.cms
2026-08-13 04:31:30,671 - INFO - [Economic Times] Attempt 1/2: Trying with 'requests_browser' strategy...
2026-08-13 04:31:30,827 - INFO - [Wired] Article: https://www.wired.com/story/barkbox-promo-code/
2026-08-13 04:31:30,827 - INFO - [Wired] Attempt 2/2: Trying with 'selenium_browser' strategy...
2026-08-13 04:31:31,025 - INFO - [The Hindu] Article: https://www.thehindu.com/news/national/indias-first-private-branded-train-to-run-as-sprite-tejas-express/article71337893.ece
2026-08-13 04:31:31,026 - INFO - [The Hindu] Attempt 1/1: Trying with 'selenium_browser' strategy...
2026-08-13 04:31:31,080 - INFO - [Economic Times] Success with 'requests_browser'. Found content (550 words).
2026-08-13 04:31:33,975 - ERROR - Error saving article BJP accuses Kejriwal of sending voters hoax calls to mislead - The Economic Times: Hrana: `stream error: `Error { message: "SQLite error: UNIQUE constraint failed: articles.url", code: "SQLITE_CONSTRAINT" }``
2026-08-13 04:31:33,979 - INFO - [Wired] Page content loaded.
2026-08-13 04:31:34,177 - INFO - [Wired] Success with 'selenium_browser'. Found content (835 words).
2026-08-13 04:31:35,666 - INFO - [Economic Times] Article: https://economictimes.indiatimes.com/news/elections/lok-sabha/india/lok-sabha-election-2024-maharashtra-get-interesting-after-splits-in-shiv-sena-ncp/articleshow/108559788.cms
2026-08-13 04:31:36,133 - INFO - [Economic Times] Attempt 1/2: Trying with 'requests_browser' strategy...
2026-08-13 04:31:37,074 - ERROR - Error saving article Barkbox Promo Codes and Discounts: Up to 50% Off | WIRED: Hrana: `stream error: `Error { message: "SQLite error: UNIQUE constraint failed: articles.url", code: "SQLITE_CONSTRAINT" }``
2026-08-13 04:31:37,477 - INFO - [Economic Times] Success with 'requests_browser'. Found content (1442 words).
2026-08-13 04:31:39,435 - INFO - [Wired] Article: https://www.wired.com/story/design-within-reach-promo-code/
2026-08-13 04:31:39,436 - INFO - [Wired] Attempt 1/2: Trying with 'requests_browser' strategy...
2026-08-13 04:31:40,351 - ERROR - Error saving article Lok Sabha election 2024: Maharashtra get interesting after splits in Shiv Sena, NCP - The Economic Times: Hrana: `stream error: `Error { message: "SQLite error: UNIQUE constraint failed: articles.url", code: "SQLITE_CONSTRAINT" }``
2026-08-13 04:31:40,519 - ERROR - parsed tree length: 1, wrong data type or not valid HTML
2026-08-13 04:31:40,519 - ERROR - empty HTML tree: None
2026-08-13 04:31:40,519 - WARNING - discarding data: None
2026-08-13 04:31:40,519 - WARNING - [Wired] FAILED with 'requests_browser' (content was too short: 0 words).
2026-08-13 04:31:41,099 - INFO - [Wired] Article: https://www.wired.com/story/design-within-reach-promo-code/
2026-08-13 04:31:41,100 - INFO - [Wired] Attempt 2/2: Trying with 'selenium_browser' strategy...
2026-08-13 04:31:41,549 - INFO - [Economic Times] Article: https://economictimes.indiatimes.com/news/elections/lok-sabha/india/modi-charisma-key-factor-in-bjps-bid-to-retain-all-26-seats-in-gujarat/articleshow/108550858.cms
2026-08-13 04:31:41,550 - INFO - [Economic Times] Attempt 1/2: Trying with 'requests_browser' strategy...
2026-08-13 04:31:41,878 - INFO - [Economic Times] Success with 'requests_browser'. Found content (838 words).
2026-08-13 04:31:44,760 - ERROR - Error saving article Modi charisma key factor in BJP's bid to retain all 26 seats in Gujarat - The Economic Times: Hrana: `stream error: `Error { message: "SQLite error: UNIQUE constraint failed: articles.url", code: "SQLITE_CONSTRAINT" }``
2026-08-13 04:31:44,760 - INFO - [Wired] Page content loaded.
2026-08-13 04:31:44,981 - INFO - [Wired] Success with 'selenium_browser'. Found content (1043 words).
2026-08-13 04:31:46,475 - INFO - [Economic Times] Article: https://economictimes.indiatimes.com/news/elections/lok-sabha/india/implementation-of-guarantees-decline-of-brs-favour-congress-in-telangana-bjp-aiming-for-better-show/articleshow/108548569.cms
2026-08-13 04:31:46,475 - INFO - [Economic Times] Attempt 1/2: Trying with 'requests_browser' strategy...
2026-08-13 04:31:46,943 - WARNING - [The Hindu] Page get timed out (7s). Proceeding to grab partial source anyway.
2026-08-13 04:31:47,867 - ERROR - Error saving article Design Within Reach Promo Codes: 30% Off | August 2026 | WIRED: Hrana: `stream error: `Error { message: "SQLite error: UNIQUE constraint failed: articles.url", code: "SQLITE_CONSTRAINT" }``
2026-08-13 04:31:47,885 - INFO - [Economic Times] Success with 'requests_browser'. Found content (1272 words).
2026-08-13 04:31:49,379 - INFO - [Wired] Article: https://www.wired.com/story/hulu-promo-code/
2026-08-13 04:31:49,379 - INFO - [Wired] Attempt 1/2: Trying with 'requests_browser' strategy...
2026-08-13 04:31:50,760 - ERROR - Error saving article Implementation of 'guarantees', decline of BRS favour Congress in Telangana, BJP aiming for better show - The Economic Times: Hrana: `stream error: `Error { message: "SQLite error: UNIQUE constraint failed: articles.url", code: "SQLITE_CONSTRAINT" }``
2026-08-13 04:31:50,768 - ERROR - parsed tree length: 1, wrong data type or not valid HTML
2026-08-13 04:31:50,768 - ERROR - empty HTML tree: None
2026-08-13 04:31:50,768 - WARNING - discarding data: None
2026-08-13 04:31:50,768 - WARNING - [Wired] FAILED with 'requests_browser' (content was too short: 0 words).
2026-08-13 04:31:51,446 - INFO - [Wired] Article: https://www.wired.com/story/hulu-promo-code/
2026-08-13 04:31:51,446 - INFO - [Wired] Attempt 2/2: Trying with 'selenium_browser' strategy...
2026-08-13 04:31:52,081 - INFO - [Economic Times] Article: https://economictimes.indiatimes.com/traders-bet-on-calendar-spread-as-nifty-moves-in-a-tight-range/articleshow/6302358.cms
2026-08-13 04:31:52,081 - INFO - [Economic Times] Attempt 1/2: Trying with 'requests_browser' strategy...
2026-08-13 04:31:52,308 - INFO - [Wired] Page content loaded.
2026-08-13 04:31:52,403 - ERROR - parsed tree length: 1, wrong data type or not valid HTML
2026-08-13 04:31:52,403 - ERROR - empty HTML tree: None
2026-08-13 04:31:52,404 - WARNING - discarding data: None
2026-08-13 04:31:52,404 - WARNING - [Economic Times] FAILED with 'requests_browser' (content was too short: 0 words).
2026-08-13 04:31:52,582 - INFO - [Wired] Success with 'selenium_browser'. Found content (662 words).
2026-08-13 04:31:54,114 - INFO - [Economic Times] Article: https://economictimes.indiatimes.com/traders-bet-on-calendar-spread-as-nifty-moves-in-a-tight-range/articleshow/6302358.cms
2026-08-13 04:31:54,114 - INFO - [Economic Times] Attempt 2/2: Trying with 'selenium_browser' strategy...
2026-08-13 04:31:55,507 - ERROR - Error saving article Hulu Promo Codes & Discounts: 20% Off in August | WIRED: Hrana: `stream error: `Error { message: "SQLite error: UNIQUE constraint failed: articles.url", code: "SQLITE_CONSTRAINT" }``
2026-08-13 04:31:55,509 - WARNING - [The Hindu] Page explicit wait timed out (3s). Proceeding anyway.
2026-08-13 04:31:55,556 - INFO - [Economic Times] Page content loaded.
2026-08-13 04:31:55,668 - INFO - [Economic Times] Success with 'selenium_browser'. Found content (411 words).
2026-08-13 04:31:57,192 - INFO - [Wired] Article: https://www.wired.com/story/vistaprint-coupon-code/
2026-08-13 04:31:57,193 - INFO - [Wired] Attempt 1/2: Trying with 'requests_browser' strategy...
2026-08-13 04:31:58,612 - ERROR - Error saving article Traders bet on calendar spread as Nifty moves in a tight range - The Economic Times: Hrana: `stream error: `Error { message: "SQLite error: UNIQUE constraint failed: articles.url", code: "SQLITE_CONSTRAINT" }``
2026-08-13 04:31:58,615 - ERROR - parsed tree length: 1, wrong data type or not valid HTML
2026-08-13 04:31:58,615 - ERROR - empty HTML tree: None
2026-08-13 04:31:58,615 - WARNING - discarding data: None
2026-08-13 04:31:58,615 - WARNING - [Wired] FAILED with 'requests_browser' (content was too short: 0 words).
2026-08-13 04:31:59,211 - INFO - [Wired] Article: https://www.wired.com/story/vistaprint-coupon-code/
2026-08-13 04:31:59,212 - INFO - [Wired] Attempt 2/2: Trying with 'selenium_browser' strategy...
2026-08-13 04:31:59,985 - INFO - [Wired] Page content loaded.
2026-08-13 04:32:00,114 - INFO - [Economic Times] Article: https://economictimes.indiatimes.com/nifty-may-find-support-at-5300-level/articleshow/6296017.cms
2026-08-13 04:32:00,114 - INFO - [Economic Times] Attempt 1/2: Trying with 'requests_browser' strategy...
2026-08-13 04:32:00,256 - INFO - [Wired] Success with 'selenium_browser'. Found content (995 words).
2026-08-13 04:32:03,199 - ERROR - Error saving article 30% VistaPrint Coupon & Promo Codes | August 2026 | WIRED: Hrana: `stream error: `Error { message: "SQLite error: UNIQUE constraint failed: articles.url", code: "SQLITE_CONSTRAINT" }``
2026-08-13 04:32:03,200 - ERROR - [The Hindu] Request failed for strategy 'selenium_browser' on URL https://www.thehindu.com/news/national/indias-first-private-branded-train-to-run-as-sprite-tejas-express/article71337893.ece: Message: timeout: Timed out receiving message from renderer: 7.000
  (Session info: chrome=152.0.7977.42)
Stacktrace:
#0 0x55d9eb7ce2ca <unknown>
#1 0x55d9eb131b39 <unknown>
#2 0x55d9eb1195bb <unknown>
#3 0x55d9eb119236 <unknown>
#4 0x55d9eb116e18 <unknown>
#5 0x55d9eb11779f <unknown>
#6 0x55d9eb126880 <unknown>
#7 0x55d9eb1407b7 <unknown>
#8 0x55d9eb14819b <unknown>
#9 0x55d9eb117ef9 <unknown>
#10 0x55d9eb140512 <unknown>
#11 0x55d9eb1cfb26 <unknown>
#12 0x55d9eb17aecb <unknown>
#13 0x55d9eb17bcb1 <unknown>
#14 0x55d9eb7927f0 <unknown>
#15 0x55d9eb790e6a <unknown>
#16 0x55d9eb77bbb5 <unknown>
#17 0x55d9eb791b2a <unknown>
#18 0x55d9eb764df0 <unknown>
#19 0x55d9eb7b9238 <unknown>
#20 0x55d9eb7b93d5 <unknown>
#21 0x55d9eb7cce53 <unknown>
#22 0x7fe7c609caa4 <unknown>
#23 0x7fe7c6129c6c <unknown>

2026-08-13 04:32:03,200 - ERROR - [The Hindu] All scrape strategies failed for https://www.thehindu.com/news/national/indias-first-private-branded-train-to-run-as-sprite-tejas-express/article71337893.ece. Falling back to RSS description.
2026-08-13 04:32:03,200 - WARNING - SKIPPED (GLOBAL WORD LIMIT): Article 'India’s first ‘private, branded’ train to run as ‘Sprite’ Tejas Express' from The Hindu has only 34 words (Min: 90).
2026-08-13 04:32:03,201 - ERROR - parsed tree length: 1, wrong data type or not valid HTML
2026-08-13 04:32:03,201 - ERROR - empty HTML tree: None
2026-08-13 04:32:03,201 - WARNING - discarding data: None
2026-08-13 04:32:03,201 - WARNING - [Economic Times] FAILED with 'requests_browser' (content was too short: 0 words).
2026-08-13 04:32:03,717 - INFO - [The Hindu] Article: https://www.thehindu.com/news/cities/bangalore/bengaluru-deadline-for-vacant-site-owners-to-clean-properties-extended-to-august-22/article71336917.ece
2026-08-13 04:32:03,717 - INFO - [The Hindu] Attempt 1/1: Trying with 'selenium_browser' strategy...
2026-08-13 04:32:03,967 - INFO - [Economic Times] Article: https://economictimes.indiatimes.com/nifty-may-find-support-at-5300-level/articleshow/6296017.cms
2026-08-13 04:32:03,967 - INFO - [Economic Times] Attempt 2/2: Trying with 'selenium_browser' strategy...
2026-08-13 04:32:04,437 - INFO - [Wired] Article: https://www.wired.com/story/ebay-coupon-code/
2026-08-13 04:32:04,438 - INFO - [Wired] Attempt 1/2: Trying with 'requests_browser' strategy...
2026-08-13 04:32:04,569 - ERROR - parsed tree length: 1, wrong data type or not valid HTML
2026-08-13 04:32:04,569 - ERROR - empty HTML tree: None
2026-08-13 04:32:04,569 - WARNING - discarding data: None
2026-08-13 04:32:04,570 - WARNING - [Wired] FAILED with 'requests_browser' (content was too short: 0 words).
2026-08-13 04:32:05,015 - INFO - [Economic Times] Page content loaded.
2026-08-13 04:32:05,082 - INFO - [Economic Times] Success with 'selenium_browser'. Found content (773 words).
2026-08-13 04:32:05,480 - INFO - [Wired] Article: https://www.wired.com/story/ebay-coupon-code/
2026-08-13 04:32:05,486 - INFO - [Wired] Attempt 2/2: Trying with 'selenium_browser' strategy...
2026-08-13 04:32:08,377 - ERROR - Error saving article Nifty may find support at 5300 level - The Economic Times: Hrana: `stream error: `Error { message: "SQLite error: UNIQUE constraint failed: articles.url", code: "SQLITE_CONSTRAINT" }``
2026-08-13 04:32:08,393 - INFO - [Wired] Page content loaded.
2026-08-13 04:32:08,641 - INFO - [Wired] Success with 'selenium_browser'. Found content (1177 words).
2026-08-13 04:32:10,116 - INFO - [Economic Times] Article: https://economictimes.indiatimes.com/seven-out-of-top-10-asian-small-cap-funds-are-indian/articleshow/6295976.cms
2026-08-13 04:32:10,116 - INFO - [Economic Times] Attempt 1/2: Trying with 'requests_browser' strategy...
2026-08-13 04:32:11,501 - ERROR - Error saving article eBay Coupons: 20% Off in August 2026 | WIRED: Hrana: `stream error: `Error { message: "SQLite error: UNIQUE constraint failed: articles.url", code: "SQLITE_CONSTRAINT" }``
2026-08-13 04:32:11,509 - ERROR - parsed tree length: 1, wrong data type or not valid HTML
2026-08-13 04:32:11,509 - ERROR - empty HTML tree: None
2026-08-13 04:32:11,509 - WARNING - discarding data: None
2026-08-13 04:32:11,509 - WARNING - [Economic Times] FAILED with 'requests_browser' (content was too short: 0 words).
2026-08-13 04:32:12,223 - INFO - [Economic Times] Article: https://economictimes.indiatimes.com/seven-out-of-top-10-asian-small-cap-funds-are-indian/articleshow/6295976.cms
2026-08-13 04:32:12,223 - INFO - [Economic Times] Attempt 2/2: Trying with 'selenium_browser' strategy...
2026-08-13 04:32:12,697 - INFO - [Wired] Early skip: URL https://www.wired.com/story/is-it-safe-to-eat-lettuce-yet/ already exists.
2026-08-13 04:32:12,698 - INFO - [Wired] Early skip: URL https://www.wired.com/story/how-and-when-to-view-the-perseid-meteor-shower-august-2026/ already exists.
2026-08-13 04:32:12,700 - INFO - [Wired] Early skip: URL https://www.wired.com/review/razer-naga-v3-pro/ already exists.
2026-08-13 04:32:12,701 - INFO - [Wired] Early skip: URL https://www.wired.com/story/ai-could-help-fossil-fuel-companies-create-more-emissions/ already exists.
2026-08-13 04:32:12,703 - INFO - [Wired] Early skip: URL https://www.wired.com/story/a-zoom-screen-sharing-bug-let-anyone-take-over-other-devices-on-a-call/ already exists.
2026-08-13 04:32:12,705 - INFO - [Wired] Article: https://www.wired.com/story/led-face-masks-and-red-light-therapy/
2026-08-13 04:32:12,705 - INFO - [Wired] Attempt 1/2: Trying with 'requests_browser' strategy...
2026-08-13 04:32:13,052 - ERROR - parsed tree length: 1, wrong data type or not valid HTML
2026-08-13 04:32:13,052 - ERROR - empty HTML tree: None
2026-08-13 04:32:13,052 - WARNING - discarding data: None
2026-08-13 04:32:13,052 - WARNING - [Wired] FAILED with 'requests_browser' (content was too short: 0 words).
2026-08-13 04:32:13,634 - INFO - [Economic Times] Page content loaded.
2026-08-13 04:32:13,668 - INFO - [Wired] Article: https://www.wired.com/story/led-face-masks-and-red-light-therapy/
2026-08-13 04:32:13,668 - INFO - [Wired] Attempt 2/2: Trying with 'selenium_browser' strategy...
2026-08-13 04:32:13,807 - INFO - [Economic Times] Success with 'selenium_browser'. Found content (607 words).
2026-08-13 04:32:16,746 - ERROR - Error saving article Seven out of top 10 Asian small-cap funds are Indian - The Economic Times: Hrana: `stream error: `Error { message: "SQLite error: UNIQUE constraint failed: articles.url", code: "SQLITE_CONSTRAINT" }``
2026-08-13 04:32:16,990 - INFO - [Wired] Page content loaded.
2026-08-13 04:32:17,455 - INFO - [Wired] Success with 'selenium_browser'. Found content (3927 words).
2026-08-13 04:32:17,513 - INFO - [Economic Times] Article: https://economictimes.indiatimes.com/inflation-reflects-growth-dynamics-in-india-christopher-wood/articleshow/6274053.cms
2026-08-13 04:32:17,514 - INFO - [Economic Times] Attempt 1/2: Trying with 'requests_browser' strategy...
2026-08-13 04:32:19,237 - WARNING - [The Hindu] Page get timed out (7s). Proceeding to grab partial source anyway.
2026-08-13 04:32:19,239 - ERROR - parsed tree length: 1, wrong data type or not valid HTML
2026-08-13 04:32:19,240 - ERROR - empty HTML tree: None
2026-08-13 04:32:19,707 - WARNING - discarding data: None
2026-08-13 04:32:19,707 - WARNING - [Economic Times] FAILED with 'requests_browser' (content was too short: 0 words).
2026-08-13 04:32:20,872 - INFO - [Economic Times] Article: https://economictimes.indiatimes.com/inflation-reflects-growth-dynamics-in-india-christopher-wood/articleshow/6274053.cms
2026-08-13 04:32:20,872 - ERROR - Error saving article Ranking the Best Red-Light Therapy Masks and LED Devices of 2026 | WIRED: Hrana: `stream error: `Error { message: "SQLite error: UNIQUE constraint failed: articles.url", code: "SQLITE_CONSTRAINT" }``
2026-08-13 04:32:20,872 - INFO - [Economic Times] Attempt 2/2: Trying with 'selenium_browser' strategy...
2026-08-13 04:32:22,005 - INFO - [Wired] (Thread) Finished. Attempting to shut down its Selenium driver.
2026-08-13 04:32:22,113 - INFO - [Wired] (Thread) driver.quit() successful.
2026-08-13 04:32:22,427 - INFO - [Economic Times] Page content loaded.
2026-08-13 04:32:22,552 - INFO - [Economic Times] Success with 'selenium_browser'. Found content (4520 words).
2026-08-13 04:32:25,475 - ERROR - Error saving article Inflation reflects growth dynamics in India: Christopher Wood - The Economic Times: Hrana: `stream error: `Error { message: "SQLite error: UNIQUE constraint failed: articles.url", code: "SQLITE_CONSTRAINT" }``
2026-08-13 04:32:26,245 - WARNING - [The Hindu] Page explicit wait timed out (3s). Proceeding anyway.
2026-08-13 04:32:26,866 - INFO - [Economic Times] Article: https://economictimes.indiatimes.com/market-may-trade-in-a-range-but-fiis-seen-sold-on-india/articleshow/6277705.cms
2026-08-13 04:32:26,866 - INFO - [Economic Times] Attempt 1/2: Trying with 'requests_browser' strategy...
2026-08-13 04:32:27,207 - ERROR - parsed tree length: 1, wrong data type or not valid HTML
2026-08-13 04:32:27,208 - ERROR - empty HTML tree: None
2026-08-13 04:32:27,208 - WARNING - discarding data: None
2026-08-13 04:32:27,208 - WARNING - [Economic Times] FAILED with 'requests_browser' (content was too short: 0 words).
2026-08-13 04:32:28,131 - INFO - [Economic Times] Article: https://economictimes.indiatimes.com/market-may-trade-in-a-range-but-fiis-seen-sold-on-india/articleshow/6277705.cms
2026-08-13 04:32:28,131 - INFO - [Economic Times] Attempt 2/2: Trying with 'selenium_browser' strategy...
2026-08-13 04:32:29,271 - INFO - [Economic Times] Page content loaded.
2026-08-13 04:32:29,376 - INFO - [Economic Times] Success with 'selenium_browser'. Found content (809 words).
2026-08-13 04:32:32,309 - ERROR - Error saving article Market may trade in a range, but FIIs seen sold on India - The Economic Times: Hrana: `stream error: `Error { message: "SQLite error: UNIQUE constraint failed: articles.url", code: "SQLITE_CONSTRAINT" }``
2026-08-13 04:32:33,065 - INFO - [Economic Times] Article: https://economictimes.indiatimes.com/dont-bank-only-on-price-to-earning-ratio/articleshow/6278228.cms
2026-08-13 04:32:33,066 - INFO - [Economic Times] Attempt 1/2: Trying with 'requests_browser' strategy...
2026-08-13 04:32:33,253 - ERROR - [The Hindu] Request failed for strategy 'selenium_browser' on URL https://www.thehindu.com/news/cities/bangalore/bengaluru-deadline-for-vacant-site-owners-to-clean-properties-extended-to-august-22/article71336917.ece: Message: timeout: Timed out receiving message from renderer: 7.000
  (Session info: chrome=152.0.7977.42)
Stacktrace:
#0 0x55d9eb7ce2ca <unknown>
#1 0x55d9eb131b39 <unknown>
#2 0x55d9eb1195bb <unknown>
#3 0x55d9eb119236 <unknown>
#4 0x55d9eb116e18 <unknown>
#5 0x55d9eb11779f <unknown>
#6 0x55d9eb126880 <unknown>
#7 0x55d9eb1407b7 <unknown>
#8 0x55d9eb14819b <unknown>
#9 0x55d9eb117ef9 <unknown>
#10 0x55d9eb140512 <unknown>
#11 0x55d9eb1cfb26 <unknown>
#12 0x55d9eb17aecb <unknown>
#13 0x55d9eb17bcb1 <unknown>
#14 0x55d9eb7927f0 <unknown>
#15 0x55d9eb790e6a <unknown>
#16 0x55d9eb77bbb5 <unknown>
#17 0x55d9eb791b2a <unknown>
#18 0x55d9eb764df0 <unknown>
#19 0x55d9eb7b9238 <unknown>
#20 0x55d9eb7b93d5 <unknown>
#21 0x55d9eb7cce53 <unknown>
#22 0x7fe7c609caa4 <unknown>
#23 0x7fe7c6129c6c <unknown>

2026-08-13 04:32:33,253 - ERROR - [The Hindu] All scrape strategies failed for https://www.thehindu.com/news/cities/bangalore/bengaluru-deadline-for-vacant-site-owners-to-clean-properties-extended-to-august-22/article71336917.ece. Falling back to RSS description.
2026-08-13 04:32:33,253 - WARNING - SKIPPED (GLOBAL WORD LIMIT): Article 'Bengaluru: Deadline for vacant site owners to clean properties extended to August 22' from The Hindu has only 25 words (Min: 90).
2026-08-13 04:32:33,505 - ERROR - parsed tree length: 1, wrong data type or not valid HTML
2026-08-13 04:32:33,505 - ERROR - empty HTML tree: None
2026-08-13 04:32:33,505 - WARNING - discarding data: None
2026-08-13 04:32:33,505 - WARNING - [Economic Times] FAILED with 'requests_browser' (content was too short: 0 words).
2026-08-13 04:32:34,385 - INFO - [Economic Times] Article: https://economictimes.indiatimes.com/dont-bank-only-on-price-to-earning-ratio/articleshow/6278228.cms
2026-08-13 04:32:34,385 - INFO - [Economic Times] Attempt 2/2: Trying with 'selenium_browser' strategy...
2026-08-13 04:32:34,516 - INFO - [The Hindu] Article: https://www.thehindu.com/news/national/justice-yashwant-varma-inquiry-what-the-panel-found-and-what-happens-next-explained/article71339470.ece
2026-08-13 04:32:34,516 - INFO - [The Hindu] Attempt 1/1: Trying with 'selenium_browser' strategy...
2026-08-13 04:32:35,609 - INFO - [Economic Times] Page content loaded.
2026-08-13 04:32:35,786 - INFO - [Economic Times] Success with 'selenium_browser'. Found content (447 words).
2026-08-13 04:32:38,699 - ERROR - Error saving article 'Don't bank only on price-to-earning ratio' - The Economic Times: Hrana: `stream error: `Error { message: "SQLite error: UNIQUE constraint failed: articles.url", code: "SQLITE_CONSTRAINT" }``
2026-08-13 04:32:39,644 - INFO - [Economic Times] Article: https://economictimes.indiatimes.com/markets/stocks/recos/prabhudas-lilladher-has-a-reduce-rating-on-infosys/articleshow/3798718.cms
2026-08-13 04:32:39,645 - INFO - [Economic Times] Attempt 1/2: Trying with 'requests_browser' strategy...
2026-08-13 04:32:39,952 - ERROR - parsed tree length: 1, wrong data type or not valid HTML
2026-08-13 04:32:39,952 - ERROR - empty HTML tree: None
2026-08-13 04:32:39,952 - WARNING - discarding data: None
2026-08-13 04:32:39,952 - WARNING - [Economic Times] FAILED with 'requests_browser' (content was too short: 0 words).
2026-08-13 04:32:40,528 - INFO - [Economic Times] Article: https://economictimes.indiatimes.com/markets/stocks/recos/prabhudas-lilladher-has-a-reduce-rating-on-infosys/articleshow/3798718.cms
2026-08-13 04:32:40,528 - INFO - [Economic Times] Attempt 2/2: Trying with 'selenium_browser' strategy...
2026-08-13 04:32:41,921 - INFO - [Economic Times] Page content loaded.
2026-08-13 04:32:41,997 - INFO - [Economic Times] Success with 'selenium_browser'. Found content (438 words).
2026-08-13 04:32:44,912 - ERROR - Error saving article Prabhudas Lilladher has a ‘reduce’ rating on Infosys - The Economic Times: Hrana: `stream error: `Error { message: "SQLite error: UNIQUE constraint failed: articles.url", code: "SQLITE_CONSTRAINT" }``
2026-08-13 04:32:45,908 - INFO - [Economic Times] Article: https://economictimes.indiatimes.com/markets/stocks/recos/fin-crisis-too-late-and-too-little-done-in-us/articleshow/3794549.cms
2026-08-13 04:32:45,909 - INFO - [Economic Times] Attempt 1/2: Trying with 'requests_browser' strategy...
2026-08-13 04:32:46,237 - ERROR - parsed tree length: 1, wrong data type or not valid HTML
2026-08-13 04:32:46,237 - ERROR - empty HTML tree: None
2026-08-13 04:32:46,237 - WARNING - discarding data: None
2026-08-13 04:32:46,237 - WARNING - [Economic Times] FAILED with 'requests_browser' (content was too short: 0 words).
2026-08-13 04:32:47,162 - INFO - [Economic Times] Article: https://economictimes.indiatimes.com/markets/stocks/recos/fin-crisis-too-late-and-too-little-done-in-us/articleshow/3794549.cms
2026-08-13 04:32:47,162 - INFO - [Economic Times] Attempt 2/2: Trying with 'selenium_browser' strategy...
2026-08-13 04:32:48,246 - INFO - [Economic Times] Page content loaded.
2026-08-13 04:32:48,400 - INFO - [Economic Times] Success with 'selenium_browser'. Found content (868 words).
2026-08-13 04:32:49,945 - WARNING - [The Hindu] Page get timed out (7s). Proceeding to grab partial source anyway.
2026-08-13 04:32:51,357 - ERROR - Error saving article Fin Crisis: Too late and too little done in US - The Economic Times: Hrana: `stream error: `Error { message: "SQLite error: UNIQUE constraint failed: articles.url", code: "SQLITE_CONSTRAINT" }``
2026-08-13 04:32:52,727 - INFO - [Economic Times] Article: https://economictimes.indiatimes.com/markets/forex/weak-rupee-takes-its-toll-on-cos-with-huge-foreign-debt/articleshow/3546158.cms
2026-08-13 04:32:52,727 - INFO - [Economic Times] Attempt 1/2: Trying with 'requests_browser' strategy...
2026-08-13 04:32:53,008 - ERROR - parsed tree length: 1, wrong data type or not valid HTML
2026-08-13 04:32:53,008 - ERROR - empty HTML tree: None
2026-08-13 04:32:53,008 - WARNING - discarding data: None
2026-08-13 04:32:53,008 - WARNING - [Economic Times] FAILED with 'requests_browser' (content was too short: 0 words).
2026-08-13 04:32:53,783 - INFO - [Economic Times] Article: https://economictimes.indiatimes.com/markets/forex/weak-rupee-takes-its-toll-on-cos-with-huge-foreign-debt/articleshow/3546158.cms
2026-08-13 04:32:53,784 - INFO - [Economic Times] Attempt 2/2: Trying with 'selenium_browser' strategy...
2026-08-13 04:32:55,182 - INFO - [Economic Times] Page content loaded.
2026-08-13 04:32:55,315 - INFO - [Economic Times] Success with 'selenium_browser'. Found content (482 words).
2026-08-13 04:32:58,221 - WARNING - [The Hindu] Page explicit wait timed out (3s). Proceeding anyway.
2026-08-13 04:32:58,221 - ERROR - Error saving article Weak rupee takes its toll on cos with huge foreign debt - The Economic Times: Hrana: `stream error: `Error { message: "SQLite error: UNIQUE constraint failed: articles.url", code: "SQLITE_CONSTRAINT" }``
2026-08-13 04:32:59,192 - INFO - [Economic Times] Article: https://economictimes.indiatimes.com/markets/stocks/recos/wait-for-more-signals-before-turning-positive/articleshow/3292640.cms
2026-08-13 04:32:59,192 - INFO - [Economic Times] Attempt 1/2: Trying with 'requests_browser' strategy...
2026-08-13 04:32:59,489 - ERROR - parsed tree length: 1, wrong data type or not valid HTML
2026-08-13 04:32:59,489 - ERROR - empty HTML tree: None
2026-08-13 04:32:59,489 - WARNING - discarding data: None
2026-08-13 04:32:59,489 - WARNING - [Economic Times] FAILED with 'requests_browser' (content was too short: 0 words).
2026-08-13 04:33:00,172 - INFO - [Economic Times] Article: https://economictimes.indiatimes.com/markets/stocks/recos/wait-for-more-signals-before-turning-positive/articleshow/3292640.cms
2026-08-13 04:33:00,172 - INFO - [Economic Times] Attempt 2/2: Trying with 'selenium_browser' strategy...
2026-08-13 04:33:01,272 - INFO - [Economic Times] Page content loaded.
2026-08-13 04:33:01,412 - INFO - [Economic Times] Success with 'selenium_browser'. Found content (761 words).
2026-08-13 04:33:04,364 - ERROR - Error saving article Wait for more signals before turning positive - The Economic Times: Hrana: `stream error: `Error { message: "SQLite error: UNIQUE constraint failed: articles.url", code: "SQLITE_CONSTRAINT" }``
2026-08-13 04:33:05,229 - ERROR - [The Hindu] Request failed for strategy 'selenium_browser' on URL https://www.thehindu.com/news/national/justice-yashwant-varma-inquiry-what-the-panel-found-and-what-happens-next-explained/article71339470.ece: Message: timeout: Timed out receiving message from renderer: 7.000
  (Session info: chrome=152.0.7977.42)
Stacktrace:
#0 0x55d9eb7ce2ca <unknown>
#1 0x55d9eb131b39 <unknown>
#2 0x55d9eb1195bb <unknown>
#3 0x55d9eb119236 <unknown>
#4 0x55d9eb116e18 <unknown>
#5 0x55d9eb11779f <unknown>
#6 0x55d9eb126880 <unknown>
#7 0x55d9eb1407b7 <unknown>
#8 0x55d9eb14819b <unknown>
#9 0x55d9eb117ef9 <unknown>
#10 0x55d9eb140512 <unknown>
#11 0x55d9eb1cfb26 <unknown>
#12 0x55d9eb17aecb <unknown>
#13 0x55d9eb17bcb1 <unknown>
#14 0x55d9eb7927f0 <unknown>
#15 0x55d9eb790e6a <unknown>
#16 0x55d9eb77bbb5 <unknown>
#17 0x55d9eb791b2a <unknown>
#18 0x55d9eb764df0 <unknown>
#19 0x55d9eb7b9238 <unknown>
#20 0x55d9eb7b93d5 <unknown>
#21 0x55d9eb7cce53 <unknown>
#22 0x7fe7c609caa4 <unknown>
#23 0x7fe7c6129c6c <unknown>

2026-08-13 04:33:05,230 - ERROR - [The Hindu] All scrape strategies failed for https://www.thehindu.com/news/national/justice-yashwant-varma-inquiry-what-the-panel-found-and-what-happens-next-explained/article71339470.ece. Falling back to RSS description.
2026-08-13 04:33:05,230 - WARNING - SKIPPED (GLOBAL WORD LIMIT): Article 'Justice Yashwant Varma inquiry: What the panel found and what happens next? | Explained' from The Hindu has only 32 words (Min: 90).
2026-08-13 04:33:05,784 - INFO - [The Hindu] Article: https://www.thehindu.com/news/national/karnataka/karnataka-launches-tathyakoshin-a-public-good-data-discovery-platform/article71337556.ece
2026-08-13 04:33:05,784 - INFO - [The Hindu] Attempt 1/1: Trying with 'selenium_browser' strategy...
2026-08-13 04:33:05,802 - INFO - [Economic Times] Article: https://economictimes.indiatimes.com/news/company/corporate-trends/six-indian-cos-among-businessweeks-top-100-infotech-firms/articleshow/3189334.cms
2026-08-13 04:33:05,802 - INFO - [Economic Times] Attempt 1/2: Trying with 'requests_browser' strategy...
2026-08-13 04:33:06,159 - INFO - [Economic Times] Success with 'requests_browser'. Found content (370 words).
2026-08-13 04:33:09,162 - ERROR - Error saving article Six Indian cos among BusinessWeek's top 100 Infotech firms - The Economic Times: Hrana: `stream error: `Error { message: "SQLite error: UNIQUE constraint failed: articles.url", code: "SQLITE_CONSTRAINT" }``
2026-08-13 04:33:10,659 - INFO - [Economic Times] Article: https://economictimes.indiatimes.com/news/company/corporate-trends/indian-firms-slip-in-global-ranking-four-move-out-of-top-500/articleshow/3177077.cms
2026-08-13 04:33:10,660 - INFO - [Economic Times] Attempt 1/2: Trying with 'requests_browser' strategy...
2026-08-13 04:33:11,064 - INFO - [Economic Times] Success with 'requests_browser'. Found content (1044 words).
2026-08-13 04:33:13,959 - ERROR - Error saving article Indian firms slip in global ranking; four move out of Top-500 - The Economic Times: Hrana: `stream error: `Error { message: "SQLite error: UNIQUE constraint failed: articles.url", code: "SQLITE_CONSTRAINT" }``
2026-08-13 04:33:14,879 - INFO - [Economic Times] Article: https://economictimes.indiatimes.com/markets/stocks/news/big-daddy-laps-up-cipla-after-q1-nos-beat-forecast/articleshow/6308646.cms
2026-08-13 04:33:14,879 - INFO - [Economic Times] Attempt 1/2: Trying with 'requests_browser' strategy...
2026-08-13 04:33:15,241 - ERROR - parsed tree length: 1, wrong data type or not valid HTML
2026-08-13 04:33:15,241 - ERROR - empty HTML tree: None
2026-08-13 04:33:15,241 - WARNING - discarding data: None
2026-08-13 04:33:15,241 - WARNING - [Economic Times] FAILED with 'requests_browser' (content was too short: 0 words).
2026-08-13 04:33:16,104 - INFO - [Economic Times] Article: https://economictimes.indiatimes.com/markets/stocks/news/big-daddy-laps-up-cipla-after-q1-nos-beat-forecast/articleshow/6308646.cms
2026-08-13 04:33:16,104 - INFO - [Economic Times] Attempt 2/2: Trying with 'selenium_browser' strategy...
2026-08-13 04:33:17,353 - INFO - [Economic Times] Page content loaded.
2026-08-13 04:33:17,986 - WARNING - [Economic Times] FAILED with 'selenium_browser' (content was too short: 83 words).
2026-08-13 04:33:17,987 - ERROR - [Economic Times] All scrape strategies failed for https://economictimes.indiatimes.com/markets/stocks/news/big-daddy-laps-up-cipla-after-q1-nos-beat-forecast/articleshow/6308646.cms. Falling back to RSS description.
2026-08-13 04:33:17,987 - WARNING - SKIPPED (GLOBAL WORD LIMIT): Article ''Big Daddy' laps up Cipla after Q1 nos beat forecast ' from Economic Times has only 20 words (Min: 90).
2026-08-13 04:33:18,959 - INFO - [Economic Times] Article: https://economictimes.indiatimes.com/markets/stocks/news/old-fox-has-dream-run-on-dalal-street/articleshow/6308631.cms
2026-08-13 04:33:18,959 - INFO - [Economic Times] Attempt 1/2: Trying with 'requests_browser' strategy...
2026-08-13 04:33:19,320 - ERROR - parsed tree length: 1, wrong data type or not valid HTML
2026-08-13 04:33:19,320 - ERROR - empty HTML tree: None
2026-08-13 04:33:19,320 - WARNING - discarding data: None
2026-08-13 04:33:19,320 - WARNING - [Economic Times] FAILED with 'requests_browser' (content was too short: 0 words).
2026-08-13 04:33:20,000 - INFO - [Economic Times] Article: https://economictimes.indiatimes.com/markets/stocks/news/old-fox-has-dream-run-on-dalal-street/articleshow/6308631.cms
2026-08-13 04:33:20,000 - INFO - [Economic Times] Attempt 2/2: Trying with 'selenium_browser' strategy...
2026-08-13 04:33:20,975 - WARNING - [The Hindu] Page get timed out (7s). Proceeding to grab partial source anyway.
2026-08-13 04:33:21,340 - INFO - [Economic Times] Page content loaded.
2026-08-13 04:33:21,524 - INFO - [Economic Times] Success with 'selenium_browser'. Found content (156 words).
2026-08-13 04:33:24,463 - ERROR - Error saving article Old Fox has dream run on Dalal Street - The Economic Times: Hrana: `stream error: `Error { message: "SQLite error: UNIQUE constraint failed: articles.url", code: "SQLITE_CONSTRAINT" }``
2026-08-13 04:33:25,475 - INFO - [Economic Times] Article: https://economictimes.indiatimes.com/markets/stocks/news/cairn-india-hits-record-high-on-bse-amid-stake-sale-talks/articleshow/6306679.cms
2026-08-13 04:33:25,475 - INFO - [Economic Times] Attempt 1/2: Trying with 'requests_browser' strategy...
2026-08-13 04:33:25,833 - ERROR - parsed tree length: 1, wrong data type or not valid HTML
2026-08-13 04:33:25,833 - ERROR - empty HTML tree: None
2026-08-13 04:33:25,833 - WARNING - discarding data: None
2026-08-13 04:33:25,833 - WARNING - [Economic Times] FAILED with 'requests_browser' (content was too short: 0 words).
2026-08-13 04:33:26,705 - INFO - [Economic Times] Article: https://economictimes.indiatimes.com/markets/stocks/news/cairn-india-hits-record-high-on-bse-amid-stake-sale-talks/articleshow/6306679.cms
2026-08-13 04:33:26,705 - INFO - [Economic Times] Attempt 2/2: Trying with 'selenium_browser' strategy...
2026-08-13 04:33:27,986 - WARNING - [The Hindu] Page explicit wait timed out (3s). Proceeding anyway.
2026-08-13 04:33:28,186 - INFO - [Economic Times] Page content loaded.
2026-08-13 04:33:28,304 - INFO - [Economic Times] Success with 'selenium_browser'. Found content (363 words).
2026-08-13 04:33:31,260 - ERROR - Error saving article Cairn India hits record high on BSE amid stake sale talks - The Economic Times: Hrana: `stream error: `Error { message: "SQLite error: UNIQUE constraint failed: articles.url", code: "SQLITE_CONSTRAINT" }``
2026-08-13 04:33:32,610 - INFO - [Economic Times] Article: https://economictimes.indiatimes.com/markets/stocks/news/vedanta-plunges-5-59-per-cent-on-lse-amid-talks-to-buy-cairn-stake/articleshow/6306526.cms
2026-08-13 04:33:32,610 - INFO - [Economic Times] Attempt 1/2: Trying with 'requests_browser' strategy...
2026-08-13 04:33:33,027 - ERROR - parsed tree length: 1, wrong data type or not valid HTML
2026-08-13 04:33:33,027 - ERROR - empty HTML tree: None
2026-08-13 04:33:33,027 - WARNING - discarding data: None
2026-08-13 04:33:33,027 - WARNING - [Economic Times] FAILED with 'requests_browser' (content was too short: 0 words).
2026-08-13 04:33:33,973 - INFO - [Economic Times] Article: https://economictimes.indiatimes.com/markets/stocks/news/vedanta-plunges-5-59-per-cent-on-lse-amid-talks-to-buy-cairn-stake/articleshow/6306526.cms
2026-08-13 04:33:33,973 - INFO - [Economic Times] Attempt 2/2: Trying with 'selenium_browser' strategy...
2026-08-13 04:33:34,996 - ERROR - [The Hindu] Request failed for strategy 'selenium_browser' on URL https://www.thehindu.com/news/national/karnataka/karnataka-launches-tathyakoshin-a-public-good-data-discovery-platform/article71337556.ece: Message: timeout: Timed out receiving message from renderer: 7.000
  (Session info: chrome=152.0.7977.42)
Stacktrace:
#0 0x55d9eb7ce2ca <unknown>
#1 0x55d9eb131b39 <unknown>
#2 0x55d9eb1195bb <unknown>
#3 0x55d9eb119236 <unknown>
#4 0x55d9eb116e18 <unknown>
#5 0x55d9eb11779f <unknown>
#6 0x55d9eb126880 <unknown>
#7 0x55d9eb1407b7 <unknown>
#8 0x55d9eb14819b <unknown>
#9 0x55d9eb117ef9 <unknown>
#10 0x55d9eb140512 <unknown>
#11 0x55d9eb1cfb26 <unknown>
#12 0x55d9eb17aecb <unknown>
#13 0x55d9eb17bcb1 <unknown>
#14 0x55d9eb7927f0 <unknown>
#15 0x55d9eb790e6a <unknown>
#16 0x55d9eb77bbb5 <unknown>
#17 0x55d9eb791b2a <unknown>
#18 0x55d9eb764df0 <unknown>
#19 0x55d9eb7b9238 <unknown>
#20 0x55d9eb7b93d5 <unknown>
#21 0x55d9eb7cce53 <unknown>
#22 0x7fe7c609caa4 <unknown>
#23 0x7fe7c6129c6c <unknown>

2026-08-13 04:33:34,996 - ERROR - [The Hindu] All scrape strategies failed for https://www.thehindu.com/news/national/karnataka/karnataka-launches-tathyakoshin-a-public-good-data-discovery-platform/article71337556.ece. Falling back to RSS description.
2026-08-13 04:33:34,996 - WARNING - SKIPPED (GLOBAL WORD LIMIT): Article 'Karnataka launches Tathyakosh.in, a public good data discovery platform ' from The Hindu has only 24 words (Min: 90).
2026-08-13 04:33:35,387 - INFO - [Economic Times] Page content loaded.
2026-08-13 04:33:35,504 - INFO - [Economic Times] Success with 'selenium_browser'. Found content (397 words).
2026-08-13 04:33:37,061 - INFO - [The Hindu] Article: https://www.thehindu.com/news/national/chhattisgarh/mumbai-biker-on-the-way-to-bastar-killed-in-road-accident/article71337054.ece
2026-08-13 04:33:37,526 - INFO - [The Hindu] Attempt 1/1: Trying with 'selenium_browser' strategy...
2026-08-13 04:33:38,445 - ERROR - Error saving article Cairn: Vedanta plunges 5.59 per cent on LSE amid talks to buy Cairn stake - The Economic Times: Hrana: `stream error: `Error { message: "SQLite error: UNIQUE constraint failed: articles.url", code: "SQLITE_CONSTRAINT" }``
2026-08-13 04:33:39,531 - INFO - [Economic Times] Article: https://economictimes.indiatimes.com/markets/stocks/news/sbi-shares-on-gaining-spree-hit-record-high/articleshow/6306241.cms
2026-08-13 04:33:39,531 - INFO - [Economic Times] Attempt 1/2: Trying with 'requests_browser' strategy...
2026-08-13 04:33:39,867 - ERROR - parsed tree length: 1, wrong data type or not valid HTML
2026-08-13 04:33:39,867 - ERROR - empty HTML tree: None
2026-08-13 04:33:39,867 - WARNING - discarding data: None
2026-08-13 04:33:39,867 - WARNING - [Economic Times] FAILED with 'requests_browser' (content was too short: 0 words).
2026-08-13 04:33:40,603 - INFO - [Economic Times] Article: https://economictimes.indiatimes.com/markets/stocks/news/sbi-shares-on-gaining-spree-hit-record-high/articleshow/6306241.cms
2026-08-13 04:33:40,603 - INFO - [Economic Times] Attempt 2/2: Trying with 'selenium_browser' strategy...
2026-08-13 04:33:42,074 - INFO - [Economic Times] Page content loaded.
2026-08-13 04:33:42,234 - WARNING - [Economic Times] FAILED with 'selenium_browser' (content was too short: 87 words).
2026-08-13 04:33:42,234 - ERROR - [Economic Times] All scrape strategies failed for https://economictimes.indiatimes.com/markets/stocks/news/sbi-shares-on-gaining-spree-hit-record-high/articleshow/6306241.cms. Falling back to RSS description.
2026-08-13 04:33:42,234 - WARNING - SKIPPED (GLOBAL WORD LIMIT): Article 'SBI shares on gaining spree; hit record high ' from Economic Times has only 28 words (Min: 90).
2026-08-13 04:33:42,950 - INFO - [Economic Times] Article: https://economictimes.indiatimes.com/fm-must-rethink/articleshow/5645094.cms
2026-08-13 04:33:42,952 - INFO - [Economic Times] Attempt 1/2: Trying with 'requests_browser' strategy...
2026-08-13 04:33:43,427 - ERROR - parsed tree length: 1, wrong data type or not valid HTML
2026-08-13 04:33:43,427 - ERROR - empty HTML tree: None
2026-08-13 04:33:43,427 - WARNING - discarding data: None
2026-08-13 04:33:43,427 - WARNING - [Economic Times] FAILED with 'requests_browser' (content was too short: 0 words).
2026-08-13 04:33:44,243 - INFO - [Economic Times] Article: https://economictimes.indiatimes.com/fm-must-rethink/articleshow/5645094.cms
2026-08-13 04:33:44,243 - INFO - [Economic Times] Attempt 2/2: Trying with 'selenium_browser' strategy...
2026-08-13 04:33:45,307 - INFO - [Economic Times] Page content loaded.
2026-08-13 04:33:45,420 - INFO - [Economic Times] Success with 'selenium_browser'. Found content (138 words).
2026-08-13 04:33:48,289 - ERROR - Error saving article FM must rethink - The Economic Times: Hrana: `stream error: `Error { message: "SQLite error: UNIQUE constraint failed: articles.url", code: "SQLITE_CONSTRAINT" }``
2026-08-13 04:33:49,550 - INFO - [Economic Times] Article: https://economictimes.indiatimes.com/amalgamate-banks/articleshow/5645086.cms
2026-08-13 04:33:49,550 - INFO - [Economic Times] Attempt 1/2: Trying with 'requests_browser' strategy...
2026-08-13 04:33:49,946 - ERROR - parsed tree length: 1, wrong data type or not valid HTML
2026-08-13 04:33:49,946 - ERROR - empty HTML tree: None
2026-08-13 04:33:49,946 - WARNING - discarding data: None
2026-08-13 04:33:49,946 - WARNING - [Economic Times] FAILED with 'requests_browser' (content was too short: 0 words).
2026-08-13 04:33:50,920 - INFO - [Economic Times] Article: https://economictimes.indiatimes.com/amalgamate-banks/articleshow/5645086.cms
2026-08-13 04:33:50,920 - INFO - [Economic Times] Attempt 2/2: Trying with 'selenium_browser' strategy...
2026-08-13 04:33:52,400 - INFO - [Economic Times] Page content loaded.
2026-08-13 04:33:52,471 - WARNING - [The Hindu] Page get timed out (7s). Proceeding to grab partial source anyway.
2026-08-13 04:33:52,549 - INFO - [Economic Times] Success with 'selenium_browser'. Found content (243 words).
2026-08-13 04:33:55,453 - ERROR - Error saving article Amalgamate banks - The Economic Times: Hrana: `stream error: `Error { message: "SQLite error: UNIQUE constraint failed: articles.url", code: "SQLITE_CONSTRAINT" }``
2026-08-13 04:33:56,831 - INFO - [Economic Times] Article: https://economictimes.indiatimes.com/managing-data/articleshow/5117958.cms
2026-08-13 04:33:56,832 - INFO - [Economic Times] Attempt 1/2: Trying with 'requests_browser' strategy...
2026-08-13 04:33:57,312 - ERROR - parsed tree length: 1, wrong data type or not valid HTML
2026-08-13 04:33:57,312 - ERROR - empty HTML tree: None
2026-08-13 04:33:57,312 - WARNING - discarding data: None
2026-08-13 04:33:57,312 - WARNING - [Economic Times] FAILED with 'requests_browser' (content was too short: 0 words).
2026-08-13 04:33:57,887 - INFO - [Economic Times] Article: https://economictimes.indiatimes.com/managing-data/articleshow/5117958.cms
2026-08-13 04:33:57,887 - INFO - [Economic Times] Attempt 2/2: Trying with 'selenium_browser' strategy...
2026-08-13 04:33:59,444 - INFO - [Economic Times] Page content loaded.
2026-08-13 04:33:59,480 - WARNING - [The Hindu] Page explicit wait timed out (3s). Proceeding anyway.
2026-08-13 04:33:59,547 - INFO - [Economic Times] Success with 'selenium_browser'. Found content (119 words).
2026-08-13 04:34:02,457 - ERROR - Error saving article Managing data - The Economic Times: Hrana: `stream error: `Error { message: "SQLite error: UNIQUE constraint failed: articles.url", code: "SQLITE_CONSTRAINT" }``
2026-08-13 04:34:03,852 - INFO - [Economic Times] Article: https://economictimes.indiatimes.com/right-technology/articleshow/5117957.cms
2026-08-13 04:34:03,852 - INFO - [Economic Times] Attempt 1/2: Trying with 'requests_browser' strategy...
2026-08-13 04:34:04,220 - ERROR - parsed tree length: 1, wrong data type or not valid HTML
2026-08-13 04:34:04,220 - ERROR - empty HTML tree: None
2026-08-13 04:34:04,220 - WARNING - discarding data: None
2026-08-13 04:34:04,220 - WARNING - [Economic Times] FAILED with 'requests_browser' (content was too short: 0 words).
2026-08-13 04:34:04,998 - INFO - [Economic Times] Article: https://economictimes.indiatimes.com/right-technology/articleshow/5117957.cms
2026-08-13 04:34:04,999 - INFO - [Economic Times] Attempt 2/2: Trying with 'selenium_browser' strategy...
2026-08-13 04:34:06,499 - ERROR - [The Hindu] Request failed for strategy 'selenium_browser' on URL https://www.thehindu.com/news/national/chhattisgarh/mumbai-biker-on-the-way-to-bastar-killed-in-road-accident/article71337054.ece: Message: timeout: Timed out receiving message from renderer: 7.000
  (Session info: chrome=152.0.7977.42)
Stacktrace:
#0 0x55d9eb7ce2ca <unknown>
#1 0x55d9eb131b39 <unknown>
#2 0x55d9eb1195bb <unknown>
#3 0x55d9eb119236 <unknown>
#4 0x55d9eb116e18 <unknown>
#5 0x55d9eb11779f <unknown>
#6 0x55d9eb126880 <unknown>
#7 0x55d9eb1407b7 <unknown>
#8 0x55d9eb14819b <unknown>
#9 0x55d9eb117ef9 <unknown>
#10 0x55d9eb140512 <unknown>
#11 0x55d9eb1cfb26 <unknown>
#12 0x55d9eb17aecb <unknown>
#13 0x55d9eb17bcb1 <unknown>
#14 0x55d9eb7927f0 <unknown>
#15 0x55d9eb790e6a <unknown>
#16 0x55d9eb77bbb5 <unknown>
#17 0x55d9eb791b2a <unknown>
#18 0x55d9eb764df0 <unknown>
#19 0x55d9eb7b9238 <unknown>
#20 0x55d9eb7b93d5 <unknown>
#21 0x55d9eb7cce53 <unknown>
#22 0x7fe7c609caa4 <unknown>
#23 0x7fe7c6129c6c <unknown>

2026-08-13 04:34:06,499 - ERROR - [The Hindu] All scrape strategies failed for https://www.thehindu.com/news/national/chhattisgarh/mumbai-biker-on-the-way-to-bastar-killed-in-road-accident/article71337054.ece. Falling back to RSS description.
2026-08-13 04:34:06,500 - WARNING - SKIPPED (GLOBAL WORD LIMIT): Article 'Mumbai biker on the way to Bastar killed in road accident' from The Hindu has only 30 words (Min: 90).
2026-08-13 04:34:06,639 - INFO - [Economic Times] Page content loaded.
2026-08-13 04:34:06,725 - INFO - [Economic Times] Success with 'selenium_browser'. Found content (114 words).
2026-08-13 04:34:08,201 - INFO - [The Hindu] Early skip: URL https://www.thehindu.com/news/national/karnataka/karnataka-bandh-august-13-2026-cauvery-water-dispute-what-is-open-what-services-are-closed-check-full-list/article71335357.ece already exists.
2026-08-13 04:34:09,583 - INFO - [The Hindu] Early skip: URL https://www.thehindu.com/news/cities/bangalore/karnataka-bandh-unlikely-to-disrupt-normal-life-as-most-organisations-extend-only-moral-support/article71337817.ece already exists.
2026-08-13 04:34:09,583 - ERROR - Error saving article Right technology - The Economic Times: Hrana: `stream error: `Error { message: "SQLite error: UNIQUE constraint failed: articles.url", code: "SQLITE_CONSTRAINT" }``
2026-08-13 04:34:09,584 - INFO - [The Hindu] Article: https://www.thehindu.com/news/national/cauvery-dispute-posted-to-august-17-as-judge-down-with-viral-fever/article71335351.ece
2026-08-13 04:34:09,584 - INFO - [The Hindu] Attempt 1/1: Trying with 'selenium_browser' strategy...
2026-08-13 04:34:10,335 - INFO - [Economic Times] Article: https://economictimes.indiatimes.com/et-search/articleshow/21646857.cms
2026-08-13 04:34:10,335 - INFO - [Economic Times] Attempt 1/2: Trying with 'requests_browser' strategy...
2026-08-13 04:34:10,676 - ERROR - parsed tree length: 1, wrong data type or not valid HTML
2026-08-13 04:34:10,676 - ERROR - empty HTML tree: None
2026-08-13 04:34:10,676 - WARNING - discarding data: None
2026-08-13 04:34:10,676 - WARNING - [Economic Times] FAILED with 'requests_browser' (content was too short: 0 words).
2026-08-13 04:34:11,277 - INFO - [Economic Times] Article: https://economictimes.indiatimes.com/et-search/articleshow/21646857.cms
2026-08-13 04:34:11,277 - INFO - [Economic Times] Attempt 2/2: Trying with 'selenium_browser' strategy...
2026-08-13 04:34:12,999 - INFO - [Economic Times] Page content loaded.
2026-08-13 04:34:13,096 - WARNING - [Economic Times] FAILED with 'selenium_browser' (content was too short: 44 words).
2026-08-13 04:34:13,096 - ERROR - [Economic Times] All scrape strategies failed for https://economictimes.indiatimes.com/et-search/articleshow/21646857.cms. Falling back to RSS description.
2026-08-13 04:34:13,096 - WARNING - SKIPPED (GLOBAL WORD LIMIT): Article 'ET Search ' from Economic Times has only 3 words (Min: 90).
2026-08-13 04:34:13,892 - CRITICAL - --- TIMEOUT: 2 scrape jobs did not complete in 420s. ---
2026-08-13 04:34:13,892 - ERROR - A thread has timed out and will be abandoned.
2026-08-13 04:34:13,892 - ERROR - A thread has timed out and will be abandoned.
2026-08-13 04:34:13,892 - INFO - Shutting down thread pool (wait=False)...
2026-08-13 04:34:13,892 - INFO - Scraped: 0 Wired, 0 TechCrunch, 0 Indian Express, 1 Al Jazeera, 7 NDTV, 7 Times of India, 4 BBC, 2 Timed_Out_Jobs articles. (Total saved: 19)
2026-08-13 04:34:13,892 - INFO - --- Scraping job finished ---
2026-08-13 04:34:13,893 - INFO - --- Scraper service stopped. ---
2026-08-13 04:34:13,893 - INFO - --- Main thread finished. Forcing process exit to kill zombie threads. ---
