2026-09-17 14:46:55,310 - INFO - Loading AI Semantic Model (all-MiniLM-L6-v2)...
2026-09-17 14:46:55,310 - INFO - No device provided, using cpu
2026-09-17 14:46:55,376 - INFO - HTTP Request: GET https://huggingface.co/api/agent-harnesses "HTTP/1.1 200 OK"
2026-09-17 14:46:55,413 - INFO - HTTP Request: HEAD https://huggingface.co/sentence-transformers/all-MiniLM-L6-v2/resolve/main/modules.json "HTTP/1.1 307 Temporary Redirect"
2026-09-17 14:46:55,420 - INFO - HTTP Request: HEAD https://huggingface.co/api/resolve-cache/models/sentence-transformers/all-MiniLM-L6-v2/1110a243fdf4706b3f48f1d95db1a4f5529b4d41/modules.json?%2Fsentence-transformers%2Fall-MiniLM-L6-v2%2Fresolve%2Fmain%2Fmodules.json=&etag=%22952a9b81c0bfd99800fabf352f69c7ccd46c5e43%22 "HTTP/1.1 200 OK"
2026-09-17 14:46:55,456 - INFO - HTTP Request: HEAD https://huggingface.co/sentence-transformers/all-MiniLM-L6-v2/resolve/main/config_sentence_transformers.json "HTTP/1.1 307 Temporary Redirect"
2026-09-17 14:46:55,466 - INFO - HTTP Request: HEAD https://huggingface.co/api/resolve-cache/models/sentence-transformers/all-MiniLM-L6-v2/1110a243fdf4706b3f48f1d95db1a4f5529b4d41/config_sentence_transformers.json?%2Fsentence-transformers%2Fall-MiniLM-L6-v2%2Fresolve%2Fmain%2Fconfig_sentence_transformers.json=&etag=%22fd1b291129c607e5d49799f87cb219b27f98acdf%22 "HTTP/1.1 200 OK"
2026-09-17 14:46:55,467 - INFO - Loading SentenceTransformer model from sentence-transformers/all-MiniLM-L6-v2.
2026-09-17 14:46:55,509 - INFO - HTTP Request: HEAD https://huggingface.co/sentence-transformers/all-MiniLM-L6-v2/resolve/main/config_sentence_transformers.json "HTTP/1.1 307 Temporary Redirect"
2026-09-17 14:46:55,510 - WARNING - Warning: You are sending unauthenticated requests to the HF Hub. Please set a HF_TOKEN to enable higher rate limits and faster downloads.
2026-09-17 14:46:55,517 - INFO - HTTP Request: HEAD https://huggingface.co/api/resolve-cache/models/sentence-transformers/all-MiniLM-L6-v2/1110a243fdf4706b3f48f1d95db1a4f5529b4d41/config_sentence_transformers.json?%2Fsentence-transformers%2Fall-MiniLM-L6-v2%2Fresolve%2Fmain%2Fconfig_sentence_transformers.json=&etag=%22fd1b291129c607e5d49799f87cb219b27f98acdf%22 "HTTP/1.1 200 OK"
2026-09-17 14:46:55,556 - INFO - HTTP Request: HEAD https://huggingface.co/sentence-transformers/all-MiniLM-L6-v2/resolve/main/README.md "HTTP/1.1 307 Temporary Redirect"
2026-09-17 14:46:55,564 - INFO - HTTP Request: HEAD https://huggingface.co/api/resolve-cache/models/sentence-transformers/all-MiniLM-L6-v2/1110a243fdf4706b3f48f1d95db1a4f5529b4d41/README.md?%2Fsentence-transformers%2Fall-MiniLM-L6-v2%2Fresolve%2Fmain%2FREADME.md=&etag=%2244af2e3b0fa3a0b6239e48422972bf755f28fde0%22 "HTTP/1.1 200 OK"
2026-09-17 14:46:55,571 - INFO - HTTP Request: GET https://huggingface.co/api/resolve-cache/models/sentence-transformers/all-MiniLM-L6-v2/1110a243fdf4706b3f48f1d95db1a4f5529b4d41/README.md?%2Fsentence-transformers%2Fall-MiniLM-L6-v2%2Fresolve%2Fmain%2FREADME.md=&etag=%2244af2e3b0fa3a0b6239e48422972bf755f28fde0%22 "HTTP/1.1 200 OK"
2026-09-17 14:46:55,606 - INFO - HTTP Request: HEAD https://huggingface.co/sentence-transformers/all-MiniLM-L6-v2/resolve/main/modules.json "HTTP/1.1 307 Temporary Redirect"
2026-09-17 14:46:55,613 - INFO - HTTP Request: HEAD https://huggingface.co/api/resolve-cache/models/sentence-transformers/all-MiniLM-L6-v2/1110a243fdf4706b3f48f1d95db1a4f5529b4d41/modules.json?%2Fsentence-transformers%2Fall-MiniLM-L6-v2%2Fresolve%2Fmain%2Fmodules.json=&etag=%22952a9b81c0bfd99800fabf352f69c7ccd46c5e43%22 "HTTP/1.1 200 OK"
2026-09-17 14:46:55,649 - INFO - HTTP Request: HEAD https://huggingface.co/sentence-transformers/all-MiniLM-L6-v2/resolve/main/sentence_bert_config.json "HTTP/1.1 307 Temporary Redirect"
2026-09-17 14:46:55,656 - INFO - HTTP Request: HEAD https://huggingface.co/api/resolve-cache/models/sentence-transformers/all-MiniLM-L6-v2/1110a243fdf4706b3f48f1d95db1a4f5529b4d41/sentence_bert_config.json?%2Fsentence-transformers%2Fall-MiniLM-L6-v2%2Fresolve%2Fmain%2Fsentence_bert_config.json=&etag=%2259d594003bf59880a884c574bf88ef7555bb0202%22 "HTTP/1.1 200 OK"
2026-09-17 14:46:55,698 - INFO - HTTP Request: HEAD https://huggingface.co/sentence-transformers/all-MiniLM-L6-v2/resolve/main/adapter_config.json "HTTP/1.1 404 Not Found"
2026-09-17 14:46:55,734 - INFO - HTTP Request: HEAD https://huggingface.co/sentence-transformers/all-MiniLM-L6-v2/resolve/main/config.json "HTTP/1.1 307 Temporary Redirect"
2026-09-17 14:46:55,742 - INFO - HTTP Request: HEAD https://huggingface.co/api/resolve-cache/models/sentence-transformers/all-MiniLM-L6-v2/1110a243fdf4706b3f48f1d95db1a4f5529b4d41/config.json?%2Fsentence-transformers%2Fall-MiniLM-L6-v2%2Fresolve%2Fmain%2Fconfig.json=&etag=%2272b987fd805cfa2b58c4c8c952b274a11bfd5a00%22 "HTTP/1.1 200 OK"
2026-09-17 14:46:55,811 - INFO - HTTP Request: HEAD https://huggingface.co/sentence-transformers/all-MiniLM-L6-v2/resolve/main/model.safetensors "HTTP/1.1 302 Found"
2026-09-17 14:46:55,982 - INFO - HTTP Request: HEAD https://huggingface.co/sentence-transformers/all-MiniLM-L6-v2/resolve/main/processor_config.json "HTTP/1.1 404 Not Found"
2026-09-17 14:46:56,024 - INFO - HTTP Request: HEAD https://huggingface.co/sentence-transformers/all-MiniLM-L6-v2/resolve/main/preprocessor_config.json "HTTP/1.1 404 Not Found"
2026-09-17 14:46:56,061 - INFO - HTTP Request: HEAD https://huggingface.co/sentence-transformers/all-MiniLM-L6-v2/resolve/main/video_preprocessor_config.json "HTTP/1.1 404 Not Found"
2026-09-17 14:46:56,103 - INFO - HTTP Request: HEAD https://huggingface.co/sentence-transformers/all-MiniLM-L6-v2/resolve/main/preprocessor_config.json "HTTP/1.1 404 Not Found"
2026-09-17 14:46:56,140 - INFO - HTTP Request: HEAD https://huggingface.co/sentence-transformers/all-MiniLM-L6-v2/resolve/main/tokenizer_config.json "HTTP/1.1 307 Temporary Redirect"
2026-09-17 14:46:56,147 - INFO - HTTP Request: HEAD https://huggingface.co/api/resolve-cache/models/sentence-transformers/all-MiniLM-L6-v2/1110a243fdf4706b3f48f1d95db1a4f5529b4d41/tokenizer_config.json?%2Fsentence-transformers%2Fall-MiniLM-L6-v2%2Fresolve%2Fmain%2Ftokenizer_config.json=&etag=%22c79f2b6a0cea6f4b564fed1938984bace9d30ff0%22 "HTTP/1.1 200 OK"
2026-09-17 14:46:56,186 - INFO - HTTP Request: HEAD https://huggingface.co/sentence-transformers/all-MiniLM-L6-v2/resolve/main/config.json "HTTP/1.1 307 Temporary Redirect"
2026-09-17 14:46:56,194 - INFO - HTTP Request: HEAD https://huggingface.co/api/resolve-cache/models/sentence-transformers/all-MiniLM-L6-v2/1110a243fdf4706b3f48f1d95db1a4f5529b4d41/config.json?%2Fsentence-transformers%2Fall-MiniLM-L6-v2%2Fresolve%2Fmain%2Fconfig.json=&etag=%2272b987fd805cfa2b58c4c8c952b274a11bfd5a00%22 "HTTP/1.1 200 OK"
2026-09-17 14:46:56,230 - INFO - HTTP Request: HEAD https://huggingface.co/sentence-transformers/all-MiniLM-L6-v2/resolve/main/config.json "HTTP/1.1 307 Temporary Redirect"
2026-09-17 14:46:56,237 - INFO - HTTP Request: HEAD https://huggingface.co/api/resolve-cache/models/sentence-transformers/all-MiniLM-L6-v2/1110a243fdf4706b3f48f1d95db1a4f5529b4d41/config.json?%2Fsentence-transformers%2Fall-MiniLM-L6-v2%2Fresolve%2Fmain%2Fconfig.json=&etag=%2272b987fd805cfa2b58c4c8c952b274a11bfd5a00%22 "HTTP/1.1 200 OK"
2026-09-17 14:46:56,273 - INFO - HTTP Request: HEAD https://huggingface.co/sentence-transformers/all-MiniLM-L6-v2/resolve/main/tokenizer_config.json "HTTP/1.1 307 Temporary Redirect"
2026-09-17 14:46:56,280 - INFO - HTTP Request: HEAD https://huggingface.co/api/resolve-cache/models/sentence-transformers/all-MiniLM-L6-v2/1110a243fdf4706b3f48f1d95db1a4f5529b4d41/tokenizer_config.json?%2Fsentence-transformers%2Fall-MiniLM-L6-v2%2Fresolve%2Fmain%2Ftokenizer_config.json=&etag=%22c79f2b6a0cea6f4b564fed1938984bace9d30ff0%22 "HTTP/1.1 200 OK"
2026-09-17 14:46:56,325 - INFO - HTTP Request: GET https://huggingface.co/api/models/sentence-transformers/all-MiniLM-L6-v2/tree/main/additional_chat_templates?recursive=false&expand=false "HTTP/1.1 404 Not Found"
2026-09-17 14:46:56,362 - INFO - HTTP Request: GET https://huggingface.co/api/models/sentence-transformers/all-MiniLM-L6-v2/tree/main?recursive=true&expand=false "HTTP/1.1 200 OK"
2026-09-17 14:46:56,399 - INFO - HTTP Request: HEAD https://huggingface.co/sentence-transformers/all-MiniLM-L6-v2/resolve/main/vocab.txt "HTTP/1.1 307 Temporary Redirect"
2026-09-17 14:46:56,407 - INFO - HTTP Request: HEAD https://huggingface.co/api/resolve-cache/models/sentence-transformers/all-MiniLM-L6-v2/1110a243fdf4706b3f48f1d95db1a4f5529b4d41/vocab.txt?%2Fsentence-transformers%2Fall-MiniLM-L6-v2%2Fresolve%2Fmain%2Fvocab.txt=&etag=%22fb140275c155a9c7c5a3b3e0e77a9e839594a938%22 "HTTP/1.1 200 OK"
2026-09-17 14:46:56,449 - INFO - HTTP Request: HEAD https://huggingface.co/sentence-transformers/all-MiniLM-L6-v2/resolve/main/tokenizer.json "HTTP/1.1 307 Temporary Redirect"
2026-09-17 14:46:56,456 - INFO - HTTP Request: HEAD https://huggingface.co/api/resolve-cache/models/sentence-transformers/all-MiniLM-L6-v2/1110a243fdf4706b3f48f1d95db1a4f5529b4d41/tokenizer.json?%2Fsentence-transformers%2Fall-MiniLM-L6-v2%2Fresolve%2Fmain%2Ftokenizer.json=&etag=%22cb202bfe2e3c98645018a6d12f182a434c9d3e02%22 "HTTP/1.1 200 OK"
2026-09-17 14:46:56,496 - INFO - HTTP Request: HEAD https://huggingface.co/sentence-transformers/all-MiniLM-L6-v2/resolve/main/added_tokens.json "HTTP/1.1 404 Not Found"
2026-09-17 14:46:56,534 - INFO - HTTP Request: HEAD https://huggingface.co/sentence-transformers/all-MiniLM-L6-v2/resolve/main/special_tokens_map.json "HTTP/1.1 307 Temporary Redirect"
2026-09-17 14:46:56,541 - INFO - HTTP Request: HEAD https://huggingface.co/api/resolve-cache/models/sentence-transformers/all-MiniLM-L6-v2/1110a243fdf4706b3f48f1d95db1a4f5529b4d41/special_tokens_map.json?%2Fsentence-transformers%2Fall-MiniLM-L6-v2%2Fresolve%2Fmain%2Fspecial_tokens_map.json=&etag=%22e7b0375001f109a6b8873d756ad4f7bbb15fbaa5%22 "HTTP/1.1 200 OK"
2026-09-17 14:46:56,578 - INFO - HTTP Request: HEAD https://huggingface.co/sentence-transformers/all-MiniLM-L6-v2/resolve/main/chat_template.jinja "HTTP/1.1 404 Not Found"
2026-09-17 14:46:56,644 - INFO - HTTP Request: HEAD https://huggingface.co/sentence-transformers/all-MiniLM-L6-v2/resolve/main/1_Pooling/config.json "HTTP/1.1 307 Temporary Redirect"
2026-09-17 14:46:56,651 - INFO - HTTP Request: HEAD https://huggingface.co/api/resolve-cache/models/sentence-transformers/all-MiniLM-L6-v2/1110a243fdf4706b3f48f1d95db1a4f5529b4d41/1_Pooling%2Fconfig.json?%2Fsentence-transformers%2Fall-MiniLM-L6-v2%2Fresolve%2Fmain%2F1_Pooling%2Fconfig.json=&etag=%22d1514c3162bbe87b343f565fadc62e6c06f04f03%22 "HTTP/1.1 200 OK"
2026-09-17 14:46:56,694 - INFO - HTTP Request: HEAD https://huggingface.co/sentence-transformers/all-MiniLM-L6-v2/resolve/main/2_Normalize/config.json "HTTP/1.1 404 Not Found"
2026-09-17 14:46:56,734 - INFO - HTTP Request: GET https://huggingface.co/api/models/sentence-transformers/all-MiniLM-L6-v2 "HTTP/1.1 200 OK"
2026-09-17 14:46:56,738 - INFO - AI Model loaded successfully.
2026-09-17 14:46:56,738 - INFO - --- Scraper service started (CI Mode: Run Once) ---
2026-09-17 14:46:56,738 - INFO - --- Starting new scraping job (Parallel Mode) ---
2026-09-17 14:46:56,739 - INFO - Connecting to SQLite database...
2026-09-17 14:47:01,774 - INFO - Pre-calculating embeddings for 162 cached articles...
2026-09-17 14:47:12,186 - INFO - Cache built: 3436 URLs. Current MAX_ID: 122785
2026-09-17 14:47:12,187 - INFO - Creating new robust session with 3 retries on 5xx/connection/read errors.
2026-09-17 14:47:12,187 - INFO - Proxy is DISABLED.
2026-09-17 14:47:12,187 - INFO - [BBC] (Thread) requires Selenium. Initializing driver...
2026-09-17 14:47:12,188 - INFO - [Times of India] (Thread) requires Selenium. Initializing driver...
2026-09-17 14:47:12,188 - INFO - [The Hindu] (Thread) requires Selenium. Initializing driver...
2026-09-17 14:47:12,189 - INFO - [Al Jazeera] (Thread) requires Selenium. Initializing driver...
2026-09-17 14:47:12,189 - INFO - Starting scrape for TechCrunch RSS feed: https://techcrunch.com/feed/
2026-09-17 14:47:12,190 - INFO - [Economic Times] (Thread) requires Selenium. Initializing driver...
2026-09-17 14:47:12,191 - INFO - [Wired] (Thread) requires Selenium. Initializing driver...
2026-09-17 14:47:12,192 - INFO - [NDTV] (Thread) requires Selenium. Initializing driver...
2026-09-17 14:47:12,193 - INFO - [Indian Express] (Thread) requires Selenium. Initializing driver...
2026-09-17 14:47:12,193 - INFO - Submitted 9 jobs to thread pool. Waiting up to 420s for completion...
2026-09-17 14:47:14,349 - INFO - Found 0 articles in TechCrunch RSS feed. Processing until 8 new articles are saved.
2026-09-17 14:47:14,655 - INFO - Selenium driver initialized successfully (Eager load strategy, 7s timeout).
2026-09-17 14:47:14,655 - INFO - Starting scrape for Times of India RSS feed: https://timesofindia.indiatimes.com/rssfeeds/296589292.cms
2026-09-17 14:47:14,701 - INFO - Selenium driver initialized successfully (Eager load strategy, 7s timeout).
2026-09-17 14:47:14,701 - INFO - Starting scrape for Wired RSS feed: https://www.wired.com/feed/rss
2026-09-17 14:47:14,747 - INFO - Selenium driver initialized successfully (Eager load strategy, 7s timeout).
2026-09-17 14:47:14,747 - INFO - Starting scrape for Indian Express RSS feed: https://indianexpress.com/feed/
2026-09-17 14:47:14,982 - INFO - Selenium driver initialized successfully (Eager load strategy, 7s timeout).
2026-09-17 14:47:14,982 - INFO - Starting scrape for Economic Times RSS feed: https://economictimes.indiatimes.com/rssfeedsdefault.cms
2026-09-17 14:47:14,985 - INFO - Selenium driver initialized successfully (Eager load strategy, 7s timeout).
2026-09-17 14:47:14,985 - INFO - Starting scrape for NDTV RSS feed: https://feeds.feedburner.com/ndtvnews-top-stories
2026-09-17 14:47:15,140 - INFO - Selenium driver initialized successfully (Eager load strategy, 7s timeout).
2026-09-17 14:47:15,140 - INFO - Starting scrape for Al Jazeera RSS feed: https://www.aljazeera.com/xml/rss/all.xml
2026-09-17 14:47:15,291 - INFO - Selenium driver initialized successfully (Eager load strategy, 7s timeout).
2026-09-17 14:47:15,292 - INFO - Starting scrape for BBC RSS feed: http://feeds.bbci.co.uk/news/world/rss.xml
2026-09-17 14:47:15,321 - INFO - Found 20 articles in Times of India RSS feed. Processing until 20 new articles are saved.
2026-09-17 14:47:15,322 - INFO - [Times of India] Article: https://timesofindia.indiatimes.com/world/us/meet-arjun-jain-the-16-year-old-new-jersey-student-who-turned-a-backyard-hydroponics-hobby-into-a-project-that-has-grown-and-distributed-3500-pounds-of-produce-and-helped-shape-two-local-ordinances/articleshow/134313363.cms
2026-09-17 14:47:15,322 - INFO - [Times of India] Attempt 1/1: Trying with 'selenium_browser' strategy...
2026-09-17 14:47:15,377 - INFO - Selenium driver initialized successfully (Eager load strategy, 7s timeout).
2026-09-17 14:47:15,378 - INFO - Starting scrape for The Hindu RSS feed: https://www.thehindu.com/news/national/feeder/default.rss
2026-09-17 14:47:15,401 - ERROR - Failed to fetch Indian Express RSS feed: 403 Client Error: Forbidden for url: https://indianexpress.com/feed/
2026-09-17 14:47:15,404 - INFO - [Indian Express] (Thread) Finished. Attempting to shut down its Selenium driver.
2026-09-17 14:47:15,435 - INFO - Found 50 articles in Wired RSS feed. Processing until 10 new articles are saved.
2026-09-17 14:47:15,464 - INFO - [Wired] Article: https://www.wired.com/review/apple-watch-series-12/
2026-09-17 14:47:15,464 - INFO - [Wired] Attempt 1/2: Trying with 'requests_browser' strategy...
2026-09-17 14:47:15,495 - INFO - [Indian Express] (Thread) driver.quit() successful.
2026-09-17 14:47:15,519 - INFO - Found 25 articles in Al Jazeera RSS feed. Processing until 8 new articles are saved.
2026-09-17 14:47:15,530 - INFO - [Al Jazeera] Article: https://www.aljazeera.com/news/2026/9/17/ghalibafs-maths-missile-at-trump-decoded-is-iran-fixing-us-interest-rates?traffic_source=rss
2026-09-17 14:47:15,530 - INFO - [Al Jazeera] Attempt 1/2: Trying with 'requests_browser' strategy...
2026-09-17 14:47:15,630 - ERROR - parsed tree length: 1, wrong data type or not valid HTML
2026-09-17 14:47:15,635 - ERROR - empty HTML tree: None
2026-09-17 14:47:15,635 - WARNING - discarding data: None
2026-09-17 14:47:15,635 - WARNING - [Wired] FAILED with 'requests_browser' (content was too short: 0 words).
2026-09-17 14:47:15,634 - INFO - Found 20 articles in NDTV RSS feed. Processing until 10 new articles are saved.
2026-09-17 14:47:15,636 - INFO - [NDTV] Article: https://www.ndtv.com/opinion/us-has-weaponised-indias-russia-oil-dependence-now-what-12059199#publisher=newsstand
2026-09-17 14:47:15,642 - INFO - [NDTV] Attempt 1/2: Trying with 'requests_browser' strategy...
2026-09-17 14:47:15,718 - INFO - Found 36 articles in BBC RSS feed. Processing until 10 new articles are saved.
2026-09-17 14:47:15,719 - INFO - [BBC] Article: https://www.bbc.co.uk/news/articles/cqx2zgk8k8xvo?at_medium=RSS&at_campaign=rss
2026-09-17 14:47:15,719 - INFO - [BBC] Attempt 1/2: Trying with 'requests_browser' strategy...
2026-09-17 14:47:15,763 - INFO - [Al Jazeera] Success with 'requests_browser'. Found content (1028 words).
2026-09-17 14:47:15,870 - ERROR - [NDTV] Request failed for strategy 'requests_browser' on URL https://www.ndtv.com/opinion/us-has-weaponised-indias-russia-oil-dependence-now-what-12059199#publisher=newsstand: 403 Client Error: Forbidden for url: https://www.ndtv.com/opinion/us-has-weaponised-indias-russia-oil-dependence-now-what-12059199#publisher=newsstand
2026-09-17 14:47:15,896 - INFO - Found 76 articles in Economic Times RSS feed. Processing until 20 new articles are saved.
2026-09-17 14:47:15,896 - INFO - [Economic Times] Article: https://economictimes.indiatimes.com/markets/stocks/news/rentomojo-shares-jump-9-after-listing-at-19-premium-over-ipo-price-can-the-debut-day-mojo-last/articleshow/134303672.cms
2026-09-17 14:47:15,896 - INFO - [Economic Times] Attempt 1/2: Trying with 'requests_browser' strategy...
2026-09-17 14:47:16,011 - INFO - Found 60 articles in The Hindu RSS feed. Processing until 20 new articles are saved.
2026-09-17 14:47:16,014 - INFO - [The Hindu] Article: https://www.thehindu.com/news/national/karnataka/youth-congress-activists-observe-modis-birthday-as-unemployment-day/article71477208.ece
2026-09-17 14:47:16,018 - INFO - [The Hindu] Attempt 1/1: Trying with 'selenium_browser' strategy...
2026-09-17 14:47:16,082 - INFO - [BBC] Success with 'requests_browser'. Found content (799 words).
2026-09-17 14:47:17,684 - INFO - [NDTV] Article: https://www.ndtv.com/opinion/us-has-weaponised-indias-russia-oil-dependence-now-what-12059199#publisher=newsstand
2026-09-17 14:47:17,684 - INFO - [NDTV] Attempt 2/2: Trying with 'selenium_browser' strategy...
2026-09-17 14:47:17,685 - INFO - [Wired] Article: https://www.wired.com/review/apple-watch-series-12/
2026-09-17 14:47:17,686 - INFO - [Wired] Attempt 2/2: Trying with 'selenium_browser' strategy...
2026-09-17 14:47:19,393 - ERROR - parsed tree length: 1, wrong data type or not valid HTML
2026-09-17 14:47:19,393 - ERROR - empty HTML tree: None
2026-09-17 14:47:19,393 - WARNING - discarding data: None
2026-09-17 14:47:19,393 - WARNING - [Economic Times] FAILED with 'requests_browser' (content was too short: 0 words).
2026-09-17 14:47:19,409 - INFO - >>> SUCCESSFULLY SAVED [ID: 122786] - Ghalibaf’s maths missile at Trump decoded: Is Iran fixing US interest rates? | US-Israel war on Iran News | Al Jazeera from Al Jazeera (1028 words)
2026-09-17 14:47:21,209 - INFO - [Economic Times] Article: https://economictimes.indiatimes.com/markets/stocks/news/rentomojo-shares-jump-9-after-listing-at-19-premium-over-ipo-price-can-the-debut-day-mojo-last/articleshow/134303672.cms
2026-09-17 14:47:21,209 - INFO - [Economic Times] Attempt 2/2: Trying with 'selenium_browser' strategy...
2026-09-17 14:47:21,211 - INFO - [Al Jazeera] Article: https://www.aljazeera.com/news/2026/9/17/india-pakistan-navy-ship-collision-sparks-alarm-over-unintended-escalation?traffic_source=rss
2026-09-17 14:47:21,211 - INFO - [Al Jazeera] Attempt 1/2: Trying with 'requests_browser' strategy...
2026-09-17 14:47:22,824 - INFO - >>> SUCCESSFULLY SAVED [ID: 122787] - Kempton Park killings: Ninth woman's body found in South Africa's Dawn Park - BBC News from BBC (799 words)
2026-09-17 14:47:22,941 - INFO - [Al Jazeera] Success with 'requests_browser'. Found content (1105 words).
2026-09-17 14:47:23,042 - INFO - [NDTV] Page content loaded.
2026-09-17 14:47:24,907 - INFO - [BBC] Early skip: URL https://www.bbc.co.uk/news/articles/cv0lrxw6ygl2o?at_medium=RSS&at_campaign=rss already exists.
2026-09-17 14:47:25,342 - INFO - [BBC] Early skip: URL https://www.bbc.co.uk/news/articles/c6n07ypqz8kzo?at_medium=RSS&at_campaign=rss already exists.
2026-09-17 14:47:25,342 - WARNING - [The Hindu] Page get timed out (7s). Proceeding to grab partial source anyway.
2026-09-17 14:47:25,343 - INFO - [BBC] Article: https://www.bbc.co.uk/news/articles/cxr50l3d762po?at_medium=RSS&at_campaign=rss
2026-09-17 14:47:25,343 - INFO - [BBC] Attempt 1/2: Trying with 'requests_browser' strategy...
2026-09-17 14:47:26,536 - INFO - >>> SUCCESSFULLY SAVED [ID: 122788] - India-Pakistan navy ship collision sparks alarm over unintended escalation | India-Pakistan Tensions News | Al Jazeera from Al Jazeera (1105 words)
2026-09-17 14:47:26,925 - INFO - [NDTV] Success with 'selenium_browser'. Found content (1092 words).
2026-09-17 14:47:26,982 - INFO - [BBC] Success with 'requests_browser'. Found content (575 words).
2026-09-17 14:47:27,739 - INFO - [Al Jazeera] Article: https://www.aljazeera.com/news-analysis/2026/9/17/how-far-will-egypt-go-to-help-saudi-arabia-secure-the-red-sea?traffic_source=rss
2026-09-17 14:47:27,739 - INFO - [Al Jazeera] Attempt 1/2: Trying with 'requests_browser' strategy...
2026-09-17 14:47:28,939 - INFO - [Al Jazeera] Success with 'requests_browser'. Found content (1397 words).
2026-09-17 14:47:32,602 - INFO - >>> SUCCESSFULLY SAVED [ID: 122789] - Swedish PM Ulf Kristersson resigns after election loss - BBC News from BBC (575 words)
2026-09-17 14:47:33,022 - INFO - DEDUPLICATION: Found match (Score: 0.84). Linking to Cluster ID: 87172bce-ee41-4c85-becd-7fe0711bcf28
2026-09-17 14:47:34,382 - INFO - [BBC] Early skip: URL https://www.bbc.co.uk/news/articles/c3j4jz8vpz1xo?at_medium=RSS&at_campaign=rss already exists.
2026-09-17 14:47:34,858 - INFO - [BBC] Article: https://www.bbc.co.uk/news/articles/ck980qyy6d2zo?at_medium=RSS&at_campaign=rss
2026-09-17 14:47:34,858 - INFO - [BBC] Attempt 1/2: Trying with 'requests_browser' strategy...
2026-09-17 14:47:35,781 - WARNING - [The Hindu] Page explicit wait timed out (3s). Proceeding anyway.
2026-09-17 14:47:36,032 - INFO - >>> SUCCESSFULLY SAVED [ID: 122790] - US Has Weaponised India's Russia Oil Dependence. Now What? from NDTV (1092 words)
2026-09-17 14:47:36,257 - INFO - [BBC] Success with 'requests_browser'. Found content (277 words).
2026-09-17 14:47:38,444 - INFO - [NDTV] Article: https://www.ndtv.com/india-news/supreme-courts-strong-remarks-against-tamil-nadus-opposition-to-hindi-12058998#publisher=newsstand
2026-09-17 14:47:38,458 - INFO - [NDTV] Attempt 1/2: Trying with 'requests_browser' strategy...
2026-09-17 14:47:39,602 - INFO - >>> SUCCESSFULLY SAVED [ID: 122791] - How far will Egypt go to help Saudi Arabia secure the Red Sea? | GCC News | Al Jazeera from Al Jazeera (1397 words)
2026-09-17 14:47:39,860 - ERROR - [NDTV] Request failed for strategy 'requests_browser' on URL https://www.ndtv.com/india-news/supreme-courts-strong-remarks-against-tamil-nadus-opposition-to-hindi-12058998#publisher=newsstand: 403 Client Error: Forbidden for url: https://www.ndtv.com/india-news/supreme-courts-strong-remarks-against-tamil-nadus-opposition-to-hindi-12058998#publisher=newsstand
2026-09-17 14:47:41,450 - INFO - [NDTV] Article: https://www.ndtv.com/india-news/supreme-courts-strong-remarks-against-tamil-nadus-opposition-to-hindi-12058998#publisher=newsstand
2026-09-17 14:47:41,450 - INFO - [NDTV] Attempt 2/2: Trying with 'selenium_browser' strategy...
2026-09-17 14:47:41,451 - INFO - [Al Jazeera] Article: https://www.aljazeera.com/sports/2026/9/17/real-madrid-fan-group-demands-mbappe-apologies-over-ceuta-shirt-snub?traffic_source=rss
2026-09-17 14:47:41,451 - INFO - [Al Jazeera] Attempt 1/2: Trying with 'requests_browser' strategy...
2026-09-17 14:47:43,311 - INFO - >>> SUCCESSFULLY SAVED [ID: 122792] - Aztec document goes on display in Mexico after 186 years - BBC News from BBC (277 words)
2026-09-17 14:47:43,519 - INFO - [Al Jazeera] Success with 'requests_browser'. Found content (400 words).
2026-09-17 14:47:45,580 - INFO - [BBC] Article: https://www.bbc.co.uk/sport/football/articles/cmwyzk6xkrd0o?at_medium=RSS&at_campaign=rss
2026-09-17 14:47:45,580 - INFO - [BBC] Attempt 1/2: Trying with 'requests_browser' strategy...
2026-09-17 14:47:47,184 - INFO - >>> SUCCESSFULLY SAVED [ID: 122793] - Real Madrid fan group demands Mbappe apology for Ceuta shirt snub | Football | Al Jazeera from Al Jazeera (400 words)
2026-09-17 14:47:47,506 - INFO - [BBC] Success with 'requests_browser'. Found content (499 words).
2026-09-17 14:47:48,128 - INFO - [Al Jazeera] Article: https://www.aljazeera.com/news/2026/9/17/sweden-prime-minister-to-resign-as-left-wing-bloc-seals-narrow-election-win?traffic_source=rss
2026-09-17 14:47:48,128 - INFO - [Al Jazeera] Attempt 1/2: Trying with 'requests_browser' strategy...
2026-09-17 14:47:48,305 - INFO - [Al Jazeera] Success with 'requests_browser'. Found content (538 words).
2026-09-17 14:47:48,346 - INFO - [NDTV] Page content loaded.
2026-09-17 14:47:51,952 - INFO - >>> SUCCESSFULLY SAVED [ID: 122794] - Jurgen Klopp: New Germany coach wants to 'reclaim' flag amid elections - BBC Sport from BBC (499 words)
2026-09-17 14:47:52,706 - INFO - DEDUPLICATION: Found match (Score: 0.85). Linking to Cluster ID: b972ed28-49df-4e9d-9e8a-beaa5d77ca19
2026-09-17 14:47:54,186 - INFO - [BBC] Early skip: URL https://www.bbc.co.uk/news/articles/cw4gmlyvj422o?at_medium=RSS&at_campaign=rss already exists.
2026-09-17 14:47:54,209 - INFO - [BBC] Early skip: URL https://www.bbc.co.uk/news/articles/c52e047wpw7po?at_medium=RSS&at_campaign=rss already exists.
2026-09-17 14:47:55,613 - INFO - [NDTV] Success with 'selenium_browser'. Found content (336 words).
2026-09-17 14:47:55,613 - INFO - [BBC] Early skip: URL https://www.bbc.co.uk/news/articles/c9lyk27g8ln7o?at_medium=RSS&at_campaign=rss already exists.
2026-09-17 14:47:55,614 - INFO - [Times of India] Page content loaded.
2026-09-17 14:47:55,866 - INFO - >>> SUCCESSFULLY SAVED [ID: 122795] - Sweden prime minister to resign as left-wing bloc seals narrow election win | Elections News | Al Jazeera from Al Jazeera (538 words)
2026-09-17 14:47:55,866 - INFO - [BBC] Early skip: URL https://www.bbc.co.uk/sport/olympics/articles/cqvgy1m9z4k8o?at_medium=RSS&at_campaign=rss already exists.
2026-09-17 14:47:55,876 - INFO - [BBC] Article: https://www.bbc.co.uk/news/articles/c3lyrn4p870yo?at_medium=RSS&at_campaign=rss
2026-09-17 14:47:55,877 - INFO - [BBC] Attempt 1/2: Trying with 'requests_browser' strategy...
2026-09-17 14:47:56,630 - INFO - [BBC] Success with 'requests_browser'. Found content (1289 words).
2026-09-17 14:47:56,752 - INFO - [Al Jazeera] Article: https://www.aljazeera.com/features/2026/9/17/us-tariffs-against-russian-oil-buyers-pass-what-it-means-for-china?traffic_source=rss
2026-09-17 14:47:56,752 - INFO - [Al Jazeera] Attempt 1/2: Trying with 'requests_browser' strategy...
2026-09-17 14:47:57,283 - INFO - [Al Jazeera] Success with 'requests_browser'. Found content (1069 words).
2026-09-17 14:47:58,192 - INFO - DEDUPLICATION: Found match (Score: 0.86). Linking to Cluster ID: 87172bce-ee41-4c85-becd-7fe0711bcf28
2026-09-17 14:48:00,407 - INFO - [Wired] Page content loaded.
2026-09-17 14:48:01,679 - INFO - >>> SUCCESSFULLY SAVED [ID: 122796] - India faces 100% tariff threat over Russian oil after US House vote - BBC News from BBC (1289 words)
2026-09-17 14:48:03,838 - INFO - [BBC] Early skip: URL https://www.bbc.co.uk/news/articles/cm986j81ky55o?at_medium=RSS&at_campaign=rss already exists.
2026-09-17 14:48:04,288 - INFO - [BBC] Early skip: URL https://www.bbc.co.uk/news/articles/c8g49e0gwxeno?at_medium=RSS&at_campaign=rss already exists.
2026-09-17 14:48:04,291 - INFO - [BBC] Early skip: URL https://www.bbc.co.uk/news/articles/cr3wjz3edd10o?at_medium=RSS&at_campaign=rss already exists.
2026-09-17 14:48:05,529 - INFO - >>> SUCCESSFULLY SAVED [ID: 122797] - Supreme Court's Strong Remarks Against Tamil Nadu's Opposition To Hindi from NDTV (336 words)
2026-09-17 14:48:05,530 - INFO - [BBC] Early skip: URL https://www.bbc.co.uk/news/articles/c62l8g8qlr0ko?at_medium=RSS&at_campaign=rss already exists.
2026-09-17 14:48:05,554 - INFO - [BBC] Early skip: URL https://www.bbc.co.uk/news/articles/cvp8d00j9gg5o?at_medium=RSS&at_campaign=rss already exists.
2026-09-17 14:48:05,569 - INFO - [BBC] Early skip: URL https://www.bbc.co.uk/news/articles/c639m42y43v4o?at_medium=RSS&at_campaign=rss already exists.
2026-09-17 14:48:05,572 - INFO - [BBC] Early skip: URL https://www.bbc.co.uk/news/articles/c6dj4nn0n97ro?at_medium=RSS&at_campaign=rss already exists.
2026-09-17 14:48:05,574 - INFO - [BBC] Early skip: URL https://www.bbc.co.uk/news/articles/c6j9xrx80ekro?at_medium=RSS&at_campaign=rss already exists.
2026-09-17 14:48:05,575 - INFO - [BBC] Early skip: URL https://www.bbc.co.uk/news/articles/cqx2zpj4y525o?at_medium=RSS&at_campaign=rss already exists.
2026-09-17 14:48:05,580 - INFO - [BBC] Early skip: URL https://www.bbc.co.uk/news/articles/cr89jqd1w45eo?at_medium=RSS&at_campaign=rss already exists.
2026-09-17 14:48:05,587 - INFO - [BBC] Early skip: URL https://www.bbc.co.uk/news/articles/cwzrz4xmknjgo?at_medium=RSS&at_campaign=rss already exists.
2026-09-17 14:48:05,602 - INFO - [BBC] Early skip: URL https://www.bbc.co.uk/news/articles/c6kgxjl35822o?at_medium=RSS&at_campaign=rss already exists.
2026-09-17 14:48:05,604 - INFO - [BBC] Early skip: URL https://www.bbc.co.uk/news/articles/cqy0z5y7wnp2o?at_medium=RSS&at_campaign=rss already exists.
2026-09-17 14:48:05,606 - INFO - [BBC] Early skip: URL https://www.bbc.co.uk/news/articles/cjp3077led9qo?at_medium=RSS&at_campaign=rss already exists.
2026-09-17 14:48:05,610 - INFO - [BBC] Early skip: URL https://www.bbc.co.uk/news/articles/ck62m0r4r1y3o?at_medium=RSS&at_campaign=rss already exists.
2026-09-17 14:48:05,612 - INFO - [BBC] Early skip: URL https://www.bbc.co.uk/news/articles/c34gd48x5rlwo?at_medium=RSS&at_campaign=rss already exists.
2026-09-17 14:48:05,614 - INFO - [BBC] Early skip: URL https://www.bbc.co.uk/news/articles/ck0e3rnxev27o?at_medium=RSS&at_campaign=rss already exists.
2026-09-17 14:48:05,649 - INFO - [BBC] Early skip: URL https://www.bbc.co.uk/news/articles/c65yw2gq2nrno?at_medium=RSS&at_campaign=rss already exists.
2026-09-17 14:48:05,651 - INFO - [BBC] Early skip: URL https://www.bbc.co.uk/news/articles/cmy4zqgk97wlo?at_medium=RSS&at_campaign=rss already exists.
2026-09-17 14:48:05,652 - INFO - [BBC] Early skip: URL https://www.bbc.co.uk/news/articles/c33kmred368o?at_medium=RSS&at_campaign=rss already exists.
2026-09-17 14:48:05,654 - INFO - [BBC] Early skip: URL https://www.bbc.co.uk/news/videos/cmew984dq92lo?at_medium=RSS&at_campaign=rss already exists.
2026-09-17 14:48:05,671 - INFO - [BBC] Early skip: URL https://www.bbc.co.uk/news/videos/c9dr7e1lr265o?at_medium=RSS&at_campaign=rss already exists.
2026-09-17 14:48:05,682 - INFO - [BBC] Early skip: URL https://www.bbc.co.uk/news/videos/cmzezj8gr224o?at_medium=RSS&at_campaign=rss already exists.
2026-09-17 14:48:05,684 - INFO - [BBC] Early skip: URL https://www.bbc.co.uk/news/videos/cmn07yjqg5rwo?at_medium=RSS&at_campaign=rss already exists.
2026-09-17 14:48:05,698 - INFO - [BBC] (Thread) Finished. Attempting to shut down its Selenium driver.
2026-09-17 14:48:05,817 - ERROR - [Times of India] Request failed for strategy 'selenium_browser' on URL https://timesofindia.indiatimes.com/world/us/meet-arjun-jain-the-16-year-old-new-jersey-student-who-turned-a-backyard-hydroponics-hobby-into-a-project-that-has-grown-and-distributed-3500-pounds-of-produce-and-helped-shape-two-local-ordinances/articleshow/134313363.cms: Message: timeout: Timed out receiving message from renderer: 7.000
  (Session info: chrome=153.0.8010.47)
Stacktrace:
#0 0x55b9e9f193da <unknown>
#1 0x55b9e984e5d9 <unknown>
#2 0x55b9e9835ffb <unknown>
#3 0x55b9e9835c76 <unknown>
#4 0x55b9e98338b0 <unknown>
#5 0x55b9e983420f <unknown>
#6 0x55b9e98433b0 <unknown>
#7 0x55b9e985d2f7 <unknown>
#8 0x55b9e9864d4b <unknown>
#9 0x55b9e9834969 <unknown>
#10 0x55b9e985d052 <unknown>
#11 0x55b9e98eec75 <unknown>
#12 0x55b9e9897bab <unknown>
#13 0x55b9e9898991 <unknown>
#14 0x55b9e9edc1e7 <unknown>
#15 0x55b9e9edaa15 <unknown>
#16 0x55b9e9ec5ae5 <unknown>
#17 0x55b9e9edb66a <unknown>
#18 0x55b9e9eae249 <unknown>
#19 0x55b9e9f03678 <unknown>
#20 0x55b9e9f03815 <unknown>
#21 0x55b9e9f17d33 <unknown>
#22 0x7f2fa189cb84 <unknown>
#23 0x7f2fa1929d6c <unknown>

2026-09-17 14:48:05,817 - ERROR - [Times of India] All scrape strategies failed for https://timesofindia.indiatimes.com/world/us/meet-arjun-jain-the-16-year-old-new-jersey-student-who-turned-a-backyard-hydroponics-hobby-into-a-project-that-has-grown-and-distributed-3500-pounds-of-produce-and-helped-shape-two-local-ordinances/articleshow/134313363.cms. Falling back to RSS description.
2026-09-17 14:48:05,818 - WARNING - SKIPPED (GLOBAL WORD LIMIT): Article 'Meet Arjun Jain, the 16-year-old New Jersey student who turned a backyard hydroponics hobby' from Times of India has only 64 words (Min: 90).
2026-09-17 14:48:05,932 - INFO - [BBC] (Thread) driver.quit() successful.
2026-09-17 14:48:06,249 - INFO - [NDTV] Article: https://www.ndtv.com/india-news/from-paris-with-a-deal-how-maharashtra-minister-helped-defuse-jarange-patils-fast-12058860#publisher=newsstand
2026-09-17 14:48:06,261 - INFO - [NDTV] Attempt 1/2: Trying with 'requests_browser' strategy...
2026-09-17 14:48:06,305 - INFO - DEDUPLICATION: Found match (Score: 0.82). Linking to Cluster ID: 8cf6f9c4-2933-4b74-a391-320fe6d9a0ec
2026-09-17 14:48:07,632 - INFO - [Times of India] Article: https://timesofindia.indiatimes.com/world/us/meet-myreen-ahsan-the-friendswood-8th-grader-who-screened-over-10-million-drug-like-molecules-with-ai-for-a-frontotemporal-dementia-project/articleshow/134312651.cms
2026-09-17 14:48:07,632 - INFO - [Times of India] Attempt 1/1: Trying with 'selenium_browser' strategy...
2026-09-17 14:48:09,352 - ERROR - [NDTV] Request failed for strategy 'requests_browser' on URL https://www.ndtv.com/india-news/from-paris-with-a-deal-how-maharashtra-minister-helped-defuse-jarange-patils-fast-12058860#publisher=newsstand: 403 Client Error: Forbidden for url: https://www.ndtv.com/india-news/from-paris-with-a-deal-how-maharashtra-minister-helped-defuse-jarange-patils-fast-12058860#publisher=newsstand
2026-09-17 14:48:09,355 - INFO - >>> SUCCESSFULLY SAVED [ID: 122798] - US tariffs against Russian oil buyers pass: What it means for China, India | US-Israel war on Iran News | Al Jazeera from Al Jazeera (1069 words)
2026-09-17 14:48:10,210 - INFO - [NDTV] Article: https://www.ndtv.com/india-news/from-paris-with-a-deal-how-maharashtra-minister-helped-defuse-jarange-patils-fast-12058860#publisher=newsstand
2026-09-17 14:48:10,222 - INFO - [NDTV] Attempt 2/2: Trying with 'selenium_browser' strategy...
2026-09-17 14:48:10,540 - INFO - [Al Jazeera] Article: https://www.aljazeera.com/news/2026/9/17/canadas-carney-welcomes-eus-associated-membership-proposal?traffic_source=rss
2026-09-17 14:48:10,540 - INFO - [Al Jazeera] Attempt 1/2: Trying with 'requests_browser' strategy...
2026-09-17 14:48:11,115 - INFO - [Al Jazeera] Success with 'requests_browser'. Found content (494 words).
2026-09-17 14:48:11,707 - INFO - [Wired] Success with 'selenium_browser'. Found content (2244 words).
2026-09-17 14:48:15,806 - INFO - >>> SUCCESSFULLY SAVED [ID: 122799] - Canada’s Carney welcomes EU’s associated membership proposal | European Union News | Al Jazeera from Al Jazeera (494 words)
2026-09-17 14:48:17,273 - INFO - [Al Jazeera] Article: https://www.aljazeera.com/news/2026/9/17/syrian-court-sentences-three-linked-to-coastal-violence?traffic_source=rss
2026-09-17 14:48:17,273 - INFO - [Al Jazeera] Attempt 1/2: Trying with 'requests_browser' strategy...
2026-09-17 14:48:17,280 - ERROR - [The Hindu] Request failed for strategy 'selenium_browser' on URL https://www.thehindu.com/news/national/karnataka/youth-congress-activists-observe-modis-birthday-as-unemployment-day/article71477208.ece: Message: timeout: Timed out receiving message from renderer: 7.000
  (Session info: chrome=153.0.8010.47)
Stacktrace:
#0 0x5560080c63da <unknown>
#1 0x5560079fb5d9 <unknown>
#2 0x5560079e2ffb <unknown>
#3 0x5560079e2c76 <unknown>
#4 0x5560079e08b0 <unknown>
#5 0x5560079e120f <unknown>
#6 0x5560079f03b0 <unknown>
#7 0x556007a0a2f7 <unknown>
#8 0x556007a11d4b <unknown>
#9 0x5560079e1969 <unknown>
#10 0x556007a0a052 <unknown>
#11 0x556007a9b7d2 <unknown>
#12 0x556007a44bab <unknown>
#13 0x556007a45991 <unknown>
#14 0x5560080891e7 <unknown>
#15 0x556008087a15 <unknown>
#16 0x556008072ae5 <unknown>
#17 0x55600808866a <unknown>
#18 0x55600805b249 <unknown>
#19 0x5560080b0678 <unknown>
#20 0x5560080b0815 <unknown>
#21 0x5560080c4d33 <unknown>
#22 0x7f0bed49cb84 <unknown>
#23 0x7f0bed529d6c <unknown>

2026-09-17 14:48:17,280 - ERROR - [The Hindu] All scrape strategies failed for https://www.thehindu.com/news/national/karnataka/youth-congress-activists-observe-modis-birthday-as-unemployment-day/article71477208.ece. Falling back to RSS description.
2026-09-17 14:48:17,280 - WARNING - SKIPPED (GLOBAL WORD LIMIT): Article 'Youth Congress activists observe Modi’s birthday as ‘Unemployment Day’' from The Hindu has only 3 words (Min: 90).
2026-09-17 14:48:18,630 - INFO - [NDTV] Page content loaded.
2026-09-17 14:48:18,884 - INFO - >>> SUCCESSFULLY SAVED [ID: 122800] - Apple Watch Series 12 Review: Finally, a Readiness Score (2026) | WIRED from Wired (2244 words)
2026-09-17 14:48:18,635 - INFO - [The Hindu] Article: https://www.thehindu.com/news/national/andhra-pradesh/swachhata-hi-seva-drive-kicks-off-in-vizag-east-with-focus-on-cleanliness/article71476783.ece
2026-09-17 14:48:18,884 - INFO - [The Hindu] Attempt 1/1: Trying with 'selenium_browser' strategy...
2026-09-17 14:48:19,115 - INFO - [Al Jazeera] Success with 'requests_browser'. Found content (389 words).
2026-09-17 14:48:21,194 - INFO - [Wired] Article: https://www.wired.com/gallery/iphone-buying-guide/
2026-09-17 14:48:21,194 - INFO - [Wired] Attempt 1/2: Trying with 'requests_browser' strategy...
2026-09-17 14:48:22,956 - INFO - >>> SUCCESSFULLY SAVED [ID: 122801] - Syrian court sentences three linked to coastal violence | Courts News | Al Jazeera from Al Jazeera (389 words)
2026-09-17 14:48:23,153 - ERROR - parsed tree length: 1, wrong data type or not valid HTML
2026-09-17 14:48:23,155 - ERROR - empty HTML tree: None
2026-09-17 14:48:23,167 - WARNING - discarding data: None
2026-09-17 14:48:23,167 - WARNING - [Wired] FAILED with 'requests_browser' (content was too short: 0 words).
2026-09-17 14:48:23,209 - INFO - [NDTV] Success with 'selenium_browser'. Found content (434 words).
2026-09-17 14:48:23,823 - INFO - [Wired] Article: https://www.wired.com/gallery/iphone-buying-guide/
2026-09-17 14:48:23,823 - INFO - [Wired] Attempt 2/2: Trying with 'selenium_browser' strategy...
2026-09-17 14:48:24,273 - INFO - [Al Jazeera] Target reached: Successfully saved 8 new articles.
2026-09-17 14:48:24,273 - INFO - [Al Jazeera] (Thread) Finished. Attempting to shut down its Selenium driver.
2026-09-17 14:48:24,534 - INFO - [Al Jazeera] (Thread) driver.quit() successful.
2026-09-17 14:48:27,446 - INFO - >>> SUCCESSFULLY SAVED [ID: 122802] - The Secret Diplomacy That Led To Activist Manoj Jarange Ending 20-Day Fast from NDTV (434 words)
2026-09-17 14:48:28,903 - INFO - [NDTV] Article: https://www.ndtv.com/india-news/5-congress-mps-did-not-dissent-on-upi-tax-proposal-say-sources-they-disagree-12058184#publisher=newsstand
2026-09-17 14:48:28,903 - INFO - [NDTV] Attempt 1/2: Trying with 'requests_browser' strategy...
2026-09-17 14:48:29,242 - ERROR - [NDTV] Request failed for strategy 'requests_browser' on URL https://www.ndtv.com/india-news/5-congress-mps-did-not-dissent-on-upi-tax-proposal-say-sources-they-disagree-12058184#publisher=newsstand: 403 Client Error: Forbidden for url: https://www.ndtv.com/india-news/5-congress-mps-did-not-dissent-on-upi-tax-proposal-say-sources-they-disagree-12058184#publisher=newsstand
2026-09-17 14:48:30,163 - INFO - [NDTV] Article: https://www.ndtv.com/india-news/5-congress-mps-did-not-dissent-on-upi-tax-proposal-say-sources-they-disagree-12058184#publisher=newsstand
2026-09-17 14:48:30,163 - INFO - [NDTV] Attempt 2/2: Trying with 'selenium_browser' strategy...
2026-09-17 14:48:33,114 - WARNING - [Times of India] Page explicit wait timed out (3s). Proceeding anyway.
2026-09-17 14:48:33,319 - WARNING - [The Hindu] Page get timed out (7s). Proceeding to grab partial source anyway.
2026-09-17 14:48:33,652 - INFO - [NDTV] Page content loaded.
2026-09-17 14:48:34,656 - INFO - [NDTV] Success with 'selenium_browser'. Found content (1096 words).
2026-09-17 14:48:38,716 - INFO - >>> SUCCESSFULLY SAVED [ID: 122803] - "Fallacious": Congress MP On Claim That Party MPs Did Not Dissent On UPI Tax from NDTV (1096 words)
2026-09-17 14:48:39,488 - INFO - [Times of India] Success with 'selenium_browser'. Found content (720 words).
2026-09-17 14:48:40,016 - INFO - [NDTV] Article: https://www.ndtv.com/mumbai-news/mumbai-cybercrime-facebook-ads-fake-calls-how-3-mumbai-residents-lost-over-rs-7-lakh-12058075#publisher=newsstand
2026-09-17 14:48:40,016 - INFO - [NDTV] Attempt 1/2: Trying with 'requests_browser' strategy...
2026-09-17 14:48:40,412 - WARNING - [The Hindu] Page explicit wait timed out (3s). Proceeding anyway.
2026-09-17 14:48:40,463 - ERROR - [NDTV] Request failed for strategy 'requests_browser' on URL https://www.ndtv.com/mumbai-news/mumbai-cybercrime-facebook-ads-fake-calls-how-3-mumbai-residents-lost-over-rs-7-lakh-12058075#publisher=newsstand: 403 Client Error: Forbidden for url: https://www.ndtv.com/mumbai-news/mumbai-cybercrime-facebook-ads-fake-calls-how-3-mumbai-residents-lost-over-rs-7-lakh-12058075#publisher=newsstand
2026-09-17 14:48:41,142 - INFO - [NDTV] Article: https://www.ndtv.com/mumbai-news/mumbai-cybercrime-facebook-ads-fake-calls-how-3-mumbai-residents-lost-over-rs-7-lakh-12058075#publisher=newsstand
2026-09-17 14:48:41,142 - INFO - [NDTV] Attempt 2/2: Trying with 'selenium_browser' strategy...
2026-09-17 14:48:44,428 - INFO - >>> SUCCESSFULLY SAVED [ID: 122804] - Meet Myreen Ahsan, the Friendswood 8th-grader who screened over 10 million drug-like molecules with AI for a frontotemporal dementia project - The Times of India from Times of India (720 words)
2026-09-17 14:48:45,477 - INFO - [Times of India] Article: https://timesofindia.indiatimes.com/world/us/from-natalie-harp-to-a-mysterious-object-in-space-5-strange-us-stories-you-may-have-missed/articleshow/134313677.cms
2026-09-17 14:48:45,478 - INFO - [Times of India] Attempt 1/1: Trying with 'selenium_browser' strategy...
2026-09-17 14:48:47,490 - ERROR - [The Hindu] Request failed for strategy 'selenium_browser' on URL https://www.thehindu.com/news/national/andhra-pradesh/swachhata-hi-seva-drive-kicks-off-in-vizag-east-with-focus-on-cleanliness/article71476783.ece: Message: timeout: Timed out receiving message from renderer: 7.000
  (Session info: chrome=153.0.8010.47)
Stacktrace:
#0 0x5560080c63da <unknown>
#1 0x5560079fb5d9 <unknown>
#2 0x5560079e2ffb <unknown>
#3 0x5560079e2c76 <unknown>
#4 0x5560079e08b0 <unknown>
#5 0x5560079e120f <unknown>
#6 0x5560079f03b0 <unknown>
#7 0x556007a0a2f7 <unknown>
#8 0x556007a11d4b <unknown>
#9 0x5560079e1969 <unknown>
#10 0x556007a0a052 <unknown>
#11 0x556007a9b7d2 <unknown>
#12 0x556007a44bab <unknown>
#13 0x556007a45991 <unknown>
#14 0x5560080891e7 <unknown>
#15 0x556008087a15 <unknown>
#16 0x556008072ae5 <unknown>
#17 0x55600808866a <unknown>
#18 0x55600805b249 <unknown>
#19 0x5560080b0678 <unknown>
#20 0x5560080b0815 <unknown>
#21 0x5560080c4d33 <unknown>
#22 0x7f0bed49cb84 <unknown>
#23 0x7f0bed529d6c <unknown>

2026-09-17 14:48:47,491 - ERROR - [The Hindu] All scrape strategies failed for https://www.thehindu.com/news/national/andhra-pradesh/swachhata-hi-seva-drive-kicks-off-in-vizag-east-with-focus-on-cleanliness/article71476783.ece. Falling back to RSS description.
2026-09-17 14:48:47,491 - WARNING - SKIPPED (GLOBAL WORD LIMIT): Article 'Swachhata Hi Seva drive kicks off in Vizag East with focus on cleanliness' from The Hindu has only 3 words (Min: 90).
2026-09-17 14:48:48,167 - INFO - [The Hindu] Article: https://www.thehindu.com/news/national/kerala/think-gas-urges-state-agencies-to-dial-before-you-dig/article71476946.ece
2026-09-17 14:48:48,171 - INFO - [The Hindu] Attempt 1/1: Trying with 'selenium_browser' strategy...
2026-09-17 14:48:51,209 - WARNING - [Wired] Page explicit wait timed out (3s). Proceeding anyway.
2026-09-17 14:49:01,426 - INFO - [Wired] Success with 'selenium_browser'. Found content (3241 words).
2026-09-17 14:49:03,767 - WARNING - [The Hindu] Page get timed out (7s). Proceeding to grab partial source anyway.
2026-09-17 14:49:05,395 - INFO - >>> SUCCESSFULLY SAVED [ID: 122805] - What’s the Best iPhone to Buy or Avoid Right Now? (2026) | WIRED from Wired (3241 words)
2026-09-17 14:49:06,755 - INFO - [Wired] Article: https://www.wired.com/review/soundboks-rider/
2026-09-17 14:49:06,756 - INFO - [Wired] Attempt 1/2: Trying with 'requests_browser' strategy...
2026-09-17 14:49:06,936 - ERROR - parsed tree length: 1, wrong data type or not valid HTML
2026-09-17 14:49:06,937 - ERROR - empty HTML tree: None
2026-09-17 14:49:06,937 - WARNING - discarding data: None
2026-09-17 14:49:06,937 - WARNING - [Wired] FAILED with 'requests_browser' (content was too short: 0 words).
2026-09-17 14:49:07,710 - INFO - [Wired] Article: https://www.wired.com/review/soundboks-rider/
2026-09-17 14:49:07,710 - INFO - [Wired] Attempt 2/2: Trying with 'selenium_browser' strategy...
2026-09-17 14:49:10,837 - WARNING - [The Hindu] Page explicit wait timed out (3s). Proceeding anyway.
2026-09-17 14:49:17,891 - ERROR - [The Hindu] Request failed for strategy 'selenium_browser' on URL https://www.thehindu.com/news/national/kerala/think-gas-urges-state-agencies-to-dial-before-you-dig/article71476946.ece: Message: timeout: Timed out receiving message from renderer: 7.000
  (Session info: chrome=153.0.8010.47)
Stacktrace:
#0 0x5560080c63da <unknown>
#1 0x5560079fb5d9 <unknown>
#2 0x5560079e2ffb <unknown>
#3 0x5560079e2c76 <unknown>
#4 0x5560079e08b0 <unknown>
#5 0x5560079e120f <unknown>
#6 0x5560079f03b0 <unknown>
#7 0x556007a0a2f7 <unknown>
#8 0x556007a11d4b <unknown>
#9 0x5560079e1969 <unknown>
#10 0x556007a0a052 <unknown>
#11 0x556007a9b7d2 <unknown>
#12 0x556007a44bab <unknown>
#13 0x556007a45991 <unknown>
#14 0x5560080891e7 <unknown>
#15 0x556008087a15 <unknown>
#16 0x556008072ae5 <unknown>
#17 0x55600808866a <unknown>
#18 0x55600805b249 <unknown>
#19 0x5560080b0678 <unknown>
#20 0x5560080b0815 <unknown>
#21 0x5560080c4d33 <unknown>
#22 0x7f0bed49cb84 <unknown>
#23 0x7f0bed529d6c <unknown>

2026-09-17 14:49:17,891 - ERROR - [The Hindu] All scrape strategies failed for https://www.thehindu.com/news/national/kerala/think-gas-urges-state-agencies-to-dial-before-you-dig/article71476946.ece. Falling back to RSS description.
2026-09-17 14:49:17,891 - WARNING - SKIPPED (GLOBAL WORD LIMIT): Article 'THINK Gas urges State agencies to ‘Dial Before You Dig’' from The Hindu has only 14 words (Min: 90).
2026-09-17 14:49:18,875 - INFO - [The Hindu] Article: https://www.thehindu.com/news/cities/Hyderabad/junior-doctor-threatened-by-patients-attendants-at-nims-hyderabad-rda-stages-protest/article71477048.ece
2026-09-17 14:49:18,875 - INFO - [The Hindu] Attempt 1/1: Trying with 'selenium_browser' strategy...
2026-09-17 14:49:19,653 - WARNING - [Times of India] Page explicit wait timed out (3s). Proceeding anyway.
2026-09-17 14:49:24,200 - INFO - [Times of India] Success with 'selenium_browser'. Found content (1070 words).
2026-09-17 14:49:30,703 - INFO - >>> SUCCESSFULLY SAVED [ID: 122806] - From Natalie Harp to a mysterious object in space: 5 strange US stories you may have missed - The Times of India from Times of India (1070 words)
2026-09-17 14:49:31,708 - INFO - [Times of India] Article: https://timesofindia.indiatimes.com/world/us/melinda-french-gates-gave-5-million-to-an-alabama-clinic-after-abortion-ban-it-quadrupled-in-size-and-became-a-full-service-health-centre/articleshow/134313934.cms
2026-09-17 14:49:31,709 - INFO - [Times of India] Attempt 1/1: Trying with 'selenium_browser' strategy...
2026-09-17 14:49:33,184 - WARNING - [The Hindu] Page get timed out (7s). Proceeding to grab partial source anyway.
2026-09-17 14:49:33,269 - INFO - [Wired] Page content loaded.
2026-09-17 14:49:34,231 - WARNING - [NDTV] Page get timed out (7s). Proceeding to grab partial source anyway.
2026-09-17 14:49:34,466 - INFO - [Wired] Success with 'selenium_browser'. Found content (1432 words).
2026-09-17 14:49:35,008 - INFO - [NDTV] Page content loaded.
2026-09-17 14:49:38,019 - INFO - >>> SUCCESSFULLY SAVED [ID: 122807] - Soundboks Rider Party Speaker Review: Loud and Durable | WIRED from Wired (1432 words)
2026-09-17 14:49:38,236 - INFO - [NDTV] Success with 'selenium_browser'. Found content (672 words).
2026-09-17 14:49:40,336 - INFO - [Wired] Article: https://www.wired.com/story/people-are-pissed-off-and-ready-to-own-their-shit/
2026-09-17 14:49:40,336 - INFO - [Wired] Attempt 1/2: Trying with 'requests_browser' strategy...
2026-09-17 14:49:40,343 - WARNING - [The Hindu] Page explicit wait timed out (3s). Proceeding anyway.
2026-09-17 14:49:42,086 - INFO - >>> SUCCESSFULLY SAVED [ID: 122808] - Mumbai cybercrime, Facebook Ads, Fake Calls: How 3 Mumbai Residents Lost Over Rs 7 Lakh from NDTV (672 words)
2026-09-17 14:49:42,110 - ERROR - parsed tree length: 1, wrong data type or not valid HTML
2026-09-17 14:49:42,111 - ERROR - empty HTML tree: None
2026-09-17 14:49:42,112 - WARNING - discarding data: None
2026-09-17 14:49:42,113 - WARNING - [Wired] FAILED with 'requests_browser' (content was too short: 0 words).
2026-09-17 14:49:42,720 - INFO - [Wired] Article: https://www.wired.com/story/people-are-pissed-off-and-ready-to-own-their-shit/
2026-09-17 14:49:42,720 - INFO - [Wired] Attempt 2/2: Trying with 'selenium_browser' strategy...
2026-09-17 14:49:43,570 - INFO - [NDTV] Article: https://www.ndtv.com/bangalore-news/bengaluru-man-attacks-wife-on-camera-bengaluru-man-throws-acid-on-estranged-wife-attacks-her-with-machete-12058934#publisher=newsstand
2026-09-17 14:49:43,570 - INFO - [NDTV] Attempt 1/2: Trying with 'requests_browser' strategy...
2026-09-17 14:49:43,669 - ERROR - [Economic Times] Request failed for strategy 'selenium_browser' on URL https://economictimes.indiatimes.com/markets/stocks/news/rentomojo-shares-jump-9-after-listing-at-19-premium-over-ipo-price-can-the-debut-day-mojo-last/articleshow/134303672.cms: HTTPConnectionPool(host='localhost', port=43227): Read timed out. (read timeout=120)
2026-09-17 14:49:43,669 - ERROR - [Economic Times] All scrape strategies failed for https://economictimes.indiatimes.com/markets/stocks/news/rentomojo-shares-jump-9-after-listing-at-19-premium-over-ipo-price-can-the-debut-day-mojo-last/articleshow/134303672.cms. Falling back to RSS description.
2026-09-17 14:49:43,670 - WARNING - SKIPPED (GLOBAL WORD LIMIT): Article 'Rentomojo shares jump 9% after listing at 19% premium over IPO price. Can the debut-day mojo last? ' from Economic Times has only 49 words (Min: 90).
2026-09-17 14:49:43,908 - ERROR - [NDTV] Request failed for strategy 'requests_browser' on URL https://www.ndtv.com/bangalore-news/bengaluru-man-attacks-wife-on-camera-bengaluru-man-throws-acid-on-estranged-wife-attacks-her-with-machete-12058934#publisher=newsstand: 403 Client Error: Forbidden for url: https://www.ndtv.com/bangalore-news/bengaluru-man-attacks-wife-on-camera-bengaluru-man-throws-acid-on-estranged-wife-attacks-her-with-machete-12058934#publisher=newsstand
2026-09-17 14:49:44,197 - INFO - [Economic Times] Article: https://economictimes.indiatimes.com/markets/stocks/news/juniper-hotels-shares-rise-2-on-proposed-rs-248-crore-acquisition-of-novotel-imagicaa/articleshow/134303242.cms
2026-09-17 14:49:44,200 - INFO - [Economic Times] Attempt 1/2: Trying with 'requests_browser' strategy...
2026-09-17 14:49:44,556 - ERROR - parsed tree length: 1, wrong data type or not valid HTML
2026-09-17 14:49:44,570 - ERROR - empty HTML tree: None
2026-09-17 14:49:44,570 - WARNING - discarding data: None
2026-09-17 14:49:44,570 - WARNING - [Economic Times] FAILED with 'requests_browser' (content was too short: 0 words).
2026-09-17 14:49:44,649 - INFO - [NDTV] Article: https://www.ndtv.com/bangalore-news/bengaluru-man-attacks-wife-on-camera-bengaluru-man-throws-acid-on-estranged-wife-attacks-her-with-machete-12058934#publisher=newsstand
2026-09-17 14:49:44,649 - INFO - [NDTV] Attempt 2/2: Trying with 'selenium_browser' strategy...
2026-09-17 14:49:44,916 - WARNING - [Times of India] Page explicit wait timed out (3s). Proceeding anyway.
2026-09-17 14:49:45,271 - INFO - [Economic Times] Article: https://economictimes.indiatimes.com/markets/stocks/news/juniper-hotels-shares-rise-2-on-proposed-rs-248-crore-acquisition-of-novotel-imagicaa/articleshow/134303242.cms
2026-09-17 14:49:45,271 - INFO - [Economic Times] Attempt 2/2: Trying with 'selenium_browser' strategy...
2026-09-17 14:49:47,884 - ERROR - [The Hindu] Request failed for strategy 'selenium_browser' on URL https://www.thehindu.com/news/cities/Hyderabad/junior-doctor-threatened-by-patients-attendants-at-nims-hyderabad-rda-stages-protest/article71477048.ece: Message: timeout: Timed out receiving message from renderer: 7.000
  (Session info: chrome=153.0.8010.47)
Stacktrace:
#0 0x5560080c63da <unknown>
#1 0x5560079fb5d9 <unknown>
#2 0x5560079e2ffb <unknown>
#3 0x5560079e2c76 <unknown>
#4 0x5560079e08b0 <unknown>
#5 0x5560079e120f <unknown>
#6 0x5560079f03b0 <unknown>
#7 0x556007a0a2f7 <unknown>
#8 0x556007a11d4b <unknown>
#9 0x5560079e1969 <unknown>
#10 0x556007a0a052 <unknown>
#11 0x556007a9b7d2 <unknown>
#12 0x556007a44bab <unknown>
#13 0x556007a45991 <unknown>
#14 0x5560080891e7 <unknown>
#15 0x556008087a15 <unknown>
#16 0x556008072ae5 <unknown>
#17 0x55600808866a <unknown>
#18 0x55600805b249 <unknown>
#19 0x5560080b0678 <unknown>
#20 0x5560080b0815 <unknown>
#21 0x5560080c4d33 <unknown>
#22 0x7f0bed49cb84 <unknown>
#23 0x7f0bed529d6c <unknown>

2026-09-17 14:49:47,885 - ERROR - [The Hindu] All scrape strategies failed for https://www.thehindu.com/news/cities/Hyderabad/junior-doctor-threatened-by-patients-attendants-at-nims-hyderabad-rda-stages-protest/article71477048.ece. Falling back to RSS description.
2026-09-17 14:49:47,891 - WARNING - SKIPPED (GLOBAL WORD LIMIT): Article 'Junior doctor threatened by patient’s attendants at NIMS Hyderabad, RDA stages protest' from The Hindu has only 3 words (Min: 90).
2026-09-17 14:49:48,757 - INFO - [The Hindu] Article: https://www.thehindu.com/news/national/telangana/commuters-gig-workers-union-welcome-10-lakh-penalty-on-rapido-for-confirm-shaming/article71476997.ece
2026-09-17 14:49:48,757 - INFO - [The Hindu] Attempt 1/1: Trying with 'selenium_browser' strategy...
2026-09-17 14:49:48,797 - INFO - [Times of India] Success with 'selenium_browser'. Found content (619 words).
2026-09-17 14:49:48,889 - INFO - [NDTV] Page content loaded.
2026-09-17 14:49:49,715 - INFO - [NDTV] Success with 'selenium_browser'. Found content (396 words).
2026-09-17 14:49:53,520 - INFO - >>> SUCCESSFULLY SAVED [ID: 122809] - Melinda French Gates gave $5 million to an Alabama clinic after abortion ban; it quadrupled in size and became a full-service health centre | World News - The Times of India from Times of India (619 words)
2026-09-17 14:49:55,502 - INFO - [Times of India] Article: https://timesofindia.indiatimes.com/world/china/china-asks-iran-to-rein-in-houthis-after-saudi-arabia-seeks-help-report/articleshow/134313345.cms
2026-09-17 14:49:55,502 - INFO - [Times of India] Attempt 1/1: Trying with 'selenium_browser' strategy...
2026-09-17 14:49:57,114 - INFO - >>> SUCCESSFULLY SAVED [ID: 122810] - bengaluru man attacks wife, On Camera, Bengaluru Man Throws Acid On Estranged Wife, Attacks Her With Machete from NDTV (396 words)
2026-09-17 14:49:57,684 - INFO - [NDTV] Article: https://www.ndtv.com/world-news/indian-man-dies-on-malaysia-airlines-flight-to-sydney-after-asthma-attack-12058122#publisher=newsstand
2026-09-17 14:49:57,684 - INFO - [NDTV] Attempt 1/2: Trying with 'requests_browser' strategy...
2026-09-17 14:49:57,977 - ERROR - [NDTV] Request failed for strategy 'requests_browser' on URL https://www.ndtv.com/world-news/indian-man-dies-on-malaysia-airlines-flight-to-sydney-after-asthma-attack-12058122#publisher=newsstand: 403 Client Error: Forbidden for url: https://www.ndtv.com/world-news/indian-man-dies-on-malaysia-airlines-flight-to-sydney-after-asthma-attack-12058122#publisher=newsstand
2026-09-17 14:49:58,743 - INFO - [NDTV] Article: https://www.ndtv.com/world-news/indian-man-dies-on-malaysia-airlines-flight-to-sydney-after-asthma-attack-12058122#publisher=newsstand
2026-09-17 14:49:58,743 - INFO - [NDTV] Attempt 2/2: Trying with 'selenium_browser' strategy...
2026-09-17 14:50:00,438 - INFO - [Wired] Page content loaded.
2026-09-17 14:50:02,180 - INFO - [Wired] Success with 'selenium_browser'. Found content (927 words).
2026-09-17 14:50:03,056 - WARNING - [The Hindu] Page get timed out (7s). Proceeding to grab partial source anyway.
2026-09-17 14:50:05,006 - INFO - [NDTV] Page content loaded.
2026-09-17 14:50:06,654 - INFO - >>> SUCCESSFULLY SAVED [ID: 122811] - People Are Pissed Off and Ready to Own Their Shit | WIRED from Wired (927 words)
2026-09-17 14:50:06,993 - INFO - [NDTV] Success with 'selenium_browser'. Found content (180 words).
2026-09-17 14:50:09,076 - INFO - [Wired] Article: https://www.wired.com/story/fast-and-furious-roller-coaster/
2026-09-17 14:50:09,076 - INFO - [Wired] Attempt 1/2: Trying with 'requests_browser' strategy...
2026-09-17 14:50:09,553 - WARNING - [Times of India] Page explicit wait timed out (3s). Proceeding anyway.
2026-09-17 14:50:10,764 - INFO - >>> SUCCESSFULLY SAVED [ID: 122812] - Indian Man Dies On Malaysia Airlines Flight To Sydney After 'Asthma Attack' from NDTV (180 words)
2026-09-17 14:50:10,765 - WARNING - [The Hindu] Page explicit wait timed out (3s). Proceeding anyway.
2026-09-17 14:50:10,799 - ERROR - parsed tree length: 1, wrong data type or not valid HTML
2026-09-17 14:50:10,799 - ERROR - empty HTML tree: None
2026-09-17 14:50:10,799 - WARNING - discarding data: None
2026-09-17 14:50:10,799 - WARNING - [Wired] FAILED with 'requests_browser' (content was too short: 0 words).
2026-09-17 14:50:11,503 - INFO - [Wired] Article: https://www.wired.com/story/fast-and-furious-roller-coaster/
2026-09-17 14:50:11,503 - INFO - [Wired] Attempt 2/2: Trying with 'selenium_browser' strategy...
2026-09-17 14:50:11,939 - INFO - [NDTV] Article: https://www.ndtv.com/india-news/lashkar-commander-and-pahalgam-attack-mastermind-saifullah-kasuri-gets-non-bailable-warrant-12058890#publisher=newsstand
2026-09-17 14:50:11,939 - INFO - [NDTV] Attempt 1/2: Trying with 'requests_browser' strategy...
2026-09-17 14:50:12,336 - ERROR - [NDTV] Request failed for strategy 'requests_browser' on URL https://www.ndtv.com/india-news/lashkar-commander-and-pahalgam-attack-mastermind-saifullah-kasuri-gets-non-bailable-warrant-12058890#publisher=newsstand: 403 Client Error: Forbidden for url: https://www.ndtv.com/india-news/lashkar-commander-and-pahalgam-attack-mastermind-saifullah-kasuri-gets-non-bailable-warrant-12058890#publisher=newsstand
2026-09-17 14:50:12,368 - INFO - [Times of India] Success with 'selenium_browser'. Found content (831 words).
2026-09-17 14:50:13,317 - INFO - [NDTV] Article: https://www.ndtv.com/india-news/lashkar-commander-and-pahalgam-attack-mastermind-saifullah-kasuri-gets-non-bailable-warrant-12058890#publisher=newsstand
2026-09-17 14:50:13,318 - INFO - [NDTV] Attempt 2/2: Trying with 'selenium_browser' strategy...
2026-09-17 14:50:16,911 - INFO - >>> SUCCESSFULLY SAVED [ID: 122813] - China Iran Relations: China asks Iran to rein in Houthis after Saudi Arabia seeks help: Report - The Times of India from Times of India (831 words)
2026-09-17 14:50:17,001 - INFO - [NDTV] Page content loaded.
2026-09-17 14:50:17,209 - INFO - [NDTV] Success with 'selenium_browser'. Found content (322 words).
2026-09-17 14:50:19,030 - INFO - [Times of India] Article: https://timesofindia.indiatimes.com/world/us/an-idaho-riverfront-mansion-previously-asking-3-86-million-goes-to-auction-without-reserve-on-september-17-its-owner-has-pledged-the-sale-proceeds-5050-to-st-jude-and-mayo-clinic/articleshow/134313151.cms
2026-09-17 14:50:19,030 - INFO - [Times of India] Attempt 1/1: Trying with 'selenium_browser' strategy...
2026-09-17 14:50:19,031 - ERROR - [The Hindu] Request failed for strategy 'selenium_browser' on URL https://www.thehindu.com/news/national/telangana/commuters-gig-workers-union-welcome-10-lakh-penalty-on-rapido-for-confirm-shaming/article71476997.ece: Message: timeout: Timed out receiving message from renderer: 7.000
  (Session info: chrome=153.0.8010.47)
Stacktrace:
#0 0x5560080c63da <unknown>
#1 0x5560079fb5d9 <unknown>
#2 0x5560079e1cc5 <unknown>
#3 0x556007a09b5b <unknown>
#4 0x556007a9b7d2 <unknown>
#5 0x556007a44bab <unknown>
#6 0x556007a45991 <unknown>
#7 0x5560080891e7 <unknown>
#8 0x556008087a15 <unknown>
#9 0x556008072ae5 <unknown>
#10 0x55600808866a <unknown>
#11 0x55600805b249 <unknown>
#12 0x5560080b0678 <unknown>
#13 0x5560080b0815 <unknown>
#14 0x5560080c4d33 <unknown>
#15 0x7f0bed49cb84 <unknown>
#16 0x7f0bed529d6c <unknown>

2026-09-17 14:50:20,775 - ERROR - [The Hindu] All scrape strategies failed for https://www.thehindu.com/news/national/telangana/commuters-gig-workers-union-welcome-10-lakh-penalty-on-rapido-for-confirm-shaming/article71476997.ece. Falling back to RSS description.
2026-09-17 14:50:20,775 - WARNING - SKIPPED (GLOBAL WORD LIMIT): Article 'Commuters, gig workers’ union welcome ₹10 lakh penalty on Rapido for ‘confirm shaming’' from The Hindu has only 3 words (Min: 90).
2026-09-17 14:50:20,777 - INFO - >>> SUCCESSFULLY SAVED [ID: 122814] - Lashkar Commander And Pahalgam Attack Mastermind Saifullah Kasuri Gets Non-Bailable Warrant from NDTV (322 words)
2026-09-17 14:50:21,804 - INFO - [The Hindu] Article: https://www.thehindu.com/news/national/karnataka/kalyana-karnataka-development-a-priority-says-tangadagi/article71475728.ece
2026-09-17 14:50:21,804 - INFO - [The Hindu] Attempt 1/1: Trying with 'selenium_browser' strategy...
2026-09-17 14:50:21,820 - INFO - [NDTV] Article: https://www.ndtv.com/india-news/indias-semiconductor-success-important-amid-supply-chain-risks-pm-narendra-modi-12058292#publisher=newsstand
2026-09-17 14:50:21,820 - INFO - [NDTV] Attempt 1/2: Trying with 'requests_browser' strategy...
2026-09-17 14:50:22,130 - ERROR - [NDTV] Request failed for strategy 'requests_browser' on URL https://www.ndtv.com/india-news/indias-semiconductor-success-important-amid-supply-chain-risks-pm-narendra-modi-12058292#publisher=newsstand: 403 Client Error: Forbidden for url: https://www.ndtv.com/india-news/indias-semiconductor-success-important-amid-supply-chain-risks-pm-narendra-modi-12058292#publisher=newsstand
2026-09-17 14:50:22,875 - INFO - [NDTV] Article: https://www.ndtv.com/india-news/indias-semiconductor-success-important-amid-supply-chain-risks-pm-narendra-modi-12058292#publisher=newsstand
2026-09-17 14:50:22,876 - INFO - [NDTV] Attempt 2/2: Trying with 'selenium_browser' strategy...
2026-09-17 14:50:24,886 - INFO - [Economic Times] Page content loaded.
2026-09-17 14:50:25,057 - WARNING - [Times of India] Page explicit wait timed out (3s). Proceeding anyway.
2026-09-17 14:50:25,404 - INFO - [Economic Times] Success with 'selenium_browser'. Found content (715 words).
2026-09-17 14:50:27,706 - INFO - [NDTV] Page content loaded.
2026-09-17 14:50:29,032 - INFO - >>> SUCCESSFULLY SAVED [ID: 122815] - Juniper Hotels shares rise 2% on proposed Rs 248 crore acquisition of Novotel Imagicaa - The Economic Times from Economic Times (715 words)
2026-09-17 14:50:29,315 - INFO - [NDTV] Success with 'selenium_browser'. Found content (561 words).
2026-09-17 14:50:31,283 - INFO - [Economic Times] Early skip: URL https://economictimes.indiatimes.com/markets/stocks/news/sensex-rises-200-points-nifty-above-23300-despite-fed-rate-hike-why-bears-may-be-ready-to-pounce/articleshow/134303083.cms already exists.
2026-09-17 14:50:31,767 - INFO - [Economic Times] Early skip: URL https://economictimes.indiatimes.com/markets/stocks/news/kaynes-tech-syrma-sgs-moschip-others-rally-up-to-10-as-pm-modi-set-to-inaugurate-semicon-2026/articleshow/134302961.cms already exists.
2026-09-17 14:50:32,716 - INFO - [Economic Times] Early skip: URL https://economictimes.indiatimes.com/markets/stocks/news/gmr-airports-shares-gain-2-after-jm-financial-retains-buy-rating-sees-up-to-24-upside/articleshow/134302927.cms already exists.
2026-09-17 14:50:32,957 - INFO - >>> SUCCESSFULLY SAVED [ID: 122816] - India's Semiconductor Success Important Amid Supply Chain Risks: PM Narendra Modi from NDTV (561 words)
2026-09-17 14:50:32,958 - INFO - [Economic Times] Early skip: URL https://economictimes.indiatimes.com/markets/stocks/news/retail-investors-shift-from-secondary-market-to-ipos-in-july-august-selling-rs-5674-crore/articleshow/134296954.cms already exists.
2026-09-17 14:50:32,960 - INFO - [Economic Times] Article: https://economictimes.indiatimes.com/news/economy/policy/rbi-special-windows-seen-big-enough-to-bring-in-100b/articleshow/132813309.cms
2026-09-17 14:50:32,960 - INFO - [Economic Times] Attempt 1/2: Trying with 'requests_browser' strategy...
2026-09-17 14:50:33,653 - INFO - [Times of India] Success with 'selenium_browser'. Found content (549 words).
2026-09-17 14:50:33,867 - INFO - [Wired] Page content loaded.
2026-09-17 14:50:33,883 - INFO - [NDTV] Article: https://www.ndtv.com/world-news/fbi-foils-russian-plot-to-kill-dissident-in-washington-12058631#publisher=newsstand
2026-09-17 14:50:33,908 - INFO - [NDTV] Attempt 1/2: Trying with 'requests_browser' strategy...
2026-09-17 14:50:35,462 - ERROR - [NDTV] Request failed for strategy 'requests_browser' on URL https://www.ndtv.com/world-news/fbi-foils-russian-plot-to-kill-dissident-in-washington-12058631#publisher=newsstand: 403 Client Error: Forbidden for url: https://www.ndtv.com/world-news/fbi-foils-russian-plot-to-kill-dissident-in-washington-12058631#publisher=newsstand
2026-09-17 14:50:35,700 - INFO - [Economic Times] Success with 'requests_browser'. Found content (322 words).
2026-09-17 14:50:36,027 - INFO - [Wired] Success with 'selenium_browser'. Found content (848 words).
2026-09-17 14:50:36,069 - INFO - [NDTV] Article: https://www.ndtv.com/world-news/fbi-foils-russian-plot-to-kill-dissident-in-washington-12058631#publisher=newsstand
2026-09-17 14:50:36,069 - INFO - [NDTV] Attempt 2/2: Trying with 'selenium_browser' strategy...
2026-09-17 14:50:36,071 - WARNING - [The Hindu] Page get timed out (7s). Proceeding to grab partial source anyway.
2026-09-17 14:50:39,471 - INFO - >>> SUCCESSFULLY SAVED [ID: 122817] - An Idaho riverfront mansion previously asking $3.86 million goes to auction without reserve on September 17; its owner has pledged the sale proceeds 50:50 to St. Jude and Mayo Clinic - The Times of India from Times of India (549 words)
2026-09-17 14:50:39,511 - INFO - [NDTV] Page content loaded.
2026-09-17 14:50:41,039 - INFO - [Times of India] Article: https://timesofindia.indiatimes.com/world/us/in-2019-a-miami-woman-bought-a-home-after-a-clean-title-search-five-years-later-a-disputed-55650-code-enforcement-lien-is-blocking-its-renovation-or-sale/articleshow/134312543.cms
2026-09-17 14:50:41,039 - INFO - [Times of India] Attempt 1/1: Trying with 'selenium_browser' strategy...
2026-09-17 14:50:42,379 - ERROR - Error saving article RBI special windows seen big enough to bring in $100B - The Economic Times: Hrana: `stream error: `Error { message: "SQLite error: UNIQUE constraint failed: articles.url", code: "SQLITE_CONSTRAINT" }``
2026-09-17 14:50:42,463 - INFO - [NDTV] Success with 'selenium_browser'. Found content (615 words).
2026-09-17 14:50:44,406 - INFO - [Economic Times] Article: https://economictimes.indiatimes.com/news/economy/foreign-trade/india-canada-aim-to-conclude-cepa-trade-pact-by-end-2026-mea/articleshow/132813105.cms
2026-09-17 14:50:44,407 - INFO - [Economic Times] Attempt 1/2: Trying with 'requests_browser' strategy...
2026-09-17 14:50:44,408 - WARNING - [The Hindu] Page explicit wait timed out (3s). Proceeding anyway.
2026-09-17 14:50:45,689 - INFO - >>> SUCCESSFULLY SAVED [ID: 122819] - ‘Fast & Furious’ Takes a Victory Lap With a Ferociously Fun Roller Coaster | WIRED from Wired (848 words)
2026-09-17 14:50:47,189 - INFO - [Wired] Article: https://www.wired.com/story/the-eu-wants-to-break-up-kids-and-their-chatbots/
2026-09-17 14:50:47,190 - INFO - [Wired] Attempt 1/2: Trying with 'requests_browser' strategy...
2026-09-17 14:50:49,014 - WARNING - [Times of India] Page explicit wait timed out (3s). Proceeding anyway.
2026-09-17 14:50:49,015 - INFO - >>> SUCCESSFULLY SAVED [ID: 122820] - FBI Foils Russian Plot To Kill Dissident In Washington from NDTV (615 words)
2026-09-17 14:50:49,017 - ERROR - parsed tree length: 1, wrong data type or not valid HTML
2026-09-17 14:50:49,018 - ERROR - empty HTML tree: None
2026-09-17 14:50:49,018 - WARNING - discarding data: None
2026-09-17 14:50:49,018 - WARNING - [Wired] FAILED with 'requests_browser' (content was too short: 0 words).
2026-09-17 14:50:49,280 - INFO - [Economic Times] Success with 'requests_browser'. Found content (209 words).
2026-09-17 14:50:49,528 - INFO - [Wired] Article: https://www.wired.com/story/the-eu-wants-to-break-up-kids-and-their-chatbots/
2026-09-17 14:50:49,528 - INFO - [Wired] Attempt 2/2: Trying with 'selenium_browser' strategy...
2026-09-17 14:50:49,585 - INFO - [Times of India] Success with 'selenium_browser'. Found content (639 words).
2026-09-17 14:50:49,625 - INFO - [NDTV] Target reached: Successfully saved 10 new articles.
2026-09-17 14:50:49,653 - INFO - [NDTV] (Thread) Finished. Attempting to shut down its Selenium driver.
2026-09-17 14:50:52,459 - ERROR - Error saving article India, Canada aim to conclude CEPA trade pact by end-2026: MEA - The Economic Times: Hrana: `stream error: `Error { message: "SQLite error: UNIQUE constraint failed: articles.url", code: "SQLITE_CONSTRAINT" }``
2026-09-17 14:50:52,491 - INFO - [NDTV] (Thread) driver.quit() successful.
2026-09-17 14:50:53,935 - INFO - [Economic Times] Article: https://economictimes.indiatimes.com/news/economy/infrastructure/govts-urban-reset-centre-divides-ministry-of-housing-and-urban-affairs-into-two-specialised-verticals/articleshow/132812900.cms
2026-09-17 14:50:53,935 - INFO - [Economic Times] Attempt 1/2: Trying with 'requests_browser' strategy...
2026-09-17 14:50:54,467 - ERROR - [The Hindu] Request failed for strategy 'selenium_browser' on URL https://www.thehindu.com/news/national/karnataka/kalyana-karnataka-development-a-priority-says-tangadagi/article71475728.ece: Message: timeout: Timed out receiving message from renderer: 7.000
  (Session info: chrome=153.0.8010.47)
Stacktrace:
#0 0x5560080c63da <unknown>
#1 0x5560079fb5d9 <unknown>
#2 0x5560079e2ffb <unknown>
#3 0x5560079e2c76 <unknown>
#4 0x5560079e08b0 <unknown>
#5 0x5560079e120f <unknown>
#6 0x5560079f03b0 <unknown>
#7 0x556007a0a2f7 <unknown>
#8 0x556007a11d4b <unknown>
#9 0x5560079e1969 <unknown>
#10 0x556007a0a052 <unknown>
#11 0x556007a9b7d2 <unknown>
#12 0x556007a44bab <unknown>
#13 0x556007a45991 <unknown>
#14 0x5560080891e7 <unknown>
#15 0x556008087a15 <unknown>
#16 0x556008072ae5 <unknown>
#17 0x55600808866a <unknown>
#18 0x55600805b249 <unknown>
#19 0x5560080b0678 <unknown>
#20 0x5560080b0815 <unknown>
#21 0x5560080c4d33 <unknown>
#22 0x7f0bed49cb84 <unknown>
#23 0x7f0bed529d6c <unknown>

2026-09-17 14:50:54,467 - ERROR - [The Hindu] All scrape strategies failed for https://www.thehindu.com/news/national/karnataka/kalyana-karnataka-development-a-priority-says-tangadagi/article71475728.ece. Falling back to RSS description.
2026-09-17 14:50:54,467 - WARNING - SKIPPED (GLOBAL WORD LIMIT): Article 'Kalyana Karnataka development a priority, says Tangadagi' from The Hindu has only 3 words (Min: 90).
2026-09-17 14:50:55,517 - INFO - [The Hindu] Article: https://www.thehindu.com/news/national/supreme-court-asks-cbse-to-consider-implementing-3-language-policy-for-class-6-from-next-year/article71476330.ece
2026-09-17 14:50:55,517 - INFO - [The Hindu] Attempt 1/1: Trying with 'selenium_browser' strategy...
2026-09-17 14:50:55,761 - INFO - >>> SUCCESSFULLY SAVED [ID: 122822] - In 2019, a Miami woman bought a home after a clean title search; five years later, a disputed $55,650 code enforcement lien is blocking its renovation or sale - The Times of India from Times of India (639 words)
2026-09-17 14:50:55,518 - INFO - [Wired] Page content loaded.
2026-09-17 14:50:56,064 - INFO - [Economic Times] Success with 'requests_browser'. Found content (251 words).
2026-09-17 14:50:58,241 - INFO - [Times of India] Article: https://timesofindia.indiatimes.com/world/us-streamers/what-happened-to-duda-alves-brazilian-tiktoker-dies-at-22-after-documenting-painful-surgery-recovery/articleshow/134306707.cms
2026-09-17 14:50:58,241 - INFO - [Times of India] Attempt 1/1: Trying with 'selenium_browser' strategy...
2026-09-17 14:50:59,121 - ERROR - Error saving article Govt's urban reset: Centre divides ministry of Housing and Urban Affairs into two specialised verticals - The Economic Times: Hrana: `stream error: `Error { message: "SQLite error: UNIQUE constraint failed: articles.url", code: "SQLITE_CONSTRAINT" }``
2026-09-17 14:51:00,110 - INFO - [Economic Times] Article: https://economictimes.indiatimes.com/news/economy/foreign-trade/india-uk-ceta-takes-effect-first-zero-duty-indian-coffee-jewellery-consignments-reach-uk-shores/articleshow/132442764.cms
2026-09-17 14:51:00,110 - INFO - [Economic Times] Attempt 1/2: Trying with 'requests_browser' strategy...
2026-09-17 14:51:00,309 - INFO - [Wired] Success with 'selenium_browser'. Found content (593 words).
2026-09-17 14:51:00,597 - INFO - [Economic Times] Success with 'requests_browser'. Found content (946 words).
2026-09-17 14:51:03,870 - INFO - >>> SUCCESSFULLY SAVED [ID: 122824] - The EU Wants to Break Up Kids and Their Chatbots | WIRED from Wired (593 words)
2026-09-17 14:51:05,391 - INFO - [Wired] Article: https://www.wired.com/story/hundreds-of-election-deniers-will-be-on-the-ballot-this-november/
2026-09-17 14:51:05,392 - INFO - [Wired] Attempt 1/2: Trying with 'requests_browser' strategy...
2026-09-17 14:51:05,821 - WARNING - [Times of India] Page explicit wait timed out (3s). Proceeding anyway.
2026-09-17 14:51:06,888 - ERROR - Error saving article India-UK CETA takes effect: First zero-duty Indian coffee, jewellery consignments reach UK shores - The Economic Times: Hrana: `stream error: `Error { message: "SQLite error: UNIQUE constraint failed: articles.url", code: "SQLITE_CONSTRAINT" }``
2026-09-17 14:51:07,020 - ERROR - parsed tree length: 1, wrong data type or not valid HTML
2026-09-17 14:51:07,021 - ERROR - empty HTML tree: None
2026-09-17 14:51:07,021 - WARNING - discarding data: None
2026-09-17 14:51:07,021 - WARNING - [Wired] FAILED with 'requests_browser' (content was too short: 0 words).
2026-09-17 14:51:07,126 - INFO - [Times of India] Success with 'selenium_browser'. Found content (482 words).
2026-09-17 14:51:08,639 - INFO - [Economic Times] Article: https://economictimes.indiatimes.com/news/economy/foreign-trade/from-oman-to-tanzania-how-the-iran-war-is-redrawing-indias-trade-map/articleshow/131762760.cms
2026-09-17 14:51:08,639 - INFO - [Economic Times] Attempt 1/2: Trying with 'requests_browser' strategy...
2026-09-17 14:51:08,639 - INFO - [Wired] Article: https://www.wired.com/story/hundreds-of-election-deniers-will-be-on-the-ballot-this-november/
2026-09-17 14:51:08,639 - INFO - [Wired] Attempt 2/2: Trying with 'selenium_browser' strategy...
2026-09-17 14:51:10,193 - INFO - >>> SUCCESSFULLY SAVED [ID: 122826] - What happened to Duda Alves? Brazilian TikToker dies at 22 after documenting painful surgery recovery - The Times of India from Times of India (482 words)
2026-09-17 14:51:10,268 - INFO - [Economic Times] Success with 'requests_browser'. Found content (378 words).
2026-09-17 14:51:11,974 - INFO - [Times of India] Article: https://timesofindia.indiatimes.com/world/rest-of-world/indian-man-dies-on-sydney-bound-malaysia-airlines-flight-after-medical-emergency/articleshow/134312800.cms
2026-09-17 14:51:11,974 - INFO - [Times of India] Attempt 1/1: Trying with 'selenium_browser' strategy...
2026-09-17 14:51:11,976 - WARNING - [The Hindu] Page get timed out (7s). Proceeding to grab partial source anyway.
2026-09-17 14:51:13,417 - ERROR - Error saving article From Oman to Tanzania: How the Iran war is redrawing India’s trade map - The Economic Times: Hrana: `stream error: `Error { message: "SQLite error: UNIQUE constraint failed: articles.url", code: "SQLITE_CONSTRAINT" }``
2026-09-17 14:51:14,562 - INFO - [Economic Times] Article: https://economictimes.indiatimes.com/news/economy/policy/fm-sitharaman-flags-global-crisis-spillovers-unfair-burden-on-developing-nations/articleshow/131668427.cms
2026-09-17 14:51:14,562 - INFO - [Economic Times] Attempt 1/2: Trying with 'requests_browser' strategy...
2026-09-17 14:51:14,965 - INFO - [Economic Times] Success with 'requests_browser'. Found content (310 words).
2026-09-17 14:51:16,682 - INFO - [Wired] Page content loaded.
2026-09-17 14:51:18,060 - ERROR - Error saving article FM Sitharaman flags global crisis spillovers, unfair burden on developing nations - The Economic Times: Hrana: `stream error: `Error { message: "SQLite error: UNIQUE constraint failed: articles.url", code: "SQLITE_CONSTRAINT" }``
2026-09-17 14:51:18,261 - INFO - [Wired] Success with 'selenium_browser'. Found content (1283 words).
2026-09-17 14:51:20,388 - WARNING - [The Hindu] Page explicit wait timed out (3s). Proceeding anyway.
2026-09-17 14:51:20,390 - INFO - [Economic Times] Article: https://economictimes.indiatimes.com/tech/technology/apple-faces-indian-engineers-bias-lawsuit/articleshow/81694292.cms
2026-09-17 14:51:20,390 - INFO - [Economic Times] Attempt 1/2: Trying with 'requests_browser' strategy...
2026-09-17 14:51:21,300 - WARNING - [Times of India] Page explicit wait timed out (3s). Proceeding anyway.
2026-09-17 14:51:21,542 - INFO - >>> SUCCESSFULLY SAVED [ID: 122829] - Hundreds of Election Deniers Will Be on the Ballot This November | WIRED from Wired (1283 words)
2026-09-17 14:51:21,569 - ERROR - parsed tree length: 1, wrong data type or not valid HTML
2026-09-17 14:51:21,570 - ERROR - empty HTML tree: None
2026-09-17 14:51:21,570 - WARNING - discarding data: None
2026-09-17 14:51:21,570 - WARNING - [Economic Times] FAILED with 'requests_browser' (content was too short: 0 words).
2026-09-17 14:51:22,313 - INFO - [Times of India] Success with 'selenium_browser'. Found content (207 words).
2026-09-17 14:51:22,355 - INFO - [Wired] Early skip: URL https://www.wired.com/story/trump-defense-department-sends-alien-disclosure-signal/ already exists.
2026-09-17 14:51:22,367 - INFO - [Wired] Early skip: URL https://www.wired.com/story/flock-once-touted-its-cameras-as-made-in-the-usa-now-its-not-so-clear/ already exists.
2026-09-17 14:51:22,379 - INFO - [Wired] Article: https://www.wired.com/story/noom-promo-code/
2026-09-17 14:51:22,385 - INFO - [Wired] Attempt 1/2: Trying with 'requests_browser' strategy...
2026-09-17 14:51:22,514 - ERROR - parsed tree length: 1, wrong data type or not valid HTML
2026-09-17 14:51:22,514 - ERROR - empty HTML tree: None
2026-09-17 14:51:22,514 - WARNING - discarding data: None
2026-09-17 14:51:22,515 - WARNING - [Wired] FAILED with 'requests_browser' (content was too short: 0 words).
2026-09-17 14:51:22,551 - INFO - [Economic Times] Article: https://economictimes.indiatimes.com/tech/technology/apple-faces-indian-engineers-bias-lawsuit/articleshow/81694292.cms
2026-09-17 14:51:22,551 - INFO - [Economic Times] Attempt 2/2: Trying with 'selenium_browser' strategy...
2026-09-17 14:51:22,573 - INFO - DEDUPLICATION: Found match (Score: 0.96). Linking to Cluster ID: eda84a6e-7ab7-48fd-84fb-24547d160df1
2026-09-17 14:51:23,946 - INFO - [Wired] Article: https://www.wired.com/story/noom-promo-code/
2026-09-17 14:51:24,402 - INFO - [Wired] Attempt 2/2: Trying with 'selenium_browser' strategy...
2026-09-17 14:51:25,685 - INFO - >>> SUCCESSFULLY SAVED [ID: 122830] - Indian man dies on Sydney-bound Malaysia Airlines flight after medical emergency - The Times of India from Times of India (207 words)
2026-09-17 14:51:26,285 - INFO - [Times of India] Article: https://timesofindia.indiatimes.com/world/us/i-sweated-over-getting-as-indian-origin-founder-recounts-struggle-for-brown-kids-in-us-says-he-cried-when-he-got-his-first-89/articleshow/134312616.cms
2026-09-17 14:51:26,285 - INFO - [Times of India] Attempt 1/1: Trying with 'selenium_browser' strategy...
2026-09-17 14:51:26,928 - INFO - [Economic Times] Page content loaded.
2026-09-17 14:51:27,250 - INFO - [Economic Times] Success with 'selenium_browser'. Found content (743 words).
2026-09-17 14:51:30,320 - ERROR - [The Hindu] Request failed for strategy 'selenium_browser' on URL https://www.thehindu.com/news/national/supreme-court-asks-cbse-to-consider-implementing-3-language-policy-for-class-6-from-next-year/article71476330.ece: Message: timeout: Timed out receiving message from renderer: 7.000
  (Session info: chrome=153.0.8010.47)
Stacktrace:
#0 0x5560080c63da <unknown>
#1 0x5560079fb5d9 <unknown>
#2 0x5560079e2ffb <unknown>
#3 0x5560079e2c76 <unknown>
#4 0x5560079e08b0 <unknown>
#5 0x5560079e120f <unknown>
#6 0x5560079f03b0 <unknown>
#7 0x556007a0a2f7 <unknown>
#8 0x556007a11d4b <unknown>
#9 0x5560079e1969 <unknown>
#10 0x556007a0a052 <unknown>
#11 0x556007a9b7d2 <unknown>
#12 0x556007a44bab <unknown>
#13 0x556007a45991 <unknown>
#14 0x5560080891e7 <unknown>
#15 0x556008087a15 <unknown>
#16 0x556008072ae5 <unknown>
#17 0x55600808866a <unknown>
#18 0x55600805b249 <unknown>
#19 0x5560080b0678 <unknown>
#20 0x5560080b0815 <unknown>
#21 0x5560080c4d33 <unknown>
#22 0x7f0bed49cb84 <unknown>
#23 0x7f0bed529d6c <unknown>

2026-09-17 14:51:30,324 - ERROR - [The Hindu] All scrape strategies failed for https://www.thehindu.com/news/national/supreme-court-asks-cbse-to-consider-implementing-3-language-policy-for-class-6-from-next-year/article71476330.ece. Falling back to RSS description.
2026-09-17 14:51:30,324 - WARNING - SKIPPED (GLOBAL WORD LIMIT): Article 'Supreme Court urges government to make three-language policy mandatory for Class 6 only from January 1, 2027' from The Hindu has only 17 words (Min: 90).
2026-09-17 14:51:30,324 - ERROR - Error saving article Apple faces Indian engineer’s bias lawsuit - The Economic Times: Hrana: `stream error: `Error { message: "SQLite error: UNIQUE constraint failed: articles.url", code: "SQLITE_CONSTRAINT" }``
2026-09-17 14:51:31,053 - INFO - [Economic Times] Article: https://economictimes.indiatimes.com/news/defence/despite-transatlantic-love-fest-eu-charts-third-way-in-ties-with-us-and-china/articleshow/81467467.cms
2026-09-17 14:51:31,053 - INFO - [Economic Times] Attempt 1/2: Trying with 'requests_browser' strategy...
2026-09-17 14:51:31,087 - INFO - [The Hindu] Article: https://www.thehindu.com/news/national/andhra-pradesh/tdp-meet-stresses-on-enhanced-coordination-among-party-workers/article71476502.ece
2026-09-17 14:51:31,087 - INFO - [The Hindu] Attempt 1/1: Trying with 'selenium_browser' strategy...
2026-09-17 14:51:31,483 - INFO - [Wired] Page content loaded.
2026-09-17 14:51:31,525 - INFO - [Economic Times] Success with 'requests_browser'. Found content (799 words).
2026-09-17 14:51:34,776 - WARNING - [Times of India] Page explicit wait timed out (3s). Proceeding anyway.
2026-09-17 14:51:34,823 - ERROR - Error saving article Despite transatlantic 'love fest', EU charts third way in ties with US and China - The Economic Times: Hrana: `stream error: `Error { message: "SQLite error: UNIQUE constraint failed: articles.url", code: "SQLITE_CONSTRAINT" }``
2026-09-17 14:51:36,075 - INFO - [Economic Times] Article: https://economictimes.indiatimes.com/tech/tech-bytes/twitters-india-policy-head-to-step-down-will-transition-in-march/articleshow/80732868.cms
2026-09-17 14:51:36,081 - INFO - [Economic Times] Attempt 1/2: Trying with 'requests_browser' strategy...
2026-09-17 14:51:36,208 - INFO - [Wired] Success with 'selenium_browser'. Found content (583 words).
2026-09-17 14:51:36,480 - ERROR - parsed tree length: 1, wrong data type or not valid HTML
2026-09-17 14:51:36,481 - ERROR - empty HTML tree: None
2026-09-17 14:51:36,481 - WARNING - discarding data: None
2026-09-17 14:51:36,481 - WARNING - [Economic Times] FAILED with 'requests_browser' (content was too short: 0 words).
2026-09-17 14:51:38,834 - INFO - [Economic Times] Article: https://economictimes.indiatimes.com/tech/tech-bytes/twitters-india-policy-head-to-step-down-will-transition-in-march/articleshow/80732868.cms
2026-09-17 14:51:38,835 - INFO - [Economic Times] Attempt 2/2: Trying with 'selenium_browser' strategy...
2026-09-17 14:51:39,823 - ERROR - Error saving article Noom Promo Codes: 50% Off Best Deals & Free Trials for September 2026 | WIRED: Hrana: `stream error: `Error { message: "SQLite error: UNIQUE constraint failed: articles.url", code: "SQLITE_CONSTRAINT" }``
2026-09-17 14:51:40,052 - INFO - [Times of India] Success with 'selenium_browser'. Found content (418 words).
2026-09-17 14:51:40,376 - INFO - [Wired] Article: https://www.wired.com/story/hydrow-discount-code/
2026-09-17 14:51:40,378 - INFO - [Wired] Attempt 1/2: Trying with 'requests_browser' strategy...
2026-09-17 14:51:43,502 - INFO - >>> SUCCESSFULLY SAVED [ID: 122834] - I sweated over getting 'A's: Indian-origin founder recounts struggle for 'brown kids' in US, says he cried when he got his first 89 - The Times of India from Times of India (418 words)
2026-09-17 14:51:43,512 - ERROR - parsed tree length: 1, wrong data type or not valid HTML
2026-09-17 14:51:43,512 - ERROR - empty HTML tree: None
2026-09-17 14:51:43,512 - WARNING - discarding data: None
2026-09-17 14:51:43,512 - WARNING - [Wired] FAILED with 'requests_browser' (content was too short: 0 words).
2026-09-17 14:51:44,106 - INFO - [Times of India] Article: https://timesofindia.indiatimes.com/technology/technology-news/ai-told-itself-feel-no-obligation-to-users-openai-flags-unexpected-concerning-behaviour/articleshow/134312189.cms
2026-09-17 14:51:44,106 - INFO - [Times of India] Attempt 1/1: Trying with 'selenium_browser' strategy...
2026-09-17 14:51:44,367 - INFO - [Wired] Article: https://www.wired.com/story/hydrow-discount-code/
2026-09-17 14:51:44,367 - INFO - [Wired] Attempt 2/2: Trying with 'selenium_browser' strategy...
2026-09-17 14:51:44,579 - INFO - [Economic Times] Page content loaded.
2026-09-17 14:51:45,306 - INFO - [Economic Times] Success with 'selenium_browser'. Found content (615 words).
2026-09-17 14:51:47,188 - WARNING - [The Hindu] Page get timed out (7s). Proceeding to grab partial source anyway.
2026-09-17 14:51:48,544 - ERROR - Error saving article Twitter's India policy head, Mahima Kaul, to step down; will transition in March - The Economic Times: Hrana: `stream error: `Error { message: "SQLite error: UNIQUE constraint failed: articles.url", code: "SQLITE_CONSTRAINT" }``
2026-09-17 14:51:49,540 - INFO - [Economic Times] Article: https://economictimes.indiatimes.com/tech/tech-and-gadgets/govt-may-keep-rs-7500-cr-outlay-for-it-hardware-manufacturing-under-pli-scheme/articleshow/80333429.cms
2026-09-17 14:51:49,540 - INFO - [Economic Times] Attempt 1/2: Trying with 'requests_browser' strategy...
2026-09-17 14:51:49,956 - ERROR - parsed tree length: 1, wrong data type or not valid HTML
2026-09-17 14:51:49,956 - ERROR - empty HTML tree: None
2026-09-17 14:51:49,957 - WARNING - discarding data: None
2026-09-17 14:51:49,962 - WARNING - [Economic Times] FAILED with 'requests_browser' (content was too short: 0 words).
2026-09-17 14:51:50,825 - INFO - [Economic Times] Article: https://economictimes.indiatimes.com/tech/tech-and-gadgets/govt-may-keep-rs-7500-cr-outlay-for-it-hardware-manufacturing-under-pli-scheme/articleshow/80333429.cms
2026-09-17 14:51:50,825 - INFO - [Economic Times] Attempt 2/2: Trying with 'selenium_browser' strategy...
2026-09-17 14:51:51,444 - INFO - [Wired] Page content loaded.
2026-09-17 14:51:53,927 - INFO - [Wired] Success with 'selenium_browser'. Found content (579 words).
2026-09-17 14:51:54,225 - WARNING - [The Hindu] Page explicit wait timed out (3s). Proceeding anyway.
2026-09-17 14:51:56,004 - INFO - [Times of India] Page content loaded.
2026-09-17 14:51:57,405 - ERROR - Error saving article Hydrow Discount Code: Save Up to $150 | September 2026 | WIRED: Hrana: `stream error: `Error { message: "SQLite error: UNIQUE constraint failed: articles.url", code: "SQLITE_CONSTRAINT" }``
2026-09-17 14:51:57,930 - INFO - [Times of India] Success with 'selenium_browser'. Found content (407 words).
2026-09-17 14:51:58,256 - INFO - [Economic Times] Page content loaded.
2026-09-17 14:51:59,604 - INFO - [Wired] Article: https://www.wired.com/story/hellofresh-coupon/
2026-09-17 14:51:59,604 - INFO - [Wired] Attempt 1/2: Trying with 'requests_browser' strategy...
2026-09-17 14:52:01,239 - ERROR - parsed tree length: 1, wrong data type or not valid HTML
2026-09-17 14:52:01,240 - INFO - >>> SUCCESSFULLY SAVED [ID: 122837] - AI told itself 'feel no obligation' to users: OpenAI flags 'unexpected, concerning' behaviour - The Times of India from Times of India (407 words)
2026-09-17 14:52:01,240 - ERROR - empty HTML tree: None
2026-09-17 14:52:01,240 - WARNING - discarding data: None
2026-09-17 14:52:01,240 - WARNING - [Wired] FAILED with 'requests_browser' (content was too short: 0 words).
2026-09-17 14:52:01,242 - ERROR - [The Hindu] Request failed for strategy 'selenium_browser' on URL https://www.thehindu.com/news/national/andhra-pradesh/tdp-meet-stresses-on-enhanced-coordination-among-party-workers/article71476502.ece: Message: timeout: Timed out receiving message from renderer: 7.000
  (Session info: chrome=153.0.8010.47)
Stacktrace:
#0 0x5560080c63da <unknown>
#1 0x5560079fb5d9 <unknown>
#2 0x5560079e2ffb <unknown>
#3 0x5560079e2c76 <unknown>
#4 0x5560079e08b0 <unknown>
#5 0x5560079e120f <unknown>
#6 0x5560079f03b0 <unknown>
#7 0x556007a0a2f7 <unknown>
#8 0x556007a11d4b <unknown>
#9 0x5560079e1969 <unknown>
#10 0x556007a0a052 <unknown>
#11 0x556007a9b7d2 <unknown>
#12 0x556007a44bab <unknown>
#13 0x556007a45991 <unknown>
#14 0x5560080891e7 <unknown>
#15 0x556008087a15 <unknown>
#16 0x556008072ae5 <unknown>
#17 0x55600808866a <unknown>
#18 0x55600805b249 <unknown>
#19 0x5560080b0678 <unknown>
#20 0x5560080b0815 <unknown>
#21 0x5560080c4d33 <unknown>
#22 0x7f0bed49cb84 <unknown>
#23 0x7f0bed529d6c <unknown>

2026-09-17 14:52:01,242 - ERROR - [The Hindu] All scrape strategies failed for https://www.thehindu.com/news/national/andhra-pradesh/tdp-meet-stresses-on-enhanced-coordination-among-party-workers/article71476502.ece. Falling back to RSS description.
2026-09-17 14:52:01,242 - WARNING - SKIPPED (GLOBAL WORD LIMIT): Article 'TDP meet stresses on enhanced coordination among party workers' from The Hindu has only 3 words (Min: 90).
2026-09-17 14:52:01,287 - INFO - [Economic Times] Success with 'selenium_browser'. Found content (481 words).
2026-09-17 14:52:02,960 - INFO - [Wired] Article: https://www.wired.com/story/hellofresh-coupon/
2026-09-17 14:52:03,441 - INFO - [Wired] Attempt 2/2: Trying with 'selenium_browser' strategy...
2026-09-17 14:52:02,961 - INFO - [The Hindu] Article: https://www.thehindu.com/news/national/karnataka/73-lakh-csr-funded-toilet-works-begin-at-mysuru-zoo-karanji-lake/article71477101.ece
2026-09-17 14:52:04,356 - INFO - [The Hindu] Attempt 1/1: Trying with 'selenium_browser' strategy...
2026-09-17 14:52:03,441 - INFO - [Times of India] Article: https://timesofindia.indiatimes.com/world/us/in-2024-a-missouri-woman-got-permits-for-a-manufactured-home-months-after-she-moved-in-officials-said-zoning-barred-it-and-ordered-removal-before-the-mayor-admitted-the-city-made-mistakes/articleshow/134311070.cms
2026-09-17 14:52:04,358 - ERROR - Error saving article Govt may keep Rs 7,500 cr outlay for IT hardware manufacturing under PLI scheme - The Economic Times: Hrana: `stream error: `Error { message: "SQLite error: UNIQUE constraint failed: articles.url", code: "SQLITE_CONSTRAINT" }``
2026-09-17 14:52:04,359 - INFO - [Times of India] Attempt 1/1: Trying with 'selenium_browser' strategy...
2026-09-17 14:52:05,454 - INFO - [Economic Times] Article: https://economictimes.indiatimes.com/tech/technology/indian-dating-apps-services-see-surge-of-paying-users-in-small-cities/articleshow/80063342.cms
2026-09-17 14:52:05,454 - INFO - [Economic Times] Attempt 1/2: Trying with 'requests_browser' strategy...
2026-09-17 14:52:06,026 - ERROR - parsed tree length: 1, wrong data type or not valid HTML
2026-09-17 14:52:06,026 - ERROR - empty HTML tree: None
2026-09-17 14:52:06,026 - WARNING - discarding data: None
2026-09-17 14:52:06,026 - WARNING - [Economic Times] FAILED with 'requests_browser' (content was too short: 0 words).
2026-09-17 14:52:06,822 - INFO - [Economic Times] Article: https://economictimes.indiatimes.com/tech/technology/indian-dating-apps-services-see-surge-of-paying-users-in-small-cities/articleshow/80063342.cms
2026-09-17 14:52:06,822 - INFO - [Economic Times] Attempt 2/2: Trying with 'selenium_browser' strategy...
2026-09-17 14:52:07,622 - INFO - [Wired] Page content loaded.
2026-09-17 14:52:09,280 - INFO - [Wired] Success with 'selenium_browser'. Found content (1087 words).
2026-09-17 14:52:10,908 - WARNING - [Times of India] Page explicit wait timed out (3s). Proceeding anyway.
2026-09-17 14:52:12,232 - ERROR - Error saving article HelloFresh Promo Codes: 55% Off for September 2026 | WIRED: Hrana: `stream error: `Error { message: "SQLite error: UNIQUE constraint failed: articles.url", code: "SQLITE_CONSTRAINT" }``
2026-09-17 14:52:13,025 - INFO - [Economic Times] Page content loaded.
2026-09-17 14:52:13,250 - INFO - [Times of India] Success with 'selenium_browser'. Found content (587 words).
2026-09-17 14:52:13,364 - INFO - [Wired] Article: https://www.wired.com/story/best-buy-discount-code/
2026-09-17 14:52:13,365 - INFO - [Wired] Attempt 1/2: Trying with 'requests_browser' strategy...
2026-09-17 14:52:13,590 - ERROR - parsed tree length: 1, wrong data type or not valid HTML
2026-09-17 14:52:13,590 - ERROR - empty HTML tree: None
2026-09-17 14:52:13,590 - WARNING - discarding data: None
2026-09-17 14:52:13,590 - WARNING - [Wired] FAILED with 'requests_browser' (content was too short: 0 words).
2026-09-17 14:52:13,595 - WARNING - [Economic Times] FAILED with 'selenium_browser' (content was too short: 84 words).
2026-09-17 14:52:13,596 - ERROR - [Economic Times] All scrape strategies failed for https://economictimes.indiatimes.com/tech/technology/indian-dating-apps-services-see-surge-of-paying-users-in-small-cities/articleshow/80063342.cms. Falling back to RSS description.
2026-09-17 14:52:13,596 - WARNING - SKIPPED (GLOBAL WORD LIMIT): Article 'Indian dating apps, services see surge of paying users in small cities ' from Economic Times has only 54 words (Min: 90).
2026-09-17 14:52:15,079 - INFO - [Economic Times] Article: https://economictimes.indiatimes.com/tech/technology/time-for-govt-cos-to-adopt-ai-deloitte-india/articleshow/79981215.cms
2026-09-17 14:52:15,556 - INFO - [Economic Times] Attempt 1/2: Trying with 'requests_browser' strategy...
2026-09-17 14:52:15,080 - INFO - [Wired] Article: https://www.wired.com/story/best-buy-discount-code/
2026-09-17 14:52:15,558 - INFO - [Wired] Attempt 2/2: Trying with 'selenium_browser' strategy...
2026-09-17 14:52:16,753 - INFO - >>> SUCCESSFULLY SAVED [ID: 122840] - In 2024, a Missouri woman got permits for a manufactured home; months after she moved in, officials said zoning barred it and ordered removal, before the mayor admitted the city made mistakes - The Times of India from Times of India (587 words)
2026-09-17 14:52:16,769 - ERROR - parsed tree length: 1, wrong data type or not valid HTML
2026-09-17 14:52:16,769 - ERROR - empty HTML tree: None
2026-09-17 14:52:16,770 - WARNING - discarding data: None
2026-09-17 14:52:16,771 - WARNING - [Economic Times] FAILED with 'requests_browser' (content was too short: 0 words).
2026-09-17 14:52:17,470 - INFO - [Times of India] Article: https://timesofindia.indiatimes.com/world/us/at-16-a-michigan-student-spent-3500-of-his-savings-on-a-vintage-rolex-and-flipped-it-for-about-500-profit-five-years-later-his-watch-business-says-it-has-topped-10-million-in-cumulative-sales/articleshow/134309409.cms
2026-09-17 14:52:17,471 - INFO - [Times of India] Attempt 1/1: Trying with 'selenium_browser' strategy...
2026-09-17 14:52:17,666 - INFO - [Economic Times] Article: https://economictimes.indiatimes.com/tech/technology/time-for-govt-cos-to-adopt-ai-deloitte-india/articleshow/79981215.cms
2026-09-17 14:52:17,666 - INFO - [Economic Times] Attempt 2/2: Trying with 'selenium_browser' strategy...
2026-09-17 14:52:18,773 - INFO - [Economic Times] Page content loaded.
2026-09-17 14:52:19,139 - WARNING - [Economic Times] FAILED with 'selenium_browser' (content was too short: 74 words).
2026-09-17 14:52:19,139 - ERROR - [Economic Times] All scrape strategies failed for https://economictimes.indiatimes.com/tech/technology/time-for-govt-cos-to-adopt-ai-deloitte-india/articleshow/79981215.cms. Falling back to RSS description.
2026-09-17 14:52:19,139 - WARNING - SKIPPED (GLOBAL WORD LIMIT): Article 'Time for government, companies to adopt artificial intelligence: Deloitte India ' from Economic Times has only 49 words (Min: 90).
2026-09-17 14:52:19,257 - WARNING - [The Hindu] Page get timed out (7s). Proceeding to grab partial source anyway.
2026-09-17 14:52:20,104 - INFO - [Economic Times] Early skip: URL https://economictimes.indiatimes.com/news/international/world-news/nepal-rescuers-continue-search-for-missing-as-identification-of-dead-remains-challenge/articleshow/133849891.cms already exists.
2026-09-17 14:52:20,106 - INFO - [Economic Times] Article: https://economictimes.indiatimes.com/news/international/global-trends/trump-1-coins-aka-golden-dollar-are-here-minus-the-gold-the-us-mint-is-putting-the-sitting-presidents-face-on-american-money-for-the-first-time/articleshow/133713717.cms
2026-09-17 14:52:20,106 - INFO - [Economic Times] Attempt 1/2: Trying with 'requests_browser' strategy...
2026-09-17 14:52:20,304 - INFO - [Wired] Page content loaded.
2026-09-17 14:52:20,678 - INFO - [Economic Times] Success with 'requests_browser'. Found content (307 words).
2026-09-17 14:52:24,238 - WARNING - [Times of India] Page explicit wait timed out (3s). Proceeding anyway.
2026-09-17 14:52:24,240 - ERROR - Error saving article Trump $1 coins aka 'Golden Dollars' are here, minus the gold. The US Mint is putting the sitting president’s face on American money for the first time - The Economic Times: Hrana: `stream error: `Error { message: "SQLite error: UNIQUE constraint failed: articles.url", code: "SQLITE_CONSTRAINT" }``
2026-09-17 14:52:24,421 - INFO - [Wired] Success with 'selenium_browser'. Found content (755 words).
2026-09-17 14:52:26,923 - INFO - [Economic Times] Article: https://economictimes.indiatimes.com/news/international/world-news/trump-announces-a-deal-for-hamas-to-disarm-in-gaza-but-many-hurdles-and-uncertainty-remain/articleshow/132753009.cms
2026-09-17 14:52:26,923 - WARNING - [The Hindu] Page explicit wait timed out (3s). Proceeding anyway.
2026-09-17 14:52:26,923 - INFO - [Economic Times] Attempt 1/2: Trying with 'requests_browser' strategy...
2026-09-17 14:52:27,893 - ERROR - Error saving article Best Buy Discount Codes: 60% Off | WIRED: Hrana: `stream error: `Error { message: "SQLite error: UNIQUE constraint failed: articles.url", code: "SQLITE_CONSTRAINT" }``
2026-09-17 14:52:28,005 - INFO - [Times of India] Success with 'selenium_browser'. Found content (502 words).
2026-09-17 14:52:29,494 - INFO - [Wired] Article: https://www.wired.com/story/steelseries-coupon-code/
2026-09-17 14:52:29,495 - INFO - [Wired] Attempt 1/2: Trying with 'requests_browser' strategy...
2026-09-17 14:52:31,072 - INFO - >>> SUCCESSFULLY SAVED [ID: 122843] - At 16, a Michigan student spent $3,500 of his savings on a vintage Rolex and flipped it for about $500 profit; five years later, his watch business says it has topped $10 million in cumulative sales - The Times of India from Times of India (502 words)
2026-09-17 14:52:31,078 - ERROR - parsed tree length: 1, wrong data type or not valid HTML
2026-09-17 14:52:31,079 - ERROR - empty HTML tree: None
2026-09-17 14:52:31,079 - WARNING - discarding data: None
2026-09-17 14:52:31,079 - WARNING - [Wired] FAILED with 'requests_browser' (content was too short: 0 words).
2026-09-17 14:52:31,097 - INFO - [Economic Times] Success with 'requests_browser'. Found content (1292 words).
2026-09-17 14:52:32,610 - INFO - [Times of India] Article: https://timesofindia.indiatimes.com/real-estate/news/a-19th-century-pennsylvania-mining-village-with-83-acres-and-13-historic-buildings-is-going-to-absolute-auction-the-property-already-has-approvals-for-121-new-homes/articleshow/134310461.cms
2026-09-17 14:52:32,611 - INFO - [Times of India] Attempt 1/1: Trying with 'selenium_browser' strategy...
2026-09-17 14:52:33,065 - INFO - [Wired] Article: https://www.wired.com/story/steelseries-coupon-code/
2026-09-17 14:52:34,106 - ERROR - Error saving article Trump announces a deal for Hamas to disarm in Gaza, but many hurdles and uncertainty remain - The Economic Times: Hrana: `stream error: `Error { message: "SQLite error: UNIQUE constraint failed: articles.url", code: "SQLITE_CONSTRAINT" }``
2026-09-17 14:52:34,106 - INFO - [Wired] Attempt 2/2: Trying with 'selenium_browser' strategy...
2026-09-17 14:52:34,106 - ERROR - [The Hindu] Request failed for strategy 'selenium_browser' on URL https://www.thehindu.com/news/national/karnataka/73-lakh-csr-funded-toilet-works-begin-at-mysuru-zoo-karanji-lake/article71477101.ece: Message: timeout: Timed out receiving message from renderer: 7.000
  (Session info: chrome=153.0.8010.47)
Stacktrace:
#0 0x5560080c63da <unknown>
#1 0x5560079fb5d9 <unknown>
#2 0x5560079e2ffb <unknown>
#3 0x5560079e2c76 <unknown>
#4 0x5560079e08b0 <unknown>
#5 0x5560079e120f <unknown>
#6 0x5560079f03b0 <unknown>
#7 0x556007a0a2f7 <unknown>
#8 0x556007a11d4b <unknown>
#9 0x5560079e1969 <unknown>
#10 0x556007a0a052 <unknown>
#11 0x556007a9b7d2 <unknown>
#12 0x556007a44bab <unknown>
#13 0x556007a45991 <unknown>
#14 0x5560080891e7 <unknown>
#15 0x556008087a15 <unknown>
#16 0x556008072ae5 <unknown>
#17 0x55600808866a <unknown>
#18 0x55600805b249 <unknown>
#19 0x5560080b0678 <unknown>
#20 0x5560080b0815 <unknown>
#21 0x5560080c4d33 <unknown>
#22 0x7f0bed49cb84 <unknown>
#23 0x7f0bed529d6c <unknown>

2026-09-17 14:52:34,108 - ERROR - [The Hindu] All scrape strategies failed for https://www.thehindu.com/news/national/karnataka/73-lakh-csr-funded-toilet-works-begin-at-mysuru-zoo-karanji-lake/article71477101.ece. Falling back to RSS description.
2026-09-17 14:52:34,108 - WARNING - SKIPPED (GLOBAL WORD LIMIT): Article '₹73 lakh CSR-funded toilet works begin at Mysuru zoo, Karanji Lake' from The Hindu has only 3 words (Min: 90).
2026-09-17 14:52:35,144 - INFO - [Economic Times] Article: https://economictimes.indiatimes.com/news/new-updates/in-1943-us-built-an-entire-city-and-it-didnt-exist-on-a-single-map/articleshow/132659427.cms
2026-09-17 14:52:35,144 - INFO - [Economic Times] Attempt 1/2: Trying with 'requests_browser' strategy...
2026-09-17 14:52:35,583 - INFO - [The Hindu] Article: https://www.thehindu.com/news/national/andhra-pradesh/simha-vahana-seva-enthrals-devotees-on-third-day-of-brahmotsavams-in-tirumala/article71476953.ece
2026-09-17 14:52:35,583 - INFO - [The Hindu] Attempt 1/1: Trying with 'selenium_browser' strategy...
2026-09-17 14:52:36,069 - INFO - [Economic Times] Success with 'requests_browser'. Found content (695 words).
2026-09-17 14:52:39,024 - INFO - [Wired] Page content loaded.
2026-09-17 14:52:39,025 - ERROR - Error saving article In 1943, US built an entire city, and it didn't exist on a single map - The Economic Times: Hrana: `stream error: `Error { message: "SQLite error: UNIQUE constraint failed: articles.url", code: "SQLITE_CONSTRAINT" }``
2026-09-17 14:52:39,550 - INFO - [Wired] Success with 'selenium_browser'. Found content (669 words).
2026-09-17 14:52:39,671 - INFO - [Times of India] Page content loaded.
2026-09-17 14:52:41,226 - INFO - [Economic Times] Article: https://economictimes.indiatimes.com/news/new-updates/humans-have-a-third-eye-in-the-brain-study-links-it-to-a-600-million-year-old-cyclops-ancestor/articleshow/132655441.cms
2026-09-17 14:52:41,699 - INFO - [Economic Times] Attempt 1/2: Trying with 'requests_browser' strategy...
2026-09-17 14:52:42,604 - ERROR - Error saving article SteelSeries Coupon Codes: 15% Off in September 2026 | WIRED: Hrana: `stream error: `Error { message: "SQLite error: UNIQUE constraint failed: articles.url", code: "SQLITE_CONSTRAINT" }``
2026-09-17 14:52:43,035 - INFO - [Times of India] Success with 'selenium_browser'. Found content (527 words).
2026-09-17 14:52:43,144 - INFO - [Wired] Article: https://www.wired.com/story/ll-bean-promo-code/
2026-09-17 14:52:43,149 - INFO - [Wired] Attempt 1/2: Trying with 'requests_browser' strategy...
2026-09-17 14:52:43,214 - INFO - [Economic Times] Success with 'requests_browser'. Found content (600 words).
2026-09-17 14:52:43,342 - ERROR - parsed tree length: 1, wrong data type or not valid HTML
2026-09-17 14:52:43,342 - ERROR - empty HTML tree: None
2026-09-17 14:52:43,342 - WARNING - discarding data: None
2026-09-17 14:52:43,342 - WARNING - [Wired] FAILED with 'requests_browser' (content was too short: 0 words).
2026-09-17 14:52:44,923 - INFO - [Wired] Article: https://www.wired.com/story/ll-bean-promo-code/
2026-09-17 14:52:44,923 - INFO - [Wired] Attempt 2/2: Trying with 'selenium_browser' strategy...
2026-09-17 14:52:46,595 - INFO - >>> SUCCESSFULLY SAVED [ID: 122847] - A 19th-century Pennsylvania mining village with 83 acres and 13 historic buildings is going to absolute auction; the property already has approvals for 121 new homes - The Times of India from Times of India (527 words)
2026-09-17 14:52:48,126 - INFO - [Times of India] Article: https://timesofindia.indiatimes.com/world/pakistan/absolutely-no-ambiguity-pakistan-says-mecca-pact-applies-as-saudi-arabia-faces-houthi-drone-threat/articleshow/134311858.cms
2026-09-17 14:52:49,571 - INFO - [Times of India] Attempt 1/1: Trying with 'selenium_browser' strategy...
2026-09-17 14:52:49,573 - ERROR - Error saving article Humans have a 'third eye' in the brain: Study links it to a 600-million-year-old Cyclops ancestor - The Economic Times: Hrana: `stream error: `Error { message: "SQLite error: UNIQUE constraint failed: articles.url", code: "SQLITE_CONSTRAINT" }``
2026-09-17 14:52:49,630 - WARNING - [The Hindu] Page get timed out (7s). Proceeding to grab partial source anyway.
2026-09-17 14:52:50,458 - INFO - [Wired] Page content loaded.
2026-09-17 14:52:50,548 - INFO - [Economic Times] Article: https://economictimes.indiatimes.com/news/new-updates/1500-ships-trapped-in-gulf-of-hormuz-is-quietly-multiplying-an-underwater-army-that-could-unleash-worlds-biggest-bioinvasion-event/articleshow/132595366.cms
2026-09-17 14:52:50,548 - INFO - [Economic Times] Attempt 1/2: Trying with 'requests_browser' strategy...
2026-09-17 14:52:50,897 - INFO - [Wired] Success with 'selenium_browser'. Found content (776 words).
2026-09-17 14:52:51,199 - INFO - [Economic Times] Success with 'requests_browser'. Found content (680 words).
2026-09-17 14:52:54,319 - ERROR - Error saving article L.L.Bean Promo Codes and Coupons: 75% Off | WIRED: Hrana: `stream error: `Error { message: "SQLite error: UNIQUE constraint failed: articles.url", code: "SQLITE_CONSTRAINT" }``
2026-09-17 14:52:55,727 - INFO - [Wired] Article: https://www.wired.com/story/vivid-seats-promo-code/
2026-09-17 14:52:55,727 - INFO - [Wired] Attempt 1/2: Trying with 'requests_browser' strategy...
2026-09-17 14:52:57,034 - ERROR - Error saving article 1,500 ships trapped in Gulf of Hormuz are quietly multiplying an underwater army that could unleash World's biggest bioinvasion event - The Economic Times: Hrana: `stream error: `Error { message: "SQLite error: UNIQUE constraint failed: articles.url", code: "SQLITE_CONSTRAINT" }``
2026-09-17 14:52:57,035 - WARNING - [The Hindu] Page explicit wait timed out (3s). Proceeding anyway.
2026-09-17 14:52:57,056 - ERROR - parsed tree length: 1, wrong data type or not valid HTML
2026-09-17 14:52:57,056 - ERROR - empty HTML tree: None
2026-09-17 14:52:57,057 - WARNING - discarding data: None
2026-09-17 14:52:57,057 - WARNING - [Wired] FAILED with 'requests_browser' (content was too short: 0 words).
2026-09-17 14:52:57,746 - INFO - [Times of India] Page content loaded.
2026-09-17 14:52:57,977 - INFO - [Economic Times] Article: https://economictimes.indiatimes.com/news/elections/assembly-elections/assam/done-deal-cm-himanta-biswa-sarma-on-nda-seat-sharing-for-assam-polls/articleshow/128678098.cms
2026-09-17 14:52:57,977 - INFO - [Economic Times] Attempt 1/2: Trying with 'requests_browser' strategy...
2026-09-17 14:52:57,999 - INFO - [Wired] Article: https://www.wired.com/story/vivid-seats-promo-code/
2026-09-17 14:52:57,999 - INFO - [Wired] Attempt 2/2: Trying with 'selenium_browser' strategy...
2026-09-17 14:52:58,242 - INFO - [Times of India] Success with 'selenium_browser'. Found content (855 words).
2026-09-17 14:52:58,516 - INFO - [Economic Times] Success with 'requests_browser'. Found content (518 words).
2026-09-17 14:53:01,776 - INFO - >>> SUCCESSFULLY SAVED [ID: 122851] - Mecca: ‘Absolutely no ambiguity: Pakistan says Mecca pact applies as Saudi Arabia faces Houthi drone threat - The Times of India from Times of India (855 words)
2026-09-17 14:53:01,792 - INFO - [Wired] Page content loaded.
2026-09-17 14:53:03,241 - INFO - [Times of India] Article: https://timesofindia.indiatimes.com/world/us/im-staying-so-is-the-curry-indian-origin-us-congressman-hits-back-at-florida-councilmans-go-home-remark/articleshow/134310720.cms
2026-09-17 14:53:03,710 - INFO - [Times of India] Attempt 1/1: Trying with 'selenium_browser' strategy...
2026-09-17 14:53:04,621 - ERROR - [The Hindu] Request failed for strategy 'selenium_browser' on URL https://www.thehindu.com/news/national/andhra-pradesh/simha-vahana-seva-enthrals-devotees-on-third-day-of-brahmotsavams-in-tirumala/article71476953.ece: Message: timeout: Timed out receiving message from renderer: 7.000
  (Session info: chrome=153.0.8010.47)
Stacktrace:
#0 0x5560080c63da <unknown>
#1 0x5560079fb5d9 <unknown>
#2 0x5560079e2ffb <unknown>
#3 0x5560079e2c76 <unknown>
#4 0x5560079e08b0 <unknown>
#5 0x5560079e120f <unknown>
#6 0x5560079f03b0 <unknown>
#7 0x556007a0a2f7 <unknown>
#8 0x556007a11d4b <unknown>
#9 0x5560079e1969 <unknown>
#10 0x556007a0a052 <unknown>
#11 0x556007a9b7d2 <unknown>
#12 0x556007a44bab <unknown>
#13 0x556007a45991 <unknown>
#14 0x5560080891e7 <unknown>
#15 0x556008087a15 <unknown>
#16 0x556008072ae5 <unknown>
#17 0x55600808866a <unknown>
#18 0x55600805b249 <unknown>
#19 0x5560080b0678 <unknown>
#20 0x5560080b0815 <unknown>
#21 0x5560080c4d33 <unknown>
#22 0x7f0bed49cb84 <unknown>
#23 0x7f0bed529d6c <unknown>

2026-09-17 14:53:04,621 - ERROR - [The Hindu] All scrape strategies failed for https://www.thehindu.com/news/national/andhra-pradesh/simha-vahana-seva-enthrals-devotees-on-third-day-of-brahmotsavams-in-tirumala/article71476953.ece. Falling back to RSS description.
2026-09-17 14:53:04,621 - WARNING - SKIPPED (GLOBAL WORD LIMIT): Article '‘Simha Vahana Seva’ enthrals devotees on third day of Brahmotsavams in Tirumala' from The Hindu has only 25 words (Min: 90).
2026-09-17 14:53:04,621 - ERROR - Error saving article 'Done deal': CM Himanta Biswa Sarma on NDA seat-sharing for Assam polls - The Economic Times: Hrana: `stream error: `Error { message: "SQLite error: UNIQUE constraint failed: articles.url", code: "SQLITE_CONSTRAINT" }``
2026-09-17 14:53:04,794 - INFO - [Wired] Success with 'selenium_browser'. Found content (860 words).
2026-09-17 14:53:06,927 - INFO - [Economic Times] Article: https://economictimes.indiatimes.com/news/elections/assembly-elections/bihar/rare-intensive-revision-in-bihar-four-months-before-polls/articleshow/122167501.cms
2026-09-17 14:53:06,928 - INFO - [The Hindu] Article: https://www.thehindu.com/news/national/kerala/kader-attia-to-unveil-curatorial-vision-for-seventh-edition-of-kochi-muziris-biennale-on-november-14/article71476219.ece
2026-09-17 14:53:07,919 - INFO - [The Hindu] Attempt 1/1: Trying with 'selenium_browser' strategy...
2026-09-17 14:53:06,928 - INFO - [Economic Times] Attempt 1/2: Trying with 'requests_browser' strategy...
2026-09-17 14:53:07,919 - ERROR - Error saving article Vivid Seats Promo Codes and Deals: Get 10% Off | WIRED: Hrana: `stream error: `Error { message: "SQLite error: UNIQUE constraint failed: articles.url", code: "SQLITE_CONSTRAINT" }``
2026-09-17 14:53:08,288 - INFO - [Economic Times] Success with 'requests_browser'. Found content (864 words).
2026-09-17 14:53:09,758 - INFO - [Wired] Article: https://www.wired.com/story/ring-promo-code/
2026-09-17 14:53:09,759 - INFO - [Wired] Attempt 1/2: Trying with 'requests_browser' strategy...
2026-09-17 14:53:11,249 - ERROR - Error saving article Rare 'intensive' revision in Bihar four months before polls - The Economic Times: Hrana: `stream error: `Error { message: "SQLite error: UNIQUE constraint failed: articles.url", code: "SQLITE_CONSTRAINT" }``
2026-09-17 14:53:11,253 - WARNING - [Times of India] Page explicit wait timed out (3s). Proceeding anyway.
2026-09-17 14:53:11,271 - ERROR - parsed tree length: 1, wrong data type or not valid HTML
2026-09-17 14:53:11,272 - ERROR - empty HTML tree: None
2026-09-17 14:53:11,272 - WARNING - discarding data: None
2026-09-17 14:53:11,272 - WARNING - [Wired] FAILED with 'requests_browser' (content was too short: 0 words).
2026-09-17 14:53:11,493 - INFO - [Times of India] Success with 'selenium_browser'. Found content (493 words).
2026-09-17 14:53:13,060 - INFO - [Wired] Article: https://www.wired.com/story/ring-promo-code/
2026-09-17 14:53:13,060 - INFO - [Economic Times] Article: https://economictimes.indiatimes.com/news/elections/assembly-elections/delhi/bjp-accuses-kejriwal-of-sending-voters-hoax-calls-to-mislead/articleshow/117579007.cms
2026-09-17 14:53:13,504 - INFO - [Wired] Attempt 2/2: Trying with 'selenium_browser' strategy...
2026-09-17 14:53:14,545 - INFO - [Economic Times] Attempt 1/2: Trying with 'requests_browser' strategy...
2026-09-17 14:53:14,787 - INFO - >>> SUCCESSFULLY SAVED [ID: 122855] - ‘I’m staying, so is the curry’: Indian-origin US Congressman hits back at Florida councilman’s ‘go home’ remark - The Times of India from Times of India (493 words)
2026-09-17 14:53:15,223 - INFO - [Economic Times] Success with 'requests_browser'. Found content (550 words).
2026-09-17 14:53:17,262 - INFO - [Times of India] Article: https://timesofindia.indiatimes.com/world/us/two-massachusetts-brothers-started-a-junk-removal-business-as-teenagers-with-a-4000-pickup-truck-four-years-later-it-made-3-04-million-in-2025-and-is-targeting-5-million-in-2026/articleshow/134308239.cms
2026-09-17 14:53:17,263 - INFO - [Times of India] Attempt 1/1: Trying with 'selenium_browser' strategy...
2026-09-17 14:53:18,178 - ERROR - Error saving article BJP accuses Kejriwal of sending voters hoax calls to mislead - The Economic Times: Hrana: `stream error: `Error { message: "SQLite error: UNIQUE constraint failed: articles.url", code: "SQLITE_CONSTRAINT" }``
2026-09-17 14:53:18,716 - INFO - [Wired] Page content loaded.
2026-09-17 14:53:19,423 - INFO - [Wired] Success with 'selenium_browser'. Found content (770 words).
2026-09-17 14:53:19,569 - INFO - [Economic Times] Article: https://economictimes.indiatimes.com/news/elections/lok-sabha/india/lok-sabha-election-2024-maharashtra-get-interesting-after-splits-in-shiv-sena-ncp/articleshow/108559788.cms
2026-09-17 14:53:19,569 - INFO - [Economic Times] Attempt 1/2: Trying with 'requests_browser' strategy...
2026-09-17 14:53:22,501 - ERROR - Error saving article Ring Promo Code: 50% Off | WIRED: Hrana: `stream error: `Error { message: "SQLite error: UNIQUE constraint failed: articles.url", code: "SQLITE_CONSTRAINT" }``
2026-09-17 14:53:22,504 - WARNING - [The Hindu] Page get timed out (7s). Proceeding to grab partial source anyway.
2026-09-17 14:53:22,585 - INFO - [Economic Times] Success with 'requests_browser'. Found content (1442 words).
2026-09-17 14:53:24,296 - INFO - [Wired] Early skip: URL https://www.wired.com/story/dyson-robot-vacuum-nurovi-line/ already exists.
2026-09-17 14:53:24,741 - INFO - [Wired] Early skip: URL https://www.wired.com/story/what-snap-expensive-specs-can-actually-do/ already exists.
2026-09-17 14:53:25,656 - INFO - [Wired] Early skip: URL https://www.wired.com/story/openai-releases-new-policy-for-reporting-incidents-of-model-misalignment/ already exists.
2026-09-17 14:53:25,657 - ERROR - Error saving article Lok Sabha election 2024: Maharashtra get interesting after splits in Shiv Sena, NCP - The Economic Times: Hrana: `stream error: `Error { message: "SQLite error: UNIQUE constraint failed: articles.url", code: "SQLITE_CONSTRAINT" }``
2026-09-17 14:53:25,657 - INFO - [Wired] Early skip: URL https://www.wired.com/story/washington-wont-be-regulating-ai-anytime-soon/ already exists.
2026-09-17 14:53:25,659 - INFO - [Wired] Early skip: URL https://www.wired.com/story/amazon-prime-day-october-2026-tips/ already exists.
2026-09-17 14:53:25,660 - INFO - [Wired] Article: https://www.wired.com/story/macos-27-golden-gate-top-features/
2026-09-17 14:53:25,661 - INFO - [Wired] Attempt 1/2: Trying with 'requests_browser' strategy...
2026-09-17 14:53:25,675 - INFO - [Times of India] Page content loaded.
2026-09-17 14:53:25,786 - ERROR - parsed tree length: 1, wrong data type or not valid HTML
2026-09-17 14:53:25,787 - ERROR - empty HTML tree: None
2026-09-17 14:53:25,787 - WARNING - discarding data: None
2026-09-17 14:53:25,787 - WARNING - [Wired] FAILED with 'requests_browser' (content was too short: 0 words).
2026-09-17 14:53:25,880 - INFO - [Times of India] Success with 'selenium_browser'. Found content (1014 words).
2026-09-17 14:53:27,418 - INFO - [Economic Times] Article: https://economictimes.indiatimes.com/news/elections/lok-sabha/india/modi-charisma-key-factor-in-bjps-bid-to-retain-all-26-seats-in-gujarat/articleshow/108550858.cms
2026-09-17 14:53:27,418 - INFO - [Wired] Article: https://www.wired.com/story/macos-27-golden-gate-top-features/
2026-09-17 14:53:27,856 - INFO - [Economic Times] Attempt 1/2: Trying with 'requests_browser' strategy...
2026-09-17 14:53:27,856 - INFO - [Wired] Attempt 2/2: Trying with 'selenium_browser' strategy...
2026-09-17 14:53:29,027 - INFO - >>> SUCCESSFULLY SAVED [ID: 122859] - Two Massachusetts brothers started a junk-removal business as teenagers with a $4,000 pickup truck; four years later, it made $3.04 million in 2025 and is targeting $5 million in 2026 - The Times of India from Times of India (1014 words)
2026-09-17 14:53:29,079 - INFO - [Economic Times] Success with 'requests_browser'. Found content (838 words).
2026-09-17 14:53:30,612 - WARNING - [The Hindu] Page explicit wait timed out (3s). Proceeding anyway.
2026-09-17 14:53:31,052 - INFO - [Times of India] Article: https://timesofindia.indiatimes.com/world/rest-of-world/in-2014-an-australian-family-began-restoring-their-120-acre-farm-12-years-later-bower-estate-is-a-thriving-native-habitat-that-hosts-weddings/articleshow/134308533.cms
2026-09-17 14:53:31,052 - INFO - [Times of India] Attempt 1/1: Trying with 'selenium_browser' strategy...
2026-09-17 14:53:32,037 - ERROR - Error saving article Modi charisma key factor in BJP's bid to retain all 26 seats in Gujarat - The Economic Times: Hrana: `stream error: `Error { message: "SQLite error: UNIQUE constraint failed: articles.url", code: "SQLITE_CONSTRAINT" }``
2026-09-17 14:53:32,440 - INFO - [Wired] Page content loaded.
2026-09-17 14:53:32,581 - INFO - [Economic Times] Article: https://economictimes.indiatimes.com/news/elections/lok-sabha/india/implementation-of-guarantees-decline-of-brs-favour-congress-in-telangana-bjp-aiming-for-better-show/articleshow/108548569.cms
2026-09-17 14:53:32,581 - INFO - [Economic Times] Attempt 1/2: Trying with 'requests_browser' strategy...
2026-09-17 14:53:33,060 - INFO - [Economic Times] Success with 'requests_browser'. Found content (1272 words).
2026-09-17 14:53:36,703 - ERROR - Error saving article Implementation of 'guarantees', decline of BRS favour Congress in Telangana, BJP aiming for better show - The Economic Times: Hrana: `stream error: `Error { message: "SQLite error: UNIQUE constraint failed: articles.url", code: "SQLITE_CONSTRAINT" }``
2026-09-17 14:53:36,916 - INFO - [Wired] Success with 'selenium_browser'. Found content (1767 words).
2026-09-17 14:53:38,931 - ERROR - [The Hindu] Request failed for strategy 'selenium_browser' on URL https://www.thehindu.com/news/national/kerala/kader-attia-to-unveil-curatorial-vision-for-seventh-edition-of-kochi-muziris-biennale-on-november-14/article71476219.ece: Message: timeout: Timed out receiving message from renderer: 7.000
  (Session info: chrome=153.0.8010.47)
Stacktrace:
#0 0x5560080c63da <unknown>
#1 0x5560079fb5d9 <unknown>
#2 0x5560079e2ffb <unknown>
#3 0x5560079e2c76 <unknown>
#4 0x5560079e08b0 <unknown>
#5 0x5560079e120f <unknown>
#6 0x5560079f03b0 <unknown>
#7 0x556007a0a2f7 <unknown>
#8 0x556007a11d4b <unknown>
#9 0x5560079e1969 <unknown>
#10 0x556007a0a052 <unknown>
#11 0x556007a9b7d2 <unknown>
#12 0x556007a44bab <unknown>
#13 0x556007a45991 <unknown>
#14 0x5560080891e7 <unknown>
#15 0x556008087a15 <unknown>
#16 0x556008072ae5 <unknown>
#17 0x55600808866a <unknown>
#18 0x55600805b249 <unknown>
#19 0x5560080b0678 <unknown>
#20 0x5560080b0815 <unknown>
#21 0x5560080c4d33 <unknown>
#22 0x7f0bed49cb84 <unknown>
#23 0x7f0bed529d6c <unknown>

2026-09-17 14:53:39,448 - ERROR - [The Hindu] All scrape strategies failed for https://www.thehindu.com/news/national/kerala/kader-attia-to-unveil-curatorial-vision-for-seventh-edition-of-kochi-muziris-biennale-on-november-14/article71476219.ece. Falling back to RSS description.
2026-09-17 14:53:39,448 - WARNING - SKIPPED (GLOBAL WORD LIMIT): Article 'Kader Attia to unveil curatorial vision for seventh edition of Kochi Muziris Biennale on November 14' from The Hindu has only 25 words (Min: 90).
2026-09-17 14:53:39,448 - INFO - [Economic Times] Article: https://economictimes.indiatimes.com/traders-bet-on-calendar-spread-as-nifty-moves-in-a-tight-range/articleshow/6302358.cms
2026-09-17 14:53:39,449 - INFO - [Economic Times] Attempt 1/2: Trying with 'requests_browser' strategy...
2026-09-17 14:53:40,515 - ERROR - Error saving article MacOS 27 Golden Gate: Top New Features | WIRED: Hrana: `stream error: `Error { message: "SQLite error: UNIQUE constraint failed: articles.url", code: "SQLITE_CONSTRAINT" }``
2026-09-17 14:53:40,525 - ERROR - parsed tree length: 1, wrong data type or not valid HTML
2026-09-17 14:53:40,525 - ERROR - empty HTML tree: None
2026-09-17 14:53:40,525 - WARNING - discarding data: None
2026-09-17 14:53:40,525 - WARNING - [Economic Times] FAILED with 'requests_browser' (content was too short: 0 words).
2026-09-17 14:53:40,805 - INFO - [Times of India] Page content loaded.
2026-09-17 14:53:40,821 - INFO - [The Hindu] Article: https://www.thehindu.com/news/national/karnataka/in-kalaburagi-siddaramaiahs-statue-installed-in-the-night-removed-the-next-morning/article71477175.ece
2026-09-17 14:53:40,821 - INFO - [The Hindu] Attempt 1/1: Trying with 'selenium_browser' strategy...
2026-09-17 14:53:41,053 - INFO - [Times of India] Success with 'selenium_browser'. Found content (753 words).
2026-09-17 14:53:41,113 - INFO - [Economic Times] Article: https://economictimes.indiatimes.com/traders-bet-on-calendar-spread-as-nifty-moves-in-a-tight-range/articleshow/6302358.cms
2026-09-17 14:53:41,113 - INFO - [Economic Times] Attempt 2/2: Trying with 'selenium_browser' strategy...
2026-09-17 14:53:41,119 - INFO - [Wired] Early skip: URL https://www.wired.com/story/i-trained-a-fly-on-wired-story-ideas/ already exists.
2026-09-17 14:53:41,126 - INFO - [Wired] Article: https://www.wired.com/story/the-8-best-movies-to-stream-right-now/
2026-09-17 14:53:41,126 - INFO - [Wired] Attempt 1/2: Trying with 'requests_browser' strategy...
2026-09-17 14:53:41,259 - ERROR - parsed tree length: 1, wrong data type or not valid HTML
2026-09-17 14:53:41,259 - ERROR - empty HTML tree: None
2026-09-17 14:53:41,260 - WARNING - discarding data: None
2026-09-17 14:53:41,260 - WARNING - [Wired] FAILED with 'requests_browser' (content was too short: 0 words).
2026-09-17 14:53:42,639 - INFO - [Wired] Article: https://www.wired.com/story/the-8-best-movies-to-stream-right-now/
2026-09-17 14:53:42,639 - INFO - [Wired] Attempt 2/2: Trying with 'selenium_browser' strategy...
2026-09-17 14:53:44,276 - INFO - >>> SUCCESSFULLY SAVED [ID: 122863] - In 2014, an Australian family began restoring their 120-acre farm; 12 years later, Bower Estate is a thriving native habitat that hosts weddings - The Times of India from Times of India (753 words)
2026-09-17 14:53:45,530 - INFO - [Times of India] Article: https://timesofindia.indiatimes.com/science/quote-of-the-day-by-stephen-hawking-we-are-just-an-advanced-breed-of-monkeys-on-a-minor-planet-of/articleshow/134309486.cms
2026-09-17 14:53:45,530 - INFO - [Times of India] Attempt 1/1: Trying with 'selenium_browser' strategy...
2026-09-17 14:53:51,001 - INFO - [Economic Times] Page content loaded.
2026-09-17 14:53:51,573 - INFO - [Economic Times] Success with 'selenium_browser'. Found content (411 words).
2026-09-17 14:53:54,594 - INFO - [Wired] Page content loaded.
2026-09-17 14:53:54,594 - ERROR - Error saving article Traders bet on calendar spread as Nifty moves in a tight range - The Economic Times: Hrana: `stream error: `Error { message: "SQLite error: UNIQUE constraint failed: articles.url", code: "SQLITE_CONSTRAINT" }``
2026-09-17 14:53:54,879 - WARNING - [The Hindu] Page get timed out (7s). Proceeding to grab partial source anyway.
2026-09-17 14:53:55,597 - INFO - [Economic Times] Article: https://economictimes.indiatimes.com/nifty-may-find-support-at-5300-level/articleshow/6296017.cms
2026-09-17 14:53:55,597 - INFO - [Economic Times] Attempt 1/2: Trying with 'requests_browser' strategy...
2026-09-17 14:53:56,124 - ERROR - parsed tree length: 1, wrong data type or not valid HTML
2026-09-17 14:53:56,124 - ERROR - empty HTML tree: None
2026-09-17 14:53:56,125 - WARNING - discarding data: None
2026-09-17 14:53:56,125 - WARNING - [Economic Times] FAILED with 'requests_browser' (content was too short: 0 words).
2026-09-17 14:53:56,723 - INFO - [Economic Times] Article: https://economictimes.indiatimes.com/nifty-may-find-support-at-5300-level/articleshow/6296017.cms
2026-09-17 14:53:56,723 - INFO - [Economic Times] Attempt 2/2: Trying with 'selenium_browser' strategy...
2026-09-17 14:53:57,182 - INFO - [Wired] Success with 'selenium_browser'. Found content (1531 words).
2026-09-17 14:53:59,439 - WARNING - [Times of India] Page explicit wait timed out (3s). Proceeding anyway.
2026-09-17 14:54:00,791 - ERROR - Error saving article The Best Movies to Stream This Month (September 2026) | WIRED: Hrana: `stream error: `Error { message: "SQLite error: UNIQUE constraint failed: articles.url", code: "SQLITE_CONSTRAINT" }``
2026-09-17 14:54:00,924 - INFO - [Times of India] Success with 'selenium_browser'. Found content (773 words).
2026-09-17 14:54:02,620 - INFO - [Wired] Early skip: URL https://www.wired.com/story/chipotle-is-working-with-palantir-on-food-safety/ already exists.
2026-09-17 14:54:02,621 - WARNING - [The Hindu] Page explicit wait timed out (3s). Proceeding anyway.
2026-09-17 14:54:04,007 - INFO - [Wired] Early skip: URL https://www.wired.com/review/apple-iphone-18-pro-and-iphone-18-pro-max/ already exists.
2026-09-17 14:54:04,272 - INFO - [Wired] Early skip: URL https://www.wired.com/gallery/best-android-phones/ already exists.
2026-09-17 14:54:04,273 - INFO - >>> SUCCESSFULLY SAVED [ID: 122866] - Quote of the day by Stephen Hawking: "We are just an advanced breed of monkeys on a minor planet of…" | - The Times of India from Times of India (773 words)
2026-09-17 14:54:04,273 - INFO - [Wired] Early skip: URL https://www.wired.com/story/introducing-the-wired-app/ already exists.
2026-09-17 14:54:04,275 - INFO - [Wired] Early skip: URL https://www.wired.com/story/hackers-flock-camera-data-shows-how-system-works/ already exists.
2026-09-17 14:54:04,276 - INFO - [Wired] Early skip: URL https://www.wired.com/story/the-eu-bans-social-media-for-under-13s/ already exists.
2026-09-17 14:54:04,278 - INFO - [Wired] Article: https://www.wired.com/story/best-robot-vacuum/
2026-09-17 14:54:04,278 - INFO - [Wired] Attempt 1/2: Trying with 'requests_browser' strategy...
2026-09-17 14:54:04,438 - ERROR - parsed tree length: 1, wrong data type or not valid HTML
2026-09-17 14:54:04,439 - ERROR - empty HTML tree: None
2026-09-17 14:54:04,439 - WARNING - discarding data: None
2026-09-17 14:54:04,439 - WARNING - [Wired] FAILED with 'requests_browser' (content was too short: 0 words).
2026-09-17 14:54:04,981 - INFO - [Wired] Article: https://www.wired.com/story/best-robot-vacuum/
2026-09-17 14:54:04,981 - INFO - [Wired] Attempt 2/2: Trying with 'selenium_browser' strategy...
2026-09-17 14:54:05,646 - INFO - [Times of India] Article: https://timesofindia.indiatimes.com/world/rest-of-world/ecological-terrorism-indonesia-seeks-tougher-laws-as-country-deals-with-devastating-fires/articleshow/134309557.cms
2026-09-17 14:54:05,646 - INFO - [Times of India] Attempt 1/1: Trying with 'selenium_browser' strategy...
2026-09-17 14:54:05,781 - INFO - [Economic Times] Page content loaded.
2026-09-17 14:54:07,094 - INFO - [Economic Times] Success with 'selenium_browser'. Found content (773 words).
2026-09-17 14:54:11,079 - ERROR - [The Hindu] Request failed for strategy 'selenium_browser' on URL https://www.thehindu.com/news/national/karnataka/in-kalaburagi-siddaramaiahs-statue-installed-in-the-night-removed-the-next-morning/article71477175.ece: Message: timeout: Timed out receiving message from renderer: 7.000
  (Session info: chrome=153.0.8010.47)
Stacktrace:
#0 0x5560080c63da <unknown>
#1 0x5560079fb5d9 <unknown>
#2 0x5560079e2ffb <unknown>
#3 0x5560079e2c76 <unknown>
#4 0x5560079e08b0 <unknown>
#5 0x5560079e120f <unknown>
#6 0x5560079f03b0 <unknown>
#7 0x556007a0a2f7 <unknown>
#8 0x556007a11d4b <unknown>
#9 0x5560079e1969 <unknown>
#10 0x556007a0a052 <unknown>
#11 0x556007a9b7d2 <unknown>
#12 0x556007a44bab <unknown>
#13 0x556007a45991 <unknown>
#14 0x5560080891e7 <unknown>
#15 0x556008087a15 <unknown>
#16 0x556008072ae5 <unknown>
#17 0x55600808866a <unknown>
#18 0x55600805b249 <unknown>
#19 0x5560080b0678 <unknown>
#20 0x5560080b0815 <unknown>
#21 0x5560080c4d33 <unknown>
#22 0x7f0bed49cb84 <unknown>
#23 0x7f0bed529d6c <unknown>

2026-09-17 14:54:11,079 - ERROR - [The Hindu] All scrape strategies failed for https://www.thehindu.com/news/national/karnataka/in-kalaburagi-siddaramaiahs-statue-installed-in-the-night-removed-the-next-morning/article71477175.ece. Falling back to RSS description.
2026-09-17 14:54:11,080 - WARNING - SKIPPED (GLOBAL WORD LIMIT): Article 'In Kalaburagi, Siddaramaiah’s statue installed in the night,   removed the next morning' from The Hindu has only 3 words (Min: 90).
2026-09-17 14:54:11,080 - ERROR - Error saving article Nifty may find support at 5300 level - The Economic Times: Hrana: `stream error: `Error { message: "SQLite error: UNIQUE constraint failed: articles.url", code: "SQLITE_CONSTRAINT" }``
2026-09-17 14:54:11,906 - INFO - [Economic Times] Article: https://economictimes.indiatimes.com/seven-out-of-top-10-asian-small-cap-funds-are-indian/articleshow/6295976.cms
2026-09-17 14:54:11,906 - INFO - [Economic Times] Attempt 1/2: Trying with 'requests_browser' strategy...
2026-09-17 14:54:12,127 - INFO - [The Hindu] Article: https://www.thehindu.com/news/national/karnataka/452-guest-lecturers-get-notices-over-suspected-fake-phds/article71476066.ece
2026-09-17 14:54:12,127 - INFO - [The Hindu] Attempt 1/1: Trying with 'selenium_browser' strategy...
2026-09-17 14:54:12,193 - CRITICAL - --- TIMEOUT: 4 scrape jobs did not complete in 420s. ---
2026-09-17 14:54:12,193 - ERROR - A thread has timed out and will be abandoned.
2026-09-17 14:54:12,194 - ERROR - A thread has timed out and will be abandoned.
2026-09-17 14:54:12,194 - ERROR - A thread has timed out and will be abandoned.
2026-09-17 14:54:12,194 - ERROR - A thread has timed out and will be abandoned.
2026-09-17 14:54:12,194 - INFO - Shutting down thread pool (wait=False)...
2026-09-17 14:54:12,194 - INFO - Scraped: 5 BBC, 0 Indian Express, 0 TechCrunch, 10 NDTV, 8 Al Jazeera, 4 Timed_Out_Jobs articles. (Total saved: 23)
2026-09-17 14:54:12,194 - INFO - --- Scraping job finished ---
2026-09-17 14:54:12,194 - INFO - --- Scraper service stopped. ---
2026-09-17 14:54:12,194 - INFO - --- Main thread finished. Forcing process exit to kill zombie threads. ---
