2026-08-15 12:42:52,694 - INFO - Loading AI Semantic Model (all-MiniLM-L6-v2)...
2026-08-15 12:42:52,694 - INFO - No device provided, using cpu
2026-08-15 12:42:52,790 - INFO - HTTP Request: GET https://huggingface.co/api/agent-harnesses "HTTP/1.1 200 OK"
2026-08-15 12:42:52,859 - INFO - HTTP Request: HEAD https://huggingface.co/sentence-transformers/all-MiniLM-L6-v2/resolve/main/modules.json "HTTP/1.1 307 Temporary Redirect"
2026-08-15 12:42:52,859 - WARNING - Warning: You are sending unauthenticated requests to the HF Hub. Please set a HF_TOKEN to enable higher rate limits and faster downloads.
2026-08-15 12:42:52,863 - INFO - HTTP Request: HEAD https://huggingface.co/api/resolve-cache/models/sentence-transformers/all-MiniLM-L6-v2/1110a243fdf4706b3f48f1d95db1a4f5529b4d41/modules.json "HTTP/1.1 200 OK"
2026-08-15 12:42:52,933 - INFO - HTTP Request: HEAD https://huggingface.co/sentence-transformers/all-MiniLM-L6-v2/resolve/main/config_sentence_transformers.json "HTTP/1.1 307 Temporary Redirect"
2026-08-15 12:42:52,938 - INFO - HTTP Request: HEAD https://huggingface.co/api/resolve-cache/models/sentence-transformers/all-MiniLM-L6-v2/1110a243fdf4706b3f48f1d95db1a4f5529b4d41/config_sentence_transformers.json "HTTP/1.1 200 OK"
2026-08-15 12:42:52,939 - INFO - Loading SentenceTransformer model from sentence-transformers/all-MiniLM-L6-v2.
2026-08-15 12:42:53,011 - INFO - HTTP Request: HEAD https://huggingface.co/sentence-transformers/all-MiniLM-L6-v2/resolve/main/config_sentence_transformers.json "HTTP/1.1 307 Temporary Redirect"
2026-08-15 12:42:53,015 - INFO - HTTP Request: HEAD https://huggingface.co/api/resolve-cache/models/sentence-transformers/all-MiniLM-L6-v2/1110a243fdf4706b3f48f1d95db1a4f5529b4d41/config_sentence_transformers.json "HTTP/1.1 200 OK"
2026-08-15 12:42:53,082 - INFO - HTTP Request: HEAD https://huggingface.co/sentence-transformers/all-MiniLM-L6-v2/resolve/main/README.md "HTTP/1.1 307 Temporary Redirect"
2026-08-15 12:42:53,086 - INFO - HTTP Request: HEAD https://huggingface.co/api/resolve-cache/models/sentence-transformers/all-MiniLM-L6-v2/1110a243fdf4706b3f48f1d95db1a4f5529b4d41/README.md "HTTP/1.1 200 OK"
2026-08-15 12:42:53,091 - INFO - HTTP Request: GET https://huggingface.co/api/resolve-cache/models/sentence-transformers/all-MiniLM-L6-v2/1110a243fdf4706b3f48f1d95db1a4f5529b4d41/README.md "HTTP/1.1 200 OK"
2026-08-15 12:42:53,163 - INFO - HTTP Request: HEAD https://huggingface.co/sentence-transformers/all-MiniLM-L6-v2/resolve/main/modules.json "HTTP/1.1 307 Temporary Redirect"
2026-08-15 12:42:53,168 - INFO - HTTP Request: HEAD https://huggingface.co/api/resolve-cache/models/sentence-transformers/all-MiniLM-L6-v2/1110a243fdf4706b3f48f1d95db1a4f5529b4d41/modules.json "HTTP/1.1 200 OK"
2026-08-15 12:42:53,238 - INFO - HTTP Request: HEAD https://huggingface.co/sentence-transformers/all-MiniLM-L6-v2/resolve/main/sentence_bert_config.json "HTTP/1.1 307 Temporary Redirect"
2026-08-15 12:42:53,243 - INFO - HTTP Request: HEAD https://huggingface.co/api/resolve-cache/models/sentence-transformers/all-MiniLM-L6-v2/1110a243fdf4706b3f48f1d95db1a4f5529b4d41/sentence_bert_config.json "HTTP/1.1 200 OK"
2026-08-15 12:42:53,340 - INFO - HTTP Request: HEAD https://huggingface.co/sentence-transformers/all-MiniLM-L6-v2/resolve/main/adapter_config.json "HTTP/1.1 404 Not Found"
2026-08-15 12:42:53,408 - INFO - HTTP Request: HEAD https://huggingface.co/sentence-transformers/all-MiniLM-L6-v2/resolve/main/config.json "HTTP/1.1 307 Temporary Redirect"
2026-08-15 12:42:53,413 - INFO - HTTP Request: HEAD https://huggingface.co/api/resolve-cache/models/sentence-transformers/all-MiniLM-L6-v2/1110a243fdf4706b3f48f1d95db1a4f5529b4d41/config.json "HTTP/1.1 200 OK"
2026-08-15 12:42:53,516 - INFO - HTTP Request: HEAD https://huggingface.co/sentence-transformers/all-MiniLM-L6-v2/resolve/main/model.safetensors "HTTP/1.1 302 Found"
2026-08-15 12:42:53,664 - INFO - HTTP Request: HEAD https://huggingface.co/sentence-transformers/all-MiniLM-L6-v2/resolve/main/processor_config.json "HTTP/1.1 404 Not Found"
2026-08-15 12:42:53,735 - INFO - HTTP Request: HEAD https://huggingface.co/sentence-transformers/all-MiniLM-L6-v2/resolve/main/preprocessor_config.json "HTTP/1.1 404 Not Found"
2026-08-15 12:42:53,805 - INFO - HTTP Request: HEAD https://huggingface.co/sentence-transformers/all-MiniLM-L6-v2/resolve/main/video_preprocessor_config.json "HTTP/1.1 404 Not Found"
2026-08-15 12:42:53,878 - INFO - HTTP Request: HEAD https://huggingface.co/sentence-transformers/all-MiniLM-L6-v2/resolve/main/preprocessor_config.json "HTTP/1.1 404 Not Found"
2026-08-15 12:42:53,947 - INFO - HTTP Request: HEAD https://huggingface.co/sentence-transformers/all-MiniLM-L6-v2/resolve/main/tokenizer_config.json "HTTP/1.1 307 Temporary Redirect"
2026-08-15 12:42:53,952 - INFO - HTTP Request: HEAD https://huggingface.co/api/resolve-cache/models/sentence-transformers/all-MiniLM-L6-v2/1110a243fdf4706b3f48f1d95db1a4f5529b4d41/tokenizer_config.json "HTTP/1.1 200 OK"
2026-08-15 12:42:54,019 - INFO - HTTP Request: HEAD https://huggingface.co/sentence-transformers/all-MiniLM-L6-v2/resolve/main/config.json "HTTP/1.1 307 Temporary Redirect"
2026-08-15 12:42:54,024 - INFO - HTTP Request: HEAD https://huggingface.co/api/resolve-cache/models/sentence-transformers/all-MiniLM-L6-v2/1110a243fdf4706b3f48f1d95db1a4f5529b4d41/config.json "HTTP/1.1 200 OK"
2026-08-15 12:42:54,094 - INFO - HTTP Request: HEAD https://huggingface.co/sentence-transformers/all-MiniLM-L6-v2/resolve/main/config.json "HTTP/1.1 307 Temporary Redirect"
2026-08-15 12:42:54,100 - INFO - HTTP Request: HEAD https://huggingface.co/api/resolve-cache/models/sentence-transformers/all-MiniLM-L6-v2/1110a243fdf4706b3f48f1d95db1a4f5529b4d41/config.json "HTTP/1.1 200 OK"
2026-08-15 12:42:54,172 - INFO - HTTP Request: HEAD https://huggingface.co/sentence-transformers/all-MiniLM-L6-v2/resolve/main/tokenizer_config.json "HTTP/1.1 307 Temporary Redirect"
2026-08-15 12:42:54,177 - INFO - HTTP Request: HEAD https://huggingface.co/api/resolve-cache/models/sentence-transformers/all-MiniLM-L6-v2/1110a243fdf4706b3f48f1d95db1a4f5529b4d41/tokenizer_config.json "HTTP/1.1 200 OK"
2026-08-15 12:42:54,249 - INFO - HTTP Request: GET https://huggingface.co/api/models/sentence-transformers/all-MiniLM-L6-v2/tree/main/additional_chat_templates?recursive=false&expand=false "HTTP/1.1 404 Not Found"
2026-08-15 12:42:54,322 - INFO - HTTP Request: GET https://huggingface.co/api/models/sentence-transformers/all-MiniLM-L6-v2/tree/main?recursive=true&expand=false "HTTP/1.1 200 OK"
2026-08-15 12:42:54,436 - INFO - HTTP Request: HEAD https://huggingface.co/sentence-transformers/all-MiniLM-L6-v2/resolve/main/vocab.txt "HTTP/1.1 307 Temporary Redirect"
2026-08-15 12:42:54,440 - INFO - HTTP Request: HEAD https://huggingface.co/api/resolve-cache/models/sentence-transformers/all-MiniLM-L6-v2/1110a243fdf4706b3f48f1d95db1a4f5529b4d41/vocab.txt "HTTP/1.1 200 OK"
2026-08-15 12:42:54,507 - INFO - HTTP Request: HEAD https://huggingface.co/sentence-transformers/all-MiniLM-L6-v2/resolve/main/tokenizer.json "HTTP/1.1 307 Temporary Redirect"
2026-08-15 12:42:54,512 - INFO - HTTP Request: HEAD https://huggingface.co/api/resolve-cache/models/sentence-transformers/all-MiniLM-L6-v2/1110a243fdf4706b3f48f1d95db1a4f5529b4d41/tokenizer.json "HTTP/1.1 200 OK"
2026-08-15 12:42:54,582 - INFO - HTTP Request: HEAD https://huggingface.co/sentence-transformers/all-MiniLM-L6-v2/resolve/main/added_tokens.json "HTTP/1.1 404 Not Found"
2026-08-15 12:42:54,649 - INFO - HTTP Request: HEAD https://huggingface.co/sentence-transformers/all-MiniLM-L6-v2/resolve/main/special_tokens_map.json "HTTP/1.1 307 Temporary Redirect"
2026-08-15 12:42:54,654 - INFO - HTTP Request: HEAD https://huggingface.co/api/resolve-cache/models/sentence-transformers/all-MiniLM-L6-v2/1110a243fdf4706b3f48f1d95db1a4f5529b4d41/special_tokens_map.json "HTTP/1.1 200 OK"
2026-08-15 12:42:54,728 - INFO - HTTP Request: HEAD https://huggingface.co/sentence-transformers/all-MiniLM-L6-v2/resolve/main/chat_template.jinja "HTTP/1.1 404 Not Found"
2026-08-15 12:42:54,823 - INFO - HTTP Request: HEAD https://huggingface.co/sentence-transformers/all-MiniLM-L6-v2/resolve/main/1_Pooling/config.json "HTTP/1.1 307 Temporary Redirect"
2026-08-15 12:42:54,828 - INFO - HTTP Request: HEAD https://huggingface.co/api/resolve-cache/models/sentence-transformers/all-MiniLM-L6-v2/1110a243fdf4706b3f48f1d95db1a4f5529b4d41/1_Pooling%2Fconfig.json "HTTP/1.1 200 OK"
2026-08-15 12:42:54,900 - INFO - HTTP Request: GET https://huggingface.co/api/models/sentence-transformers/all-MiniLM-L6-v2 "HTTP/1.1 200 OK"
2026-08-15 12:42:54,903 - INFO - AI Model loaded successfully.
2026-08-15 12:42:54,903 - INFO - --- Scraper service started (CI Mode: Run Once) ---
2026-08-15 12:42:54,903 - INFO - --- Starting new scraping job (Parallel Mode) ---
2026-08-15 12:42:54,903 - INFO - Connecting to SQLite database...
2026-08-15 12:43:00,361 - INFO - Pre-calculating embeddings for 469 cached articles...
2026-08-15 12:43:25,768 - INFO - Cache built: 5565 URLs. Current MAX_ID: 104921
2026-08-15 12:43:25,769 - INFO - Creating new robust session with 3 retries on 5xx/connection/read errors.
2026-08-15 12:43:25,769 - INFO - Proxy is DISABLED.
2026-08-15 12:43:25,770 - INFO - [BBC] (Thread) requires Selenium. Initializing driver...
2026-08-15 12:43:25,770 - INFO - [Times of India] (Thread) requires Selenium. Initializing driver...
2026-08-15 12:43:25,770 - INFO - [The Hindu] (Thread) requires Selenium. Initializing driver...
2026-08-15 12:43:25,770 - INFO - [Al Jazeera] (Thread) requires Selenium. Initializing driver...
2026-08-15 12:43:25,771 - INFO - Starting scrape for TechCrunch RSS feed: https://techcrunch.com/feed/
2026-08-15 12:43:25,771 - INFO - [Economic Times] (Thread) requires Selenium. Initializing driver...
2026-08-15 12:43:25,771 - INFO - [Wired] (Thread) requires Selenium. Initializing driver...
2026-08-15 12:43:25,772 - INFO - [NDTV] (Thread) requires Selenium. Initializing driver...
2026-08-15 12:43:25,773 - INFO - Submitted 9 jobs to thread pool. Waiting up to 420s for completion...
2026-08-15 12:43:25,772 - INFO - [Indian Express] (Thread) requires Selenium. Initializing driver...
2026-08-15 12:43:27,360 - INFO - Found 0 articles in TechCrunch RSS feed. Processing until 8 new articles are saved.
2026-08-15 12:43:28,198 - INFO - Selenium driver initialized successfully (Eager load strategy, 7s timeout).
2026-08-15 12:43:28,198 - INFO - Starting scrape for BBC RSS feed: http://feeds.bbci.co.uk/news/world/rss.xml
2026-08-15 12:43:28,418 - INFO - Selenium driver initialized successfully (Eager load strategy, 7s timeout).
2026-08-15 12:43:28,418 - INFO - Starting scrape for NDTV RSS feed: https://feeds.feedburner.com/ndtvnews-top-stories
2026-08-15 12:43:28,613 - INFO - Found 24 articles in BBC RSS feed. Processing until 10 new articles are saved.
2026-08-15 12:43:28,614 - INFO - [BBC] Early skip: URL https://www.bbc.co.uk/news/articles/c5y0zz63gero?at_medium=RSS&at_campaign=rss already exists.
2026-08-15 12:43:28,619 - INFO - [BBC] Early skip: URL https://www.bbc.co.uk/news/articles/cd69ely319eo?at_medium=RSS&at_campaign=rss already exists.
2026-08-15 12:43:28,628 - INFO - [BBC] Early skip: URL https://www.bbc.co.uk/news/articles/c171yp5zdrxo?at_medium=RSS&at_campaign=rss already exists.
2026-08-15 12:43:28,630 - INFO - [BBC] Early skip: URL https://www.bbc.co.uk/news/articles/c4gjygx4gjeo?at_medium=RSS&at_campaign=rss already exists.
2026-08-15 12:43:28,633 - INFO - [BBC] Early skip: URL https://www.bbc.co.uk/news/articles/c8en2z9jp2xo?at_medium=RSS&at_campaign=rss already exists.
2026-08-15 12:43:28,635 - INFO - [BBC] Early skip: URL https://www.bbc.co.uk/news/articles/cy0j60p0d29o?at_medium=RSS&at_campaign=rss already exists.
2026-08-15 12:43:28,637 - INFO - [BBC] Early skip: URL https://www.bbc.co.uk/news/articles/cx2vj433xqlo?at_medium=RSS&at_campaign=rss already exists.
2026-08-15 12:43:28,638 - INFO - [BBC] Early skip: URL https://www.bbc.co.uk/news/articles/c1w1ylw0p3no?at_medium=RSS&at_campaign=rss already exists.
2026-08-15 12:43:28,639 - INFO - [BBC] Early skip: URL https://www.bbc.co.uk/news/articles/clyje43dz4eo?at_medium=RSS&at_campaign=rss already exists.
2026-08-15 12:43:28,643 - INFO - [BBC] Early skip: URL https://www.bbc.co.uk/news/articles/c9342wn2x27o?at_medium=RSS&at_campaign=rss already exists.
2026-08-15 12:43:28,649 - INFO - [BBC] Early skip: URL https://www.bbc.co.uk/news/articles/c5ydzg0dnz7o?at_medium=RSS&at_campaign=rss already exists.
2026-08-15 12:43:28,651 - INFO - [BBC] Early skip: URL https://www.bbc.co.uk/news/articles/cq561gpen8lo?at_medium=RSS&at_campaign=rss already exists.
2026-08-15 12:43:28,653 - INFO - [BBC] Early skip: URL https://www.bbc.co.uk/news/articles/c5yr8r04edvo?at_medium=RSS&at_campaign=rss already exists.
2026-08-15 12:43:28,654 - INFO - [BBC] Early skip: URL https://www.bbc.co.uk/news/articles/c89n20wj9kko?at_medium=RSS&at_campaign=rss already exists.
2026-08-15 12:43:28,655 - INFO - [BBC] Early skip: URL https://www.bbc.co.uk/news/articles/c4gkyez7195o?at_medium=RSS&at_campaign=rss already exists.
2026-08-15 12:43:28,657 - INFO - [BBC] Early skip: URL https://www.bbc.co.uk/news/articles/cd0xk82mrpyo?at_medium=RSS&at_campaign=rss already exists.
2026-08-15 12:43:28,661 - INFO - [BBC] Early skip: URL https://www.bbc.co.uk/news/articles/c4gxy0wqqd9o?at_medium=RSS&at_campaign=rss already exists.
2026-08-15 12:43:28,662 - INFO - [BBC] Early skip: URL https://www.bbc.co.uk/news/articles/c8jnwnw22ngo?at_medium=RSS&at_campaign=rss already exists.
2026-08-15 12:43:28,664 - INFO - [BBC] Early skip: URL https://www.bbc.co.uk/news/articles/c87nwq9qe24o?at_medium=RSS&at_campaign=rss already exists.
2026-08-15 12:43:28,685 - INFO - [BBC] Early skip: URL https://www.bbc.co.uk/news/videos/cj4kg74ndggo?at_medium=RSS&at_campaign=rss already exists.
2026-08-15 12:43:28,695 - INFO - [BBC] Early skip: URL https://www.bbc.co.uk/news/videos/c7vg06pjdmqo?at_medium=RSS&at_campaign=rss already exists.
2026-08-15 12:43:28,715 - INFO - [BBC] Early skip: URL https://www.bbc.co.uk/news/videos/cly58dnde5yo?at_medium=RSS&at_campaign=rss already exists.
2026-08-15 12:43:28,724 - INFO - [BBC] Early skip: URL https://www.bbc.co.uk/news/videos/cddjlrzd26eo?at_medium=RSS&at_campaign=rss already exists.
2026-08-15 12:43:28,729 - INFO - [BBC] Early skip: URL https://www.bbc.co.uk/news/videos/c36dyep3k1ko?at_medium=RSS&at_campaign=rss already exists.
2026-08-15 12:43:28,737 - INFO - [BBC] (Thread) Finished. Attempting to shut down its Selenium driver.
2026-08-15 12:43:28,805 - INFO - Selenium driver initialized successfully (Eager load strategy, 7s timeout).
2026-08-15 12:43:28,805 - INFO - Starting scrape for The Hindu RSS feed: https://www.thehindu.com/news/national/feeder/default.rss
2026-08-15 12:43:28,913 - INFO - Selenium driver initialized successfully (Eager load strategy, 7s timeout).
2026-08-15 12:43:28,913 - INFO - Starting scrape for Wired RSS feed: https://www.wired.com/feed/rss
2026-08-15 12:43:28,981 - INFO - Selenium driver initialized successfully (Eager load strategy, 7s timeout).
2026-08-15 12:43:28,981 - INFO - Starting scrape for Indian Express RSS feed: https://indianexpress.com/feed/
2026-08-15 12:43:28,989 - INFO - [BBC] (Thread) driver.quit() successful.
2026-08-15 12:43:29,003 - INFO - Found 20 articles in NDTV RSS feed. Processing until 10 new articles are saved.
2026-08-15 12:43:29,004 - INFO - [NDTV] Article: https://www.ndtv.com/world-news/taliban-marks-5-years-in-power-in-afghanistan-as-rights-groups-sound-alarm-11914552#publisher=newsstand
2026-08-15 12:43:29,004 - INFO - [NDTV] Attempt 1/2: Trying with 'requests_browser' strategy...
2026-08-15 12:43:29,022 - INFO - Selenium driver initialized successfully (Eager load strategy, 7s timeout).
2026-08-15 12:43:29,022 - INFO - Starting scrape for Times of India RSS feed: https://timesofindia.indiatimes.com/rssfeeds/296589292.cms
2026-08-15 12:43:29,170 - INFO - Selenium driver initialized successfully (Eager load strategy, 7s timeout).
2026-08-15 12:43:29,170 - INFO - Starting scrape for Economic Times RSS feed: https://economictimes.indiatimes.com/rssfeedsdefault.cms
2026-08-15 12:43:29,251 - INFO - Found 20 articles in Times of India RSS feed. Processing until 20 new articles are saved.
2026-08-15 12:43:29,251 - INFO - [Times of India] Article: https://timesofindia.indiatimes.com/world/europe/ukraine-offers-black-sea-shipping-truce-russia-yet-to-respond-report/articleshow/133262655.cms
2026-08-15 12:43:29,251 - INFO - [Times of India] Attempt 1/1: Trying with 'selenium_browser' strategy...
2026-08-15 12:43:29,263 - ERROR - [NDTV] Request failed for strategy 'requests_browser' on URL https://www.ndtv.com/world-news/taliban-marks-5-years-in-power-in-afghanistan-as-rights-groups-sound-alarm-11914552#publisher=newsstand: 403 Client Error: Forbidden for url: https://www.ndtv.com/world-news/taliban-marks-5-years-in-power-in-afghanistan-as-rights-groups-sound-alarm-11914552#publisher=newsstand
2026-08-15 12:43:29,277 - INFO - Found 50 articles in Wired RSS feed. Processing until 10 new articles are saved.
2026-08-15 12:43:29,277 - INFO - [Wired] Early skip: URL https://www.wired.com/story/this-beautifully-weird-necklace-is-secretly-a-usb-drive/ already exists.
2026-08-15 12:43:29,279 - INFO - [Wired] Early skip: URL https://www.wired.com/review/retrospec-joe-rev-2/ already exists.
2026-08-15 12:43:29,280 - INFO - [Wired] Early skip: URL https://www.wired.com/story/best-apple-watch-accessories/ already exists.
2026-08-15 12:43:29,288 - INFO - [Wired] Early skip: URL https://www.wired.com/story/instapaper-the-original-read-it-later-app-just-got-a-huge-upgrade/ already exists.
2026-08-15 12:43:29,291 - INFO - [Wired] Early skip: URL https://www.wired.com/review/auk-mini-2-indoor-smart-garden/ already exists.
2026-08-15 12:43:29,292 - INFO - [Wired] Early skip: URL https://www.wired.com/story/a-young-bodybuilders-rise-preceded-the-looksmaxxing-movement-his-legacy-feels-more-relevant-than-ever/ already exists.
2026-08-15 12:43:29,294 - INFO - [Wired] Early skip: URL https://www.wired.com/story/best-apple-watch-bands/ already exists.
2026-08-15 12:43:29,295 - INFO - [Wired] Early skip: URL https://www.wired.com/story/puerto-rico-is-rationing-water-it-could-avoid-it-by-harvesting-rainwater/ already exists.
2026-08-15 12:43:29,295 - INFO - Selenium driver initialized successfully (Eager load strategy, 7s timeout).
2026-08-15 12:43:29,296 - INFO - Starting scrape for Al Jazeera RSS feed: https://www.aljazeera.com/xml/rss/all.xml
2026-08-15 12:43:29,305 - INFO - [Wired] Early skip: URL https://www.wired.com/story/amazon-uses-your-twitch-content-to-train-its-ai-how-to-opt-out/ already exists.
2026-08-15 12:43:29,309 - INFO - [Wired] Article: https://www.wired.com/story/google-workspace-promo-code/
2026-08-15 12:43:29,309 - INFO - [Wired] Attempt 1/2: Trying with 'requests_browser' strategy...
2026-08-15 12:43:29,313 - ERROR - Failed to fetch Indian Express RSS feed: 403 Client Error: Forbidden for url: https://indianexpress.com/feed/
2026-08-15 12:43:29,313 - INFO - [Indian Express] (Thread) Finished. Attempting to shut down its Selenium driver.
2026-08-15 12:43:29,393 - INFO - Found 60 articles in The Hindu RSS feed. Processing until 20 new articles are saved.
2026-08-15 12:43:29,393 - INFO - [The Hindu] Article: https://www.thehindu.com/news/national/uttarakhand/one-more-death-in-flooded-chamoli-tunnel-8-casualties-so-far-search-on-for-2-stuck/article71349384.ece
2026-08-15 12:43:29,393 - INFO - [The Hindu] Attempt 1/1: Trying with 'selenium_browser' strategy...
2026-08-15 12:43:29,459 - INFO - [Indian Express] (Thread) driver.quit() successful.
2026-08-15 12:43:29,489 - ERROR - parsed tree length: 1, wrong data type or not valid HTML
2026-08-15 12:43:29,489 - ERROR - empty HTML tree: None
2026-08-15 12:43:29,489 - WARNING - discarding data: None
2026-08-15 12:43:29,489 - WARNING - [Wired] FAILED with 'requests_browser' (content was too short: 0 words).
2026-08-15 12:43:29,538 - INFO - Found 25 articles in Al Jazeera RSS feed. Processing until 8 new articles are saved.
2026-08-15 12:43:29,538 - INFO - [Al Jazeera] Article: https://www.aljazeera.com/news/2026/8/15/afghan-refugees-face-uncertain-future-as-europe-shifts-to-the-right?traffic_source=rss
2026-08-15 12:43:29,538 - INFO - [Al Jazeera] Attempt 1/2: Trying with 'requests_browser' strategy...
2026-08-15 12:43:29,730 - INFO - Found 76 articles in Economic Times RSS feed. Processing until 20 new articles are saved.
2026-08-15 12:43:29,732 - INFO - [Economic Times] Early skip: URL https://economictimes.indiatimes.com/markets/expert-view/etmarkets-management-talk-man-industries-eyes-bigger-saudi-footprint-region-could-contribute-3540-of-revenue-in-3-years-nikhil-mansukhani/articleshow/133257522.cms already exists.
2026-08-15 12:43:29,735 - INFO - [Al Jazeera] Success with 'requests_browser'. Found content (971 words).
2026-08-15 12:43:29,735 - INFO - [Economic Times] Early skip: URL https://economictimes.indiatimes.com/markets/stocks/news/madhusudan-kelas-portfolio-7-stocks-rally-up-to-135-in-cy26/slideshow/133259821.cms already exists.
2026-08-15 12:43:29,752 - INFO - [Economic Times] Early skip: URL https://economictimes.indiatimes.com/markets/cryptocurrency/crypto-news/bitcoin-near-63000-as-weaker-etf-demand-and-cancelled-sec-meeting-dampen-crypto-sentiment/articleshow/133259389.cms already exists.
2026-08-15 12:43:29,764 - INFO - [Economic Times] Early skip: URL https://economictimes.indiatimes.com/mf/mf-news/monarch-mutual-fund-set-to-enter-mf-space-with-maiden-overnight-fund-files-draft-with-sebi/articleshow/133259237.cms already exists.
2026-08-15 12:43:29,771 - INFO - [Economic Times] Early skip: URL https://economictimes.indiatimes.com/markets/expert-view/fo-talk-nifty-consolidation-to-continue-says-sudeep-shah-gives-tata-motors-lenskart-honasa-strategy/articleshow/133259043.cms already exists.
2026-08-15 12:43:29,778 - INFO - [Economic Times] Early skip: URL https://economictimes.indiatimes.com/markets/ipos/fpos/ipo-rush-5-companies-to-raise-rs-5499-crore-next-week-shiprocket-4-others-to-list/articleshow/133258703.cms already exists.
2026-08-15 12:43:29,785 - INFO - [Economic Times] Early skip: URL https://economictimes.indiatimes.com/news/economy/policy/rbi-special-windows-seen-big-enough-to-bring-in-100b/articleshow/132813309.cms already exists.
2026-08-15 12:43:29,792 - INFO - [Economic Times] Early skip: URL https://economictimes.indiatimes.com/news/economy/foreign-trade/india-canada-aim-to-conclude-cepa-trade-pact-by-end-2026-mea/articleshow/132813105.cms already exists.
2026-08-15 12:43:29,803 - INFO - [Economic Times] Early skip: URL https://economictimes.indiatimes.com/news/economy/infrastructure/govts-urban-reset-centre-divides-ministry-of-housing-and-urban-affairs-into-two-specialised-verticals/articleshow/132812900.cms already exists.
2026-08-15 12:43:29,805 - INFO - [Economic Times] Article: https://economictimes.indiatimes.com/news/economy/foreign-trade/india-uk-ceta-takes-effect-first-zero-duty-indian-coffee-jewellery-consignments-reach-uk-shores/articleshow/132442764.cms
2026-08-15 12:43:29,805 - INFO - [Economic Times] Attempt 1/2: Trying with 'requests_browser' strategy...
2026-08-15 12:43:31,561 - INFO - [NDTV] Article: https://www.ndtv.com/world-news/taliban-marks-5-years-in-power-in-afghanistan-as-rights-groups-sound-alarm-11914552#publisher=newsstand
2026-08-15 12:43:31,561 - INFO - [NDTV] Attempt 2/2: Trying with 'selenium_browser' strategy...
2026-08-15 12:43:31,562 - INFO - [Wired] Article: https://www.wired.com/story/google-workspace-promo-code/
2026-08-15 12:43:31,562 - INFO - [Wired] Attempt 2/2: Trying with 'selenium_browser' strategy...
2026-08-15 12:43:33,298 - INFO - >>> SUCCESSFULLY SAVED [ID: 104922] - Afghan refugees face an uncertain future as Europe shifts to the right | Refugees News | Al Jazeera from Al Jazeera (971 words)
2026-08-15 12:43:33,299 - INFO - [The Hindu] Page content loaded.
2026-08-15 12:43:33,463 - INFO - [Economic Times] Success with 'requests_browser'. Found content (946 words).
2026-08-15 12:43:41,520 - INFO - [Al Jazeera] Article: https://www.aljazeera.com/video/101-east/2026/8/15/is-china-seeking-to-copy-irans-strait-of-hormuz-blockade-around-taiwan?traffic_source=rss
2026-08-15 12:43:41,532 - INFO - [Al Jazeera] Attempt 1/2: Trying with 'requests_browser' strategy...
2026-08-15 12:43:42,494 - ERROR - Error saving article India-UK CETA takes effect: First zero-duty Indian coffee, jewellery consignments reach UK shores - The Economic Times: Hrana: `stream error: `Error { message: "SQLite error: UNIQUE constraint failed: articles.url", code: "SQLITE_CONSTRAINT" }``
2026-08-15 12:43:42,526 - INFO - [NDTV] Page content loaded.
2026-08-15 12:43:42,613 - INFO - [Al Jazeera] Success with 'requests_browser'. Found content (121 words).
2026-08-15 12:43:42,802 - INFO - [The Hindu] Success with 'selenium_browser'. Found content (225 words).
2026-08-15 12:43:43,183 - INFO - [NDTV] Success with 'selenium_browser'. Found content (815 words).
2026-08-15 12:43:43,355 - INFO - [Economic Times] Article: https://economictimes.indiatimes.com/news/economy/foreign-trade/from-oman-to-tanzania-how-the-iran-war-is-redrawing-indias-trade-map/articleshow/131762760.cms
2026-08-15 12:43:43,356 - INFO - [Economic Times] Attempt 1/2: Trying with 'requests_browser' strategy...
2026-08-15 12:43:46,551 - INFO - >>> SUCCESSFULLY SAVED [ID: 104924] - Is China seeking to copy Iran’s Strait of Hormuz blockade around Taiwan? | Politics | Al Jazeera from Al Jazeera (121 words)
2026-08-15 12:43:46,861 - INFO - [Economic Times] Success with 'requests_browser'. Found content (385 words).
2026-08-15 12:43:48,500 - INFO - [Al Jazeera] Article: https://www.aljazeera.com/news/2026/8/15/modi-threatens-to-target-intellectual-naxals-in-independence-day-speech?traffic_source=rss
2026-08-15 12:43:48,500 - INFO - [Al Jazeera] Attempt 1/2: Trying with 'requests_browser' strategy...
2026-08-15 12:43:48,972 - INFO - [Wired] Page content loaded.
2026-08-15 12:43:50,188 - INFO - >>> SUCCESSFULLY SAVED [ID: 104925] - One more death in flooded Chamoli tunnel, 8 casualties so far; search on for two stuck - The Hindu from The Hindu (225 words)
2026-08-15 12:43:50,372 - INFO - [Al Jazeera] Success with 'requests_browser'. Found content (404 words).
2026-08-15 12:43:52,126 - INFO - [The Hindu] Early skip: URL https://www.thehindu.com/news/national/congress-slams-pm-modi-over-dishonest-womens-reservation-pitch-calls-it-double-faced-hypocrisy/article71348920.ece already exists.
2026-08-15 12:43:52,141 - INFO - [The Hindu] Article: https://www.thehindu.com/news/national/telangana/waiting-at-the-gates-gautamnagars-long-struggle-for-a-rail-underpass/article71346631.ece
2026-08-15 12:43:52,141 - INFO - [The Hindu] Attempt 1/1: Trying with 'selenium_browser' strategy...
2026-08-15 12:43:53,893 - INFO - >>> SUCCESSFULLY SAVED [ID: 104926] - Taliban Marks 5 Years In Power In Afghanistan As Rights Groups Sound Alarm from NDTV (815 words)
2026-08-15 12:43:54,078 - INFO - [Wired] Success with 'selenium_browser'. Found content (1140 words).
2026-08-15 12:43:55,155 - INFO - [NDTV] Early skip: URL https://www.ndtv.com/world-news/indonesia-earthquake-buildings-shake-walls-crack-moment-7-7-earthquake-flores-island-11912495#publisher=newsstand already exists.
2026-08-15 12:43:55,212 - INFO - [NDTV] Article: https://www.ndtv.com/world-news/6-9-magnitude-earthquake-strikes-indonesia-second-in-a-day-11914450#publisher=newsstand
2026-08-15 12:43:55,212 - INFO - [NDTV] Attempt 1/2: Trying with 'requests_browser' strategy...
2026-08-15 12:43:58,197 - ERROR - Error saving article From Oman to Tanzania: How the Iran war is redrawing India’s trade map - The Economic Times: Hrana: `stream error: `Error { message: "SQLite error: UNIQUE constraint failed: articles.url", code: "SQLITE_CONSTRAINT" }``
2026-08-15 12:43:58,257 - ERROR - [NDTV] Request failed for strategy 'requests_browser' on URL https://www.ndtv.com/world-news/6-9-magnitude-earthquake-strikes-indonesia-second-in-a-day-11914450#publisher=newsstand: 403 Client Error: Forbidden for url: https://www.ndtv.com/world-news/6-9-magnitude-earthquake-strikes-indonesia-second-in-a-day-11914450#publisher=newsstand
2026-08-15 12:43:59,837 - INFO - [Times of India] Page content loaded.
2026-08-15 12:43:59,838 - INFO - [Economic Times] Article: https://economictimes.indiatimes.com/news/economy/policy/fm-sitharaman-flags-global-crisis-spillovers-unfair-burden-on-developing-nations/articleshow/131668427.cms
2026-08-15 12:43:59,838 - INFO - [Economic Times] Attempt 1/2: Trying with 'requests_browser' strategy...
2026-08-15 12:43:59,840 - INFO - [NDTV] Article: https://www.ndtv.com/world-news/6-9-magnitude-earthquake-strikes-indonesia-second-in-a-day-11914450#publisher=newsstand
2026-08-15 12:43:59,840 - INFO - [NDTV] Attempt 2/2: Trying with 'selenium_browser' strategy...
2026-08-15 12:44:01,577 - INFO - >>> SUCCESSFULLY SAVED [ID: 104928] - Modi threatens to target ‘intellectual Naxals’ in Independence Day speech | Narendra Modi News | Al Jazeera from Al Jazeera (404 words)
2026-08-15 12:44:01,718 - INFO - [Economic Times] Success with 'requests_browser'. Found content (317 words).
2026-08-15 12:44:03,788 - INFO - [Al Jazeera] Article: https://www.aljazeera.com/video/newsfeed/2026/8/15/aftermath-of-deadly-indonesia-earthquake?traffic_source=rss
2026-08-15 12:44:03,788 - INFO - [Al Jazeera] Attempt 1/2: Trying with 'requests_browser' strategy...
2026-08-15 12:44:04,760 - ERROR - Error saving article Google Workspace Promo Codes: 14% Off for August 2026 | WIRED: Hrana: `stream error: `Error { message: "SQLite error: UNIQUE constraint failed: articles.url", code: "SQLITE_CONSTRAINT" }``
2026-08-15 12:44:04,804 - INFO - [NDTV] Page content loaded.
2026-08-15 12:44:04,871 - INFO - [The Hindu] Page content loaded.
2026-08-15 12:44:04,879 - WARNING - [Al Jazeera] FAILED with 'requests_browser' (content was too short: 51 words).
2026-08-15 12:44:05,005 - INFO - [Times of India] Success with 'selenium_browser'. Found content (433 words).
2026-08-15 12:44:05,140 - INFO - [The Hindu] Success with 'selenium_browser'. Found content (699 words).
2026-08-15 12:44:06,616 - INFO - [Al Jazeera] Article: https://www.aljazeera.com/video/newsfeed/2026/8/15/aftermath-of-deadly-indonesia-earthquake?traffic_source=rss
2026-08-15 12:44:06,616 - INFO - [Wired] Early skip: URL https://www.wired.com/story/new-york-city-lawmakers-push-to-ban-the-scan-at-msg/ already exists.
2026-08-15 12:44:07,130 - INFO - [Al Jazeera] Attempt 2/2: Trying with 'selenium_browser' strategy...
2026-08-15 12:44:08,083 - ERROR - Error saving article FM Sitharaman flags global crisis spillovers, unfair burden on developing nations - The Economic Times: Hrana: `stream error: `Error { message: "SQLite error: UNIQUE constraint failed: articles.url", code: "SQLITE_CONSTRAINT" }``
2026-08-15 12:44:08,086 - INFO - [Wired] Article: https://www.wired.com/story/the-8-best-movies-to-stream-right-now/
2026-08-15 12:44:08,088 - INFO - [Wired] Attempt 1/2: Trying with 'requests_browser' strategy...
2026-08-15 12:44:08,121 - INFO - [NDTV] Success with 'selenium_browser'. Found content (125 words).
2026-08-15 12:44:08,226 - ERROR - parsed tree length: 1, wrong data type or not valid HTML
2026-08-15 12:44:08,226 - ERROR - empty HTML tree: None
2026-08-15 12:44:08,226 - WARNING - discarding data: None
2026-08-15 12:44:08,226 - WARNING - [Wired] FAILED with 'requests_browser' (content was too short: 0 words).
2026-08-15 12:44:09,680 - INFO - [Wired] Article: https://www.wired.com/story/the-8-best-movies-to-stream-right-now/
2026-08-15 12:44:10,155 - INFO - [Wired] Attempt 2/2: Trying with 'selenium_browser' strategy...
2026-08-15 12:44:10,157 - INFO - [Economic Times] Article: https://economictimes.indiatimes.com/tech/technology/apple-faces-indian-engineers-bias-lawsuit/articleshow/81694292.cms
2026-08-15 12:44:11,097 - INFO - [Economic Times] Attempt 1/2: Trying with 'requests_browser' strategy...
2026-08-15 12:44:11,371 - INFO - >>> SUCCESSFULLY SAVED [ID: 104931] - Ukraine offers Black Sea shipping truce; Russia yet to respond : Report from Times of India (433 words)
2026-08-15 12:44:11,378 - INFO - [Al Jazeera] Page content loaded.
2026-08-15 12:44:11,413 - ERROR - parsed tree length: 1, wrong data type or not valid HTML
2026-08-15 12:44:11,413 - ERROR - empty HTML tree: None
2026-08-15 12:44:11,413 - WARNING - discarding data: None
2026-08-15 12:44:11,413 - WARNING - [Economic Times] FAILED with 'requests_browser' (content was too short: 0 words).
2026-08-15 12:44:11,584 - WARNING - [Al Jazeera] FAILED with 'selenium_browser' (content was too short: 51 words).
2026-08-15 12:44:11,584 - ERROR - [Al Jazeera] All scrape strategies failed for https://www.aljazeera.com/video/newsfeed/2026/8/15/aftermath-of-deadly-indonesia-earthquake?traffic_source=rss. Falling back to RSS description.
2026-08-15 12:44:11,584 - WARNING - SKIPPED (GLOBAL WORD LIMIT): Article 'Aftermath of deadly Indonesia earthquake' from Al Jazeera has only 14 words (Min: 90).
2026-08-15 12:44:13,167 - INFO - [Economic Times] Article: https://economictimes.indiatimes.com/tech/technology/apple-faces-indian-engineers-bias-lawsuit/articleshow/81694292.cms
2026-08-15 12:44:13,167 - INFO - [Economic Times] Attempt 2/2: Trying with 'selenium_browser' strategy...
2026-08-15 12:44:13,169 - INFO - [Times of India] Article: https://timesofindia.indiatimes.com/world/us/266-days-deployed-uss-abraham-lincoln-to-return-home-amid-rising-scrutiny-over-sailor-welfare/articleshow/133261442.cms
2026-08-15 12:44:13,169 - INFO - [Times of India] Attempt 1/1: Trying with 'selenium_browser' strategy...
2026-08-15 12:44:13,169 - INFO - [Al Jazeera] Early skip: URL https://www.aljazeera.com/news/2026/8/15/japanese-minister-visits-shrine-to-war-dead-angering-china-south-korea?traffic_source=rss already exists.
2026-08-15 12:44:13,172 - INFO - [Al Jazeera] Early skip: URL https://www.aljazeera.com/opinions/2026/8/15/what-the-taliban-achieved-and-failed-to-achieve-in-five-years?traffic_source=rss already exists.
2026-08-15 12:44:13,641 - INFO - [Al Jazeera] Early skip: URL https://www.aljazeera.com/sports/2026/8/15/world-cup-winner-ferran-torres-joins-paris-saint-germain-from-barcelona?traffic_source=rss already exists.
2026-08-15 12:44:13,643 - INFO - [Al Jazeera] Early skip: URL https://www.aljazeera.com/sports/2026/8/15/arsenal-vs-manchester-city-community-shield-prediction-lineups-teams?traffic_source=rss already exists.
2026-08-15 12:44:14,842 - INFO - [Al Jazeera] Article: https://www.aljazeera.com/video/newsfeed/2026/8/15/at-scene-of-deadly-israeli-strike-on-lebanon-home?traffic_source=rss
2026-08-15 12:44:14,842 - INFO - [Al Jazeera] Attempt 1/2: Trying with 'requests_browser' strategy...
2026-08-15 12:44:14,844 - INFO - >>> SUCCESSFULLY SAVED [ID: 104932] - Waiting at the gates: Gautamnagar’s long struggle for a rail underpass - The Hindu from The Hindu (699 words)
2026-08-15 12:44:14,941 - WARNING - [Al Jazeera] FAILED with 'requests_browser' (content was too short: 62 words).
2026-08-15 12:44:14,975 - INFO - DEDUPLICATION: Found match (Score: 0.84). Linking to Cluster ID: 58f9e8a5-1cd4-435e-b186-21a6bc7c28e1
2026-08-15 12:44:16,405 - INFO - [Al Jazeera] Article: https://www.aljazeera.com/video/newsfeed/2026/8/15/at-scene-of-deadly-israeli-strike-on-lebanon-home?traffic_source=rss
2026-08-15 12:44:16,405 - INFO - [Al Jazeera] Attempt 2/2: Trying with 'selenium_browser' strategy...
2026-08-15 12:44:16,882 - INFO - [The Hindu] Early skip: URL https://www.thehindu.com/news/national/kerala/freedom-means-living-without-fear-and-with-dignity-says-kerala-minister-bindhu-krishna-in-independence-day-address/article71348586.ece already exists.
2026-08-15 12:44:17,848 - INFO - [The Hindu] Early skip: URL https://www.thehindu.com/news/national/attempt-to-stigmatise-dissent-opposition-hits-out-at-pm-modi-over-dimagi-naxal-jibe/article71349200.ece already exists.
2026-08-15 12:44:18,105 - INFO - [The Hindu] Article: https://www.thehindu.com/news/national/what-are-gallantry-awards-india/article71349318.ece
2026-08-15 12:44:18,105 - INFO - [The Hindu] Attempt 1/1: Trying with 'selenium_browser' strategy...
2026-08-15 12:44:18,113 - INFO - >>> SUCCESSFULLY SAVED [ID: 104933] - 6.9-Magnitude Earthquake Strikes Indonesia, Second In A Day from NDTV (125 words)
2026-08-15 12:44:18,991 - INFO - [NDTV] Article: https://www.ndtv.com/india-news/independence-day-bjp-claims-sonia-gandhi-tried-to-stop-singing-of-vande-mataram-congress-denies-11914465#publisher=newsstand
2026-08-15 12:44:18,994 - INFO - [NDTV] Attempt 1/2: Trying with 'requests_browser' strategy...
2026-08-15 12:44:19,195 - ERROR - [NDTV] Request failed for strategy 'requests_browser' on URL https://www.ndtv.com/india-news/independence-day-bjp-claims-sonia-gandhi-tried-to-stop-singing-of-vande-mataram-congress-denies-11914465#publisher=newsstand: 403 Client Error: Forbidden for url: https://www.ndtv.com/india-news/independence-day-bjp-claims-sonia-gandhi-tried-to-stop-singing-of-vande-mataram-congress-denies-11914465#publisher=newsstand
2026-08-15 12:44:19,901 - INFO - [NDTV] Article: https://www.ndtv.com/india-news/independence-day-bjp-claims-sonia-gandhi-tried-to-stop-singing-of-vande-mataram-congress-denies-11914465#publisher=newsstand
2026-08-15 12:44:19,901 - INFO - [NDTV] Attempt 2/2: Trying with 'selenium_browser' strategy...
2026-08-15 12:44:20,492 - INFO - [Al Jazeera] Page content loaded.
2026-08-15 12:44:20,528 - INFO - [The Hindu] Page content loaded.
2026-08-15 12:44:20,945 - WARNING - [Al Jazeera] FAILED with 'selenium_browser' (content was too short: 62 words).
2026-08-15 12:44:20,946 - ERROR - [Al Jazeera] All scrape strategies failed for https://www.aljazeera.com/video/newsfeed/2026/8/15/at-scene-of-deadly-israeli-strike-on-lebanon-home?traffic_source=rss. Falling back to RSS description.
2026-08-15 12:44:20,946 - WARNING - SKIPPED (GLOBAL WORD LIMIT): Article 'At scene of deadly Israeli strike on Lebanon home' from Al Jazeera has only 17 words (Min: 90).
2026-08-15 12:44:22,014 - INFO - [Economic Times] Page content loaded.
2026-08-15 12:44:22,303 - INFO - [Al Jazeera] Early skip: URL https://www.aljazeera.com/sports/2026/8/15/bangladesh-rock-australia-as-historic-test-win-in-sight?traffic_source=rss already exists.
2026-08-15 12:44:22,305 - INFO - [Al Jazeera] Early skip: URL https://www.aljazeera.com/sports/2026/8/15/coe-cites-olympics-and-fifa-world-cup-in-warning-on-interference-in-sport?traffic_source=rss already exists.
2026-08-15 12:44:22,307 - INFO - [Al Jazeera] Early skip: URL https://www.aljazeera.com/sports/2026/8/15/venus-williams-hits-13-game-tennis-losing-streak-with-cincinnati-open-exit?traffic_source=rss already exists.
2026-08-15 12:44:22,313 - INFO - [Al Jazeera] Early skip: URL https://www.aljazeera.com/features/longform/2026/8/15/the-women-indias-biggest-river-project-forgot?traffic_source=rss already exists.
2026-08-15 12:44:22,315 - INFO - [Al Jazeera] Early skip: URL https://www.aljazeera.com/sports/2026/8/15/arteta-assures-arsenal-fans-over-contract-ahead-of-man-city-clash?traffic_source=rss already exists.
2026-08-15 12:44:22,316 - INFO - [Al Jazeera] Early skip: URL https://www.aljazeera.com/sports/2026/8/15/fifas-infantino-gets-giuliani-backing-in-world-cup-selloff-fallout?traffic_source=rss already exists.
2026-08-15 12:44:22,319 - INFO - [Al Jazeera] Early skip: URL https://www.aljazeera.com/opinions/2026/8/15/a-syrian-intervention-in-lebanon-would-be-too-costly-for-damascus?traffic_source=rss already exists.
2026-08-15 12:44:22,323 - INFO - [Al Jazeera] Early skip: URL https://www.aljazeera.com/news/2026/8/15/israeli-strike-kills-seven-in-south-lebanon-as-attacks-intensify?traffic_source=rss already exists.
2026-08-15 12:44:22,327 - INFO - [Al Jazeera] Article: https://www.aljazeera.com/video/newsfeed/2026/8/15/moment-israeli-forces-storm-wedding-hall-in-occupied-west-bank?traffic_source=rss
2026-08-15 12:44:22,327 - INFO - [Al Jazeera] Attempt 1/2: Trying with 'requests_browser' strategy...
2026-08-15 12:44:22,385 - WARNING - [Al Jazeera] FAILED with 'requests_browser' (content was too short: 63 words).
2026-08-15 12:44:23,052 - INFO - [Al Jazeera] Article: https://www.aljazeera.com/video/newsfeed/2026/8/15/moment-israeli-forces-storm-wedding-hall-in-occupied-west-bank?traffic_source=rss
2026-08-15 12:44:23,052 - INFO - [Al Jazeera] Attempt 2/2: Trying with 'selenium_browser' strategy...
2026-08-15 12:44:23,863 - INFO - [NDTV] Page content loaded.
2026-08-15 12:44:24,877 - INFO - [NDTV] Success with 'selenium_browser'. Found content (595 words).
2026-08-15 12:44:28,618 - INFO - >>> SUCCESSFULLY SAVED [ID: 104934] - Independence Day: BJP Claims Sonia Gandhi Tried To Stop Singing Of Vande Mataram, Congress Denies from NDTV (595 words)
2026-08-15 12:44:28,709 - ERROR - [The Hindu] Request failed for strategy 'selenium_browser' on URL https://www.thehindu.com/news/national/what-are-gallantry-awards-india/article71349318.ece: Message: timeout: Timed out receiving message from renderer: 7.000
  (Session info: chrome=152.0.7977.42)
Stacktrace:
#0 0x55f6aa4382ca <unknown>
#1 0x55f6a9d9bb39 <unknown>
#2 0x55f6a9d835bb <unknown>
#3 0x55f6a9d83236 <unknown>
#4 0x55f6a9d80e18 <unknown>
#5 0x55f6a9d8179f <unknown>
#6 0x55f6a9d90880 <unknown>
#7 0x55f6a9daa7b7 <unknown>
#8 0x55f6a9db219b <unknown>
#9 0x55f6a9d81ef9 <unknown>
#10 0x55f6a9daa512 <unknown>
#11 0x55f6a9e39fbd <unknown>
#12 0x55f6a9de4ecb <unknown>
#13 0x55f6a9de5cb1 <unknown>
#14 0x55f6aa3fc7f0 <unknown>
#15 0x55f6aa3fae6a <unknown>
#16 0x55f6aa3e5bb5 <unknown>
#17 0x55f6aa3fbb2a <unknown>
#18 0x55f6aa3cedf0 <unknown>
#19 0x55f6aa423238 <unknown>
#20 0x55f6aa4233d5 <unknown>
#21 0x55f6aa436e53 <unknown>
#22 0x7ff02389cb84 <unknown>
#23 0x7ff023929d6c <unknown>

2026-08-15 12:44:28,709 - ERROR - [The Hindu] All scrape strategies failed for https://www.thehindu.com/news/national/what-are-gallantry-awards-india/article71349318.ece. Falling back to RSS description.
2026-08-15 12:44:28,709 - WARNING - SKIPPED (GLOBAL WORD LIMIT): Article 'Gallantry awards: Honouring the Bravehearts of nation' from The Hindu has only 27 words (Min: 90).
2026-08-15 12:44:29,429 - INFO - [Wired] Page content loaded.
2026-08-15 12:44:29,584 - INFO - [NDTV] Article: https://www.ndtv.com/opinion/tracing-indias-journey-through-pm-narendra-modis-independence-day-speeches-11914461#publisher=newsstand
2026-08-15 12:44:29,584 - INFO - [NDTV] Attempt 1/2: Trying with 'requests_browser' strategy...
2026-08-15 12:44:29,782 - ERROR - [NDTV] Request failed for strategy 'requests_browser' on URL https://www.ndtv.com/opinion/tracing-indias-journey-through-pm-narendra-modis-independence-day-speeches-11914461#publisher=newsstand: 403 Client Error: Forbidden for url: https://www.ndtv.com/opinion/tracing-indias-journey-through-pm-narendra-modis-independence-day-speeches-11914461#publisher=newsstand
2026-08-15 12:44:30,103 - INFO - [The Hindu] Early skip: URL https://www.thehindu.com/news/national/india-80th-independence-day-2026-live-updates-on-august-15-pm-modi-speech-red-fort/article71348349.ece already exists.
2026-08-15 12:44:30,110 - INFO - [The Hindu] Early skip: URL https://www.thehindu.com/news/national/jharkhand/jharkhand-tiranga-march-job-exam-stir-day-22-devendra-mahta-fast/article71348936.ece already exists.
2026-08-15 12:44:30,114 - INFO - [The Hindu] Early skip: URL https://www.thehindu.com/news/national/kerala/i-day-celebrations-held-in-kollam/article71349158.ece already exists.
2026-08-15 12:44:30,117 - INFO - [The Hindu] Early skip: URL https://www.thehindu.com/news/national/jammu-and-kashmir/people-killed-as-vehicle-plunges-into-chenab-river-in-j-and-ks-kishtwar/article71349322.ece already exists.
2026-08-15 12:44:30,121 - INFO - [The Hindu] Early skip: URL https://www.thehindu.com/news/national/kerala/kochi-youth-reported-missing-from-japanese-ship-anxious-kin-seek-govt-help/article71349317.ece already exists.
2026-08-15 12:44:30,127 - INFO - [The Hindu] Early skip: URL https://www.thehindu.com/photos/80th-independence-day-celebrations-august-15-2026-in-pictures-red-fort-pm-modi-vande-mataram/article71348541.ece already exists.
2026-08-15 12:44:30,131 - INFO - [The Hindu] Early skip: URL https://www.thehindu.com/news/national/bihar-chief-minister-promises-one-crore-jobs-by-2030-and-reforms-in-exams/article71349086.ece already exists.
2026-08-15 12:44:30,133 - INFO - [The Hindu] Early skip: URL https://www.thehindu.com/news/national/pm-modi-lays-out-seven-point-sapta-dhara-framework-for-viksit-bharat/article71348519.ece already exists.
2026-08-15 12:44:30,134 - INFO - [The Hindu] Early skip: URL https://www.thehindu.com/news/national/kerala/palakkad-rail-division-highlights-performance-on-i-day/article71348902.ece already exists.
2026-08-15 12:44:30,137 - INFO - [The Hindu] Early skip: URL https://www.thehindu.com/news/national/tamil-nadu/we-want-people-of-tamil-nadu-to-develop-zero-tolerance-for-corruption-cm-vijay/article71348864.ece already exists.
2026-08-15 12:44:30,138 - INFO - [The Hindu] Early skip: URL https://www.thehindu.com/news/national/jammu-and-kashmir/mehbooba-asks-centre-to-reflect-if-india-has-lived-up-to-constitutions-vision/article71348838.ece already exists.
2026-08-15 12:44:30,143 - INFO - [The Hindu] Early skip: URL https://www.thehindu.com/news/national/kerala/funds-sanctioned-for-re-tendered-stretches-in-kollam-under-pmgsy/article71349162.ece already exists.
2026-08-15 12:44:30,146 - INFO - [The Hindu] Early skip: URL https://www.thehindu.com/news/national/kerala/congress-fighting-nationwide-to-protect-constitution-says-ramesh-chennithala/article71348688.ece already exists.
2026-08-15 12:44:30,151 - INFO - [The Hindu] Early skip: URL https://www.thehindu.com/news/national/tamil-nadu/vande-mataram-and-tamil-thai-vazhthu-what-is-the-protocol-explained/article71349013.ece already exists.
2026-08-15 12:44:30,154 - INFO - [The Hindu] Early skip: URL https://www.thehindu.com/news/national/committed-to-goal-of-jks-state-restoration-its-constitutional-guarantees-omar/article71348703.ece already exists.
2026-08-15 12:44:30,156 - INFO - [The Hindu] Early skip: URL https://www.thehindu.com/news/national/kerala/preserve-democracy-and-secularism-says-minister-roji-m-john-in-his-independence-day-message/article71349081.ece already exists.
2026-08-15 12:44:30,158 - INFO - [The Hindu] Early skip: URL https://www.thehindu.com/news/national/kerala/kerala-freedom-fighter-raghavji-lived-gandhis-ideals-but-his-legacy-now-lies-neglected-at-shoranur/article71349022.ece already exists.
2026-08-15 12:44:30,159 - INFO - [The Hindu] Early skip: URL https://www.thehindu.com/news/national/the-bar-and-bench-walk-with-you-cji-tells-youth-in-i-day-message-a-day-after-bar-council-overreach/article71349048.ece already exists.
2026-08-15 12:44:30,161 - INFO - [The Hindu] Early skip: URL https://www.thehindu.com/business/Industry/what-is-the-latest-mining-amendment-act-about-explained/article71348935.ece already exists.
2026-08-15 12:44:30,166 - INFO - [The Hindu] Early skip: URL https://www.thehindu.com/news/national/odisha/odisha-independence-day-celebrations-cm-mohan-majhi-speech/article71348853.ece already exists.
2026-08-15 12:44:30,170 - INFO - [The Hindu] Early skip: URL https://www.thehindu.com/news/national/dipke-set-to-launch-school-thik-karo-campaign-accuses-parties-of-neglecting-govt-run-schools/article71348483.ece already exists.
2026-08-15 12:44:30,172 - INFO - [The Hindu] Early skip: URL https://www.thehindu.com/news/national/kerala/rashtraraksha-samithi-holds-parallel-i-day-celebration-in-protest-at-thrissurs-thekkinkadu-maidan-with-full-vande-mataram-rendition/article71349017.ece already exists.
2026-08-15 12:44:30,174 - INFO - [The Hindu] Early skip: URL https://www.thehindu.com/news/national/bjp-claims-sonia-objected-to-full-version-of-vande-mataram-at-event-congress-denies-charge/article71349117.ece already exists.
2026-08-15 12:44:30,177 - INFO - [The Hindu] Early skip: URL https://www.thehindu.com/news/national/the-mountbatten-plan-how-june-3-sealed-the-partition-of-india-the-hindu-archives/article71052074.ece already exists.
2026-08-15 12:44:30,181 - INFO - [The Hindu] Early skip: URL https://www.thehindu.com/videos/after-80-years-of-independence-electricity-finally-reaches-up-village/article71349128.ece already exists.
2026-08-15 12:44:30,182 - INFO - [The Hindu] Early skip: URL https://www.thehindu.com/news/national/arunachal-pradesh/five-killed-in-arunachal-landslide-road-mishap-3-missing/article71348886.ece already exists.
2026-08-15 12:44:30,184 - INFO - [The Hindu] Early skip: URL https://www.thehindu.com/news/national/karnataka/karnataka-targets-one-lakh-new-jobs-ai-hubs-and-a-3-trillion-economy-by-2047/article71349042.ece already exists.
2026-08-15 12:44:30,187 - INFO - [The Hindu] Article: https://www.thehindu.com/news/national/assam/working-on-comprehensive-rehab-plan-for-flood-hit-families-assam-cm/article71349015.ece
2026-08-15 12:44:30,187 - INFO - [The Hindu] Attempt 1/1: Trying with 'selenium_browser' strategy...
2026-08-15 12:44:30,594 - INFO - [NDTV] Article: https://www.ndtv.com/opinion/tracing-indias-journey-through-pm-narendra-modis-independence-day-speeches-11914461#publisher=newsstand
2026-08-15 12:44:30,594 - INFO - [NDTV] Attempt 2/2: Trying with 'selenium_browser' strategy...
2026-08-15 12:44:30,648 - INFO - [Al Jazeera] Page content loaded.
2026-08-15 12:44:31,465 - INFO - [Wired] Success with 'selenium_browser'. Found content (1589 words).
2026-08-15 12:44:32,065 - WARNING - [Al Jazeera] FAILED with 'selenium_browser' (content was too short: 63 words).
2026-08-15 12:44:32,066 - ERROR - [Al Jazeera] All scrape strategies failed for https://www.aljazeera.com/video/newsfeed/2026/8/15/moment-israeli-forces-storm-wedding-hall-in-occupied-west-bank?traffic_source=rss. Falling back to RSS description.
2026-08-15 12:44:32,067 - WARNING - SKIPPED (GLOBAL WORD LIMIT): Article 'Moment Israeli forces storm wedding hall in occupied West Bank' from Al Jazeera has only 18 words (Min: 90).
2026-08-15 12:44:32,149 - WARNING - [Times of India] Page get timed out (7s). Proceeding to grab partial source anyway.
2026-08-15 12:44:34,208 - INFO - [Al Jazeera] Article: https://www.aljazeera.com/video/newsfeed/2026/8/15/south-koreas-president-wants-talks-with-north-to-end-korean-war?traffic_source=rss
2026-08-15 12:44:34,210 - INFO - [Al Jazeera] Attempt 1/2: Trying with 'requests_browser' strategy...
2026-08-15 12:44:35,172 - ERROR - Error saving article The Best Movies to Stream This Month (August 2026) | WIRED: Hrana: `stream error: `Error { message: "SQLite error: UNIQUE constraint failed: articles.url", code: "SQLITE_CONSTRAINT" }``
2026-08-15 12:44:35,281 - INFO - [NDTV] Page content loaded.
2026-08-15 12:44:35,413 - WARNING - [Al Jazeera] FAILED with 'requests_browser' (content was too short: 63 words).
2026-08-15 12:44:36,191 - INFO - [Al Jazeera] Article: https://www.aljazeera.com/video/newsfeed/2026/8/15/south-koreas-president-wants-talks-with-north-to-end-korean-war?traffic_source=rss
2026-08-15 12:44:36,191 - INFO - [Al Jazeera] Attempt 2/2: Trying with 'selenium_browser' strategy...
2026-08-15 12:44:36,269 - INFO - [NDTV] Success with 'selenium_browser'. Found content (1330 words).
2026-08-15 12:44:36,412 - INFO - [Wired] Early skip: URL https://www.wired.com/story/unitree-influencer-4-foot-robot-from-china/ already exists.
2026-08-15 12:44:36,422 - INFO - [Wired] Early skip: URL https://www.wired.com/story/tech-visionary-says-the-big-ai-labs-dont-get-what-people-want/ already exists.
2026-08-15 12:44:36,438 - INFO - [Wired] Article: https://www.wired.com/gallery/best-wireless-chargers/
2026-08-15 12:44:36,438 - INFO - [Wired] Attempt 1/2: Trying with 'requests_browser' strategy...
2026-08-15 12:44:36,790 - ERROR - parsed tree length: 1, wrong data type or not valid HTML
2026-08-15 12:44:36,791 - ERROR - empty HTML tree: None
2026-08-15 12:44:36,791 - WARNING - discarding data: None
2026-08-15 12:44:36,791 - WARNING - [Wired] FAILED with 'requests_browser' (content was too short: 0 words).
2026-08-15 12:44:38,833 - INFO - [Wired] Article: https://www.wired.com/gallery/best-wireless-chargers/
2026-08-15 12:44:38,833 - INFO - [Wired] Attempt 2/2: Trying with 'selenium_browser' strategy...
2026-08-15 12:44:40,511 - INFO - >>> SUCCESSFULLY SAVED [ID: 104936] - Tracing India's Journey Through PM Narendra Modi's Independence Day Speeches from NDTV (1330 words)
2026-08-15 12:44:42,021 - INFO - [NDTV] Early skip: URL https://www.ndtv.com/india-news/andhra-minister-faints-during-independence-day-event-in-tirupati-11914322#publisher=newsstand already exists.
2026-08-15 12:44:42,025 - INFO - [NDTV] Early skip: URL https://www.ndtv.com/india-news/temple-for-bapu-how-an-andhra-city-has-kept-mahatma-gandhis-memory-alive-11914299#publisher=newsstand already exists.
2026-08-15 12:44:42,027 - INFO - [NDTV] Early skip: URL https://www.ndtv.com/opinion/what-gandhi-nehru-jinnah-and-faiz-were-doing-on-aug-15-1947-11913788#publisher=newsstand already exists.
2026-08-15 12:44:42,031 - INFO - [NDTV] Early skip: URL https://www.ndtv.com/world-news/inside-russias-secret-plan-to-destroy-nato-and-eu-from-within-new-york-times-report-11914140#publisher=newsstand already exists.
2026-08-15 12:44:42,032 - INFO - [NDTV] Early skip: URL https://www.ndtv.com/india-news/80th-independence-day-2026-live-updates-from-red-fort-pm-modi-speech-on-15-august-celebration-vande-mataram-11912013#publisher=newsstand already exists.
2026-08-15 12:44:42,038 - INFO - [NDTV] Early skip: URL https://www.ndtv.com/world-news/indonesia-earthquake-felt-like-a-trampoline-survivors-recount-deadly-indonesia-earthquake-11914048#publisher=newsstand already exists.
2026-08-15 12:44:42,042 - INFO - [NDTV] Early skip: URL https://www.ndtv.com/india-news/independence-day-2026-himanta-sarma-says-gen-z-alpha-labels-european-concept-says-call-them-son-daughter-11914025#publisher=newsstand already exists.
2026-08-15 12:44:42,047 - INFO - [NDTV] Early skip: URL https://www.ndtv.com/andhra-pradesh-news/andhra-pradesh-lawyers-protest-boycott-courts-over-police-assault-of-advocate-11914010#publisher=newsstand already exists.
2026-08-15 12:44:42,057 - INFO - [NDTV] Early skip: URL https://www.ndtv.com/india-news/pipalkoti-tunnel-collapse-death-count-in-uttarakhand-tunnel-collapse-rises-to-8-search-on-for-2-others-11914007#publisher=newsstand already exists.
2026-08-15 12:44:42,058 - INFO - [NDTV] Early skip: URL https://www.ndtv.com/india-news/4-dead-5-army-personnel-missing-after-landslide-flash-flood-in-arunachal-pradeshs-upper-subansiri-dibang-valley-11913845#publisher=newsstand already exists.
2026-08-15 12:44:42,064 - INFO - [NDTV] Early skip: URL https://www.ndtv.com/india-news/in-spirit-of-federalism-return-control-of-exams-to-states-omar-abdullah-to-centre-11913738#publisher=newsstand already exists.
2026-08-15 12:44:42,066 - INFO - [NDTV] Early skip: URL https://www.ndtv.com/india-news/independence-day-2026-pics-how-independence-day-was-celebrated-across-india-11913796#publisher=newsstand already exists.
2026-08-15 12:44:42,068 - INFO - [NDTV] Early skip: URL https://www.ndtv.com/telangana-news/blinkit-delivery-worker-killed-after-fight-with-colleague-in-telangana-11913723#publisher=newsstand already exists.
2026-08-15 12:44:42,069 - INFO - [NDTV] Early skip: URL https://www.ndtv.com/andhra-pradesh-news/20-year-old-man-found-hanging-in-andhra-pradesh-vijaywada-hotel-room-family-seeks-probe-11913656#publisher=newsstand already exists.
2026-08-15 12:44:42,072 - INFO - [NDTV] Early skip: URL https://www.ndtv.com/world-news/us-iran-war-iran-on-donald-trumps-will-declare-strait-of-hormuz-us-territory-cant-seize-by-a-tweet-11913631#publisher=newsstand already exists.
2026-08-15 12:44:42,077 - INFO - [NDTV] (Thread) Finished. Attempting to shut down its Selenium driver.
2026-08-15 12:44:42,380 - INFO - [NDTV] (Thread) driver.quit() successful.
2026-08-15 12:44:43,415 - WARNING - [The Hindu] Page explicit wait timed out (3s). Proceeding anyway.
2026-08-15 12:44:45,986 - WARNING - [The Hindu] FAILED with 'selenium_browser' (content was too short: 55 words).
2026-08-15 12:44:46,022 - ERROR - [The Hindu] All scrape strategies failed for https://www.thehindu.com/news/national/assam/working-on-comprehensive-rehab-plan-for-flood-hit-families-assam-cm/article71349015.ece. Falling back to RSS description.
2026-08-15 12:44:46,023 - WARNING - SKIPPED (GLOBAL WORD LIMIT): Article 'Working on comprehensive rehab plan for flood-hit families: Assam CM' from The Hindu has only 24 words (Min: 90).
2026-08-15 12:44:46,738 - INFO - [The Hindu] Early skip: URL https://www.thehindu.com/news/national/karnataka/youth-protests-find-echo-in-ministers-i-day-speech-in-shivamogga/article71349009.ece already exists.
2026-08-15 12:44:46,747 - INFO - [The Hindu] Early skip: URL https://www.thehindu.com/news/cities/Delhi/after-gen-z-its-gen-alphas-turn-to-seek-accountability-kejriwal/article71348672.ece already exists.
2026-08-15 12:44:46,752 - INFO - [The Hindu] Early skip: URL https://www.thehindu.com/news/national/karnataka/bz-zameer-ahmed-khans-patriotism-unquestionable-says-karnataka-minister-on-refusal-to-hoist-national-flag/article71348930.ece already exists.
2026-08-15 12:44:46,759 - INFO - [The Hindu] Early skip: URL https://www.thehindu.com/news/national/how-will-caste-be-recorded-in-second-phase-of-census-2027-explained/article71348997.ece already exists.
2026-08-15 12:44:46,773 - INFO - [The Hindu] Early skip: URL https://www.thehindu.com/news/national/kerala/chaos-at-kozhikode-corporations-i-day-flag-hoisting-as-councillors-simultaneously-sing-national-anthem-vande-mataram/article71348991.ece already exists.
2026-08-15 12:44:46,776 - INFO - [The Hindu] Early skip: URL https://www.thehindu.com/news/national/kerala/in-independence-day-speech-kerala-cm-warns-against-communalism-calls-for-open-minded-democracy/article71348651.ece already exists.
2026-08-15 12:44:46,782 - INFO - [The Hindu] Early skip: URL https://www.thehindu.com/news/national/cjp-instagram-handle-briefly-taken-down-restored-later/article71348612.ece already exists.
2026-08-15 12:44:46,783 - INFO - [The Hindu] Early skip: URL https://www.thehindu.com/news/national/pm-modi-independence-day-2026-speech-women-reservation-opposition-appeal-maoism-mindset/article71348509.ece already exists.
2026-08-15 12:44:46,785 - INFO - [The Hindu] Early skip: URL https://www.thehindu.com/news/national/pm-modis-independence-day-speech-shortest-in-4-years/article71348472.ece already exists.
2026-08-15 12:44:46,790 - INFO - [The Hindu] Early skip: URL https://www.thehindu.com/news/national/west-bengal/in-2047-vikshit-bharat-dreams-will-be-realised-through-viksit-bengal-suvendu/article71348782.ece already exists.
2026-08-15 12:44:46,792 - INFO - [The Hindu] Early skip: URL https://www.thehindu.com/news/national/karnataka/tension-in-hanur-after-three-suspected-poachers-killed-in-shoot-out-in-karnataka-forest/article71348908.ece already exists.
2026-08-15 12:44:46,796 - INFO - [The Hindu] Early skip: URL https://www.thehindu.com/videos/mahua-moitra-alleges-she-was-asked-to-vacate-circuit-house-late-at-night/article71348941.ece already exists.
2026-08-15 12:44:46,797 - INFO - [The Hindu] Early skip: URL https://www.thehindu.com/news/national/indian-envoy-leads-celebration-of-independence-day-in-singapore/article71348824.ece already exists.
2026-08-15 12:44:46,799 - INFO - [The Hindu] Early skip: URL https://www.thehindu.com/news/national/telangana/telanganas-per-capita-income-higher-than-national-average-cm-revanth/article71348710.ece already exists.
2026-08-15 12:44:46,801 - INFO - [The Hindu] Early skip: URL https://www.thehindu.com/news/cities/bangalore/security-guard-held-for-alleged-terror-plot-targeting-pakistan-army-tehreek-e-taliban-pakistan-ttp-links-in-bengaluru/article71347241.ece already exists.
2026-08-15 12:44:46,802 - INFO - [The Hindu] Early skip: URL https://www.thehindu.com/news/national/in-a-first-vande-mataram-rendered-during-80th-independence-day-celebrations-at-red-fort/article71348393.ece already exists.
2026-08-15 12:44:46,804 - INFO - [The Hindu] Early skip: URL https://www.thehindu.com/news/national/telangana/govt-to-credit-fee-reimbursement-amounts-in-advance-to-avoid-hardship-to-students-cm/article71346164.ece already exists.
2026-08-15 12:44:46,805 - INFO - [The Hindu] Early skip: URL https://www.thehindu.com/news/national/independence-day-2026-key-announcements-in-pm-modi-iday-speech/article71348593.ece already exists.
2026-08-15 12:44:46,807 - INFO - [The Hindu] Early skip: URL https://www.thehindu.com/news/national/telangana/notices-to-43-medical-shops-in-telangana-over-sale-of-mounjaro-ozempic-without-prescription/article71348448.ece already exists.
2026-08-15 12:44:46,810 - INFO - [The Hindu] Early skip: URL https://www.thehindu.com/news/national/andhra-pradesh/ap-witnessing-significant-progress-with-initiatives-of-government-minister-for-msme-kondapalli-srinivas/article71348589.ece already exists.
2026-08-15 12:44:46,812 - INFO - [The Hindu] Early skip: URL https://www.thehindu.com/news/national/kerala/kerala-govt-announces-bonus-festival-allowance-ahead-of-onam/article71348515.ece already exists.
2026-08-15 12:44:46,813 - INFO - [The Hindu] Article: https://www.thehindu.com/news/national/assam/avoid-blame-game-on-assam-floods-says-nagaland-coal-miners-body/article71348721.ece
2026-08-15 12:44:46,813 - INFO - [The Hindu] Attempt 1/1: Trying with 'selenium_browser' strategy...
2026-08-15 12:44:50,011 - WARNING - [Times of India] Page explicit wait timed out (3s). Proceeding anyway.
2026-08-15 12:44:52,426 - INFO - [Times of India] Success with 'selenium_browser'. Found content (707 words).
2026-08-15 12:44:54,933 - ERROR - [Economic Times] Request failed for strategy 'selenium_browser' on URL https://economictimes.indiatimes.com/tech/technology/apple-faces-indian-engineers-bias-lawsuit/articleshow/81694292.cms: Message: timeout: Timed out receiving message from renderer: 7.000
  (Session info: chrome=152.0.7977.42)
Stacktrace:
#0 0x55ccc4b412ca <unknown>
#1 0x55ccc44a4b39 <unknown>
#2 0x55ccc448c5bb <unknown>
#3 0x55ccc448c236 <unknown>
#4 0x55ccc4489e18 <unknown>
#5 0x55ccc448a79f <unknown>
#6 0x55ccc4499880 <unknown>
#7 0x55ccc44b37b7 <unknown>
#8 0x55ccc44bb19b <unknown>
#9 0x55ccc448aef9 <unknown>
#10 0x55ccc44b3512 <unknown>
#11 0x55ccc4542b26 <unknown>
#12 0x55ccc44edecb <unknown>
#13 0x55ccc44eecb1 <unknown>
#14 0x55ccc4b057f0 <unknown>
#15 0x55ccc4b03e6a <unknown>
#16 0x55ccc4aeebb5 <unknown>
#17 0x55ccc4b04b2a <unknown>
#18 0x55ccc4ad7df0 <unknown>
#19 0x55ccc4b2c238 <unknown>
#20 0x55ccc4b2c3d5 <unknown>
#21 0x55ccc4b3fe53 <unknown>
#22 0x7fa8f809cb84 <unknown>
#23 0x7fa8f8129d6c <unknown>

2026-08-15 12:44:54,933 - ERROR - [Economic Times] All scrape strategies failed for https://economictimes.indiatimes.com/tech/technology/apple-faces-indian-engineers-bias-lawsuit/articleshow/81694292.cms. Falling back to RSS description.
2026-08-15 12:44:54,933 - WARNING - SKIPPED (GLOBAL WORD LIMIT): Article 'Apple faces Indian engineer’s bias lawsuit ' from Economic Times has only 48 words (Min: 90).
2026-08-15 12:44:56,371 - INFO - [Economic Times] Article: https://economictimes.indiatimes.com/news/defence/despite-transatlantic-love-fest-eu-charts-third-way-in-ties-with-us-and-china/articleshow/81467467.cms
2026-08-15 12:44:56,626 - INFO - [Economic Times] Attempt 1/2: Trying with 'requests_browser' strategy...
2026-08-15 12:44:56,640 - INFO - >>> SUCCESSFULLY SAVED [ID: 104937] - 266 days deployed: USS Abraham Lincoln to return home amid rising scrutiny over sailor welfare from Times of India (707 words)
2026-08-15 12:44:57,185 - INFO - [Economic Times] Success with 'requests_browser'. Found content (799 words).
2026-08-15 12:44:58,098 - INFO - [Times of India] Article: https://timesofindia.indiatimes.com/world/us/father-of-four-derrick-moore-jumped-into-a-myrtle-beach-rip-current-to-save-a-10-year-old-girl-she-survived-but-he-was-swept-away/articleshow/133261101.cms
2026-08-15 12:44:58,098 - INFO - [Times of India] Attempt 1/1: Trying with 'selenium_browser' strategy...
2026-08-15 12:45:01,006 - ERROR - Error saving article Despite transatlantic 'love fest', EU charts third way in ties with US and China - The Economic Times: Hrana: `stream error: `Error { message: "SQLite error: UNIQUE constraint failed: articles.url", code: "SQLITE_CONSTRAINT" }``
2026-08-15 12:45:01,937 - INFO - [Economic Times] Article: https://economictimes.indiatimes.com/tech/tech-bytes/twitters-india-policy-head-to-step-down-will-transition-in-march/articleshow/80732868.cms
2026-08-15 12:45:01,937 - INFO - [Economic Times] Attempt 1/2: Trying with 'requests_browser' strategy...
2026-08-15 12:45:02,292 - ERROR - parsed tree length: 1, wrong data type or not valid HTML
2026-08-15 12:45:02,292 - ERROR - empty HTML tree: None
2026-08-15 12:45:02,292 - WARNING - discarding data: None
2026-08-15 12:45:02,292 - WARNING - [Economic Times] FAILED with 'requests_browser' (content was too short: 0 words).
2026-08-15 12:45:02,426 - WARNING - [The Hindu] Page get timed out (7s). Proceeding to grab partial source anyway.
2026-08-15 12:45:02,900 - INFO - [Economic Times] Article: https://economictimes.indiatimes.com/tech/tech-bytes/twitters-india-policy-head-to-step-down-will-transition-in-march/articleshow/80732868.cms
2026-08-15 12:45:02,900 - INFO - [Economic Times] Attempt 2/2: Trying with 'selenium_browser' strategy...
2026-08-15 12:45:04,103 - INFO - [Wired] Page content loaded.
2026-08-15 12:45:07,722 - INFO - [Wired] Success with 'selenium_browser'. Found content (2184 words).
2026-08-15 12:45:10,339 - WARNING - [The Hindu] Page explicit wait timed out (3s). Proceeding anyway.
2026-08-15 12:45:10,813 - INFO - [Economic Times] Page content loaded.
2026-08-15 12:45:11,799 - ERROR - Error saving article Best Wireless Chargers (2026): My Picks After Testing 100+ | WIRED: Hrana: `stream error: `Error { message: "SQLite error: UNIQUE constraint failed: articles.url", code: "SQLITE_CONSTRAINT" }``
2026-08-15 12:45:11,871 - INFO - [Economic Times] Success with 'selenium_browser'. Found content (615 words).
2026-08-15 12:45:13,498 - INFO - [Wired] Early skip: URL https://www.wired.com/story/best-paper-planners/ already exists.
2026-08-15 12:45:13,968 - INFO - [Wired] Early skip: URL https://www.wired.com/story/ftc-strikes-deals-to-ignore-unlawful-credit-discrimination/ already exists.
2026-08-15 12:45:14,924 - INFO - [Wired] Early skip: URL https://www.wired.com/story/these-masturbation-consultants-were-hired-to-pleasure-themselves-using-ai/ already exists.
2026-08-15 12:45:14,924 - ERROR - Error saving article Twitter's India policy head, Mahima Kaul, to step down; will transition in March - The Economic Times: Hrana: `stream error: `Error { message: "SQLite error: UNIQUE constraint failed: articles.url", code: "SQLITE_CONSTRAINT" }``
2026-08-15 12:45:14,926 - INFO - [Wired] Early skip: URL https://www.wired.com/gallery/best-pixel-10-cases-and-accessories/ already exists.
2026-08-15 12:45:14,928 - INFO - [Wired] Early skip: URL https://www.wired.com/story/i-wore-a-pepper-electrical-muscle-stimulation-body-suit-to-zap-myself-into-fitness/ already exists.
2026-08-15 12:45:14,929 - INFO - [Wired] Early skip: URL https://www.wired.com/story/people-are-marrying-chatbots-these-lawmakers-want-to-stop-them/ already exists.
2026-08-15 12:45:14,931 - INFO - [Wired] Early skip: URL https://www.wired.com/galaxy-brain/ already exists.
2026-08-15 12:45:14,935 - INFO - [Wired] Early skip: URL https://www.wired.com/story/best-monitors/ already exists.
2026-08-15 12:45:14,938 - INFO - [Wired] Early skip: URL https://www.wired.com/story/brain-focused-ultrasound/ already exists.
2026-08-15 12:45:14,940 - INFO - [Wired] Early skip: URL https://www.wired.com/story/this-art-project-slows-down-citi-bikes-to-make-nycs-rent-crisis-feel-real/ already exists.
2026-08-15 12:45:14,942 - INFO - [Wired] Early skip: URL https://www.wired.com/review/dell-xps-13-2026/ already exists.
2026-08-15 12:45:14,943 - INFO - [Wired] Early skip: URL https://www.wired.com/story/real-reason-data-center-gas-power-plants-are-so-dirty/ already exists.
2026-08-15 12:45:14,945 - INFO - [Wired] Article: https://www.wired.com/story/layla-sleep-coupon/
2026-08-15 12:45:14,945 - INFO - [Wired] Attempt 1/2: Trying with 'requests_browser' strategy...
2026-08-15 12:45:15,080 - ERROR - parsed tree length: 1, wrong data type or not valid HTML
2026-08-15 12:45:15,080 - ERROR - empty HTML tree: None
2026-08-15 12:45:15,081 - WARNING - discarding data: None
2026-08-15 12:45:15,081 - WARNING - [Wired] FAILED with 'requests_browser' (content was too short: 0 words).
2026-08-15 12:45:15,885 - INFO - [Economic Times] Article: https://economictimes.indiatimes.com/tech/tech-and-gadgets/govt-may-keep-rs-7500-cr-outlay-for-it-hardware-manufacturing-under-pli-scheme/articleshow/80333429.cms
2026-08-15 12:45:15,885 - INFO - [Economic Times] Attempt 1/2: Trying with 'requests_browser' strategy...
2026-08-15 12:45:15,944 - INFO - [Wired] Article: https://www.wired.com/story/layla-sleep-coupon/
2026-08-15 12:45:15,944 - INFO - [Wired] Attempt 2/2: Trying with 'selenium_browser' strategy...
2026-08-15 12:45:16,208 - ERROR - parsed tree length: 1, wrong data type or not valid HTML
2026-08-15 12:45:16,208 - ERROR - empty HTML tree: None
2026-08-15 12:45:16,208 - WARNING - discarding data: None
2026-08-15 12:45:16,208 - WARNING - [Economic Times] FAILED with 'requests_browser' (content was too short: 0 words).
2026-08-15 12:45:16,883 - INFO - [Economic Times] Article: https://economictimes.indiatimes.com/tech/tech-and-gadgets/govt-may-keep-rs-7500-cr-outlay-for-it-hardware-manufacturing-under-pli-scheme/articleshow/80333429.cms
2026-08-15 12:45:16,883 - INFO - [Economic Times] Attempt 2/2: Trying with 'selenium_browser' strategy...
2026-08-15 12:45:17,367 - ERROR - [The Hindu] Request failed for strategy 'selenium_browser' on URL https://www.thehindu.com/news/national/assam/avoid-blame-game-on-assam-floods-says-nagaland-coal-miners-body/article71348721.ece: Message: timeout: Timed out receiving message from renderer: 7.000
  (Session info: chrome=152.0.7977.42)
Stacktrace:
#0 0x55f6aa4382ca <unknown>
#1 0x55f6a9d9bb39 <unknown>
#2 0x55f6a9d835bb <unknown>
#3 0x55f6a9d83236 <unknown>
#4 0x55f6a9d80e18 <unknown>
#5 0x55f6a9d8179f <unknown>
#6 0x55f6a9d90880 <unknown>
#7 0x55f6a9daa7b7 <unknown>
#8 0x55f6a9db219b <unknown>
#9 0x55f6a9d81ef9 <unknown>
#10 0x55f6a9daa512 <unknown>
#11 0x55f6a9e39b26 <unknown>
#12 0x55f6a9de4ecb <unknown>
#13 0x55f6a9de5cb1 <unknown>
#14 0x55f6aa3fc7f0 <unknown>
#15 0x55f6aa3fae6a <unknown>
#16 0x55f6aa3e5bb5 <unknown>
#17 0x55f6aa3fbb2a <unknown>
#18 0x55f6aa3cedf0 <unknown>
#19 0x55f6aa423238 <unknown>
#20 0x55f6aa4233d5 <unknown>
#21 0x55f6aa436e53 <unknown>
#22 0x7ff02389cb84 <unknown>
#23 0x7ff023929d6c <unknown>

2026-08-15 12:45:17,367 - ERROR - [The Hindu] All scrape strategies failed for https://www.thehindu.com/news/national/assam/avoid-blame-game-on-assam-floods-says-nagaland-coal-miners-body/article71348721.ece. Falling back to RSS description.
2026-08-15 12:45:17,367 - WARNING - SKIPPED (GLOBAL WORD LIMIT): Article 'Avoid blame game on Assam floods, says Nagaland coal miners’ body' from The Hindu has only 26 words (Min: 90).
2026-08-15 12:45:18,521 - INFO - [The Hindu] Early skip: URL https://www.thehindu.com/society/india-independence-day-2026-jagat-murari-ftii-rebels/article71336472.ece already exists.
2026-08-15 12:45:18,522 - INFO - [The Hindu] Early skip: URL https://www.thehindu.com/news/national/kerala/keralas-chokramudi-hills-to-open-for-tourists-as-neelakurinji-blooms-paint-munnar-blue/article71348728.ece already exists.
2026-08-15 12:45:18,528 - INFO - [The Hindu] Article: https://www.thehindu.com/news/national/kerala/ahead-of-onam-kerala-police-seize-3030-litres-of-illicit-spirit-in-thrissur/article71348702.ece
2026-08-15 12:45:18,528 - INFO - [The Hindu] Attempt 1/1: Trying with 'selenium_browser' strategy...
2026-08-15 12:45:24,290 - INFO - [Economic Times] Page content loaded.
2026-08-15 12:45:24,680 - INFO - [Times of India] Page content loaded.
2026-08-15 12:45:24,903 - INFO - [Economic Times] Success with 'selenium_browser'. Found content (481 words).
2026-08-15 12:45:26,307 - INFO - [Wired] Page content loaded.
2026-08-15 12:45:29,422 - ERROR - Error saving article Govt may keep Rs 7,500 cr outlay for IT hardware manufacturing under PLI scheme - The Economic Times: Hrana: `stream error: `Error { message: "SQLite error: UNIQUE constraint failed: articles.url", code: "SQLITE_CONSTRAINT" }``
2026-08-15 12:45:29,462 - INFO - [Times of India] Success with 'selenium_browser'. Found content (619 words).
2026-08-15 12:45:30,196 - INFO - [Wired] Success with 'selenium_browser'. Found content (482 words).
2026-08-15 12:45:30,687 - INFO - [Economic Times] Article: https://economictimes.indiatimes.com/tech/technology/indian-dating-apps-services-see-surge-of-paying-users-in-small-cities/articleshow/80063342.cms
2026-08-15 12:45:30,687 - INFO - [Economic Times] Attempt 1/2: Trying with 'requests_browser' strategy...
2026-08-15 12:45:33,968 - WARNING - [The Hindu] Page get timed out (7s). Proceeding to grab partial source anyway.
2026-08-15 12:45:33,971 - ERROR - parsed tree length: 1, wrong data type or not valid HTML
2026-08-15 12:45:33,971 - ERROR - empty HTML tree: None
2026-08-15 12:45:33,971 - WARNING - discarding data: None
2026-08-15 12:45:33,971 - WARNING - [Economic Times] FAILED with 'requests_browser' (content was too short: 0 words).
2026-08-15 12:45:33,971 - INFO - >>> SUCCESSFULLY SAVED [ID: 104942] - Father of four Derrick Moore jumped into a Myrtle Beach rip current to save a 10-year-old girl; she survived, but he was swept away from Times of India (619 words)
2026-08-15 12:45:35,511 - INFO - [Times of India] Article: https://timesofindia.indiatimes.com/science/organisms-living-inside-the-gut-of-psychopaths-could-be-the-drivers-of-bad-sinful-behaviour-and-conduct-claim-scientists/articleshow/133260343.cms
2026-08-15 12:45:35,511 - INFO - [Economic Times] Article: https://economictimes.indiatimes.com/tech/technology/indian-dating-apps-services-see-surge-of-paying-users-in-small-cities/articleshow/80063342.cms
2026-08-15 12:45:35,975 - INFO - [Economic Times] Attempt 2/2: Trying with 'selenium_browser' strategy...
2026-08-15 12:45:35,975 - INFO - [Times of India] Attempt 1/1: Trying with 'selenium_browser' strategy...
2026-08-15 12:45:36,950 - ERROR - Error saving article Layla Sleep Coupon: Save Up to $600 in August 2026 | WIRED: Hrana: `stream error: `Error { message: "SQLite error: UNIQUE constraint failed: articles.url", code: "SQLITE_CONSTRAINT" }``
2026-08-15 12:45:38,270 - INFO - [Wired] Article: https://www.wired.com/story/office-depot-promo-codes/
2026-08-15 12:45:38,270 - INFO - [Wired] Attempt 1/2: Trying with 'requests_browser' strategy...
2026-08-15 12:45:38,465 - ERROR - parsed tree length: 1, wrong data type or not valid HTML
2026-08-15 12:45:38,465 - ERROR - empty HTML tree: None
2026-08-15 12:45:38,465 - WARNING - discarding data: None
2026-08-15 12:45:38,466 - WARNING - [Wired] FAILED with 'requests_browser' (content was too short: 0 words).
2026-08-15 12:45:38,791 - INFO - [Economic Times] Page content loaded.
2026-08-15 12:45:39,225 - WARNING - [Economic Times] FAILED with 'selenium_browser' (content was too short: 84 words).
2026-08-15 12:45:39,225 - ERROR - [Economic Times] All scrape strategies failed for https://economictimes.indiatimes.com/tech/technology/indian-dating-apps-services-see-surge-of-paying-users-in-small-cities/articleshow/80063342.cms. Falling back to RSS description.
2026-08-15 12:45:39,225 - WARNING - SKIPPED (GLOBAL WORD LIMIT): Article 'Indian dating apps, services see surge of paying users in small cities ' from Economic Times has only 54 words (Min: 90).
2026-08-15 12:45:39,407 - INFO - [Wired] Article: https://www.wired.com/story/office-depot-promo-codes/
2026-08-15 12:45:39,407 - INFO - [Wired] Attempt 2/2: Trying with 'selenium_browser' strategy...
2026-08-15 12:45:40,028 - INFO - [Economic Times] Article: https://economictimes.indiatimes.com/tech/technology/time-for-govt-cos-to-adopt-ai-deloitte-india/articleshow/79981215.cms
2026-08-15 12:45:40,028 - INFO - [Economic Times] Attempt 1/2: Trying with 'requests_browser' strategy...
2026-08-15 12:45:40,356 - ERROR - parsed tree length: 1, wrong data type or not valid HTML
2026-08-15 12:45:40,357 - ERROR - empty HTML tree: None
2026-08-15 12:45:40,357 - WARNING - discarding data: None
2026-08-15 12:45:40,357 - WARNING - [Economic Times] FAILED with 'requests_browser' (content was too short: 0 words).
2026-08-15 12:45:40,870 - INFO - [Economic Times] Article: https://economictimes.indiatimes.com/tech/technology/time-for-govt-cos-to-adopt-ai-deloitte-india/articleshow/79981215.cms
2026-08-15 12:45:40,870 - INFO - [Economic Times] Attempt 2/2: Trying with 'selenium_browser' strategy...
2026-08-15 12:45:41,012 - WARNING - [The Hindu] Page explicit wait timed out (3s). Proceeding anyway.
2026-08-15 12:45:43,670 - INFO - [Economic Times] Page content loaded.
2026-08-15 12:45:44,847 - WARNING - [Economic Times] FAILED with 'selenium_browser' (content was too short: 74 words).
2026-08-15 12:45:44,847 - ERROR - [Economic Times] All scrape strategies failed for https://economictimes.indiatimes.com/tech/technology/time-for-govt-cos-to-adopt-ai-deloitte-india/articleshow/79981215.cms. Falling back to RSS description.
2026-08-15 12:45:44,847 - WARNING - SKIPPED (GLOBAL WORD LIMIT): Article 'Time for government, companies to adopt artificial intelligence: Deloitte India ' from Economic Times has only 49 words (Min: 90).
2026-08-15 12:45:45,300 - WARNING - [Times of India] Page explicit wait timed out (3s). Proceeding anyway.
2026-08-15 12:45:46,126 - INFO - [Economic Times] Article: https://economictimes.indiatimes.com/news/international/world-news/trump-announces-a-deal-for-hamas-to-disarm-in-gaza-but-many-hurdles-and-uncertainty-remain/articleshow/132753009.cms
2026-08-15 12:45:46,126 - INFO - [Economic Times] Attempt 1/2: Trying with 'requests_browser' strategy...
2026-08-15 12:45:46,565 - INFO - [Economic Times] Success with 'requests_browser'. Found content (1285 words).
2026-08-15 12:45:46,651 - WARNING - [Al Jazeera] Page get timed out (7s). Proceeding to grab partial source anyway.
2026-08-15 12:45:48,362 - ERROR - [The Hindu] Request failed for strategy 'selenium_browser' on URL https://www.thehindu.com/news/national/kerala/ahead-of-onam-kerala-police-seize-3030-litres-of-illicit-spirit-in-thrissur/article71348702.ece: Message: timeout: Timed out receiving message from renderer: 7.000
  (Session info: chrome=152.0.7977.42)
Stacktrace:
#0 0x55f6aa4382ca <unknown>
#1 0x55f6a9d9bb39 <unknown>
#2 0x55f6a9d82255 <unknown>
#3 0x55f6a9daa01b <unknown>
#4 0x55f6a9e39b26 <unknown>
#5 0x55f6a9de4ecb <unknown>
#6 0x55f6a9de5cb1 <unknown>
#7 0x55f6aa3fc7f0 <unknown>
#8 0x55f6aa3fae6a <unknown>
#9 0x55f6aa3e5bb5 <unknown>
#10 0x55f6aa3fbb2a <unknown>
#11 0x55f6aa3cedf0 <unknown>
#12 0x55f6aa423238 <unknown>
#13 0x55f6aa4233d5 <unknown>
#14 0x55f6aa436e53 <unknown>
#15 0x7ff02389cb84 <unknown>
#16 0x7ff023929d6c <unknown>

2026-08-15 12:45:48,363 - ERROR - [The Hindu] All scrape strategies failed for https://www.thehindu.com/news/national/kerala/ahead-of-onam-kerala-police-seize-3030-litres-of-illicit-spirit-in-thrissur/article71348702.ece. Falling back to RSS description.
2026-08-15 12:45:48,363 - WARNING - SKIPPED (GLOBAL WORD LIMIT): Article 'Ahead of Onam, Kerala Police seize 3,030 litres of illicit spirit in Thrissur' from The Hindu has only 19 words (Min: 90).
2026-08-15 12:45:48,363 - INFO - [Wired] Page content loaded.
2026-08-15 12:45:49,808 - INFO - [The Hindu] Early skip: URL https://www.thehindu.com/news/national/tamil-nadu/scores-of-palaniswamis-supporters-join-stir-aiadmk-rebels-suffer-split/article71346386.ece already exists.
2026-08-15 12:45:49,809 - ERROR - Error saving article Trump announces a deal for Hamas to disarm in Gaza, but many hurdles and uncertainty remain - The Economic Times: Hrana: `stream error: `Error { message: "SQLite error: UNIQUE constraint failed: articles.url", code: "SQLITE_CONSTRAINT" }``
2026-08-15 12:45:49,815 - INFO - [The Hindu] (Thread) Finished. Attempting to shut down its Selenium driver.
2026-08-15 12:45:49,820 - WARNING - [Al Jazeera] Page explicit wait timed out (3s). Proceeding anyway.
2026-08-15 12:45:49,841 - WARNING - [Al Jazeera] FAILED with 'selenium_browser' (content was too short: 18 words).
2026-08-15 12:45:49,842 - ERROR - [Al Jazeera] All scrape strategies failed for https://www.aljazeera.com/video/newsfeed/2026/8/15/south-koreas-president-wants-talks-with-north-to-end-korean-war?traffic_source=rss. Falling back to RSS description.
2026-08-15 12:45:49,842 - WARNING - SKIPPED (GLOBAL WORD LIMIT): Article 'South Korea’s president wants talks with North to end Korean War' from Al Jazeera has only 18 words (Min: 90).
2026-08-15 12:45:49,979 - INFO - [The Hindu] (Thread) driver.quit() successful.
2026-08-15 12:45:50,001 - INFO - [Wired] Success with 'selenium_browser'. Found content (1098 words).
2026-08-15 12:45:50,036 - INFO - [Times of India] Success with 'selenium_browser'. Found content (706 words).
2026-08-15 12:45:51,791 - INFO - [Economic Times] Article: https://economictimes.indiatimes.com/news/new-updates/in-1943-us-built-an-entire-city-and-it-didnt-exist-on-a-single-map/articleshow/132659427.cms
2026-08-15 12:45:52,259 - INFO - [Economic Times] Attempt 1/2: Trying with 'requests_browser' strategy...
2026-08-15 12:45:52,259 - INFO - [Al Jazeera] Early skip: URL https://www.aljazeera.com/economy/2026/8/15/small-scale-projects-offer-hope-for-gaza-farmers-rebuilding-lives?traffic_source=rss already exists.
2026-08-15 12:45:52,278 - INFO - [Al Jazeera] Early skip: URL https://www.aljazeera.com/news/2026/8/15/how-a-sudanese-refugee-became-a-head-teacher-in-a-chadian-camp?traffic_source=rss already exists.
2026-08-15 12:45:53,223 - INFO - [Al Jazeera] Article: https://www.aljazeera.com/video/newsfeed/2026/8/15/08-15-26-morocco-ceuta-foritfication-clip-mp4?traffic_source=rss
2026-08-15 12:45:53,223 - INFO - [Al Jazeera] Attempt 1/2: Trying with 'requests_browser' strategy...
2026-08-15 12:45:53,242 - ERROR - Error saving article Office Depot Coupons: Save With Promo Codes in August 2026 | WIRED: Hrana: `stream error: `Error { message: "SQLite error: UNIQUE constraint failed: articles.url", code: "SQLITE_CONSTRAINT" }``
2026-08-15 12:45:53,380 - WARNING - [Al Jazeera] FAILED with 'requests_browser' (content was too short: 66 words).
2026-08-15 12:45:53,473 - INFO - [Economic Times] Success with 'requests_browser'. Found content (688 words).
2026-08-15 12:45:55,202 - INFO - [Al Jazeera] Article: https://www.aljazeera.com/video/newsfeed/2026/8/15/08-15-26-morocco-ceuta-foritfication-clip-mp4?traffic_source=rss
2026-08-15 12:45:55,202 - INFO - [Al Jazeera] Attempt 2/2: Trying with 'selenium_browser' strategy...
2026-08-15 12:45:55,204 - INFO - [Wired] Article: https://www.wired.com/story/hellofresh-coupon/
2026-08-15 12:45:55,204 - INFO - [Wired] Attempt 1/2: Trying with 'requests_browser' strategy...
2026-08-15 12:45:56,936 - INFO - >>> SUCCESSFULLY SAVED [ID: 104946] - Organisms living inside the gut of psychopaths could be the drivers of bad, sinful behaviour and conduct, claim scientists from Times of India (706 words)
2026-08-15 12:45:56,950 - ERROR - parsed tree length: 1, wrong data type or not valid HTML
2026-08-15 12:45:56,950 - ERROR - empty HTML tree: None
2026-08-15 12:45:56,951 - WARNING - discarding data: None
2026-08-15 12:45:56,951 - WARNING - [Wired] FAILED with 'requests_browser' (content was too short: 0 words).
2026-08-15 12:45:58,529 - INFO - [Wired] Article: https://www.wired.com/story/hellofresh-coupon/
2026-08-15 12:45:59,001 - INFO - [Wired] Attempt 2/2: Trying with 'selenium_browser' strategy...
2026-08-15 12:45:58,531 - INFO - [Times of India] Article: https://timesofindia.indiatimes.com/science/newfoundland-introduced-moose-in-1878-today-the-population-of-11000-is-on-the-verge-of-eradicating-the-islands-forests/articleshow/133259962.cms
2026-08-15 12:45:59,939 - INFO - [Al Jazeera] Page content loaded.
2026-08-15 12:45:59,939 - ERROR - Error saving article In 1943, US built an entire city, and it didn't exist on a single map - The Economic Times: Hrana: `stream error: `Error { message: "SQLite error: UNIQUE constraint failed: articles.url", code: "SQLITE_CONSTRAINT" }``
2026-08-15 12:45:59,939 - INFO - [Times of India] Attempt 1/1: Trying with 'selenium_browser' strategy...
2026-08-15 12:46:00,113 - WARNING - [Al Jazeera] FAILED with 'selenium_browser' (content was too short: 66 words).
2026-08-15 12:46:00,114 - ERROR - [Al Jazeera] All scrape strategies failed for https://www.aljazeera.com/video/newsfeed/2026/8/15/08-15-26-morocco-ceuta-foritfication-clip-mp4?traffic_source=rss. Falling back to RSS description.
2026-08-15 12:46:00,114 - WARNING - SKIPPED (GLOBAL WORD LIMIT): Article 'Morocco boosts Ceuta security amid calls for mass migrant crossing' from Al Jazeera has only 19 words (Min: 90).
2026-08-15 12:46:00,890 - INFO - [Al Jazeera] Article: https://www.aljazeera.com/video/newsfeed/2026/8/15/on-the-ground-in-indonesia-following-7-7-magnitude-earthquake?traffic_source=rss
2026-08-15 12:46:00,890 - INFO - [Al Jazeera] Attempt 1/2: Trying with 'requests_browser' strategy...
2026-08-15 12:46:00,954 - WARNING - [Al Jazeera] FAILED with 'requests_browser' (content was too short: 60 words).
2026-08-15 12:46:01,315 - INFO - [Economic Times] Article: https://economictimes.indiatimes.com/news/new-updates/humans-have-a-third-eye-in-the-brain-study-links-it-to-a-600-million-year-old-cyclops-ancestor/articleshow/132655441.cms
2026-08-15 12:46:01,315 - INFO - [Economic Times] Attempt 1/2: Trying with 'requests_browser' strategy...
2026-08-15 12:46:01,760 - INFO - [Economic Times] Success with 'requests_browser'. Found content (593 words).
2026-08-15 12:46:01,803 - INFO - [Al Jazeera] Article: https://www.aljazeera.com/video/newsfeed/2026/8/15/on-the-ground-in-indonesia-following-7-7-magnitude-earthquake?traffic_source=rss
2026-08-15 12:46:01,803 - INFO - [Al Jazeera] Attempt 2/2: Trying with 'selenium_browser' strategy...
2026-08-15 12:46:05,316 - INFO - [Wired] Page content loaded.
2026-08-15 12:46:05,318 - ERROR - Error saving article Humans have a 'third eye' in the brain: Study links it to a 600-million-year-old Cyclops ancestor - The Economic Times: Hrana: `stream error: `Error { message: "SQLite error: UNIQUE constraint failed: articles.url", code: "SQLITE_CONSTRAINT" }``
2026-08-15 12:46:06,431 - INFO - [Wired] Success with 'selenium_browser'. Found content (1253 words).
2026-08-15 12:46:06,802 - INFO - [Economic Times] Article: https://economictimes.indiatimes.com/news/new-updates/1500-ships-trapped-in-gulf-of-hormuz-is-quietly-multiplying-an-underwater-army-that-could-unleash-worlds-biggest-bioinvasion-event/articleshow/132595366.cms
2026-08-15 12:46:06,802 - INFO - [Economic Times] Attempt 1/2: Trying with 'requests_browser' strategy...
2026-08-15 12:46:09,709 - ERROR - Error saving article HelloFresh Promo Codes: 55% Off for August 2026 | WIRED: Hrana: `stream error: `Error { message: "SQLite error: UNIQUE constraint failed: articles.url", code: "SQLITE_CONSTRAINT" }``
2026-08-15 12:46:09,768 - INFO - [Economic Times] Success with 'requests_browser'. Found content (687 words).
2026-08-15 12:46:11,463 - INFO - [Wired] Article: https://www.wired.com/story/columbia-promo-code/
2026-08-15 12:46:11,463 - INFO - [Wired] Attempt 1/2: Trying with 'requests_browser' strategy...
2026-08-15 12:46:12,902 - INFO - [Al Jazeera] Page content loaded.
2026-08-15 12:46:12,903 - INFO - [Times of India] Page content loaded.
2026-08-15 12:46:12,903 - ERROR - Error saving article 1,500 ships trapped in Gulf of Hormuz are quietly multiplying an underwater army that could unleash World's biggest bioinvasion event - The Economic Times: Hrana: `stream error: `Error { message: "SQLite error: UNIQUE constraint failed: articles.url", code: "SQLITE_CONSTRAINT" }``
2026-08-15 12:46:12,933 - ERROR - parsed tree length: 1, wrong data type or not valid HTML
2026-08-15 12:46:12,933 - ERROR - empty HTML tree: None
2026-08-15 12:46:12,933 - WARNING - discarding data: None
2026-08-15 12:46:12,933 - WARNING - [Wired] FAILED with 'requests_browser' (content was too short: 0 words).
2026-08-15 12:46:13,429 - WARNING - [Al Jazeera] FAILED with 'selenium_browser' (content was too short: 60 words).
2026-08-15 12:46:13,429 - ERROR - [Al Jazeera] All scrape strategies failed for https://www.aljazeera.com/video/newsfeed/2026/8/15/on-the-ground-in-indonesia-following-7-7-magnitude-earthquake?traffic_source=rss. Falling back to RSS description.
2026-08-15 12:46:13,430 - WARNING - SKIPPED (GLOBAL WORD LIMIT): Article 'On the ground in Indonesia following 7.7 magnitude earthquake' from Al Jazeera has only 16 words (Min: 90).
2026-08-15 12:46:13,571 - INFO - [Wired] Article: https://www.wired.com/story/columbia-promo-code/
2026-08-15 12:46:13,571 - INFO - [Wired] Attempt 2/2: Trying with 'selenium_browser' strategy...
2026-08-15 12:46:14,252 - INFO - [Economic Times] Article: https://economictimes.indiatimes.com/news/new-updates/argentina-vs-spain-fifa-world-cup-final-to-be-replayed-petition-for-a-rematch-crosses-60000-signatures/articleshow/132576024.cms
2026-08-15 12:46:14,254 - INFO - [Economic Times] Attempt 1/2: Trying with 'requests_browser' strategy...
2026-08-15 12:46:14,647 - INFO - [Al Jazeera] Early skip: URL https://www.aljazeera.com/economy/2026/8/15/taiwan-passes-defence-budget-after-record-delay-retains-drone-funding?traffic_source=rss already exists.
2026-08-15 12:46:14,650 - INFO - [Al Jazeera] Early skip: URL https://www.aljazeera.com/news/2026/8/15/iran-says-no-decision-yet-on-a-return-to-talks-with-the-us?traffic_source=rss already exists.
2026-08-15 12:46:14,653 - INFO - [Al Jazeera] (Thread) Finished. Attempting to shut down its Selenium driver.
2026-08-15 12:46:14,879 - INFO - [Economic Times] Success with 'requests_browser'. Found content (228 words).
2026-08-15 12:46:15,020 - INFO - [Al Jazeera] (Thread) driver.quit() successful.
2026-08-15 12:46:18,017 - ERROR - Error saving article Argentina vs Spain FIFA World Cup Final to be replayed? Petition for a rematch crosses 60,000 signatures - The Economic Times: Hrana: `stream error: `Error { message: "SQLite error: UNIQUE constraint failed: articles.url", code: "SQLITE_CONSTRAINT" }``
2026-08-15 12:46:18,024 - INFO - [Wired] Page content loaded.
2026-08-15 12:46:18,100 - INFO - [Times of India] Success with 'selenium_browser'. Found content (744 words).
2026-08-15 12:46:19,682 - INFO - [Economic Times] Article: https://economictimes.indiatimes.com/news/new-updates/he-baked-potato-in-aluminium-foil-and-ate-it-next-morning-after-microwaving-it-hours-later-he-was-paralysed-doctor-explains-why/articleshow/132574269.cms
2026-08-15 12:46:20,147 - INFO - [Economic Times] Attempt 1/2: Trying with 'requests_browser' strategy...
2026-08-15 12:46:21,338 - INFO - >>> SUCCESSFULLY SAVED [ID: 104952] - Newfoundland introduced moose in 1878, today, the population of 11,000 is on the verge of eradicating the island's forests from Times of India (744 words)
2026-08-15 12:46:21,355 - INFO - [Wired] Success with 'selenium_browser'. Found content (682 words).
2026-08-15 12:46:21,426 - INFO - [Economic Times] Success with 'requests_browser'. Found content (558 words).
2026-08-15 12:46:23,374 - INFO - [Times of India] Early skip: URL https://timesofindia.indiatimes.com/world/china/china-completes-installation-of-15927-mirrors-concentrating-heat-at-1040-f-at-worlds-highest-solar-thermal-plant-will-power-50000-homes-while-saving-60000-tons-of-coal-annually/articleshow/133258203.cms already exists.
2026-08-15 12:46:24,314 - INFO - [Times of India] Early skip: URL https://timesofindia.indiatimes.com/world/uk/tragedy-on-so-many-levels-pm-burnham-on-death-of-former-cambridge-professor-jason-arday/articleshow/133260971.cms already exists.
2026-08-15 12:46:24,314 - ERROR - Error saving article Columbia Promo Codes: 15% Off | August 2026 | WIRED: Hrana: `stream error: `Error { message: "SQLite error: UNIQUE constraint failed: articles.url", code: "SQLITE_CONSTRAINT" }``
2026-08-15 12:46:24,316 - INFO - [Times of India] Early skip: URL https://timesofindia.indiatimes.com/world/rest-of-world/7-7-magnitude-earthquake-hits-indonesia-38-killed-buildings-collapse-5-visuals-of-devastation/articleshow/133260331.cms already exists.
2026-08-15 12:46:24,318 - INFO - [Times of India] Early skip: URL https://timesofindia.indiatimes.com/real-estate/news/uk-searches-for-homes-with-air-conditioning-jump-104-as-heatwaves-intensify/articleshow/133260877.cms already exists.
2026-08-15 12:46:24,319 - INFO - [Times of India] Early skip: URL https://timesofindia.indiatimes.com/world/uk/uk-pm-andy-burnham-announces-65m-support-package-for-farmers-hit-by-drought/articleshow/133260516.cms already exists.
2026-08-15 12:46:24,320 - INFO - [Times of India] Early skip: URL https://timesofindia.indiatimes.com/world/europe/ukraine-strikes-russian-aerospace-facility-and-mig-31-base-in-overnight-attacks/articleshow/133260276.cms already exists.
2026-08-15 12:46:24,321 - INFO - [Times of India] Early skip: URL https://timesofindia.indiatimes.com/world/rest-of-world/in-1958-58-feral-pigs-were-removed-from-clipperton-island-helping-a-seabird-colony-grow-from-650-to-more-than-137000/articleshow/133259630.cms already exists.
2026-08-15 12:46:24,323 - INFO - [Times of India] Early skip: URL https://timesofindia.indiatimes.com/world/europe/jellyfish-turned-into-an-unexpected-threat-to-frances-gravelines-nuclear-plant-after-a-huge-swarm-clogged-its-cooling-system/articleshow/133259246.cms already exists.
2026-08-15 12:46:24,324 - INFO - [Times of India] Early skip: URL https://timesofindia.indiatimes.com/world/europe/the-ground-beneath-394-foot-wind-turbines-in-poland-became-unexpected-nesting-and-feeding-grounds-for-wild-bees-in-farmland/articleshow/133259052.cms already exists.
2026-08-15 12:46:24,325 - INFO - [Times of India] Early skip: URL https://timesofindia.indiatimes.com/world/us/in-1872-the-lac-la-belle-sank-in-a-lake-michigan-storm-but-its-wreck-stayed-hidden-until-a-60-year-search-finally-paid-off/articleshow/133258455.cms already exists.
2026-08-15 12:46:24,326 - INFO - [Times of India] Early skip: URL https://timesofindia.indiatimes.com/world/rest-of-world/the-sahara-once-held-a-lake-48-larger-than-all-five-great-lakes-combined-but-mega-chad-vanished-about-5000-years-ago/articleshow/133258726.cms already exists.
2026-08-15 12:46:24,327 - INFO - [Times of India] Early skip: URL https://timesofindia.indiatimes.com/world/uk/24-year-old-archaeology-enthusiast-helps-uncover-a-3700-year-old-stone-circle-hidden-in-an-english-forest/articleshow/133258725.cms already exists.
2026-08-15 12:46:24,329 - INFO - [Times of India] Early skip: URL https://timesofindia.indiatimes.com/world/us/a-small-texas-reactor-reached-criticality-in-under-a-year-aiming-to-produce-medical-isotopes-that-us-hospitals-now-import/articleshow/133258459.cms already exists.
2026-08-15 12:46:24,330 - INFO - [Times of India] Early skip: URL https://timesofindia.indiatimes.com/world/us/a-connecticut-cemetery-leased-unused-land-for-7000-solar-panels-but-the-ground-beneath-them-could-become-habitat-for-bees-and-pollinators/articleshow/133258460.cms already exists.
2026-08-15 12:46:24,331 - INFO - [Times of India] Early skip: URL https://timesofindia.indiatimes.com/world/us/meet-vera-wang-the-hawaii-high-school-senior-who-built-a-coconut-based-ocean-filter-as-a-sophomore-two-years-later-she-found-fungi-in-coconut-husks-that-can-biodegrade-plastic-and-sunscreen/articleshow/133257660.cms already exists.
2026-08-15 12:46:24,332 - INFO - [Times of India] (Thread) Finished. Attempting to shut down its Selenium driver.
2026-08-15 12:46:25,875 - INFO - [Wired] Article: https://www.wired.com/story/pura-promo-code/
2026-08-15 12:46:26,341 - INFO - [Wired] Attempt 1/2: Trying with 'requests_browser' strategy...
2026-08-15 12:46:27,292 - ERROR - Error saving article He baked potato in aluminium foil, and ate it next morning after microwaving. Hours later, he was paralysed, doctor explains why - The Economic Times: Hrana: `stream error: `Error { message: "SQLite error: UNIQUE constraint failed: articles.url", code: "SQLITE_CONSTRAINT" }``
2026-08-15 12:46:27,298 - INFO - [Times of India] (Thread) driver.quit() successful.
2026-08-15 12:46:27,302 - ERROR - parsed tree length: 1, wrong data type or not valid HTML
2026-08-15 12:46:27,302 - ERROR - empty HTML tree: None
2026-08-15 12:46:27,302 - WARNING - discarding data: None
2026-08-15 12:46:27,302 - WARNING - [Wired] FAILED with 'requests_browser' (content was too short: 0 words).
2026-08-15 12:46:27,902 - INFO - [Wired] Article: https://www.wired.com/story/pura-promo-code/
2026-08-15 12:46:27,902 - INFO - [Wired] Attempt 2/2: Trying with 'selenium_browser' strategy...
2026-08-15 12:46:28,207 - INFO - [Economic Times] Article: https://economictimes.indiatimes.com/news/elections/assembly-elections/assam/done-deal-cm-himanta-biswa-sarma-on-nda-seat-sharing-for-assam-polls/articleshow/128678098.cms
2026-08-15 12:46:28,207 - INFO - [Economic Times] Attempt 1/2: Trying with 'requests_browser' strategy...
2026-08-15 12:46:28,501 - INFO - [Economic Times] Success with 'requests_browser'. Found content (518 words).
2026-08-15 12:46:31,437 - ERROR - Error saving article 'Done deal': CM Himanta Biswa Sarma on NDA seat-sharing for Assam polls - The Economic Times: Hrana: `stream error: `Error { message: "SQLite error: UNIQUE constraint failed: articles.url", code: "SQLITE_CONSTRAINT" }``
2026-08-15 12:46:31,441 - INFO - [Wired] Page content loaded.
2026-08-15 12:46:31,650 - INFO - [Wired] Success with 'selenium_browser'. Found content (582 words).
2026-08-15 12:46:33,172 - INFO - [Economic Times] Article: https://economictimes.indiatimes.com/news/elections/assembly-elections/bihar/rare-intensive-revision-in-bihar-four-months-before-polls/articleshow/122167501.cms
2026-08-15 12:46:33,642 - INFO - [Economic Times] Attempt 1/2: Trying with 'requests_browser' strategy...
2026-08-15 12:46:34,579 - ERROR - Error saving article Pura Promo Codes: $20 Off August 2026 | WIRED: Hrana: `stream error: `Error { message: "SQLite error: UNIQUE constraint failed: articles.url", code: "SQLITE_CONSTRAINT" }``
2026-08-15 12:46:35,321 - INFO - [Economic Times] Success with 'requests_browser'. Found content (864 words).
2026-08-15 12:46:36,825 - INFO - [Wired] Article: https://www.wired.com/story/babbel-promo-code/
2026-08-15 12:46:37,294 - INFO - [Wired] Attempt 1/2: Trying with 'requests_browser' strategy...
2026-08-15 12:46:38,231 - ERROR - Error saving article Rare 'intensive' revision in Bihar four months before polls - The Economic Times: Hrana: `stream error: `Error { message: "SQLite error: UNIQUE constraint failed: articles.url", code: "SQLITE_CONSTRAINT" }``
2026-08-15 12:46:38,241 - ERROR - parsed tree length: 1, wrong data type or not valid HTML
2026-08-15 12:46:38,241 - ERROR - empty HTML tree: None
2026-08-15 12:46:38,241 - WARNING - discarding data: None
2026-08-15 12:46:38,241 - WARNING - [Wired] FAILED with 'requests_browser' (content was too short: 0 words).
2026-08-15 12:46:39,068 - INFO - [Economic Times] Article: https://economictimes.indiatimes.com/news/elections/assembly-elections/delhi/bjp-accuses-kejriwal-of-sending-voters-hoax-calls-to-mislead/articleshow/117579007.cms
2026-08-15 12:46:39,068 - INFO - [Economic Times] Attempt 1/2: Trying with 'requests_browser' strategy...
2026-08-15 12:46:39,096 - INFO - [Wired] Article: https://www.wired.com/story/babbel-promo-code/
2026-08-15 12:46:39,096 - INFO - [Wired] Attempt 2/2: Trying with 'selenium_browser' strategy...
2026-08-15 12:46:39,363 - INFO - [Economic Times] Success with 'requests_browser'. Found content (550 words).
2026-08-15 12:46:42,316 - ERROR - Error saving article BJP accuses Kejriwal of sending voters hoax calls to mislead - The Economic Times: Hrana: `stream error: `Error { message: "SQLite error: UNIQUE constraint failed: articles.url", code: "SQLITE_CONSTRAINT" }``
2026-08-15 12:46:42,321 - INFO - [Wired] Page content loaded.
2026-08-15 12:46:42,523 - INFO - [Wired] Success with 'selenium_browser'. Found content (727 words).
2026-08-15 12:46:44,052 - INFO - [Economic Times] Article: https://economictimes.indiatimes.com/news/elections/lok-sabha/india/lok-sabha-election-2024-maharashtra-get-interesting-after-splits-in-shiv-sena-ncp/articleshow/108559788.cms
2026-08-15 12:46:44,527 - INFO - [Economic Times] Attempt 1/2: Trying with 'requests_browser' strategy...
2026-08-15 12:46:45,466 - ERROR - Error saving article Babbel Promo Code: Up to 65% Off in August 2026 | WIRED: Hrana: `stream error: `Error { message: "SQLite error: UNIQUE constraint failed: articles.url", code: "SQLITE_CONSTRAINT" }``
2026-08-15 12:46:45,485 - INFO - [Economic Times] Success with 'requests_browser'. Found content (1442 words).
2026-08-15 12:46:46,980 - INFO - [Wired] Article: https://www.wired.com/story/acer-promo-code/
2026-08-15 12:46:47,446 - INFO - [Wired] Attempt 1/2: Trying with 'requests_browser' strategy...
2026-08-15 12:46:48,383 - ERROR - Error saving article Lok Sabha election 2024: Maharashtra get interesting after splits in Shiv Sena, NCP - The Economic Times: Hrana: `stream error: `Error { message: "SQLite error: UNIQUE constraint failed: articles.url", code: "SQLITE_CONSTRAINT" }``
2026-08-15 12:46:48,498 - ERROR - parsed tree length: 1, wrong data type or not valid HTML
2026-08-15 12:46:48,498 - ERROR - empty HTML tree: None
2026-08-15 12:46:48,498 - WARNING - discarding data: None
2026-08-15 12:46:48,498 - WARNING - [Wired] FAILED with 'requests_browser' (content was too short: 0 words).
2026-08-15 12:46:49,127 - INFO - [Wired] Article: https://www.wired.com/story/acer-promo-code/
2026-08-15 12:46:49,127 - INFO - [Wired] Attempt 2/2: Trying with 'selenium_browser' strategy...
2026-08-15 12:46:49,262 - INFO - [Economic Times] Article: https://economictimes.indiatimes.com/news/elections/lok-sabha/india/modi-charisma-key-factor-in-bjps-bid-to-retain-all-26-seats-in-gujarat/articleshow/108550858.cms
2026-08-15 12:46:49,262 - INFO - [Economic Times] Attempt 1/2: Trying with 'requests_browser' strategy...
2026-08-15 12:46:49,549 - INFO - [Economic Times] Success with 'requests_browser'. Found content (838 words).
2026-08-15 12:46:52,461 - ERROR - Error saving article Modi charisma key factor in BJP's bid to retain all 26 seats in Gujarat - The Economic Times: Hrana: `stream error: `Error { message: "SQLite error: UNIQUE constraint failed: articles.url", code: "SQLITE_CONSTRAINT" }``
2026-08-15 12:46:52,466 - INFO - [Wired] Page content loaded.
2026-08-15 12:46:52,693 - INFO - [Wired] Success with 'selenium_browser'. Found content (835 words).
2026-08-15 12:46:54,197 - INFO - [Economic Times] Article: https://economictimes.indiatimes.com/news/elections/lok-sabha/india/implementation-of-guarantees-decline-of-brs-favour-congress-in-telangana-bjp-aiming-for-better-show/articleshow/108548569.cms
2026-08-15 12:46:54,665 - INFO - [Economic Times] Attempt 1/2: Trying with 'requests_browser' strategy...
2026-08-15 12:46:55,596 - ERROR - Error saving article Acer Promo Codes: 40% Off | WIRED: Hrana: `stream error: `Error { message: "SQLite error: UNIQUE constraint failed: articles.url", code: "SQLITE_CONSTRAINT" }``
2026-08-15 12:46:55,874 - INFO - [Economic Times] Success with 'requests_browser'. Found content (1272 words).
2026-08-15 12:46:57,378 - INFO - [Wired] Early skip: URL https://www.wired.com/story/openai-safety-security-ai-agents-culture/ already exists.
2026-08-15 12:46:58,783 - INFO - [Wired] Early skip: URL https://www.wired.com/story/mark-zuckerbergs-ai-manifesto-is-6500-words-and-barely-says-anything/ already exists.
2026-08-15 12:46:58,783 - ERROR - Error saving article Implementation of 'guarantees', decline of BRS favour Congress in Telangana, BJP aiming for better show - The Economic Times: Hrana: `stream error: `Error { message: "SQLite error: UNIQUE constraint failed: articles.url", code: "SQLITE_CONSTRAINT" }``
2026-08-15 12:46:58,784 - INFO - [Wired] Early skip: URL https://www.wired.com/story/the-painful-truth-of-exactly-how-ice-new-shock-gloves-actually-work/ already exists.
2026-08-15 12:46:58,786 - INFO - [Wired] Early skip: URL https://www.wired.com/story/novig-says-its-not-like-those-other-prediction-markets/ already exists.
2026-08-15 12:46:58,787 - INFO - [Wired] Early skip: URL https://www.wired.com/gallery/best-samsung-s26-cases-and-accessories/ already exists.
2026-08-15 12:46:58,788 - INFO - [Wired] Early skip: URL https://www.wired.com/story/google-pixelsnap-charger-and-stand-50-percent-off/ already exists.
2026-08-15 12:46:58,789 - INFO - [Wired] Early skip: URL https://www.wired.com/story/heat-wave-schizophrenia/ already exists.
2026-08-15 12:46:58,790 - INFO - [Wired] Early skip: URL https://www.wired.com/story/the-best-android-tablets/ already exists.
2026-08-15 12:46:58,791 - INFO - [Wired] Early skip: URL https://www.wired.com/gallery/best-cooling-mattress/ already exists.
2026-08-15 12:46:58,792 - INFO - [Wired] Early skip: URL https://www.wired.com/story/cbp-workers-allegedly-used-government-databases-to-spy-on-exes-crushes-and-colleagues/ already exists.
2026-08-15 12:46:58,794 - INFO - [Wired] Early skip: URL https://www.wired.com/story/fatty-liver-disease-ai-detection-cancer/ already exists.
2026-08-15 12:46:58,795 - INFO - [Wired] Early skip: URL https://www.wired.com/gallery/the-best-cooling-mattresses-for-hot-sleepers-1/ already exists.
2026-08-15 12:46:58,796 - INFO - [Wired] Article: https://www.wired.com/story/priceline-promo-code/
2026-08-15 12:46:58,796 - INFO - [Wired] Attempt 1/2: Trying with 'requests_browser' strategy...
2026-08-15 12:46:58,952 - ERROR - parsed tree length: 1, wrong data type or not valid HTML
2026-08-15 12:46:58,953 - ERROR - empty HTML tree: None
2026-08-15 12:46:58,953 - WARNING - discarding data: None
2026-08-15 12:46:58,953 - WARNING - [Wired] FAILED with 'requests_browser' (content was too short: 0 words).
2026-08-15 12:46:59,688 - INFO - [Wired] Article: https://www.wired.com/story/priceline-promo-code/
2026-08-15 12:46:59,688 - INFO - [Wired] Attempt 2/2: Trying with 'selenium_browser' strategy...
2026-08-15 12:47:00,106 - INFO - [Economic Times] Article: https://economictimes.indiatimes.com/traders-bet-on-calendar-spread-as-nifty-moves-in-a-tight-range/articleshow/6302358.cms
2026-08-15 12:47:00,106 - INFO - [Economic Times] Attempt 1/2: Trying with 'requests_browser' strategy...
2026-08-15 12:47:00,395 - ERROR - parsed tree length: 1, wrong data type or not valid HTML
2026-08-15 12:47:00,395 - ERROR - empty HTML tree: None
2026-08-15 12:47:00,395 - WARNING - discarding data: None
2026-08-15 12:47:00,395 - WARNING - [Economic Times] FAILED with 'requests_browser' (content was too short: 0 words).
2026-08-15 12:47:00,859 - INFO - [Wired] Page content loaded.
2026-08-15 12:47:01,040 - INFO - [Economic Times] Article: https://economictimes.indiatimes.com/traders-bet-on-calendar-spread-as-nifty-moves-in-a-tight-range/articleshow/6302358.cms
2026-08-15 12:47:01,040 - INFO - [Economic Times] Attempt 2/2: Trying with 'selenium_browser' strategy...
2026-08-15 12:47:01,270 - INFO - [Wired] Success with 'selenium_browser'. Found content (1332 words).
2026-08-15 12:47:04,235 - ERROR - Error saving article Priceline Promo Codes & Coupons: 10% Off August 2026 | WIRED: Hrana: `stream error: `Error { message: "SQLite error: UNIQUE constraint failed: articles.url", code: "SQLITE_CONSTRAINT" }``
2026-08-15 12:47:04,443 - INFO - [Economic Times] Page content loaded.
2026-08-15 12:47:04,590 - INFO - [Economic Times] Success with 'selenium_browser'. Found content (383 words).
2026-08-15 12:47:06,139 - INFO - [Wired] Article: https://www.wired.com/story/naturepedic-promo-code/
2026-08-15 12:47:06,608 - INFO - [Wired] Attempt 1/2: Trying with 'requests_browser' strategy...
2026-08-15 12:47:07,568 - ERROR - Error saving article Traders bet on calendar spread as Nifty moves in a tight range - The Economic Times: Hrana: `stream error: `Error { message: "SQLite error: UNIQUE constraint failed: articles.url", code: "SQLITE_CONSTRAINT" }``
2026-08-15 12:47:07,692 - ERROR - parsed tree length: 1, wrong data type or not valid HTML
2026-08-15 12:47:07,692 - ERROR - empty HTML tree: None
2026-08-15 12:47:07,692 - WARNING - discarding data: None
2026-08-15 12:47:07,692 - WARNING - [Wired] FAILED with 'requests_browser' (content was too short: 0 words).
2026-08-15 12:47:08,227 - INFO - [Economic Times] Article: https://economictimes.indiatimes.com/nifty-may-find-support-at-5300-level/articleshow/6296017.cms
2026-08-15 12:47:08,227 - INFO - [Economic Times] Attempt 1/2: Trying with 'requests_browser' strategy...
2026-08-15 12:47:08,517 - ERROR - parsed tree length: 1, wrong data type or not valid HTML
2026-08-15 12:47:08,517 - ERROR - empty HTML tree: None
2026-08-15 12:47:08,517 - WARNING - discarding data: None
2026-08-15 12:47:08,517 - WARNING - [Economic Times] FAILED with 'requests_browser' (content was too short: 0 words).
2026-08-15 12:47:08,534 - INFO - [Wired] Article: https://www.wired.com/story/naturepedic-promo-code/
2026-08-15 12:47:08,534 - INFO - [Wired] Attempt 2/2: Trying with 'selenium_browser' strategy...
2026-08-15 12:47:09,076 - INFO - [Economic Times] Article: https://economictimes.indiatimes.com/nifty-may-find-support-at-5300-level/articleshow/6296017.cms
2026-08-15 12:47:09,076 - INFO - [Economic Times] Attempt 2/2: Trying with 'selenium_browser' strategy...
2026-08-15 12:47:11,606 - INFO - [Wired] Page content loaded.
2026-08-15 12:47:13,374 - INFO - [Wired] Success with 'selenium_browser'. Found content (633 words).
2026-08-15 12:47:16,384 - ERROR - Error saving article Naturepedic Promo Codes: Get 20% Off Plus Free Pillows | WIRED: Hrana: `stream error: `Error { message: "SQLite error: UNIQUE constraint failed: articles.url", code: "SQLITE_CONSTRAINT" }``
2026-08-15 12:47:17,692 - INFO - [Wired] Article: https://www.wired.com/story/bose-coupon-code/
2026-08-15 12:47:17,693 - INFO - [Wired] Attempt 1/2: Trying with 'requests_browser' strategy...
2026-08-15 12:47:17,809 - ERROR - parsed tree length: 1, wrong data type or not valid HTML
2026-08-15 12:47:17,810 - ERROR - empty HTML tree: None
2026-08-15 12:47:17,810 - WARNING - discarding data: None
2026-08-15 12:47:17,810 - WARNING - [Wired] FAILED with 'requests_browser' (content was too short: 0 words).
2026-08-15 12:47:18,721 - INFO - [Wired] Article: https://www.wired.com/story/bose-coupon-code/
2026-08-15 12:47:18,721 - INFO - [Wired] Attempt 2/2: Trying with 'selenium_browser' strategy...
2026-08-15 12:47:22,510 - INFO - [Wired] Page content loaded.
2026-08-15 12:47:23,867 - INFO - [Wired] Success with 'selenium_browser'. Found content (649 words).
2026-08-15 12:47:26,921 - ERROR - Error saving article Bose Promo Code: 40% Off for August 2026 | WIRED: Hrana: `stream error: `Error { message: "SQLite error: UNIQUE constraint failed: articles.url", code: "SQLITE_CONSTRAINT" }``
2026-08-15 12:47:28,064 - INFO - [Wired] Article: https://www.wired.com/story/castlery-promo-code/
2026-08-15 12:47:28,064 - INFO - [Wired] Attempt 1/2: Trying with 'requests_browser' strategy...
2026-08-15 12:47:28,178 - ERROR - parsed tree length: 1, wrong data type or not valid HTML
2026-08-15 12:47:28,179 - ERROR - empty HTML tree: None
2026-08-15 12:47:28,179 - WARNING - discarding data: None
2026-08-15 12:47:28,179 - WARNING - [Wired] FAILED with 'requests_browser' (content was too short: 0 words).
2026-08-15 12:47:28,908 - INFO - [Wired] Article: https://www.wired.com/story/castlery-promo-code/
2026-08-15 12:47:28,908 - INFO - [Wired] Attempt 2/2: Trying with 'selenium_browser' strategy...
2026-08-15 12:47:31,308 - INFO - [Wired] Page content loaded.
2026-08-15 12:47:31,705 - INFO - [Wired] Success with 'selenium_browser'. Found content (800 words).
2026-08-15 12:47:34,655 - ERROR - Error saving article Castlery Promo Codes: 15% Off for August 2026 | WIRED: Hrana: `stream error: `Error { message: "SQLite error: UNIQUE constraint failed: articles.url", code: "SQLITE_CONSTRAINT" }``
2026-08-15 12:47:35,505 - INFO - [Economic Times] Page content loaded.
2026-08-15 12:47:35,574 - INFO - [Economic Times] Success with 'selenium_browser'. Found content (773 words).
2026-08-15 12:47:37,118 - INFO - [Wired] (Thread) Finished. Attempting to shut down its Selenium driver.
2026-08-15 12:47:38,527 - ERROR - Error saving article Nifty may find support at 5300 level - The Economic Times: Hrana: `stream error: `Error { message: "SQLite error: UNIQUE constraint failed: articles.url", code: "SQLITE_CONSTRAINT" }``
2026-08-15 12:47:38,536 - INFO - [Wired] (Thread) driver.quit() successful.
2026-08-15 12:47:40,028 - INFO - [Economic Times] Article: https://economictimes.indiatimes.com/seven-out-of-top-10-asian-small-cap-funds-are-indian/articleshow/6295976.cms
2026-08-15 12:47:40,028 - INFO - [Economic Times] Attempt 1/2: Trying with 'requests_browser' strategy...
2026-08-15 12:47:40,316 - ERROR - parsed tree length: 1, wrong data type or not valid HTML
2026-08-15 12:47:40,316 - ERROR - empty HTML tree: None
2026-08-15 12:47:40,316 - WARNING - discarding data: None
2026-08-15 12:47:40,316 - WARNING - [Economic Times] FAILED with 'requests_browser' (content was too short: 0 words).
2026-08-15 12:47:41,022 - INFO - [Economic Times] Article: https://economictimes.indiatimes.com/seven-out-of-top-10-asian-small-cap-funds-are-indian/articleshow/6295976.cms
2026-08-15 12:47:41,022 - INFO - [Economic Times] Attempt 2/2: Trying with 'selenium_browser' strategy...
2026-08-15 12:47:42,602 - INFO - [Economic Times] Page content loaded.
2026-08-15 12:47:42,718 - INFO - [Economic Times] Success with 'selenium_browser'. Found content (607 words).
2026-08-15 12:47:45,680 - ERROR - Error saving article Seven out of top 10 Asian small-cap funds are Indian - The Economic Times: Hrana: `stream error: `Error { message: "SQLite error: UNIQUE constraint failed: articles.url", code: "SQLITE_CONSTRAINT" }``
2026-08-15 12:47:46,307 - INFO - [Economic Times] Article: https://economictimes.indiatimes.com/inflation-reflects-growth-dynamics-in-india-christopher-wood/articleshow/6274053.cms
2026-08-15 12:47:46,307 - INFO - [Economic Times] Attempt 1/2: Trying with 'requests_browser' strategy...
2026-08-15 12:47:46,696 - ERROR - parsed tree length: 1, wrong data type or not valid HTML
2026-08-15 12:47:46,696 - ERROR - empty HTML tree: None
2026-08-15 12:47:46,696 - WARNING - discarding data: None
2026-08-15 12:47:46,696 - WARNING - [Economic Times] FAILED with 'requests_browser' (content was too short: 0 words).
2026-08-15 12:47:47,665 - INFO - [Economic Times] Article: https://economictimes.indiatimes.com/inflation-reflects-growth-dynamics-in-india-christopher-wood/articleshow/6274053.cms
2026-08-15 12:47:47,666 - INFO - [Economic Times] Attempt 2/2: Trying with 'selenium_browser' strategy...
2026-08-15 12:47:49,399 - INFO - [Economic Times] Page content loaded.
2026-08-15 12:47:49,525 - INFO - [Economic Times] Success with 'selenium_browser'. Found content (4520 words).
2026-08-15 12:47:52,881 - ERROR - Error saving article Inflation reflects growth dynamics in India: Christopher Wood - The Economic Times: Hrana: `stream error: `Error { message: "SQLite error: UNIQUE constraint failed: articles.url", code: "SQLITE_CONSTRAINT" }``
2026-08-15 12:47:53,505 - INFO - [Economic Times] Article: https://economictimes.indiatimes.com/market-may-trade-in-a-range-but-fiis-seen-sold-on-india/articleshow/6277705.cms
2026-08-15 12:47:53,505 - INFO - [Economic Times] Attempt 1/2: Trying with 'requests_browser' strategy...
2026-08-15 12:47:53,790 - ERROR - parsed tree length: 1, wrong data type or not valid HTML
2026-08-15 12:47:53,790 - ERROR - empty HTML tree: None
2026-08-15 12:47:53,790 - WARNING - discarding data: None
2026-08-15 12:47:53,790 - WARNING - [Economic Times] FAILED with 'requests_browser' (content was too short: 0 words).
2026-08-15 12:47:54,594 - INFO - [Economic Times] Article: https://economictimes.indiatimes.com/market-may-trade-in-a-range-but-fiis-seen-sold-on-india/articleshow/6277705.cms
2026-08-15 12:47:54,594 - INFO - [Economic Times] Attempt 2/2: Trying with 'selenium_browser' strategy...
2026-08-15 12:47:56,349 - INFO - [Economic Times] Page content loaded.
2026-08-15 12:47:56,453 - INFO - [Economic Times] Success with 'selenium_browser'. Found content (809 words).
2026-08-15 12:47:59,497 - ERROR - Error saving article Market may trade in a range, but FIIs seen sold on India - The Economic Times: Hrana: `stream error: `Error { message: "SQLite error: UNIQUE constraint failed: articles.url", code: "SQLITE_CONSTRAINT" }``
2026-08-15 12:48:00,279 - INFO - [Economic Times] Article: https://economictimes.indiatimes.com/dont-bank-only-on-price-to-earning-ratio/articleshow/6278228.cms
2026-08-15 12:48:00,279 - INFO - [Economic Times] Attempt 1/2: Trying with 'requests_browser' strategy...
2026-08-15 12:48:00,570 - ERROR - parsed tree length: 1, wrong data type or not valid HTML
2026-08-15 12:48:00,570 - ERROR - empty HTML tree: None
2026-08-15 12:48:00,570 - WARNING - discarding data: None
2026-08-15 12:48:00,571 - WARNING - [Economic Times] FAILED with 'requests_browser' (content was too short: 0 words).
2026-08-15 12:48:01,280 - INFO - [Economic Times] Article: https://economictimes.indiatimes.com/dont-bank-only-on-price-to-earning-ratio/articleshow/6278228.cms
2026-08-15 12:48:01,280 - INFO - [Economic Times] Attempt 2/2: Trying with 'selenium_browser' strategy...
2026-08-15 12:48:02,835 - INFO - [Economic Times] Page content loaded.
2026-08-15 12:48:02,958 - INFO - [Economic Times] Success with 'selenium_browser'. Found content (447 words).
2026-08-15 12:48:05,913 - ERROR - Error saving article 'Don't bank only on price-to-earning ratio' - The Economic Times: Hrana: `stream error: `Error { message: "SQLite error: UNIQUE constraint failed: articles.url", code: "SQLITE_CONSTRAINT" }``
2026-08-15 12:48:06,654 - INFO - [Economic Times] Article: https://economictimes.indiatimes.com/markets/stocks/recos/prabhudas-lilladher-has-a-reduce-rating-on-infosys/articleshow/3798718.cms
2026-08-15 12:48:06,654 - INFO - [Economic Times] Attempt 1/2: Trying with 'requests_browser' strategy...
2026-08-15 12:48:06,935 - ERROR - parsed tree length: 1, wrong data type or not valid HTML
2026-08-15 12:48:06,935 - ERROR - empty HTML tree: None
2026-08-15 12:48:06,935 - WARNING - discarding data: None
2026-08-15 12:48:06,935 - WARNING - [Economic Times] FAILED with 'requests_browser' (content was too short: 0 words).
2026-08-15 12:48:07,445 - INFO - [Economic Times] Article: https://economictimes.indiatimes.com/markets/stocks/recos/prabhudas-lilladher-has-a-reduce-rating-on-infosys/articleshow/3798718.cms
2026-08-15 12:48:07,445 - INFO - [Economic Times] Attempt 2/2: Trying with 'selenium_browser' strategy...
2026-08-15 12:48:09,162 - INFO - [Economic Times] Page content loaded.
2026-08-15 12:48:09,271 - INFO - [Economic Times] Success with 'selenium_browser'. Found content (438 words).
2026-08-15 12:48:12,217 - ERROR - Error saving article Prabhudas Lilladher has a ‘reduce’ rating on Infosys - The Economic Times: Hrana: `stream error: `Error { message: "SQLite error: UNIQUE constraint failed: articles.url", code: "SQLITE_CONSTRAINT" }``
2026-08-15 12:48:13,486 - INFO - [Economic Times] Article: https://economictimes.indiatimes.com/markets/stocks/recos/fin-crisis-too-late-and-too-little-done-in-us/articleshow/3794549.cms
2026-08-15 12:48:13,486 - INFO - [Economic Times] Attempt 1/2: Trying with 'requests_browser' strategy...
2026-08-15 12:48:13,788 - ERROR - parsed tree length: 1, wrong data type or not valid HTML
2026-08-15 12:48:13,788 - ERROR - empty HTML tree: None
2026-08-15 12:48:13,788 - WARNING - discarding data: None
2026-08-15 12:48:13,788 - WARNING - [Economic Times] FAILED with 'requests_browser' (content was too short: 0 words).
2026-08-15 12:48:14,306 - INFO - [Economic Times] Article: https://economictimes.indiatimes.com/markets/stocks/recos/fin-crisis-too-late-and-too-little-done-in-us/articleshow/3794549.cms
2026-08-15 12:48:14,306 - INFO - [Economic Times] Attempt 2/2: Trying with 'selenium_browser' strategy...
2026-08-15 12:48:15,593 - INFO - [Economic Times] Page content loaded.
2026-08-15 12:48:15,686 - INFO - [Economic Times] Success with 'selenium_browser'. Found content (868 words).
2026-08-15 12:48:18,620 - ERROR - Error saving article Fin Crisis: Too late and too little done in US - The Economic Times: Hrana: `stream error: `Error { message: "SQLite error: UNIQUE constraint failed: articles.url", code: "SQLITE_CONSTRAINT" }``
2026-08-15 12:48:19,583 - INFO - [Economic Times] Article: https://economictimes.indiatimes.com/markets/forex/weak-rupee-takes-its-toll-on-cos-with-huge-foreign-debt/articleshow/3546158.cms
2026-08-15 12:48:19,584 - INFO - [Economic Times] Attempt 1/2: Trying with 'requests_browser' strategy...
2026-08-15 12:48:19,862 - ERROR - parsed tree length: 1, wrong data type or not valid HTML
2026-08-15 12:48:19,862 - ERROR - empty HTML tree: None
2026-08-15 12:48:19,862 - WARNING - discarding data: None
2026-08-15 12:48:19,863 - WARNING - [Economic Times] FAILED with 'requests_browser' (content was too short: 0 words).
2026-08-15 12:48:20,803 - INFO - [Economic Times] Article: https://economictimes.indiatimes.com/markets/forex/weak-rupee-takes-its-toll-on-cos-with-huge-foreign-debt/articleshow/3546158.cms
2026-08-15 12:48:20,803 - INFO - [Economic Times] Attempt 2/2: Trying with 'selenium_browser' strategy...
2026-08-15 12:48:22,289 - INFO - [Economic Times] Page content loaded.
2026-08-15 12:48:22,428 - INFO - [Economic Times] Success with 'selenium_browser'. Found content (482 words).
2026-08-15 12:48:25,396 - ERROR - Error saving article Weak rupee takes its toll on cos with huge foreign debt - The Economic Times: Hrana: `stream error: `Error { message: "SQLite error: UNIQUE constraint failed: articles.url", code: "SQLITE_CONSTRAINT" }``
2026-08-15 12:48:26,144 - INFO - [Economic Times] Article: https://economictimes.indiatimes.com/markets/stocks/recos/wait-for-more-signals-before-turning-positive/articleshow/3292640.cms
2026-08-15 12:48:26,144 - INFO - [Economic Times] Attempt 1/2: Trying with 'requests_browser' strategy...
2026-08-15 12:48:26,411 - ERROR - parsed tree length: 1, wrong data type or not valid HTML
2026-08-15 12:48:26,412 - ERROR - empty HTML tree: None
2026-08-15 12:48:26,412 - WARNING - discarding data: None
2026-08-15 12:48:26,412 - WARNING - [Economic Times] FAILED with 'requests_browser' (content was too short: 0 words).
2026-08-15 12:48:27,367 - INFO - [Economic Times] Article: https://economictimes.indiatimes.com/markets/stocks/recos/wait-for-more-signals-before-turning-positive/articleshow/3292640.cms
2026-08-15 12:48:27,367 - INFO - [Economic Times] Attempt 2/2: Trying with 'selenium_browser' strategy...
2026-08-15 12:48:28,814 - INFO - [Economic Times] Page content loaded.
2026-08-15 12:48:28,944 - INFO - [Economic Times] Success with 'selenium_browser'. Found content (761 words).
2026-08-15 12:48:31,868 - ERROR - Error saving article Wait for more signals before turning positive - The Economic Times: Hrana: `stream error: `Error { message: "SQLite error: UNIQUE constraint failed: articles.url", code: "SQLITE_CONSTRAINT" }``
2026-08-15 12:48:32,963 - INFO - [Economic Times] Article: https://economictimes.indiatimes.com/news/company/corporate-trends/six-indian-cos-among-businessweeks-top-100-infotech-firms/articleshow/3189334.cms
2026-08-15 12:48:32,963 - INFO - [Economic Times] Attempt 1/2: Trying with 'requests_browser' strategy...
2026-08-15 12:48:33,418 - INFO - [Economic Times] Success with 'requests_browser'. Found content (370 words).
2026-08-15 12:48:36,417 - ERROR - Error saving article Six Indian cos among BusinessWeek's top 100 Infotech firms - The Economic Times: Hrana: `stream error: `Error { message: "SQLite error: UNIQUE constraint failed: articles.url", code: "SQLITE_CONSTRAINT" }``
2026-08-15 12:48:36,984 - INFO - [Economic Times] Article: https://economictimes.indiatimes.com/news/company/corporate-trends/indian-firms-slip-in-global-ranking-four-move-out-of-top-500/articleshow/3177077.cms
2026-08-15 12:48:36,984 - INFO - [Economic Times] Attempt 1/2: Trying with 'requests_browser' strategy...
2026-08-15 12:48:37,289 - INFO - [Economic Times] Success with 'requests_browser'. Found content (1044 words).
2026-08-15 12:48:40,198 - ERROR - Error saving article Indian firms slip in global ranking; four move out of Top-500 - The Economic Times: Hrana: `stream error: `Error { message: "SQLite error: UNIQUE constraint failed: articles.url", code: "SQLITE_CONSTRAINT" }``
2026-08-15 12:48:41,492 - INFO - [Economic Times] Article: https://economictimes.indiatimes.com/markets/stocks/news/big-daddy-laps-up-cipla-after-q1-nos-beat-forecast/articleshow/6308646.cms
2026-08-15 12:48:41,492 - INFO - [Economic Times] Attempt 1/2: Trying with 'requests_browser' strategy...
2026-08-15 12:48:41,781 - ERROR - parsed tree length: 1, wrong data type or not valid HTML
2026-08-15 12:48:41,781 - ERROR - empty HTML tree: None
2026-08-15 12:48:41,781 - WARNING - discarding data: None
2026-08-15 12:48:41,781 - WARNING - [Economic Times] FAILED with 'requests_browser' (content was too short: 0 words).
2026-08-15 12:48:42,581 - INFO - [Economic Times] Article: https://economictimes.indiatimes.com/markets/stocks/news/big-daddy-laps-up-cipla-after-q1-nos-beat-forecast/articleshow/6308646.cms
2026-08-15 12:48:42,582 - INFO - [Economic Times] Attempt 2/2: Trying with 'selenium_browser' strategy...
2026-08-15 12:48:43,975 - INFO - [Economic Times] Page content loaded.
2026-08-15 12:48:44,174 - WARNING - [Economic Times] FAILED with 'selenium_browser' (content was too short: 83 words).
2026-08-15 12:48:44,176 - ERROR - [Economic Times] All scrape strategies failed for https://economictimes.indiatimes.com/markets/stocks/news/big-daddy-laps-up-cipla-after-q1-nos-beat-forecast/articleshow/6308646.cms. Falling back to RSS description.
2026-08-15 12:48:44,176 - WARNING - SKIPPED (GLOBAL WORD LIMIT): Article ''Big Daddy' laps up Cipla after Q1 nos beat forecast ' from Economic Times has only 20 words (Min: 90).
2026-08-15 12:48:45,177 - INFO - [Economic Times] Article: https://economictimes.indiatimes.com/markets/stocks/news/old-fox-has-dream-run-on-dalal-street/articleshow/6308631.cms
2026-08-15 12:48:45,177 - INFO - [Economic Times] Attempt 1/2: Trying with 'requests_browser' strategy...
2026-08-15 12:48:45,494 - ERROR - parsed tree length: 1, wrong data type or not valid HTML
2026-08-15 12:48:45,494 - ERROR - empty HTML tree: None
2026-08-15 12:48:45,494 - WARNING - discarding data: None
2026-08-15 12:48:45,494 - WARNING - [Economic Times] FAILED with 'requests_browser' (content was too short: 0 words).
2026-08-15 12:48:46,108 - INFO - [Economic Times] Article: https://economictimes.indiatimes.com/markets/stocks/news/old-fox-has-dream-run-on-dalal-street/articleshow/6308631.cms
2026-08-15 12:48:46,108 - INFO - [Economic Times] Attempt 2/2: Trying with 'selenium_browser' strategy...
2026-08-15 12:48:47,370 - INFO - [Economic Times] Page content loaded.
2026-08-15 12:48:47,533 - INFO - [Economic Times] Success with 'selenium_browser'. Found content (156 words).
2026-08-15 12:48:50,500 - ERROR - Error saving article Old Fox has dream run on Dalal Street - The Economic Times: Hrana: `stream error: `Error { message: "SQLite error: UNIQUE constraint failed: articles.url", code: "SQLITE_CONSTRAINT" }``
2026-08-15 12:48:51,549 - INFO - [Economic Times] Article: https://economictimes.indiatimes.com/markets/stocks/news/cairn-india-hits-record-high-on-bse-amid-stake-sale-talks/articleshow/6306679.cms
2026-08-15 12:48:51,550 - INFO - [Economic Times] Attempt 1/2: Trying with 'requests_browser' strategy...
2026-08-15 12:48:51,831 - ERROR - parsed tree length: 1, wrong data type or not valid HTML
2026-08-15 12:48:51,831 - ERROR - empty HTML tree: None
2026-08-15 12:48:51,831 - WARNING - discarding data: None
2026-08-15 12:48:51,831 - WARNING - [Economic Times] FAILED with 'requests_browser' (content was too short: 0 words).
2026-08-15 12:48:52,638 - INFO - [Economic Times] Article: https://economictimes.indiatimes.com/markets/stocks/news/cairn-india-hits-record-high-on-bse-amid-stake-sale-talks/articleshow/6306679.cms
2026-08-15 12:48:52,638 - INFO - [Economic Times] Attempt 2/2: Trying with 'selenium_browser' strategy...
2026-08-15 12:48:54,092 - INFO - [Economic Times] Page content loaded.
2026-08-15 12:48:54,193 - INFO - [Economic Times] Success with 'selenium_browser'. Found content (363 words).
2026-08-15 12:48:57,155 - ERROR - Error saving article Cairn India hits record high on BSE amid stake sale talks - The Economic Times: Hrana: `stream error: `Error { message: "SQLite error: UNIQUE constraint failed: articles.url", code: "SQLITE_CONSTRAINT" }``
2026-08-15 12:48:58,499 - INFO - [Economic Times] Article: https://economictimes.indiatimes.com/markets/stocks/news/vedanta-plunges-5-59-per-cent-on-lse-amid-talks-to-buy-cairn-stake/articleshow/6306526.cms
2026-08-15 12:48:58,499 - INFO - [Economic Times] Attempt 1/2: Trying with 'requests_browser' strategy...
2026-08-15 12:48:59,130 - ERROR - parsed tree length: 1, wrong data type or not valid HTML
2026-08-15 12:48:59,130 - ERROR - empty HTML tree: None
2026-08-15 12:48:59,130 - WARNING - discarding data: None
2026-08-15 12:48:59,131 - WARNING - [Economic Times] FAILED with 'requests_browser' (content was too short: 0 words).
2026-08-15 12:48:59,884 - INFO - [Economic Times] Article: https://economictimes.indiatimes.com/markets/stocks/news/vedanta-plunges-5-59-per-cent-on-lse-amid-talks-to-buy-cairn-stake/articleshow/6306526.cms
2026-08-15 12:48:59,884 - INFO - [Economic Times] Attempt 2/2: Trying with 'selenium_browser' strategy...
2026-08-15 12:49:01,281 - INFO - [Economic Times] Page content loaded.
2026-08-15 12:49:01,356 - INFO - [Economic Times] Success with 'selenium_browser'. Found content (397 words).
2026-08-15 12:49:04,362 - ERROR - Error saving article Cairn: Vedanta plunges 5.59 per cent on LSE amid talks to buy Cairn stake - The Economic Times: Hrana: `stream error: `Error { message: "SQLite error: UNIQUE constraint failed: articles.url", code: "SQLITE_CONSTRAINT" }``
2026-08-15 12:49:05,275 - INFO - [Economic Times] Article: https://economictimes.indiatimes.com/markets/stocks/news/sbi-shares-on-gaining-spree-hit-record-high/articleshow/6306241.cms
2026-08-15 12:49:05,275 - INFO - [Economic Times] Attempt 1/2: Trying with 'requests_browser' strategy...
2026-08-15 12:49:05,553 - ERROR - parsed tree length: 1, wrong data type or not valid HTML
2026-08-15 12:49:05,553 - ERROR - empty HTML tree: None
2026-08-15 12:49:05,553 - WARNING - discarding data: None
2026-08-15 12:49:05,553 - WARNING - [Economic Times] FAILED with 'requests_browser' (content was too short: 0 words).
2026-08-15 12:49:06,297 - INFO - [Economic Times] Article: https://economictimes.indiatimes.com/markets/stocks/news/sbi-shares-on-gaining-spree-hit-record-high/articleshow/6306241.cms
2026-08-15 12:49:06,297 - INFO - [Economic Times] Attempt 2/2: Trying with 'selenium_browser' strategy...
2026-08-15 12:49:07,794 - INFO - [Economic Times] Page content loaded.
2026-08-15 12:49:07,958 - WARNING - [Economic Times] FAILED with 'selenium_browser' (content was too short: 87 words).
2026-08-15 12:49:07,958 - ERROR - [Economic Times] All scrape strategies failed for https://economictimes.indiatimes.com/markets/stocks/news/sbi-shares-on-gaining-spree-hit-record-high/articleshow/6306241.cms. Falling back to RSS description.
2026-08-15 12:49:07,958 - WARNING - SKIPPED (GLOBAL WORD LIMIT): Article 'SBI shares on gaining spree; hit record high ' from Economic Times has only 28 words (Min: 90).
2026-08-15 12:49:09,299 - INFO - [Economic Times] Article: https://economictimes.indiatimes.com/fm-must-rethink/articleshow/5645094.cms
2026-08-15 12:49:09,300 - INFO - [Economic Times] Attempt 1/2: Trying with 'requests_browser' strategy...
2026-08-15 12:49:09,643 - ERROR - parsed tree length: 1, wrong data type or not valid HTML
2026-08-15 12:49:09,643 - ERROR - empty HTML tree: None
2026-08-15 12:49:09,643 - WARNING - discarding data: None
2026-08-15 12:49:09,643 - WARNING - [Economic Times] FAILED with 'requests_browser' (content was too short: 0 words).
2026-08-15 12:49:10,178 - INFO - [Economic Times] Article: https://economictimes.indiatimes.com/fm-must-rethink/articleshow/5645094.cms
2026-08-15 12:49:10,179 - INFO - [Economic Times] Attempt 2/2: Trying with 'selenium_browser' strategy...
2026-08-15 12:49:11,445 - INFO - [Economic Times] Page content loaded.
2026-08-15 12:49:11,533 - INFO - [Economic Times] Success with 'selenium_browser'. Found content (138 words).
2026-08-15 12:49:14,432 - ERROR - Error saving article FM must rethink - The Economic Times: Hrana: `stream error: `Error { message: "SQLite error: UNIQUE constraint failed: articles.url", code: "SQLITE_CONSTRAINT" }``
2026-08-15 12:49:15,739 - INFO - [Economic Times] Article: https://economictimes.indiatimes.com/amalgamate-banks/articleshow/5645086.cms
2026-08-15 12:49:15,739 - INFO - [Economic Times] Attempt 1/2: Trying with 'requests_browser' strategy...
2026-08-15 12:49:16,015 - ERROR - parsed tree length: 1, wrong data type or not valid HTML
2026-08-15 12:49:16,016 - ERROR - empty HTML tree: None
2026-08-15 12:49:16,016 - WARNING - discarding data: None
2026-08-15 12:49:16,016 - WARNING - [Economic Times] FAILED with 'requests_browser' (content was too short: 0 words).
2026-08-15 12:49:16,636 - INFO - [Economic Times] Article: https://economictimes.indiatimes.com/amalgamate-banks/articleshow/5645086.cms
2026-08-15 12:49:16,636 - INFO - [Economic Times] Attempt 2/2: Trying with 'selenium_browser' strategy...
2026-08-15 12:49:18,260 - INFO - [Economic Times] Page content loaded.
2026-08-15 12:49:18,366 - INFO - [Economic Times] Success with 'selenium_browser'. Found content (243 words).
2026-08-15 12:49:21,290 - ERROR - Error saving article Amalgamate banks - The Economic Times: Hrana: `stream error: `Error { message: "SQLite error: UNIQUE constraint failed: articles.url", code: "SQLITE_CONSTRAINT" }``
2026-08-15 12:49:22,030 - INFO - [Economic Times] Article: https://economictimes.indiatimes.com/managing-data/articleshow/5117958.cms
2026-08-15 12:49:22,031 - INFO - [Economic Times] Attempt 1/2: Trying with 'requests_browser' strategy...
2026-08-15 12:49:22,352 - ERROR - parsed tree length: 1, wrong data type or not valid HTML
2026-08-15 12:49:22,353 - ERROR - empty HTML tree: None
2026-08-15 12:49:22,353 - WARNING - discarding data: None
2026-08-15 12:49:22,353 - WARNING - [Economic Times] FAILED with 'requests_browser' (content was too short: 0 words).
2026-08-15 12:49:23,294 - INFO - [Economic Times] Article: https://economictimes.indiatimes.com/managing-data/articleshow/5117958.cms
2026-08-15 12:49:23,294 - INFO - [Economic Times] Attempt 2/2: Trying with 'selenium_browser' strategy...
2026-08-15 12:49:24,973 - INFO - [Economic Times] Page content loaded.
2026-08-15 12:49:25,065 - INFO - [Economic Times] Success with 'selenium_browser'. Found content (119 words).
2026-08-15 12:49:27,958 - ERROR - Error saving article Managing data - The Economic Times: Hrana: `stream error: `Error { message: "SQLite error: UNIQUE constraint failed: articles.url", code: "SQLITE_CONSTRAINT" }``
2026-08-15 12:49:29,249 - INFO - [Economic Times] Article: https://economictimes.indiatimes.com/right-technology/articleshow/5117957.cms
2026-08-15 12:49:29,250 - INFO - [Economic Times] Attempt 1/2: Trying with 'requests_browser' strategy...
2026-08-15 12:49:29,513 - ERROR - parsed tree length: 1, wrong data type or not valid HTML
2026-08-15 12:49:29,513 - ERROR - empty HTML tree: None
2026-08-15 12:49:29,513 - WARNING - discarding data: None
2026-08-15 12:49:29,513 - WARNING - [Economic Times] FAILED with 'requests_browser' (content was too short: 0 words).
2026-08-15 12:49:30,366 - INFO - [Economic Times] Article: https://economictimes.indiatimes.com/right-technology/articleshow/5117957.cms
2026-08-15 12:49:30,366 - INFO - [Economic Times] Attempt 2/2: Trying with 'selenium_browser' strategy...
2026-08-15 12:49:32,020 - INFO - [Economic Times] Page content loaded.
2026-08-15 12:49:32,596 - INFO - [Economic Times] Success with 'selenium_browser'. Found content (114 words).
2026-08-15 12:49:35,505 - ERROR - Error saving article Right technology - The Economic Times: Hrana: `stream error: `Error { message: "SQLite error: UNIQUE constraint failed: articles.url", code: "SQLITE_CONSTRAINT" }``
2026-08-15 12:49:36,412 - INFO - [Economic Times] Article: https://economictimes.indiatimes.com/et-search/articleshow/21646857.cms
2026-08-15 12:49:36,412 - INFO - [Economic Times] Attempt 1/2: Trying with 'requests_browser' strategy...
2026-08-15 12:49:36,707 - ERROR - parsed tree length: 1, wrong data type or not valid HTML
2026-08-15 12:49:36,707 - ERROR - empty HTML tree: None
2026-08-15 12:49:36,707 - WARNING - discarding data: None
2026-08-15 12:49:36,707 - WARNING - [Economic Times] FAILED with 'requests_browser' (content was too short: 0 words).
2026-08-15 12:49:37,488 - INFO - [Economic Times] Article: https://economictimes.indiatimes.com/et-search/articleshow/21646857.cms
2026-08-15 12:49:37,488 - INFO - [Economic Times] Attempt 2/2: Trying with 'selenium_browser' strategy...
2026-08-15 12:49:39,133 - INFO - [Economic Times] Page content loaded.
2026-08-15 12:49:39,233 - WARNING - [Economic Times] FAILED with 'selenium_browser' (content was too short: 44 words).
2026-08-15 12:49:39,233 - ERROR - [Economic Times] All scrape strategies failed for https://economictimes.indiatimes.com/et-search/articleshow/21646857.cms. Falling back to RSS description.
2026-08-15 12:49:39,233 - WARNING - SKIPPED (GLOBAL WORD LIMIT): Article 'ET Search ' from Economic Times has only 3 words (Min: 90).
2026-08-15 12:49:40,262 - INFO - [Economic Times] Article: https://economictimes.indiatimes.com/after-the-oscars-whats-next-for-silent-stars-of-the-artist/articleshow/12075465.cms
2026-08-15 12:49:40,263 - INFO - [Economic Times] Attempt 1/2: Trying with 'requests_browser' strategy...
2026-08-15 12:49:40,622 - ERROR - parsed tree length: 1, wrong data type or not valid HTML
2026-08-15 12:49:40,622 - ERROR - empty HTML tree: None
2026-08-15 12:49:40,622 - WARNING - discarding data: None
2026-08-15 12:49:40,622 - WARNING - [Economic Times] FAILED with 'requests_browser' (content was too short: 0 words).
2026-08-15 12:49:41,584 - INFO - [Economic Times] Article: https://economictimes.indiatimes.com/after-the-oscars-whats-next-for-silent-stars-of-the-artist/articleshow/12075465.cms
2026-08-15 12:49:41,584 - INFO - [Economic Times] Attempt 2/2: Trying with 'selenium_browser' strategy...
2026-08-15 12:49:42,934 - INFO - [Economic Times] Page content loaded.
2026-08-15 12:49:43,039 - INFO - [Economic Times] Success with 'selenium_browser'. Found content (699 words).
2026-08-15 12:49:46,015 - ERROR - Error saving article After the Oscars, what's next for silent stars of The Artist? - The Economic Times: Hrana: `stream error: `Error { message: "SQLite error: UNIQUE constraint failed: articles.url", code: "SQLITE_CONSTRAINT" }``
2026-08-15 12:49:46,730 - INFO - [Economic Times] Article: https://economictimes.indiatimes.com/delhi-world-book-fair-a-fair-like-no-other/articleshow/12028630.cms
2026-08-15 12:49:46,730 - INFO - [Economic Times] Attempt 1/2: Trying with 'requests_browser' strategy...
2026-08-15 12:49:46,993 - ERROR - parsed tree length: 1, wrong data type or not valid HTML
2026-08-15 12:49:46,993 - ERROR - empty HTML tree: None
2026-08-15 12:49:46,993 - WARNING - discarding data: None
2026-08-15 12:49:46,993 - WARNING - [Economic Times] FAILED with 'requests_browser' (content was too short: 0 words).
2026-08-15 12:49:47,535 - INFO - [Economic Times] Article: https://economictimes.indiatimes.com/delhi-world-book-fair-a-fair-like-no-other/articleshow/12028630.cms
2026-08-15 12:49:47,535 - INFO - [Economic Times] Attempt 2/2: Trying with 'selenium_browser' strategy...
2026-08-15 12:49:49,340 - INFO - [Economic Times] Page content loaded.
2026-08-15 12:49:49,444 - INFO - [Economic Times] Success with 'selenium_browser'. Found content (1911 words).
2026-08-15 12:49:52,418 - ERROR - Error saving article Delhi World Book fair: A fair like no other - The Economic Times: Hrana: `stream error: `Error { message: "SQLite error: UNIQUE constraint failed: articles.url", code: "SQLITE_CONSTRAINT" }``
2026-08-15 12:49:53,415 - INFO - [Economic Times] Article: https://economictimes.indiatimes.com/lk-advanis-gift-makes-its-way-to-state-department-exhibition-hall/articleshow/12017534.cms
2026-08-15 12:49:53,415 - INFO - [Economic Times] Attempt 1/2: Trying with 'requests_browser' strategy...
2026-08-15 12:49:53,676 - ERROR - parsed tree length: 1, wrong data type or not valid HTML
2026-08-15 12:49:53,676 - ERROR - empty HTML tree: None
2026-08-15 12:49:53,676 - WARNING - discarding data: None
2026-08-15 12:49:53,676 - WARNING - [Economic Times] FAILED with 'requests_browser' (content was too short: 0 words).
2026-08-15 12:49:54,631 - INFO - [Economic Times] Article: https://economictimes.indiatimes.com/lk-advanis-gift-makes-its-way-to-state-department-exhibition-hall/articleshow/12017534.cms
2026-08-15 12:49:54,631 - INFO - [Economic Times] Attempt 2/2: Trying with 'selenium_browser' strategy...
2026-08-15 12:49:56,242 - INFO - [Economic Times] Page content loaded.
2026-08-15 12:49:56,338 - INFO - [Economic Times] Success with 'selenium_browser'. Found content (488 words).
2026-08-15 12:49:59,306 - ERROR - Error saving article LK Advani's 'gift' makes its way to State Department exhibition hall - The Economic Times: Hrana: `stream error: `Error { message: "SQLite error: UNIQUE constraint failed: articles.url", code: "SQLITE_CONSTRAINT" }``
2026-08-15 12:50:00,726 - INFO - [Economic Times] Article: https://economictimes.indiatimes.com/india-meteorological-department-to-use-dynamic-models-for-forecasts/articleshow/11983844.cms
2026-08-15 12:50:00,726 - INFO - [Economic Times] Attempt 1/2: Trying with 'requests_browser' strategy...
2026-08-15 12:50:01,021 - ERROR - parsed tree length: 1, wrong data type or not valid HTML
2026-08-15 12:50:01,021 - ERROR - empty HTML tree: None
2026-08-15 12:50:01,021 - WARNING - discarding data: None
2026-08-15 12:50:01,021 - WARNING - [Economic Times] FAILED with 'requests_browser' (content was too short: 0 words).
2026-08-15 12:50:01,664 - INFO - [Economic Times] Article: https://economictimes.indiatimes.com/india-meteorological-department-to-use-dynamic-models-for-forecasts/articleshow/11983844.cms
2026-08-15 12:50:01,664 - INFO - [Economic Times] Attempt 2/2: Trying with 'selenium_browser' strategy...
2026-08-15 12:50:03,300 - INFO - [Economic Times] Page content loaded.
2026-08-15 12:50:03,474 - INFO - [Economic Times] Success with 'selenium_browser'. Found content (187 words).
2026-08-15 12:50:06,398 - ERROR - Error saving article India Meteorological Department to use dynamic models for forecasts - The Economic Times: Hrana: `stream error: `Error { message: "SQLite error: UNIQUE constraint failed: articles.url", code: "SQLITE_CONSTRAINT" }``
2026-08-15 12:50:07,072 - INFO - [Economic Times] Article: https://economictimes.indiatimes.com/documents-reveal-contents-of-the-first-telegraph-message-between-india-england/articleshow/11976488.cms
2026-08-15 12:50:07,072 - INFO - [Economic Times] Attempt 1/2: Trying with 'requests_browser' strategy...
2026-08-15 12:50:07,384 - ERROR - parsed tree length: 1, wrong data type or not valid HTML
2026-08-15 12:50:07,384 - ERROR - empty HTML tree: None
2026-08-15 12:50:07,384 - WARNING - discarding data: None
2026-08-15 12:50:07,384 - WARNING - [Economic Times] FAILED with 'requests_browser' (content was too short: 0 words).
2026-08-15 12:50:08,134 - INFO - [Economic Times] Article: https://economictimes.indiatimes.com/documents-reveal-contents-of-the-first-telegraph-message-between-india-england/articleshow/11976488.cms
2026-08-15 12:50:08,134 - INFO - [Economic Times] Attempt 2/2: Trying with 'selenium_browser' strategy...
2026-08-15 12:50:09,878 - INFO - [Economic Times] Page content loaded.
2026-08-15 12:50:09,992 - INFO - [Economic Times] Success with 'selenium_browser'. Found content (1449 words).
2026-08-15 12:50:12,950 - ERROR - Error saving article Documents reveal contents of the first telegraph message between India & England - The Economic Times: Hrana: `stream error: `Error { message: "SQLite error: UNIQUE constraint failed: articles.url", code: "SQLITE_CONSTRAINT" }``
2026-08-15 12:50:14,338 - INFO - [Economic Times] Article: https://economictimes.indiatimes.com/worried-amitabh-bachchan-fans-pray-to-lord-shiva-for-his-recovery/articleshow/11963187.cms
2026-08-15 12:50:14,338 - INFO - [Economic Times] Attempt 1/2: Trying with 'requests_browser' strategy...
2026-08-15 12:50:14,632 - ERROR - parsed tree length: 1, wrong data type or not valid HTML
2026-08-15 12:50:14,632 - ERROR - empty HTML tree: None
2026-08-15 12:50:14,632 - WARNING - discarding data: None
2026-08-15 12:50:14,632 - WARNING - [Economic Times] FAILED with 'requests_browser' (content was too short: 0 words).
2026-08-15 12:50:15,585 - INFO - [Economic Times] Article: https://economictimes.indiatimes.com/worried-amitabh-bachchan-fans-pray-to-lord-shiva-for-his-recovery/articleshow/11963187.cms
2026-08-15 12:50:15,586 - INFO - [Economic Times] Attempt 2/2: Trying with 'selenium_browser' strategy...
2026-08-15 12:50:17,098 - INFO - [Economic Times] Page content loaded.
2026-08-15 12:50:17,209 - INFO - [Economic Times] Success with 'selenium_browser'. Found content (453 words).
2026-08-15 12:50:20,149 - ERROR - Error saving article Worried Amitabh Bachchan fans pray to Lord Shiva for his recovery - The Economic Times: Hrana: `stream error: `Error { message: "SQLite error: UNIQUE constraint failed: articles.url", code: "SQLITE_CONSTRAINT" }``
2026-08-15 12:50:21,540 - INFO - [Economic Times] Article: https://economictimes.indiatimes.com/opinion/interviews/every-decision-of-government-neednt-be-a-big-reform-anand-mahindra/articleshow/35919571.cms
2026-08-15 12:50:21,540 - INFO - [Economic Times] Attempt 1/2: Trying with 'requests_browser' strategy...
2026-08-15 12:50:21,850 - ERROR - parsed tree length: 1, wrong data type or not valid HTML
2026-08-15 12:50:21,850 - ERROR - empty HTML tree: None
2026-08-15 12:50:21,851 - WARNING - discarding data: None
2026-08-15 12:50:21,851 - WARNING - [Economic Times] FAILED with 'requests_browser' (content was too short: 0 words).
2026-08-15 12:50:22,561 - INFO - [Economic Times] Article: https://economictimes.indiatimes.com/opinion/interviews/every-decision-of-government-neednt-be-a-big-reform-anand-mahindra/articleshow/35919571.cms
2026-08-15 12:50:22,561 - INFO - [Economic Times] Attempt 2/2: Trying with 'selenium_browser' strategy...
2026-08-15 12:50:24,296 - INFO - [Economic Times] Page content loaded.
2026-08-15 12:50:24,480 - INFO - [Economic Times] Success with 'selenium_browser'. Found content (2167 words).
2026-08-15 12:50:26,104 - CRITICAL - --- TIMEOUT: 1 scrape jobs did not complete in 420s. ---
2026-08-15 12:50:26,574 - ERROR - A thread has timed out and will be abandoned.
2026-08-15 12:50:26,574 - INFO - Shutting down thread pool (wait=False)...
2026-08-15 12:50:26,574 - INFO - Scraped: 4 NDTV, 3 Al Jazeera, 5 Times of India, 2 The Hindu, 0 BBC, 0 Wired, 0 Indian Express, 0 TechCrunch, 1 Timed_Out_Jobs articles. (Total saved: 14)
2026-08-15 12:50:26,574 - INFO - --- Scraping job finished ---
2026-08-15 12:50:26,574 - INFO - --- Scraper service stopped. ---
2026-08-15 12:50:26,574 - INFO - --- Main thread finished. Forcing process exit to kill zombie threads. ---
