2026-07-29 16:24:49,235 - INFO - Loading AI Semantic Model (all-MiniLM-L6-v2)...
2026-07-29 16:24:49,236 - INFO - No device provided, using cpu
2026-07-29 16:24:49,349 - INFO - HTTP Request: GET https://huggingface.co/api/agent-harnesses "HTTP/1.1 200 OK"
2026-07-29 16:24:49,418 - INFO - HTTP Request: HEAD https://huggingface.co/sentence-transformers/all-MiniLM-L6-v2/resolve/main/modules.json "HTTP/1.1 307 Temporary Redirect"
2026-07-29 16:24:49,419 - WARNING - Warning: You are sending unauthenticated requests to the HF Hub. Please set a HF_TOKEN to enable higher rate limits and faster downloads.
2026-07-29 16:24:49,424 - INFO - HTTP Request: HEAD https://huggingface.co/api/resolve-cache/models/sentence-transformers/all-MiniLM-L6-v2/1110a243fdf4706b3f48f1d95db1a4f5529b4d41/modules.json "HTTP/1.1 200 OK"
2026-07-29 16:24:49,495 - INFO - HTTP Request: HEAD https://huggingface.co/sentence-transformers/all-MiniLM-L6-v2/resolve/main/config_sentence_transformers.json "HTTP/1.1 307 Temporary Redirect"
2026-07-29 16:24:49,501 - INFO - HTTP Request: HEAD https://huggingface.co/api/resolve-cache/models/sentence-transformers/all-MiniLM-L6-v2/1110a243fdf4706b3f48f1d95db1a4f5529b4d41/config_sentence_transformers.json "HTTP/1.1 200 OK"
2026-07-29 16:24:49,503 - INFO - Loading SentenceTransformer model from sentence-transformers/all-MiniLM-L6-v2.
2026-07-29 16:24:49,570 - INFO - HTTP Request: HEAD https://huggingface.co/sentence-transformers/all-MiniLM-L6-v2/resolve/main/config_sentence_transformers.json "HTTP/1.1 307 Temporary Redirect"
2026-07-29 16:24:49,576 - INFO - HTTP Request: HEAD https://huggingface.co/api/resolve-cache/models/sentence-transformers/all-MiniLM-L6-v2/1110a243fdf4706b3f48f1d95db1a4f5529b4d41/config_sentence_transformers.json "HTTP/1.1 200 OK"
2026-07-29 16:24:49,646 - INFO - HTTP Request: HEAD https://huggingface.co/sentence-transformers/all-MiniLM-L6-v2/resolve/main/README.md "HTTP/1.1 307 Temporary Redirect"
2026-07-29 16:24:49,651 - INFO - HTTP Request: HEAD https://huggingface.co/api/resolve-cache/models/sentence-transformers/all-MiniLM-L6-v2/1110a243fdf4706b3f48f1d95db1a4f5529b4d41/README.md "HTTP/1.1 200 OK"
2026-07-29 16:24:49,656 - INFO - HTTP Request: GET https://huggingface.co/api/resolve-cache/models/sentence-transformers/all-MiniLM-L6-v2/1110a243fdf4706b3f48f1d95db1a4f5529b4d41/README.md "HTTP/1.1 200 OK"
2026-07-29 16:24:49,729 - INFO - HTTP Request: HEAD https://huggingface.co/sentence-transformers/all-MiniLM-L6-v2/resolve/main/modules.json "HTTP/1.1 307 Temporary Redirect"
2026-07-29 16:24:49,734 - INFO - HTTP Request: HEAD https://huggingface.co/api/resolve-cache/models/sentence-transformers/all-MiniLM-L6-v2/1110a243fdf4706b3f48f1d95db1a4f5529b4d41/modules.json "HTTP/1.1 200 OK"
2026-07-29 16:24:49,803 - INFO - HTTP Request: HEAD https://huggingface.co/sentence-transformers/all-MiniLM-L6-v2/resolve/main/sentence_bert_config.json "HTTP/1.1 307 Temporary Redirect"
2026-07-29 16:24:49,809 - INFO - HTTP Request: HEAD https://huggingface.co/api/resolve-cache/models/sentence-transformers/all-MiniLM-L6-v2/1110a243fdf4706b3f48f1d95db1a4f5529b4d41/sentence_bert_config.json "HTTP/1.1 200 OK"
2026-07-29 16:24:49,883 - INFO - HTTP Request: HEAD https://huggingface.co/sentence-transformers/all-MiniLM-L6-v2/resolve/main/adapter_config.json "HTTP/1.1 404 Not Found"
2026-07-29 16:24:49,960 - INFO - HTTP Request: HEAD https://huggingface.co/sentence-transformers/all-MiniLM-L6-v2/resolve/main/config.json "HTTP/1.1 307 Temporary Redirect"
2026-07-29 16:24:49,965 - INFO - HTTP Request: HEAD https://huggingface.co/api/resolve-cache/models/sentence-transformers/all-MiniLM-L6-v2/1110a243fdf4706b3f48f1d95db1a4f5529b4d41/config.json "HTTP/1.1 200 OK"
2026-07-29 16:24:50,081 - INFO - HTTP Request: HEAD https://huggingface.co/sentence-transformers/all-MiniLM-L6-v2/resolve/main/model.safetensors "HTTP/1.1 302 Found"
2026-07-29 16:24:50,278 - INFO - HTTP Request: HEAD https://huggingface.co/sentence-transformers/all-MiniLM-L6-v2/resolve/main/processor_config.json "HTTP/1.1 404 Not Found"
2026-07-29 16:24:50,350 - INFO - HTTP Request: HEAD https://huggingface.co/sentence-transformers/all-MiniLM-L6-v2/resolve/main/preprocessor_config.json "HTTP/1.1 404 Not Found"
2026-07-29 16:24:50,422 - INFO - HTTP Request: HEAD https://huggingface.co/sentence-transformers/all-MiniLM-L6-v2/resolve/main/video_preprocessor_config.json "HTTP/1.1 404 Not Found"
2026-07-29 16:24:50,493 - INFO - HTTP Request: HEAD https://huggingface.co/sentence-transformers/all-MiniLM-L6-v2/resolve/main/preprocessor_config.json "HTTP/1.1 404 Not Found"
2026-07-29 16:24:50,564 - INFO - HTTP Request: HEAD https://huggingface.co/sentence-transformers/all-MiniLM-L6-v2/resolve/main/tokenizer_config.json "HTTP/1.1 307 Temporary Redirect"
2026-07-29 16:24:50,570 - INFO - HTTP Request: HEAD https://huggingface.co/api/resolve-cache/models/sentence-transformers/all-MiniLM-L6-v2/1110a243fdf4706b3f48f1d95db1a4f5529b4d41/tokenizer_config.json "HTTP/1.1 200 OK"
2026-07-29 16:24:50,643 - INFO - HTTP Request: HEAD https://huggingface.co/sentence-transformers/all-MiniLM-L6-v2/resolve/main/config.json "HTTP/1.1 307 Temporary Redirect"
2026-07-29 16:24:50,648 - INFO - HTTP Request: HEAD https://huggingface.co/api/resolve-cache/models/sentence-transformers/all-MiniLM-L6-v2/1110a243fdf4706b3f48f1d95db1a4f5529b4d41/config.json "HTTP/1.1 200 OK"
2026-07-29 16:24:50,724 - INFO - HTTP Request: HEAD https://huggingface.co/sentence-transformers/all-MiniLM-L6-v2/resolve/main/config.json "HTTP/1.1 307 Temporary Redirect"
2026-07-29 16:24:50,729 - INFO - HTTP Request: HEAD https://huggingface.co/api/resolve-cache/models/sentence-transformers/all-MiniLM-L6-v2/1110a243fdf4706b3f48f1d95db1a4f5529b4d41/config.json "HTTP/1.1 200 OK"
2026-07-29 16:24:50,799 - INFO - HTTP Request: HEAD https://huggingface.co/sentence-transformers/all-MiniLM-L6-v2/resolve/main/tokenizer_config.json "HTTP/1.1 307 Temporary Redirect"
2026-07-29 16:24:50,805 - INFO - HTTP Request: HEAD https://huggingface.co/api/resolve-cache/models/sentence-transformers/all-MiniLM-L6-v2/1110a243fdf4706b3f48f1d95db1a4f5529b4d41/tokenizer_config.json "HTTP/1.1 200 OK"
2026-07-29 16:24:50,878 - INFO - HTTP Request: GET https://huggingface.co/api/models/sentence-transformers/all-MiniLM-L6-v2/tree/main/additional_chat_templates?recursive=false&expand=false "HTTP/1.1 404 Not Found"
2026-07-29 16:24:50,952 - INFO - HTTP Request: GET https://huggingface.co/api/models/sentence-transformers/all-MiniLM-L6-v2/tree/main?recursive=true&expand=false "HTTP/1.1 200 OK"
2026-07-29 16:24:51,023 - INFO - HTTP Request: HEAD https://huggingface.co/sentence-transformers/all-MiniLM-L6-v2/resolve/main/vocab.txt "HTTP/1.1 307 Temporary Redirect"
2026-07-29 16:24:51,029 - INFO - HTTP Request: HEAD https://huggingface.co/api/resolve-cache/models/sentence-transformers/all-MiniLM-L6-v2/1110a243fdf4706b3f48f1d95db1a4f5529b4d41/vocab.txt "HTTP/1.1 200 OK"
2026-07-29 16:24:51,100 - INFO - HTTP Request: HEAD https://huggingface.co/sentence-transformers/all-MiniLM-L6-v2/resolve/main/tokenizer.json "HTTP/1.1 307 Temporary Redirect"
2026-07-29 16:24:51,106 - INFO - HTTP Request: HEAD https://huggingface.co/api/resolve-cache/models/sentence-transformers/all-MiniLM-L6-v2/1110a243fdf4706b3f48f1d95db1a4f5529b4d41/tokenizer.json "HTTP/1.1 200 OK"
2026-07-29 16:24:51,177 - INFO - HTTP Request: HEAD https://huggingface.co/sentence-transformers/all-MiniLM-L6-v2/resolve/main/added_tokens.json "HTTP/1.1 404 Not Found"
2026-07-29 16:24:51,248 - INFO - HTTP Request: HEAD https://huggingface.co/sentence-transformers/all-MiniLM-L6-v2/resolve/main/special_tokens_map.json "HTTP/1.1 307 Temporary Redirect"
2026-07-29 16:24:51,254 - INFO - HTTP Request: HEAD https://huggingface.co/api/resolve-cache/models/sentence-transformers/all-MiniLM-L6-v2/1110a243fdf4706b3f48f1d95db1a4f5529b4d41/special_tokens_map.json "HTTP/1.1 200 OK"
2026-07-29 16:24:51,325 - INFO - HTTP Request: HEAD https://huggingface.co/sentence-transformers/all-MiniLM-L6-v2/resolve/main/chat_template.jinja "HTTP/1.1 404 Not Found"
2026-07-29 16:24:51,432 - INFO - HTTP Request: HEAD https://huggingface.co/sentence-transformers/all-MiniLM-L6-v2/resolve/main/1_Pooling/config.json "HTTP/1.1 307 Temporary Redirect"
2026-07-29 16:24:51,437 - INFO - HTTP Request: HEAD https://huggingface.co/api/resolve-cache/models/sentence-transformers/all-MiniLM-L6-v2/1110a243fdf4706b3f48f1d95db1a4f5529b4d41/1_Pooling%2Fconfig.json "HTTP/1.1 200 OK"
2026-07-29 16:24:51,510 - INFO - HTTP Request: GET https://huggingface.co/api/models/sentence-transformers/all-MiniLM-L6-v2 "HTTP/1.1 200 OK"
2026-07-29 16:24:51,513 - INFO - AI Model loaded successfully.
2026-07-29 16:24:51,514 - INFO - --- Scraper service started (CI Mode: Run Once) ---
2026-07-29 16:24:51,514 - INFO - --- Starting new scraping job (Parallel Mode) ---
2026-07-29 16:24:51,514 - INFO - Connecting to SQLite database...
2026-07-29 16:24:57,580 - INFO - Pre-calculating embeddings for 408 cached articles...
2026-07-29 16:25:22,393 - INFO - Cache built: 6299 URLs. Current MAX_ID: 93236
2026-07-29 16:25:22,394 - INFO - Creating new robust session with 3 retries on 5xx/connection/read errors.
2026-07-29 16:25:22,394 - INFO - Proxy is DISABLED.
2026-07-29 16:25:22,394 - INFO - [BBC] (Thread) requires Selenium. Initializing driver...
2026-07-29 16:25:22,395 - INFO - [Times of India] (Thread) requires Selenium. Initializing driver...
2026-07-29 16:25:22,395 - INFO - [The Hindu] (Thread) requires Selenium. Initializing driver...
2026-07-29 16:25:22,396 - INFO - [Al Jazeera] (Thread) requires Selenium. Initializing driver...
2026-07-29 16:25:22,396 - INFO - Starting scrape for TechCrunch RSS feed: https://techcrunch.com/feed/
2026-07-29 16:25:22,396 - INFO - [Economic Times] (Thread) requires Selenium. Initializing driver...
2026-07-29 16:25:22,397 - INFO - [Wired] (Thread) requires Selenium. Initializing driver...
2026-07-29 16:25:22,398 - INFO - [NDTV] (Thread) requires Selenium. Initializing driver...
2026-07-29 16:25:22,399 - INFO - [Indian Express] (Thread) requires Selenium. Initializing driver...
2026-07-29 16:25:22,399 - INFO - Submitted 9 jobs to thread pool. Waiting up to 420s for completion...
2026-07-29 16:25:23,567 - INFO - Found 0 articles in TechCrunch RSS feed. Processing until 8 new articles are saved.
2026-07-29 16:25:25,580 - INFO - Selenium driver initialized successfully (Eager load strategy, 7s timeout).
2026-07-29 16:25:25,580 - INFO - Starting scrape for Economic Times RSS feed: https://economictimes.indiatimes.com/rssfeedsdefault.cms
2026-07-29 16:25:25,608 - INFO - Selenium driver initialized successfully (Eager load strategy, 7s timeout).
2026-07-29 16:25:25,636 - INFO - Starting scrape for Indian Express RSS feed: https://indianexpress.com/feed/
2026-07-29 16:25:25,701 - INFO - Selenium driver initialized successfully (Eager load strategy, 7s timeout).
2026-07-29 16:25:25,701 - INFO - Starting scrape for Times of India RSS feed: https://timesofindia.indiatimes.com/rssfeeds/296589292.cms
2026-07-29 16:25:25,738 - INFO - Selenium driver initialized successfully (Eager load strategy, 7s timeout).
2026-07-29 16:25:25,738 - INFO - Starting scrape for NDTV RSS feed: https://feeds.feedburner.com/ndtvnews-top-stories
2026-07-29 16:25:25,849 - INFO - Selenium driver initialized successfully (Eager load strategy, 7s timeout).
2026-07-29 16:25:25,849 - INFO - Starting scrape for Al Jazeera RSS feed: https://www.aljazeera.com/xml/rss/all.xml
2026-07-29 16:25:25,859 - INFO - Selenium driver initialized successfully (Eager load strategy, 7s timeout).
2026-07-29 16:25:25,860 - INFO - Starting scrape for The Hindu RSS feed: https://www.thehindu.com/news/national/feeder/default.rss
2026-07-29 16:25:25,901 - INFO - Selenium driver initialized successfully (Eager load strategy, 7s timeout).
2026-07-29 16:25:25,902 - INFO - Starting scrape for BBC RSS feed: http://feeds.bbci.co.uk/news/world/rss.xml
2026-07-29 16:25:25,919 - INFO - Selenium driver initialized successfully (Eager load strategy, 7s timeout).
2026-07-29 16:25:25,919 - INFO - Starting scrape for Wired RSS feed: https://www.wired.com/feed/rss
2026-07-29 16:25:25,987 - INFO - Found 20 articles in Times of India RSS feed. Processing until 20 new articles are saved.
2026-07-29 16:25:25,987 - INFO - [Times of India] Article: https://timesofindia.indiatimes.com/world/rest-of-world/researchers-mapped-5600km-of-canadas-coast-using-170-years-of-records-kelp-persistence-reached-88-in-cold-waters-but-fell-to-52-in-warmer-sheltered-areas/articleshow/132716105.cms
2026-07-29 16:25:25,988 - INFO - [Times of India] Attempt 1/1: Trying with 'selenium_browser' strategy...
2026-07-29 16:25:26,104 - INFO - Found 60 articles in The Hindu RSS feed. Processing until 20 new articles are saved.
2026-07-29 16:25:26,112 - INFO - [The Hindu] Article: https://www.thehindu.com/news/national/kerala/attack-on-ed-officials-kerala-hc-seeks-state-govts-response-in-bail-plea-of-accused/article71282671.ece
2026-07-29 16:25:26,112 - INFO - [The Hindu] Attempt 1/1: Trying with 'selenium_browser' strategy...
2026-07-29 16:25:26,130 - INFO - Found 25 articles in Al Jazeera RSS feed. Processing until 8 new articles are saved.
2026-07-29 16:25:26,130 - INFO - [Al Jazeera] Article: https://www.aljazeera.com/sports/2026/7/29/ex-fifa-chief-blatter-blasts-plan-to-sell-stake-in-world-cup-to-investors?traffic_source=rss
2026-07-29 16:25:26,132 - INFO - [Al Jazeera] Attempt 1/2: Trying with 'requests_browser' strategy...
2026-07-29 16:25:26,182 - INFO - Found 25 articles in BBC RSS feed. Processing until 10 new articles are saved.
2026-07-29 16:25:26,183 - INFO - [BBC] Early skip: URL https://www.bbc.co.uk/news/articles/cgk43y21j0do?at_medium=RSS&at_campaign=rss already exists.
2026-07-29 16:25:26,184 - INFO - [BBC] Early skip: URL https://www.bbc.co.uk/news/articles/c70g6y24d76o?at_medium=RSS&at_campaign=rss already exists.
2026-07-29 16:25:26,188 - INFO - [BBC] Early skip: URL https://www.bbc.co.uk/news/articles/cwyjgwg8jddo?at_medium=RSS&at_campaign=rss already exists.
2026-07-29 16:25:26,193 - INFO - [BBC] Early skip: URL https://www.bbc.co.uk/news/articles/cdx85vkk0gko?at_medium=RSS&at_campaign=rss already exists.
2026-07-29 16:25:26,194 - INFO - [BBC] Early skip: URL https://www.bbc.co.uk/news/articles/cj4kexqkpzno?at_medium=RSS&at_campaign=rss already exists.
2026-07-29 16:25:26,201 - INFO - [BBC] Early skip: URL https://www.bbc.co.uk/news/articles/cd7lg2nz2x2o?at_medium=RSS&at_campaign=rss already exists.
2026-07-29 16:25:26,206 - INFO - [BBC] Early skip: URL https://www.bbc.co.uk/news/articles/c3ekn9d37qvo?at_medium=RSS&at_campaign=rss already exists.
2026-07-29 16:25:26,213 - INFO - [BBC] Early skip: URL https://www.bbc.co.uk/news/articles/c9q90qvwe14o?at_medium=RSS&at_campaign=rss already exists.
2026-07-29 16:25:26,220 - INFO - [BBC] Early skip: URL https://www.bbc.co.uk/news/articles/c204n74xyv3o?at_medium=RSS&at_campaign=rss already exists.
2026-07-29 16:25:26,221 - INFO - [BBC] Early skip: URL https://www.bbc.co.uk/news/articles/crmrkgr4z0jo?at_medium=RSS&at_campaign=rss already exists.
2026-07-29 16:25:26,225 - INFO - [BBC] Early skip: URL https://www.bbc.co.uk/news/articles/c0rd1kl1825o?at_medium=RSS&at_campaign=rss already exists.
2026-07-29 16:25:26,227 - INFO - [BBC] Early skip: URL https://www.bbc.co.uk/news/articles/cp9e2ex3ekyo?at_medium=RSS&at_campaign=rss already exists.
2026-07-29 16:25:26,232 - INFO - [BBC] Early skip: URL https://www.bbc.co.uk/news/videos/c3r0pg0dgrgo?at_medium=RSS&at_campaign=rss already exists.
2026-07-29 16:25:26,242 - INFO - [BBC] Early skip: URL https://www.bbc.co.uk/news/articles/cj4k2z8z45ro?at_medium=RSS&at_campaign=rss already exists.
2026-07-29 16:25:26,245 - INFO - [BBC] Early skip: URL https://www.bbc.co.uk/news/articles/crmrnxp4nllo?at_medium=RSS&at_campaign=rss already exists.
2026-07-29 16:25:26,247 - INFO - [BBC] Early skip: URL https://www.bbc.co.uk/news/articles/cvgw52l5kyyo?at_medium=RSS&at_campaign=rss already exists.
2026-07-29 16:25:26,250 - INFO - [BBC] Early skip: URL https://www.bbc.co.uk/news/articles/clyxgn37lg5o?at_medium=RSS&at_campaign=rss already exists.
2026-07-29 16:25:26,251 - INFO - [BBC] Early skip: URL https://www.bbc.co.uk/news/articles/c4gx399l0wyo?at_medium=RSS&at_campaign=rss already exists.
2026-07-29 16:25:26,253 - INFO - [BBC] Early skip: URL https://www.bbc.co.uk/news/articles/ckgdz0420xzo?at_medium=RSS&at_campaign=rss already exists.
2026-07-29 16:25:26,258 - INFO - [BBC] Early skip: URL https://www.bbc.co.uk/news/articles/cdx7n1r54nno?at_medium=RSS&at_campaign=rss already exists.
2026-07-29 16:25:26,260 - INFO - [BBC] Early skip: URL https://www.bbc.co.uk/news/articles/cj638jx0l53o?at_medium=RSS&at_campaign=rss already exists.
2026-07-29 16:25:26,263 - INFO - Found 50 articles in Wired RSS feed. Processing until 10 new articles are saved.
2026-07-29 16:25:26,263 - INFO - [Wired] Article: https://www.wired.com/story/x-says-australias-under-16s-social-media-bans-risk-interfering-with-foreign-law/
2026-07-29 16:25:26,263 - INFO - [Wired] Attempt 1/2: Trying with 'requests_browser' strategy...
2026-07-29 16:25:26,269 - INFO - Found 20 articles in NDTV RSS feed. Processing until 10 new articles are saved.
2026-07-29 16:25:26,269 - INFO - [NDTV] Article: https://www.ndtv.com/india-news/mumbai-civic-body-bmc-scorpios-pain-in-the-back-mumbai-civic-body-seeks-to-buy-pricier-innovas-11839563#publisher=newsstand
2026-07-29 16:25:26,269 - INFO - [NDTV] Attempt 1/2: Trying with 'requests_browser' strategy...
2026-07-29 16:25:26,270 - INFO - [BBC] Article: https://www.bbc.co.uk/news/videos/cly8xvvj8yro?at_medium=RSS&at_campaign=rss
2026-07-29 16:25:26,272 - INFO - [BBC] Attempt 1/2: Trying with 'requests_browser' strategy...
2026-07-29 16:25:26,291 - INFO - [Al Jazeera] Success with 'requests_browser'. Found content (350 words).
2026-07-29 16:25:26,444 - ERROR - [NDTV] Request failed for strategy 'requests_browser' on URL https://www.ndtv.com/india-news/mumbai-civic-body-bmc-scorpios-pain-in-the-back-mumbai-civic-body-seeks-to-buy-pricier-innovas-11839563#publisher=newsstand: 403 Client Error: Forbidden for url: https://www.ndtv.com/india-news/mumbai-civic-body-bmc-scorpios-pain-in-the-back-mumbai-civic-body-seeks-to-buy-pricier-innovas-11839563#publisher=newsstand
2026-07-29 16:25:26,487 - ERROR - parsed tree length: 1, wrong data type or not valid HTML
2026-07-29 16:25:26,487 - ERROR - empty HTML tree: None
2026-07-29 16:25:26,487 - WARNING - discarding data: None
2026-07-29 16:25:26,487 - WARNING - [Wired] FAILED with 'requests_browser' (content was too short: 0 words).
2026-07-29 16:25:26,561 - INFO - Found 200 articles in Indian Express RSS feed. Processing until 10 new articles are saved.
2026-07-29 16:25:26,568 - INFO - [Indian Express] Article: https://indianexpress.com/article/cities/pune/mobility-smart-card-buses-extended-september-1-10809373/
2026-07-29 16:25:26,568 - INFO - [Indian Express] Attempt 1/1: Trying with 'selenium_browser' strategy...
2026-07-29 16:25:28,309 - INFO - [NDTV] Article: https://www.ndtv.com/india-news/mumbai-civic-body-bmc-scorpios-pain-in-the-back-mumbai-civic-body-seeks-to-buy-pricier-innovas-11839563#publisher=newsstand
2026-07-29 16:25:28,309 - INFO - [NDTV] Attempt 2/2: Trying with 'selenium_browser' strategy...
2026-07-29 16:25:29,756 - INFO - [Indian Express] Page content loaded.
2026-07-29 16:25:29,757 - INFO - [Wired] Article: https://www.wired.com/story/x-says-australias-under-16s-social-media-bans-risk-interfering-with-foreign-law/
2026-07-29 16:25:29,757 - INFO - [Wired] Attempt 2/2: Trying with 'selenium_browser' strategy...
2026-07-29 16:25:29,758 - INFO - [The Hindu] Page content loaded.
2026-07-29 16:25:30,057 - INFO - >>> SUCCESSFULLY SAVED [ID: 93237] - Ex-FIFA chief Blatter blasts plan to sell stake in World Cup to investors | Football News | Al Jazeera from Al Jazeera (350 words)
2026-07-29 16:25:30,170 - INFO - Found 76 articles in Economic Times RSS feed. Processing until 20 new articles are saved.
2026-07-29 16:25:30,170 - INFO - [Economic Times] Article: https://economictimes.indiatimes.com/markets/stocks/earnings/jk-bank-q1-profit-slips-13-as-higher-provisions-hit-earnings/articleshow/132716700.cms
2026-07-29 16:25:30,170 - INFO - [Economic Times] Attempt 1/2: Trying with 'requests_browser' strategy...
2026-07-29 16:25:30,331 - WARNING - [BBC] FAILED with 'requests_browser' (content was too short: 49 words).
2026-07-29 16:25:30,775 - INFO - [The Hindu] Success with 'selenium_browser'. Found content (155 words).
2026-07-29 16:25:30,969 - INFO - [BBC] Article: https://www.bbc.co.uk/news/videos/cly8xvvj8yro?at_medium=RSS&at_campaign=rss
2026-07-29 16:25:30,969 - INFO - [BBC] Attempt 2/2: Trying with 'selenium_browser' strategy...
2026-07-29 16:25:31,028 - ERROR - parsed tree length: 1, wrong data type or not valid HTML
2026-07-29 16:25:31,028 - ERROR - empty HTML tree: None
2026-07-29 16:25:31,028 - WARNING - discarding data: None
2026-07-29 16:25:31,028 - WARNING - [Economic Times] FAILED with 'requests_browser' (content was too short: 0 words).
2026-07-29 16:25:31,069 - INFO - [Al Jazeera] Article: https://www.aljazeera.com/news/2026/7/29/trump-says-us-to-deliver-beating-to-iran-after-bases-again-targeted?traffic_source=rss
2026-07-29 16:25:31,069 - INFO - [Al Jazeera] Attempt 1/2: Trying with 'requests_browser' strategy...
2026-07-29 16:25:31,563 - INFO - [Al Jazeera] Success with 'requests_browser'. Found content (749 words).
2026-07-29 16:25:31,778 - INFO - [Economic Times] Article: https://economictimes.indiatimes.com/markets/stocks/earnings/jk-bank-q1-profit-slips-13-as-higher-provisions-hit-earnings/articleshow/132716700.cms
2026-07-29 16:25:31,778 - INFO - [Economic Times] Attempt 2/2: Trying with 'selenium_browser' strategy...
2026-07-29 16:25:32,980 - INFO - [Indian Express] Success with 'selenium_browser'. Found content (374 words).
2026-07-29 16:25:36,781 - INFO - [NDTV] Page content loaded.
2026-07-29 16:25:37,048 - INFO - >>> SUCCESSFULLY SAVED [ID: 93238] - Trump says US to deliver ‘beating’ to Iran after bases again targeted | Donald Trump News | Al Jazeera from Al Jazeera (749 words)
2026-07-29 16:25:37,138 - WARNING - [Wired] Page get timed out (7s). Proceeding to grab partial source anyway.
2026-07-29 16:25:39,785 - INFO - [Al Jazeera] Article: https://www.aljazeera.com/opinions/2026/7/29/why-saudi-arabia-holds-the-key-to-palestinian-statehood?traffic_source=rss
2026-07-29 16:25:41,081 - INFO - [Al Jazeera] Attempt 1/2: Trying with 'requests_browser' strategy...
2026-07-29 16:25:41,107 - INFO - [BBC] Page content loaded.
2026-07-29 16:25:41,120 - INFO - >>> SUCCESSFULLY SAVED [ID: 93239] - Attack on ED officials: Kerala HC seeks State govt.’s response in bail plea of accused - The Hindu from The Hindu (155 words)
2026-07-29 16:25:41,459 - INFO - [Al Jazeera] Success with 'requests_browser'. Found content (1084 words).
2026-07-29 16:25:41,753 - INFO - [The Hindu] Article: https://www.thehindu.com/news/national/nadda-reviews-neet-ug-counselling-2026-preparedness/article71282356.ece
2026-07-29 16:25:41,753 - INFO - [The Hindu] Attempt 1/1: Trying with 'selenium_browser' strategy...
2026-07-29 16:25:41,805 - INFO - [NDTV] Success with 'selenium_browser'. Found content (480 words).
2026-07-29 16:25:45,425 - INFO - >>> SUCCESSFULLY SAVED [ID: 93240] - Deadline for mandatory mobility smart card in buses extended to September 1 | Pune News - The Indian Express from Indian Express (374 words)
2026-07-29 16:25:46,686 - INFO - [Indian Express] Article: https://indianexpress.com/article/cities/bangalore/bengaluru-man-faking-disability-begging-viral-video-sumanahalli-10809432/
2026-07-29 16:25:46,686 - INFO - [Indian Express] Attempt 1/1: Trying with 'selenium_browser' strategy...
2026-07-29 16:25:49,976 - INFO - >>> SUCCESSFULLY SAVED [ID: 93241] - Why Saudi Arabia holds the key to Palestinian statehood | Opinions | Al Jazeera from Al Jazeera (1084 words)
2026-07-29 16:25:51,557 - INFO - [Al Jazeera] Article: https://www.aljazeera.com/video/newsfeed/2026/7/29/29-07-sv-india-student-arrests-in?traffic_source=rss
2026-07-29 16:25:51,558 - INFO - [Al Jazeera] Attempt 1/2: Trying with 'requests_browser' strategy...
2026-07-29 16:25:51,886 - WARNING - [Al Jazeera] FAILED with 'requests_browser' (content was too short: 65 words).
2026-07-29 16:25:52,239 - INFO - [BBC] Success with 'selenium_browser'. Found content (210 words).
2026-07-29 16:25:53,825 - INFO - [Al Jazeera] Article: https://www.aljazeera.com/video/newsfeed/2026/7/29/29-07-sv-india-student-arrests-in?traffic_source=rss
2026-07-29 16:25:53,846 - INFO - [Al Jazeera] Attempt 2/2: Trying with 'selenium_browser' strategy...
2026-07-29 16:25:55,616 - INFO - >>> SUCCESSFULLY SAVED [ID: 93242] - Mumbai Civic Body, BMC: Scorpios 'Pain In The Back', Mumbai Civic Body Seeks To Buy Pricier Innovas from NDTV (480 words)
2026-07-29 16:25:57,615 - INFO - [NDTV] Article: https://www.ndtv.com/world-news/ukraine-calls-out-russia-urges-india-to-act-after-attacks-on-sailors-11839568#publisher=newsstand
2026-07-29 16:25:57,615 - INFO - [NDTV] Attempt 1/2: Trying with 'requests_browser' strategy...
2026-07-29 16:25:59,309 - INFO - >>> SUCCESSFULLY SAVED [ID: 93243] - Planes dump water on French wildfires as temperatures rise from BBC (210 words)
2026-07-29 16:25:59,527 - ERROR - [NDTV] Request failed for strategy 'requests_browser' on URL https://www.ndtv.com/world-news/ukraine-calls-out-russia-urges-india-to-act-after-attacks-on-sailors-11839568#publisher=newsstand: 403 Client Error: Forbidden for url: https://www.ndtv.com/world-news/ukraine-calls-out-russia-urges-india-to-act-after-attacks-on-sailors-11839568#publisher=newsstand
2026-07-29 16:25:59,742 - WARNING - [The Hindu] Page get timed out (7s). Proceeding to grab partial source anyway.
2026-07-29 16:25:59,873 - INFO - [Wired] Page content loaded.
2026-07-29 16:26:00,230 - INFO - [The Hindu] Page content loaded.
2026-07-29 16:26:00,283 - INFO - [NDTV] Article: https://www.ndtv.com/world-news/ukraine-calls-out-russia-urges-india-to-act-after-attacks-on-sailors-11839568#publisher=newsstand
2026-07-29 16:26:00,283 - INFO - [NDTV] Attempt 2/2: Trying with 'selenium_browser' strategy...
2026-07-29 16:26:00,771 - INFO - [BBC] Early skip: URL https://www.bbc.co.uk/news/videos/c4g3600xw5ko?at_medium=RSS&at_campaign=rss already exists.
2026-07-29 16:26:00,773 - INFO - [BBC] Early skip: URL https://www.bbc.co.uk/news/videos/c98v94dmmz0o?at_medium=RSS&at_campaign=rss already exists.
2026-07-29 16:26:00,797 - INFO - [BBC] Early skip: URL https://www.bbc.co.uk/news/videos/c1l1d429m8eo?at_medium=RSS&at_campaign=rss already exists.
2026-07-29 16:26:00,818 - INFO - [BBC] (Thread) Finished. Attempting to shut down its Selenium driver.
2026-07-29 16:26:00,898 - INFO - [The Hindu] Success with 'selenium_browser'. Found content (461 words).
2026-07-29 16:26:01,156 - INFO - [BBC] (Thread) driver.quit() successful.
2026-07-29 16:26:04,420 - INFO - [Al Jazeera] Page content loaded.
2026-07-29 16:26:04,726 - INFO - >>> SUCCESSFULLY SAVED [ID: 93244] - Nadda reviews NEET UG counselling 2026 preparedness - The Hindu from The Hindu (461 words)
2026-07-29 16:26:04,934 - WARNING - [Al Jazeera] FAILED with 'selenium_browser' (content was too short: 65 words).
2026-07-29 16:26:04,934 - ERROR - [Al Jazeera] All scrape strategies failed for https://www.aljazeera.com/video/newsfeed/2026/7/29/29-07-sv-india-student-arrests-in?traffic_source=rss. Falling back to RSS description.
2026-07-29 16:26:04,934 - WARNING - SKIPPED (GLOBAL WORD LIMIT): Article 'Indian student in Russia says he’s been wrongly charged over Bihar protests' from Al Jazeera has only 17 words (Min: 90).
2026-07-29 16:26:05,458 - INFO - [Al Jazeera] Article: https://www.aljazeera.com/video/newsfeed/2026/7/29/us-and-israeli-leaders-expected-swift-outcome-in-iran?traffic_source=rss
2026-07-29 16:26:05,458 - INFO - [Al Jazeera] Attempt 1/2: Trying with 'requests_browser' strategy...
2026-07-29 16:26:05,479 - INFO - [The Hindu] Article: https://www.thehindu.com/news/national/kerala/hindutva-ideologue-tg-mohandas-booked-over-controversial-remarks-on-jantar-mantar-protestors/article71280103.ece
2026-07-29 16:26:05,479 - INFO - [The Hindu] Attempt 1/1: Trying with 'selenium_browser' strategy...
2026-07-29 16:26:05,730 - WARNING - [Al Jazeera] FAILED with 'requests_browser' (content was too short: 67 words).
2026-07-29 16:26:06,572 - INFO - [Al Jazeera] Article: https://www.aljazeera.com/video/newsfeed/2026/7/29/us-and-israeli-leaders-expected-swift-outcome-in-iran?traffic_source=rss
2026-07-29 16:26:06,572 - INFO - [Al Jazeera] Attempt 2/2: Trying with 'selenium_browser' strategy...
2026-07-29 16:26:07,030 - INFO - [NDTV] Page content loaded.
2026-07-29 16:26:08,353 - INFO - [NDTV] Success with 'selenium_browser'. Found content (594 words).
2026-07-29 16:26:12,249 - INFO - >>> SUCCESSFULLY SAVED [ID: 93245] - Ukraine Calls Out Russia, Urges India To Act After Attacks On Sailors from NDTV (594 words)
2026-07-29 16:26:13,325 - INFO - [NDTV] Article: https://www.ndtv.com/india-news/rahul-gandhi-demands-accountability-over-crackdown-on-students-bjp-hits-back-11839294#publisher=newsstand
2026-07-29 16:26:13,325 - INFO - [NDTV] Attempt 1/2: Trying with 'requests_browser' strategy...
2026-07-29 16:26:13,736 - ERROR - [NDTV] Request failed for strategy 'requests_browser' on URL https://www.ndtv.com/india-news/rahul-gandhi-demands-accountability-over-crackdown-on-students-bjp-hits-back-11839294#publisher=newsstand: 403 Client Error: Forbidden for url: https://www.ndtv.com/india-news/rahul-gandhi-demands-accountability-over-crackdown-on-students-bjp-hits-back-11839294#publisher=newsstand
2026-07-29 16:26:14,368 - INFO - [NDTV] Article: https://www.ndtv.com/india-news/rahul-gandhi-demands-accountability-over-crackdown-on-students-bjp-hits-back-11839294#publisher=newsstand
2026-07-29 16:26:14,368 - INFO - [NDTV] Attempt 2/2: Trying with 'selenium_browser' strategy...
2026-07-29 16:26:14,877 - INFO - [Al Jazeera] Page content loaded.
2026-07-29 16:26:15,827 - INFO - [Wired] Success with 'selenium_browser'. Found content (489 words).
2026-07-29 16:26:16,241 - WARNING - [Al Jazeera] FAILED with 'selenium_browser' (content was too short: 71 words).
2026-07-29 16:26:16,263 - ERROR - [Al Jazeera] All scrape strategies failed for https://www.aljazeera.com/video/newsfeed/2026/7/29/us-and-israeli-leaders-expected-swift-outcome-in-iran?traffic_source=rss. Falling back to RSS description.
2026-07-29 16:26:16,263 - WARNING - SKIPPED (GLOBAL WORD LIMIT): Article 'US and Israeli leaders expected ‘swift outcome’ in Iran' from Al Jazeera has only 20 words (Min: 90).
2026-07-29 16:26:17,220 - INFO - DEDUPLICATION: Found match (Score: 0.84). Linking to Cluster ID: ae04c9b1-0975-406b-b7ff-b4644fbd6fe9
2026-07-29 16:26:18,704 - INFO - [Al Jazeera] Article: https://www.aljazeera.com/video/newsfeed/2026/7/29/there-is-no-ceasefire-say-palestinians-in-gaza-after-new-israeli-strikes?traffic_source=rss
2026-07-29 16:26:18,704 - INFO - [Al Jazeera] Attempt 1/2: Trying with 'requests_browser' strategy...
2026-07-29 16:26:20,167 - WARNING - [The Hindu] Page get timed out (7s). Proceeding to grab partial source anyway.
2026-07-29 16:26:20,444 - INFO - >>> SUCCESSFULLY SAVED [ID: 93246] - X Says Australia’s Under-16 Social Media Ban Risks Interfering With Foreign Law | WIRED from Wired (489 words)
2026-07-29 16:26:20,584 - WARNING - [Al Jazeera] FAILED with 'requests_browser' (content was too short: 63 words).
2026-07-29 16:26:20,593 - INFO - [NDTV] Page content loaded.
2026-07-29 16:26:21,156 - INFO - [Al Jazeera] Article: https://www.aljazeera.com/video/newsfeed/2026/7/29/there-is-no-ceasefire-say-palestinians-in-gaza-after-new-israeli-strikes?traffic_source=rss
2026-07-29 16:26:21,156 - INFO - [Al Jazeera] Attempt 2/2: Trying with 'selenium_browser' strategy...
2026-07-29 16:26:21,677 - INFO - [NDTV] Success with 'selenium_browser'. Found content (563 words).
2026-07-29 16:26:21,771 - INFO - [Wired] Article: https://www.wired.com/story/best-festival-gear/
2026-07-29 16:26:21,771 - INFO - [Wired] Attempt 1/2: Trying with 'requests_browser' strategy...
2026-07-29 16:26:22,112 - ERROR - parsed tree length: 1, wrong data type or not valid HTML
2026-07-29 16:26:22,112 - ERROR - empty HTML tree: None
2026-07-29 16:26:22,113 - WARNING - discarding data: None
2026-07-29 16:26:22,113 - WARNING - [Wired] FAILED with 'requests_browser' (content was too short: 0 words).
2026-07-29 16:26:22,634 - INFO - [Wired] Article: https://www.wired.com/story/best-festival-gear/
2026-07-29 16:26:22,634 - INFO - [Wired] Attempt 2/2: Trying with 'selenium_browser' strategy...
2026-07-29 16:26:26,794 - INFO - >>> SUCCESSFULLY SAVED [ID: 93247] - Rahul Gandhi Demands Accountability Over Crackdown On Students, BJP Hits Back from NDTV (563 words)
2026-07-29 16:26:27,248 - WARNING - [The Hindu] Page explicit wait timed out (3s). Proceeding anyway.
2026-07-29 16:26:28,058 - INFO - [NDTV] Article: https://www.ndtv.com/india-news/iit-kharagpur-professor-found-dead-inside-campus-suicide-note-found-11839355#publisher=newsstand
2026-07-29 16:26:28,058 - INFO - [NDTV] Attempt 1/2: Trying with 'requests_browser' strategy...
2026-07-29 16:26:28,369 - INFO - [Al Jazeera] Page content loaded.
2026-07-29 16:26:28,426 - ERROR - [NDTV] Request failed for strategy 'requests_browser' on URL https://www.ndtv.com/india-news/iit-kharagpur-professor-found-dead-inside-campus-suicide-note-found-11839355#publisher=newsstand: 403 Client Error: Forbidden for url: https://www.ndtv.com/india-news/iit-kharagpur-professor-found-dead-inside-campus-suicide-note-found-11839355#publisher=newsstand
2026-07-29 16:26:29,131 - INFO - [NDTV] Article: https://www.ndtv.com/india-news/iit-kharagpur-professor-found-dead-inside-campus-suicide-note-found-11839355#publisher=newsstand
2026-07-29 16:26:29,131 - INFO - [NDTV] Attempt 2/2: Trying with 'selenium_browser' strategy...
2026-07-29 16:26:29,745 - WARNING - [Al Jazeera] FAILED with 'selenium_browser' (content was too short: 67 words).
2026-07-29 16:26:29,746 - ERROR - [Al Jazeera] All scrape strategies failed for https://www.aljazeera.com/video/newsfeed/2026/7/29/there-is-no-ceasefire-say-palestinians-in-gaza-after-new-israeli-strikes?traffic_source=rss. Falling back to RSS description.
2026-07-29 16:26:29,746 - WARNING - SKIPPED (GLOBAL WORD LIMIT): Article '‘There is no ceasefire’ say Palestinians in Gaza after new Israeli strikes' from Al Jazeera has only 12 words (Min: 90).
2026-07-29 16:26:30,606 - INFO - [Al Jazeera] Article: https://www.aljazeera.com/video/newsfeed/2026/7/29/how-a-seaweed-bloom-is-affecting-tourism-in-mexico?traffic_source=rss
2026-07-29 16:26:30,606 - INFO - [Al Jazeera] Attempt 1/2: Trying with 'requests_browser' strategy...
2026-07-29 16:26:30,910 - WARNING - [Al Jazeera] FAILED with 'requests_browser' (content was too short: 60 words).
2026-07-29 16:26:31,609 - INFO - [Al Jazeera] Article: https://www.aljazeera.com/video/newsfeed/2026/7/29/how-a-seaweed-bloom-is-affecting-tourism-in-mexico?traffic_source=rss
2026-07-29 16:26:31,609 - INFO - [Al Jazeera] Attempt 2/2: Trying with 'selenium_browser' strategy...
2026-07-29 16:26:33,956 - INFO - [NDTV] Page content loaded.
2026-07-29 16:26:34,369 - ERROR - [The Hindu] Request failed for strategy 'selenium_browser' on URL https://www.thehindu.com/news/national/kerala/hindutva-ideologue-tg-mohandas-booked-over-controversial-remarks-on-jantar-mantar-protestors/article71280103.ece: Message: timeout: Timed out receiving message from renderer: 7.000
  (Session info: chrome=151.0.7922.47)
Stacktrace:
#0 0x55760b49f75a <unknown>
#1 0x55760ae12f49 <unknown>
#2 0x55760adfa9af <unknown>
#3 0x55760adfa626 <unknown>
#4 0x55760adf8208 <unknown>
#5 0x55760adf8b8f <unknown>
#6 0x55760ae07cf0 <unknown>
#7 0x55760ae21cb7 <unknown>
#8 0x55760ae2968b <unknown>
#9 0x55760adf92e9 <unknown>
#10 0x55760ae21a12 <unknown>
#11 0x55760aeb0fe6 <unknown>
#12 0x55760ae5bcb2 <unknown>
#13 0x55760ae5cb31 <unknown>
#14 0x55760b464ae0 <unknown>
#15 0x55760b46315a <unknown>
#16 0x55760b44db85 <unknown>
#17 0x55760b463e1a <unknown>
#18 0x55760b435a80 <unknown>
#19 0x55760b48b138 <unknown>
#20 0x55760b48b2d5 <unknown>
#21 0x55760b49e30e <unknown>
#22 0x7f8f8189caa4 <unknown>
#23 0x7f8f81929c6c <unknown>

2026-07-29 16:26:34,369 - ERROR - [The Hindu] All scrape strategies failed for https://www.thehindu.com/news/national/kerala/hindutva-ideologue-tg-mohandas-booked-over-controversial-remarks-on-jantar-mantar-protestors/article71280103.ece. Falling back to RSS description.
2026-07-29 16:26:34,369 - WARNING - SKIPPED (GLOBAL WORD LIMIT): Article 'Hindutva ideologue T.G. Mohandas booked over controversial remarks on Jantar Mantar protesters' from The Hindu has only 24 words (Min: 90).
2026-07-29 16:26:35,006 - INFO - [NDTV] Success with 'selenium_browser'. Found content (349 words).
2026-07-29 16:26:35,051 - INFO - [The Hindu] Article: https://www.thehindu.com/news/national/andhra-pradesh/eviction-looms-over-258-shop-owners-at-vijayawadas-lenin-centre/article71282694.ece
2026-07-29 16:26:35,052 - INFO - [The Hindu] Attempt 1/1: Trying with 'selenium_browser' strategy...
2026-07-29 16:26:36,113 - INFO - [Al Jazeera] Page content loaded.
2026-07-29 16:26:36,542 - WARNING - [Al Jazeera] FAILED with 'selenium_browser' (content was too short: 64 words).
2026-07-29 16:26:36,542 - ERROR - [Al Jazeera] All scrape strategies failed for https://www.aljazeera.com/video/newsfeed/2026/7/29/how-a-seaweed-bloom-is-affecting-tourism-in-mexico?traffic_source=rss. Falling back to RSS description.
2026-07-29 16:26:36,543 - WARNING - SKIPPED (GLOBAL WORD LIMIT): Article 'How a seaweed bloom is affecting tourism in Mexico' from Al Jazeera has only 17 words (Min: 90).
2026-07-29 16:26:38,396 - INFO - [Al Jazeera] Early skip: URL https://www.aljazeera.com/features/2026/7/29/fragile-peace-in-syrias-set-zaynab-as-sectarian-challenges-persist?traffic_source=rss already exists.
2026-07-29 16:26:38,864 - INFO - [Al Jazeera] Early skip: URL https://www.aljazeera.com/news/2026/7/29/how-are-ai-models-able-to-autonomously-hack-others?traffic_source=rss already exists.
2026-07-29 16:26:39,823 - INFO - [Al Jazeera] Early skip: URL https://www.aljazeera.com/sports/2026/7/29/infantino-sets-deadline-for-fifa-offer-in-kushner-backed-world-cup-plan?traffic_source=rss already exists.
2026-07-29 16:26:40,083 - INFO - [Al Jazeera] Early skip: URL https://www.aljazeera.com/economy/2026/7/29/us-bans-imports-of-new-chinese-robots-over-security-concerns?traffic_source=rss already exists.
2026-07-29 16:26:40,083 - INFO - >>> SUCCESSFULLY SAVED [ID: 93248] - IIT Kharagpur Professor Found Dead Inside Campus, Suicide Note Found from NDTV (349 words)
2026-07-29 16:26:40,086 - INFO - [Al Jazeera] Article: https://www.aljazeera.com/video/newsfeed/2026/7/29/bjp-politicians-daughter-explains-why-she-supports-indias-youth-protests?traffic_source=rss
2026-07-29 16:26:40,086 - INFO - [Al Jazeera] Attempt 1/2: Trying with 'requests_browser' strategy...
2026-07-29 16:26:40,227 - WARNING - [Wired] Page get timed out (7s). Proceeding to grab partial source anyway.
2026-07-29 16:26:40,580 - WARNING - [Al Jazeera] FAILED with 'requests_browser' (content was too short: 51 words).
2026-07-29 16:26:40,618 - INFO - [NDTV] Article: https://www.ndtv.com/india-news/some-vehicles-made-before-2016-may-need-minor-changes-for-e20-nitin-gadkari-11839273#publisher=newsstand
2026-07-29 16:26:40,624 - INFO - [NDTV] Attempt 1/2: Trying with 'requests_browser' strategy...
2026-07-29 16:26:40,899 - ERROR - [NDTV] Request failed for strategy 'requests_browser' on URL https://www.ndtv.com/india-news/some-vehicles-made-before-2016-may-need-minor-changes-for-e20-nitin-gadkari-11839273#publisher=newsstand: 403 Client Error: Forbidden for url: https://www.ndtv.com/india-news/some-vehicles-made-before-2016-may-need-minor-changes-for-e20-nitin-gadkari-11839273#publisher=newsstand
2026-07-29 16:26:41,419 - INFO - [Al Jazeera] Article: https://www.aljazeera.com/video/newsfeed/2026/7/29/bjp-politicians-daughter-explains-why-she-supports-indias-youth-protests?traffic_source=rss
2026-07-29 16:26:41,419 - INFO - [Al Jazeera] Attempt 2/2: Trying with 'selenium_browser' strategy...
2026-07-29 16:26:41,860 - INFO - [NDTV] Article: https://www.ndtv.com/india-news/some-vehicles-made-before-2016-may-need-minor-changes-for-e20-nitin-gadkari-11839273#publisher=newsstand
2026-07-29 16:26:41,860 - INFO - [NDTV] Attempt 2/2: Trying with 'selenium_browser' strategy...
2026-07-29 16:26:46,007 - INFO - [Al Jazeera] Page content loaded.
2026-07-29 16:26:46,545 - WARNING - [Al Jazeera] FAILED with 'selenium_browser' (content was too short: 55 words).
2026-07-29 16:26:46,546 - ERROR - [Al Jazeera] All scrape strategies failed for https://www.aljazeera.com/video/newsfeed/2026/7/29/bjp-politicians-daughter-explains-why-she-supports-indias-youth-protests?traffic_source=rss. Falling back to RSS description.
2026-07-29 16:26:46,546 - WARNING - SKIPPED (GLOBAL WORD LIMIT): Article 'BJP politician’s daughter explains why she supports India’s youth protests' from Al Jazeera has only 17 words (Min: 90).
2026-07-29 16:26:46,649 - INFO - [NDTV] Page content loaded.
2026-07-29 16:26:47,328 - INFO - [Al Jazeera] Early skip: URL https://www.aljazeera.com/opinions/2026/7/29/tunisias-body-politic-is-in-crisis?traffic_source=rss already exists.
2026-07-29 16:26:47,334 - INFO - [Al Jazeera] Early skip: URL https://www.aljazeera.com/sports/2026/7/29/f1-season-to-end-in-europe-if-qatar-abu-dhabi-unable-to-host-due-to-us-iran-war?traffic_source=rss already exists.
2026-07-29 16:26:47,338 - INFO - [Al Jazeera] Early skip: URL https://www.aljazeera.com/sports/2026/7/29/american-asian-confederations-blindsided-by-fifas-world-cup-plan?traffic_source=rss already exists.
2026-07-29 16:26:47,341 - INFO - [Al Jazeera] Early skip: URL https://www.aljazeera.com/news/2026/7/29/iran-hits-us-in-jordan-us-saudi-strikes-on-iraq-is-war-spreading?traffic_source=rss already exists.
2026-07-29 16:26:47,344 - INFO - [Al Jazeera] Early skip: URL https://www.aljazeera.com/sports/2026/7/29/infantinos-fifa-world-cup-stakes-plan-would-uefa-boycott-would-it-work?traffic_source=rss already exists.
2026-07-29 16:26:47,350 - INFO - [Al Jazeera] Article: https://www.aljazeera.com/video/newsfeed/2026/7/29/iran-attacks-now-to-send-message-as-us-assets-build-up-in?traffic_source=rss
2026-07-29 16:26:47,350 - INFO - [Al Jazeera] Attempt 1/2: Trying with 'requests_browser' strategy...
2026-07-29 16:26:47,583 - WARNING - [Al Jazeera] FAILED with 'requests_browser' (content was too short: 61 words).
2026-07-29 16:26:47,833 - INFO - [NDTV] Success with 'selenium_browser'. Found content (452 words).
2026-07-29 16:26:48,305 - INFO - [Al Jazeera] Article: https://www.aljazeera.com/video/newsfeed/2026/7/29/iran-attacks-now-to-send-message-as-us-assets-build-up-in?traffic_source=rss
2026-07-29 16:26:48,305 - INFO - [Al Jazeera] Attempt 2/2: Trying with 'selenium_browser' strategy...
2026-07-29 16:26:49,201 - WARNING - [The Hindu] Page get timed out (7s). Proceeding to grab partial source anyway.
2026-07-29 16:26:49,661 - INFO - [Wired] Page content loaded.
2026-07-29 16:26:53,133 - INFO - >>> SUCCESSFULLY SAVED [ID: 93249] - Some Vehicles Made Before 2016 May Need Minor Changes For E20: Nitin Gadkari from NDTV (452 words)
2026-07-29 16:26:53,665 - INFO - [NDTV] Article: https://www.ndtv.com/india-news/vijay-tamil-nadu-chief-minister-watch-vijay-rides-metro-for-inspection-passengers-turn-it-into-fan-meet-11839200#publisher=newsstand
2026-07-29 16:26:53,666 - INFO - [NDTV] Attempt 1/2: Trying with 'requests_browser' strategy...
2026-07-29 16:26:54,145 - ERROR - [NDTV] Request failed for strategy 'requests_browser' on URL https://www.ndtv.com/india-news/vijay-tamil-nadu-chief-minister-watch-vijay-rides-metro-for-inspection-passengers-turn-it-into-fan-meet-11839200#publisher=newsstand: 403 Client Error: Forbidden for url: https://www.ndtv.com/india-news/vijay-tamil-nadu-chief-minister-watch-vijay-rides-metro-for-inspection-passengers-turn-it-into-fan-meet-11839200#publisher=newsstand
2026-07-29 16:26:54,455 - INFO - [Al Jazeera] Page content loaded.
2026-07-29 16:26:54,666 - INFO - [NDTV] Article: https://www.ndtv.com/india-news/vijay-tamil-nadu-chief-minister-watch-vijay-rides-metro-for-inspection-passengers-turn-it-into-fan-meet-11839200#publisher=newsstand
2026-07-29 16:26:54,667 - INFO - [NDTV] Attempt 2/2: Trying with 'selenium_browser' strategy...
2026-07-29 16:26:54,845 - INFO - [Wired] Success with 'selenium_browser'. Found content (1975 words).
2026-07-29 16:26:55,767 - WARNING - [Al Jazeera] FAILED with 'selenium_browser' (content was too short: 65 words).
2026-07-29 16:26:55,768 - ERROR - [Al Jazeera] All scrape strategies failed for https://www.aljazeera.com/video/newsfeed/2026/7/29/iran-attacks-now-to-send-message-as-us-assets-build-up-in?traffic_source=rss. Falling back to RSS description.
2026-07-29 16:26:55,768 - WARNING - SKIPPED (GLOBAL WORD LIMIT): Article '‘Iran attacks now to send message as US assets build up in Israel’' from Al Jazeera has only 13 words (Min: 90).
2026-07-29 16:26:56,317 - WARNING - [The Hindu] Page explicit wait timed out (3s). Proceeding anyway.
2026-07-29 16:26:56,799 - INFO - [Al Jazeera] Article: https://www.aljazeera.com/video/newsfeed/2026/7/29/29-07-sv-guatemala-couple-ice-gl?traffic_source=rss
2026-07-29 16:26:56,799 - INFO - [Al Jazeera] Attempt 1/2: Trying with 'requests_browser' strategy...
2026-07-29 16:26:57,230 - WARNING - [Al Jazeera] FAILED with 'requests_browser' (content was too short: 53 words).
2026-07-29 16:26:57,796 - INFO - [Al Jazeera] Article: https://www.aljazeera.com/video/newsfeed/2026/7/29/29-07-sv-guatemala-couple-ice-gl?traffic_source=rss
2026-07-29 16:26:57,796 - INFO - [Al Jazeera] Attempt 2/2: Trying with 'selenium_browser' strategy...
2026-07-29 16:27:01,253 - INFO - >>> SUCCESSFULLY SAVED [ID: 93250] - Festival Must-Haves, Field-Tested at Lost Lands and Electric Forest | WIRED from Wired (1975 words)
2026-07-29 16:27:01,336 - INFO - [NDTV] Page content loaded.
2026-07-29 16:27:02,517 - INFO - [NDTV] Success with 'selenium_browser'. Found content (346 words).
2026-07-29 16:27:02,522 - INFO - [Wired] Early skip: URL https://www.wired.com/story/the-best-pool-accessories/ already exists.
2026-07-29 16:27:02,546 - INFO - [Wired] Early skip: URL https://www.wired.com/story/first-drive-ferrari-luce/ already exists.
2026-07-29 16:27:02,548 - INFO - [Wired] Early skip: URL https://www.wired.com/gallery/best-travel-gift/ already exists.
2026-07-29 16:27:02,585 - INFO - [Wired] Early skip: URL https://www.wired.com/story/mac-mini-availability/ already exists.
2026-07-29 16:27:02,614 - INFO - [Wired] Early skip: URL https://www.wired.com/story/apple-products-are-all-just-subscription-services-now/ already exists.
2026-07-29 16:27:02,632 - INFO - [Wired] Early skip: URL https://www.wired.com/story/best-ethernet-switches/ already exists.
2026-07-29 16:27:02,653 - INFO - [Wired] Early skip: URL https://www.wired.com/story/more-typos-fewer-em-dashes-writers-are-creating-an-anti-ai-literary-counterculture/ already exists.
2026-07-29 16:27:02,685 - INFO - [Wired] Early skip: URL https://www.wired.com/story/zanskar-geothermal-well-back-from-dead/ already exists.
2026-07-29 16:27:02,711 - INFO - [Wired] Early skip: URL https://www.wired.com/story/boomers-cant-stop-gifting-their-grandkids-ai-generated-slop-books/ already exists.
2026-07-29 16:27:02,735 - INFO - [Wired] Early skip: URL https://www.wired.com/story/nasas-new-3d-model-shows-lumpy-earth/ already exists.
2026-07-29 16:27:02,750 - INFO - [Wired] Early skip: URL https://www.wired.com/story/ices-new-detention-contracts-declare-state-law-shall-not-apply/ already exists.
2026-07-29 16:27:02,775 - INFO - [Wired] Article: https://www.wired.com/story/surfshark-coupon/
2026-07-29 16:27:02,775 - INFO - [Wired] Attempt 1/2: Trying with 'requests_browser' strategy...
2026-07-29 16:27:03,135 - ERROR - parsed tree length: 1, wrong data type or not valid HTML
2026-07-29 16:27:03,136 - ERROR - empty HTML tree: None
2026-07-29 16:27:03,148 - WARNING - discarding data: None
2026-07-29 16:27:03,148 - WARNING - [Wired] FAILED with 'requests_browser' (content was too short: 0 words).
2026-07-29 16:27:03,425 - ERROR - [The Hindu] Request failed for strategy 'selenium_browser' on URL https://www.thehindu.com/news/national/andhra-pradesh/eviction-looms-over-258-shop-owners-at-vijayawadas-lenin-centre/article71282694.ece: Message: timeout: Timed out receiving message from renderer: 7.000
  (Session info: chrome=151.0.7922.47)
Stacktrace:
#0 0x55760b49f75a <unknown>
#1 0x55760ae12f49 <unknown>
#2 0x55760adf9645 <unknown>
#3 0x55760ae2151b <unknown>
#4 0x55760aeb0fe6 <unknown>
#5 0x55760ae5bcb2 <unknown>
#6 0x55760ae5cb31 <unknown>
#7 0x55760b464ae0 <unknown>
#8 0x55760b46315a <unknown>
#9 0x55760b44db85 <unknown>
#10 0x55760b463e1a <unknown>
#11 0x55760b435a80 <unknown>
#12 0x55760b48b138 <unknown>
#13 0x55760b48b2d5 <unknown>
#14 0x55760b49e30e <unknown>
#15 0x7f8f8189caa4 <unknown>
#16 0x7f8f81929c6c <unknown>

2026-07-29 16:27:03,425 - ERROR - [The Hindu] All scrape strategies failed for https://www.thehindu.com/news/national/andhra-pradesh/eviction-looms-over-258-shop-owners-at-vijayawadas-lenin-centre/article71282694.ece. Falling back to RSS description.
2026-07-29 16:27:03,425 - WARNING - SKIPPED (GLOBAL WORD LIMIT): Article 'Eviction looms over 258 shop owners at Vijayawada’s Lenin Centre' from The Hindu has only 27 words (Min: 90).
2026-07-29 16:27:05,280 - INFO - [The Hindu] Article: https://www.thehindu.com/news/national/dont-be-nosy-parkers-in-marriages-of-consenting-adults-allahabad-hc-tells-up-police/article71281779.ece
2026-07-29 16:27:05,280 - INFO - [The Hindu] Attempt 1/1: Trying with 'selenium_browser' strategy...
2026-07-29 16:27:05,751 - INFO - [Wired] Article: https://www.wired.com/story/surfshark-coupon/
2026-07-29 16:27:05,751 - INFO - [Wired] Attempt 2/2: Trying with 'selenium_browser' strategy...
2026-07-29 16:27:06,960 - INFO - >>> SUCCESSFULLY SAVED [ID: 93251] - Vijay Tamil Nadu Chief Minister Watch: Vijay Rides Metro For Inspection, Passengers Turn It Into Fan Meet from NDTV (346 words)
2026-07-29 16:27:08,019 - INFO - [NDTV] Article: https://www.ndtv.com/india-news/up-man-kidnaps-jewellers-grandson-for-ransom-to-repay-debts-murders-him-11838754#publisher=newsstand
2026-07-29 16:27:08,019 - INFO - [NDTV] Attempt 1/2: Trying with 'requests_browser' strategy...
2026-07-29 16:27:08,285 - INFO - [Al Jazeera] Page content loaded.
2026-07-29 16:27:08,446 - ERROR - [NDTV] Request failed for strategy 'requests_browser' on URL https://www.ndtv.com/india-news/up-man-kidnaps-jewellers-grandson-for-ransom-to-repay-debts-murders-him-11838754#publisher=newsstand: 403 Client Error: Forbidden for url: https://www.ndtv.com/india-news/up-man-kidnaps-jewellers-grandson-for-ransom-to-repay-debts-murders-him-11838754#publisher=newsstand
2026-07-29 16:27:08,692 - WARNING - [Al Jazeera] FAILED with 'selenium_browser' (content was too short: 57 words).
2026-07-29 16:27:08,692 - ERROR - [Al Jazeera] All scrape strategies failed for https://www.aljazeera.com/video/newsfeed/2026/7/29/29-07-sv-guatemala-couple-ice-gl?traffic_source=rss. Falling back to RSS description.
2026-07-29 16:27:08,700 - WARNING - SKIPPED (GLOBAL WORD LIMIT): Article 'Married couple deported by ICE killed in Guatemala' from Al Jazeera has only 18 words (Min: 90).
2026-07-29 16:27:09,056 - INFO - [NDTV] Article: https://www.ndtv.com/india-news/up-man-kidnaps-jewellers-grandson-for-ransom-to-repay-debts-murders-him-11838754#publisher=newsstand
2026-07-29 16:27:09,057 - INFO - [NDTV] Attempt 2/2: Trying with 'selenium_browser' strategy...
2026-07-29 16:27:09,336 - INFO - [Al Jazeera] Early skip: URL https://www.aljazeera.com/news/2026/7/29/eu-crisis-chief-urges-tougher-climate-action-amid-france-spain-wildfires?traffic_source=rss already exists.
2026-07-29 16:27:09,342 - INFO - [Al Jazeera] Early skip: URL https://www.aljazeera.com/news/2026/7/29/russia-charges-telegram-founder-pavel-durov-with-aiding-terrorism?traffic_source=rss already exists.
2026-07-29 16:27:09,343 - INFO - [Al Jazeera] Early skip: URL https://www.aljazeera.com/news/2026/7/29/how-has-the-indian-government-responded-to-cockroach-protests?traffic_source=rss already exists.
2026-07-29 16:27:09,347 - INFO - [Al Jazeera] Early skip: URL https://www.aljazeera.com/news/2026/7/29/a-safe-space-for-gaza-women-a-sanctuary-to-speak-heal-and-share-amid-war?traffic_source=rss already exists.
2026-07-29 16:27:09,351 - INFO - [Al Jazeera] Article: https://www.aljazeera.com/video/newsfeed/2026/7/29/us-and-saudi-arabia-strike-iran-aligned-groups-in-iraq?traffic_source=rss
2026-07-29 16:27:09,351 - INFO - [Al Jazeera] Attempt 1/2: Trying with 'requests_browser' strategy...
2026-07-29 16:27:09,623 - WARNING - [Al Jazeera] FAILED with 'requests_browser' (content was too short: 67 words).
2026-07-29 16:27:10,574 - INFO - [Al Jazeera] Article: https://www.aljazeera.com/video/newsfeed/2026/7/29/us-and-saudi-arabia-strike-iran-aligned-groups-in-iraq?traffic_source=rss
2026-07-29 16:27:10,574 - INFO - [Al Jazeera] Attempt 2/2: Trying with 'selenium_browser' strategy...
2026-07-29 16:27:12,623 - INFO - [NDTV] Page content loaded.
2026-07-29 16:27:13,649 - INFO - [NDTV] Success with 'selenium_browser'. Found content (343 words).
2026-07-29 16:27:16,354 - WARNING - [Indian Express] Page get timed out (7s). Proceeding to grab partial source anyway.
2026-07-29 16:27:17,290 - INFO - [Indian Express] Page content loaded.
2026-07-29 16:27:17,292 - INFO - [Economic Times] Page content loaded.
2026-07-29 16:27:17,556 - INFO - [Al Jazeera] Page content loaded.
2026-07-29 16:27:17,557 - INFO - >>> SUCCESSFULLY SAVED [ID: 93252] - UP Man Kidnaps Jeweller's Grandson For Ransom To Repay Debts, Murders Him from NDTV (343 words)
2026-07-29 16:27:17,807 - WARNING - [Al Jazeera] FAILED with 'selenium_browser' (content was too short: 71 words).
2026-07-29 16:27:17,807 - ERROR - [Al Jazeera] All scrape strategies failed for https://www.aljazeera.com/video/newsfeed/2026/7/29/us-and-saudi-arabia-strike-iran-aligned-groups-in-iraq?traffic_source=rss. Falling back to RSS description.
2026-07-29 16:27:17,807 - WARNING - SKIPPED (GLOBAL WORD LIMIT): Article 'US and Saudi Arabia strike ‘Iran-aligned’ groups in Iraq' from Al Jazeera has only 14 words (Min: 90).
2026-07-29 16:27:18,045 - INFO - [Economic Times] Success with 'selenium_browser'. Found content (351 words).
2026-07-29 16:27:18,383 - INFO - [Indian Express] Success with 'selenium_browser'. Found content (233 words).
2026-07-29 16:27:20,640 - INFO - [NDTV] Article: https://www.ndtv.com/india-news/eggs-to-be-part-of-mid-day-meal-menu-in-bengal-suvendu-adhikari-11839191#publisher=newsstand
2026-07-29 16:27:20,640 - INFO - [NDTV] Attempt 1/2: Trying with 'requests_browser' strategy...
2026-07-29 16:27:20,642 - INFO - [Al Jazeera] Early skip: URL https://www.aljazeera.com/sports/2026/7/29/seales-takes-five-wickets-as-west-indies-beat-pakistan-in-first-test?traffic_source=rss already exists.
2026-07-29 16:27:20,642 - WARNING - [The Hindu] Page get timed out (7s). Proceeding to grab partial source anyway.
2026-07-29 16:27:21,572 - INFO - [Wired] Page content loaded.
2026-07-29 16:27:21,576 - INFO - [Al Jazeera] (Thread) Finished. Attempting to shut down its Selenium driver.
2026-07-29 16:27:21,845 - INFO - >>> SUCCESSFULLY SAVED [ID: 93253] - J&K Bank Q1 profit slips 13% as higher provisions hit earnings - The Economic Times from Economic Times (351 words)
2026-07-29 16:27:21,856 - INFO - [Al Jazeera] (Thread) driver.quit() successful.
2026-07-29 16:27:23,357 - INFO - [Economic Times] Article: https://economictimes.indiatimes.com/markets/stocks/earnings/star-health-insurance-q1-results-profit-jumps-25-to-rs-550-crore/articleshow/132716654.cms
2026-07-29 16:27:23,823 - INFO - [Economic Times] Attempt 1/2: Trying with 'requests_browser' strategy...
2026-07-29 16:27:24,783 - INFO - [Times of India] Page content loaded.
2026-07-29 16:27:25,062 - INFO - >>> SUCCESSFULLY SAVED [ID: 93254] - Caught on Camera: Locals Confront Man Faking Disability to Beg in Bengaluru's ITI Layout from Indian Express (233 words)
2026-07-29 16:27:25,110 - ERROR - [NDTV] Request failed for strategy 'requests_browser' on URL https://www.ndtv.com/india-news/eggs-to-be-part-of-mid-day-meal-menu-in-bengal-suvendu-adhikari-11839191#publisher=newsstand: 403 Client Error: Forbidden for url: https://www.ndtv.com/india-news/eggs-to-be-part-of-mid-day-meal-menu-in-bengal-suvendu-adhikari-11839191#publisher=newsstand
2026-07-29 16:27:25,294 - ERROR - parsed tree length: 1, wrong data type or not valid HTML
2026-07-29 16:27:25,294 - ERROR - empty HTML tree: None
2026-07-29 16:27:25,295 - WARNING - discarding data: None
2026-07-29 16:27:25,295 - WARNING - [Economic Times] FAILED with 'requests_browser' (content was too short: 0 words).
2026-07-29 16:27:25,314 - INFO - [Times of India] Success with 'selenium_browser'. Found content (804 words).
2026-07-29 16:27:25,705 - INFO - [NDTV] Article: https://www.ndtv.com/india-news/eggs-to-be-part-of-mid-day-meal-menu-in-bengal-suvendu-adhikari-11839191#publisher=newsstand
2026-07-29 16:27:25,705 - INFO - [NDTV] Attempt 2/2: Trying with 'selenium_browser' strategy...
2026-07-29 16:27:25,907 - INFO - [Wired] Success with 'selenium_browser'. Found content (949 words).
2026-07-29 16:27:26,025 - INFO - [Economic Times] Article: https://economictimes.indiatimes.com/markets/stocks/earnings/star-health-insurance-q1-results-profit-jumps-25-to-rs-550-crore/articleshow/132716654.cms
2026-07-29 16:27:26,025 - INFO - [Economic Times] Attempt 2/2: Trying with 'selenium_browser' strategy...
2026-07-29 16:27:27,463 - INFO - [Indian Express] Article: https://indianexpress.com/article/entertainment/telugu/why-allu-arjun-spent-an-entire-day-in-tears-when-sridevi-married-boney-kapoor-10809001/
2026-07-29 16:27:27,959 - INFO - [Indian Express] Attempt 1/1: Trying with 'selenium_browser' strategy...
2026-07-29 16:27:28,919 - WARNING - [The Hindu] Page explicit wait timed out (3s). Proceeding anyway.
2026-07-29 16:27:29,185 - INFO - >>> SUCCESSFULLY SAVED [ID: 93255] - Researchers mapped 5,600km of Canada’s coast using 170 years of records; kelp persistence reached 88% in cold waters but fell to 52% in warmer sheltered areas - The Times of India from Times of India (804 words)
2026-07-29 16:27:29,217 - INFO - [NDTV] Page content loaded.
2026-07-29 16:27:30,931 - INFO - [Times of India] Article: https://timesofindia.indiatimes.com/world/us/us-gladwin-residents-asked-not-to-use-toilet-shower-after-lightning-damages-wastewater-plant/articleshow/132715490.cms
2026-07-29 16:27:30,931 - INFO - [Times of India] Attempt 1/1: Trying with 'selenium_browser' strategy...
2026-07-29 16:27:32,367 - INFO - [Economic Times] Page content loaded.
2026-07-29 16:27:32,368 - ERROR - Error saving article Surfshark Promo Codes: 87% Off | July 2026 | WIRED: Hrana: `stream error: `Error { message: "SQLite error: UNIQUE constraint failed: articles.url", code: "SQLITE_CONSTRAINT" }``
2026-07-29 16:27:32,565 - INFO - [NDTV] Success with 'selenium_browser'. Found content (426 words).
2026-07-29 16:27:34,979 - INFO - [Wired] Article: https://www.wired.com/story/lg-promo-code/
2026-07-29 16:27:34,979 - INFO - [Wired] Attempt 1/2: Trying with 'requests_browser' strategy...
2026-07-29 16:27:36,243 - INFO - >>> SUCCESSFULLY SAVED [ID: 93257] - Eggs To Be Part Of Mid-Day Meal Menu In Bengal: Suvendu Adhikari from NDTV (426 words)
2026-07-29 16:27:36,259 - ERROR - [The Hindu] Request failed for strategy 'selenium_browser' on URL https://www.thehindu.com/news/national/dont-be-nosy-parkers-in-marriages-of-consenting-adults-allahabad-hc-tells-up-police/article71281779.ece: Message: timeout: Timed out receiving message from renderer: 7.000
  (Session info: chrome=151.0.7922.47)
Stacktrace:
#0 0x55760b49f75a <unknown>
#1 0x55760ae12f49 <unknown>
#2 0x55760adf9645 <unknown>
#3 0x55760ae2151b <unknown>
#4 0x55760aeb0fe6 <unknown>
#5 0x55760ae5bcb2 <unknown>
#6 0x55760ae5cb31 <unknown>
#7 0x55760b464ae0 <unknown>
#8 0x55760b46315a <unknown>
#9 0x55760b44db85 <unknown>
#10 0x55760b463e1a <unknown>
#11 0x55760b435a80 <unknown>
#12 0x55760b48b138 <unknown>
#13 0x55760b48b2d5 <unknown>
#14 0x55760b49e30e <unknown>
#15 0x7f8f8189caa4 <unknown>
#16 0x7f8f81929c6c <unknown>

2026-07-29 16:27:36,259 - ERROR - [The Hindu] All scrape strategies failed for https://www.thehindu.com/news/national/dont-be-nosy-parkers-in-marriages-of-consenting-adults-allahabad-hc-tells-up-police/article71281779.ece. Falling back to RSS description.
2026-07-29 16:27:36,260 - WARNING - SKIPPED (GLOBAL WORD LIMIT): Article '‘Don’t be nosy parkers' in marriages of consenting adults, Allahabad HC tells U.P. Police' from The Hindu has only 15 words (Min: 90).
2026-07-29 16:27:36,281 - ERROR - parsed tree length: 1, wrong data type or not valid HTML
2026-07-29 16:27:36,282 - ERROR - empty HTML tree: None
2026-07-29 16:27:36,282 - WARNING - discarding data: None
2026-07-29 16:27:36,282 - WARNING - [Wired] FAILED with 'requests_browser' (content was too short: 0 words).
2026-07-29 16:27:36,860 - INFO - [The Hindu] Article: https://www.thehindu.com/news/national/andhra-pradesh/ap-amends-building-rules-to-speed-up-construction-boost-investment/article71282661.ece
2026-07-29 16:27:36,860 - INFO - [The Hindu] Attempt 1/1: Trying with 'selenium_browser' strategy...
2026-07-29 16:27:36,974 - INFO - [Wired] Article: https://www.wired.com/story/lg-promo-code/
2026-07-29 16:27:36,974 - INFO - [Wired] Attempt 2/2: Trying with 'selenium_browser' strategy...
2026-07-29 16:27:37,301 - INFO - [NDTV] Article: https://www.ndtv.com/world-news/us-iran-war-live-will-beat-s-t-out-of-them-donald-trump-after-surprise-iran-attack-on-us-base-11838999#publisher=newsstand
2026-07-29 16:27:37,301 - INFO - [NDTV] Attempt 1/2: Trying with 'requests_browser' strategy...
2026-07-29 16:27:37,708 - ERROR - [NDTV] Request failed for strategy 'requests_browser' on URL https://www.ndtv.com/world-news/us-iran-war-live-will-beat-s-t-out-of-them-donald-trump-after-surprise-iran-attack-on-us-base-11838999#publisher=newsstand: 403 Client Error: Forbidden for url: https://www.ndtv.com/world-news/us-iran-war-live-will-beat-s-t-out-of-them-donald-trump-after-surprise-iran-attack-on-us-base-11838999#publisher=newsstand
2026-07-29 16:27:37,780 - INFO - [Economic Times] Success with 'selenium_browser'. Found content (253 words).
2026-07-29 16:27:39,864 - INFO - [NDTV] Article: https://www.ndtv.com/world-news/us-iran-war-live-will-beat-s-t-out-of-them-donald-trump-after-surprise-iran-attack-on-us-base-11838999#publisher=newsstand
2026-07-29 16:27:39,864 - INFO - [NDTV] Attempt 2/2: Trying with 'selenium_browser' strategy...
2026-07-29 16:27:41,571 - INFO - >>> SUCCESSFULLY SAVED [ID: 93258] - Star Health Insurance Q1 Results: Profit jumps 25% to Rs 550 crore - The Economic Times from Economic Times (253 words)
2026-07-29 16:27:42,803 - INFO - [Economic Times] Article: https://economictimes.indiatimes.com/markets/stocks/earnings/amazon-web-services-india-net-profit-jumps-over-10-fold-to-rs-242-cr-in-fy26/articleshow/132715491.cms
2026-07-29 16:27:42,803 - INFO - [Economic Times] Attempt 1/2: Trying with 'requests_browser' strategy...
2026-07-29 16:27:43,143 - INFO - [NDTV] Page content loaded.
2026-07-29 16:27:43,236 - ERROR - parsed tree length: 1, wrong data type or not valid HTML
2026-07-29 16:27:43,236 - ERROR - empty HTML tree: None
2026-07-29 16:27:43,236 - WARNING - discarding data: None
2026-07-29 16:27:43,236 - WARNING - [Economic Times] FAILED with 'requests_browser' (content was too short: 0 words).
2026-07-29 16:27:43,659 - INFO - [NDTV] Success with 'selenium_browser'. Found content (500 words).
2026-07-29 16:27:43,937 - INFO - [Economic Times] Article: https://economictimes.indiatimes.com/markets/stocks/earnings/amazon-web-services-india-net-profit-jumps-over-10-fold-to-rs-242-cr-in-fy26/articleshow/132715491.cms
2026-07-29 16:27:43,937 - INFO - [Economic Times] Attempt 2/2: Trying with 'selenium_browser' strategy...
2026-07-29 16:27:47,153 - INFO - [Wired] Page content loaded.
2026-07-29 16:27:47,154 - INFO - >>> SUCCESSFULLY SAVED [ID: 93259] - US Iran War Live 'Will Beat S**t Out Of Them': Donald Trump After "Surprise" Iran Attack On US Base from NDTV (500 words)
2026-07-29 16:27:47,801 - INFO - [Economic Times] Page content loaded.
2026-07-29 16:27:47,865 - WARNING - [Indian Express] Page get timed out (7s). Proceeding to grab partial source anyway.
2026-07-29 16:27:48,131 - INFO - [NDTV] Early skip: URL https://www.ndtv.com/india-news/nuh-circus-death-public-live-burial-stunt-ends-in-death-in-haryana-body-found-36-hours-on-11838489#publisher=newsstand already exists.
2026-07-29 16:27:48,141 - INFO - [NDTV] Early skip: URL https://www.ndtv.com/india-news/explained-why-meta-leaders-are-being-summoned-over-pm-modis-facebook-post-11838906#publisher=newsstand already exists.
2026-07-29 16:27:48,143 - INFO - [NDTV] Early skip: URL https://www.ndtv.com/india-news/lok-sabha-paper-leak-bill-what-happened-after-rahul-gandhis-remarks-on-amit-shah-inside-story-11838868#publisher=newsstand already exists.
2026-07-29 16:27:48,147 - INFO - [NDTV] Early skip: URL https://www.ndtv.com/india-news/bihar-man-claims-he-was-charged-over-neet-protests-despite-being-in-russia-11838841#publisher=newsstand already exists.
2026-07-29 16:27:48,158 - INFO - [NDTV] Early skip: URL https://www.ndtv.com/india-news/education-minister-pralhad-joshi-on-anti-paper-leak-bill-bill-aims-to-dismantle-paper-leak-ecosystem-11838372#publisher=newsstand already exists.
2026-07-29 16:27:48,166 - INFO - [NDTV] Early skip: URL https://www.ndtv.com/india-news/delhi-police-arrest-two-juveniles-for-murder-of-16-year-old-in-new-usmanpur-park-northeast-delhi-11838403#publisher=newsstand already exists.
2026-07-29 16:27:48,179 - INFO - [NDTV] Early skip: URL https://www.ndtv.com/india-news/parliament-monsoon-session-2026-live-updates-neet-paper-leak-row-anti-paper-leak-bill-lok-sabha-rajya-sabha-proceedings-rahul-gandhi-pm-modi-cjp-prote-11835603#publisher=newsstand already exists.
2026-07-29 16:27:48,194 - INFO - [NDTV] Early skip: URL https://www.ndtv.com/india-news/air-india-crash-ai-171-probe-enters-final-stage-no-fault-found-in-fuel-switch-centre-11836848#publisher=newsstand already exists.
2026-07-29 16:27:48,212 - INFO - [NDTV] Early skip: URL https://www.ndtv.com/world-news/europe-wildfires-france-battles-wildfire-4-times-the-size-of-paris-amid-record-heatwave-11838386#publisher=newsstand already exists.
2026-07-29 16:27:48,226 - INFO - [NDTV] Early skip: URL https://www.ndtv.com/world-news/proposal-to-settle-russia-bangladesh-trade-in-indian-rupees-is-under-review-11838361#publisher=newsstand already exists.
2026-07-29 16:27:48,242 - INFO - [NDTV] Early skip: URL https://www.ndtv.com/india-news/differently-abled-boy-6-swept-away-in-open-drain-while-playing-in-bareilly-11837405#publisher=newsstand already exists.
2026-07-29 16:27:48,244 - INFO - [NDTV] (Thread) Finished. Attempting to shut down its Selenium driver.
2026-07-29 16:27:48,330 - INFO - [Wired] Success with 'selenium_browser'. Found content (734 words).
2026-07-29 16:27:48,489 - INFO - [NDTV] (Thread) driver.quit() successful.
2026-07-29 16:27:48,819 - INFO - [Economic Times] Success with 'selenium_browser'. Found content (201 words).
2026-07-29 16:27:52,173 - WARNING - [The Hindu] Page get timed out (7s). Proceeding to grab partial source anyway.
2026-07-29 16:27:52,177 - ERROR - Error saving article LG Promo Codes and Coupons for July 2026 | WIRED: Hrana: `stream error: `Error { message: "SQLite error: UNIQUE constraint failed: articles.url", code: "SQLITE_CONSTRAINT" }``
2026-07-29 16:27:53,923 - INFO - [Wired] Article: https://www.wired.com/story/therabody-promo-code/
2026-07-29 16:27:53,923 - INFO - [Wired] Attempt 1/2: Trying with 'requests_browser' strategy...
2026-07-29 16:27:55,638 - INFO - >>> SUCCESSFULLY SAVED [ID: 93261] - Amazon Web Services India net profit jumps over 10-fold to Rs 242 cr in FY26 - The Economic Times from Economic Times (201 words)
2026-07-29 16:27:55,691 - ERROR - parsed tree length: 1, wrong data type or not valid HTML
2026-07-29 16:27:55,701 - ERROR - empty HTML tree: None
2026-07-29 16:27:55,701 - WARNING - discarding data: None
2026-07-29 16:27:55,701 - WARNING - [Wired] FAILED with 'requests_browser' (content was too short: 0 words).
2026-07-29 16:27:56,638 - WARNING - [Times of India] Page explicit wait timed out (3s). Proceeding anyway.
2026-07-29 16:27:56,695 - INFO - [Wired] Article: https://www.wired.com/story/therabody-promo-code/
2026-07-29 16:27:56,695 - INFO - [Wired] Attempt 2/2: Trying with 'selenium_browser' strategy...
2026-07-29 16:27:57,055 - INFO - [Economic Times] Article: https://economictimes.indiatimes.com/markets/us-stocks/wall-street-guide/cbiz-shares-soar-17-after-grant-thornton-agrees-to-buy-company-in-5-billion-cash-deal/articleshow/132714927.cms
2026-07-29 16:27:57,055 - INFO - [Economic Times] Attempt 1/2: Trying with 'requests_browser' strategy...
2026-07-29 16:27:57,875 - INFO - [Times of India] Success with 'selenium_browser'. Found content (204 words).
2026-07-29 16:27:58,161 - ERROR - parsed tree length: 1, wrong data type or not valid HTML
2026-07-29 16:27:58,172 - ERROR - empty HTML tree: None
2026-07-29 16:27:58,172 - WARNING - discarding data: None
2026-07-29 16:27:58,172 - WARNING - [Economic Times] FAILED with 'requests_browser' (content was too short: 0 words).
2026-07-29 16:28:00,342 - INFO - [Economic Times] Article: https://economictimes.indiatimes.com/markets/us-stocks/wall-street-guide/cbiz-shares-soar-17-after-grant-thornton-agrees-to-buy-company-in-5-billion-cash-deal/articleshow/132714927.cms
2026-07-29 16:28:00,342 - INFO - [Economic Times] Attempt 2/2: Trying with 'selenium_browser' strategy...
2026-07-29 16:28:00,343 - WARNING - [The Hindu] Page explicit wait timed out (3s). Proceeding anyway.
2026-07-29 16:28:02,023 - INFO - >>> SUCCESSFULLY SAVED [ID: 93262] - US: Gladwin residents asked not to use toilet, shower after lightning damages wastewater plant | World News - The Times of India from Times of India (204 words)
2026-07-29 16:28:03,171 - INFO - [Times of India] Article: https://timesofindia.indiatimes.com/world/us/anthony-fauci-invokes-fifth-amendment-at-senate-hearing-on-covid-response/articleshow/132713824.cms
2026-07-29 16:28:03,171 - INFO - [Times of India] Attempt 1/1: Trying with 'selenium_browser' strategy...
2026-07-29 16:28:05,065 - WARNING - [Indian Express] Page explicit wait timed out (3s). Proceeding anyway.
2026-07-29 16:28:05,189 - INFO - [Wired] Page content loaded.
2026-07-29 16:28:05,211 - INFO - [Economic Times] Page content loaded.
2026-07-29 16:28:05,473 - INFO - [Indian Express] Success with 'selenium_browser'. Found content (468 words).
2026-07-29 16:28:05,587 - INFO - [Economic Times] Success with 'selenium_browser'. Found content (481 words).
2026-07-29 16:28:06,181 - INFO - [Wired] Success with 'selenium_browser'. Found content (1031 words).
2026-07-29 16:28:09,384 - INFO - >>> SUCCESSFULLY SAVED [ID: 93263] - Why Allu Arjun spent an entire day in tears when Sridevi married Boney Kapoor | Telugu News - The Indian Express from Indian Express (468 words)
2026-07-29 16:28:09,385 - ERROR - [The Hindu] Request failed for strategy 'selenium_browser' on URL https://www.thehindu.com/news/national/andhra-pradesh/ap-amends-building-rules-to-speed-up-construction-boost-investment/article71282661.ece: Message: timeout: Timed out receiving message from renderer: 7.000
  (Session info: chrome=151.0.7922.47)
Stacktrace:
#0 0x55760b49f75a <unknown>
#1 0x55760ae12f49 <unknown>
#2 0x55760adfa9af <unknown>
#3 0x55760adfa626 <unknown>
#4 0x55760adf8208 <unknown>
#5 0x55760adf8b8f <unknown>
#6 0x55760ae07cf0 <unknown>
#7 0x55760ae21cb7 <unknown>
#8 0x55760ae2968b <unknown>
#9 0x55760adf92e9 <unknown>
#10 0x55760ae21a12 <unknown>
#11 0x55760aeb0fe6 <unknown>
#12 0x55760ae5bcb2 <unknown>
#13 0x55760ae5cb31 <unknown>
#14 0x55760b464ae0 <unknown>
#15 0x55760b46315a <unknown>
#16 0x55760b44db85 <unknown>
#17 0x55760b463e1a <unknown>
#18 0x55760b435a80 <unknown>
#19 0x55760b48b138 <unknown>
#20 0x55760b48b2d5 <unknown>
#21 0x55760b49e30e <unknown>
#22 0x7f8f8189caa4 <unknown>
#23 0x7f8f81929c6c <unknown>

2026-07-29 16:28:09,394 - ERROR - [The Hindu] All scrape strategies failed for https://www.thehindu.com/news/national/andhra-pradesh/ap-amends-building-rules-to-speed-up-construction-boost-investment/article71282661.ece. Falling back to RSS description.
2026-07-29 16:28:09,394 - WARNING - SKIPPED (GLOBAL WORD LIMIT): Article 'A.P. amends building rules to speed up construction, boost investment' from The Hindu has only 17 words (Min: 90).
2026-07-29 16:28:10,990 - INFO - [Indian Express] Article: https://indianexpress.com/article/cities/chennai/tamil-nadu-tasmac-liquor-corruption-case-senthil-balaji-dvac-raids-fir-10809424/
2026-07-29 16:28:10,990 - INFO - [Indian Express] Attempt 1/1: Trying with 'selenium_browser' strategy...
2026-07-29 16:28:10,991 - INFO - [The Hindu] Article: https://www.thehindu.com/news/national/telangana/h-citi-project-redesigned-package-1-revised-to-368-crore-wipro-junction-project-dropped/article71282315.ece
2026-07-29 16:28:11,475 - INFO - [The Hindu] Attempt 1/1: Trying with 'selenium_browser' strategy...
2026-07-29 16:28:12,401 - INFO - [Times of India] Page content loaded.
2026-07-29 16:28:12,699 - INFO - >>> SUCCESSFULLY SAVED [ID: 93264] - CBIZ shares soar 17% after Grant Thornton agrees to buy company in $5 billion cash deal - The Economic Times from Economic Times (481 words)
2026-07-29 16:28:14,284 - INFO - [Economic Times] Article: https://economictimes.indiatimes.com/markets/stocks/earnings/eicher-motors-q1-results-profit-jumps-21-to-rs-1462-crore/articleshow/132714459.cms
2026-07-29 16:28:14,284 - INFO - [Economic Times] Attempt 1/2: Trying with 'requests_browser' strategy...
2026-07-29 16:28:15,726 - ERROR - Error saving article Therabody Promo Codes: 15% Off July 2026 | WIRED: Hrana: `stream error: `Error { message: "SQLite error: UNIQUE constraint failed: articles.url", code: "SQLITE_CONSTRAINT" }``
2026-07-29 16:28:15,789 - ERROR - parsed tree length: 1, wrong data type or not valid HTML
2026-07-29 16:28:15,790 - ERROR - empty HTML tree: None
2026-07-29 16:28:15,791 - WARNING - discarding data: None
2026-07-29 16:28:15,791 - WARNING - [Economic Times] FAILED with 'requests_browser' (content was too short: 0 words).
2026-07-29 16:28:16,153 - INFO - [Times of India] Success with 'selenium_browser'. Found content (459 words).
2026-07-29 16:28:16,432 - INFO - [Wired] Article: https://www.wired.com/story/zoro-promo-code/
2026-07-29 16:28:16,444 - INFO - [Wired] Attempt 1/2: Trying with 'requests_browser' strategy...
2026-07-29 16:28:16,666 - ERROR - parsed tree length: 1, wrong data type or not valid HTML
2026-07-29 16:28:16,666 - ERROR - empty HTML tree: None
2026-07-29 16:28:16,666 - WARNING - discarding data: None
2026-07-29 16:28:16,666 - WARNING - [Wired] FAILED with 'requests_browser' (content was too short: 0 words).
2026-07-29 16:28:16,780 - INFO - [Economic Times] Article: https://economictimes.indiatimes.com/markets/stocks/earnings/eicher-motors-q1-results-profit-jumps-21-to-rs-1462-crore/articleshow/132714459.cms
2026-07-29 16:28:16,781 - INFO - [Economic Times] Attempt 2/2: Trying with 'selenium_browser' strategy...
2026-07-29 16:28:17,062 - INFO - DEDUPLICATION: Found match (Score: 0.86). Linking to Cluster ID: 5b3a0a15-c07b-4385-af28-a290121691cc
2026-07-29 16:28:18,524 - INFO - [Wired] Article: https://www.wired.com/story/zoro-promo-code/
2026-07-29 16:28:18,524 - INFO - [Wired] Attempt 2/2: Trying with 'selenium_browser' strategy...
2026-07-29 16:28:19,943 - INFO - [Indian Express] Page content loaded.
2026-07-29 16:28:20,236 - INFO - >>> SUCCESSFULLY SAVED [ID: 93266] - Anthony Fauci invokes Fifth Amendment at Senate hearing on Covid response | World News - The Times of India from Times of India (459 words)
2026-07-29 16:28:20,994 - INFO - [Economic Times] Page content loaded.
2026-07-29 16:28:21,377 - INFO - [Times of India] Article: https://timesofindia.indiatimes.com/world/uk/500000-year-old-elephant-bone-tool-found-in-england-reveals-advanced-early-human-technology/articleshow/132715200.cms
2026-07-29 16:28:21,377 - INFO - [Times of India] Attempt 1/1: Trying with 'selenium_browser' strategy...
2026-07-29 16:28:21,787 - INFO - [Economic Times] Success with 'selenium_browser'. Found content (464 words).
2026-07-29 16:28:25,909 - INFO - >>> SUCCESSFULLY SAVED [ID: 93267] - Eicher Motors Q1 Results: Profit jumps 21% to Rs 1,462 crore - The Economic Times from Economic Times (464 words)
2026-07-29 16:28:26,151 - INFO - [Indian Express] Success with 'selenium_browser'. Found content (973 words).
2026-07-29 16:28:26,772 - INFO - [Economic Times] Article: https://economictimes.indiatimes.com/markets/stocks/earnings/waaree-energies-q1-results-net-profit-rises-over-15-to-rs-892-crore/articleshow/132714448.cms
2026-07-29 16:28:26,772 - INFO - [Economic Times] Attempt 1/2: Trying with 'requests_browser' strategy...
2026-07-29 16:28:28,208 - WARNING - [The Hindu] Page get timed out (7s). Proceeding to grab partial source anyway.
2026-07-29 16:28:29,659 - INFO - [Wired] Page content loaded.
2026-07-29 16:28:29,919 - ERROR - parsed tree length: 1, wrong data type or not valid HTML
2026-07-29 16:28:29,919 - ERROR - empty HTML tree: None
2026-07-29 16:28:29,919 - WARNING - discarding data: None
2026-07-29 16:28:29,919 - WARNING - [Economic Times] FAILED with 'requests_browser' (content was too short: 0 words).
2026-07-29 16:28:29,919 - INFO - >>> SUCCESSFULLY SAVED [ID: 93268] - Tamil Nadu widens liquor corruption probe, books DMK ex-minister Senthil Balaji | Chennai News - The Indian Express from Indian Express (973 words)
2026-07-29 16:28:30,250 - INFO - [Wired] Success with 'selenium_browser'. Found content (668 words).
2026-07-29 16:28:31,982 - INFO - [Times of India] Page content loaded.
2026-07-29 16:28:32,452 - INFO - [Economic Times] Article: https://economictimes.indiatimes.com/markets/stocks/earnings/waaree-energies-q1-results-net-profit-rises-over-15-to-rs-892-crore/articleshow/132714448.cms
2026-07-29 16:28:32,452 - INFO - [Economic Times] Attempt 2/2: Trying with 'selenium_browser' strategy...
2026-07-29 16:28:31,983 - INFO - [Indian Express] Article: https://indianexpress.com/article/upsc-current-affairs/upsc-essentials/upsc-daily-subject-wise-quiz-science-and-technology-week-173-10809405/
2026-07-29 16:28:33,401 - INFO - [Indian Express] Attempt 1/1: Trying with 'selenium_browser' strategy...
2026-07-29 16:28:33,402 - ERROR - Error saving article Zoro Coupon Codes: 55% Off July | WIRED: Hrana: `stream error: `Error { message: "SQLite error: UNIQUE constraint failed: articles.url", code: "SQLITE_CONSTRAINT" }``
2026-07-29 16:28:34,780 - INFO - [Wired] Article: https://www.wired.com/story/bh-photo-coupon/
2026-07-29 16:28:34,780 - INFO - [Wired] Attempt 1/2: Trying with 'requests_browser' strategy...
2026-07-29 16:28:35,074 - ERROR - parsed tree length: 1, wrong data type or not valid HTML
2026-07-29 16:28:35,074 - ERROR - empty HTML tree: None
2026-07-29 16:28:35,074 - WARNING - discarding data: None
2026-07-29 16:28:35,074 - WARNING - [Wired] FAILED with 'requests_browser' (content was too short: 0 words).
2026-07-29 16:28:35,748 - WARNING - [The Hindu] Page explicit wait timed out (3s). Proceeding anyway.
2026-07-29 16:28:35,913 - INFO - [Wired] Article: https://www.wired.com/story/bh-photo-coupon/
2026-07-29 16:28:35,913 - INFO - [Wired] Attempt 2/2: Trying with 'selenium_browser' strategy...
2026-07-29 16:28:37,742 - INFO - [Indian Express] Page content loaded.
2026-07-29 16:28:40,646 - INFO - [Times of India] Success with 'selenium_browser'. Found content (757 words).
2026-07-29 16:28:40,896 - INFO - [Indian Express] Success with 'selenium_browser'. Found content (1652 words).
2026-07-29 16:28:43,899 - ERROR - [The Hindu] Request failed for strategy 'selenium_browser' on URL https://www.thehindu.com/news/national/telangana/h-citi-project-redesigned-package-1-revised-to-368-crore-wipro-junction-project-dropped/article71282315.ece: Message: timeout: Timed out receiving message from renderer: 7.000
  (Session info: chrome=151.0.7922.47)
Stacktrace:
#0 0x55760b49f75a <unknown>
#1 0x55760ae12f49 <unknown>
#2 0x55760adf9645 <unknown>
#3 0x55760ae2151b <unknown>
#4 0x55760aeb0fe6 <unknown>
#5 0x55760ae5bcb2 <unknown>
#6 0x55760ae5cb31 <unknown>
#7 0x55760b464ae0 <unknown>
#8 0x55760b46315a <unknown>
#9 0x55760b44db85 <unknown>
#10 0x55760b463e1a <unknown>
#11 0x55760b435a80 <unknown>
#12 0x55760b48b138 <unknown>
#13 0x55760b48b2d5 <unknown>
#14 0x55760b49e30e <unknown>
#15 0x7f8f8189caa4 <unknown>
#16 0x7f8f81929c6c <unknown>

2026-07-29 16:28:43,900 - ERROR - [The Hindu] All scrape strategies failed for https://www.thehindu.com/news/national/telangana/h-citi-project-redesigned-package-1-revised-to-368-crore-wipro-junction-project-dropped/article71282315.ece. Falling back to RSS description.
2026-07-29 16:28:43,900 - WARNING - SKIPPED (GLOBAL WORD LIMIT): Article 'H-CITI project redesigned, Package-1 revised to ₹368-crore, Wipro junction project dropped' from The Hindu has only 3 words (Min: 90).
2026-07-29 16:28:45,341 - INFO - [The Hindu] Article: https://www.thehindu.com/news/national/join-bjp-or-parents-will-be-in-trouble-dipkes-mother-recalls-video-threat-her-son-received/article71282685.ece
2026-07-29 16:28:45,341 - INFO - [The Hindu] Attempt 1/1: Trying with 'selenium_browser' strategy...
2026-07-29 16:28:45,601 - INFO - >>> SUCCESSFULLY SAVED [ID: 93270] - 500,000-year-old elephant bone tool found in England reveals advanced early human technology | World News - The Times of India from Times of India (757 words)
2026-07-29 16:28:47,466 - INFO - [Times of India] Article: https://timesofindia.indiatimes.com/world/rest-of-world/scientists-discover-ancient-silk-production-in-uzbekistan-nearly-2000-years-before-the-silk-road/articleshow/132714370.cms
2026-07-29 16:28:47,466 - INFO - [Times of India] Attempt 1/1: Trying with 'selenium_browser' strategy...
2026-07-29 16:28:49,167 - INFO - >>> SUCCESSFULLY SAVED [ID: 93271] - UPSC Essentials subject-wise quiz : Science and Technology (Week 173) from Indian Express (1652 words)
2026-07-29 16:28:50,545 - INFO - [Indian Express] Article: https://indianexpress.com/article/business/indias-services-sector-growth-halves-may-mospi-experimental-isp-data-10809404/
2026-07-29 16:28:50,545 - INFO - [Indian Express] Attempt 1/1: Trying with 'selenium_browser' strategy...
2026-07-29 16:28:51,694 - INFO - [Wired] Page content loaded.
2026-07-29 16:28:52,821 - INFO - [Wired] Success with 'selenium_browser'. Found content (787 words).
2026-07-29 16:28:54,491 - INFO - [Economic Times] Page content loaded.
2026-07-29 16:28:55,892 - ERROR - Error saving article B&H Photo Promo Codes and Deals This July 2026 | WIRED: Hrana: `stream error: `Error { message: "SQLite error: UNIQUE constraint failed: articles.url", code: "SQLITE_CONSTRAINT" }``
2026-07-29 16:28:56,703 - INFO - [Wired] Article: https://www.wired.com/story/legalzoom-promo-code/
2026-07-29 16:28:56,703 - INFO - [Wired] Attempt 1/2: Trying with 'requests_browser' strategy...
2026-07-29 16:28:56,861 - ERROR - parsed tree length: 1, wrong data type or not valid HTML
2026-07-29 16:28:56,861 - ERROR - empty HTML tree: None
2026-07-29 16:28:56,861 - WARNING - discarding data: None
2026-07-29 16:28:56,861 - WARNING - [Wired] FAILED with 'requests_browser' (content was too short: 0 words).
2026-07-29 16:28:57,554 - INFO - [Indian Express] Page content loaded.
2026-07-29 16:28:57,751 - INFO - [Wired] Article: https://www.wired.com/story/legalzoom-promo-code/
2026-07-29 16:28:57,752 - INFO - [Wired] Attempt 2/2: Trying with 'selenium_browser' strategy...
2026-07-29 16:28:58,173 - INFO - [Economic Times] Success with 'selenium_browser'. Found content (269 words).
2026-07-29 16:28:58,569 - INFO - [Indian Express] Success with 'selenium_browser'. Found content (662 words).
2026-07-29 16:29:01,935 - INFO - [Times of India] Page content loaded.
2026-07-29 16:29:01,938 - WARNING - [The Hindu] Page get timed out (7s). Proceeding to grab partial source anyway.
2026-07-29 16:29:02,214 - INFO - >>> SUCCESSFULLY SAVED [ID: 93273] - Waaree Energies Q1 Results: Net profit rises over 15% to Rs 892 crore - The Economic Times from Economic Times (269 words)
2026-07-29 16:29:04,229 - INFO - [Economic Times] Early skip: URL https://economictimes.indiatimes.com/news/economy/foreign-trade/india-uk-ceta-takes-effect-first-zero-duty-indian-coffee-jewellery-consignments-reach-uk-shores/articleshow/132442764.cms already exists.
2026-07-29 16:29:04,696 - INFO - [Economic Times] Article: https://economictimes.indiatimes.com/news/economy/foreign-trade/from-oman-to-tanzania-how-the-iran-war-is-redrawing-indias-trade-map/articleshow/131762760.cms
2026-07-29 16:29:04,696 - INFO - [Economic Times] Attempt 1/2: Trying with 'requests_browser' strategy...
2026-07-29 16:29:05,926 - INFO - >>> SUCCESSFULLY SAVED [ID: 93274] - India’s Services Sector Growth May Have Slumped to 9.5% in May From 20.5% in April, MoSPI Data Hints from Indian Express (662 words)
2026-07-29 16:29:06,148 - INFO - [Economic Times] Success with 'requests_browser'. Found content (385 words).
2026-07-29 16:29:08,537 - INFO - [Indian Express] Article: https://indianexpress.com/article/world/dubai-invite-scheme-tourism-rewards-us-iran-conflict-impact-10809335/
2026-07-29 16:29:08,540 - INFO - [Indian Express] Attempt 1/1: Trying with 'selenium_browser' strategy...
2026-07-29 16:29:08,546 - INFO - [Wired] Page content loaded.
2026-07-29 16:29:09,019 - WARNING - [The Hindu] Page explicit wait timed out (3s). Proceeding anyway.
2026-07-29 16:29:10,076 - ERROR - Error saving article From Oman to Tanzania: How the Iran war is redrawing India’s trade map - The Economic Times: Hrana: `stream error: `Error { message: "SQLite error: UNIQUE constraint failed: articles.url", code: "SQLITE_CONSTRAINT" }``
2026-07-29 16:29:10,554 - INFO - [Wired] Success with 'selenium_browser'. Found content (1039 words).
2026-07-29 16:29:10,663 - INFO - [Economic Times] Article: https://economictimes.indiatimes.com/news/economy/policy/fm-sitharaman-flags-global-crisis-spillovers-unfair-burden-on-developing-nations/articleshow/131668427.cms
2026-07-29 16:29:10,676 - INFO - [Economic Times] Attempt 1/2: Trying with 'requests_browser' strategy...
2026-07-29 16:29:11,255 - INFO - [Times of India] Success with 'selenium_browser'. Found content (705 words).
2026-07-29 16:29:11,817 - INFO - [Economic Times] Success with 'requests_browser'. Found content (317 words).
2026-07-29 16:29:14,798 - ERROR - Error saving article LegalZoom Promo Code: Exclusive 10% Off LLC Formations | WIRED: Hrana: `stream error: `Error { message: "SQLite error: UNIQUE constraint failed: articles.url", code: "SQLITE_CONSTRAINT" }``
2026-07-29 16:29:17,888 - INFO - [Wired] Early skip: URL https://www.wired.com/story/braun-promo-code/ already exists.
2026-07-29 16:29:18,138 - ERROR - [The Hindu] Request failed for strategy 'selenium_browser' on URL https://www.thehindu.com/news/national/join-bjp-or-parents-will-be-in-trouble-dipkes-mother-recalls-video-threat-her-son-received/article71282685.ece: Message: timeout: Timed out receiving message from renderer: 7.000
  (Session info: chrome=151.0.7922.47)
Stacktrace:
#0 0x55760b49f75a <unknown>
#1 0x55760ae12f49 <unknown>
#2 0x55760adfa9af <unknown>
#3 0x55760adfa626 <unknown>
#4 0x55760adf8208 <unknown>
#5 0x55760adf8b8f <unknown>
#6 0x55760ae07cf0 <unknown>
#7 0x55760ae21cb7 <unknown>
#8 0x55760ae2968b <unknown>
#9 0x55760adf92e9 <unknown>
#10 0x55760ae21a12 <unknown>
#11 0x55760aeb0fe6 <unknown>
#12 0x55760ae5bcb2 <unknown>
#13 0x55760ae5cb31 <unknown>
#14 0x55760b464ae0 <unknown>
#15 0x55760b46315a <unknown>
#16 0x55760b44db85 <unknown>
#17 0x55760b463e1a <unknown>
#18 0x55760b435a80 <unknown>
#19 0x55760b48b138 <unknown>
#20 0x55760b48b2d5 <unknown>
#21 0x55760b49e30e <unknown>
#22 0x7f8f8189caa4 <unknown>
#23 0x7f8f81929c6c <unknown>

2026-07-29 16:29:18,138 - INFO - >>> SUCCESSFULLY SAVED [ID: 93277] - Scientists discover ancient silk production in Uzbekistan nearly 2,000 years before the Silk Road | World News - The Times of India from Times of India (705 words)
2026-07-29 16:29:18,141 - INFO - [Wired] Article: https://www.wired.com/story/hostinger-coupon-code/
2026-07-29 16:29:18,141 - ERROR - [The Hindu] All scrape strategies failed for https://www.thehindu.com/news/national/join-bjp-or-parents-will-be-in-trouble-dipkes-mother-recalls-video-threat-her-son-received/article71282685.ece. Falling back to RSS description.
2026-07-29 16:29:18,141 - INFO - [Wired] Attempt 1/2: Trying with 'requests_browser' strategy...
2026-07-29 16:29:18,142 - WARNING - SKIPPED (GLOBAL WORD LIMIT): Article 'Join BJP or parents will be in trouble: Dipke's mother recalls ‘video threat’ her son received' from The Hindu has only 27 words (Min: 90).
2026-07-29 16:29:19,615 - INFO - [Times of India] Article: https://timesofindia.indiatimes.com/world/rest-of-world/australian-teen-13-learns-crochet-online-spends-holidays-making-toys-for-hospitalised-children/articleshow/132714765.cms
2026-07-29 16:29:19,616 - INFO - [Times of India] Attempt 1/1: Trying with 'selenium_browser' strategy...
2026-07-29 16:29:19,617 - INFO - [The Hindu] Article: https://www.thehindu.com/news/national/rajya-sabha-discussion-on-bill-to-prevent-insult-to-vande-mataram-opposition-mps/article71281036.ece
2026-07-29 16:29:19,617 - INFO - [The Hindu] Attempt 1/1: Trying with 'selenium_browser' strategy...
2026-07-29 16:29:21,027 - ERROR - Error saving article FM Sitharaman flags global crisis spillovers, unfair burden on developing nations - The Economic Times: Hrana: `stream error: `Error { message: "SQLite error: UNIQUE constraint failed: articles.url", code: "SQLITE_CONSTRAINT" }``
2026-07-29 16:29:21,094 - ERROR - parsed tree length: 1, wrong data type or not valid HTML
2026-07-29 16:29:21,098 - ERROR - empty HTML tree: None
2026-07-29 16:29:21,098 - WARNING - discarding data: None
2026-07-29 16:29:21,098 - WARNING - [Wired] FAILED with 'requests_browser' (content was too short: 0 words).
2026-07-29 16:29:21,315 - INFO - [Indian Express] Page content loaded.
2026-07-29 16:29:21,879 - INFO - [Wired] Article: https://www.wired.com/story/hostinger-coupon-code/
2026-07-29 16:29:21,879 - INFO - [Wired] Attempt 2/2: Trying with 'selenium_browser' strategy...
2026-07-29 16:29:22,148 - INFO - [Indian Express] Success with 'selenium_browser'. Found content (777 words).
2026-07-29 16:29:22,436 - INFO - [Economic Times] Article: https://economictimes.indiatimes.com/news/economy/indicators/world-bank-raises-indias-fy27-growth-forecast-to-6-6/articleshow/131666828.cms
2026-07-29 16:29:22,436 - INFO - [Economic Times] Attempt 1/2: Trying with 'requests_browser' strategy...
2026-07-29 16:29:25,603 - INFO - >>> SUCCESSFULLY SAVED [ID: 93279] - Dubai launches new invite scheme as war hits tourism: What it means for Indians | World News - The Indian Express from Indian Express (777 words)
2026-07-29 16:29:25,701 - INFO - [Economic Times] Success with 'requests_browser'. Found content (209 words).
2026-07-29 16:29:27,481 - INFO - [Indian Express] Article: https://indianexpress.com/article/sports/football/roberto-mancini-again-italy-manager-guardiola-pirlo-twists-10809398/
2026-07-29 16:29:27,481 - INFO - [Indian Express] Attempt 1/1: Trying with 'selenium_browser' strategy...
2026-07-29 16:29:27,482 - INFO - [Wired] Page content loaded.
2026-07-29 16:29:28,892 - ERROR - Error saving article World Bank Raises India's FY27 Growth Forecast to 6.6% - The Economic Times: Hrana: `stream error: `Error { message: "SQLite error: UNIQUE constraint failed: articles.url", code: "SQLITE_CONSTRAINT" }``
2026-07-29 16:29:29,020 - INFO - [Wired] Success with 'selenium_browser'. Found content (1782 words).
2026-07-29 16:29:29,065 - INFO - [Times of India] Page content loaded.
2026-07-29 16:29:31,288 - INFO - [Economic Times] Article: https://economictimes.indiatimes.com/news/economy/indicators/india-defies-west-asia-war-concerns-as-q4-gdp-growth-hits-7-8-risks-remain-ahead/articleshow/131540155.cms
2026-07-29 16:29:31,293 - INFO - [Economic Times] Attempt 1/2: Trying with 'requests_browser' strategy...
2026-07-29 16:29:32,221 - ERROR - Error saving article Hostinger Promo Code: 79% Off for August 2026 | WIRED: Hrana: `stream error: `Error { message: "SQLite error: UNIQUE constraint failed: articles.url", code: "SQLITE_CONSTRAINT" }``
2026-07-29 16:29:32,233 - INFO - [Indian Express] Page content loaded.
2026-07-29 16:29:32,285 - INFO - [Economic Times] Success with 'requests_browser'. Found content (520 words).
2026-07-29 16:29:32,472 - INFO - [Times of India] Success with 'selenium_browser'. Found content (521 words).
2026-07-29 16:29:32,605 - INFO - [Indian Express] Success with 'selenium_browser'. Found content (933 words).
2026-07-29 16:29:34,066 - INFO - [Wired] Early skip: URL https://www.wired.com/story/openais-rogue-ai-agent-hacked-more-than-just-hugging-face/ already exists.
2026-07-29 16:29:34,527 - INFO - [Wired] Early skip: URL https://www.wired.com/story/a-typo-landed-an-innocent-gamer-in-prison-for-18-months/ already exists.
2026-07-29 16:29:35,474 - ERROR - Error saving article India defies West Asia war concerns as Q4 GDP growth hits 7.8%; risks remain ahead - The Economic Times: Hrana: `stream error: `Error { message: "SQLite error: UNIQUE constraint failed: articles.url", code: "SQLITE_CONSTRAINT" }``
2026-07-29 16:29:35,475 - WARNING - [The Hindu] Page get timed out (7s). Proceeding to grab partial source anyway.
2026-07-29 16:29:35,477 - INFO - [Wired] Early skip: URL https://www.wired.com/story/ebay-has-to-pay-dollar557-million-in-settlement-for-its-unhinged-harassment-campaign/ already exists.
2026-07-29 16:29:35,479 - INFO - [Wired] Early skip: URL https://www.wired.com/story/laura-loomer-ukraine/ already exists.
2026-07-29 16:29:35,480 - INFO - [Wired] Early skip: URL https://www.wired.com/story/is-the-electric-trike-the-next-big-thing-in-shared-micromobility-veo-rover/ already exists.
2026-07-29 16:29:35,482 - INFO - [Wired] Early skip: URL https://www.wired.com/story/best-gifts-for-mom-2026/ already exists.
2026-07-29 16:29:35,483 - INFO - [Wired] Early skip: URL https://www.wired.com/gallery/best-apple-watch/ already exists.
2026-07-29 16:29:35,486 - INFO - [Wired] Early skip: URL https://www.wired.com/gallery/awesome-gifts-for-hikers-backpackers-outdoorsy-people/ already exists.
2026-07-29 16:29:35,488 - INFO - [Wired] Early skip: URL https://www.wired.com/story/a-two-person-startup-has-fixed-one-of-the-most-hated-sounds-in-modern-life/ already exists.
2026-07-29 16:29:35,489 - INFO - [Wired] Early skip: URL https://www.wired.com/story/the-big-interview-podcast-a-g-sulzberger-new-york-times/ already exists.
2026-07-29 16:29:35,490 - INFO - [Wired] Early skip: URL https://www.wired.com/story/nonprofits-are-getting-ready-for-the-funding-anthropalypse/ already exists.
2026-07-29 16:29:35,492 - INFO - [Wired] Early skip: URL https://www.wired.com/review/dyson-v16-piston-animal-submarine/ already exists.
2026-07-29 16:29:35,493 - INFO - [Wired] Early skip: URL https://www.wired.com/story/7-oh-users-brace-for-dea-ban/ already exists.
2026-07-29 16:29:35,494 - INFO - [Wired] Early skip: URL https://www.wired.com/story/an-extreme-solar-storm-may-be-even-more-devastating-than-previously-imagined/ already exists.
2026-07-29 16:29:35,497 - INFO - [Wired] Early skip: URL https://www.wired.com/story/hugging-face-has-a-nonconsensual-deepfakes-problem/ already exists.
2026-07-29 16:29:35,498 - INFO - [Wired] Article: https://www.wired.com/story/ulta-coupon/
2026-07-29 16:29:35,498 - INFO - [Wired] Attempt 1/2: Trying with 'requests_browser' strategy...
2026-07-29 16:29:37,289 - ERROR - parsed tree length: 1, wrong data type or not valid HTML
2026-07-29 16:29:37,753 - ERROR - empty HTML tree: None
2026-07-29 16:29:37,754 - INFO - [Economic Times] Article: https://economictimes.indiatimes.com/news/economy/policy/central-bank-turns-piper-to-draw-in-foreign-capital-leaves-repo-rate-at-5-25-keeps-stance-neutral/articleshow/131540001.cms
2026-07-29 16:29:37,754 - WARNING - discarding data: None
2026-07-29 16:29:37,755 - INFO - [Economic Times] Attempt 1/2: Trying with 'requests_browser' strategy...
2026-07-29 16:29:37,757 - WARNING - [Wired] FAILED with 'requests_browser' (content was too short: 0 words).
2026-07-29 16:29:38,947 - INFO - >>> SUCCESSFULLY SAVED [ID: 93283] - Crochet For Charity: Australian teen, 13, learns crochet online, spends holidays making toys for hospitalised children - The Times of India from Times of India (521 words)
2026-07-29 16:29:40,415 - INFO - [Wired] Article: https://www.wired.com/story/ulta-coupon/
2026-07-29 16:29:40,415 - INFO - [Wired] Attempt 2/2: Trying with 'selenium_browser' strategy...
2026-07-29 16:29:40,882 - INFO - [Times of India] Article: https://timesofindia.indiatimes.com/world/us/california-researchers-surveyed-point-reyes-lagoon-19-times-and-found-73-pelicans-killed-by-river-otters-some-birds-have-now-begun-flying-away-when-otters-approach/articleshow/132714161.cms
2026-07-29 16:29:40,882 - INFO - [Times of India] Attempt 1/1: Trying with 'selenium_browser' strategy...
2026-07-29 16:29:42,102 - INFO - >>> SUCCESSFULLY SAVED [ID: 93284] - How Roberto Mancini again became Italy manager: Guardiola, Pirlo and the twists from Indian Express (933 words)
2026-07-29 16:29:42,141 - INFO - [Economic Times] Success with 'requests_browser'. Found content (611 words).
2026-07-29 16:29:43,789 - WARNING - [The Hindu] Page explicit wait timed out (3s). Proceeding anyway.
2026-07-29 16:29:43,790 - INFO - [Indian Express] Article: https://indianexpress.com/article/entertainment/bollywood/sanjeev-kumar-predicted-his-early-death-sachin-found-him-face-down-on-the-carpet-10808985/
2026-07-29 16:29:44,263 - INFO - [Indian Express] Attempt 1/1: Trying with 'selenium_browser' strategy...
2026-07-29 16:29:45,192 - ERROR - Error saving article Central bank turns piper to draw in foreign capital; leaves repo rate at 5.25, keeps stance neutral - The Economic Times: Hrana: `stream error: `Error { message: "SQLite error: UNIQUE constraint failed: articles.url", code: "SQLITE_CONSTRAINT" }``
2026-07-29 16:29:45,353 - INFO - [Wired] Page content loaded.
2026-07-29 16:29:45,620 - INFO - [Times of India] Page content loaded.
2026-07-29 16:29:45,823 - INFO - [Wired] Success with 'selenium_browser'. Found content (1273 words).
2026-07-29 16:29:48,214 - INFO - [Economic Times] Article: https://economictimes.indiatimes.com/tech/technology/apple-faces-indian-engineers-bias-lawsuit/articleshow/81694292.cms
2026-07-29 16:29:48,214 - INFO - [Economic Times] Attempt 1/2: Trying with 'requests_browser' strategy...
2026-07-29 16:29:48,216 - INFO - [Indian Express] Page content loaded.
2026-07-29 16:29:49,182 - ERROR - Error saving article Ulta Promo Codes: Up to 50% Off in July 2026 | WIRED: Hrana: `stream error: `Error { message: "SQLite error: UNIQUE constraint failed: articles.url", code: "SQLITE_CONSTRAINT" }``
2026-07-29 16:29:49,642 - ERROR - parsed tree length: 1, wrong data type or not valid HTML
2026-07-29 16:29:49,642 - ERROR - empty HTML tree: None
2026-07-29 16:29:49,643 - WARNING - discarding data: None
2026-07-29 16:29:49,643 - WARNING - [Economic Times] FAILED with 'requests_browser' (content was too short: 0 words).
2026-07-29 16:29:49,825 - INFO - [Times of India] Success with 'selenium_browser'. Found content (830 words).
2026-07-29 16:29:50,387 - INFO - [Wired] Article: https://www.wired.com/story/airdoctor-coupon-code/
2026-07-29 16:29:50,387 - INFO - [Wired] Attempt 1/2: Trying with 'requests_browser' strategy...
2026-07-29 16:29:51,964 - INFO - [Economic Times] Article: https://economictimes.indiatimes.com/tech/technology/apple-faces-indian-engineers-bias-lawsuit/articleshow/81694292.cms
2026-07-29 16:29:51,967 - ERROR - [The Hindu] Request failed for strategy 'selenium_browser' on URL https://www.thehindu.com/news/national/rajya-sabha-discussion-on-bill-to-prevent-insult-to-vande-mataram-opposition-mps/article71281036.ece: Message: timeout: Timed out receiving message from renderer: 7.000
  (Session info: chrome=151.0.7922.47)
Stacktrace:
#0 0x55760b49f75a <unknown>
#1 0x55760ae12f49 <unknown>
#2 0x55760adfa9af <unknown>
#3 0x55760adfa626 <unknown>
#4 0x55760adf8208 <unknown>
#5 0x55760adf8b8f <unknown>
#6 0x55760ae07cf0 <unknown>
#7 0x55760ae21cb7 <unknown>
#8 0x55760ae2968b <unknown>
#9 0x55760adf92e9 <unknown>
#10 0x55760ae21a12 <unknown>
#11 0x55760aeb0fe6 <unknown>
#12 0x55760ae5bcb2 <unknown>
#13 0x55760ae5cb31 <unknown>
#14 0x55760b464ae0 <unknown>
#15 0x55760b46315a <unknown>
#16 0x55760b44db85 <unknown>
#17 0x55760b463e1a <unknown>
#18 0x55760b435a80 <unknown>
#19 0x55760b48b138 <unknown>
#20 0x55760b48b2d5 <unknown>
#21 0x55760b49e30e <unknown>
#22 0x7f8f8189caa4 <unknown>
#23 0x7f8f81929c6c <unknown>

2026-07-29 16:29:51,974 - INFO - [Economic Times] Attempt 2/2: Trying with 'selenium_browser' strategy...
2026-07-29 16:29:52,432 - ERROR - parsed tree length: 1, wrong data type or not valid HTML
2026-07-29 16:29:52,432 - ERROR - [The Hindu] All scrape strategies failed for https://www.thehindu.com/news/national/rajya-sabha-discussion-on-bill-to-prevent-insult-to-vande-mataram-opposition-mps/article71281036.ece. Falling back to RSS description.
2026-07-29 16:29:53,656 - WARNING - SKIPPED (GLOBAL WORD LIMIT): Article 'Amid disruptions and walkout, Rajya Sabha passes Bill to punish those who disrespect Vande Mataram' from The Hindu has only 27 words (Min: 90).
2026-07-29 16:29:53,656 - INFO - >>> SUCCESSFULLY SAVED [ID: 93287] - California researchers surveyed Point Reyes lagoon 19 times and found 73 pelicans killed by river otters; some birds have now begun flying away when otters approach - The Times of India from Times of India (830 words)
2026-07-29 16:29:53,400 - ERROR - empty HTML tree: None
2026-07-29 16:29:53,657 - WARNING - discarding data: None
2026-07-29 16:29:53,657 - WARNING - [Wired] FAILED with 'requests_browser' (content was too short: 0 words).
2026-07-29 16:29:53,716 - INFO - [Indian Express] Success with 'selenium_browser'. Found content (931 words).
2026-07-29 16:29:55,382 - INFO - [Wired] Article: https://www.wired.com/story/airdoctor-coupon-code/
2026-07-29 16:29:55,382 - INFO - [Wired] Attempt 2/2: Trying with 'selenium_browser' strategy...
2026-07-29 16:29:55,382 - INFO - [Times of India] Early skip: URL https://timesofindia.indiatimes.com/science/scientists-changed-the-fats-in-honeybees-diets-before-pesticide-exposure-survival-rose-to-90-compared-with-below-50-on-other-diets/articleshow/132714523.cms already exists.
2026-07-29 16:29:55,383 - INFO - [The Hindu] Article: https://www.thehindu.com/news/national/karnataka/thg-publishing-and-rv-college-of-engineering-sign-mou-for-step-learning-programme/article71281940.ece
2026-07-29 16:29:55,843 - INFO - [Times of India] Early skip: URL https://timesofindia.indiatimes.com/world/us/an-oregon-emt-disabled-ambulance-cameras-she-says-recorded-patients-without-notice-days-later-she-was-fired-and-has-now-filed-an-800000-wrongful-termination-lawsuit/articleshow/132713649.cms already exists.
2026-07-29 16:29:55,844 - INFO - [The Hindu] Attempt 1/1: Trying with 'selenium_browser' strategy...
2026-07-29 16:29:57,044 - INFO - [Times of India] Early skip: URL https://timesofindia.indiatimes.com/world/us/meet-abigail-stein-the-13-year-old-nashville-student-who-designed-affordable-allergy-spoons-you-dont-need-a-200-machine-to-change-the-world/articleshow/132713730.cms already exists.
2026-07-29 16:29:57,044 - INFO - >>> SUCCESSFULLY SAVED [ID: 93288] - Sanjeev Kumar predicted his early death; Sachin found him ‘face down on the carpet’ | Bollywood News - The Indian Express from Indian Express (931 words)
2026-07-29 16:29:57,049 - INFO - [Times of India] Early skip: URL https://timesofindia.indiatimes.com/world/rest-of-world/australia-built-a-187000-electric-fence-across-wild-horse-plain-but-the-real-reason-lies-beneath-one-of-its-rarest-alpine-wetlands/articleshow/132713539.cms already exists.
2026-07-29 16:29:57,054 - INFO - [Times of India] Early skip: URL https://timesofindia.indiatimes.com/world/middle-east/israel-elections-explained-how-they-work-whos-in-the-race-and-whats-at-stake/articleshow/132713278.cms already exists.
2026-07-29 16:29:57,056 - INFO - [Times of India] Early skip: URL https://timesofindia.indiatimes.com/world/us/a-trekking-pole-pierced-a-montana-nurse-through-the-torso-he-then-hiked-10-miles-for-six-and-a-half-hours-to-reach-help/articleshow/132712622.cms already exists.
2026-07-29 16:29:57,057 - INFO - [Times of India] Early skip: URL https://timesofindia.indiatimes.com/world/uk/half-of-england-declared-in-drought-as-july-records-near-zero-rainfall/articleshow/132711916.cms already exists.
2026-07-29 16:29:57,058 - INFO - [Times of India] Early skip: URL https://timesofindia.indiatimes.com/education/news/florida-sixth-grader-naboshree-santra-developed-biodegradable-soilshade-balls-designed-to-reduce-evaporation-and-retain-moisture-the-11-year-old-is-now-competing-for-a-25000-science-prize/articleshow/132712215.cms already exists.
2026-07-29 16:29:57,060 - INFO - [Times of India] Early skip: URL https://timesofindia.indiatimes.com/world/rest-of-world/beneath-the-ocean-lie-8500-forgotten-wwii-shipwrecks-many-are-still-filled-with-oil/articleshow/132711459.cms already exists.
2026-07-29 16:29:57,061 - INFO - [Times of India] Early skip: URL https://timesofindia.indiatimes.com/world/rest-of-world/inside-chinas-fake-paris-the-1-billion-replica-with-an-eiffel-tower-and-french-streets-that-fooled-the-internet/articleshow/132712461.cms already exists.
2026-07-29 16:29:57,062 - INFO - [Times of India] Early skip: URL https://timesofindia.indiatimes.com/world/us/trump-announces-top-civilian-honour-for-teen-lifeguard-who-saved-boy-at-california-beach/articleshow/132711071.cms already exists.
2026-07-29 16:29:57,064 - INFO - [Times of India] Early skip: URL https://timesofindia.indiatimes.com/world/rest-of-world/china-has-built-a-582-ton-giant-magnet-to-help-its-artificial-sun-confine-plasma-hotter-than-100-millionc/articleshow/132710522.cms already exists.
2026-07-29 16:29:57,065 - INFO - [Times of India] Early skip: URL https://timesofindia.indiatimes.com/world/us/a-13-year-old-texas-girl-was-bitten-by-a-barracuda-in-turks-and-caicos-after-a-tourniquet-and-tendon-damage-she-still-plans-to-become-a-marine-biologist/articleshow/132709213.cms already exists.
2026-07-29 16:29:57,067 - INFO - [Times of India] (Thread) Finished. Attempting to shut down its Selenium driver.
2026-07-29 16:29:57,463 - INFO - [Times of India] (Thread) driver.quit() successful.
2026-07-29 16:29:58,105 - INFO - [Indian Express] Article: https://indianexpress.com/article/political-pulse/exam-leak-law-clears-lok-sabha-showdown-comments-deleted-rahul-gandhi-lok-sabha-10809375/
2026-07-29 16:29:58,105 - INFO - [Indian Express] Attempt 1/1: Trying with 'selenium_browser' strategy...
2026-07-29 16:29:58,907 - INFO - [Economic Times] Page content loaded.
2026-07-29 16:29:59,420 - INFO - [Economic Times] Success with 'selenium_browser'. Found content (743 words).
2026-07-29 16:30:02,621 - ERROR - Error saving article Apple faces Indian engineer’s bias lawsuit - The Economic Times: Hrana: `stream error: `Error { message: "SQLite error: UNIQUE constraint failed: articles.url", code: "SQLITE_CONSTRAINT" }``
2026-07-29 16:30:03,412 - INFO - [Wired] Page content loaded.
2026-07-29 16:30:04,115 - INFO - [Economic Times] Article: https://economictimes.indiatimes.com/news/defence/despite-transatlantic-love-fest-eu-charts-third-way-in-ties-with-us-and-china/articleshow/81467467.cms
2026-07-29 16:30:04,115 - INFO - [Economic Times] Attempt 1/2: Trying with 'requests_browser' strategy...
2026-07-29 16:30:04,626 - INFO - [Economic Times] Success with 'requests_browser'. Found content (799 words).
2026-07-29 16:30:05,460 - INFO - [Wired] Success with 'selenium_browser'. Found content (767 words).
2026-07-29 16:30:08,385 - ERROR - Error saving article Despite transatlantic 'love fest', EU charts third way in ties with US and China - The Economic Times: Hrana: `stream error: `Error { message: "SQLite error: UNIQUE constraint failed: articles.url", code: "SQLITE_CONSTRAINT" }``
2026-07-29 16:30:10,189 - INFO - [Economic Times] Article: https://economictimes.indiatimes.com/tech/tech-bytes/twitters-india-policy-head-to-step-down-will-transition-in-march/articleshow/80732868.cms
2026-07-29 16:30:10,190 - INFO - [Economic Times] Attempt 1/2: Trying with 'requests_browser' strategy...
2026-07-29 16:30:11,597 - INFO - [Indian Express] Page content loaded.
2026-07-29 16:30:11,605 - ERROR - Error saving article AirDoctor Coupon Codes: 40% Off | July 2026 | WIRED: Hrana: `stream error: `Error { message: "SQLite error: UNIQUE constraint failed: articles.url", code: "SQLITE_CONSTRAINT" }``
2026-07-29 16:30:11,613 - WARNING - [The Hindu] Page get timed out (7s). Proceeding to grab partial source anyway.
2026-07-29 16:30:11,625 - ERROR - parsed tree length: 1, wrong data type or not valid HTML
2026-07-29 16:30:11,625 - ERROR - empty HTML tree: None
2026-07-29 16:30:11,625 - WARNING - discarding data: None
2026-07-29 16:30:11,625 - WARNING - [Economic Times] FAILED with 'requests_browser' (content was too short: 0 words).
2026-07-29 16:30:12,179 - INFO - [Economic Times] Article: https://economictimes.indiatimes.com/tech/tech-bytes/twitters-india-policy-head-to-step-down-will-transition-in-march/articleshow/80732868.cms
2026-07-29 16:30:12,179 - INFO - [Economic Times] Attempt 2/2: Trying with 'selenium_browser' strategy...
2026-07-29 16:30:12,500 - INFO - [Wired] Article: https://www.wired.com/story/google-workspace-promo-code/
2026-07-29 16:30:12,500 - INFO - [Wired] Attempt 1/2: Trying with 'requests_browser' strategy...
2026-07-29 16:30:12,680 - ERROR - parsed tree length: 1, wrong data type or not valid HTML
2026-07-29 16:30:12,680 - ERROR - empty HTML tree: None
2026-07-29 16:30:12,680 - WARNING - discarding data: None
2026-07-29 16:30:12,680 - WARNING - [Wired] FAILED with 'requests_browser' (content was too short: 0 words).
2026-07-29 16:30:13,656 - INFO - [Wired] Article: https://www.wired.com/story/google-workspace-promo-code/
2026-07-29 16:30:13,657 - INFO - [Wired] Attempt 2/2: Trying with 'selenium_browser' strategy...
2026-07-29 16:30:13,693 - INFO - [Indian Express] Success with 'selenium_browser'. Found content (870 words).
2026-07-29 16:30:17,054 - INFO - >>> SUCCESSFULLY SAVED [ID: 93292] - Tougher exam leak law clears Lok Sabha amid showdown with comments deleted from Indian Express (870 words)
2026-07-29 16:30:17,055 - INFO - [Economic Times] Page content loaded.
2026-07-29 16:30:17,771 - INFO - [Indian Express] Target reached: Successfully saved 10 new articles.
2026-07-29 16:30:17,777 - INFO - [Indian Express] (Thread) Finished. Attempting to shut down its Selenium driver.
2026-07-29 16:30:18,326 - INFO - [Indian Express] (Thread) driver.quit() successful.
2026-07-29 16:30:18,639 - WARNING - [The Hindu] Page explicit wait timed out (3s). Proceeding anyway.
2026-07-29 16:30:19,424 - INFO - [Economic Times] Success with 'selenium_browser'. Found content (615 words).
2026-07-29 16:30:19,525 - INFO - [Wired] Page content loaded.
2026-07-29 16:30:22,477 - ERROR - Error saving article Twitter's India policy head, Mahima Kaul, to step down; will transition in March - The Economic Times: Hrana: `stream error: `Error { message: "SQLite error: UNIQUE constraint failed: articles.url", code: "SQLITE_CONSTRAINT" }``
2026-07-29 16:30:22,513 - INFO - [Wired] Success with 'selenium_browser'. Found content (1205 words).
2026-07-29 16:30:24,040 - INFO - [Economic Times] Article: https://economictimes.indiatimes.com/tech/tech-and-gadgets/govt-may-keep-rs-7500-cr-outlay-for-it-hardware-manufacturing-under-pli-scheme/articleshow/80333429.cms
2026-07-29 16:30:24,510 - INFO - [Economic Times] Attempt 1/2: Trying with 'requests_browser' strategy...
2026-07-29 16:30:25,436 - ERROR - Error saving article Google Workspace Promo Codes: 14% Off for July | WIRED: Hrana: `stream error: `Error { message: "SQLite error: UNIQUE constraint failed: articles.url", code: "SQLITE_CONSTRAINT" }``
2026-07-29 16:30:25,444 - ERROR - parsed tree length: 1, wrong data type or not valid HTML
2026-07-29 16:30:25,444 - ERROR - empty HTML tree: None
2026-07-29 16:30:25,444 - WARNING - discarding data: None
2026-07-29 16:30:25,444 - WARNING - [Economic Times] FAILED with 'requests_browser' (content was too short: 0 words).
2026-07-29 16:30:25,650 - ERROR - [The Hindu] Request failed for strategy 'selenium_browser' on URL https://www.thehindu.com/news/national/karnataka/thg-publishing-and-rv-college-of-engineering-sign-mou-for-step-learning-programme/article71281940.ece: Message: timeout: Timed out receiving message from renderer: 7.000
  (Session info: chrome=151.0.7922.47)
Stacktrace:
#0 0x55760b49f75a <unknown>
#1 0x55760ae12f49 <unknown>
#2 0x55760adfa9af <unknown>
#3 0x55760adfa626 <unknown>
#4 0x55760adf8208 <unknown>
#5 0x55760adf8b8f <unknown>
#6 0x55760ae07cf0 <unknown>
#7 0x55760ae21cb7 <unknown>
#8 0x55760ae2968b <unknown>
#9 0x55760adf92e9 <unknown>
#10 0x55760ae21a12 <unknown>
#11 0x55760aeb0fe6 <unknown>
#12 0x55760ae5bcb2 <unknown>
#13 0x55760ae5cb31 <unknown>
#14 0x55760b464ae0 <unknown>
#15 0x55760b46315a <unknown>
#16 0x55760b44db85 <unknown>
#17 0x55760b463e1a <unknown>
#18 0x55760b435a80 <unknown>
#19 0x55760b48b138 <unknown>
#20 0x55760b48b2d5 <unknown>
#21 0x55760b49e30e <unknown>
#22 0x7f8f8189caa4 <unknown>
#23 0x7f8f81929c6c <unknown>

2026-07-29 16:30:25,651 - ERROR - [The Hindu] All scrape strategies failed for https://www.thehindu.com/news/national/karnataka/thg-publishing-and-rv-college-of-engineering-sign-mou-for-step-learning-programme/article71281940.ece. Falling back to RSS description.
2026-07-29 16:30:25,651 - WARNING - SKIPPED (GLOBAL WORD LIMIT): Article 'THG Publishing and RV College of Engineering sign MoU for STEP learning programme' from The Hindu has only 3 words (Min: 90).
2026-07-29 16:30:26,083 - INFO - [Economic Times] Article: https://economictimes.indiatimes.com/tech/tech-and-gadgets/govt-may-keep-rs-7500-cr-outlay-for-it-hardware-manufacturing-under-pli-scheme/articleshow/80333429.cms
2026-07-29 16:30:26,083 - INFO - [Economic Times] Attempt 2/2: Trying with 'selenium_browser' strategy...
2026-07-29 16:30:26,415 - INFO - [Wired] Article: https://www.wired.com/story/birdfy-discount-code/
2026-07-29 16:30:26,415 - INFO - [Wired] Attempt 1/2: Trying with 'requests_browser' strategy...
2026-07-29 16:30:26,582 - INFO - [The Hindu] Article: https://www.thehindu.com/news/national/telangana/water-pumping-begins-from-gayatri-pumphouse/article71282700.ece
2026-07-29 16:30:26,582 - INFO - [The Hindu] Attempt 1/1: Trying with 'selenium_browser' strategy...
2026-07-29 16:30:26,589 - ERROR - parsed tree length: 1, wrong data type or not valid HTML
2026-07-29 16:30:26,589 - ERROR - empty HTML tree: None
2026-07-29 16:30:26,589 - WARNING - discarding data: None
2026-07-29 16:30:26,589 - WARNING - [Wired] FAILED with 'requests_browser' (content was too short: 0 words).
2026-07-29 16:30:26,718 - INFO - [Economic Times] Page content loaded.
2026-07-29 16:30:26,864 - INFO - [Economic Times] Success with 'selenium_browser'. Found content (481 words).
2026-07-29 16:30:28,391 - INFO - [Wired] Article: https://www.wired.com/story/birdfy-discount-code/
2026-07-29 16:30:28,391 - INFO - [Wired] Attempt 2/2: Trying with 'selenium_browser' strategy...
2026-07-29 16:30:29,792 - ERROR - Error saving article Govt may keep Rs 7,500 cr outlay for IT hardware manufacturing under PLI scheme - The Economic Times: Hrana: `stream error: `Error { message: "SQLite error: UNIQUE constraint failed: articles.url", code: "SQLITE_CONSTRAINT" }``
2026-07-29 16:30:31,042 - INFO - [Economic Times] Article: https://economictimes.indiatimes.com/tech/technology/indian-dating-apps-services-see-surge-of-paying-users-in-small-cities/articleshow/80063342.cms
2026-07-29 16:30:31,042 - INFO - [Economic Times] Attempt 1/2: Trying with 'requests_browser' strategy...
2026-07-29 16:30:31,065 - INFO - [Wired] Page content loaded.
2026-07-29 16:30:31,414 - ERROR - parsed tree length: 1, wrong data type or not valid HTML
2026-07-29 16:30:31,415 - ERROR - empty HTML tree: None
2026-07-29 16:30:31,415 - WARNING - discarding data: None
2026-07-29 16:30:31,415 - WARNING - [Economic Times] FAILED with 'requests_browser' (content was too short: 0 words).
2026-07-29 16:30:31,453 - INFO - [Wired] Success with 'selenium_browser'. Found content (584 words).
2026-07-29 16:30:33,473 - INFO - [Economic Times] Article: https://economictimes.indiatimes.com/tech/technology/indian-dating-apps-services-see-surge-of-paying-users-in-small-cities/articleshow/80063342.cms
2026-07-29 16:30:33,473 - INFO - [Economic Times] Attempt 2/2: Trying with 'selenium_browser' strategy...
2026-07-29 16:30:34,398 - ERROR - Error saving article Birdfy Discount Codes: 15% Off Sitewide | WIRED: Hrana: `stream error: `Error { message: "SQLite error: UNIQUE constraint failed: articles.url", code: "SQLITE_CONSTRAINT" }``
2026-07-29 16:30:35,483 - INFO - [Wired] Article: https://www.wired.com/story/priceline-promo-code/
2026-07-29 16:30:35,483 - INFO - [Wired] Attempt 1/2: Trying with 'requests_browser' strategy...
2026-07-29 16:30:35,690 - ERROR - parsed tree length: 1, wrong data type or not valid HTML
2026-07-29 16:30:35,690 - ERROR - empty HTML tree: None
2026-07-29 16:30:35,690 - WARNING - discarding data: None
2026-07-29 16:30:35,690 - WARNING - [Wired] FAILED with 'requests_browser' (content was too short: 0 words).
2026-07-29 16:30:35,731 - INFO - [Economic Times] Page content loaded.
2026-07-29 16:30:35,914 - WARNING - [Economic Times] FAILED with 'selenium_browser' (content was too short: 84 words).
2026-07-29 16:30:35,914 - ERROR - [Economic Times] All scrape strategies failed for https://economictimes.indiatimes.com/tech/technology/indian-dating-apps-services-see-surge-of-paying-users-in-small-cities/articleshow/80063342.cms. Falling back to RSS description.
2026-07-29 16:30:35,914 - WARNING - SKIPPED (GLOBAL WORD LIMIT): Article 'Indian dating apps, services see surge of paying users in small cities ' from Economic Times has only 54 words (Min: 90).
2026-07-29 16:30:36,581 - INFO - [Wired] Article: https://www.wired.com/story/priceline-promo-code/
2026-07-29 16:30:36,582 - INFO - [Wired] Attempt 2/2: Trying with 'selenium_browser' strategy...
2026-07-29 16:30:37,118 - INFO - [Economic Times] Article: https://economictimes.indiatimes.com/tech/technology/time-for-govt-cos-to-adopt-ai-deloitte-india/articleshow/79981215.cms
2026-07-29 16:30:37,118 - INFO - [Economic Times] Attempt 1/2: Trying with 'requests_browser' strategy...
2026-07-29 16:30:37,664 - ERROR - parsed tree length: 1, wrong data type or not valid HTML
2026-07-29 16:30:37,664 - ERROR - empty HTML tree: None
2026-07-29 16:30:37,664 - WARNING - discarding data: None
2026-07-29 16:30:37,664 - WARNING - [Economic Times] FAILED with 'requests_browser' (content was too short: 0 words).
2026-07-29 16:30:38,260 - INFO - [Economic Times] Article: https://economictimes.indiatimes.com/tech/technology/time-for-govt-cos-to-adopt-ai-deloitte-india/articleshow/79981215.cms
2026-07-29 16:30:38,260 - INFO - [Economic Times] Attempt 2/2: Trying with 'selenium_browser' strategy...
2026-07-29 16:30:38,267 - INFO - [Wired] Page content loaded.
2026-07-29 16:30:38,665 - INFO - [Wired] Success with 'selenium_browser'. Found content (1446 words).
2026-07-29 16:30:41,654 - ERROR - Error saving article Priceline Promo Codes & Coupons: 10% Off July | WIRED: Hrana: `stream error: `Error { message: "SQLite error: UNIQUE constraint failed: articles.url", code: "SQLITE_CONSTRAINT" }``
2026-07-29 16:30:41,655 - WARNING - [The Hindu] Page get timed out (7s). Proceeding to grab partial source anyway.
2026-07-29 16:30:41,783 - INFO - [Economic Times] Page content loaded.
2026-07-29 16:30:41,908 - WARNING - [Economic Times] FAILED with 'selenium_browser' (content was too short: 74 words).
2026-07-29 16:30:41,908 - ERROR - [Economic Times] All scrape strategies failed for https://economictimes.indiatimes.com/tech/technology/time-for-govt-cos-to-adopt-ai-deloitte-india/articleshow/79981215.cms. Falling back to RSS description.
2026-07-29 16:30:41,908 - WARNING - SKIPPED (GLOBAL WORD LIMIT): Article 'Time for government, companies to adopt artificial intelligence: Deloitte India ' from Economic Times has only 49 words (Min: 90).
2026-07-29 16:30:42,613 - INFO - [Wired] Article: https://www.wired.com/story/booking-com-promo-code/
2026-07-29 16:30:42,613 - INFO - [Wired] Attempt 1/2: Trying with 'requests_browser' strategy...
2026-07-29 16:30:42,748 - ERROR - parsed tree length: 1, wrong data type or not valid HTML
2026-07-29 16:30:42,748 - ERROR - empty HTML tree: None
2026-07-29 16:30:42,748 - WARNING - discarding data: None
2026-07-29 16:30:42,748 - WARNING - [Wired] FAILED with 'requests_browser' (content was too short: 0 words).
2026-07-29 16:30:43,331 - INFO - [Economic Times] Early skip: URL https://economictimes.indiatimes.com/news/new-updates/in-1943-us-built-an-entire-city-and-it-didnt-exist-on-a-single-map/articleshow/132659427.cms already exists.
2026-07-29 16:30:43,332 - INFO - [Economic Times] Early skip: URL https://economictimes.indiatimes.com/news/new-updates/humans-have-a-third-eye-in-the-brain-study-links-it-to-a-600-million-year-old-cyclops-ancestor/articleshow/132655441.cms already exists.
2026-07-29 16:30:43,333 - INFO - [Economic Times] Early skip: URL https://economictimes.indiatimes.com/news/new-updates/1500-ships-trapped-in-gulf-of-hormuz-is-quietly-multiplying-an-underwater-army-that-could-unleash-worlds-biggest-bioinvasion-event/articleshow/132595366.cms already exists.
2026-07-29 16:30:43,334 - INFO - [Economic Times] Early skip: URL https://economictimes.indiatimes.com/news/new-updates/argentina-vs-spain-fifa-world-cup-final-to-be-replayed-petition-for-a-rematch-crosses-60000-signatures/articleshow/132576024.cms already exists.
2026-07-29 16:30:43,335 - INFO - [Economic Times] Early skip: URL https://economictimes.indiatimes.com/news/new-updates/he-baked-potato-in-aluminium-foil-and-ate-it-next-morning-after-microwaving-it-hours-later-he-was-paralysed-doctor-explains-why/articleshow/132574269.cms already exists.
2026-07-29 16:30:43,337 - INFO - [Economic Times] Early skip: URL https://economictimes.indiatimes.com/news/new-updates/what-is-a-dystopian-nightmare-the-psychology-behind-the-viral-trend/articleshow/132573003.cms already exists.
2026-07-29 16:30:43,338 - INFO - [Economic Times] Article: https://economictimes.indiatimes.com/news/elections/assembly-elections/assam/done-deal-cm-himanta-biswa-sarma-on-nda-seat-sharing-for-assam-polls/articleshow/128678098.cms
2026-07-29 16:30:43,338 - INFO - [Economic Times] Attempt 1/2: Trying with 'requests_browser' strategy...
2026-07-29 16:30:43,659 - INFO - [Economic Times] Success with 'requests_browser'. Found content (518 words).
2026-07-29 16:30:43,714 - INFO - [Wired] Article: https://www.wired.com/story/booking-com-promo-code/
2026-07-29 16:30:43,714 - INFO - [Wired] Attempt 2/2: Trying with 'selenium_browser' strategy...
2026-07-29 16:30:46,600 - ERROR - Error saving article 'Done deal': CM Himanta Biswa Sarma on NDA seat-sharing for Assam polls - The Economic Times: Hrana: `stream error: `Error { message: "SQLite error: UNIQUE constraint failed: articles.url", code: "SQLITE_CONSTRAINT" }``
2026-07-29 16:30:46,605 - INFO - [Wired] Page content loaded.
2026-07-29 16:30:46,847 - INFO - [Wired] Success with 'selenium_browser'. Found content (1201 words).
2026-07-29 16:30:48,397 - INFO - [Economic Times] Article: https://economictimes.indiatimes.com/news/elections/assembly-elections/bihar/rare-intensive-revision-in-bihar-four-months-before-polls/articleshow/122167501.cms
2026-07-29 16:30:48,857 - INFO - [Economic Times] Attempt 1/2: Trying with 'requests_browser' strategy...
2026-07-29 16:30:48,860 - WARNING - [The Hindu] Page explicit wait timed out (3s). Proceeding anyway.
2026-07-29 16:30:49,804 - ERROR - Error saving article Booking.com Promo Codes: 20% Off | July 2026 | WIRED: Hrana: `stream error: `Error { message: "SQLite error: UNIQUE constraint failed: articles.url", code: "SQLITE_CONSTRAINT" }``
2026-07-29 16:30:49,832 - INFO - [Economic Times] Success with 'requests_browser'. Found content (862 words).
2026-07-29 16:30:51,341 - INFO - [Wired] Article: https://www.wired.com/story/corsair-coupon/
2026-07-29 16:30:51,799 - INFO - [Wired] Attempt 1/2: Trying with 'requests_browser' strategy...
2026-07-29 16:30:52,735 - ERROR - Error saving article Rare 'intensive' revision in Bihar four months before polls - The Economic Times: Hrana: `stream error: `Error { message: "SQLite error: UNIQUE constraint failed: articles.url", code: "SQLITE_CONSTRAINT" }``
2026-07-29 16:30:52,746 - ERROR - parsed tree length: 1, wrong data type or not valid HTML
2026-07-29 16:30:52,746 - ERROR - empty HTML tree: None
2026-07-29 16:30:52,746 - WARNING - discarding data: None
2026-07-29 16:30:52,746 - WARNING - [Wired] FAILED with 'requests_browser' (content was too short: 0 words).
2026-07-29 16:30:53,469 - INFO - [Wired] Article: https://www.wired.com/story/corsair-coupon/
2026-07-29 16:30:53,470 - INFO - [Wired] Attempt 2/2: Trying with 'selenium_browser' strategy...
2026-07-29 16:30:53,959 - INFO - [Economic Times] Article: https://economictimes.indiatimes.com/news/elections/assembly-elections/delhi/bjp-accuses-kejriwal-of-sending-voters-hoax-calls-to-mislead/articleshow/117579007.cms
2026-07-29 16:30:53,959 - INFO - [Economic Times] Attempt 1/2: Trying with 'requests_browser' strategy...
2026-07-29 16:30:54,245 - INFO - [Economic Times] Success with 'requests_browser'. Found content (550 words).
2026-07-29 16:30:56,247 - ERROR - [The Hindu] Request failed for strategy 'selenium_browser' on URL https://www.thehindu.com/news/national/telangana/water-pumping-begins-from-gayatri-pumphouse/article71282700.ece: Message: timeout: Timed out receiving message from renderer: 7.000
  (Session info: chrome=151.0.7922.47)
Stacktrace:
#0 0x55760b49f75a <unknown>
#1 0x55760ae12f49 <unknown>
#2 0x55760adfa9af <unknown>
#3 0x55760adfa626 <unknown>
#4 0x55760adf8208 <unknown>
#5 0x55760adf8b8f <unknown>
#6 0x55760ae07cf0 <unknown>
#7 0x55760ae21cb7 <unknown>
#8 0x55760ae2968b <unknown>
#9 0x55760adf92e9 <unknown>
#10 0x55760ae21a12 <unknown>
#11 0x55760aeb0fe6 <unknown>
#12 0x55760ae5bcb2 <unknown>
#13 0x55760ae5cb31 <unknown>
#14 0x55760b464ae0 <unknown>
#15 0x55760b46315a <unknown>
#16 0x55760b44db85 <unknown>
#17 0x55760b463e1a <unknown>
#18 0x55760b435a80 <unknown>
#19 0x55760b48b138 <unknown>
#20 0x55760b48b2d5 <unknown>
#21 0x55760b49e30e <unknown>
#22 0x7f8f8189caa4 <unknown>
#23 0x7f8f81929c6c <unknown>

2026-07-29 16:30:56,248 - ERROR - [The Hindu] All scrape strategies failed for https://www.thehindu.com/news/national/telangana/water-pumping-begins-from-gayatri-pumphouse/article71282700.ece. Falling back to RSS description.
2026-07-29 16:30:56,248 - WARNING - SKIPPED (GLOBAL WORD LIMIT): Article 'Water pumping begins from Gayatri pumphouse' from The Hindu has only 3 words (Min: 90).
2026-07-29 16:30:57,187 - INFO - [Wired] Page content loaded.
2026-07-29 16:30:57,187 - ERROR - Error saving article BJP accuses Kejriwal of sending voters hoax calls to mislead - The Economic Times: Hrana: `stream error: `Error { message: "SQLite error: UNIQUE constraint failed: articles.url", code: "SQLITE_CONSTRAINT" }``
2026-07-29 16:30:57,435 - INFO - [Wired] Success with 'selenium_browser'. Found content (770 words).
2026-07-29 16:30:57,455 - INFO - [The Hindu] Article: https://www.thehindu.com/news/national/kerala/brahmos-expansion-in-thiruvananthapuram-kerala-cabinet-sanctions-90-acres-more-to-drdo/article71282506.ece
2026-07-29 16:30:57,455 - INFO - [The Hindu] Attempt 1/1: Trying with 'selenium_browser' strategy...
2026-07-29 16:30:59,261 - INFO - [Economic Times] Article: https://economictimes.indiatimes.com/news/elections/lok-sabha/india/lok-sabha-election-2024-maharashtra-get-interesting-after-splits-in-shiv-sena-ncp/articleshow/108559788.cms
2026-07-29 16:30:59,726 - INFO - [Economic Times] Attempt 1/2: Trying with 'requests_browser' strategy...
2026-07-29 16:31:00,645 - ERROR - Error saving article Corsair Discount Code: Up to 50% Off for July 2026 | WIRED: Hrana: `stream error: `Error { message: "SQLite error: UNIQUE constraint failed: articles.url", code: "SQLITE_CONSTRAINT" }``
2026-07-29 16:31:00,666 - INFO - [Economic Times] Success with 'requests_browser'. Found content (1442 words).
2026-07-29 16:31:02,175 - INFO - [Wired] Early skip: URL https://www.wired.com/story/ray-ban-promo-code/ already exists.
2026-07-29 16:31:03,571 - INFO - [Wired] Article: https://www.wired.com/story/uber-eats-promo-code/
2026-07-29 16:31:03,572 - INFO - [Wired] Attempt 1/2: Trying with 'requests_browser' strategy...
2026-07-29 16:31:03,573 - ERROR - Error saving article Lok Sabha election 2024: Maharashtra get interesting after splits in Shiv Sena, NCP - The Economic Times: Hrana: `stream error: `Error { message: "SQLite error: UNIQUE constraint failed: articles.url", code: "SQLITE_CONSTRAINT" }``
2026-07-29 16:31:03,698 - ERROR - parsed tree length: 1, wrong data type or not valid HTML
2026-07-29 16:31:03,698 - ERROR - empty HTML tree: None
2026-07-29 16:31:03,698 - WARNING - discarding data: None
2026-07-29 16:31:03,698 - WARNING - [Wired] FAILED with 'requests_browser' (content was too short: 0 words).
2026-07-29 16:31:04,294 - INFO - [Wired] Article: https://www.wired.com/story/uber-eats-promo-code/
2026-07-29 16:31:04,294 - INFO - [Wired] Attempt 2/2: Trying with 'selenium_browser' strategy...
2026-07-29 16:31:04,765 - INFO - [Economic Times] Article: https://economictimes.indiatimes.com/news/elections/lok-sabha/india/modi-charisma-key-factor-in-bjps-bid-to-retain-all-26-seats-in-gujarat/articleshow/108550858.cms
2026-07-29 16:31:04,765 - INFO - [Economic Times] Attempt 1/2: Trying with 'requests_browser' strategy...
2026-07-29 16:31:05,100 - INFO - [Economic Times] Success with 'requests_browser'. Found content (838 words).
2026-07-29 16:31:08,026 - INFO - [Wired] Page content loaded.
2026-07-29 16:31:08,026 - ERROR - Error saving article Modi charisma key factor in BJP's bid to retain all 26 seats in Gujarat - The Economic Times: Hrana: `stream error: `Error { message: "SQLite error: UNIQUE constraint failed: articles.url", code: "SQLITE_CONSTRAINT" }``
2026-07-29 16:31:08,275 - INFO - [Wired] Success with 'selenium_browser'. Found content (1030 words).
2026-07-29 16:31:09,788 - INFO - [Economic Times] Article: https://economictimes.indiatimes.com/news/elections/lok-sabha/india/implementation-of-guarantees-decline-of-brs-favour-congress-in-telangana-bjp-aiming-for-better-show/articleshow/108548569.cms
2026-07-29 16:31:10,254 - INFO - [Economic Times] Attempt 1/2: Trying with 'requests_browser' strategy...
2026-07-29 16:31:11,184 - ERROR - Error saving article Uber Eats Promo Codes: $15 Off│July 2026 | WIRED: Hrana: `stream error: `Error { message: "SQLite error: UNIQUE constraint failed: articles.url", code: "SQLITE_CONSTRAINT" }``
2026-07-29 16:31:11,206 - INFO - [Economic Times] Success with 'requests_browser'. Found content (1272 words).
2026-07-29 16:31:12,710 - INFO - [Wired] Article: https://www.wired.com/story/herman-miller-promo-code/
2026-07-29 16:31:12,710 - INFO - [Wired] Attempt 1/2: Trying with 'requests_browser' strategy...
2026-07-29 16:31:12,712 - WARNING - [The Hindu] Page get timed out (7s). Proceeding to grab partial source anyway.
2026-07-29 16:31:14,117 - ERROR - Error saving article Implementation of 'guarantees', decline of BRS favour Congress in Telangana, BJP aiming for better show - The Economic Times: Hrana: `stream error: `Error { message: "SQLite error: UNIQUE constraint failed: articles.url", code: "SQLITE_CONSTRAINT" }``
2026-07-29 16:31:14,128 - ERROR - parsed tree length: 1, wrong data type or not valid HTML
2026-07-29 16:31:14,128 - ERROR - empty HTML tree: None
2026-07-29 16:31:14,128 - WARNING - discarding data: None
2026-07-29 16:31:14,128 - WARNING - [Wired] FAILED with 'requests_browser' (content was too short: 0 words).
2026-07-29 16:31:14,752 - INFO - [Economic Times] Article: https://economictimes.indiatimes.com/traders-bet-on-calendar-spread-as-nifty-moves-in-a-tight-range/articleshow/6302358.cms
2026-07-29 16:31:14,752 - INFO - [Economic Times] Attempt 1/2: Trying with 'requests_browser' strategy...
2026-07-29 16:31:14,934 - INFO - [Wired] Article: https://www.wired.com/story/herman-miller-promo-code/
2026-07-29 16:31:14,934 - INFO - [Wired] Attempt 2/2: Trying with 'selenium_browser' strategy...
2026-07-29 16:31:15,057 - ERROR - parsed tree length: 1, wrong data type or not valid HTML
2026-07-29 16:31:15,057 - ERROR - empty HTML tree: None
2026-07-29 16:31:15,057 - WARNING - discarding data: None
2026-07-29 16:31:15,057 - WARNING - [Economic Times] FAILED with 'requests_browser' (content was too short: 0 words).
2026-07-29 16:31:15,702 - INFO - [Economic Times] Article: https://economictimes.indiatimes.com/traders-bet-on-calendar-spread-as-nifty-moves-in-a-tight-range/articleshow/6302358.cms
2026-07-29 16:31:15,703 - INFO - [Economic Times] Attempt 2/2: Trying with 'selenium_browser' strategy...
2026-07-29 16:31:16,083 - INFO - [Wired] Page content loaded.
2026-07-29 16:31:16,614 - INFO - [Wired] Success with 'selenium_browser'. Found content (752 words).
2026-07-29 16:31:19,635 - ERROR - Error saving article Herman Miller Promo Codes: 40% Off July 2026 | WIRED: Hrana: `stream error: `Error { message: "SQLite error: UNIQUE constraint failed: articles.url", code: "SQLITE_CONSTRAINT" }``
2026-07-29 16:31:19,635 - INFO - [Economic Times] Page content loaded.
2026-07-29 16:31:19,784 - INFO - [Economic Times] Success with 'selenium_browser'. Found content (411 words).
2026-07-29 16:31:21,527 - WARNING - [The Hindu] Page explicit wait timed out (3s). Proceeding anyway.
2026-07-29 16:31:21,991 - INFO - [Wired] Article: https://www.wired.com/story/altra-promo-code/
2026-07-29 16:31:21,992 - INFO - [Wired] Attempt 1/2: Trying with 'requests_browser' strategy...
2026-07-29 16:31:22,932 - ERROR - Error saving article Traders bet on calendar spread as Nifty moves in a tight range - The Economic Times: Hrana: `stream error: `Error { message: "SQLite error: UNIQUE constraint failed: articles.url", code: "SQLITE_CONSTRAINT" }``
2026-07-29 16:31:23,089 - ERROR - parsed tree length: 1, wrong data type or not valid HTML
2026-07-29 16:31:23,090 - ERROR - empty HTML tree: None
2026-07-29 16:31:23,090 - WARNING - discarding data: None
2026-07-29 16:31:23,090 - WARNING - [Wired] FAILED with 'requests_browser' (content was too short: 0 words).
2026-07-29 16:31:23,697 - INFO - [Wired] Article: https://www.wired.com/story/altra-promo-code/
2026-07-29 16:31:23,697 - INFO - [Wired] Attempt 2/2: Trying with 'selenium_browser' strategy...
2026-07-29 16:31:24,431 - INFO - [Economic Times] Article: https://economictimes.indiatimes.com/nifty-may-find-support-at-5300-level/articleshow/6296017.cms
2026-07-29 16:31:24,431 - INFO - [Economic Times] Attempt 1/2: Trying with 'requests_browser' strategy...
2026-07-29 16:31:24,741 - ERROR - parsed tree length: 1, wrong data type or not valid HTML
2026-07-29 16:31:24,741 - ERROR - empty HTML tree: None
2026-07-29 16:31:24,741 - WARNING - discarding data: None
2026-07-29 16:31:24,742 - WARNING - [Economic Times] FAILED with 'requests_browser' (content was too short: 0 words).
2026-07-29 16:31:25,284 - INFO - [Wired] Page content loaded.
2026-07-29 16:31:25,605 - INFO - [Economic Times] Article: https://economictimes.indiatimes.com/nifty-may-find-support-at-5300-level/articleshow/6296017.cms
2026-07-29 16:31:25,606 - INFO - [Economic Times] Attempt 2/2: Trying with 'selenium_browser' strategy...
2026-07-29 16:31:25,765 - INFO - [Wired] Success with 'selenium_browser'. Found content (810 words).
2026-07-29 16:31:28,831 - ERROR - Error saving article Altra Running Promo Codes: 10% Off July 2026 | WIRED: Hrana: `stream error: `Error { message: "SQLite error: UNIQUE constraint failed: articles.url", code: "SQLITE_CONSTRAINT" }``
2026-07-29 16:31:29,004 - ERROR - [The Hindu] Request failed for strategy 'selenium_browser' on URL https://www.thehindu.com/news/national/kerala/brahmos-expansion-in-thiruvananthapuram-kerala-cabinet-sanctions-90-acres-more-to-drdo/article71282506.ece: Message: timeout: Timed out receiving message from renderer: 7.000
  (Session info: chrome=151.0.7922.47)
Stacktrace:
#0 0x55760b49f75a <unknown>
#1 0x55760ae12f49 <unknown>
#2 0x55760adfa9af <unknown>
#3 0x55760adfa626 <unknown>
#4 0x55760adf8208 <unknown>
#5 0x55760adf8b8f <unknown>
#6 0x55760ae07cf0 <unknown>
#7 0x55760ae21cb7 <unknown>
#8 0x55760ae2968b <unknown>
#9 0x55760adf92e9 <unknown>
#10 0x55760ae21a12 <unknown>
#11 0x55760aeb0fe6 <unknown>
#12 0x55760ae5bcb2 <unknown>
#13 0x55760ae5cb31 <unknown>
#14 0x55760b464ae0 <unknown>
#15 0x55760b46315a <unknown>
#16 0x55760b44db85 <unknown>
#17 0x55760b463e1a <unknown>
#18 0x55760b435a80 <unknown>
#19 0x55760b48b138 <unknown>
#20 0x55760b48b2d5 <unknown>
#21 0x55760b49e30e <unknown>
#22 0x7f8f8189caa4 <unknown>
#23 0x7f8f81929c6c <unknown>

2026-07-29 16:31:29,004 - ERROR - [The Hindu] All scrape strategies failed for https://www.thehindu.com/news/national/kerala/brahmos-expansion-in-thiruvananthapuram-kerala-cabinet-sanctions-90-acres-more-to-drdo/article71282506.ece. Falling back to RSS description.
2026-07-29 16:31:29,004 - WARNING - SKIPPED (GLOBAL WORD LIMIT): Article 'BrahMos expansion in Thiruvananthapuram: Kerala Cabinet sanctions 90 acres more to DRDO' from The Hindu has only 30 words (Min: 90).
2026-07-29 16:31:29,551 - INFO - [Wired] Article: https://www.wired.com/story/newegg-promo-code/
2026-07-29 16:31:29,552 - INFO - [Wired] Attempt 1/2: Trying with 'requests_browser' strategy...
2026-07-29 16:31:29,732 - ERROR - parsed tree length: 1, wrong data type or not valid HTML
2026-07-29 16:31:29,732 - ERROR - empty HTML tree: None
2026-07-29 16:31:29,732 - WARNING - discarding data: None
2026-07-29 16:31:29,732 - WARNING - [Wired] FAILED with 'requests_browser' (content was too short: 0 words).
2026-07-29 16:31:29,994 - INFO - [Economic Times] Page content loaded.
2026-07-29 16:31:30,210 - INFO - [The Hindu] Article: https://www.thehindu.com/news/cities/Coimbatore/political-leaders-urge-centre-to-approve-metro-rail-project-for-coimbatore/article71282447.ece
2026-07-29 16:31:30,210 - INFO - [The Hindu] Attempt 1/1: Trying with 'selenium_browser' strategy...
2026-07-29 16:31:30,536 - INFO - [Economic Times] Success with 'selenium_browser'. Found content (773 words).
2026-07-29 16:31:30,595 - INFO - [Wired] Article: https://www.wired.com/story/newegg-promo-code/
2026-07-29 16:31:30,602 - INFO - [Wired] Attempt 2/2: Trying with 'selenium_browser' strategy...
2026-07-29 16:31:33,704 - ERROR - Error saving article Nifty may find support at 5300 level - The Economic Times: Hrana: `stream error: `Error { message: "SQLite error: UNIQUE constraint failed: articles.url", code: "SQLITE_CONSTRAINT" }``
2026-07-29 16:31:33,712 - INFO - [Wired] Page content loaded.
2026-07-29 16:31:33,957 - INFO - [Wired] Success with 'selenium_browser'. Found content (1237 words).
2026-07-29 16:31:35,493 - INFO - [Economic Times] Article: https://economictimes.indiatimes.com/seven-out-of-top-10-asian-small-cap-funds-are-indian/articleshow/6295976.cms
2026-07-29 16:31:35,964 - INFO - [Economic Times] Attempt 1/2: Trying with 'requests_browser' strategy...
2026-07-29 16:31:36,906 - ERROR - Error saving article Newegg Promo Codes and Coupons for July 2026 | WIRED: Hrana: `stream error: `Error { message: "SQLite error: UNIQUE constraint failed: articles.url", code: "SQLITE_CONSTRAINT" }``
2026-07-29 16:31:37,495 - ERROR - parsed tree length: 1, wrong data type or not valid HTML
2026-07-29 16:31:37,496 - ERROR - empty HTML tree: None
2026-07-29 16:31:37,496 - WARNING - discarding data: None
2026-07-29 16:31:37,496 - WARNING - [Economic Times] FAILED with 'requests_browser' (content was too short: 0 words).
2026-07-29 16:31:37,762 - INFO - [Wired] Article: https://www.wired.com/story/samsung-promo-codes/
2026-07-29 16:31:37,762 - INFO - [Wired] Attempt 1/2: Trying with 'requests_browser' strategy...
2026-07-29 16:31:37,921 - ERROR - parsed tree length: 1, wrong data type or not valid HTML
2026-07-29 16:31:37,921 - ERROR - empty HTML tree: None
2026-07-29 16:31:37,921 - WARNING - discarding data: None
2026-07-29 16:31:37,921 - WARNING - [Wired] FAILED with 'requests_browser' (content was too short: 0 words).
2026-07-29 16:31:38,442 - INFO - [Economic Times] Article: https://economictimes.indiatimes.com/seven-out-of-top-10-asian-small-cap-funds-are-indian/articleshow/6295976.cms
2026-07-29 16:31:38,442 - INFO - [Economic Times] Attempt 2/2: Trying with 'selenium_browser' strategy...
2026-07-29 16:31:38,829 - INFO - [Wired] Article: https://www.wired.com/story/samsung-promo-codes/
2026-07-29 16:31:38,829 - INFO - [Wired] Attempt 2/2: Trying with 'selenium_browser' strategy...
2026-07-29 16:31:39,700 - INFO - [Economic Times] Page content loaded.
2026-07-29 16:31:39,856 - INFO - [Economic Times] Success with 'selenium_browser'. Found content (607 words).
2026-07-29 16:31:42,021 - INFO - [Wired] Page content loaded.
2026-07-29 16:31:42,971 - ERROR - Error saving article Seven out of top 10 Asian small-cap funds are Indian - The Economic Times: Hrana: `stream error: `Error { message: "SQLite error: UNIQUE constraint failed: articles.url", code: "SQLITE_CONSTRAINT" }``
2026-07-29 16:31:43,059 - INFO - [Wired] Success with 'selenium_browser'. Found content (1565 words).
2026-07-29 16:31:44,616 - INFO - [Economic Times] Article: https://economictimes.indiatimes.com/inflation-reflects-growth-dynamics-in-india-christopher-wood/articleshow/6274053.cms
2026-07-29 16:31:44,616 - WARNING - [The Hindu] Page get timed out (7s). Proceeding to grab partial source anyway.
2026-07-29 16:31:44,617 - INFO - [Economic Times] Attempt 1/2: Trying with 'requests_browser' strategy...
2026-07-29 16:31:46,017 - ERROR - Error saving article 30% Off Samsung Promo Code | July 2026 | WIRED: Hrana: `stream error: `Error { message: "SQLite error: UNIQUE constraint failed: articles.url", code: "SQLITE_CONSTRAINT" }``
2026-07-29 16:31:46,456 - ERROR - parsed tree length: 1, wrong data type or not valid HTML
2026-07-29 16:31:46,456 - ERROR - empty HTML tree: None
2026-07-29 16:31:46,456 - WARNING - discarding data: None
2026-07-29 16:31:46,456 - WARNING - [Economic Times] FAILED with 'requests_browser' (content was too short: 0 words).
2026-07-29 16:31:47,128 - INFO - [Wired] Article: https://www.wired.com/story/pura-promo-code/
2026-07-29 16:31:47,128 - INFO - [Wired] Attempt 1/2: Trying with 'requests_browser' strategy...
2026-07-29 16:31:47,179 - INFO - [Economic Times] Article: https://economictimes.indiatimes.com/inflation-reflects-growth-dynamics-in-india-christopher-wood/articleshow/6274053.cms
2026-07-29 16:31:47,179 - INFO - [Economic Times] Attempt 2/2: Trying with 'selenium_browser' strategy...
2026-07-29 16:31:47,256 - ERROR - parsed tree length: 1, wrong data type or not valid HTML
2026-07-29 16:31:47,256 - ERROR - empty HTML tree: None
2026-07-29 16:31:47,256 - WARNING - discarding data: None
2026-07-29 16:31:47,256 - WARNING - [Wired] FAILED with 'requests_browser' (content was too short: 0 words).
2026-07-29 16:31:47,956 - INFO - [Wired] Article: https://www.wired.com/story/pura-promo-code/
2026-07-29 16:31:47,957 - INFO - [Wired] Attempt 2/2: Trying with 'selenium_browser' strategy...
2026-07-29 16:31:48,661 - INFO - [Economic Times] Page content loaded.
2026-07-29 16:31:48,874 - INFO - [Economic Times] Success with 'selenium_browser'. Found content (4520 words).
2026-07-29 16:31:51,958 - INFO - [Wired] Page content loaded.
2026-07-29 16:31:51,958 - ERROR - Error saving article Inflation reflects growth dynamics in India: Christopher Wood - The Economic Times: Hrana: `stream error: `Error { message: "SQLite error: UNIQUE constraint failed: articles.url", code: "SQLITE_CONSTRAINT" }``
2026-07-29 16:31:52,207 - INFO - [Wired] Success with 'selenium_browser'. Found content (660 words).
2026-07-29 16:31:54,249 - WARNING - [The Hindu] Page explicit wait timed out (3s). Proceeding anyway.
2026-07-29 16:31:54,249 - INFO - [Economic Times] Article: https://economictimes.indiatimes.com/market-may-trade-in-a-range-but-fiis-seen-sold-on-india/articleshow/6277705.cms
2026-07-29 16:31:55,193 - INFO - [Economic Times] Attempt 1/2: Trying with 'requests_browser' strategy...
2026-07-29 16:31:55,193 - ERROR - Error saving article Pura Promo Codes: $20 Off July 2026 | WIRED: Hrana: `stream error: `Error { message: "SQLite error: UNIQUE constraint failed: articles.url", code: "SQLITE_CONSTRAINT" }``
2026-07-29 16:31:55,806 - INFO - [Wired] (Thread) Finished. Attempting to shut down its Selenium driver.
2026-07-29 16:31:55,973 - INFO - [Wired] (Thread) driver.quit() successful.
2026-07-29 16:31:56,019 - ERROR - parsed tree length: 1, wrong data type or not valid HTML
2026-07-29 16:31:56,020 - ERROR - empty HTML tree: None
2026-07-29 16:31:56,020 - WARNING - discarding data: None
2026-07-29 16:31:56,020 - WARNING - [Economic Times] FAILED with 'requests_browser' (content was too short: 0 words).
2026-07-29 16:31:56,587 - INFO - [Economic Times] Article: https://economictimes.indiatimes.com/market-may-trade-in-a-range-but-fiis-seen-sold-on-india/articleshow/6277705.cms
2026-07-29 16:31:56,587 - INFO - [Economic Times] Attempt 2/2: Trying with 'selenium_browser' strategy...
2026-07-29 16:31:58,357 - INFO - [Economic Times] Page content loaded.
2026-07-29 16:31:58,450 - INFO - [Economic Times] Success with 'selenium_browser'. Found content (809 words).
2026-07-29 16:32:01,489 - ERROR - [The Hindu] Request failed for strategy 'selenium_browser' on URL https://www.thehindu.com/news/cities/Coimbatore/political-leaders-urge-centre-to-approve-metro-rail-project-for-coimbatore/article71282447.ece: Message: timeout: Timed out receiving message from renderer: 7.000
  (Session info: chrome=151.0.7922.47)
Stacktrace:
#0 0x55760b49f75a <unknown>
#1 0x55760ae12f49 <unknown>
#2 0x55760adfa9af <unknown>
#3 0x55760adfa626 <unknown>
#4 0x55760adf8208 <unknown>
#5 0x55760adf8b8f <unknown>
#6 0x55760ae07cf0 <unknown>
#7 0x55760ae21cb7 <unknown>
#8 0x55760ae2968b <unknown>
#9 0x55760adf92e9 <unknown>
#10 0x55760ae21a12 <unknown>
#11 0x55760aeb0fe6 <unknown>
#12 0x55760ae5bcb2 <unknown>
#13 0x55760ae5cb31 <unknown>
#14 0x55760b464ae0 <unknown>
#15 0x55760b46315a <unknown>
#16 0x55760b44db85 <unknown>
#17 0x55760b463e1a <unknown>
#18 0x55760b435a80 <unknown>
#19 0x55760b48b138 <unknown>
#20 0x55760b48b2d5 <unknown>
#21 0x55760b49e30e <unknown>
#22 0x7f8f8189caa4 <unknown>
#23 0x7f8f81929c6c <unknown>

2026-07-29 16:32:01,489 - ERROR - Error saving article Market may trade in a range, but FIIs seen sold on India - The Economic Times: Hrana: `stream error: `Error { message: "SQLite error: UNIQUE constraint failed: articles.url", code: "SQLITE_CONSTRAINT" }``
2026-07-29 16:32:01,489 - ERROR - [The Hindu] All scrape strategies failed for https://www.thehindu.com/news/cities/Coimbatore/political-leaders-urge-centre-to-approve-metro-rail-project-for-coimbatore/article71282447.ece. Falling back to RSS description.
2026-07-29 16:32:01,490 - WARNING - SKIPPED (GLOBAL WORD LIMIT): Article 'Political leaders urge Centre to approve metro rail project for Coimbatore' from The Hindu has only 35 words (Min: 90).
2026-07-29 16:32:02,414 - INFO - [The Hindu] Article: https://www.thehindu.com/news/national/karnataka/transport-minister-orders-revocation-of-suspended-bmtc-conductor-warns-against-harassing-passengers-over-change/article71281813.ece
2026-07-29 16:32:02,414 - INFO - [The Hindu] Attempt 1/1: Trying with 'selenium_browser' strategy...
2026-07-29 16:32:02,737 - INFO - [Economic Times] Article: https://economictimes.indiatimes.com/dont-bank-only-on-price-to-earning-ratio/articleshow/6278228.cms
2026-07-29 16:32:02,737 - INFO - [Economic Times] Attempt 1/2: Trying with 'requests_browser' strategy...
2026-07-29 16:32:03,087 - ERROR - parsed tree length: 1, wrong data type or not valid HTML
2026-07-29 16:32:03,088 - ERROR - empty HTML tree: None
2026-07-29 16:32:03,088 - WARNING - discarding data: None
2026-07-29 16:32:03,088 - WARNING - [Economic Times] FAILED with 'requests_browser' (content was too short: 0 words).
2026-07-29 16:32:03,856 - INFO - [Economic Times] Article: https://economictimes.indiatimes.com/dont-bank-only-on-price-to-earning-ratio/articleshow/6278228.cms
2026-07-29 16:32:03,857 - INFO - [Economic Times] Attempt 2/2: Trying with 'selenium_browser' strategy...
2026-07-29 16:32:04,864 - INFO - [Economic Times] Page content loaded.
2026-07-29 16:32:04,963 - INFO - [Economic Times] Success with 'selenium_browser'. Found content (447 words).
2026-07-29 16:32:08,336 - ERROR - Error saving article 'Don't bank only on price-to-earning ratio' - The Economic Times: Hrana: `stream error: `Error { message: "SQLite error: UNIQUE constraint failed: articles.url", code: "SQLITE_CONSTRAINT" }``
2026-07-29 16:32:09,164 - INFO - [Economic Times] Article: https://economictimes.indiatimes.com/markets/stocks/recos/prabhudas-lilladher-has-a-reduce-rating-on-infosys/articleshow/3798718.cms
2026-07-29 16:32:09,164 - INFO - [Economic Times] Attempt 1/2: Trying with 'requests_browser' strategy...
2026-07-29 16:32:09,483 - ERROR - parsed tree length: 1, wrong data type or not valid HTML
2026-07-29 16:32:09,483 - ERROR - empty HTML tree: None
2026-07-29 16:32:09,483 - WARNING - discarding data: None
2026-07-29 16:32:09,483 - WARNING - [Economic Times] FAILED with 'requests_browser' (content was too short: 0 words).
2026-07-29 16:32:09,998 - INFO - [Economic Times] Article: https://economictimes.indiatimes.com/markets/stocks/recos/prabhudas-lilladher-has-a-reduce-rating-on-infosys/articleshow/3798718.cms
2026-07-29 16:32:09,999 - INFO - [Economic Times] Attempt 2/2: Trying with 'selenium_browser' strategy...
2026-07-29 16:32:11,514 - INFO - [Economic Times] Page content loaded.
2026-07-29 16:32:11,682 - INFO - [Economic Times] Success with 'selenium_browser'. Found content (438 words).
2026-07-29 16:32:14,736 - ERROR - Error saving article Prabhudas Lilladher has a ‘reduce’ rating on Infosys - The Economic Times: Hrana: `stream error: `Error { message: "SQLite error: UNIQUE constraint failed: articles.url", code: "SQLITE_CONSTRAINT" }``
2026-07-29 16:32:15,430 - INFO - [Economic Times] Article: https://economictimes.indiatimes.com/markets/stocks/recos/fin-crisis-too-late-and-too-little-done-in-us/articleshow/3794549.cms
2026-07-29 16:32:15,430 - INFO - [Economic Times] Attempt 1/2: Trying with 'requests_browser' strategy...
2026-07-29 16:32:15,865 - ERROR - parsed tree length: 1, wrong data type or not valid HTML
2026-07-29 16:32:15,865 - ERROR - empty HTML tree: None
2026-07-29 16:32:15,865 - WARNING - discarding data: None
2026-07-29 16:32:15,865 - WARNING - [Economic Times] FAILED with 'requests_browser' (content was too short: 0 words).
2026-07-29 16:32:16,437 - WARNING - [The Hindu] Page get timed out (7s). Proceeding to grab partial source anyway.
2026-07-29 16:32:16,784 - INFO - [Economic Times] Article: https://economictimes.indiatimes.com/markets/stocks/recos/fin-crisis-too-late-and-too-little-done-in-us/articleshow/3794549.cms
2026-07-29 16:32:16,784 - INFO - [Economic Times] Attempt 2/2: Trying with 'selenium_browser' strategy...
2026-07-29 16:32:17,987 - INFO - [Economic Times] Page content loaded.
2026-07-29 16:32:18,066 - INFO - [Economic Times] Success with 'selenium_browser'. Found content (868 words).
2026-07-29 16:32:21,040 - ERROR - Error saving article Fin Crisis: Too late and too little done in US - The Economic Times: Hrana: `stream error: `Error { message: "SQLite error: UNIQUE constraint failed: articles.url", code: "SQLITE_CONSTRAINT" }``
2026-07-29 16:32:22,400 - CRITICAL - --- TIMEOUT: 2 scrape jobs did not complete in 420s. ---
2026-07-29 16:32:22,400 - ERROR - A thread has timed out and will be abandoned.
2026-07-29 16:32:22,400 - ERROR - A thread has timed out and will be abandoned.
2026-07-29 16:32:22,400 - INFO - Shutting down thread pool (wait=False)...
2026-07-29 16:32:22,400 - INFO - Scraped: 2 Wired, 9 NDTV, 7 Times of India, 3 Al Jazeera, 1 BBC, 0 TechCrunch, 10 Indian Express, 2 Timed_Out_Jobs articles. (Total saved: 32)
2026-07-29 16:32:22,400 - INFO - --- Scraping job finished ---
2026-07-29 16:32:22,400 - INFO - --- Scraper service stopped. ---
2026-07-29 16:32:22,400 - INFO - --- Main thread finished. Forcing process exit to kill zombie threads. ---
