2026-08-15 09:29:32,418 - INFO - Loading AI Semantic Model (all-MiniLM-L6-v2)...
2026-08-15 09:29:32,418 - INFO - No device provided, using cpu
2026-08-15 09:29:32,581 - INFO - HTTP Request: GET https://huggingface.co/api/agent-harnesses "HTTP/1.1 200 OK"
2026-08-15 09:29:32,672 - INFO - HTTP Request: HEAD https://huggingface.co/sentence-transformers/all-MiniLM-L6-v2/resolve/main/modules.json "HTTP/1.1 307 Temporary Redirect"
2026-08-15 09:29:32,685 - INFO - HTTP Request: HEAD https://huggingface.co/api/resolve-cache/models/sentence-transformers/all-MiniLM-L6-v2/1110a243fdf4706b3f48f1d95db1a4f5529b4d41/modules.json "HTTP/1.1 200 OK"
2026-08-15 09:29:32,770 - INFO - HTTP Request: HEAD https://huggingface.co/sentence-transformers/all-MiniLM-L6-v2/resolve/main/config_sentence_transformers.json "HTTP/1.1 307 Temporary Redirect"
2026-08-15 09:29:32,770 - WARNING - Warning: You are sending unauthenticated requests to the HF Hub. Please set a HF_TOKEN to enable higher rate limits and faster downloads.
2026-08-15 09:29:32,782 - INFO - HTTP Request: HEAD https://huggingface.co/api/resolve-cache/models/sentence-transformers/all-MiniLM-L6-v2/1110a243fdf4706b3f48f1d95db1a4f5529b4d41/config_sentence_transformers.json "HTTP/1.1 200 OK"
2026-08-15 09:29:32,783 - INFO - Loading SentenceTransformer model from sentence-transformers/all-MiniLM-L6-v2.
2026-08-15 09:29:32,866 - INFO - HTTP Request: HEAD https://huggingface.co/sentence-transformers/all-MiniLM-L6-v2/resolve/main/config_sentence_transformers.json "HTTP/1.1 307 Temporary Redirect"
2026-08-15 09:29:32,878 - INFO - HTTP Request: HEAD https://huggingface.co/api/resolve-cache/models/sentence-transformers/all-MiniLM-L6-v2/1110a243fdf4706b3f48f1d95db1a4f5529b4d41/config_sentence_transformers.json "HTTP/1.1 200 OK"
2026-08-15 09:29:32,963 - INFO - HTTP Request: HEAD https://huggingface.co/sentence-transformers/all-MiniLM-L6-v2/resolve/main/README.md "HTTP/1.1 307 Temporary Redirect"
2026-08-15 09:29:32,975 - INFO - HTTP Request: HEAD https://huggingface.co/api/resolve-cache/models/sentence-transformers/all-MiniLM-L6-v2/1110a243fdf4706b3f48f1d95db1a4f5529b4d41/README.md "HTTP/1.1 200 OK"
2026-08-15 09:29:32,987 - INFO - HTTP Request: GET https://huggingface.co/api/resolve-cache/models/sentence-transformers/all-MiniLM-L6-v2/1110a243fdf4706b3f48f1d95db1a4f5529b4d41/README.md "HTTP/1.1 200 OK"
2026-08-15 09:29:33,079 - INFO - HTTP Request: HEAD https://huggingface.co/sentence-transformers/all-MiniLM-L6-v2/resolve/main/modules.json "HTTP/1.1 307 Temporary Redirect"
2026-08-15 09:29:33,090 - INFO - HTTP Request: HEAD https://huggingface.co/api/resolve-cache/models/sentence-transformers/all-MiniLM-L6-v2/1110a243fdf4706b3f48f1d95db1a4f5529b4d41/modules.json "HTTP/1.1 200 OK"
2026-08-15 09:29:33,180 - INFO - HTTP Request: HEAD https://huggingface.co/sentence-transformers/all-MiniLM-L6-v2/resolve/main/sentence_bert_config.json "HTTP/1.1 307 Temporary Redirect"
2026-08-15 09:29:33,191 - INFO - HTTP Request: HEAD https://huggingface.co/api/resolve-cache/models/sentence-transformers/all-MiniLM-L6-v2/1110a243fdf4706b3f48f1d95db1a4f5529b4d41/sentence_bert_config.json "HTTP/1.1 200 OK"
2026-08-15 09:29:33,286 - INFO - HTTP Request: HEAD https://huggingface.co/sentence-transformers/all-MiniLM-L6-v2/resolve/main/adapter_config.json "HTTP/1.1 404 Not Found"
2026-08-15 09:29:33,372 - INFO - HTTP Request: HEAD https://huggingface.co/sentence-transformers/all-MiniLM-L6-v2/resolve/main/config.json "HTTP/1.1 307 Temporary Redirect"
2026-08-15 09:29:33,383 - INFO - HTTP Request: HEAD https://huggingface.co/api/resolve-cache/models/sentence-transformers/all-MiniLM-L6-v2/1110a243fdf4706b3f48f1d95db1a4f5529b4d41/config.json "HTTP/1.1 200 OK"
2026-08-15 09:29:33,515 - INFO - HTTP Request: HEAD https://huggingface.co/sentence-transformers/all-MiniLM-L6-v2/resolve/main/model.safetensors "HTTP/1.1 302 Found"
2026-08-15 09:29:33,729 - INFO - HTTP Request: HEAD https://huggingface.co/sentence-transformers/all-MiniLM-L6-v2/resolve/main/processor_config.json "HTTP/1.1 404 Not Found"
2026-08-15 09:29:33,813 - INFO - HTTP Request: HEAD https://huggingface.co/sentence-transformers/all-MiniLM-L6-v2/resolve/main/preprocessor_config.json "HTTP/1.1 404 Not Found"
2026-08-15 09:29:33,909 - INFO - HTTP Request: HEAD https://huggingface.co/sentence-transformers/all-MiniLM-L6-v2/resolve/main/video_preprocessor_config.json "HTTP/1.1 404 Not Found"
2026-08-15 09:29:34,001 - INFO - HTTP Request: HEAD https://huggingface.co/sentence-transformers/all-MiniLM-L6-v2/resolve/main/preprocessor_config.json "HTTP/1.1 404 Not Found"
2026-08-15 09:29:34,087 - INFO - HTTP Request: HEAD https://huggingface.co/sentence-transformers/all-MiniLM-L6-v2/resolve/main/tokenizer_config.json "HTTP/1.1 307 Temporary Redirect"
2026-08-15 09:29:34,099 - INFO - HTTP Request: HEAD https://huggingface.co/api/resolve-cache/models/sentence-transformers/all-MiniLM-L6-v2/1110a243fdf4706b3f48f1d95db1a4f5529b4d41/tokenizer_config.json "HTTP/1.1 200 OK"
2026-08-15 09:29:34,223 - INFO - HTTP Request: HEAD https://huggingface.co/sentence-transformers/all-MiniLM-L6-v2/resolve/main/config.json "HTTP/1.1 307 Temporary Redirect"
2026-08-15 09:29:34,235 - INFO - HTTP Request: HEAD https://huggingface.co/api/resolve-cache/models/sentence-transformers/all-MiniLM-L6-v2/1110a243fdf4706b3f48f1d95db1a4f5529b4d41/config.json "HTTP/1.1 200 OK"
2026-08-15 09:29:34,330 - INFO - HTTP Request: HEAD https://huggingface.co/sentence-transformers/all-MiniLM-L6-v2/resolve/main/config.json "HTTP/1.1 307 Temporary Redirect"
2026-08-15 09:29:34,341 - INFO - HTTP Request: HEAD https://huggingface.co/api/resolve-cache/models/sentence-transformers/all-MiniLM-L6-v2/1110a243fdf4706b3f48f1d95db1a4f5529b4d41/config.json "HTTP/1.1 200 OK"
2026-08-15 09:29:34,428 - INFO - HTTP Request: HEAD https://huggingface.co/sentence-transformers/all-MiniLM-L6-v2/resolve/main/tokenizer_config.json "HTTP/1.1 307 Temporary Redirect"
2026-08-15 09:29:34,440 - INFO - HTTP Request: HEAD https://huggingface.co/api/resolve-cache/models/sentence-transformers/all-MiniLM-L6-v2/1110a243fdf4706b3f48f1d95db1a4f5529b4d41/tokenizer_config.json "HTTP/1.1 200 OK"
2026-08-15 09:29:34,538 - INFO - HTTP Request: GET https://huggingface.co/api/models/sentence-transformers/all-MiniLM-L6-v2/tree/main/additional_chat_templates?recursive=false&expand=false "HTTP/1.1 404 Not Found"
2026-08-15 09:29:34,633 - INFO - HTTP Request: GET https://huggingface.co/api/models/sentence-transformers/all-MiniLM-L6-v2/tree/main?recursive=true&expand=false "HTTP/1.1 200 OK"
2026-08-15 09:29:34,718 - INFO - HTTP Request: HEAD https://huggingface.co/sentence-transformers/all-MiniLM-L6-v2/resolve/main/vocab.txt "HTTP/1.1 307 Temporary Redirect"
2026-08-15 09:29:34,731 - INFO - HTTP Request: HEAD https://huggingface.co/api/resolve-cache/models/sentence-transformers/all-MiniLM-L6-v2/1110a243fdf4706b3f48f1d95db1a4f5529b4d41/vocab.txt "HTTP/1.1 200 OK"
2026-08-15 09:29:34,824 - INFO - HTTP Request: HEAD https://huggingface.co/sentence-transformers/all-MiniLM-L6-v2/resolve/main/tokenizer.json "HTTP/1.1 307 Temporary Redirect"
2026-08-15 09:29:34,836 - INFO - HTTP Request: HEAD https://huggingface.co/api/resolve-cache/models/sentence-transformers/all-MiniLM-L6-v2/1110a243fdf4706b3f48f1d95db1a4f5529b4d41/tokenizer.json "HTTP/1.1 200 OK"
2026-08-15 09:29:34,927 - INFO - HTTP Request: HEAD https://huggingface.co/sentence-transformers/all-MiniLM-L6-v2/resolve/main/added_tokens.json "HTTP/1.1 404 Not Found"
2026-08-15 09:29:35,027 - INFO - HTTP Request: HEAD https://huggingface.co/sentence-transformers/all-MiniLM-L6-v2/resolve/main/special_tokens_map.json "HTTP/1.1 307 Temporary Redirect"
2026-08-15 09:29:35,040 - INFO - HTTP Request: HEAD https://huggingface.co/api/resolve-cache/models/sentence-transformers/all-MiniLM-L6-v2/1110a243fdf4706b3f48f1d95db1a4f5529b4d41/special_tokens_map.json "HTTP/1.1 200 OK"
2026-08-15 09:29:35,136 - INFO - HTTP Request: HEAD https://huggingface.co/sentence-transformers/all-MiniLM-L6-v2/resolve/main/chat_template.jinja "HTTP/1.1 404 Not Found"
2026-08-15 09:29:35,264 - INFO - HTTP Request: HEAD https://huggingface.co/sentence-transformers/all-MiniLM-L6-v2/resolve/main/1_Pooling/config.json "HTTP/1.1 307 Temporary Redirect"
2026-08-15 09:29:35,275 - INFO - HTTP Request: HEAD https://huggingface.co/api/resolve-cache/models/sentence-transformers/all-MiniLM-L6-v2/1110a243fdf4706b3f48f1d95db1a4f5529b4d41/1_Pooling%2Fconfig.json "HTTP/1.1 200 OK"
2026-08-15 09:29:35,367 - INFO - HTTP Request: GET https://huggingface.co/api/models/sentence-transformers/all-MiniLM-L6-v2 "HTTP/1.1 200 OK"
2026-08-15 09:29:35,370 - INFO - AI Model loaded successfully.
2026-08-15 09:29:35,370 - INFO - --- Scraper service started (CI Mode: Run Once) ---
2026-08-15 09:29:35,370 - INFO - --- Starting new scraping job (Parallel Mode) ---
2026-08-15 09:29:35,370 - INFO - Connecting to SQLite database...
2026-08-15 09:29:40,122 - INFO - Pre-calculating embeddings for 449 cached articles...
2026-08-15 09:30:06,612 - INFO - Cache built: 5550 URLs. Current MAX_ID: 104758
2026-08-15 09:30:06,612 - INFO - Creating new robust session with 3 retries on 5xx/connection/read errors.
2026-08-15 09:30:06,613 - INFO - Proxy is DISABLED.
2026-08-15 09:30:06,613 - INFO - [BBC] (Thread) requires Selenium. Initializing driver...
2026-08-15 09:30:06,613 - INFO - [Times of India] (Thread) requires Selenium. Initializing driver...
2026-08-15 09:30:06,614 - INFO - [The Hindu] (Thread) requires Selenium. Initializing driver...
2026-08-15 09:30:06,614 - INFO - [Al Jazeera] (Thread) requires Selenium. Initializing driver...
2026-08-15 09:30:06,615 - INFO - Starting scrape for TechCrunch RSS feed: https://techcrunch.com/feed/
2026-08-15 09:30:06,615 - INFO - [Economic Times] (Thread) requires Selenium. Initializing driver...
2026-08-15 09:30:06,618 - INFO - [Wired] (Thread) requires Selenium. Initializing driver...
2026-08-15 09:30:06,618 - INFO - [NDTV] (Thread) requires Selenium. Initializing driver...
2026-08-15 09:30:06,618 - INFO - [Indian Express] (Thread) requires Selenium. Initializing driver...
2026-08-15 09:30:06,619 - INFO - Submitted 9 jobs to thread pool. Waiting up to 420s for completion...
2026-08-15 09:30:07,564 - INFO - Found 0 articles in TechCrunch RSS feed. Processing until 8 new articles are saved.
2026-08-15 09:30:09,485 - INFO - Selenium driver initialized successfully (Eager load strategy, 7s timeout).
2026-08-15 09:30:09,485 - INFO - Starting scrape for Al Jazeera RSS feed: https://www.aljazeera.com/xml/rss/all.xml
2026-08-15 09:30:09,786 - INFO - Selenium driver initialized successfully (Eager load strategy, 7s timeout).
2026-08-15 09:30:09,786 - INFO - Starting scrape for BBC RSS feed: http://feeds.bbci.co.uk/news/world/rss.xml
2026-08-15 09:30:09,813 - INFO - Found 25 articles in Al Jazeera RSS feed. Processing until 8 new articles are saved.
2026-08-15 09:30:09,814 - INFO - [Al Jazeera] Article: https://www.aljazeera.com/sports/2026/8/15/bangladesh-rock-australia-as-historic-test-win-in-sight?traffic_source=rss
2026-08-15 09:30:09,814 - INFO - [Al Jazeera] Attempt 1/2: Trying with 'requests_browser' strategy...
2026-08-15 09:30:10,020 - INFO - Selenium driver initialized successfully (Eager load strategy, 7s timeout).
2026-08-15 09:30:10,020 - INFO - Starting scrape for Wired RSS feed: https://www.wired.com/feed/rss
2026-08-15 09:30:10,110 - INFO - Selenium driver initialized successfully (Eager load strategy, 7s timeout).
2026-08-15 09:30:10,110 - INFO - Starting scrape for NDTV RSS feed: https://feeds.feedburner.com/ndtvnews-top-stories
2026-08-15 09:30:10,184 - INFO - Selenium driver initialized successfully (Eager load strategy, 7s timeout).
2026-08-15 09:30:10,184 - INFO - Starting scrape for The Hindu RSS feed: https://www.thehindu.com/news/national/feeder/default.rss
2026-08-15 09:30:10,197 - INFO - Selenium driver initialized successfully (Eager load strategy, 7s timeout).
2026-08-15 09:30:10,197 - INFO - Starting scrape for Times of India RSS feed: https://timesofindia.indiatimes.com/rssfeeds/296589292.cms
2026-08-15 09:30:10,257 - INFO - Selenium driver initialized successfully (Eager load strategy, 7s timeout).
2026-08-15 09:30:10,257 - INFO - Starting scrape for Economic Times RSS feed: https://economictimes.indiatimes.com/rssfeedsdefault.cms
2026-08-15 09:30:10,266 - INFO - [Al Jazeera] Success with 'requests_browser'. Found content (703 words).
2026-08-15 09:30:10,294 - INFO - Selenium driver initialized successfully (Eager load strategy, 7s timeout).
2026-08-15 09:30:10,294 - INFO - Starting scrape for Indian Express RSS feed: https://indianexpress.com/feed/
2026-08-15 09:30:10,530 - INFO - Found 60 articles in The Hindu RSS feed. Processing until 20 new articles are saved.
2026-08-15 09:30:10,531 - INFO - [The Hindu] Article: https://www.thehindu.com/news/national/karnataka/karnataka-targets-one-lakh-new-jobs-ai-hubs-and-a-3-trillion-economy-by-2047/article71349042.ece
2026-08-15 09:30:10,542 - INFO - [The Hindu] Attempt 1/1: Trying with 'selenium_browser' strategy...
2026-08-15 09:30:10,574 - INFO - Found 22 articles in BBC RSS feed. Processing until 10 new articles are saved.
2026-08-15 09:30:10,575 - INFO - [BBC] Early skip: URL https://www.bbc.co.uk/news/articles/c5y0zz63gero?at_medium=RSS&at_campaign=rss already exists.
2026-08-15 09:30:10,585 - INFO - [BBC] Early skip: URL https://www.bbc.co.uk/news/articles/c4gkyez7195o?at_medium=RSS&at_campaign=rss already exists.
2026-08-15 09:30:10,589 - INFO - [BBC] Early skip: URL https://www.bbc.co.uk/news/articles/cd69ely319eo?at_medium=RSS&at_campaign=rss already exists.
2026-08-15 09:30:10,599 - INFO - [BBC] Early skip: URL https://www.bbc.co.uk/news/articles/c171yp5zdrxo?at_medium=RSS&at_campaign=rss already exists.
2026-08-15 09:30:10,620 - INFO - Found 20 articles in Times of India RSS feed. Processing until 20 new articles are saved.
2026-08-15 09:30:10,622 - INFO - [Times of India] Article: https://timesofindia.indiatimes.com/world/us/in-1872-the-lac-la-belle-sank-in-a-lake-michigan-storm-but-its-wreck-stayed-hidden-until-a-60-year-search-finally-paid-off/articleshow/133258455.cms
2026-08-15 09:30:10,622 - INFO - [BBC] Early skip: URL https://www.bbc.co.uk/news/articles/c1w1ylw0p3no?at_medium=RSS&at_campaign=rss already exists.
2026-08-15 09:30:10,623 - INFO - Found 50 articles in Wired RSS feed. Processing until 10 new articles are saved.
2026-08-15 09:30:10,624 - INFO - [Wired] Article: https://www.wired.com/story/amazon-uses-your-twitch-content-to-train-its-ai-how-to-opt-out/
2026-08-15 09:30:10,624 - INFO - [Wired] Attempt 1/2: Trying with 'requests_browser' strategy...
2026-08-15 09:30:10,623 - INFO - [Times of India] Attempt 1/1: Trying with 'selenium_browser' strategy...
2026-08-15 09:30:10,629 - INFO - [BBC] Early skip: URL https://www.bbc.co.uk/news/articles/cx2vj433xqlo?at_medium=RSS&at_campaign=rss already exists.
2026-08-15 09:30:10,637 - INFO - [BBC] Early skip: URL https://www.bbc.co.uk/news/articles/c5ydzg0dnz7o?at_medium=RSS&at_campaign=rss already exists.
2026-08-15 09:30:10,638 - INFO - [BBC] Early skip: URL https://www.bbc.co.uk/news/articles/cq561gpen8lo?at_medium=RSS&at_campaign=rss already exists.
2026-08-15 09:30:10,639 - INFO - [BBC] Early skip: URL https://www.bbc.co.uk/news/articles/clyje43dz4eo?at_medium=RSS&at_campaign=rss already exists.
2026-08-15 09:30:10,643 - INFO - [BBC] Early skip: URL https://www.bbc.co.uk/news/articles/c9342wn2x27o?at_medium=RSS&at_campaign=rss already exists.
2026-08-15 09:30:10,645 - INFO - [BBC] Early skip: URL https://www.bbc.co.uk/news/articles/c89n20wj9kko?at_medium=RSS&at_campaign=rss already exists.
2026-08-15 09:30:10,646 - INFO - [BBC] Early skip: URL https://www.bbc.co.uk/news/articles/c5yr8r04edvo?at_medium=RSS&at_campaign=rss already exists.
2026-08-15 09:30:10,648 - INFO - [BBC] Early skip: URL https://www.bbc.co.uk/news/articles/cd0xk82mrpyo?at_medium=RSS&at_campaign=rss already exists.
2026-08-15 09:30:10,650 - INFO - [BBC] Early skip: URL https://www.bbc.co.uk/news/articles/c4gxy0wqqd9o?at_medium=RSS&at_campaign=rss already exists.
2026-08-15 09:30:10,651 - INFO - [BBC] Early skip: URL https://www.bbc.co.uk/news/articles/c8jnwnw22ngo?at_medium=RSS&at_campaign=rss already exists.
2026-08-15 09:30:10,654 - INFO - [BBC] Early skip: URL https://www.bbc.co.uk/news/articles/cm2gp5g0xngo?at_medium=RSS&at_campaign=rss already exists.
2026-08-15 09:30:10,656 - INFO - [BBC] Early skip: URL https://www.bbc.co.uk/news/articles/c87nwq9qe24o?at_medium=RSS&at_campaign=rss already exists.
2026-08-15 09:30:10,658 - INFO - [BBC] Early skip: URL https://www.bbc.co.uk/news/videos/c7vg06pjdmqo?at_medium=RSS&at_campaign=rss already exists.
2026-08-15 09:30:10,660 - INFO - [BBC] Early skip: URL https://www.bbc.co.uk/news/videos/cly58dnde5yo?at_medium=RSS&at_campaign=rss already exists.
2026-08-15 09:30:10,661 - INFO - [BBC] Early skip: URL https://www.bbc.co.uk/news/videos/cddjlrzd26eo?at_medium=RSS&at_campaign=rss already exists.
2026-08-15 09:30:10,662 - INFO - [BBC] Early skip: URL https://www.bbc.co.uk/news/videos/c36dyep3k1ko?at_medium=RSS&at_campaign=rss already exists.
2026-08-15 09:30:10,666 - INFO - [BBC] Early skip: URL https://www.bbc.co.uk/news/videos/c1m12m12nzzo?at_medium=RSS&at_campaign=rss already exists.
2026-08-15 09:30:10,667 - INFO - [BBC] (Thread) Finished. Attempting to shut down its Selenium driver.
2026-08-15 09:30:10,695 - ERROR - Failed to fetch Indian Express RSS feed: 403 Client Error: Forbidden for url: https://indianexpress.com/feed/
2026-08-15 09:30:10,695 - INFO - [Indian Express] (Thread) Finished. Attempting to shut down its Selenium driver.
2026-08-15 09:30:10,775 - INFO - [BBC] (Thread) driver.quit() successful.
2026-08-15 09:30:10,877 - ERROR - parsed tree length: 1, wrong data type or not valid HTML
2026-08-15 09:30:10,878 - ERROR - empty HTML tree: None
2026-08-15 09:30:10,878 - WARNING - discarding data: None
2026-08-15 09:30:10,878 - WARNING - [Wired] FAILED with 'requests_browser' (content was too short: 0 words).
2026-08-15 09:30:10,898 - INFO - [Indian Express] (Thread) driver.quit() successful.
2026-08-15 09:30:10,957 - INFO - Found 76 articles in Economic Times RSS feed. Processing until 20 new articles are saved.
2026-08-15 09:30:10,958 - INFO - [Economic Times] Article: https://economictimes.indiatimes.com/markets/cryptocurrency/crypto-news/bitcoin-near-63000-as-weaker-etf-demand-and-cancelled-sec-meeting-dampen-crypto-sentiment/articleshow/133259389.cms
2026-08-15 09:30:10,958 - INFO - [Economic Times] Attempt 1/2: Trying with 'requests_browser' strategy...
2026-08-15 09:30:10,968 - INFO - Found 20 articles in NDTV RSS feed. Processing until 10 new articles are saved.
2026-08-15 09:30:10,969 - INFO - [NDTV] Article: https://www.ndtv.com/india-news/pipalkoti-tunnel-collapse-death-count-in-uttarakhand-tunnel-collapse-rises-to-8-search-on-for-2-others-11914007#publisher=newsstand
2026-08-15 09:30:10,969 - INFO - [NDTV] Attempt 1/2: Trying with 'requests_browser' strategy...
2026-08-15 09:30:12,814 - INFO - [Wired] Article: https://www.wired.com/story/amazon-uses-your-twitch-content-to-train-its-ai-how-to-opt-out/
2026-08-15 09:30:12,815 - INFO - [Wired] Attempt 2/2: Trying with 'selenium_browser' strategy...
2026-08-15 09:30:14,008 - INFO - >>> SUCCESSFULLY SAVED [ID: 104759] - Bangladesh rock Australia as historic Test win in sight | Cricket News | Al Jazeera from Al Jazeera (703 words)
2026-08-15 09:30:14,014 - ERROR - parsed tree length: 1, wrong data type or not valid HTML
2026-08-15 09:30:14,019 - ERROR - empty HTML tree: None
2026-08-15 09:30:14,019 - WARNING - discarding data: None
2026-08-15 09:30:14,020 - WARNING - [Economic Times] FAILED with 'requests_browser' (content was too short: 0 words).
2026-08-15 09:30:14,052 - ERROR - [NDTV] Request failed for strategy 'requests_browser' on URL https://www.ndtv.com/india-news/pipalkoti-tunnel-collapse-death-count-in-uttarakhand-tunnel-collapse-rises-to-8-search-on-for-2-others-11914007#publisher=newsstand: 403 Client Error: Forbidden for url: https://www.ndtv.com/india-news/pipalkoti-tunnel-collapse-death-count-in-uttarakhand-tunnel-collapse-rises-to-8-search-on-for-2-others-11914007#publisher=newsstand
2026-08-15 09:30:14,723 - INFO - [NDTV] Article: https://www.ndtv.com/india-news/pipalkoti-tunnel-collapse-death-count-in-uttarakhand-tunnel-collapse-rises-to-8-search-on-for-2-others-11914007#publisher=newsstand
2026-08-15 09:30:14,724 - INFO - [NDTV] Attempt 2/2: Trying with 'selenium_browser' strategy...
2026-08-15 09:30:14,864 - INFO - [Economic Times] Article: https://economictimes.indiatimes.com/markets/cryptocurrency/crypto-news/bitcoin-near-63000-as-weaker-etf-demand-and-cancelled-sec-meeting-dampen-crypto-sentiment/articleshow/133259389.cms
2026-08-15 09:30:14,864 - INFO - [Economic Times] Attempt 2/2: Trying with 'selenium_browser' strategy...
2026-08-15 09:30:15,457 - INFO - [Al Jazeera] Article: https://www.aljazeera.com/sports/2026/8/15/coe-cites-olympics-and-fifa-world-cup-in-warning-on-interference-in-sport?traffic_source=rss
2026-08-15 09:30:15,457 - INFO - [Al Jazeera] Attempt 1/2: Trying with 'requests_browser' strategy...
2026-08-15 09:30:15,790 - INFO - [Al Jazeera] Success with 'requests_browser'. Found content (839 words).
2026-08-15 09:30:18,357 - INFO - [The Hindu] Page content loaded.
2026-08-15 09:30:19,929 - INFO - >>> SUCCESSFULLY SAVED [ID: 104760] - FIFA World Cup and Olympics cited as Coe warns of politicians near sport | Olympics News | Al Jazeera from Al Jazeera (839 words)
2026-08-15 09:30:20,161 - INFO - [NDTV] Page content loaded.
2026-08-15 09:30:20,965 - INFO - [Al Jazeera] Article: https://www.aljazeera.com/sports/2026/8/15/venus-williams-hits-13-game-tennis-losing-streak-with-cincinnati-open-exit?traffic_source=rss
2026-08-15 09:30:20,965 - INFO - [Al Jazeera] Attempt 1/2: Trying with 'requests_browser' strategy...
2026-08-15 09:30:21,234 - INFO - [Al Jazeera] Success with 'requests_browser'. Found content (471 words).
2026-08-15 09:30:21,640 - INFO - [NDTV] Success with 'selenium_browser'. Found content (660 words).
2026-08-15 09:30:25,487 - INFO - >>> SUCCESSFULLY SAVED [ID: 104761] - Venus Williams hits 13-game tennis losing streak with Cincinnati Open exit | Tennis News | Al Jazeera from Al Jazeera (471 words)
2026-08-15 09:30:26,167 - INFO - [Al Jazeera] Article: https://www.aljazeera.com/features/longform/2026/8/15/the-women-indias-biggest-river-project-forgot?traffic_source=rss
2026-08-15 09:30:26,167 - INFO - [Al Jazeera] Attempt 1/2: Trying with 'requests_browser' strategy...
2026-08-15 09:30:26,472 - INFO - [Al Jazeera] Success with 'requests_browser'. Found content (2490 words).
2026-08-15 09:30:29,443 - INFO - >>> SUCCESSFULLY SAVED [ID: 104762] - Pipalkoti Tunnel Collapse: Death Count In Uttarakhand Tunnel Collapse Rises To 8, Search On For 2 Others from NDTV (660 words)
2026-08-15 09:30:31,831 - INFO - [NDTV] Article: https://www.ndtv.com/india-news/4-dead-5-army-personnel-missing-after-landslide-flash-flood-in-arunachal-pradeshs-upper-subansiri-dibang-valley-11913845#publisher=newsstand
2026-08-15 09:30:31,831 - INFO - [NDTV] Attempt 1/2: Trying with 'requests_browser' strategy...
2026-08-15 09:30:33,439 - INFO - >>> SUCCESSFULLY SAVED [ID: 104763] - The women India’s biggest river project forgot | Longform | Al Jazeera from Al Jazeera (2490 words)
2026-08-15 09:30:33,474 - ERROR - [NDTV] Request failed for strategy 'requests_browser' on URL https://www.ndtv.com/india-news/4-dead-5-army-personnel-missing-after-landslide-flash-flood-in-arunachal-pradeshs-upper-subansiri-dibang-valley-11913845#publisher=newsstand: 403 Client Error: Forbidden for url: https://www.ndtv.com/india-news/4-dead-5-army-personnel-missing-after-landslide-flash-flood-in-arunachal-pradeshs-upper-subansiri-dibang-valley-11913845#publisher=newsstand
2026-08-15 09:30:34,155 - INFO - [Al Jazeera] Early skip: URL https://www.aljazeera.com/sports/2026/8/15/arteta-assures-arsenal-fans-over-contract-ahead-of-man-city-clash?traffic_source=rss already exists.
2026-08-15 09:30:34,156 - INFO - [Al Jazeera] Early skip: URL https://www.aljazeera.com/sports/2026/8/15/fifas-infantino-gets-giuliani-backing-in-world-cup-selloff-fallout?traffic_source=rss already exists.
2026-08-15 09:30:34,157 - INFO - [Al Jazeera] Early skip: URL https://www.aljazeera.com/opinions/2026/8/15/a-syrian-intervention-in-lebanon-would-be-too-costly-for-damascus?traffic_source=rss already exists.
2026-08-15 09:30:34,161 - INFO - [Al Jazeera] Early skip: URL https://www.aljazeera.com/news/2026/8/15/israeli-strike-kills-seven-in-south-lebanon-as-attacks-intensify?traffic_source=rss already exists.
2026-08-15 09:30:34,163 - INFO - [Al Jazeera] Article: https://www.aljazeera.com/video/newsfeed/2026/8/15/moment-israeli-forces-storm-wedding-hall-in-occupied-west-bank?traffic_source=rss
2026-08-15 09:30:34,163 - INFO - [Al Jazeera] Attempt 1/2: Trying with 'requests_browser' strategy...
2026-08-15 09:30:34,325 - INFO - [NDTV] Article: https://www.ndtv.com/india-news/4-dead-5-army-personnel-missing-after-landslide-flash-flood-in-arunachal-pradeshs-upper-subansiri-dibang-valley-11913845#publisher=newsstand
2026-08-15 09:30:34,326 - INFO - [NDTV] Attempt 2/2: Trying with 'selenium_browser' strategy...
2026-08-15 09:30:34,400 - WARNING - [Al Jazeera] FAILED with 'requests_browser' (content was too short: 63 words).
2026-08-15 09:30:34,719 - INFO - [Times of India] Page content loaded.
2026-08-15 09:30:35,122 - INFO - [Al Jazeera] Article: https://www.aljazeera.com/video/newsfeed/2026/8/15/moment-israeli-forces-storm-wedding-hall-in-occupied-west-bank?traffic_source=rss
2026-08-15 09:30:35,122 - INFO - [Al Jazeera] Attempt 2/2: Trying with 'selenium_browser' strategy...
2026-08-15 09:30:38,376 - INFO - [Times of India] Success with 'selenium_browser'. Found content (659 words).
2026-08-15 09:30:39,351 - INFO - [NDTV] Page content loaded.
2026-08-15 09:30:42,269 - INFO - [Economic Times] Page content loaded.
2026-08-15 09:30:42,511 - INFO - >>> SUCCESSFULLY SAVED [ID: 104764] - In 1872, the Lac La Belle sank in a Lake Michigan storm, but its wreck stayed hidden until a 60-year search finally paid off from Times of India (659 words)
2026-08-15 09:30:42,871 - INFO - [NDTV] Success with 'selenium_browser'. Found content (226 words).
2026-08-15 09:30:45,524 - INFO - [Times of India] Early skip: URL https://timesofindia.indiatimes.com/world/china/china-completes-installation-of-15927-mirrors-concentrating-heat-at-1040-f-at-worlds-highest-solar-thermal-plant-will-power-50000-homes-while-saving-60000-tons-of-coal-annually/articleshow/133258203.cms already exists.
2026-08-15 09:30:45,526 - INFO - [Times of India] Article: https://timesofindia.indiatimes.com/world/us/a-small-texas-reactor-reached-criticality-in-under-a-year-aiming-to-produce-medical-isotopes-that-us-hospitals-now-import/articleshow/133258459.cms
2026-08-15 09:30:45,526 - INFO - [Times of India] Attempt 1/1: Trying with 'selenium_browser' strategy...
2026-08-15 09:30:46,179 - INFO - [Al Jazeera] Page content loaded.
2026-08-15 09:30:46,573 - INFO - [Wired] Page content loaded.
2026-08-15 09:30:46,818 - WARNING - [Al Jazeera] FAILED with 'selenium_browser' (content was too short: 63 words).
2026-08-15 09:30:46,820 - ERROR - [Al Jazeera] All scrape strategies failed for https://www.aljazeera.com/video/newsfeed/2026/8/15/moment-israeli-forces-storm-wedding-hall-in-occupied-west-bank?traffic_source=rss. Falling back to RSS description.
2026-08-15 09:30:46,820 - WARNING - SKIPPED (GLOBAL WORD LIMIT): Article 'Moment Israeli forces storm wedding hall in occupied West Bank' from Al Jazeera has only 18 words (Min: 90).
2026-08-15 09:30:48,827 - INFO - [Al Jazeera] Article: https://www.aljazeera.com/video/newsfeed/2026/8/15/south-koreas-president-wants-talks-with-north-to-end-korean-war?traffic_source=rss
2026-08-15 09:30:48,827 - INFO - [Al Jazeera] Attempt 1/2: Trying with 'requests_browser' strategy...
2026-08-15 09:30:50,499 - INFO - >>> SUCCESSFULLY SAVED [ID: 104765] - 5 Army Personnel Missing, 4 Labourers Feared Dead After Flash Flood, Landslide In Arunachal from NDTV (226 words)
2026-08-15 09:30:51,008 - WARNING - [Al Jazeera] FAILED with 'requests_browser' (content was too short: 63 words).
2026-08-15 09:30:51,585 - INFO - [Wired] Success with 'selenium_browser'. Found content (738 words).
2026-08-15 09:30:51,800 - INFO - [NDTV] Early skip: URL https://www.ndtv.com/india-news/in-spirit-of-federalism-return-control-of-exams-to-states-omar-abdullah-to-centre-11913738#publisher=newsstand already exists.
2026-08-15 09:30:51,817 - INFO - [NDTV] Article: https://www.ndtv.com/india-news/independence-day-2026-pics-how-independence-day-was-celebrated-across-india-11913796#publisher=newsstand
2026-08-15 09:30:51,817 - INFO - [NDTV] Attempt 1/2: Trying with 'requests_browser' strategy...
2026-08-15 09:30:51,967 - INFO - [Al Jazeera] Article: https://www.aljazeera.com/video/newsfeed/2026/8/15/south-koreas-president-wants-talks-with-north-to-end-korean-war?traffic_source=rss
2026-08-15 09:30:51,967 - INFO - [Al Jazeera] Attempt 2/2: Trying with 'selenium_browser' strategy...
2026-08-15 09:30:52,509 - ERROR - [NDTV] Request failed for strategy 'requests_browser' on URL https://www.ndtv.com/india-news/independence-day-2026-pics-how-independence-day-was-celebrated-across-india-11913796#publisher=newsstand: 403 Client Error: Forbidden for url: https://www.ndtv.com/india-news/independence-day-2026-pics-how-independence-day-was-celebrated-across-india-11913796#publisher=newsstand
2026-08-15 09:30:54,304 - INFO - [NDTV] Article: https://www.ndtv.com/india-news/independence-day-2026-pics-how-independence-day-was-celebrated-across-india-11913796#publisher=newsstand
2026-08-15 09:30:54,304 - INFO - [NDTV] Attempt 2/2: Trying with 'selenium_browser' strategy...
2026-08-15 09:30:55,891 - INFO - >>> SUCCESSFULLY SAVED [ID: 104766] - Amazon Can Use Your Twitch Content to Train Its AI—Unless You Opt Out | WIRED from Wired (738 words)
2026-08-15 09:30:56,913 - INFO - [Wired] Article: https://www.wired.com/story/google-workspace-promo-code/
2026-08-15 09:30:56,913 - INFO - [Wired] Attempt 1/2: Trying with 'requests_browser' strategy...
2026-08-15 09:30:57,075 - ERROR - parsed tree length: 1, wrong data type or not valid HTML
2026-08-15 09:30:57,076 - ERROR - empty HTML tree: None
2026-08-15 09:30:57,076 - WARNING - discarding data: None
2026-08-15 09:30:57,076 - WARNING - [Wired] FAILED with 'requests_browser' (content was too short: 0 words).
2026-08-15 09:30:57,882 - INFO - [Wired] Article: https://www.wired.com/story/google-workspace-promo-code/
2026-08-15 09:30:57,883 - INFO - [Wired] Attempt 2/2: Trying with 'selenium_browser' strategy...
2026-08-15 09:31:01,832 - WARNING - [NDTV] Page get timed out (7s). Proceeding to grab partial source anyway.
2026-08-15 09:31:04,846 - WARNING - [NDTV] Page explicit wait timed out (3s). Proceeding anyway.
2026-08-15 09:31:07,258 - INFO - [NDTV] Success with 'selenium_browser'. Found content (311 words).
2026-08-15 09:31:10,720 - INFO - >>> SUCCESSFULLY SAVED [ID: 104767] - Independence Day 2026: Pics: How Independence Day Was Celebrated Across India from NDTV (311 words)
2026-08-15 09:31:11,191 - INFO - [Al Jazeera] Page content loaded.
2026-08-15 09:31:11,410 - ERROR - [The Hindu] Request failed for strategy 'selenium_browser' on URL https://www.thehindu.com/news/national/karnataka/karnataka-targets-one-lakh-new-jobs-ai-hubs-and-a-3-trillion-economy-by-2047/article71349042.ece: Message: timeout: Timed out receiving message from renderer: 7.000
  (Session info: chrome=152.0.7977.42)
Stacktrace:
#0 0x55a8cdee62ca <unknown>
#1 0x55a8cd849b39 <unknown>
#2 0x55a8cd8315bb <unknown>
#3 0x55a8cd831236 <unknown>
#4 0x55a8cd82ee18 <unknown>
#5 0x55a8cd82f79f <unknown>
#6 0x55a8cd83e880 <unknown>
#7 0x55a8cd8587b7 <unknown>
#8 0x55a8cd86019b <unknown>
#9 0x55a8cd82fef9 <unknown>
#10 0x55a8cd858512 <unknown>
#11 0x55a8cd8e7fbd <unknown>
#12 0x55a8cd892ecb <unknown>
#13 0x55a8cd893cb1 <unknown>
#14 0x55a8cdeaa7f0 <unknown>
#15 0x55a8cdea8e6a <unknown>
#16 0x55a8cde93bb5 <unknown>
#17 0x55a8cdea9b2a <unknown>
#18 0x55a8cde7cdf0 <unknown>
#19 0x55a8cded1238 <unknown>
#20 0x55a8cded13d5 <unknown>
#21 0x55a8cdee4e53 <unknown>
#22 0x7f088809cb84 <unknown>
#23 0x7f0888129d6c <unknown>

2026-08-15 09:31:11,410 - ERROR - [The Hindu] All scrape strategies failed for https://www.thehindu.com/news/national/karnataka/karnataka-targets-one-lakh-new-jobs-ai-hubs-and-a-3-trillion-economy-by-2047/article71349042.ece. Falling back to RSS description.
2026-08-15 09:31:11,410 - WARNING - SKIPPED (GLOBAL WORD LIMIT): Article 'Karnataka targets one lakh new jobs, AI hubs, and a $3 trillion economy by 2047' from The Hindu has only 20 words (Min: 90).
2026-08-15 09:31:12,036 - WARNING - [Al Jazeera] FAILED with 'selenium_browser' (content was too short: 67 words).
2026-08-15 09:31:12,036 - ERROR - [Al Jazeera] All scrape strategies failed for https://www.aljazeera.com/video/newsfeed/2026/8/15/south-koreas-president-wants-talks-with-north-to-end-korean-war?traffic_source=rss. Falling back to RSS description.
2026-08-15 09:31:12,036 - WARNING - SKIPPED (GLOBAL WORD LIMIT): Article 'South Korea’s president wants talks with North to end Korean War' from Al Jazeera has only 18 words (Min: 90).
2026-08-15 09:31:12,155 - INFO - [NDTV] Article: https://www.ndtv.com/opinion/what-gandhi-nehru-jinnah-and-faiz-were-doing-on-aug-15-1947-11913788#publisher=newsstand
2026-08-15 09:31:12,155 - INFO - [NDTV] Attempt 1/2: Trying with 'requests_browser' strategy...
2026-08-15 09:31:12,376 - ERROR - [NDTV] Request failed for strategy 'requests_browser' on URL https://www.ndtv.com/opinion/what-gandhi-nehru-jinnah-and-faiz-were-doing-on-aug-15-1947-11913788#publisher=newsstand: 403 Client Error: Forbidden for url: https://www.ndtv.com/opinion/what-gandhi-nehru-jinnah-and-faiz-were-doing-on-aug-15-1947-11913788#publisher=newsstand
2026-08-15 09:31:12,682 - INFO - [The Hindu] Article: https://www.thehindu.com/news/national/assam/working-on-comprehensive-rehab-plan-for-flood-hit-families-assam-cm/article71349015.ece
2026-08-15 09:31:12,682 - INFO - [The Hindu] Attempt 1/1: Trying with 'selenium_browser' strategy...
2026-08-15 09:31:13,178 - INFO - [NDTV] Article: https://www.ndtv.com/opinion/what-gandhi-nehru-jinnah-and-faiz-were-doing-on-aug-15-1947-11913788#publisher=newsstand
2026-08-15 09:31:13,179 - INFO - [NDTV] Attempt 2/2: Trying with 'selenium_browser' strategy...
2026-08-15 09:31:13,449 - INFO - [Al Jazeera] Early skip: URL https://www.aljazeera.com/economy/2026/8/15/small-scale-projects-offer-hope-for-gaza-farmers-rebuilding-lives?traffic_source=rss already exists.
2026-08-15 09:31:13,451 - INFO - [Al Jazeera] Early skip: URL https://www.aljazeera.com/news/2026/8/15/how-a-sudanese-refugee-became-a-head-teacher-in-a-chadian-camp?traffic_source=rss already exists.
2026-08-15 09:31:13,455 - INFO - [Al Jazeera] Article: https://www.aljazeera.com/video/newsfeed/2026/8/15/08-15-26-morocco-ceuta-foritfication-clip-mp4?traffic_source=rss
2026-08-15 09:31:13,455 - INFO - [Al Jazeera] Attempt 1/2: Trying with 'requests_browser' strategy...
2026-08-15 09:31:13,671 - WARNING - [Al Jazeera] FAILED with 'requests_browser' (content was too short: 66 words).
2026-08-15 09:31:14,306 - INFO - [Al Jazeera] Article: https://www.aljazeera.com/video/newsfeed/2026/8/15/08-15-26-morocco-ceuta-foritfication-clip-mp4?traffic_source=rss
2026-08-15 09:31:14,306 - INFO - [Al Jazeera] Attempt 2/2: Trying with 'selenium_browser' strategy...
2026-08-15 09:31:15,221 - INFO - [NDTV] Page content loaded.
2026-08-15 09:31:15,788 - INFO - [NDTV] Success with 'selenium_browser'. Found content (928 words).
2026-08-15 09:31:18,041 - WARNING - [Times of India] Page explicit wait timed out (3s). Proceeding anyway.
2026-08-15 09:31:19,434 - INFO - [Wired] Page content loaded.
2026-08-15 09:31:19,714 - INFO - >>> SUCCESSFULLY SAVED [ID: 104768] - What Gandhi, Nehru, Jinnah And Faiz Were Doing On Aug 15, 1947 from NDTV (928 words)
2026-08-15 09:31:20,561 - INFO - [Times of India] Success with 'selenium_browser'. Found content (661 words).
2026-08-15 09:31:20,924 - INFO - [The Hindu] Page content loaded.
2026-08-15 09:31:21,090 - INFO - [Al Jazeera] Page content loaded.
2026-08-15 09:31:21,103 - INFO - [NDTV] Early skip: URL https://www.ndtv.com/telangana-news/blinkit-delivery-worker-killed-after-fight-with-colleague-in-telangana-11913723#publisher=newsstand already exists.
2026-08-15 09:31:21,110 - INFO - [NDTV] Early skip: URL https://www.ndtv.com/andhra-pradesh-news/20-year-old-man-found-hanging-in-andhra-pradesh-vijaywada-hotel-room-family-seeks-probe-11913656#publisher=newsstand already exists.
2026-08-15 09:31:21,123 - INFO - [NDTV] Early skip: URL https://www.ndtv.com/world-news/us-iran-war-iran-on-donald-trumps-will-declare-strait-of-hormuz-us-territory-cant-seize-by-a-tweet-11913631#publisher=newsstand already exists.
2026-08-15 09:31:21,139 - INFO - [NDTV] Early skip: URL https://www.ndtv.com/india-news/80th-independence-day-2026-live-updates-from-red-fort-pm-modi-speech-on-15-august-celebration-vande-mataram-11912013#publisher=newsstand already exists.
2026-08-15 09:31:21,158 - INFO - [NDTV] Early skip: URL https://www.ndtv.com/india-news/mallikarjun-kharge-rahul-gandhi-absent-from-independence-day-event-for-2nd-straight-year-11912678#publisher=newsstand already exists.
2026-08-15 09:31:21,174 - INFO - [NDTV] Early skip: URL https://www.ndtv.com/andhra-pradesh-news/not-statues-or-memorials-andhra-city-honours-mahatma-gandhi-with-a-temple-11913527#publisher=newsstand already exists.
2026-08-15 09:31:21,194 - INFO - [NDTV] Early skip: URL https://www.ndtv.com/india-news/from-fragile-5-to-worlds-fastest-growing-nation-pm-narendra-modis-independence-day-speech-11913514#publisher=newsstand already exists.
2026-08-15 09:31:21,202 - INFO - [NDTV] Early skip: URL https://www.ndtv.com/world-news/israeli-settlers-divert-palestinian-water-to-fill-west-bank-tourist-pool-11913491#publisher=newsstand already exists.
2026-08-15 09:31:21,229 - INFO - [NDTV] Early skip: URL https://www.ndtv.com/world-news/indonesia-earthquake-buildings-shake-walls-crack-moment-7-7-earthquake-flores-island-11912495#publisher=newsstand already exists.
2026-08-15 09:31:21,242 - INFO - [NDTV] Early skip: URL https://www.ndtv.com/world-news/us-iran-war-us-signals-indefinite-naval-blockade-of-iran-amid-declining-global-oil-supply-11913440#publisher=newsstand already exists.
2026-08-15 09:31:21,259 - INFO - [NDTV] Early skip: URL https://www.ndtv.com/world-news/us-envoy-calls-west-bank-settler-siege-act-of-terror-as-israel-moves-in-11913411#publisher=newsstand already exists.
2026-08-15 09:31:21,265 - INFO - [NDTV] Early skip: URL https://www.ndtv.com/world-news/7-7-magnitude-earthquake-hits-indonesia-tsunami-warning-issued-11912286#publisher=newsstand already exists.
2026-08-15 09:31:21,266 - INFO - [NDTV] Early skip: URL https://www.ndtv.com/world-news/us-to-tell-partners-to-pick-sides-in-ai-competition-with-china-report-11913340#publisher=newsstand already exists.
2026-08-15 09:31:21,267 - INFO - [NDTV] Early skip: URL https://www.ndtv.com/opinion/independence-day-2026-india-at-80-the-nation-that-stopped-waiting-11913308#publisher=newsstand already exists.
2026-08-15 09:31:21,280 - INFO - [NDTV] Early skip: URL https://www.ndtv.com/india-news/rajasthan-boy-murders-grandfather-over-fight-searched-methods-to-kill-online-11912034#publisher=newsstand already exists.
2026-08-15 09:31:21,297 - INFO - [NDTV] (Thread) Finished. Attempting to shut down its Selenium driver.
2026-08-15 09:31:21,509 - INFO - [NDTV] (Thread) driver.quit() successful.
2026-08-15 09:31:21,873 - INFO - [Wired] Success with 'selenium_browser'. Found content (1140 words).
2026-08-15 09:31:22,309 - WARNING - [Al Jazeera] FAILED with 'selenium_browser' (content was too short: 70 words).
2026-08-15 09:31:22,310 - ERROR - [Al Jazeera] All scrape strategies failed for https://www.aljazeera.com/video/newsfeed/2026/8/15/08-15-26-morocco-ceuta-foritfication-clip-mp4?traffic_source=rss. Falling back to RSS description.
2026-08-15 09:31:22,310 - WARNING - SKIPPED (GLOBAL WORD LIMIT): Article 'Morocco boosts Ceuta security amid calls for mass migrant crossing' from Al Jazeera has only 19 words (Min: 90).
2026-08-15 09:31:23,687 - INFO - [Al Jazeera] Article: https://www.aljazeera.com/video/newsfeed/2026/8/15/on-the-ground-in-indonesia-following-7-7-magnitude-earthquake?traffic_source=rss
2026-08-15 09:31:23,687 - INFO - [Al Jazeera] Attempt 1/2: Trying with 'requests_browser' strategy...
2026-08-15 09:31:25,338 - INFO - >>> SUCCESSFULLY SAVED [ID: 104769] - A small Texas reactor reached criticality in under a year, aiming to produce medical isotopes that US hospitals now import from Times of India (661 words)
2026-08-15 09:31:25,600 - WARNING - [Al Jazeera] FAILED with 'requests_browser' (content was too short: 60 words).
2026-08-15 09:31:27,508 - INFO - [Times of India] Early skip: URL https://timesofindia.indiatimes.com/world/us/a-connecticut-cemetery-leased-unused-land-for-7000-solar-panels-but-the-ground-beneath-them-could-become-habitat-for-bees-and-pollinators/articleshow/133258460.cms already exists.
2026-08-15 09:31:27,508 - INFO - [Al Jazeera] Article: https://www.aljazeera.com/video/newsfeed/2026/8/15/on-the-ground-in-indonesia-following-7-7-magnitude-earthquake?traffic_source=rss
2026-08-15 09:31:27,508 - INFO - [Al Jazeera] Attempt 2/2: Trying with 'selenium_browser' strategy...
2026-08-15 09:31:27,511 - INFO - [Times of India] Early skip: URL https://timesofindia.indiatimes.com/world/us/meet-vera-wang-the-hawaii-high-school-senior-who-built-a-coconut-based-ocean-filter-as-a-sophomore-two-years-later-she-found-fungi-in-coconut-husks-that-can-biodegrade-plastic-and-sunscreen/articleshow/133257660.cms already exists.
2026-08-15 09:31:27,954 - INFO - [Times of India] Early skip: URL https://timesofindia.indiatimes.com/world/us/minnesota-teen-evan-morris-built-a-low-cost-system-that-detected-seizure-like-activity-in-worms-and-triggered-ultrasound-recurrence-fell-70-1-in-his-model/articleshow/133257848.cms already exists.
2026-08-15 09:31:28,843 - INFO - [Times of India] Early skip: URL https://timesofindia.indiatimes.com/science/archaeologists-found-a-young-woman-believed-to-be-14-to-19-buried-with-a-32-to-34-week-fetus-in-a-swedish-cave-the-remains-may-be-up-to-9500-years-old/articleshow/133256944.cms already exists.
2026-08-15 09:31:28,843 - ERROR - Error saving article Google Workspace Promo Codes: 14% Off for August 2026 | WIRED: Hrana: `stream error: `Error { message: "SQLite error: UNIQUE constraint failed: articles.url", code: "SQLITE_CONSTRAINT" }``
2026-08-15 09:31:28,844 - INFO - [Times of India] Early skip: URL https://timesofindia.indiatimes.com/world/rest-of-world/begin-discussions-south-koreas-lee-jae-myung-calls-for-talks-with-north-korea/articleshow/133255725.cms already exists.
2026-08-15 09:31:28,853 - INFO - [Times of India] Early skip: URL https://timesofindia.indiatimes.com/world/us/trump-claims-young-beautiful-girls-thank-him-for-making-washington-safer/articleshow/133254526.cms already exists.
2026-08-15 09:31:28,859 - INFO - [Times of India] Early skip: URL https://timesofindia.indiatimes.com/world/us/us-army-temporarily-halts-apache-training-missions-after-two-soldiers-killed-in-texas-crash/articleshow/133253820.cms already exists.
2026-08-15 09:31:28,861 - INFO - [Times of India] Early skip: URL https://timesofindia.indiatimes.com/world/us/michigan-shooting-5-killed-1-critically-injured-suspected-gunman-found-dead-after-manhunt/articleshow/133253784.cms already exists.
2026-08-15 09:31:28,864 - INFO - [Times of India] Early skip: URL https://timesofindia.indiatimes.com/world/us/a-cape-cod-couple-moved-into-their-newly-built-dream-home-in-march-2025-one-month-later-massachusetts-said-it-would-seize-it-for-a-new-bridge/articleshow/133251393.cms already exists.
2026-08-15 09:31:28,866 - INFO - [Times of India] Early skip: URL https://timesofindia.indiatimes.com/world/uk/a-welsh-family-lost-menna-owen-at-18-after-a-seizure-triggered-cardiac-arrest-her-heart-and-lungs-were-donated-to-two-recipients-both-doing-well-a-year-later/articleshow/133251353.cms already exists.
2026-08-15 09:31:28,870 - INFO - [Times of India] Early skip: URL https://timesofindia.indiatimes.com/world/europe/europe-is-racing-to-eradicate-a-crayfish-that-can-reproduce-without-mating-in-the-czech-republic-two-newly-detected-populations-are-being-targeted-before-they-spread/articleshow/133248632.cms already exists.
2026-08-15 09:31:28,876 - INFO - [Times of India] Early skip: URL https://timesofindia.indiatimes.com/world/rest-of-world/berlin-volksbuhne-swimming-pools-black-people-only-event-faces-backlash-gets-cancelled-over-security-concerns-amid-racism-and-inclusion-debate/articleshow/133250147.cms already exists.
2026-08-15 09:31:28,879 - INFO - [Times of India] Early skip: URL https://timesofindia.indiatimes.com/world/europe/frances-top-court-blocks-under-15-social-media-ban-cites-constitutional-concerns/articleshow/133249015.cms already exists.
2026-08-15 09:31:28,881 - INFO - [Times of India] Early skip: URL https://timesofindia.indiatimes.com/world/uk/in-2017-conservationists-began-moving-young-ospreys-from-scotland-to-dorset-five-years-later-they-bred-in-southern-england-for-the-first-time-since-1847/articleshow/133245950.cms already exists.
2026-08-15 09:31:28,883 - INFO - [Times of India] Early skip: URL https://timesofindia.indiatimes.com/world/uk/second-train-derails-in-southeast-england-within-24-hours-no-injuries-reported/articleshow/133247080.cms already exists.
2026-08-15 09:31:28,891 - INFO - [Times of India] Early skip: URL https://timesofindia.indiatimes.com/science/male-redback-spiders-somersault-directly-towards-a-females-fangs-during-mating-scientists-found-the-bizarre-behaviour-may-come-from-surprisingly-simple-genetics/articleshow/133245107.cms already exists.
2026-08-15 09:31:28,893 - INFO - [Times of India] Early skip: URL https://timesofindia.indiatimes.com/world/uk/drugged-robbed-killed-romanian-couple-jailed-in-uk-for-17-years-over-fatal-honeytrap-scheme/articleshow/133248655.cms already exists.
2026-08-15 09:31:28,894 - INFO - [Times of India] (Thread) Finished. Attempting to shut down its Selenium driver.
2026-08-15 09:31:29,224 - INFO - [Times of India] (Thread) driver.quit() successful.
2026-08-15 09:31:29,713 - INFO - [Wired] Early skip: URL https://www.wired.com/story/new-york-city-lawmakers-push-to-ban-the-scan-at-msg/ already exists.
2026-08-15 09:31:29,717 - INFO - [Wired] Article: https://www.wired.com/story/the-8-best-movies-to-stream-right-now/
2026-08-15 09:31:29,717 - INFO - [Wired] Attempt 1/2: Trying with 'requests_browser' strategy...
2026-08-15 09:31:29,728 - ERROR - [The Hindu] Request failed for strategy 'selenium_browser' on URL https://www.thehindu.com/news/national/assam/working-on-comprehensive-rehab-plan-for-flood-hit-families-assam-cm/article71349015.ece: Message: timeout: Timed out receiving message from renderer: 7.000
  (Session info: chrome=152.0.7977.42)
Stacktrace:
#0 0x55a8cdee62ca <unknown>
#1 0x55a8cd849b39 <unknown>
#2 0x55a8cd8315bb <unknown>
#3 0x55a8cd831236 <unknown>
#4 0x55a8cd82ee18 <unknown>
#5 0x55a8cd82f79f <unknown>
#6 0x55a8cd83e880 <unknown>
#7 0x55a8cd8587b7 <unknown>
#8 0x55a8cd86019b <unknown>
#9 0x55a8cd82fef9 <unknown>
#10 0x55a8cd858512 <unknown>
#11 0x55a8cd8e7fbd <unknown>
#12 0x55a8cd892ecb <unknown>
#13 0x55a8cd893cb1 <unknown>
#14 0x55a8cdeaa7f0 <unknown>
#15 0x55a8cdea8e6a <unknown>
#16 0x55a8cde93bb5 <unknown>
#17 0x55a8cdea9b2a <unknown>
#18 0x55a8cde7cdf0 <unknown>
#19 0x55a8cded1238 <unknown>
#20 0x55a8cded13d5 <unknown>
#21 0x55a8cdee4e53 <unknown>
#22 0x7f088809cb84 <unknown>
#23 0x7f0888129d6c <unknown>

2026-08-15 09:31:29,729 - ERROR - [The Hindu] All scrape strategies failed for https://www.thehindu.com/news/national/assam/working-on-comprehensive-rehab-plan-for-flood-hit-families-assam-cm/article71349015.ece. Falling back to RSS description.
2026-08-15 09:31:29,729 - WARNING - SKIPPED (GLOBAL WORD LIMIT): Article 'Working on comprehensive rehab plan for flood-hit families: Assam CM' from The Hindu has only 24 words (Min: 90).
2026-08-15 09:31:29,940 - ERROR - parsed tree length: 1, wrong data type or not valid HTML
2026-08-15 09:31:29,940 - ERROR - empty HTML tree: None
2026-08-15 09:31:29,941 - WARNING - discarding data: None
2026-08-15 09:31:29,941 - WARNING - [Wired] FAILED with 'requests_browser' (content was too short: 0 words).
2026-08-15 09:31:30,275 - INFO - [The Hindu] Article: https://www.thehindu.com/photos/80th-independence-day-celebrations-august-15-2026-in-pictures-red-fort-pm-modi-vande-mataram/article71348541.ece
2026-08-15 09:31:30,275 - INFO - [The Hindu] Attempt 1/1: Trying with 'selenium_browser' strategy...
2026-08-15 09:31:30,592 - INFO - [Wired] Article: https://www.wired.com/story/the-8-best-movies-to-stream-right-now/
2026-08-15 09:31:30,592 - INFO - [Wired] Attempt 2/2: Trying with 'selenium_browser' strategy...
2026-08-15 09:31:33,271 - INFO - [Al Jazeera] Page content loaded.
2026-08-15 09:31:33,930 - WARNING - [Al Jazeera] FAILED with 'selenium_browser' (content was too short: 64 words).
2026-08-15 09:31:33,942 - ERROR - [Al Jazeera] All scrape strategies failed for https://www.aljazeera.com/video/newsfeed/2026/8/15/on-the-ground-in-indonesia-following-7-7-magnitude-earthquake?traffic_source=rss. Falling back to RSS description.
2026-08-15 09:31:33,942 - WARNING - SKIPPED (GLOBAL WORD LIMIT): Article 'On the ground in Indonesia following 7.7 magnitude earthquake' from Al Jazeera has only 16 words (Min: 90).
2026-08-15 09:31:34,131 - INFO - [The Hindu] Page content loaded.
2026-08-15 09:31:34,837 - INFO - [The Hindu] Success with 'selenium_browser'. Found content (707 words).
2026-08-15 09:31:35,210 - INFO - [Al Jazeera] Early skip: URL https://www.aljazeera.com/economy/2026/8/15/taiwan-passes-defence-budget-after-record-delay-retains-drone-funding?traffic_source=rss already exists.
2026-08-15 09:31:35,211 - INFO - [Al Jazeera] Early skip: URL https://www.aljazeera.com/news/2026/8/15/iran-says-no-decision-yet-on-a-return-to-talks-with-the-us?traffic_source=rss already exists.
2026-08-15 09:31:35,218 - INFO - [Al Jazeera] Article: https://www.aljazeera.com/video/newsfeed/2026/8/15/what-we-know-about-the-crisis-aboard-the-uss-lincoln?traffic_source=rss
2026-08-15 09:31:35,218 - INFO - [Al Jazeera] Attempt 1/2: Trying with 'requests_browser' strategy...
2026-08-15 09:31:35,572 - WARNING - [Al Jazeera] FAILED with 'requests_browser' (content was too short: 60 words).
2026-08-15 09:31:35,953 - INFO - DEDUPLICATION: Found match (Score: 0.84). Linking to Cluster ID: e32ed725-651b-4263-ac9b-5d3c1a4bbce1
2026-08-15 09:31:37,297 - INFO - [Al Jazeera] Article: https://www.aljazeera.com/video/newsfeed/2026/8/15/what-we-know-about-the-crisis-aboard-the-uss-lincoln?traffic_source=rss
2026-08-15 09:31:37,298 - INFO - [Al Jazeera] Attempt 2/2: Trying with 'selenium_browser' strategy...
2026-08-15 09:31:38,890 - INFO - >>> SUCCESSFULLY SAVED [ID: 104771] - Independence Day 2026: PM Modi leads India in commemorating 80 years of freedom - The Hindu from The Hindu (707 words)
2026-08-15 09:31:39,956 - INFO - [The Hindu] Article: https://www.thehindu.com/news/national/karnataka/youth-protests-find-echo-in-ministers-i-day-speech-in-shivamogga/article71349009.ece
2026-08-15 09:31:39,956 - INFO - [The Hindu] Attempt 1/1: Trying with 'selenium_browser' strategy...
2026-08-15 09:31:42,409 - INFO - [Al Jazeera] Page content loaded.
2026-08-15 09:31:42,994 - WARNING - [Al Jazeera] FAILED with 'selenium_browser' (content was too short: 64 words).
2026-08-15 09:31:42,994 - ERROR - [Al Jazeera] All scrape strategies failed for https://www.aljazeera.com/video/newsfeed/2026/8/15/what-we-know-about-the-crisis-aboard-the-uss-lincoln?traffic_source=rss. Falling back to RSS description.
2026-08-15 09:31:42,994 - WARNING - SKIPPED (GLOBAL WORD LIMIT): Article 'What we know about the crisis aboard the USS Lincoln' from Al Jazeera has only 20 words (Min: 90).
2026-08-15 09:31:43,623 - INFO - [Al Jazeera] Article: https://www.aljazeera.com/video/newsfeed/2026/8/15/08-11-2026-tia-us-iran-munitions-quotable?traffic_source=rss
2026-08-15 09:31:43,623 - INFO - [Al Jazeera] Attempt 1/2: Trying with 'requests_browser' strategy...
2026-08-15 09:31:43,770 - WARNING - [Al Jazeera] FAILED with 'requests_browser' (content was too short: 69 words).
2026-08-15 09:31:44,360 - INFO - [Al Jazeera] Article: https://www.aljazeera.com/video/newsfeed/2026/8/15/08-11-2026-tia-us-iran-munitions-quotable?traffic_source=rss
2026-08-15 09:31:44,360 - INFO - [Al Jazeera] Attempt 2/2: Trying with 'selenium_browser' strategy...
2026-08-15 09:31:47,990 - INFO - [Al Jazeera] Page content loaded.
2026-08-15 09:31:48,530 - INFO - [Wired] Page content loaded.
2026-08-15 09:31:48,763 - WARNING - [Al Jazeera] FAILED with 'selenium_browser' (content was too short: 73 words).
2026-08-15 09:31:48,763 - ERROR - [Al Jazeera] All scrape strategies failed for https://www.aljazeera.com/video/newsfeed/2026/8/15/08-11-2026-tia-us-iran-munitions-quotable?traffic_source=rss. Falling back to RSS description.
2026-08-15 09:31:48,763 - WARNING - SKIPPED (GLOBAL WORD LIMIT): Article 'Did the US really destroy Iran’s ballistic missile capability?' from Al Jazeera has only 19 words (Min: 90).
2026-08-15 09:31:49,414 - INFO - [Al Jazeera] Article: https://www.aljazeera.com/video/newsfeed/2026/8/15/india-marks-80th-independence-day-with-military-display?traffic_source=rss
2026-08-15 09:31:49,414 - INFO - [Al Jazeera] Attempt 1/2: Trying with 'requests_browser' strategy...
2026-08-15 09:31:49,665 - WARNING - [Al Jazeera] FAILED with 'requests_browser' (content was too short: 48 words).
2026-08-15 09:31:50,249 - INFO - [Al Jazeera] Article: https://www.aljazeera.com/video/newsfeed/2026/8/15/india-marks-80th-independence-day-with-military-display?traffic_source=rss
2026-08-15 09:31:50,249 - INFO - [Al Jazeera] Attempt 2/2: Trying with 'selenium_browser' strategy...
2026-08-15 09:31:52,203 - INFO - [Wired] Success with 'selenium_browser'. Found content (1589 words).
2026-08-15 09:31:54,949 - INFO - [The Hindu] Page content loaded.
2026-08-15 09:31:56,336 - ERROR - Error saving article The Best Movies to Stream This Month (August 2026) | WIRED: Hrana: `stream error: `Error { message: "SQLite error: UNIQUE constraint failed: articles.url", code: "SQLITE_CONSTRAINT" }``
2026-08-15 09:31:56,397 - INFO - [Al Jazeera] Page content loaded.
2026-08-15 09:31:56,508 - INFO - [The Hindu] Success with 'selenium_browser'. Found content (520 words).
2026-08-15 09:31:56,727 - WARNING - [Al Jazeera] FAILED with 'selenium_browser' (content was too short: 52 words).
2026-08-15 09:31:56,728 - ERROR - [Al Jazeera] All scrape strategies failed for https://www.aljazeera.com/video/newsfeed/2026/8/15/india-marks-80th-independence-day-with-military-display?traffic_source=rss. Falling back to RSS description.
2026-08-15 09:31:56,728 - WARNING - SKIPPED (GLOBAL WORD LIMIT): Article 'India marks 80th Independence Day with military display' from Al Jazeera has only 11 words (Min: 90).
2026-08-15 09:31:56,954 - INFO - [Wired] Early skip: URL https://www.wired.com/story/unitree-influencer-4-foot-robot-from-china/ already exists.
2026-08-15 09:31:56,956 - INFO - [Wired] Early skip: URL https://www.wired.com/story/tech-visionary-says-the-big-ai-labs-dont-get-what-people-want/ already exists.
2026-08-15 09:31:56,958 - INFO - [Wired] Article: https://www.wired.com/gallery/best-wireless-chargers/
2026-08-15 09:31:56,958 - INFO - [Wired] Attempt 1/2: Trying with 'requests_browser' strategy...
2026-08-15 09:31:58,406 - INFO - [Al Jazeera] Early skip: URL https://www.aljazeera.com/news/2026/8/15/hrw-says-us-civil-rights-enforcement-reduced-under-trump-what-to-know?traffic_source=rss already exists.
2026-08-15 09:31:58,407 - ERROR - [Economic Times] Request failed for strategy 'selenium_browser' on URL https://economictimes.indiatimes.com/markets/cryptocurrency/crypto-news/bitcoin-near-63000-as-weaker-etf-demand-and-cancelled-sec-meeting-dampen-crypto-sentiment/articleshow/133259389.cms: Message: timeout: Timed out receiving message from renderer: 7.000
  (Session info: chrome=152.0.7977.42)
Stacktrace:
#0 0x55957d8f52ca <unknown>
#1 0x55957d258b39 <unknown>
#2 0x55957d2405bb <unknown>
#3 0x55957d240236 <unknown>
#4 0x55957d23de18 <unknown>
#5 0x55957d23e79f <unknown>
#6 0x55957d24d880 <unknown>
#7 0x55957d2677b7 <unknown>
#8 0x55957d26f19b <unknown>
#9 0x55957d23eef9 <unknown>
#10 0x55957d267512 <unknown>
#11 0x55957d2f6b26 <unknown>
#12 0x55957d2a1ecb <unknown>
#13 0x55957d2a2cb1 <unknown>
#14 0x55957d8b97f0 <unknown>
#15 0x55957d8b7e6a <unknown>
#16 0x55957d8a2bb5 <unknown>
#17 0x55957d8b8b2a <unknown>
#18 0x55957d88bdf0 <unknown>
#19 0x55957d8e0238 <unknown>
#20 0x55957d8e03d5 <unknown>
#21 0x55957d8f3e53 <unknown>
#22 0x7f5c2f09cb84 <unknown>
#23 0x7f5c2f129d6c <unknown>

2026-08-15 09:31:58,407 - ERROR - [Economic Times] All scrape strategies failed for https://economictimes.indiatimes.com/markets/cryptocurrency/crypto-news/bitcoin-near-63000-as-weaker-etf-demand-and-cancelled-sec-meeting-dampen-crypto-sentiment/articleshow/133259389.cms. Falling back to RSS description.
2026-08-15 09:31:58,848 - INFO - [Al Jazeera] Article: https://www.aljazeera.com/video/newsfeed/2026/8/15/us-president-trump-says-he-will-declare-strait-of-hormuz-us-territory?traffic_source=rss
2026-08-15 09:31:58,848 - WARNING - SKIPPED (GLOBAL WORD LIMIT): Article 'Bitcoin near $63,000 as weaker ETF demand and cancelled SEC meeting dampen crypto sentiment ' from Economic Times has only 38 words (Min: 90).
2026-08-15 09:31:58,848 - INFO - [Al Jazeera] Attempt 1/2: Trying with 'requests_browser' strategy...
2026-08-15 09:32:00,012 - INFO - >>> SUCCESSFULLY SAVED [ID: 104773] - Youth protests find echo in Minister’s I-Day speech in Shivamogga - The Hindu from The Hindu (520 words)
2026-08-15 09:32:00,034 - ERROR - parsed tree length: 1, wrong data type or not valid HTML
2026-08-15 09:32:00,034 - ERROR - empty HTML tree: None
2026-08-15 09:32:00,034 - WARNING - discarding data: None
2026-08-15 09:32:00,034 - WARNING - [Wired] FAILED with 'requests_browser' (content was too short: 0 words).
2026-08-15 09:32:00,055 - WARNING - [Al Jazeera] FAILED with 'requests_browser' (content was too short: 65 words).
2026-08-15 09:32:00,199 - INFO - [Economic Times] Article: https://economictimes.indiatimes.com/mf/mf-news/monarch-mutual-fund-set-to-enter-mf-space-with-maiden-overnight-fund-files-draft-with-sebi/articleshow/133259237.cms
2026-08-15 09:32:00,199 - INFO - [Economic Times] Attempt 1/2: Trying with 'requests_browser' strategy...
2026-08-15 09:32:00,489 - ERROR - parsed tree length: 1, wrong data type or not valid HTML
2026-08-15 09:32:00,490 - ERROR - empty HTML tree: None
2026-08-15 09:32:00,490 - WARNING - discarding data: None
2026-08-15 09:32:00,490 - WARNING - [Economic Times] FAILED with 'requests_browser' (content was too short: 0 words).
2026-08-15 09:32:00,680 - INFO - [Al Jazeera] Article: https://www.aljazeera.com/video/newsfeed/2026/8/15/us-president-trump-says-he-will-declare-strait-of-hormuz-us-territory?traffic_source=rss
2026-08-15 09:32:00,681 - INFO - [Al Jazeera] Attempt 2/2: Trying with 'selenium_browser' strategy...
2026-08-15 09:32:00,740 - INFO - [Wired] Article: https://www.wired.com/gallery/best-wireless-chargers/
2026-08-15 09:32:00,740 - INFO - [Wired] Attempt 2/2: Trying with 'selenium_browser' strategy...
2026-08-15 09:32:01,249 - INFO - [The Hindu] Early skip: URL https://www.thehindu.com/news/national/jharkhand/jharkhand-tiranga-march-job-exam-stir-day-22-devendra-mahta-fast/article71348936.ece already exists.
2026-08-15 09:32:01,251 - INFO - [The Hindu] Early skip: URL https://www.thehindu.com/news/cities/Delhi/after-gen-z-its-gen-alphas-turn-to-seek-accountability-kejriwal/article71348672.ece already exists.
2026-08-15 09:32:01,253 - INFO - [The Hindu] Article: https://www.thehindu.com/news/national/karnataka/bz-zameer-ahmed-khans-patriotism-unquestionable-says-karnataka-minister-on-refusal-to-hoist-national-flag/article71348930.ece
2026-08-15 09:32:01,253 - INFO - [The Hindu] Attempt 1/1: Trying with 'selenium_browser' strategy...
2026-08-15 09:32:01,382 - INFO - [Economic Times] Article: https://economictimes.indiatimes.com/mf/mf-news/monarch-mutual-fund-set-to-enter-mf-space-with-maiden-overnight-fund-files-draft-with-sebi/articleshow/133259237.cms
2026-08-15 09:32:01,383 - INFO - [Economic Times] Attempt 2/2: Trying with 'selenium_browser' strategy...
2026-08-15 09:32:02,093 - INFO - [Al Jazeera] Page content loaded.
2026-08-15 09:32:02,465 - WARNING - [Al Jazeera] FAILED with 'selenium_browser' (content was too short: 69 words).
2026-08-15 09:32:02,465 - ERROR - [Al Jazeera] All scrape strategies failed for https://www.aljazeera.com/video/newsfeed/2026/8/15/us-president-trump-says-he-will-declare-strait-of-hormuz-us-territory?traffic_source=rss. Falling back to RSS description.
2026-08-15 09:32:02,466 - WARNING - SKIPPED (GLOBAL WORD LIMIT): Article 'US President Trump says he will declare Strait of Hormuz US territory' from Al Jazeera has only 16 words (Min: 90).
2026-08-15 09:32:03,127 - INFO - [Al Jazeera] Early skip: URL https://www.aljazeera.com/news/2026/8/15/venezuela-says-131-political-prisoners-freed-amid-post-maduro-talks?traffic_source=rss already exists.
2026-08-15 09:32:03,131 - INFO - [Al Jazeera] Article: https://www.aljazeera.com/video/newsfeed/2026/8/15/08-15-2026-indonesia-quake-sv-mp4?traffic_source=rss
2026-08-15 09:32:03,131 - INFO - [Al Jazeera] Attempt 1/2: Trying with 'requests_browser' strategy...
2026-08-15 09:32:03,296 - WARNING - [Al Jazeera] FAILED with 'requests_browser' (content was too short: 42 words).
2026-08-15 09:32:03,987 - INFO - [Al Jazeera] Article: https://www.aljazeera.com/video/newsfeed/2026/8/15/08-15-2026-indonesia-quake-sv-mp4?traffic_source=rss
2026-08-15 09:32:03,987 - INFO - [Al Jazeera] Attempt 2/2: Trying with 'selenium_browser' strategy...
2026-08-15 09:32:04,030 - INFO - [The Hindu] Page content loaded.
2026-08-15 09:32:06,902 - INFO - [Al Jazeera] Page content loaded.
2026-08-15 09:32:07,439 - WARNING - [Al Jazeera] FAILED with 'selenium_browser' (content was too short: 46 words).
2026-08-15 09:32:07,439 - ERROR - [Al Jazeera] All scrape strategies failed for https://www.aljazeera.com/video/newsfeed/2026/8/15/08-15-2026-indonesia-quake-sv-mp4?traffic_source=rss. Falling back to RSS description.
2026-08-15 09:32:07,439 - WARNING - SKIPPED (GLOBAL WORD LIMIT): Article '7.7-magnitude earthquake strikes eastern Indonesia' from Al Jazeera has only 15 words (Min: 90).
2026-08-15 09:32:08,532 - INFO - [Al Jazeera] Early skip: URL https://www.aljazeera.com/news/2026/8/15/at-least-two-killed-as-magnitude-7-7-quake-hits-indonesia?traffic_source=rss already exists.
2026-08-15 09:32:08,535 - INFO - [Al Jazeera] Article: https://www.aljazeera.com/video/newsfeed/2026/8/15/mangione-pleads-guilty-as-polarising-ceo-killing-reaches-new-phase?traffic_source=rss
2026-08-15 09:32:08,541 - INFO - [Al Jazeera] Attempt 1/2: Trying with 'requests_browser' strategy...
2026-08-15 09:32:08,703 - WARNING - [Al Jazeera] FAILED with 'requests_browser' (content was too short: 58 words).
2026-08-15 09:32:09,440 - INFO - [Al Jazeera] Article: https://www.aljazeera.com/video/newsfeed/2026/8/15/mangione-pleads-guilty-as-polarising-ceo-killing-reaches-new-phase?traffic_source=rss
2026-08-15 09:32:09,441 - INFO - [Al Jazeera] Attempt 2/2: Trying with 'selenium_browser' strategy...
2026-08-15 09:32:10,891 - INFO - [The Hindu] Success with 'selenium_browser'. Found content (119 words).
2026-08-15 09:32:14,447 - INFO - >>> SUCCESSFULLY SAVED [ID: 104774] - B.Z. Zameer Ahmed Khan's patriotism unquestionable: Karnataka Minister on refusal to hoist national flag - The Hindu from The Hindu (119 words)
2026-08-15 09:32:14,921 - INFO - [Al Jazeera] Page content loaded.
2026-08-15 09:32:15,185 - WARNING - [Al Jazeera] FAILED with 'selenium_browser' (content was too short: 62 words).
2026-08-15 09:32:15,186 - ERROR - [Al Jazeera] All scrape strategies failed for https://www.aljazeera.com/video/newsfeed/2026/8/15/mangione-pleads-guilty-as-polarising-ceo-killing-reaches-new-phase?traffic_source=rss. Falling back to RSS description.
2026-08-15 09:32:15,186 - WARNING - SKIPPED (GLOBAL WORD LIMIT): Article 'Mangione pleads guilty as polarising CEO killing reaches new phase' from Al Jazeera has only 18 words (Min: 90).
2026-08-15 09:32:15,431 - INFO - [The Hindu] Article: https://www.thehindu.com/news/national/congress-slams-pm-modi-over-dishonest-womens-reservation-pitch-calls-it-double-faced-hypocrisy/article71348920.ece
2026-08-15 09:32:15,431 - INFO - [The Hindu] Attempt 1/1: Trying with 'selenium_browser' strategy...
2026-08-15 09:32:15,757 - INFO - [Al Jazeera] (Thread) Finished. Attempting to shut down its Selenium driver.
2026-08-15 09:32:15,947 - INFO - [Wired] Page content loaded.
2026-08-15 09:32:16,052 - INFO - [Al Jazeera] (Thread) driver.quit() successful.
2026-08-15 09:32:17,617 - INFO - [Wired] Success with 'selenium_browser'. Found content (2184 words).
2026-08-15 09:32:20,443 - INFO - [Economic Times] Page content loaded.
2026-08-15 09:32:21,344 - ERROR - Error saving article Best Wireless Chargers (2026): My Picks After Testing 100+ | WIRED: Hrana: `stream error: `Error { message: "SQLite error: UNIQUE constraint failed: articles.url", code: "SQLITE_CONSTRAINT" }``
2026-08-15 09:32:21,705 - INFO - [Economic Times] Success with 'selenium_browser'. Found content (555 words).
2026-08-15 09:32:21,938 - INFO - [Wired] Early skip: URL https://www.wired.com/story/best-paper-planners/ already exists.
2026-08-15 09:32:21,957 - INFO - [Wired] Early skip: URL https://www.wired.com/story/ftc-strikes-deals-to-ignore-unlawful-credit-discrimination/ already exists.
2026-08-15 09:32:21,971 - INFO - [Wired] Early skip: URL https://www.wired.com/story/these-masturbation-consultants-were-hired-to-pleasure-themselves-using-ai/ already exists.
2026-08-15 09:32:21,981 - INFO - [Wired] Early skip: URL https://www.wired.com/gallery/best-pixel-10-cases-and-accessories/ already exists.
2026-08-15 09:32:21,990 - INFO - [Wired] Early skip: URL https://www.wired.com/story/i-wore-a-pepper-electrical-muscle-stimulation-body-suit-to-zap-myself-into-fitness/ already exists.
2026-08-15 09:32:21,996 - INFO - [Wired] Early skip: URL https://www.wired.com/story/people-are-marrying-chatbots-these-lawmakers-want-to-stop-them/ already exists.
2026-08-15 09:32:22,007 - INFO - [Wired] Early skip: URL https://www.wired.com/galaxy-brain/ already exists.
2026-08-15 09:32:22,014 - INFO - [Wired] Early skip: URL https://www.wired.com/story/best-monitors/ already exists.
2026-08-15 09:32:22,024 - INFO - [Wired] Early skip: URL https://www.wired.com/story/brain-focused-ultrasound/ already exists.
2026-08-15 09:32:22,035 - INFO - [Wired] Early skip: URL https://www.wired.com/story/this-art-project-slows-down-citi-bikes-to-make-nycs-rent-crisis-feel-real/ already exists.
2026-08-15 09:32:22,043 - INFO - [Wired] Early skip: URL https://www.wired.com/review/dell-xps-13-2026/ already exists.
2026-08-15 09:32:22,055 - INFO - [Wired] Early skip: URL https://www.wired.com/story/real-reason-data-center-gas-power-plants-are-so-dirty/ already exists.
2026-08-15 09:32:22,063 - INFO - [Wired] Article: https://www.wired.com/story/layla-sleep-coupon/
2026-08-15 09:32:22,063 - INFO - [Wired] Attempt 1/2: Trying with 'requests_browser' strategy...
2026-08-15 09:32:22,255 - ERROR - parsed tree length: 1, wrong data type or not valid HTML
2026-08-15 09:32:22,256 - ERROR - empty HTML tree: None
2026-08-15 09:32:22,256 - WARNING - discarding data: None
2026-08-15 09:32:22,256 - WARNING - [Wired] FAILED with 'requests_browser' (content was too short: 0 words).
2026-08-15 09:32:23,596 - INFO - [Wired] Article: https://www.wired.com/story/layla-sleep-coupon/
2026-08-15 09:32:24,036 - INFO - [Wired] Attempt 2/2: Trying with 'selenium_browser' strategy...
2026-08-15 09:32:24,948 - INFO - [The Hindu] Page content loaded.
2026-08-15 09:32:25,185 - INFO - >>> SUCCESSFULLY SAVED [ID: 104776] - Monarch Mutual Fund set to enter MF space with maiden overnight fund; files draft with Sebi - The Economic Times from Economic Times (555 words)
2026-08-15 09:32:25,278 - INFO - [The Hindu] Success with 'selenium_browser'. Found content (419 words).
2026-08-15 09:32:26,848 - INFO - [Economic Times] Article: https://economictimes.indiatimes.com/markets/expert-view/fo-talk-nifty-consolidation-to-continue-says-sudeep-shah-gives-tata-motors-lenskart-honasa-strategy/articleshow/133259043.cms
2026-08-15 09:32:27,288 - INFO - [Economic Times] Attempt 1/2: Trying with 'requests_browser' strategy...
2026-08-15 09:32:28,414 - INFO - [Wired] Page content loaded.
2026-08-15 09:32:28,420 - INFO - >>> SUCCESSFULLY SAVED [ID: 104777] - Congress slams PM Modi over ‘dishonest’ women’s reservation pitch, calls it ‘double-faced hypocrisy’ - The Hindu from The Hindu (419 words)
2026-08-15 09:32:28,422 - ERROR - parsed tree length: 1, wrong data type or not valid HTML
2026-08-15 09:32:28,422 - ERROR - empty HTML tree: None
2026-08-15 09:32:28,422 - WARNING - discarding data: None
2026-08-15 09:32:28,422 - WARNING - [Economic Times] FAILED with 'requests_browser' (content was too short: 0 words).
2026-08-15 09:32:28,715 - INFO - [Wired] Success with 'selenium_browser'. Found content (482 words).
2026-08-15 09:32:29,037 - INFO - [Economic Times] Article: https://economictimes.indiatimes.com/markets/expert-view/fo-talk-nifty-consolidation-to-continue-says-sudeep-shah-gives-tata-motors-lenskart-honasa-strategy/articleshow/133259043.cms
2026-08-15 09:32:29,037 - INFO - [Economic Times] Attempt 2/2: Trying with 'selenium_browser' strategy...
2026-08-15 09:32:30,504 - INFO - [The Hindu] Article: https://www.thehindu.com/news/national/how-will-caste-be-recorded-in-second-phase-of-census-2027-explained/article71348997.ece
2026-08-15 09:32:30,946 - INFO - [The Hindu] Attempt 1/1: Trying with 'selenium_browser' strategy...
2026-08-15 09:32:31,866 - ERROR - Error saving article Layla Sleep Coupon: Save Up to $600 in August 2026 | WIRED: Hrana: `stream error: `Error { message: "SQLite error: UNIQUE constraint failed: articles.url", code: "SQLITE_CONSTRAINT" }``
2026-08-15 09:32:32,603 - INFO - [Wired] Article: https://www.wired.com/story/office-depot-promo-codes/
2026-08-15 09:32:32,603 - INFO - [Wired] Attempt 1/2: Trying with 'requests_browser' strategy...
2026-08-15 09:32:32,776 - ERROR - parsed tree length: 1, wrong data type or not valid HTML
2026-08-15 09:32:32,777 - ERROR - empty HTML tree: None
2026-08-15 09:32:32,777 - WARNING - discarding data: None
2026-08-15 09:32:32,777 - WARNING - [Wired] FAILED with 'requests_browser' (content was too short: 0 words).
2026-08-15 09:32:32,930 - INFO - [The Hindu] Page content loaded.
2026-08-15 09:32:32,957 - INFO - [Economic Times] Page content loaded.
2026-08-15 09:32:33,255 - INFO - [Economic Times] Success with 'selenium_browser'. Found content (1602 words).
2026-08-15 09:32:33,412 - INFO - [Wired] Article: https://www.wired.com/story/office-depot-promo-codes/
2026-08-15 09:32:33,412 - INFO - [Wired] Attempt 2/2: Trying with 'selenium_browser' strategy...
2026-08-15 09:32:36,779 - INFO - >>> SUCCESSFULLY SAVED [ID: 104779] - F&O Talk: Nifty consolidation to continue says Sudeep Shah; gives Tata Motors, Lenskart, Honasa strategy - The Economic Times from Economic Times (1602 words)
2026-08-15 09:32:37,251 - INFO - [Wired] Page content loaded.
2026-08-15 09:32:37,820 - INFO - [Economic Times] Article: https://economictimes.indiatimes.com/markets/ipos/fpos/ipo-rush-5-companies-to-raise-rs-5499-crore-next-week-shiprocket-4-others-to-list/articleshow/133258703.cms
2026-08-15 09:32:37,820 - INFO - [Economic Times] Attempt 1/2: Trying with 'requests_browser' strategy...
2026-08-15 09:32:38,173 - ERROR - parsed tree length: 1, wrong data type or not valid HTML
2026-08-15 09:32:38,174 - ERROR - empty HTML tree: None
2026-08-15 09:32:38,175 - WARNING - discarding data: None
2026-08-15 09:32:38,175 - WARNING - [Economic Times] FAILED with 'requests_browser' (content was too short: 0 words).
2026-08-15 09:32:38,943 - INFO - [Wired] Success with 'selenium_browser'. Found content (1098 words).
2026-08-15 09:32:39,186 - INFO - [Economic Times] Article: https://economictimes.indiatimes.com/markets/ipos/fpos/ipo-rush-5-companies-to-raise-rs-5499-crore-next-week-shiprocket-4-others-to-list/articleshow/133258703.cms
2026-08-15 09:32:39,186 - INFO - [Economic Times] Attempt 2/2: Trying with 'selenium_browser' strategy...
2026-08-15 09:32:42,393 - ERROR - Error saving article Office Depot Coupons: Save With Promo Codes in August 2026 | WIRED: Hrana: `stream error: `Error { message: "SQLite error: UNIQUE constraint failed: articles.url", code: "SQLITE_CONSTRAINT" }``
2026-08-15 09:32:42,498 - INFO - [The Hindu] Success with 'selenium_browser'. Found content (97 words).
2026-08-15 09:32:44,020 - INFO - [Wired] Article: https://www.wired.com/story/hellofresh-coupon/
2026-08-15 09:32:44,022 - INFO - [Wired] Attempt 1/2: Trying with 'requests_browser' strategy...
2026-08-15 09:32:44,472 - INFO - [Economic Times] Page content loaded.
2026-08-15 09:32:45,599 - INFO - >>> SUCCESSFULLY SAVED [ID: 104781] - How will caste be recorded in second phase of Census 2027? | Explained - The Hindu from The Hindu (97 words)
2026-08-15 09:32:45,632 - ERROR - parsed tree length: 1, wrong data type or not valid HTML
2026-08-15 09:32:45,632 - ERROR - empty HTML tree: None
2026-08-15 09:32:45,632 - WARNING - discarding data: None
2026-08-15 09:32:45,632 - WARNING - [Wired] FAILED with 'requests_browser' (content was too short: 0 words).
2026-08-15 09:32:45,681 - INFO - [Economic Times] Success with 'selenium_browser'. Found content (431 words).
2026-08-15 09:32:47,165 - INFO - [Wired] Article: https://www.wired.com/story/hellofresh-coupon/
2026-08-15 09:32:47,165 - INFO - [Wired] Attempt 2/2: Trying with 'selenium_browser' strategy...
2026-08-15 09:32:47,166 - INFO - [The Hindu] Early skip: URL https://www.thehindu.com/news/national/india-80th-independence-day-2026-live-updates-on-august-15-pm-modi-speech-red-fort/article71348349.ece already exists.
2026-08-15 09:32:47,605 - INFO - [The Hindu] Article: https://www.thehindu.com/news/national/kerala/chaos-at-kozhikode-corporations-i-day-flag-hoisting-as-councillors-simultaneously-sing-national-anthem-vande-mataram/article71348991.ece
2026-08-15 09:32:47,605 - INFO - [The Hindu] Attempt 1/1: Trying with 'selenium_browser' strategy...
2026-08-15 09:32:48,756 - INFO - >>> SUCCESSFULLY SAVED [ID: 104782] - IPO rush: 5 companies to raise Rs 5,499 crore next week; Shiprocket, 4 others to list - The Economic Times from Economic Times (431 words)
2026-08-15 09:32:49,563 - INFO - [Economic Times] Early skip: URL https://economictimes.indiatimes.com/markets/stocks/news/concurrent-losers-11-stocks-decline-for-5-consecutive-sessions/slideshow/133258683.cms already exists.
2026-08-15 09:32:49,565 - INFO - [Economic Times] Early skip: URL https://economictimes.indiatimes.com/mf/analysis/top-5-india-focused-offshore-equity-funds-and-etfs-in-q1fy27-check-details/slideshow/133258453.cms already exists.
2026-08-15 09:32:49,566 - INFO - [Economic Times] Early skip: URL https://economictimes.indiatimes.com/news/economy/policy/rbi-special-windows-seen-big-enough-to-bring-in-100b/articleshow/132813309.cms already exists.
2026-08-15 09:32:49,568 - INFO - [Economic Times] Early skip: URL https://economictimes.indiatimes.com/news/economy/foreign-trade/india-canada-aim-to-conclude-cepa-trade-pact-by-end-2026-mea/articleshow/132813105.cms already exists.
2026-08-15 09:32:49,570 - INFO - [Economic Times] Early skip: URL https://economictimes.indiatimes.com/news/economy/infrastructure/govts-urban-reset-centre-divides-ministry-of-housing-and-urban-affairs-into-two-specialised-verticals/articleshow/132812900.cms already exists.
2026-08-15 09:32:49,574 - INFO - [Economic Times] Article: https://economictimes.indiatimes.com/news/economy/foreign-trade/india-uk-ceta-takes-effect-first-zero-duty-indian-coffee-jewellery-consignments-reach-uk-shores/articleshow/132442764.cms
2026-08-15 09:32:49,574 - INFO - [Economic Times] Attempt 1/2: Trying with 'requests_browser' strategy...
2026-08-15 09:32:49,942 - INFO - [Economic Times] Success with 'requests_browser'. Found content (946 words).
2026-08-15 09:32:50,042 - INFO - [The Hindu] Page content loaded.
2026-08-15 09:32:52,787 - INFO - [Wired] Page content loaded.
2026-08-15 09:32:52,787 - ERROR - Error saving article India-UK CETA takes effect: First zero-duty Indian coffee, jewellery consignments reach UK shores - The Economic Times: Hrana: `stream error: `Error { message: "SQLite error: UNIQUE constraint failed: articles.url", code: "SQLITE_CONSTRAINT" }``
2026-08-15 09:32:53,101 - INFO - [Wired] Success with 'selenium_browser'. Found content (1253 words).
2026-08-15 09:32:54,692 - INFO - [Economic Times] Article: https://economictimes.indiatimes.com/news/economy/foreign-trade/from-oman-to-tanzania-how-the-iran-war-is-redrawing-indias-trade-map/articleshow/131762760.cms
2026-08-15 09:32:54,692 - INFO - [Economic Times] Attempt 1/2: Trying with 'requests_browser' strategy...
2026-08-15 09:32:56,056 - ERROR - Error saving article HelloFresh Promo Codes: 55% Off for August 2026 | WIRED: Hrana: `stream error: `Error { message: "SQLite error: UNIQUE constraint failed: articles.url", code: "SQLITE_CONSTRAINT" }``
2026-08-15 09:32:56,105 - INFO - [The Hindu] Success with 'selenium_browser'. Found content (299 words).
2026-08-15 09:32:56,194 - INFO - [Economic Times] Success with 'requests_browser'. Found content (385 words).
2026-08-15 09:32:57,653 - INFO - [Wired] Article: https://www.wired.com/story/columbia-promo-code/
2026-08-15 09:32:57,655 - INFO - [Wired] Attempt 1/2: Trying with 'requests_browser' strategy...
2026-08-15 09:32:59,249 - INFO - >>> SUCCESSFULLY SAVED [ID: 104785] - Chaos at Kozhikode Corporation’s I-Day flag-hoisting as councillors simultaneously sing national anthem, Vande Mataram - The Hindu from The Hindu (299 words)
2026-08-15 09:32:59,263 - ERROR - parsed tree length: 1, wrong data type or not valid HTML
2026-08-15 09:32:59,263 - ERROR - empty HTML tree: None
2026-08-15 09:32:59,263 - WARNING - discarding data: None
2026-08-15 09:32:59,263 - WARNING - [Wired] FAILED with 'requests_browser' (content was too short: 0 words).
2026-08-15 09:33:00,663 - INFO - [The Hindu] Early skip: URL https://www.thehindu.com/news/national/odisha/odisha-independence-day-celebrations-cm-mohan-majhi-speech/article71348853.ece already exists.
2026-08-15 09:33:00,664 - INFO - [Wired] Article: https://www.wired.com/story/columbia-promo-code/
2026-08-15 09:33:00,664 - INFO - [Wired] Attempt 2/2: Trying with 'selenium_browser' strategy...
2026-08-15 09:33:01,102 - INFO - [The Hindu] Article: https://www.thehindu.com/news/national/kerala/in-independence-day-speech-kerala-cm-warns-against-communalism-calls-for-open-minded-democracy/article71348651.ece
2026-08-15 09:33:01,102 - INFO - [The Hindu] Attempt 1/1: Trying with 'selenium_browser' strategy...
2026-08-15 09:33:01,979 - ERROR - Error saving article From Oman to Tanzania: How the Iran war is redrawing India’s trade map - The Economic Times: Hrana: `stream error: `Error { message: "SQLite error: UNIQUE constraint failed: articles.url", code: "SQLITE_CONSTRAINT" }``
2026-08-15 09:33:02,798 - INFO - [Economic Times] Article: https://economictimes.indiatimes.com/news/economy/policy/fm-sitharaman-flags-global-crisis-spillovers-unfair-burden-on-developing-nations/articleshow/131668427.cms
2026-08-15 09:33:02,798 - INFO - [Economic Times] Attempt 1/2: Trying with 'requests_browser' strategy...
2026-08-15 09:33:03,190 - INFO - [The Hindu] Page content loaded.
2026-08-15 09:33:03,301 - INFO - [Economic Times] Success with 'requests_browser'. Found content (317 words).
2026-08-15 09:33:05,339 - INFO - [Wired] Page content loaded.
2026-08-15 09:33:06,248 - ERROR - Error saving article FM Sitharaman flags global crisis spillovers, unfair burden on developing nations - The Economic Times: Hrana: `stream error: `Error { message: "SQLite error: UNIQUE constraint failed: articles.url", code: "SQLITE_CONSTRAINT" }``
2026-08-15 09:33:07,052 - INFO - [Economic Times] Article: https://economictimes.indiatimes.com/tech/technology/apple-faces-indian-engineers-bias-lawsuit/articleshow/81694292.cms
2026-08-15 09:33:07,052 - INFO - [Economic Times] Attempt 1/2: Trying with 'requests_browser' strategy...
2026-08-15 09:33:07,246 - INFO - [Wired] Success with 'selenium_browser'. Found content (682 words).
2026-08-15 09:33:07,376 - ERROR - parsed tree length: 1, wrong data type or not valid HTML
2026-08-15 09:33:07,377 - ERROR - empty HTML tree: None
2026-08-15 09:33:07,377 - WARNING - discarding data: None
2026-08-15 09:33:07,377 - WARNING - [Economic Times] FAILED with 'requests_browser' (content was too short: 0 words).
2026-08-15 09:33:08,767 - INFO - [Economic Times] Article: https://economictimes.indiatimes.com/tech/technology/apple-faces-indian-engineers-bias-lawsuit/articleshow/81694292.cms
2026-08-15 09:33:08,767 - INFO - [Economic Times] Attempt 2/2: Trying with 'selenium_browser' strategy...
2026-08-15 09:33:10,103 - ERROR - Error saving article Columbia Promo Codes: 15% Off | August 2026 | WIRED: Hrana: `stream error: `Error { message: "SQLite error: UNIQUE constraint failed: articles.url", code: "SQLITE_CONSTRAINT" }``
2026-08-15 09:33:10,130 - INFO - [The Hindu] Success with 'selenium_browser'. Found content (513 words).
2026-08-15 09:33:11,616 - INFO - [Wired] Article: https://www.wired.com/story/pura-promo-code/
2026-08-15 09:33:11,616 - INFO - [Wired] Attempt 1/2: Trying with 'requests_browser' strategy...
2026-08-15 09:33:13,192 - INFO - >>> SUCCESSFULLY SAVED [ID: 104789] - In Independence Day speech, Kerala CM warns against communalism, calls for open-minded democracy - The Hindu from The Hindu (513 words)
2026-08-15 09:33:13,221 - ERROR - parsed tree length: 1, wrong data type or not valid HTML
2026-08-15 09:33:13,221 - ERROR - empty HTML tree: None
2026-08-15 09:33:13,221 - WARNING - discarding data: None
2026-08-15 09:33:13,221 - WARNING - [Wired] FAILED with 'requests_browser' (content was too short: 0 words).
2026-08-15 09:33:13,845 - INFO - [Wired] Article: https://www.wired.com/story/pura-promo-code/
2026-08-15 09:33:13,846 - INFO - [Wired] Attempt 2/2: Trying with 'selenium_browser' strategy...
2026-08-15 09:33:14,133 - INFO - [Economic Times] Page content loaded.
2026-08-15 09:33:14,402 - INFO - [The Hindu] Early skip: URL https://www.thehindu.com/news/national/cjp-instagram-handle-briefly-taken-down-restored-later/article71348612.ece already exists.
2026-08-15 09:33:14,403 - INFO - [The Hindu] Early skip: URL https://www.thehindu.com/news/national/pm-modi-lays-out-seven-point-sapta-dhara-framework-for-viksit-bharat/article71348519.ece already exists.
2026-08-15 09:33:14,407 - INFO - [The Hindu] Early skip: URL https://www.thehindu.com/news/national/pm-modi-independence-day-2026-speech-women-reservation-opposition-appeal-maoism-mindset/article71348509.ece already exists.
2026-08-15 09:33:14,408 - INFO - [The Hindu] Early skip: URL https://www.thehindu.com/news/national/kerala/freedom-means-living-without-fear-and-with-dignity-says-kerala-minister-bindhu-krishna-in-independence-day-address/article71348586.ece already exists.
2026-08-15 09:33:14,409 - INFO - [The Hindu] Early skip: URL https://www.thehindu.com/news/national/pm-modis-independence-day-speech-shortest-in-4-years/article71348472.ece already exists.
2026-08-15 09:33:14,413 - INFO - [The Hindu] Early skip: URL https://www.thehindu.com/news/national/west-bengal/in-2047-vikshit-bharat-dreams-will-be-realised-through-viksit-bengal-suvendu/article71348782.ece already exists.
2026-08-15 09:33:14,414 - INFO - [The Hindu] Early skip: URL https://www.thehindu.com/news/national/karnataka/tension-in-hanur-after-three-suspected-poachers-killed-in-shoot-out-in-karnataka-forest/article71348908.ece already exists.
2026-08-15 09:33:14,415 - INFO - [The Hindu] Early skip: URL https://www.thehindu.com/videos/mahua-moitra-alleges-she-was-asked-to-vacate-circuit-house-late-at-night/article71348941.ece already exists.
2026-08-15 09:33:14,417 - INFO - [The Hindu] Early skip: URL https://www.thehindu.com/news/national/indian-envoy-leads-celebration-of-independence-day-in-singapore/article71348824.ece already exists.
2026-08-15 09:33:14,418 - INFO - [The Hindu] Early skip: URL https://www.thehindu.com/news/national/telangana/telanganas-per-capita-income-higher-than-national-average-cm-revanth/article71348710.ece already exists.
2026-08-15 09:33:14,420 - INFO - [The Hindu] Article: https://www.thehindu.com/news/cities/bangalore/security-guard-held-for-alleged-terror-plot-targeting-pakistan-army-tehreek-e-taliban-pakistan-ttp-links-in-bengaluru/article71347241.ece
2026-08-15 09:33:14,420 - INFO - [The Hindu] Attempt 1/1: Trying with 'selenium_browser' strategy...
2026-08-15 09:33:14,533 - INFO - [Economic Times] Success with 'selenium_browser'. Found content (743 words).
2026-08-15 09:33:17,453 - ERROR - Error saving article Apple faces Indian engineer’s bias lawsuit - The Economic Times: Hrana: `stream error: `Error { message: "SQLite error: UNIQUE constraint failed: articles.url", code: "SQLITE_CONSTRAINT" }``
2026-08-15 09:33:17,474 - INFO - [Wired] Page content loaded.
2026-08-15 09:33:17,764 - INFO - [Wired] Success with 'selenium_browser'. Found content (582 words).
2026-08-15 09:33:19,221 - INFO - [Economic Times] Article: https://economictimes.indiatimes.com/news/defence/despite-transatlantic-love-fest-eu-charts-third-way-in-ties-with-us-and-china/articleshow/81467467.cms
2026-08-15 09:33:19,222 - INFO - [Economic Times] Attempt 1/2: Trying with 'requests_browser' strategy...
2026-08-15 09:33:20,551 - ERROR - Error saving article Pura Promo Codes: $20 Off August 2026 | WIRED: Hrana: `stream error: `Error { message: "SQLite error: UNIQUE constraint failed: articles.url", code: "SQLITE_CONSTRAINT" }``
2026-08-15 09:33:20,593 - INFO - [Economic Times] Success with 'requests_browser'. Found content (799 words).
2026-08-15 09:33:22,075 - INFO - [Wired] Article: https://www.wired.com/story/babbel-promo-code/
2026-08-15 09:33:22,075 - INFO - [Wired] Attempt 1/2: Trying with 'requests_browser' strategy...
2026-08-15 09:33:23,403 - ERROR - Error saving article Despite transatlantic 'love fest', EU charts third way in ties with US and China - The Economic Times: Hrana: `stream error: `Error { message: "SQLite error: UNIQUE constraint failed: articles.url", code: "SQLITE_CONSTRAINT" }``
2026-08-15 09:33:23,404 - INFO - [The Hindu] Page content loaded.
2026-08-15 09:33:23,418 - ERROR - parsed tree length: 1, wrong data type or not valid HTML
2026-08-15 09:33:23,419 - ERROR - empty HTML tree: None
2026-08-15 09:33:23,419 - WARNING - discarding data: None
2026-08-15 09:33:23,419 - WARNING - [Wired] FAILED with 'requests_browser' (content was too short: 0 words).
2026-08-15 09:33:23,490 - INFO - [The Hindu] Success with 'selenium_browser'. Found content (369 words).
2026-08-15 09:33:24,936 - INFO - [Economic Times] Article: https://economictimes.indiatimes.com/tech/tech-bytes/twitters-india-policy-head-to-step-down-will-transition-in-march/articleshow/80732868.cms
2026-08-15 09:33:24,936 - INFO - [Wired] Article: https://www.wired.com/story/babbel-promo-code/
2026-08-15 09:33:25,373 - INFO - [Economic Times] Attempt 1/2: Trying with 'requests_browser' strategy...
2026-08-15 09:33:26,252 - INFO - [Wired] Attempt 2/2: Trying with 'selenium_browser' strategy...
2026-08-15 09:33:26,488 - INFO - >>> SUCCESSFULLY SAVED [ID: 104793] - Security guard held in Bengaluru for alleged terror plot targeting Pakistan Army - The Hindu from The Hindu (369 words)
2026-08-15 09:33:26,779 - ERROR - parsed tree length: 1, wrong data type or not valid HTML
2026-08-15 09:33:26,779 - ERROR - empty HTML tree: None
2026-08-15 09:33:26,779 - WARNING - discarding data: None
2026-08-15 09:33:26,779 - WARNING - [Economic Times] FAILED with 'requests_browser' (content was too short: 0 words).
2026-08-15 09:33:27,520 - INFO - [The Hindu] Early skip: URL https://www.thehindu.com/news/national/in-a-first-vande-mataram-rendered-during-80th-independence-day-celebrations-at-red-fort/article71348393.ece already exists.
2026-08-15 09:33:27,521 - INFO - [The Hindu] Article: https://www.thehindu.com/news/national/telangana/govt-to-credit-fee-reimbursement-amounts-in-advance-to-avoid-hardship-to-students-cm/article71346164.ece
2026-08-15 09:33:27,521 - INFO - [The Hindu] Attempt 1/1: Trying with 'selenium_browser' strategy...
2026-08-15 09:33:27,619 - INFO - [Economic Times] Article: https://economictimes.indiatimes.com/tech/tech-bytes/twitters-india-policy-head-to-step-down-will-transition-in-march/articleshow/80732868.cms
2026-08-15 09:33:27,620 - INFO - [Economic Times] Attempt 2/2: Trying with 'selenium_browser' strategy...
2026-08-15 09:33:28,105 - INFO - [Wired] Page content loaded.
2026-08-15 09:33:28,747 - INFO - [Wired] Success with 'selenium_browser'. Found content (727 words).
2026-08-15 09:33:31,709 - INFO - [Economic Times] Page content loaded.
2026-08-15 09:33:32,625 - ERROR - Error saving article Babbel Promo Code: Up to 65% Off in August 2026 | WIRED: Hrana: `stream error: `Error { message: "SQLite error: UNIQUE constraint failed: articles.url", code: "SQLITE_CONSTRAINT" }``
2026-08-15 09:33:33,884 - INFO - [Wired] Article: https://www.wired.com/story/acer-promo-code/
2026-08-15 09:33:33,885 - INFO - [Wired] Attempt 1/2: Trying with 'requests_browser' strategy...
2026-08-15 09:33:34,138 - ERROR - parsed tree length: 1, wrong data type or not valid HTML
2026-08-15 09:33:34,138 - ERROR - empty HTML tree: None
2026-08-15 09:33:34,138 - WARNING - discarding data: None
2026-08-15 09:33:34,143 - WARNING - [Wired] FAILED with 'requests_browser' (content was too short: 0 words).
2026-08-15 09:33:34,175 - INFO - [Economic Times] Success with 'selenium_browser'. Found content (615 words).
2026-08-15 09:33:35,860 - INFO - [Wired] Article: https://www.wired.com/story/acer-promo-code/
2026-08-15 09:33:35,860 - INFO - [Wired] Attempt 2/2: Trying with 'selenium_browser' strategy...
2026-08-15 09:33:35,861 - INFO - [The Hindu] Page content loaded.
2026-08-15 09:33:37,225 - ERROR - Error saving article Twitter's India policy head, Mahima Kaul, to step down; will transition in March - The Economic Times: Hrana: `stream error: `Error { message: "SQLite error: UNIQUE constraint failed: articles.url", code: "SQLITE_CONSTRAINT" }``
2026-08-15 09:33:37,287 - INFO - [The Hindu] Success with 'selenium_browser'. Found content (628 words).
2026-08-15 09:33:38,823 - INFO - [Economic Times] Article: https://economictimes.indiatimes.com/tech/tech-and-gadgets/govt-may-keep-rs-7500-cr-outlay-for-it-hardware-manufacturing-under-pli-scheme/articleshow/80333429.cms
2026-08-15 09:33:38,825 - INFO - [Economic Times] Attempt 1/2: Trying with 'requests_browser' strategy...
2026-08-15 09:33:40,385 - INFO - [Wired] Page content loaded.
2026-08-15 09:33:40,385 - INFO - >>> SUCCESSFULLY SAVED [ID: 104796] - Telangana Govt to credit fee reimbursement amounts in advance to avoid hardship to students: CM - The Hindu from The Hindu (628 words)
2026-08-15 09:33:40,392 - ERROR - parsed tree length: 1, wrong data type or not valid HTML
2026-08-15 09:33:40,392 - ERROR - empty HTML tree: None
2026-08-15 09:33:40,392 - WARNING - discarding data: None
2026-08-15 09:33:40,392 - WARNING - [Economic Times] FAILED with 'requests_browser' (content was too short: 0 words).
2026-08-15 09:33:40,674 - INFO - [Wired] Success with 'selenium_browser'. Found content (835 words).
2026-08-15 09:33:42,156 - INFO - [The Hindu] Article: https://www.thehindu.com/news/national/kerala/congress-fighting-nationwide-to-protect-constitution-says-ramesh-chennithala/article71348688.ece
2026-08-15 09:33:42,157 - INFO - [Economic Times] Article: https://economictimes.indiatimes.com/tech/tech-and-gadgets/govt-may-keep-rs-7500-cr-outlay-for-it-hardware-manufacturing-under-pli-scheme/articleshow/80333429.cms
2026-08-15 09:33:42,596 - INFO - [The Hindu] Attempt 1/1: Trying with 'selenium_browser' strategy...
2026-08-15 09:33:42,596 - INFO - [Economic Times] Attempt 2/2: Trying with 'selenium_browser' strategy...
2026-08-15 09:33:43,496 - ERROR - Error saving article Acer Promo Codes: 40% Off | WIRED: Hrana: `stream error: `Error { message: "SQLite error: UNIQUE constraint failed: articles.url", code: "SQLITE_CONSTRAINT" }``
2026-08-15 09:33:44,349 - INFO - [The Hindu] Page content loaded.
2026-08-15 09:33:44,436 - INFO - [The Hindu] Success with 'selenium_browser'. Found content (168 words).
2026-08-15 09:33:46,016 - INFO - [Wired] Early skip: URL https://www.wired.com/story/openai-safety-security-ai-agents-culture/ already exists.
2026-08-15 09:33:46,018 - INFO - [Wired] Early skip: URL https://www.wired.com/story/mark-zuckerbergs-ai-manifesto-is-6500-words-and-barely-says-anything/ already exists.
2026-08-15 09:33:46,456 - INFO - [Wired] Early skip: URL https://www.wired.com/story/the-painful-truth-of-exactly-how-ice-new-shock-gloves-actually-work/ already exists.
2026-08-15 09:33:47,352 - INFO - [Economic Times] Page content loaded.
2026-08-15 09:33:47,353 - INFO - [Wired] Early skip: URL https://www.wired.com/story/novig-says-its-not-like-those-other-prediction-markets/ already exists.
2026-08-15 09:33:47,593 - INFO - [Wired] Early skip: URL https://www.wired.com/gallery/best-samsung-s26-cases-and-accessories/ already exists.
2026-08-15 09:33:47,593 - INFO - >>> SUCCESSFULLY SAVED [ID: 104798] - Congress fighting nationwide to protect Constitution, says Ramesh Chennithala - The Hindu from The Hindu (168 words)
2026-08-15 09:33:47,594 - INFO - [Wired] Early skip: URL https://www.wired.com/story/google-pixelsnap-charger-and-stand-50-percent-off/ already exists.
2026-08-15 09:33:47,598 - INFO - [Wired] Early skip: URL https://www.wired.com/story/heat-wave-schizophrenia/ already exists.
2026-08-15 09:33:47,599 - INFO - [Wired] Early skip: URL https://www.wired.com/story/the-best-android-tablets/ already exists.
2026-08-15 09:33:47,600 - INFO - [Wired] Early skip: URL https://www.wired.com/gallery/best-cooling-mattress/ already exists.
2026-08-15 09:33:47,601 - INFO - [Wired] Early skip: URL https://www.wired.com/story/cbp-workers-allegedly-used-government-databases-to-spy-on-exes-crushes-and-colleagues/ already exists.
2026-08-15 09:33:47,603 - INFO - [Wired] Early skip: URL https://www.wired.com/story/fatty-liver-disease-ai-detection-cancer/ already exists.
2026-08-15 09:33:47,604 - INFO - [Wired] Early skip: URL https://www.wired.com/gallery/the-best-cooling-mattresses-for-hot-sleepers-1/ already exists.
2026-08-15 09:33:47,605 - INFO - [Wired] Article: https://www.wired.com/story/priceline-promo-code/
2026-08-15 09:33:47,606 - INFO - [Wired] Attempt 1/2: Trying with 'requests_browser' strategy...
2026-08-15 09:33:47,784 - ERROR - parsed tree length: 1, wrong data type or not valid HTML
2026-08-15 09:33:47,784 - ERROR - empty HTML tree: None
2026-08-15 09:33:47,785 - WARNING - discarding data: None
2026-08-15 09:33:47,785 - WARNING - [Wired] FAILED with 'requests_browser' (content was too short: 0 words).
2026-08-15 09:33:48,352 - INFO - [Wired] Article: https://www.wired.com/story/priceline-promo-code/
2026-08-15 09:33:48,352 - INFO - [Wired] Attempt 2/2: Trying with 'selenium_browser' strategy...
2026-08-15 09:33:48,787 - INFO - [The Hindu] Article: https://www.thehindu.com/news/national/jammu-and-kashmir/mehbooba-asks-centre-to-reflect-if-india-has-lived-up-to-constitutions-vision/article71348838.ece
2026-08-15 09:33:48,787 - INFO - [The Hindu] Attempt 1/1: Trying with 'selenium_browser' strategy...
2026-08-15 09:33:52,369 - INFO - [The Hindu] Page content loaded.
2026-08-15 09:33:52,437 - INFO - [Economic Times] Success with 'selenium_browser'. Found content (481 words).
2026-08-15 09:33:55,480 - ERROR - Error saving article Govt may keep Rs 7,500 cr outlay for IT hardware manufacturing under PLI scheme - The Economic Times: Hrana: `stream error: `Error { message: "SQLite error: UNIQUE constraint failed: articles.url", code: "SQLITE_CONSTRAINT" }``
2026-08-15 09:33:55,519 - INFO - [Wired] Page content loaded.
2026-08-15 09:33:55,997 - INFO - [Wired] Success with 'selenium_browser'. Found content (1333 words).
2026-08-15 09:33:58,045 - INFO - [Economic Times] Article: https://economictimes.indiatimes.com/tech/technology/indian-dating-apps-services-see-surge-of-paying-users-in-small-cities/articleshow/80063342.cms
2026-08-15 09:33:58,050 - INFO - [Economic Times] Attempt 1/2: Trying with 'requests_browser' strategy...
2026-08-15 09:33:58,972 - ERROR - Error saving article Priceline Promo Codes & Coupons: 10% Off August 2026 | WIRED: Hrana: `stream error: `Error { message: "SQLite error: UNIQUE constraint failed: articles.url", code: "SQLITE_CONSTRAINT" }``
2026-08-15 09:33:58,988 - ERROR - parsed tree length: 1, wrong data type or not valid HTML
2026-08-15 09:33:58,988 - ERROR - empty HTML tree: None
2026-08-15 09:33:58,988 - WARNING - discarding data: None
2026-08-15 09:33:58,988 - WARNING - [Economic Times] FAILED with 'requests_browser' (content was too short: 0 words).
2026-08-15 09:33:59,070 - WARNING - [The Hindu] FAILED with 'selenium_browser' (content was too short: 75 words).
2026-08-15 09:33:59,072 - ERROR - [The Hindu] All scrape strategies failed for https://www.thehindu.com/news/national/jammu-and-kashmir/mehbooba-asks-centre-to-reflect-if-india-has-lived-up-to-constitutions-vision/article71348838.ece. Falling back to RSS description.
2026-08-15 09:33:59,072 - WARNING - SKIPPED (GLOBAL WORD LIMIT): Article 'Mehbooba asks Centre to reflect if India has lived up to Constitution’s vision' from The Hindu has only 37 words (Min: 90).
2026-08-15 09:33:59,671 - INFO - [Economic Times] Article: https://economictimes.indiatimes.com/tech/technology/indian-dating-apps-services-see-surge-of-paying-users-in-small-cities/articleshow/80063342.cms
2026-08-15 09:33:59,672 - INFO - [Economic Times] Attempt 2/2: Trying with 'selenium_browser' strategy...
2026-08-15 09:33:59,834 - INFO - [The Hindu] Article: https://www.thehindu.com/news/national/independence-day-2026-key-announcements-in-pm-modi-iday-speech/article71348593.ece
2026-08-15 09:33:59,835 - INFO - [The Hindu] Attempt 1/1: Trying with 'selenium_browser' strategy...
2026-08-15 09:33:59,989 - INFO - [Wired] Article: https://www.wired.com/story/naturepedic-promo-code/
2026-08-15 09:33:59,989 - INFO - [Wired] Attempt 1/2: Trying with 'requests_browser' strategy...
2026-08-15 09:34:00,113 - ERROR - parsed tree length: 1, wrong data type or not valid HTML
2026-08-15 09:34:00,113 - ERROR - empty HTML tree: None
2026-08-15 09:34:00,113 - WARNING - discarding data: None
2026-08-15 09:34:00,113 - WARNING - [Wired] FAILED with 'requests_browser' (content was too short: 0 words).
2026-08-15 09:34:00,494 - INFO - [Economic Times] Page content loaded.
2026-08-15 09:34:00,717 - WARNING - [Economic Times] FAILED with 'selenium_browser' (content was too short: 84 words).
2026-08-15 09:34:00,717 - ERROR - [Economic Times] All scrape strategies failed for https://economictimes.indiatimes.com/tech/technology/indian-dating-apps-services-see-surge-of-paying-users-in-small-cities/articleshow/80063342.cms. Falling back to RSS description.
2026-08-15 09:34:00,717 - WARNING - SKIPPED (GLOBAL WORD LIMIT): Article 'Indian dating apps, services see surge of paying users in small cities ' from Economic Times has only 54 words (Min: 90).
2026-08-15 09:34:00,922 - INFO - [The Hindu] Page content loaded.
2026-08-15 09:34:00,976 - INFO - [Wired] Article: https://www.wired.com/story/naturepedic-promo-code/
2026-08-15 09:34:00,977 - INFO - [Wired] Attempt 2/2: Trying with 'selenium_browser' strategy...
2026-08-15 09:34:01,815 - INFO - [Economic Times] Article: https://economictimes.indiatimes.com/tech/technology/time-for-govt-cos-to-adopt-ai-deloitte-india/articleshow/79981215.cms
2026-08-15 09:34:01,815 - INFO - [Economic Times] Attempt 1/2: Trying with 'requests_browser' strategy...
2026-08-15 09:34:02,149 - ERROR - parsed tree length: 1, wrong data type or not valid HTML
2026-08-15 09:34:02,149 - ERROR - empty HTML tree: None
2026-08-15 09:34:02,149 - WARNING - discarding data: None
2026-08-15 09:34:02,149 - WARNING - [Economic Times] FAILED with 'requests_browser' (content was too short: 0 words).
2026-08-15 09:34:02,889 - INFO - [Economic Times] Article: https://economictimes.indiatimes.com/tech/technology/time-for-govt-cos-to-adopt-ai-deloitte-india/articleshow/79981215.cms
2026-08-15 09:34:02,890 - INFO - [Economic Times] Attempt 2/2: Trying with 'selenium_browser' strategy...
2026-08-15 09:34:05,197 - INFO - [Economic Times] Page content loaded.
2026-08-15 09:34:05,766 - WARNING - [Economic Times] FAILED with 'selenium_browser' (content was too short: 74 words).
2026-08-15 09:34:05,766 - ERROR - [Economic Times] All scrape strategies failed for https://economictimes.indiatimes.com/tech/technology/time-for-govt-cos-to-adopt-ai-deloitte-india/articleshow/79981215.cms. Falling back to RSS description.
2026-08-15 09:34:05,767 - WARNING - SKIPPED (GLOBAL WORD LIMIT): Article 'Time for government, companies to adopt artificial intelligence: Deloitte India ' from Economic Times has only 49 words (Min: 90).
2026-08-15 09:34:06,269 - INFO - [Economic Times] Article: https://economictimes.indiatimes.com/news/international/world-news/trump-announces-a-deal-for-hamas-to-disarm-in-gaza-but-many-hurdles-and-uncertainty-remain/articleshow/132753009.cms
2026-08-15 09:34:06,269 - INFO - [Economic Times] Attempt 1/2: Trying with 'requests_browser' strategy...
2026-08-15 09:34:06,642 - INFO - [Economic Times] Success with 'requests_browser'. Found content (1285 words).
2026-08-15 09:34:06,736 - INFO - [Wired] Page content loaded.
2026-08-15 09:34:09,836 - ERROR - Error saving article Trump announces a deal for Hamas to disarm in Gaza, but many hurdles and uncertainty remain - The Economic Times: Hrana: `stream error: `Error { message: "SQLite error: UNIQUE constraint failed: articles.url", code: "SQLITE_CONSTRAINT" }``
2026-08-15 09:34:09,903 - INFO - [The Hindu] Success with 'selenium_browser'. Found content (781 words).
2026-08-15 09:34:10,102 - INFO - [Wired] Success with 'selenium_browser'. Found content (633 words).
2026-08-15 09:34:12,046 - INFO - [Economic Times] Article: https://economictimes.indiatimes.com/news/new-updates/in-1943-us-built-an-entire-city-and-it-didnt-exist-on-a-single-map/articleshow/132659427.cms
2026-08-15 09:34:12,047 - INFO - [Economic Times] Attempt 1/2: Trying with 'requests_browser' strategy...
2026-08-15 09:34:13,171 - INFO - >>> SUCCESSFULLY SAVED [ID: 104802] - Independence Day 2026: What were the key announcements in PM Modi's I-Day speech? - The Hindu from The Hindu (781 words)
2026-08-15 09:34:13,206 - INFO - [Economic Times] Success with 'requests_browser'. Found content (688 words).
2026-08-15 09:34:14,608 - INFO - [The Hindu] Article: https://www.thehindu.com/news/national/telangana/notices-to-43-medical-shops-in-telangana-over-sale-of-mounjaro-ozempic-without-prescription/article71348448.ece
2026-08-15 09:34:15,045 - INFO - [The Hindu] Attempt 1/1: Trying with 'selenium_browser' strategy...
2026-08-15 09:34:15,953 - ERROR - Error saving article Naturepedic Promo Codes: Get 20% Off Plus Free Pillows | WIRED: Hrana: `stream error: `Error { message: "SQLite error: UNIQUE constraint failed: articles.url", code: "SQLITE_CONSTRAINT" }``
2026-08-15 09:34:17,815 - INFO - [Wired] Article: https://www.wired.com/story/bose-coupon-code/
2026-08-15 09:34:17,815 - INFO - [Wired] Attempt 1/2: Trying with 'requests_browser' strategy...
2026-08-15 09:34:18,746 - ERROR - Error saving article In 1943, US built an entire city, and it didn't exist on a single map - The Economic Times: Hrana: `stream error: `Error { message: "SQLite error: UNIQUE constraint failed: articles.url", code: "SQLITE_CONSTRAINT" }``
2026-08-15 09:34:18,772 - ERROR - parsed tree length: 1, wrong data type or not valid HTML
2026-08-15 09:34:18,772 - ERROR - empty HTML tree: None
2026-08-15 09:34:18,772 - WARNING - discarding data: None
2026-08-15 09:34:18,772 - WARNING - [Wired] FAILED with 'requests_browser' (content was too short: 0 words).
2026-08-15 09:34:19,474 - INFO - [Wired] Article: https://www.wired.com/story/bose-coupon-code/
2026-08-15 09:34:19,474 - INFO - [Wired] Attempt 2/2: Trying with 'selenium_browser' strategy...
2026-08-15 09:34:19,649 - INFO - [Economic Times] Article: https://economictimes.indiatimes.com/news/new-updates/humans-have-a-third-eye-in-the-brain-study-links-it-to-a-600-million-year-old-cyclops-ancestor/articleshow/132655441.cms
2026-08-15 09:34:19,649 - INFO - [Economic Times] Attempt 1/2: Trying with 'requests_browser' strategy...
2026-08-15 09:34:20,098 - INFO - [Economic Times] Success with 'requests_browser'. Found content (593 words).
2026-08-15 09:34:23,053 - ERROR - Error saving article Humans have a 'third eye' in the brain: Study links it to a 600-million-year-old Cyclops ancestor - The Economic Times: Hrana: `stream error: `Error { message: "SQLite error: UNIQUE constraint failed: articles.url", code: "SQLITE_CONSTRAINT" }``
2026-08-15 09:34:23,061 - INFO - [Wired] Page content loaded.
2026-08-15 09:34:23,374 - INFO - [Wired] Success with 'selenium_browser'. Found content (649 words).
2026-08-15 09:34:24,869 - WARNING - [The Hindu] Page get timed out (7s). Proceeding to grab partial source anyway.
2026-08-15 09:34:24,870 - INFO - [Economic Times] Article: https://economictimes.indiatimes.com/news/new-updates/1500-ships-trapped-in-gulf-of-hormuz-is-quietly-multiplying-an-underwater-army-that-could-unleash-worlds-biggest-bioinvasion-event/articleshow/132595366.cms
2026-08-15 09:34:24,870 - INFO - [Economic Times] Attempt 1/2: Trying with 'requests_browser' strategy...
2026-08-15 09:34:25,315 - INFO - [The Hindu] Page content loaded.
2026-08-15 09:34:26,203 - ERROR - Error saving article Bose Promo Code: 40% Off for August 2026 | WIRED: Hrana: `stream error: `Error { message: "SQLite error: UNIQUE constraint failed: articles.url", code: "SQLITE_CONSTRAINT" }``
2026-08-15 09:34:26,256 - INFO - [The Hindu] Success with 'selenium_browser'. Found content (272 words).
2026-08-15 09:34:26,334 - INFO - [Economic Times] Success with 'requests_browser'. Found content (687 words).
2026-08-15 09:34:27,764 - INFO - [Wired] Article: https://www.wired.com/story/herman-miller-promo-code/
2026-08-15 09:34:28,204 - INFO - [Wired] Attempt 1/2: Trying with 'requests_browser' strategy...
2026-08-15 09:34:29,353 - INFO - >>> SUCCESSFULLY SAVED [ID: 104807] - Notices to 43 medical shops in Telangana over sale of Mounjaro, Ozempic without prescription - The Hindu from The Hindu (272 words)
2026-08-15 09:34:29,367 - ERROR - parsed tree length: 1, wrong data type or not valid HTML
2026-08-15 09:34:29,367 - ERROR - empty HTML tree: None
2026-08-15 09:34:29,367 - WARNING - discarding data: None
2026-08-15 09:34:29,367 - WARNING - [Wired] FAILED with 'requests_browser' (content was too short: 0 words).
2026-08-15 09:34:30,760 - INFO - [The Hindu] Article: https://www.thehindu.com/news/national/andhra-pradesh/ap-witnessing-significant-progress-with-initiatives-of-government-minister-for-msme-kondapalli-srinivas/article71348589.ece
2026-08-15 09:34:30,760 - INFO - [Wired] Article: https://www.wired.com/story/herman-miller-promo-code/
2026-08-15 09:34:31,202 - INFO - [The Hindu] Attempt 1/1: Trying with 'selenium_browser' strategy...
2026-08-15 09:34:31,202 - INFO - [Wired] Attempt 2/2: Trying with 'selenium_browser' strategy...
2026-08-15 09:34:32,118 - ERROR - Error saving article 1,500 ships trapped in Gulf of Hormuz are quietly multiplying an underwater army that could unleash World's biggest bioinvasion event - The Economic Times: Hrana: `stream error: `Error { message: "SQLite error: UNIQUE constraint failed: articles.url", code: "SQLITE_CONSTRAINT" }``
2026-08-15 09:34:33,277 - INFO - [Economic Times] Article: https://economictimes.indiatimes.com/news/new-updates/argentina-vs-spain-fifa-world-cup-final-to-be-replayed-petition-for-a-rematch-crosses-60000-signatures/articleshow/132576024.cms
2026-08-15 09:34:33,277 - INFO - [Economic Times] Attempt 1/2: Trying with 'requests_browser' strategy...
2026-08-15 09:34:33,487 - INFO - [Wired] Page content loaded.
2026-08-15 09:34:33,668 - INFO - [Economic Times] Success with 'requests_browser'. Found content (228 words).
2026-08-15 09:34:36,591 - ERROR - Error saving article Argentina vs Spain FIFA World Cup Final to be replayed? Petition for a rematch crosses 60,000 signatures - The Economic Times: Hrana: `stream error: `Error { message: "SQLite error: UNIQUE constraint failed: articles.url", code: "SQLITE_CONSTRAINT" }``
2026-08-15 09:34:36,649 - INFO - [Wired] Success with 'selenium_browser'. Found content (669 words).
2026-08-15 09:34:38,360 - INFO - [Economic Times] Article: https://economictimes.indiatimes.com/news/new-updates/he-baked-potato-in-aluminium-foil-and-ate-it-next-morning-after-microwaving-it-hours-later-he-was-paralysed-doctor-explains-why/articleshow/132574269.cms
2026-08-15 09:34:38,360 - INFO - [Economic Times] Attempt 1/2: Trying with 'requests_browser' strategy...
2026-08-15 09:34:39,679 - ERROR - Error saving article Herman Miller Promo Codes: 40% Off August 2026 | WIRED: Hrana: `stream error: `Error { message: "SQLite error: UNIQUE constraint failed: articles.url", code: "SQLITE_CONSTRAINT" }``
2026-08-15 09:34:39,713 - INFO - [Economic Times] Success with 'requests_browser'. Found content (558 words).
2026-08-15 09:34:41,188 - INFO - [Wired] Article: https://www.wired.com/story/factor-promo-code/
2026-08-15 09:34:41,625 - INFO - [Wired] Attempt 1/2: Trying with 'requests_browser' strategy...
2026-08-15 09:34:42,508 - ERROR - Error saving article He baked potato in aluminium foil, and ate it next morning after microwaving. Hours later, he was paralysed, doctor explains why - The Economic Times: Hrana: `stream error: `Error { message: "SQLite error: UNIQUE constraint failed: articles.url", code: "SQLITE_CONSTRAINT" }``
2026-08-15 09:34:42,519 - ERROR - parsed tree length: 1, wrong data type or not valid HTML
2026-08-15 09:34:42,520 - ERROR - empty HTML tree: None
2026-08-15 09:34:42,520 - WARNING - discarding data: None
2026-08-15 09:34:42,520 - WARNING - [Wired] FAILED with 'requests_browser' (content was too short: 0 words).
2026-08-15 09:34:43,221 - INFO - [Wired] Article: https://www.wired.com/story/factor-promo-code/
2026-08-15 09:34:43,222 - INFO - [Wired] Attempt 2/2: Trying with 'selenium_browser' strategy...
2026-08-15 09:34:43,563 - INFO - [Economic Times] Article: https://economictimes.indiatimes.com/news/elections/assembly-elections/assam/done-deal-cm-himanta-biswa-sarma-on-nda-seat-sharing-for-assam-polls/articleshow/128678098.cms
2026-08-15 09:34:43,563 - INFO - [Economic Times] Attempt 1/2: Trying with 'requests_browser' strategy...
2026-08-15 09:34:43,860 - INFO - [Economic Times] Success with 'requests_browser'. Found content (518 words).
2026-08-15 09:34:46,673 - ERROR - Error saving article 'Done deal': CM Himanta Biswa Sarma on NDA seat-sharing for Assam polls - The Economic Times: Hrana: `stream error: `Error { message: "SQLite error: UNIQUE constraint failed: articles.url", code: "SQLITE_CONSTRAINT" }``
2026-08-15 09:34:46,678 - INFO - [Wired] Page content loaded.
2026-08-15 09:34:46,689 - WARNING - [The Hindu] Page get timed out (7s). Proceeding to grab partial source anyway.
2026-08-15 09:34:46,943 - INFO - [Wired] Success with 'selenium_browser'. Found content (713 words).
2026-08-15 09:34:48,381 - INFO - [Economic Times] Article: https://economictimes.indiatimes.com/news/elections/assembly-elections/bihar/rare-intensive-revision-in-bihar-four-months-before-polls/articleshow/122167501.cms
2026-08-15 09:34:48,818 - INFO - [Economic Times] Attempt 1/2: Trying with 'requests_browser' strategy...
2026-08-15 09:34:49,728 - ERROR - Error saving article Factor Promo Code: 50% Off Off Meal Prep | WIRED: Hrana: `stream error: `Error { message: "SQLite error: UNIQUE constraint failed: articles.url", code: "SQLITE_CONSTRAINT" }``
2026-08-15 09:34:49,760 - INFO - [Economic Times] Success with 'requests_browser'. Found content (864 words).
2026-08-15 09:34:51,204 - INFO - [Wired] Article: https://www.wired.com/story/castlery-promo-code/
2026-08-15 09:34:51,650 - INFO - [Wired] Attempt 1/2: Trying with 'requests_browser' strategy...
2026-08-15 09:34:52,539 - ERROR - Error saving article Rare 'intensive' revision in Bihar four months before polls - The Economic Times: Hrana: `stream error: `Error { message: "SQLite error: UNIQUE constraint failed: articles.url", code: "SQLITE_CONSTRAINT" }``
2026-08-15 09:34:52,551 - ERROR - parsed tree length: 1, wrong data type or not valid HTML
2026-08-15 09:34:52,551 - ERROR - empty HTML tree: None
2026-08-15 09:34:52,551 - WARNING - discarding data: None
2026-08-15 09:34:52,551 - WARNING - [Wired] FAILED with 'requests_browser' (content was too short: 0 words).
2026-08-15 09:34:53,180 - INFO - [Wired] Article: https://www.wired.com/story/castlery-promo-code/
2026-08-15 09:34:53,180 - INFO - [Wired] Attempt 2/2: Trying with 'selenium_browser' strategy...
2026-08-15 09:34:53,295 - INFO - [Economic Times] Article: https://economictimes.indiatimes.com/news/elections/assembly-elections/delhi/bjp-accuses-kejriwal-of-sending-voters-hoax-calls-to-mislead/articleshow/117579007.cms
2026-08-15 09:34:53,295 - INFO - [Economic Times] Attempt 1/2: Trying with 'requests_browser' strategy...
2026-08-15 09:34:53,637 - INFO - [Economic Times] Success with 'requests_browser'. Found content (550 words).
2026-08-15 09:34:53,704 - WARNING - [The Hindu] Page explicit wait timed out (3s). Proceeding anyway.
2026-08-15 09:34:56,410 - INFO - [Wired] Page content loaded.
2026-08-15 09:34:56,411 - ERROR - Error saving article BJP accuses Kejriwal of sending voters hoax calls to mislead - The Economic Times: Hrana: `stream error: `Error { message: "SQLite error: UNIQUE constraint failed: articles.url", code: "SQLITE_CONSTRAINT" }``
2026-08-15 09:34:56,680 - INFO - [Wired] Success with 'selenium_browser'. Found content (800 words).
2026-08-15 09:34:58,135 - INFO - [Economic Times] Article: https://economictimes.indiatimes.com/news/elections/lok-sabha/india/lok-sabha-election-2024-maharashtra-get-interesting-after-splits-in-shiv-sena-ncp/articleshow/108559788.cms
2026-08-15 09:34:58,135 - INFO - [Economic Times] Attempt 1/2: Trying with 'requests_browser' strategy...
2026-08-15 09:34:59,475 - ERROR - Error saving article Castlery Promo Codes: 15% Off for August 2026 | WIRED: Hrana: `stream error: `Error { message: "SQLite error: UNIQUE constraint failed: articles.url", code: "SQLITE_CONSTRAINT" }``
2026-08-15 09:34:59,497 - INFO - [Economic Times] Success with 'requests_browser'. Found content (1442 words).
2026-08-15 09:35:00,928 - INFO - [Wired] Article: https://www.wired.com/story/hostgator-coupon/
2026-08-15 09:35:00,928 - ERROR - [The Hindu] Request failed for strategy 'selenium_browser' on URL https://www.thehindu.com/news/national/andhra-pradesh/ap-witnessing-significant-progress-with-initiatives-of-government-minister-for-msme-kondapalli-srinivas/article71348589.ece: Message: timeout: Timed out receiving message from renderer: 7.000
  (Session info: chrome=152.0.7977.42)
Stacktrace:
#0 0x55a8cdee62ca <unknown>
#1 0x55a8cd849b39 <unknown>
#2 0x55a8cd8315bb <unknown>
#3 0x55a8cd831236 <unknown>
#4 0x55a8cd82ee18 <unknown>
#5 0x55a8cd82f79f <unknown>
#6 0x55a8cd83e880 <unknown>
#7 0x55a8cd8587b7 <unknown>
#8 0x55a8cd86019b <unknown>
#9 0x55a8cd82fef9 <unknown>
#10 0x55a8cd858512 <unknown>
#11 0x55a8cd8e7b26 <unknown>
#12 0x55a8cd892ecb <unknown>
#13 0x55a8cd893cb1 <unknown>
#14 0x55a8cdeaa7f0 <unknown>
#15 0x55a8cdea8e6a <unknown>
#16 0x55a8cde93bb5 <unknown>
#17 0x55a8cdea9b2a <unknown>
#18 0x55a8cde7cdf0 <unknown>
#19 0x55a8cded1238 <unknown>
#20 0x55a8cded13d5 <unknown>
#21 0x55a8cdee4e53 <unknown>
#22 0x7f088809cb84 <unknown>
#23 0x7f0888129d6c <unknown>

2026-08-15 09:35:01,365 - INFO - [Wired] Attempt 1/2: Trying with 'requests_browser' strategy...
2026-08-15 09:35:01,366 - ERROR - [The Hindu] All scrape strategies failed for https://www.thehindu.com/news/national/andhra-pradesh/ap-witnessing-significant-progress-with-initiatives-of-government-minister-for-msme-kondapalli-srinivas/article71348589.ece. Falling back to RSS description.
2026-08-15 09:35:02,277 - ERROR - Error saving article Lok Sabha election 2024: Maharashtra get interesting after splits in Shiv Sena, NCP - The Economic Times: Hrana: `stream error: `Error { message: "SQLite error: UNIQUE constraint failed: articles.url", code: "SQLITE_CONSTRAINT" }``
2026-08-15 09:35:02,279 - WARNING - SKIPPED (GLOBAL WORD LIMIT): Article 'A.P. witnessing significant progress with initiatives of government: Minister for MSME Kondapalli Srinivas' from The Hindu has only 27 words (Min: 90).
2026-08-15 09:35:02,439 - ERROR - parsed tree length: 1, wrong data type or not valid HTML
2026-08-15 09:35:02,439 - ERROR - empty HTML tree: None
2026-08-15 09:35:02,439 - WARNING - discarding data: None
2026-08-15 09:35:02,439 - WARNING - [Wired] FAILED with 'requests_browser' (content was too short: 0 words).
2026-08-15 09:35:03,123 - INFO - [The Hindu] Early skip: URL https://www.thehindu.com/news/national/kerala/kerala-govt-announces-bonus-festival-allowance-ahead-of-onam/article71348515.ece already exists.
2026-08-15 09:35:03,125 - INFO - [The Hindu] Article: https://www.thehindu.com/news/national/assam/avoid-blame-game-on-assam-floods-says-nagaland-coal-miners-body/article71348721.ece
2026-08-15 09:35:03,125 - INFO - [The Hindu] Attempt 1/1: Trying with 'selenium_browser' strategy...
2026-08-15 09:35:03,386 - INFO - [Wired] Article: https://www.wired.com/story/hostgator-coupon/
2026-08-15 09:35:03,386 - INFO - [Wired] Attempt 2/2: Trying with 'selenium_browser' strategy...
2026-08-15 09:35:03,598 - INFO - [Economic Times] Article: https://economictimes.indiatimes.com/news/elections/lok-sabha/india/modi-charisma-key-factor-in-bjps-bid-to-retain-all-26-seats-in-gujarat/articleshow/108550858.cms
2026-08-15 09:35:03,598 - INFO - [Economic Times] Attempt 1/2: Trying with 'requests_browser' strategy...
2026-08-15 09:35:03,923 - INFO - [Economic Times] Success with 'requests_browser'. Found content (838 words).
2026-08-15 09:35:06,713 - INFO - [Wired] Page content loaded.
2026-08-15 09:35:06,713 - ERROR - Error saving article Modi charisma key factor in BJP's bid to retain all 26 seats in Gujarat - The Economic Times: Hrana: `stream error: `Error { message: "SQLite error: UNIQUE constraint failed: articles.url", code: "SQLITE_CONSTRAINT" }``
2026-08-15 09:35:06,961 - INFO - [Wired] Success with 'selenium_browser'. Found content (1003 words).
2026-08-15 09:35:08,437 - INFO - [Economic Times] Article: https://economictimes.indiatimes.com/news/elections/lok-sabha/india/implementation-of-guarantees-decline-of-brs-favour-congress-in-telangana-bjp-aiming-for-better-show/articleshow/108548569.cms
2026-08-15 09:35:08,874 - INFO - [Economic Times] Attempt 1/2: Trying with 'requests_browser' strategy...
2026-08-15 09:35:09,854 - ERROR - Error saving article HostGator Coupon Codes: 76% Off Hosting in August 2026 | WIRED: Hrana: `stream error: `Error { message: "SQLite error: UNIQUE constraint failed: articles.url", code: "SQLITE_CONSTRAINT" }``
2026-08-15 09:35:09,879 - INFO - [Economic Times] Success with 'requests_browser'. Found content (1272 words).
2026-08-15 09:35:11,764 - INFO - [Wired] Article: https://www.wired.com/story/visible-promo-code/
2026-08-15 09:35:12,664 - ERROR - Error saving article Implementation of 'guarantees', decline of BRS favour Congress in Telangana, BJP aiming for better show - The Economic Times: Hrana: `stream error: `Error { message: "SQLite error: UNIQUE constraint failed: articles.url", code: "SQLITE_CONSTRAINT" }``
2026-08-15 09:35:12,664 - INFO - [Wired] Attempt 1/2: Trying with 'requests_browser' strategy...
2026-08-15 09:35:12,794 - ERROR - parsed tree length: 1, wrong data type or not valid HTML
2026-08-15 09:35:12,794 - ERROR - empty HTML tree: None
2026-08-15 09:35:12,794 - WARNING - discarding data: None
2026-08-15 09:35:12,794 - WARNING - [Wired] FAILED with 'requests_browser' (content was too short: 0 words).
2026-08-15 09:35:13,232 - INFO - [Economic Times] Article: https://economictimes.indiatimes.com/traders-bet-on-calendar-spread-as-nifty-moves-in-a-tight-range/articleshow/6302358.cms
2026-08-15 09:35:13,232 - INFO - [Economic Times] Attempt 1/2: Trying with 'requests_browser' strategy...
2026-08-15 09:35:13,596 - ERROR - parsed tree length: 1, wrong data type or not valid HTML
2026-08-15 09:35:13,596 - ERROR - empty HTML tree: None
2026-08-15 09:35:13,596 - WARNING - discarding data: None
2026-08-15 09:35:13,596 - WARNING - [Economic Times] FAILED with 'requests_browser' (content was too short: 0 words).
2026-08-15 09:35:13,768 - INFO - [Wired] Article: https://www.wired.com/story/visible-promo-code/
2026-08-15 09:35:13,768 - INFO - [Wired] Attempt 2/2: Trying with 'selenium_browser' strategy...
2026-08-15 09:35:14,296 - INFO - [Economic Times] Article: https://economictimes.indiatimes.com/traders-bet-on-calendar-spread-as-nifty-moves-in-a-tight-range/articleshow/6302358.cms
2026-08-15 09:35:14,296 - INFO - [Economic Times] Attempt 2/2: Trying with 'selenium_browser' strategy...
2026-08-15 09:35:15,097 - INFO - [Wired] Page content loaded.
2026-08-15 09:35:15,721 - INFO - [Wired] Success with 'selenium_browser'. Found content (592 words).
2026-08-15 09:35:18,571 - ERROR - Error saving article Visible Promo Codes and Coupons for August 2026 | WIRED: Hrana: `stream error: `Error { message: "SQLite error: UNIQUE constraint failed: articles.url", code: "SQLITE_CONSTRAINT" }``
2026-08-15 09:35:18,571 - INFO - [Economic Times] Page content loaded.
2026-08-15 09:35:19,020 - INFO - [Economic Times] Success with 'selenium_browser'. Found content (411 words).
2026-08-15 09:35:20,982 - INFO - [Wired] Article: https://www.wired.com/story/alo-yoga-discount-code/
2026-08-15 09:35:20,985 - WARNING - [The Hindu] Page get timed out (7s). Proceeding to grab partial source anyway.
2026-08-15 09:35:21,875 - INFO - [Wired] Attempt 1/2: Trying with 'requests_browser' strategy...
2026-08-15 09:35:21,875 - ERROR - Error saving article Traders bet on calendar spread as Nifty moves in a tight range - The Economic Times: Hrana: `stream error: `Error { message: "SQLite error: UNIQUE constraint failed: articles.url", code: "SQLITE_CONSTRAINT" }``
2026-08-15 09:35:22,004 - ERROR - parsed tree length: 1, wrong data type or not valid HTML
2026-08-15 09:35:22,004 - ERROR - empty HTML tree: None
2026-08-15 09:35:22,004 - WARNING - discarding data: None
2026-08-15 09:35:22,004 - WARNING - [Wired] FAILED with 'requests_browser' (content was too short: 0 words).
2026-08-15 09:35:22,700 - INFO - [Wired] Article: https://www.wired.com/story/alo-yoga-discount-code/
2026-08-15 09:35:22,700 - INFO - [Wired] Attempt 2/2: Trying with 'selenium_browser' strategy...
2026-08-15 09:35:22,730 - INFO - [Economic Times] Article: https://economictimes.indiatimes.com/nifty-may-find-support-at-5300-level/articleshow/6296017.cms
2026-08-15 09:35:22,730 - INFO - [Economic Times] Attempt 1/2: Trying with 'requests_browser' strategy...
2026-08-15 09:35:23,009 - ERROR - parsed tree length: 1, wrong data type or not valid HTML
2026-08-15 09:35:23,010 - ERROR - empty HTML tree: None
2026-08-15 09:35:23,010 - WARNING - discarding data: None
2026-08-15 09:35:23,010 - WARNING - [Economic Times] FAILED with 'requests_browser' (content was too short: 0 words).
2026-08-15 09:35:23,868 - INFO - [Economic Times] Article: https://economictimes.indiatimes.com/nifty-may-find-support-at-5300-level/articleshow/6296017.cms
2026-08-15 09:35:23,869 - INFO - [Economic Times] Attempt 2/2: Trying with 'selenium_browser' strategy...
2026-08-15 09:35:24,232 - INFO - [Wired] Page content loaded.
2026-08-15 09:35:24,804 - INFO - [Wired] Success with 'selenium_browser'. Found content (924 words).
2026-08-15 09:35:26,372 - INFO - [Economic Times] Page content loaded.
2026-08-15 09:35:27,704 - ERROR - Error saving article Alo Discount Code: 20% Off August 2026 | WIRED: Hrana: `stream error: `Error { message: "SQLite error: UNIQUE constraint failed: articles.url", code: "SQLITE_CONSTRAINT" }``
2026-08-15 09:35:27,746 - INFO - [Economic Times] Success with 'selenium_browser'. Found content (773 words).
2026-08-15 09:35:29,329 - INFO - [Wired] Article: https://www.wired.com/story/jabra-promo-codes-coupons/
2026-08-15 09:35:29,329 - INFO - [Wired] Attempt 1/2: Trying with 'requests_browser' strategy...
2026-08-15 09:35:29,774 - WARNING - [The Hindu] Page explicit wait timed out (3s). Proceeding anyway.
2026-08-15 09:35:30,656 - ERROR - Error saving article Nifty may find support at 5300 level - The Economic Times: Hrana: `stream error: `Error { message: "SQLite error: UNIQUE constraint failed: articles.url", code: "SQLITE_CONSTRAINT" }``
2026-08-15 09:35:30,667 - ERROR - parsed tree length: 1, wrong data type or not valid HTML
2026-08-15 09:35:30,667 - ERROR - empty HTML tree: None
2026-08-15 09:35:30,667 - WARNING - discarding data: None
2026-08-15 09:35:30,667 - WARNING - [Wired] FAILED with 'requests_browser' (content was too short: 0 words).
2026-08-15 09:35:31,319 - INFO - [Economic Times] Article: https://economictimes.indiatimes.com/seven-out-of-top-10-asian-small-cap-funds-are-indian/articleshow/6295976.cms
2026-08-15 09:35:31,319 - INFO - [Economic Times] Attempt 1/2: Trying with 'requests_browser' strategy...
2026-08-15 09:35:31,461 - INFO - [Wired] Article: https://www.wired.com/story/jabra-promo-codes-coupons/
2026-08-15 09:35:31,461 - INFO - [Wired] Attempt 2/2: Trying with 'selenium_browser' strategy...
2026-08-15 09:35:31,617 - ERROR - parsed tree length: 1, wrong data type or not valid HTML
2026-08-15 09:35:31,617 - ERROR - empty HTML tree: None
2026-08-15 09:35:31,617 - WARNING - discarding data: None
2026-08-15 09:35:31,617 - WARNING - [Economic Times] FAILED with 'requests_browser' (content was too short: 0 words).
2026-08-15 09:35:32,259 - INFO - [Economic Times] Article: https://economictimes.indiatimes.com/seven-out-of-top-10-asian-small-cap-funds-are-indian/articleshow/6295976.cms
2026-08-15 09:35:32,259 - INFO - [Economic Times] Attempt 2/2: Trying with 'selenium_browser' strategy...
2026-08-15 09:35:33,115 - INFO - [Wired] Page content loaded.
2026-08-15 09:35:33,557 - INFO - [Wired] Success with 'selenium_browser'. Found content (702 words).
2026-08-15 09:35:36,405 - INFO - [Economic Times] Page content loaded.
2026-08-15 09:35:36,406 - ERROR - Error saving article Jabra Promo Codes: 30% Off Headphones, Headsets & More | WIRED: Hrana: `stream error: `Error { message: "SQLite error: UNIQUE constraint failed: articles.url", code: "SQLITE_CONSTRAINT" }``
2026-08-15 09:35:36,615 - INFO - [Economic Times] Success with 'selenium_browser'. Found content (607 words).
2026-08-15 09:35:36,985 - ERROR - [The Hindu] Request failed for strategy 'selenium_browser' on URL https://www.thehindu.com/news/national/assam/avoid-blame-game-on-assam-floods-says-nagaland-coal-miners-body/article71348721.ece: Message: timeout: Timed out receiving message from renderer: 7.000
  (Session info: chrome=152.0.7977.42)
Stacktrace:
#0 0x55a8cdee62ca <unknown>
#1 0x55a8cd849b39 <unknown>
#2 0x55a8cd8315bb <unknown>
#3 0x55a8cd831236 <unknown>
#4 0x55a8cd82ee18 <unknown>
#5 0x55a8cd82f79f <unknown>
#6 0x55a8cd83e880 <unknown>
#7 0x55a8cd8587b7 <unknown>
#8 0x55a8cd86019b <unknown>
#9 0x55a8cd82fef9 <unknown>
#10 0x55a8cd858512 <unknown>
#11 0x55a8cd8e7b26 <unknown>
#12 0x55a8cd892ecb <unknown>
#13 0x55a8cd893cb1 <unknown>
#14 0x55a8cdeaa7f0 <unknown>
#15 0x55a8cdea8e6a <unknown>
#16 0x55a8cde93bb5 <unknown>
#17 0x55a8cdea9b2a <unknown>
#18 0x55a8cde7cdf0 <unknown>
#19 0x55a8cded1238 <unknown>
#20 0x55a8cded13d5 <unknown>
#21 0x55a8cdee4e53 <unknown>
#22 0x7f088809cb84 <unknown>
#23 0x7f0888129d6c <unknown>

2026-08-15 09:35:36,985 - ERROR - [The Hindu] All scrape strategies failed for https://www.thehindu.com/news/national/assam/avoid-blame-game-on-assam-floods-says-nagaland-coal-miners-body/article71348721.ece. Falling back to RSS description.
2026-08-15 09:35:36,985 - WARNING - SKIPPED (GLOBAL WORD LIMIT): Article 'Avoid blame game on Assam floods, says Nagaland coal miners’ body' from The Hindu has only 26 words (Min: 90).
2026-08-15 09:35:38,415 - INFO - [Wired] Article: https://www.wired.com/story/braun-promo-code/
2026-08-15 09:35:38,416 - INFO - [Wired] Attempt 1/2: Trying with 'requests_browser' strategy...
2026-08-15 09:35:38,417 - INFO - [The Hindu] Article: https://www.thehindu.com/society/india-independence-day-2026-jagat-murari-ftii-rebels/article71336472.ece
2026-08-15 09:35:38,417 - INFO - [The Hindu] Attempt 1/1: Trying with 'selenium_browser' strategy...
2026-08-15 09:35:39,749 - ERROR - Error saving article Seven out of top 10 Asian small-cap funds are Indian - The Economic Times: Hrana: `stream error: `Error { message: "SQLite error: UNIQUE constraint failed: articles.url", code: "SQLITE_CONSTRAINT" }``
2026-08-15 09:35:39,754 - ERROR - parsed tree length: 1, wrong data type or not valid HTML
2026-08-15 09:35:39,754 - ERROR - empty HTML tree: None
2026-08-15 09:35:39,754 - WARNING - discarding data: None
2026-08-15 09:35:39,754 - WARNING - [Wired] FAILED with 'requests_browser' (content was too short: 0 words).
2026-08-15 09:35:40,410 - INFO - [Wired] Article: https://www.wired.com/story/braun-promo-code/
2026-08-15 09:35:40,410 - INFO - [Wired] Attempt 2/2: Trying with 'selenium_browser' strategy...
2026-08-15 09:35:40,791 - INFO - [Economic Times] Article: https://economictimes.indiatimes.com/inflation-reflects-growth-dynamics-in-india-christopher-wood/articleshow/6274053.cms
2026-08-15 09:35:40,791 - INFO - [Economic Times] Attempt 1/2: Trying with 'requests_browser' strategy...
2026-08-15 09:35:41,067 - ERROR - parsed tree length: 1, wrong data type or not valid HTML
2026-08-15 09:35:41,067 - ERROR - empty HTML tree: None
2026-08-15 09:35:41,067 - WARNING - discarding data: None
2026-08-15 09:35:41,067 - WARNING - [Economic Times] FAILED with 'requests_browser' (content was too short: 0 words).
2026-08-15 09:35:41,770 - INFO - [Wired] Page content loaded.
2026-08-15 09:35:41,784 - INFO - [Economic Times] Article: https://economictimes.indiatimes.com/inflation-reflects-growth-dynamics-in-india-christopher-wood/articleshow/6274053.cms
2026-08-15 09:35:41,784 - INFO - [Economic Times] Attempt 2/2: Trying with 'selenium_browser' strategy...
2026-08-15 09:35:42,364 - INFO - [Wired] Success with 'selenium_browser'. Found content (436 words).
2026-08-15 09:35:45,260 - ERROR - Error saving article Braun Promo Codes: 15% Off August | WIRED: Hrana: `stream error: `Error { message: "SQLite error: UNIQUE constraint failed: articles.url", code: "SQLITE_CONSTRAINT" }``
2026-08-15 09:35:45,352 - INFO - [Economic Times] Page content loaded.
2026-08-15 09:35:45,524 - INFO - [Economic Times] Success with 'selenium_browser'. Found content (4520 words).
2026-08-15 09:35:47,027 - INFO - [Wired] Article: https://www.wired.com/story/shark-promo-code/
2026-08-15 09:35:47,027 - INFO - [Wired] Attempt 1/2: Trying with 'requests_browser' strategy...
2026-08-15 09:35:48,390 - ERROR - Error saving article Inflation reflects growth dynamics in India: Christopher Wood - The Economic Times: Hrana: `stream error: `Error { message: "SQLite error: UNIQUE constraint failed: articles.url", code: "SQLITE_CONSTRAINT" }``
2026-08-15 09:35:48,404 - ERROR - parsed tree length: 1, wrong data type or not valid HTML
2026-08-15 09:35:48,404 - ERROR - empty HTML tree: None
2026-08-15 09:35:48,404 - WARNING - discarding data: None
2026-08-15 09:35:48,404 - WARNING - [Wired] FAILED with 'requests_browser' (content was too short: 0 words).
2026-08-15 09:35:49,133 - INFO - [Wired] Article: https://www.wired.com/story/shark-promo-code/
2026-08-15 09:35:49,133 - INFO - [Wired] Attempt 2/2: Trying with 'selenium_browser' strategy...
2026-08-15 09:35:49,469 - INFO - [Economic Times] Article: https://economictimes.indiatimes.com/market-may-trade-in-a-range-but-fiis-seen-sold-on-india/articleshow/6277705.cms
2026-08-15 09:35:49,469 - INFO - [Economic Times] Attempt 1/2: Trying with 'requests_browser' strategy...
2026-08-15 09:35:49,798 - ERROR - parsed tree length: 1, wrong data type or not valid HTML
2026-08-15 09:35:49,798 - ERROR - empty HTML tree: None
2026-08-15 09:35:49,798 - WARNING - discarding data: None
2026-08-15 09:35:49,798 - WARNING - [Economic Times] FAILED with 'requests_browser' (content was too short: 0 words).
2026-08-15 09:35:50,336 - INFO - [Economic Times] Article: https://economictimes.indiatimes.com/market-may-trade-in-a-range-but-fiis-seen-sold-on-india/articleshow/6277705.cms
2026-08-15 09:35:50,336 - INFO - [Economic Times] Attempt 2/2: Trying with 'selenium_browser' strategy...
2026-08-15 09:35:51,640 - INFO - [Wired] Page content loaded.
2026-08-15 09:35:51,966 - INFO - [Economic Times] Page content loaded.
2026-08-15 09:35:52,269 - INFO - [Wired] Success with 'selenium_browser'. Found content (1092 words).
2026-08-15 09:35:52,479 - WARNING - [The Hindu] Page get timed out (7s). Proceeding to grab partial source anyway.
2026-08-15 09:35:55,311 - ERROR - Error saving article Shark Promo Codes for August 2026 | WIRED: Hrana: `stream error: `Error { message: "SQLite error: UNIQUE constraint failed: articles.url", code: "SQLITE_CONSTRAINT" }``
2026-08-15 09:35:55,338 - INFO - [Economic Times] Success with 'selenium_browser'. Found content (783 words).
2026-08-15 09:35:56,847 - INFO - [Wired] (Thread) Finished. Attempting to shut down its Selenium driver.
2026-08-15 09:35:58,215 - ERROR - Error saving article Market may trade in a range, but FIIs seen sold on India - The Economic Times: Hrana: `stream error: `Error { message: "SQLite error: UNIQUE constraint failed: articles.url", code: "SQLITE_CONSTRAINT" }``
2026-08-15 09:35:58,218 - INFO - [Wired] (Thread) driver.quit() successful.
2026-08-15 09:35:58,984 - INFO - [Economic Times] Article: https://economictimes.indiatimes.com/dont-bank-only-on-price-to-earning-ratio/articleshow/6278228.cms
2026-08-15 09:35:58,984 - INFO - [Economic Times] Attempt 1/2: Trying with 'requests_browser' strategy...
2026-08-15 09:35:59,243 - ERROR - parsed tree length: 1, wrong data type or not valid HTML
2026-08-15 09:35:59,244 - ERROR - empty HTML tree: None
2026-08-15 09:35:59,244 - WARNING - discarding data: None
2026-08-15 09:35:59,244 - WARNING - [Economic Times] FAILED with 'requests_browser' (content was too short: 0 words).
2026-08-15 09:35:59,499 - WARNING - [The Hindu] Page explicit wait timed out (3s). Proceeding anyway.
2026-08-15 09:35:59,934 - INFO - [Economic Times] Article: https://economictimes.indiatimes.com/dont-bank-only-on-price-to-earning-ratio/articleshow/6278228.cms
2026-08-15 09:35:59,934 - INFO - [Economic Times] Attempt 2/2: Trying with 'selenium_browser' strategy...
2026-08-15 09:36:01,327 - INFO - [Economic Times] Page content loaded.
2026-08-15 09:36:01,433 - INFO - [Economic Times] Success with 'selenium_browser'. Found content (447 words).
2026-08-15 09:36:04,311 - ERROR - Error saving article 'Don't bank only on price-to-earning ratio' - The Economic Times: Hrana: `stream error: `Error { message: "SQLite error: UNIQUE constraint failed: articles.url", code: "SQLITE_CONSTRAINT" }``
2026-08-15 09:36:04,862 - INFO - [Economic Times] Article: https://economictimes.indiatimes.com/markets/stocks/recos/prabhudas-lilladher-has-a-reduce-rating-on-infosys/articleshow/3798718.cms
2026-08-15 09:36:04,862 - INFO - [Economic Times] Attempt 1/2: Trying with 'requests_browser' strategy...
2026-08-15 09:36:05,148 - ERROR - parsed tree length: 1, wrong data type or not valid HTML
2026-08-15 09:36:05,149 - ERROR - empty HTML tree: None
2026-08-15 09:36:05,149 - WARNING - discarding data: None
2026-08-15 09:36:05,149 - WARNING - [Economic Times] FAILED with 'requests_browser' (content was too short: 0 words).
2026-08-15 09:36:05,725 - INFO - [Economic Times] Article: https://economictimes.indiatimes.com/markets/stocks/recos/prabhudas-lilladher-has-a-reduce-rating-on-infosys/articleshow/3798718.cms
2026-08-15 09:36:05,726 - INFO - [Economic Times] Attempt 2/2: Trying with 'selenium_browser' strategy...
2026-08-15 09:36:06,513 - ERROR - [The Hindu] Request failed for strategy 'selenium_browser' on URL https://www.thehindu.com/society/india-independence-day-2026-jagat-murari-ftii-rebels/article71336472.ece: Message: timeout: Timed out receiving message from renderer: 7.000
  (Session info: chrome=152.0.7977.42)
Stacktrace:
#0 0x55a8cdee62ca <unknown>
#1 0x55a8cd849b39 <unknown>
#2 0x55a8cd8315bb <unknown>
#3 0x55a8cd831236 <unknown>
#4 0x55a8cd82ee18 <unknown>
#5 0x55a8cd82f79f <unknown>
#6 0x55a8cd83e880 <unknown>
#7 0x55a8cd8587b7 <unknown>
#8 0x55a8cd86019b <unknown>
#9 0x55a8cd82fef9 <unknown>
#10 0x55a8cd858512 <unknown>
#11 0x55a8cd8e7b26 <unknown>
#12 0x55a8cd892ecb <unknown>
#13 0x55a8cd893cb1 <unknown>
#14 0x55a8cdeaa7f0 <unknown>
#15 0x55a8cdea8e6a <unknown>
#16 0x55a8cde93bb5 <unknown>
#17 0x55a8cdea9b2a <unknown>
#18 0x55a8cde7cdf0 <unknown>
#19 0x55a8cded1238 <unknown>
#20 0x55a8cded13d5 <unknown>
#21 0x55a8cdee4e53 <unknown>
#22 0x7f088809cb84 <unknown>
#23 0x7f0888129d6c <unknown>

2026-08-15 09:36:06,513 - ERROR - [The Hindu] All scrape strategies failed for https://www.thehindu.com/society/india-independence-day-2026-jagat-murari-ftii-rebels/article71336472.ece. Falling back to RSS description.
2026-08-15 09:36:06,513 - WARNING - SKIPPED (GLOBAL WORD LIMIT): Article 'Independence Day 2026 | Jagat Murari and FTII: Where India’s filmmaking rebels were made' from The Hindu has only 23 words (Min: 90).
2026-08-15 09:36:06,958 - INFO - [Economic Times] Page content loaded.
2026-08-15 09:36:07,091 - INFO - [Economic Times] Success with 'selenium_browser'. Found content (438 words).
2026-08-15 09:36:08,626 - INFO - [The Hindu] Article: https://www.thehindu.com/news/national/kerala/keralas-chokramudi-hills-to-open-for-tourists-as-neelakurinji-blooms-paint-munnar-blue/article71348728.ece
2026-08-15 09:36:09,065 - INFO - [The Hindu] Attempt 1/1: Trying with 'selenium_browser' strategy...
2026-08-15 09:36:10,050 - ERROR - Error saving article Prabhudas Lilladher has a ‘reduce’ rating on Infosys - The Economic Times: Hrana: `stream error: `Error { message: "SQLite error: UNIQUE constraint failed: articles.url", code: "SQLITE_CONSTRAINT" }``
2026-08-15 09:36:10,811 - INFO - [Economic Times] Article: https://economictimes.indiatimes.com/markets/stocks/recos/fin-crisis-too-late-and-too-little-done-in-us/articleshow/3794549.cms
2026-08-15 09:36:10,812 - INFO - [Economic Times] Attempt 1/2: Trying with 'requests_browser' strategy...
2026-08-15 09:36:11,108 - ERROR - parsed tree length: 1, wrong data type or not valid HTML
2026-08-15 09:36:11,108 - ERROR - empty HTML tree: None
2026-08-15 09:36:11,108 - WARNING - discarding data: None
2026-08-15 09:36:11,108 - WARNING - [Economic Times] FAILED with 'requests_browser' (content was too short: 0 words).
2026-08-15 09:36:11,639 - INFO - [Economic Times] Article: https://economictimes.indiatimes.com/markets/stocks/recos/fin-crisis-too-late-and-too-little-done-in-us/articleshow/3794549.cms
2026-08-15 09:36:11,639 - INFO - [Economic Times] Attempt 2/2: Trying with 'selenium_browser' strategy...
2026-08-15 09:36:13,102 - INFO - [Economic Times] Page content loaded.
2026-08-15 09:36:13,191 - INFO - [Economic Times] Success with 'selenium_browser'. Found content (868 words).
2026-08-15 09:36:16,041 - ERROR - Error saving article Fin Crisis: Too late and too little done in US - The Economic Times: Hrana: `stream error: `Error { message: "SQLite error: UNIQUE constraint failed: articles.url", code: "SQLITE_CONSTRAINT" }``
2026-08-15 09:36:16,651 - INFO - [Economic Times] Article: https://economictimes.indiatimes.com/markets/forex/weak-rupee-takes-its-toll-on-cos-with-huge-foreign-debt/articleshow/3546158.cms
2026-08-15 09:36:16,651 - INFO - [Economic Times] Attempt 1/2: Trying with 'requests_browser' strategy...
2026-08-15 09:36:16,957 - ERROR - parsed tree length: 1, wrong data type or not valid HTML
2026-08-15 09:36:16,957 - ERROR - empty HTML tree: None
2026-08-15 09:36:16,957 - WARNING - discarding data: None
2026-08-15 09:36:16,957 - WARNING - [Economic Times] FAILED with 'requests_browser' (content was too short: 0 words).
2026-08-15 09:36:17,927 - INFO - [Economic Times] Article: https://economictimes.indiatimes.com/markets/forex/weak-rupee-takes-its-toll-on-cos-with-huge-foreign-debt/articleshow/3546158.cms
2026-08-15 09:36:17,928 - INFO - [Economic Times] Attempt 2/2: Trying with 'selenium_browser' strategy...
2026-08-15 09:36:19,773 - INFO - [Economic Times] Page content loaded.
2026-08-15 09:36:20,145 - INFO - [Economic Times] Success with 'selenium_browser'. Found content (422 words).
2026-08-15 09:36:24,161 - WARNING - [The Hindu] Page get timed out (7s). Proceeding to grab partial source anyway.
2026-08-15 09:36:24,162 - ERROR - Error saving article Weak rupee takes its toll on cos with huge foreign debt - The Economic Times: Hrana: `stream error: `Error { message: "SQLite error: UNIQUE constraint failed: articles.url", code: "SQLITE_CONSTRAINT" }``
2026-08-15 09:36:24,897 - INFO - [Economic Times] Article: https://economictimes.indiatimes.com/markets/stocks/recos/wait-for-more-signals-before-turning-positive/articleshow/3292640.cms
2026-08-15 09:36:24,897 - INFO - [Economic Times] Attempt 1/2: Trying with 'requests_browser' strategy...
2026-08-15 09:36:25,168 - ERROR - parsed tree length: 1, wrong data type or not valid HTML
2026-08-15 09:36:25,168 - ERROR - empty HTML tree: None
2026-08-15 09:36:25,168 - WARNING - discarding data: None
2026-08-15 09:36:25,169 - WARNING - [Economic Times] FAILED with 'requests_browser' (content was too short: 0 words).
2026-08-15 09:36:26,050 - INFO - [Economic Times] Article: https://economictimes.indiatimes.com/markets/stocks/recos/wait-for-more-signals-before-turning-positive/articleshow/3292640.cms
2026-08-15 09:36:26,051 - INFO - [Economic Times] Attempt 2/2: Trying with 'selenium_browser' strategy...
2026-08-15 09:36:27,544 - INFO - [Economic Times] Page content loaded.
2026-08-15 09:36:27,705 - INFO - [Economic Times] Success with 'selenium_browser'. Found content (761 words).
2026-08-15 09:36:30,596 - ERROR - Error saving article Wait for more signals before turning positive - The Economic Times: Hrana: `stream error: `Error { message: "SQLite error: UNIQUE constraint failed: articles.url", code: "SQLITE_CONSTRAINT" }``
2026-08-15 09:36:31,171 - WARNING - [The Hindu] Page explicit wait timed out (3s). Proceeding anyway.
2026-08-15 09:36:31,426 - INFO - [Economic Times] Article: https://economictimes.indiatimes.com/news/company/corporate-trends/six-indian-cos-among-businessweeks-top-100-infotech-firms/articleshow/3189334.cms
2026-08-15 09:36:31,426 - INFO - [Economic Times] Attempt 1/2: Trying with 'requests_browser' strategy...
2026-08-15 09:36:31,716 - INFO - [Economic Times] Success with 'requests_browser'. Found content (370 words).
2026-08-15 09:36:34,495 - ERROR - Error saving article Six Indian cos among BusinessWeek's top 100 Infotech firms - The Economic Times: Hrana: `stream error: `Error { message: "SQLite error: UNIQUE constraint failed: articles.url", code: "SQLITE_CONSTRAINT" }``
2026-08-15 09:36:35,713 - INFO - [Economic Times] Article: https://economictimes.indiatimes.com/news/company/corporate-trends/indian-firms-slip-in-global-ranking-four-move-out-of-top-500/articleshow/3177077.cms
2026-08-15 09:36:35,714 - INFO - [Economic Times] Attempt 1/2: Trying with 'requests_browser' strategy...
2026-08-15 09:36:36,003 - INFO - [Economic Times] Success with 'requests_browser'. Found content (1044 words).
2026-08-15 09:36:38,792 - ERROR - [The Hindu] Request failed for strategy 'selenium_browser' on URL https://www.thehindu.com/news/national/kerala/keralas-chokramudi-hills-to-open-for-tourists-as-neelakurinji-blooms-paint-munnar-blue/article71348728.ece: Message: timeout: Timed out receiving message from renderer: 7.000
  (Session info: chrome=152.0.7977.42)
Stacktrace:
#0 0x55a8cdee62ca <unknown>
#1 0x55a8cd849b39 <unknown>
#2 0x55a8cd8315bb <unknown>
#3 0x55a8cd831236 <unknown>
#4 0x55a8cd82ee18 <unknown>
#5 0x55a8cd82f79f <unknown>
#6 0x55a8cd83e880 <unknown>
#7 0x55a8cd8587b7 <unknown>
#8 0x55a8cd86019b <unknown>
#9 0x55a8cd82fef9 <unknown>
#10 0x55a8cd858512 <unknown>
#11 0x55a8cd8e7b26 <unknown>
#12 0x55a8cd892ecb <unknown>
#13 0x55a8cd893cb1 <unknown>
#14 0x55a8cdeaa7f0 <unknown>
#15 0x55a8cdea8e6a <unknown>
#16 0x55a8cde93bb5 <unknown>
#17 0x55a8cdea9b2a <unknown>
#18 0x55a8cde7cdf0 <unknown>
#19 0x55a8cded1238 <unknown>
#20 0x55a8cded13d5 <unknown>
#21 0x55a8cdee4e53 <unknown>
#22 0x7f088809cb84 <unknown>
#23 0x7f0888129d6c <unknown>

2026-08-15 09:36:38,792 - ERROR - Error saving article Indian firms slip in global ranking; four move out of Top-500 - The Economic Times: Hrana: `stream error: `Error { message: "SQLite error: UNIQUE constraint failed: articles.url", code: "SQLITE_CONSTRAINT" }``
2026-08-15 09:36:38,792 - ERROR - [The Hindu] All scrape strategies failed for https://www.thehindu.com/news/national/kerala/keralas-chokramudi-hills-to-open-for-tourists-as-neelakurinji-blooms-paint-munnar-blue/article71348728.ece. Falling back to RSS description.
2026-08-15 09:36:38,792 - WARNING - SKIPPED (GLOBAL WORD LIMIT): Article 'Kerala’s Chokramudi hills to open for tourists as Neelakurinji blooms paint Munnar blue' from The Hindu has only 19 words (Min: 90).
2026-08-15 09:36:39,364 - INFO - [The Hindu] Article: https://www.thehindu.com/news/national/kerala/ahead-of-onam-kerala-police-seize-3030-litres-of-illicit-spirit-in-thrissur/article71348702.ece
2026-08-15 09:36:39,364 - INFO - [The Hindu] Attempt 1/1: Trying with 'selenium_browser' strategy...
2026-08-15 09:36:39,553 - INFO - [Economic Times] Article: https://economictimes.indiatimes.com/markets/stocks/news/big-daddy-laps-up-cipla-after-q1-nos-beat-forecast/articleshow/6308646.cms
2026-08-15 09:36:39,553 - INFO - [Economic Times] Attempt 1/2: Trying with 'requests_browser' strategy...
2026-08-15 09:36:39,855 - ERROR - parsed tree length: 1, wrong data type or not valid HTML
2026-08-15 09:36:39,856 - ERROR - empty HTML tree: None
2026-08-15 09:36:39,856 - WARNING - discarding data: None
2026-08-15 09:36:39,856 - WARNING - [Economic Times] FAILED with 'requests_browser' (content was too short: 0 words).
2026-08-15 09:36:40,702 - INFO - [Economic Times] Article: https://economictimes.indiatimes.com/markets/stocks/news/big-daddy-laps-up-cipla-after-q1-nos-beat-forecast/articleshow/6308646.cms
2026-08-15 09:36:40,702 - INFO - [Economic Times] Attempt 2/2: Trying with 'selenium_browser' strategy...
2026-08-15 09:36:42,172 - INFO - [Economic Times] Page content loaded.
2026-08-15 09:36:42,413 - WARNING - [Economic Times] FAILED with 'selenium_browser' (content was too short: 83 words).
2026-08-15 09:36:42,414 - ERROR - [Economic Times] All scrape strategies failed for https://economictimes.indiatimes.com/markets/stocks/news/big-daddy-laps-up-cipla-after-q1-nos-beat-forecast/articleshow/6308646.cms. Falling back to RSS description.
2026-08-15 09:36:42,414 - WARNING - SKIPPED (GLOBAL WORD LIMIT): Article ''Big Daddy' laps up Cipla after Q1 nos beat forecast ' from Economic Times has only 20 words (Min: 90).
2026-08-15 09:36:43,525 - INFO - [Economic Times] Article: https://economictimes.indiatimes.com/markets/stocks/news/old-fox-has-dream-run-on-dalal-street/articleshow/6308631.cms
2026-08-15 09:36:43,525 - INFO - [Economic Times] Attempt 1/2: Trying with 'requests_browser' strategy...
2026-08-15 09:36:44,002 - ERROR - parsed tree length: 1, wrong data type or not valid HTML
2026-08-15 09:36:44,002 - ERROR - empty HTML tree: None
2026-08-15 09:36:44,002 - WARNING - discarding data: None
2026-08-15 09:36:44,002 - WARNING - [Economic Times] FAILED with 'requests_browser' (content was too short: 0 words).
2026-08-15 09:36:44,838 - INFO - [Economic Times] Article: https://economictimes.indiatimes.com/markets/stocks/news/old-fox-has-dream-run-on-dalal-street/articleshow/6308631.cms
2026-08-15 09:36:44,838 - INFO - [Economic Times] Attempt 2/2: Trying with 'selenium_browser' strategy...
2026-08-15 09:36:46,387 - INFO - [Economic Times] Page content loaded.
2026-08-15 09:36:46,590 - INFO - [Economic Times] Success with 'selenium_browser'. Found content (156 words).
2026-08-15 09:36:49,481 - ERROR - Error saving article Old Fox has dream run on Dalal Street - The Economic Times: Hrana: `stream error: `Error { message: "SQLite error: UNIQUE constraint failed: articles.url", code: "SQLITE_CONSTRAINT" }``
2026-08-15 09:36:50,221 - INFO - [Economic Times] Article: https://economictimes.indiatimes.com/markets/stocks/news/cairn-india-hits-record-high-on-bse-amid-stake-sale-talks/articleshow/6306679.cms
2026-08-15 09:36:50,221 - INFO - [Economic Times] Attempt 1/2: Trying with 'requests_browser' strategy...
2026-08-15 09:36:50,593 - ERROR - parsed tree length: 1, wrong data type or not valid HTML
2026-08-15 09:36:50,593 - ERROR - empty HTML tree: None
2026-08-15 09:36:50,593 - WARNING - discarding data: None
2026-08-15 09:36:50,593 - WARNING - [Economic Times] FAILED with 'requests_browser' (content was too short: 0 words).
2026-08-15 09:36:51,146 - INFO - [Economic Times] Article: https://economictimes.indiatimes.com/markets/stocks/news/cairn-india-hits-record-high-on-bse-amid-stake-sale-talks/articleshow/6306679.cms
2026-08-15 09:36:51,146 - INFO - [Economic Times] Attempt 2/2: Trying with 'selenium_browser' strategy...
2026-08-15 09:36:52,933 - INFO - [Economic Times] Page content loaded.
2026-08-15 09:36:53,069 - INFO - [Economic Times] Success with 'selenium_browser'. Found content (363 words).
2026-08-15 09:36:53,477 - WARNING - [The Hindu] Page get timed out (7s). Proceeding to grab partial source anyway.
2026-08-15 09:36:56,334 - ERROR - Error saving article Cairn India hits record high on BSE amid stake sale talks - The Economic Times: Hrana: `stream error: `Error { message: "SQLite error: UNIQUE constraint failed: articles.url", code: "SQLITE_CONSTRAINT" }``
2026-08-15 09:36:57,277 - INFO - [Economic Times] Article: https://economictimes.indiatimes.com/markets/stocks/news/vedanta-plunges-5-59-per-cent-on-lse-amid-talks-to-buy-cairn-stake/articleshow/6306526.cms
2026-08-15 09:36:57,278 - INFO - [Economic Times] Attempt 1/2: Trying with 'requests_browser' strategy...
2026-08-15 09:36:57,674 - ERROR - parsed tree length: 1, wrong data type or not valid HTML
2026-08-15 09:36:57,674 - ERROR - empty HTML tree: None
2026-08-15 09:36:57,676 - WARNING - discarding data: None
2026-08-15 09:36:57,676 - WARNING - [Economic Times] FAILED with 'requests_browser' (content was too short: 0 words).
2026-08-15 09:36:58,264 - INFO - [Economic Times] Article: https://economictimes.indiatimes.com/markets/stocks/news/vedanta-plunges-5-59-per-cent-on-lse-amid-talks-to-buy-cairn-stake/articleshow/6306526.cms
2026-08-15 09:36:58,264 - INFO - [Economic Times] Attempt 2/2: Trying with 'selenium_browser' strategy...
2026-08-15 09:36:59,923 - INFO - [Economic Times] Page content loaded.
2026-08-15 09:37:00,070 - INFO - [Economic Times] Success with 'selenium_browser'. Found content (397 words).
2026-08-15 09:37:01,587 - WARNING - [The Hindu] Page explicit wait timed out (3s). Proceeding anyway.
2026-08-15 09:37:02,930 - ERROR - Error saving article Cairn: Vedanta plunges 5.59 per cent on LSE amid talks to buy Cairn stake - The Economic Times: Hrana: `stream error: `Error { message: "SQLite error: UNIQUE constraint failed: articles.url", code: "SQLITE_CONSTRAINT" }``
2026-08-15 09:37:03,893 - INFO - [Economic Times] Article: https://economictimes.indiatimes.com/markets/stocks/news/sbi-shares-on-gaining-spree-hit-record-high/articleshow/6306241.cms
2026-08-15 09:37:03,893 - INFO - [Economic Times] Attempt 1/2: Trying with 'requests_browser' strategy...
2026-08-15 09:37:04,438 - ERROR - parsed tree length: 1, wrong data type or not valid HTML
2026-08-15 09:37:04,438 - ERROR - empty HTML tree: None
2026-08-15 09:37:04,438 - WARNING - discarding data: None
2026-08-15 09:37:04,438 - WARNING - [Economic Times] FAILED with 'requests_browser' (content was too short: 0 words).
2026-08-15 09:37:05,165 - INFO - [Economic Times] Article: https://economictimes.indiatimes.com/markets/stocks/news/sbi-shares-on-gaining-spree-hit-record-high/articleshow/6306241.cms
2026-08-15 09:37:05,165 - INFO - [Economic Times] Attempt 2/2: Trying with 'selenium_browser' strategy...
2026-08-15 09:37:06,619 - CRITICAL - --- TIMEOUT: 2 scrape jobs did not complete in 420s. ---
2026-08-15 09:37:06,619 - ERROR - A thread has timed out and will be abandoned.
2026-08-15 09:37:06,619 - ERROR - A thread has timed out and will be abandoned.
2026-08-15 09:37:06,619 - INFO - Shutting down thread pool (wait=False)...
2026-08-15 09:37:06,619 - INFO - Scraped: 4 Al Jazeera, 0 Indian Express, 0 TechCrunch, 4 NDTV, 1 Wired, 0 BBC, 2 Times of India, 2 Timed_Out_Jobs articles. (Total saved: 11)
2026-08-15 09:37:06,620 - INFO - --- Scraping job finished ---
2026-08-15 09:37:06,620 - INFO - --- Scraper service stopped. ---
2026-08-15 09:37:06,620 - INFO - --- Main thread finished. Forcing process exit to kill zombie threads. ---
