2026-08-11 10:08:10,528 - INFO - Loading AI Semantic Model (all-MiniLM-L6-v2)...
2026-08-11 10:08:10,528 - INFO - No device provided, using cpu
2026-08-11 10:08:10,641 - INFO - HTTP Request: GET https://huggingface.co/api/agent-harnesses "HTTP/1.1 200 OK"
2026-08-11 10:08:10,712 - INFO - HTTP Request: HEAD https://huggingface.co/sentence-transformers/all-MiniLM-L6-v2/resolve/main/modules.json "HTTP/1.1 307 Temporary Redirect"
2026-08-11 10:08:10,713 - WARNING - Warning: You are sending unauthenticated requests to the HF Hub. Please set a HF_TOKEN to enable higher rate limits and faster downloads.
2026-08-11 10:08:10,718 - INFO - HTTP Request: HEAD https://huggingface.co/api/resolve-cache/models/sentence-transformers/all-MiniLM-L6-v2/1110a243fdf4706b3f48f1d95db1a4f5529b4d41/modules.json "HTTP/1.1 200 OK"
2026-08-11 10:08:10,797 - INFO - HTTP Request: HEAD https://huggingface.co/sentence-transformers/all-MiniLM-L6-v2/resolve/main/config_sentence_transformers.json "HTTP/1.1 307 Temporary Redirect"
2026-08-11 10:08:10,802 - INFO - HTTP Request: HEAD https://huggingface.co/api/resolve-cache/models/sentence-transformers/all-MiniLM-L6-v2/1110a243fdf4706b3f48f1d95db1a4f5529b4d41/config_sentence_transformers.json "HTTP/1.1 200 OK"
2026-08-11 10:08:10,803 - INFO - Loading SentenceTransformer model from sentence-transformers/all-MiniLM-L6-v2.
2026-08-11 10:08:10,876 - INFO - HTTP Request: HEAD https://huggingface.co/sentence-transformers/all-MiniLM-L6-v2/resolve/main/config_sentence_transformers.json "HTTP/1.1 307 Temporary Redirect"
2026-08-11 10:08:10,881 - INFO - HTTP Request: HEAD https://huggingface.co/api/resolve-cache/models/sentence-transformers/all-MiniLM-L6-v2/1110a243fdf4706b3f48f1d95db1a4f5529b4d41/config_sentence_transformers.json "HTTP/1.1 200 OK"
2026-08-11 10:08:10,960 - INFO - HTTP Request: HEAD https://huggingface.co/sentence-transformers/all-MiniLM-L6-v2/resolve/main/README.md "HTTP/1.1 307 Temporary Redirect"
2026-08-11 10:08:10,965 - INFO - HTTP Request: HEAD https://huggingface.co/api/resolve-cache/models/sentence-transformers/all-MiniLM-L6-v2/1110a243fdf4706b3f48f1d95db1a4f5529b4d41/README.md "HTTP/1.1 200 OK"
2026-08-11 10:08:10,970 - INFO - HTTP Request: GET https://huggingface.co/api/resolve-cache/models/sentence-transformers/all-MiniLM-L6-v2/1110a243fdf4706b3f48f1d95db1a4f5529b4d41/README.md "HTTP/1.1 200 OK"
2026-08-11 10:08:11,057 - INFO - HTTP Request: HEAD https://huggingface.co/sentence-transformers/all-MiniLM-L6-v2/resolve/main/modules.json "HTTP/1.1 307 Temporary Redirect"
2026-08-11 10:08:11,062 - INFO - HTTP Request: HEAD https://huggingface.co/api/resolve-cache/models/sentence-transformers/all-MiniLM-L6-v2/1110a243fdf4706b3f48f1d95db1a4f5529b4d41/modules.json "HTTP/1.1 200 OK"
2026-08-11 10:08:11,135 - INFO - HTTP Request: HEAD https://huggingface.co/sentence-transformers/all-MiniLM-L6-v2/resolve/main/sentence_bert_config.json "HTTP/1.1 307 Temporary Redirect"
2026-08-11 10:08:11,140 - INFO - HTTP Request: HEAD https://huggingface.co/api/resolve-cache/models/sentence-transformers/all-MiniLM-L6-v2/1110a243fdf4706b3f48f1d95db1a4f5529b4d41/sentence_bert_config.json "HTTP/1.1 200 OK"
2026-08-11 10:08:11,222 - INFO - HTTP Request: HEAD https://huggingface.co/sentence-transformers/all-MiniLM-L6-v2/resolve/main/adapter_config.json "HTTP/1.1 404 Not Found"
2026-08-11 10:08:11,294 - INFO - HTTP Request: HEAD https://huggingface.co/sentence-transformers/all-MiniLM-L6-v2/resolve/main/config.json "HTTP/1.1 307 Temporary Redirect"
2026-08-11 10:08:11,299 - INFO - HTTP Request: HEAD https://huggingface.co/api/resolve-cache/models/sentence-transformers/all-MiniLM-L6-v2/1110a243fdf4706b3f48f1d95db1a4f5529b4d41/config.json "HTTP/1.1 200 OK"
2026-08-11 10:08:11,418 - INFO - HTTP Request: HEAD https://huggingface.co/sentence-transformers/all-MiniLM-L6-v2/resolve/main/model.safetensors "HTTP/1.1 302 Found"
2026-08-11 10:08:11,620 - INFO - HTTP Request: HEAD https://huggingface.co/sentence-transformers/all-MiniLM-L6-v2/resolve/main/processor_config.json "HTTP/1.1 404 Not Found"
2026-08-11 10:08:11,694 - INFO - HTTP Request: HEAD https://huggingface.co/sentence-transformers/all-MiniLM-L6-v2/resolve/main/preprocessor_config.json "HTTP/1.1 404 Not Found"
2026-08-11 10:08:11,769 - INFO - HTTP Request: HEAD https://huggingface.co/sentence-transformers/all-MiniLM-L6-v2/resolve/main/video_preprocessor_config.json "HTTP/1.1 404 Not Found"
2026-08-11 10:08:11,848 - INFO - HTTP Request: HEAD https://huggingface.co/sentence-transformers/all-MiniLM-L6-v2/resolve/main/preprocessor_config.json "HTTP/1.1 404 Not Found"
2026-08-11 10:08:11,925 - INFO - HTTP Request: HEAD https://huggingface.co/sentence-transformers/all-MiniLM-L6-v2/resolve/main/tokenizer_config.json "HTTP/1.1 307 Temporary Redirect"
2026-08-11 10:08:11,931 - INFO - HTTP Request: HEAD https://huggingface.co/api/resolve-cache/models/sentence-transformers/all-MiniLM-L6-v2/1110a243fdf4706b3f48f1d95db1a4f5529b4d41/tokenizer_config.json "HTTP/1.1 200 OK"
2026-08-11 10:08:12,005 - INFO - HTTP Request: HEAD https://huggingface.co/sentence-transformers/all-MiniLM-L6-v2/resolve/main/config.json "HTTP/1.1 307 Temporary Redirect"
2026-08-11 10:08:12,010 - INFO - HTTP Request: HEAD https://huggingface.co/api/resolve-cache/models/sentence-transformers/all-MiniLM-L6-v2/1110a243fdf4706b3f48f1d95db1a4f5529b4d41/config.json "HTTP/1.1 200 OK"
2026-08-11 10:08:12,091 - INFO - HTTP Request: HEAD https://huggingface.co/sentence-transformers/all-MiniLM-L6-v2/resolve/main/config.json "HTTP/1.1 307 Temporary Redirect"
2026-08-11 10:08:12,095 - INFO - HTTP Request: HEAD https://huggingface.co/api/resolve-cache/models/sentence-transformers/all-MiniLM-L6-v2/1110a243fdf4706b3f48f1d95db1a4f5529b4d41/config.json "HTTP/1.1 200 OK"
2026-08-11 10:08:12,171 - INFO - HTTP Request: HEAD https://huggingface.co/sentence-transformers/all-MiniLM-L6-v2/resolve/main/tokenizer_config.json "HTTP/1.1 307 Temporary Redirect"
2026-08-11 10:08:12,176 - INFO - HTTP Request: HEAD https://huggingface.co/api/resolve-cache/models/sentence-transformers/all-MiniLM-L6-v2/1110a243fdf4706b3f48f1d95db1a4f5529b4d41/tokenizer_config.json "HTTP/1.1 200 OK"
2026-08-11 10:08:12,255 - INFO - HTTP Request: GET https://huggingface.co/api/models/sentence-transformers/all-MiniLM-L6-v2/tree/main/additional_chat_templates?recursive=false&expand=false "HTTP/1.1 404 Not Found"
2026-08-11 10:08:12,335 - INFO - HTTP Request: GET https://huggingface.co/api/models/sentence-transformers/all-MiniLM-L6-v2/tree/main?recursive=true&expand=false "HTTP/1.1 200 OK"
2026-08-11 10:08:12,412 - INFO - HTTP Request: HEAD https://huggingface.co/sentence-transformers/all-MiniLM-L6-v2/resolve/main/vocab.txt "HTTP/1.1 307 Temporary Redirect"
2026-08-11 10:08:12,417 - INFO - HTTP Request: HEAD https://huggingface.co/api/resolve-cache/models/sentence-transformers/all-MiniLM-L6-v2/1110a243fdf4706b3f48f1d95db1a4f5529b4d41/vocab.txt "HTTP/1.1 200 OK"
2026-08-11 10:08:12,490 - INFO - HTTP Request: HEAD https://huggingface.co/sentence-transformers/all-MiniLM-L6-v2/resolve/main/tokenizer.json "HTTP/1.1 307 Temporary Redirect"
2026-08-11 10:08:12,495 - INFO - HTTP Request: HEAD https://huggingface.co/api/resolve-cache/models/sentence-transformers/all-MiniLM-L6-v2/1110a243fdf4706b3f48f1d95db1a4f5529b4d41/tokenizer.json "HTTP/1.1 200 OK"
2026-08-11 10:08:12,569 - INFO - HTTP Request: HEAD https://huggingface.co/sentence-transformers/all-MiniLM-L6-v2/resolve/main/added_tokens.json "HTTP/1.1 404 Not Found"
2026-08-11 10:08:12,699 - INFO - HTTP Request: HEAD https://huggingface.co/sentence-transformers/all-MiniLM-L6-v2/resolve/main/special_tokens_map.json "HTTP/1.1 307 Temporary Redirect"
2026-08-11 10:08:12,704 - INFO - HTTP Request: HEAD https://huggingface.co/api/resolve-cache/models/sentence-transformers/all-MiniLM-L6-v2/1110a243fdf4706b3f48f1d95db1a4f5529b4d41/special_tokens_map.json "HTTP/1.1 200 OK"
2026-08-11 10:08:12,781 - INFO - HTTP Request: HEAD https://huggingface.co/sentence-transformers/all-MiniLM-L6-v2/resolve/main/chat_template.jinja "HTTP/1.1 404 Not Found"
2026-08-11 10:08:12,888 - INFO - HTTP Request: HEAD https://huggingface.co/sentence-transformers/all-MiniLM-L6-v2/resolve/main/1_Pooling/config.json "HTTP/1.1 307 Temporary Redirect"
2026-08-11 10:08:12,893 - INFO - HTTP Request: HEAD https://huggingface.co/api/resolve-cache/models/sentence-transformers/all-MiniLM-L6-v2/1110a243fdf4706b3f48f1d95db1a4f5529b4d41/1_Pooling%2Fconfig.json "HTTP/1.1 200 OK"
2026-08-11 10:08:12,974 - INFO - HTTP Request: GET https://huggingface.co/api/models/sentence-transformers/all-MiniLM-L6-v2 "HTTP/1.1 200 OK"
2026-08-11 10:08:12,978 - INFO - AI Model loaded successfully.
2026-08-11 10:08:12,978 - INFO - --- Scraper service started (CI Mode: Run Once) ---
2026-08-11 10:08:12,978 - INFO - --- Starting new scraping job (Parallel Mode) ---
2026-08-11 10:08:12,978 - INFO - Connecting to SQLite database...
2026-08-11 10:08:18,219 - INFO - Pre-calculating embeddings for 447 cached articles...
2026-08-11 10:08:45,322 - INFO - Cache built: 5291 URLs. Current MAX_ID: 101429
2026-08-11 10:08:45,323 - INFO - Creating new robust session with 3 retries on 5xx/connection/read errors.
2026-08-11 10:08:45,323 - INFO - Proxy is DISABLED.
2026-08-11 10:08:45,323 - INFO - [BBC] (Thread) requires Selenium. Initializing driver...
2026-08-11 10:08:45,324 - INFO - [Times of India] (Thread) requires Selenium. Initializing driver...
2026-08-11 10:08:45,324 - INFO - [The Hindu] (Thread) requires Selenium. Initializing driver...
2026-08-11 10:08:45,324 - INFO - [Al Jazeera] (Thread) requires Selenium. Initializing driver...
2026-08-11 10:08:45,325 - INFO - Starting scrape for TechCrunch RSS feed: https://techcrunch.com/feed/
2026-08-11 10:08:45,325 - INFO - [Economic Times] (Thread) requires Selenium. Initializing driver...
2026-08-11 10:08:45,327 - INFO - [Wired] (Thread) requires Selenium. Initializing driver...
2026-08-11 10:08:45,328 - INFO - [NDTV] (Thread) requires Selenium. Initializing driver...
2026-08-11 10:08:45,328 - INFO - [Indian Express] (Thread) requires Selenium. Initializing driver...
2026-08-11 10:08:45,329 - INFO - Submitted 9 jobs to thread pool. Waiting up to 420s for completion...
2026-08-11 10:08:46,504 - INFO - Found 0 articles in TechCrunch RSS feed. Processing until 8 new articles are saved.
2026-08-11 10:08:48,317 - INFO - Selenium driver initialized successfully (Eager load strategy, 7s timeout).
2026-08-11 10:08:48,319 - INFO - Starting scrape for Wired RSS feed: https://www.wired.com/feed/rss
2026-08-11 10:08:48,489 - INFO - Selenium driver initialized successfully (Eager load strategy, 7s timeout).
2026-08-11 10:08:48,489 - INFO - Starting scrape for NDTV RSS feed: https://feeds.feedburner.com/ndtvnews-top-stories
2026-08-11 10:08:48,605 - INFO - Selenium driver initialized successfully (Eager load strategy, 7s timeout).
2026-08-11 10:08:48,605 - INFO - Starting scrape for BBC RSS feed: http://feeds.bbci.co.uk/news/world/rss.xml
2026-08-11 10:08:48,665 - INFO - Selenium driver initialized successfully (Eager load strategy, 7s timeout).
2026-08-11 10:08:48,673 - INFO - Starting scrape for Economic Times RSS feed: https://economictimes.indiatimes.com/rssfeedsdefault.cms
2026-08-11 10:08:48,710 - INFO - Selenium driver initialized successfully (Eager load strategy, 7s timeout).
2026-08-11 10:08:48,710 - INFO - Starting scrape for Times of India RSS feed: https://timesofindia.indiatimes.com/rssfeeds/296589292.cms
2026-08-11 10:08:48,721 - INFO - Selenium driver initialized successfully (Eager load strategy, 7s timeout).
2026-08-11 10:08:48,721 - INFO - Starting scrape for Indian Express RSS feed: https://indianexpress.com/feed/
2026-08-11 10:08:48,777 - INFO - Selenium driver initialized successfully (Eager load strategy, 7s timeout).
2026-08-11 10:08:48,777 - INFO - Starting scrape for Al Jazeera RSS feed: https://www.aljazeera.com/xml/rss/all.xml
2026-08-11 10:08:48,783 - INFO - Selenium driver initialized successfully (Eager load strategy, 7s timeout).
2026-08-11 10:08:48,784 - INFO - Starting scrape for The Hindu RSS feed: https://www.thehindu.com/news/national/feeder/default.rss
2026-08-11 10:08:48,865 - INFO - Found 50 articles in Wired RSS feed. Processing until 10 new articles are saved.
2026-08-11 10:08:48,866 - INFO - [Wired] Article: https://www.wired.com/story/seedless-blackberries-cherry-bushes-future-of-food/
2026-08-11 10:08:48,866 - INFO - [Wired] Attempt 1/2: Trying with 'requests_browser' strategy...
2026-08-11 10:08:48,874 - INFO - Found 20 articles in Times of India RSS feed. Processing until 20 new articles are saved.
2026-08-11 10:08:48,875 - INFO - [Times of India] Article: https://timesofindia.indiatimes.com/world/rest-of-world/congos-ebola-death-toll-crosses-2000-as-country-battles-fastest-growing-outbreak/articleshow/133149607.cms
2026-08-11 10:08:48,875 - INFO - [Times of India] Attempt 1/1: Trying with 'selenium_browser' strategy...
2026-08-11 10:08:48,896 - INFO - Found 20 articles in NDTV RSS feed. Processing until 10 new articles are saved.
2026-08-11 10:08:48,896 - INFO - [NDTV] Early skip: URL https://www.ndtv.com/world-news/syria-ex-president-bashar-al-assad-sentenced-to-death-for-crimes-against-humanity-11894097#publisher=newsstand already exists.
2026-08-11 10:08:48,898 - INFO - [NDTV] Early skip: URL https://www.ndtv.com/india-news/3-of-family-killed-after-speeding-car-rams-truck-in-madhya-pradesh-11894066#publisher=newsstand already exists.
2026-08-11 10:08:48,900 - INFO - [NDTV] Early skip: URL https://www.ndtv.com/world-news/afghanistan-taliban-government-five-years-on-taliban-builds-global-ties-despite-lack-of-recognition-11893652#publisher=newsstand already exists.
2026-08-11 10:08:48,906 - INFO - [NDTV] Early skip: URL https://www.ndtv.com/world-news/russia-ukraine-war-electric-shocks-sexual-abuse-ex-ukrainian-prisoners-of-war-speak-at-un-11893497#publisher=newsstand already exists.
2026-08-11 10:08:48,909 - INFO - Found 21 articles in BBC RSS feed. Processing until 10 new articles are saved.
2026-08-11 10:08:48,909 - INFO - [BBC] Article: https://www.bbc.co.uk/news/articles/cm2g90vvy62o?at_medium=RSS&at_campaign=rss
2026-08-11 10:08:48,909 - INFO - [BBC] Attempt 1/2: Trying with 'requests_browser' strategy...
2026-08-11 10:08:48,913 - INFO - [NDTV] Early skip: URL https://www.ndtv.com/world-news/why-iran-is-in-spotlight-after-water-systems-hacked-in-7-us-states-11893858#publisher=newsstand already exists.
2026-08-11 10:08:48,923 - INFO - [NDTV] Early skip: URL https://www.ndtv.com/india-news/actor-prakash-raj-claims-name-deleted-from-voter-list-after-sir-in-karnataka-11893913#publisher=newsstand already exists.
2026-08-11 10:08:48,926 - INFO - [NDTV] Early skip: URL https://www.ndtv.com/world-news/chinese-long-march-7a-rocket-explosion-carrying-satellite-explodes-mid-air-after-launch-11893529#publisher=newsstand already exists.
2026-08-11 10:08:48,927 - INFO - [NDTV] Early skip: URL https://www.ndtv.com/world-news/why-tarique-rahmans-attendance-at-brics-summit-is-now-a-key-focus-11893974#publisher=newsstand already exists.
2026-08-11 10:08:48,932 - INFO - [NDTV] Early skip: URL https://www.ndtv.com/india-news/analysis-the-rise-of-religious-yatras-in-punjab-ahead-of-2027-polls-11893718#publisher=newsstand already exists.
2026-08-11 10:08:48,934 - INFO - [NDTV] Early skip: URL https://www.ndtv.com/india-news/parliament-monsoon-session-2026-live-updates-lok-sabha-rajya-sabha-delimitation-bill-fcra-row-kiren-rijiju-amit-shah-rahul-gandhi-11892876#publisher=newsstand already exists.
2026-08-11 10:08:48,946 - INFO - [NDTV] Early skip: URL https://www.ndtv.com/world-news/us-iran-war-6-ships-cross-hormuz-down-from-140-in-pre-war-days-amid-us-iran-deadlock-11893236#publisher=newsstand already exists.
2026-08-11 10:08:48,948 - INFO - [NDTV] Article: https://www.ndtv.com/india-news/in-2003-up-woman-kept-rs-50-lakh-gold-in-bank-locker-now-it-is-missing-11893852#publisher=newsstand
2026-08-11 10:08:48,948 - INFO - [NDTV] Attempt 1/2: Trying with 'requests_browser' strategy...
2026-08-11 10:08:48,960 - INFO - Found 25 articles in Al Jazeera RSS feed. Processing until 8 new articles are saved.
2026-08-11 10:08:48,976 - INFO - [Al Jazeera] Article: https://www.aljazeera.com/opinions/2026/8/11/the-global-souths-digital-future-must-not-belong-to-bezos-and-musk?traffic_source=rss
2026-08-11 10:08:48,987 - INFO - [Al Jazeera] Attempt 1/2: Trying with 'requests_browser' strategy...
2026-08-11 10:08:49,014 - ERROR - parsed tree length: 1, wrong data type or not valid HTML
2026-08-11 10:08:49,015 - ERROR - empty HTML tree: None
2026-08-11 10:08:49,015 - WARNING - discarding data: None
2026-08-11 10:08:49,015 - WARNING - [Wired] FAILED with 'requests_browser' (content was too short: 0 words).
2026-08-11 10:08:49,025 - INFO - Found 60 articles in The Hindu RSS feed. Processing until 20 new articles are saved.
2026-08-11 10:08:49,026 - INFO - [The Hindu] Article: https://www.thehindu.com/news/national/maharashtra/bombay-hc-judge-recuses-from-hearing-challenge-to-maharashtra-special-public-security-act/article71331595.ece
2026-08-11 10:08:49,026 - INFO - [The Hindu] Attempt 1/1: Trying with 'selenium_browser' strategy...
2026-08-11 10:08:49,113 - ERROR - Failed to fetch Indian Express RSS feed: 403 Client Error: Forbidden for url: https://indianexpress.com/feed/
2026-08-11 10:08:49,115 - INFO - [Indian Express] (Thread) Finished. Attempting to shut down its Selenium driver.
2026-08-11 10:08:49,134 - ERROR - [NDTV] Request failed for strategy 'requests_browser' on URL https://www.ndtv.com/india-news/in-2003-up-woman-kept-rs-50-lakh-gold-in-bank-locker-now-it-is-missing-11893852#publisher=newsstand: 403 Client Error: Forbidden for url: https://www.ndtv.com/india-news/in-2003-up-woman-kept-rs-50-lakh-gold-in-bank-locker-now-it-is-missing-11893852#publisher=newsstand
2026-08-11 10:08:49,155 - INFO - [Al Jazeera] Success with 'requests_browser'. Found content (1483 words).
2026-08-11 10:08:49,232 - INFO - [BBC] Success with 'requests_browser'. Found content (677 words).
2026-08-11 10:08:49,232 - INFO - [Indian Express] (Thread) driver.quit() successful.
2026-08-11 10:08:49,388 - INFO - Found 76 articles in Economic Times RSS feed. Processing until 20 new articles are saved.
2026-08-11 10:08:49,400 - INFO - [Economic Times] Article: https://economictimes.indiatimes.com/markets/stocks/news/jupiter-wagons-shares-rally-4-after-rs-211-crore-order-wins-rs-400-crore-bess-project/articleshow/133144988.cms
2026-08-11 10:08:49,400 - INFO - [Economic Times] Attempt 1/2: Trying with 'requests_browser' strategy...
2026-08-11 10:08:49,541 - INFO - [Wired] Article: https://www.wired.com/story/seedless-blackberries-cherry-bushes-future-of-food/
2026-08-11 10:08:49,541 - INFO - [Wired] Attempt 2/2: Trying with 'selenium_browser' strategy...
2026-08-11 10:08:51,098 - INFO - [NDTV] Article: https://www.ndtv.com/india-news/in-2003-up-woman-kept-rs-50-lakh-gold-in-bank-locker-now-it-is-missing-11893852#publisher=newsstand
2026-08-11 10:08:51,098 - INFO - [NDTV] Attempt 2/2: Trying with 'selenium_browser' strategy...
2026-08-11 10:08:52,553 - INFO - [The Hindu] Page content loaded.
2026-08-11 10:08:52,846 - ERROR - parsed tree length: 1, wrong data type or not valid HTML
2026-08-11 10:08:52,846 - ERROR - empty HTML tree: None
2026-08-11 10:08:52,847 - INFO - >>> SUCCESSFULLY SAVED [ID: 101430] - The Global South’s digital future must not belong to Bezos and Musk | Internet | Al Jazeera from Al Jazeera (1483 words)
2026-08-11 10:08:52,854 - WARNING - discarding data: None
2026-08-11 10:08:52,854 - WARNING - [Economic Times] FAILED with 'requests_browser' (content was too short: 0 words).
2026-08-11 10:08:53,213 - INFO - DEDUPLICATION: Found match (Score: 0.85). Linking to Cluster ID: dcaa513f-438e-4de2-8f96-b7c31ef6deae
2026-08-11 10:08:54,593 - INFO - [Economic Times] Article: https://economictimes.indiatimes.com/markets/stocks/news/jupiter-wagons-shares-rally-4-after-rs-211-crore-order-wins-rs-400-crore-bess-project/articleshow/133144988.cms
2026-08-11 10:08:54,593 - INFO - [Economic Times] Attempt 2/2: Trying with 'selenium_browser' strategy...
2026-08-11 10:08:55,050 - INFO - [Al Jazeera] Article: https://www.aljazeera.com/news/2026/8/11/iraqs-semi-autonomous-kurdish-region-suffers-as-us-iran-war-drags-on?traffic_source=rss
2026-08-11 10:08:55,050 - INFO - [Al Jazeera] Attempt 1/2: Trying with 'requests_browser' strategy...
2026-08-11 10:08:56,280 - INFO - >>> SUCCESSFULLY SAVED [ID: 101431] - Trump hidden in catering truck in secret plane swap over Iran threat, reports say - BBC News from BBC (677 words)
2026-08-11 10:08:56,410 - INFO - [Al Jazeera] Success with 'requests_browser'. Found content (1332 words).
2026-08-11 10:08:56,582 - INFO - [The Hindu] Success with 'selenium_browser'. Found content (567 words).
2026-08-11 10:08:56,932 - INFO - [BBC] Article: https://www.bbc.co.uk/news/articles/c151dpzwnvxo?at_medium=RSS&at_campaign=rss
2026-08-11 10:08:56,933 - INFO - [BBC] Attempt 1/2: Trying with 'requests_browser' strategy...
2026-08-11 10:08:57,284 - INFO - [BBC] Success with 'requests_browser'. Found content (682 words).
2026-08-11 10:08:59,308 - INFO - [NDTV] Page content loaded.
2026-08-11 10:09:00,488 - INFO - >>> SUCCESSFULLY SAVED [ID: 101432] - Iraq’s semi-autonomous Kurdish region suffers as US-Iran war drags on | Kurds News | Al Jazeera from Al Jazeera (1332 words)
2026-08-11 10:09:02,131 - WARNING - [Times of India] Page get timed out (7s). Proceeding to grab partial source anyway.
2026-08-11 10:09:02,139 - INFO - [Al Jazeera] Article: https://www.aljazeera.com/economy/2026/8/11/vietnams-vinspace-announces-deal-with-spacex-to-launch-first-satellite?traffic_source=rss
2026-08-11 10:09:02,139 - INFO - [Al Jazeera] Attempt 1/2: Trying with 'requests_browser' strategy...
2026-08-11 10:09:03,611 - INFO - [Times of India] Page content loaded.
2026-08-11 10:09:03,979 - INFO - >>> SUCCESSFULLY SAVED [ID: 101433] - Bombay HC Judge recuses from hearing challenge to Maharashtra Special Public Security Act - The Hindu from The Hindu (567 words)
2026-08-11 10:09:04,107 - INFO - [Al Jazeera] Success with 'requests_browser'. Found content (388 words).
2026-08-11 10:09:05,700 - INFO - [The Hindu] Article: https://www.thehindu.com/news/national/kerala/messi-visit-row-keralas-udf-govt-weighs-anti-corruption-probe-into-argentina-football-match-plan-under-previous-ldf-regime/article71331598.ece
2026-08-11 10:09:05,731 - INFO - [The Hindu] Attempt 1/1: Trying with 'selenium_browser' strategy...
2026-08-11 10:09:07,394 - INFO - >>> SUCCESSFULLY SAVED [ID: 101434] - Russia using North Korean missiles to strike Ukraine, Zelensky says - BBC News from BBC (682 words)
2026-08-11 10:09:07,424 - INFO - [NDTV] Success with 'selenium_browser'. Found content (429 words).
2026-08-11 10:09:08,477 - INFO - [BBC] Article: https://www.bbc.co.uk/news/articles/ce34dkpnyg7o?at_medium=RSS&at_campaign=rss
2026-08-11 10:09:08,477 - INFO - [BBC] Attempt 1/2: Trying with 'requests_browser' strategy...
2026-08-11 10:09:10,945 - INFO - [Wired] Page content loaded.
2026-08-11 10:09:11,940 - INFO - [BBC] Success with 'requests_browser'. Found content (358 words).
2026-08-11 10:09:12,220 - INFO - >>> SUCCESSFULLY SAVED [ID: 101435] - Vietnam’s VinSpace announces deal with SpaceX to launch first satellite | Space News | Al Jazeera from Al Jazeera (388 words)
2026-08-11 10:09:13,176 - INFO - [Economic Times] Page content loaded.
2026-08-11 10:09:13,520 - INFO - [Times of India] Success with 'selenium_browser'. Found content (478 words).
2026-08-11 10:09:13,663 - INFO - [Al Jazeera] Article: https://www.aljazeera.com/news/2026/8/11/colombia-quake-frantic-search-for-survivors-as-over-2700-reported-missing?traffic_source=rss
2026-08-11 10:09:13,663 - INFO - [Al Jazeera] Attempt 1/2: Trying with 'requests_browser' strategy...
2026-08-11 10:09:14,202 - INFO - [Al Jazeera] Success with 'requests_browser'. Found content (1194 words).
2026-08-11 10:09:18,318 - INFO - >>> SUCCESSFULLY SAVED [ID: 101436] - In 2003, UP Woman Kept Rs 50 Lakh Gold In Bank Locker. It Is Now Missing from NDTV (429 words)
2026-08-11 10:09:18,677 - WARNING - [The Hindu] Page explicit wait timed out (3s). Proceeding anyway.
2026-08-11 10:09:18,857 - INFO - [NDTV] Article: https://www.ndtv.com/world-news/columbia-chamber-president-carl-blackstone-steps-down-after-12-years-11893759#publisher=newsstand
2026-08-11 10:09:18,857 - INFO - [NDTV] Attempt 1/2: Trying with 'requests_browser' strategy...
2026-08-11 10:09:19,241 - ERROR - [NDTV] Request failed for strategy 'requests_browser' on URL https://www.ndtv.com/world-news/columbia-chamber-president-carl-blackstone-steps-down-after-12-years-11893759#publisher=newsstand: 403 Client Error: Forbidden for url: https://www.ndtv.com/world-news/columbia-chamber-president-carl-blackstone-steps-down-after-12-years-11893759#publisher=newsstand
2026-08-11 10:09:19,277 - INFO - [Economic Times] Success with 'selenium_browser'. Found content (614 words).
2026-08-11 10:09:19,434 - INFO - DEDUPLICATION: Found match (Score: 0.87). Linking to Cluster ID: a20c6b07-bae5-4dfc-92bf-6c7f2854213b
2026-08-11 10:09:20,930 - INFO - [NDTV] Article: https://www.ndtv.com/world-news/columbia-chamber-president-carl-blackstone-steps-down-after-12-years-11893759#publisher=newsstand
2026-08-11 10:09:20,930 - INFO - [NDTV] Attempt 2/2: Trying with 'selenium_browser' strategy...
2026-08-11 10:09:22,657 - INFO - >>> SUCCESSFULLY SAVED [ID: 101437] - Syria court sentences Bashar al-Assad sentenced to death in absentia - BBC News from BBC (358 words)
2026-08-11 10:09:22,857 - INFO - [Wired] Success with 'selenium_browser'. Found content (2299 words).
2026-08-11 10:09:23,229 - INFO - [BBC] Early skip: URL https://www.bbc.co.uk/news/articles/c20e360lx0vo?at_medium=RSS&at_campaign=rss already exists.
2026-08-11 10:09:23,231 - INFO - [BBC] Article: https://www.bbc.co.uk/news/articles/cp308z9pl30o?at_medium=RSS&at_campaign=rss
2026-08-11 10:09:23,231 - INFO - [BBC] Attempt 1/2: Trying with 'requests_browser' strategy...
2026-08-11 10:09:23,527 - INFO - DEDUPLICATION: Found match (Score: 0.91). Linking to Cluster ID: 02f56512-eb4f-44da-b340-9cdb26adcba1
2026-08-11 10:09:26,428 - ERROR - [The Hindu] Request failed for strategy 'selenium_browser' on URL https://www.thehindu.com/news/national/kerala/messi-visit-row-keralas-udf-govt-weighs-anti-corruption-probe-into-argentina-football-match-plan-under-previous-ldf-regime/article71331598.ece: Message: timeout: Timed out receiving message from renderer: 7.000
  (Session info: chrome=151.0.7922.77)
Stacktrace:
#0 0x55f5c934d82a <unknown>
#1 0x55f5c8cc0fc9 <unknown>
#2 0x55f5c8ca8a2f <unknown>
#3 0x55f5c8ca86a6 <unknown>
#4 0x55f5c8ca6288 <unknown>
#5 0x55f5c8ca6c0f <unknown>
#6 0x55f5c8cb5d70 <unknown>
#7 0x55f5c8ccfd37 <unknown>
#8 0x55f5c8cd770b <unknown>
#9 0x55f5c8ca7369 <unknown>
#10 0x55f5c8ccfa92 <unknown>
#11 0x55f5c8d5f4f6 <unknown>
#12 0x55f5c8d09d32 <unknown>
#13 0x55f5c8d0abb1 <unknown>
#14 0x55f5c9312bb0 <unknown>
#15 0x55f5c931122a <unknown>
#16 0x55f5c92fbc55 <unknown>
#17 0x55f5c9311eea <unknown>
#18 0x55f5c92e3b50 <unknown>
#19 0x55f5c9339208 <unknown>
#20 0x55f5c93393a5 <unknown>
#21 0x55f5c934c3de <unknown>
#22 0x7f6a18c9caa4 <unknown>
#23 0x7f6a18d29c6c <unknown>

2026-08-11 10:09:26,428 - ERROR - [The Hindu] All scrape strategies failed for https://www.thehindu.com/news/national/kerala/messi-visit-row-keralas-udf-govt-weighs-anti-corruption-probe-into-argentina-football-match-plan-under-previous-ldf-regime/article71331598.ece. Falling back to RSS description.
2026-08-11 10:09:26,428 - WARNING - SKIPPED (GLOBAL WORD LIMIT): Article 'Messi visit row: Kerala’s UDF govt weighs anti-corruption probe into Argentina football match plan under previous LDF regime' from The Hindu has only 27 words (Min: 90).
2026-08-11 10:09:26,698 - INFO - [NDTV] Page content loaded.
2026-08-11 10:09:26,698 - INFO - >>> SUCCESSFULLY SAVED [ID: 101438] - Colombia quake: Frantic search for survivors as over 2,700 reported missing | Explainer News | Al Jazeera from Al Jazeera (1194 words)
2026-08-11 10:09:26,884 - INFO - [BBC] Success with 'requests_browser'. Found content (328 words).
2026-08-11 10:09:28,537 - INFO - [Al Jazeera] Article: https://www.aljazeera.com/video/newsfeed/2026/8/11/israeli-settler-violence-is-clear-state?traffic_source=rss
2026-08-11 10:09:28,995 - INFO - [Al Jazeera] Attempt 1/2: Trying with 'requests_browser' strategy...
2026-08-11 10:09:29,013 - INFO - [The Hindu] Article: https://www.thehindu.com/news/national/karnataka/bike-taxis-are-not-public-transport-vehicles-karnataka-tells-supreme-court/article71331806.ece
2026-08-11 10:09:29,014 - INFO - [The Hindu] Attempt 1/1: Trying with 'selenium_browser' strategy...
2026-08-11 10:09:30,209 - INFO - >>> SUCCESSFULLY SAVED [ID: 101439] - Congo’s Ebola death toll crosses 2,000 as country battles fastest-growing outbreak - The Times of India from Times of India (478 words)
2026-08-11 10:09:30,249 - INFO - [NDTV] Success with 'selenium_browser'. Found content (471 words).
2026-08-11 10:09:30,428 - WARNING - [Al Jazeera] FAILED with 'requests_browser' (content was too short: 48 words).
2026-08-11 10:09:31,888 - INFO - [Times of India] Article: https://timesofindia.indiatimes.com/world/us/in-2012-yonkers-tore-up-a-downtown-parking-lot-to-uncover-a-river-buried-for-decades-within-six-months-it-had-created-14000-sq-ft-of-aquatic-habitat/articleshow/133147516.cms
2026-08-11 10:09:31,891 - INFO - [Times of India] Attempt 1/1: Trying with 'selenium_browser' strategy...
2026-08-11 10:09:31,892 - INFO - [Al Jazeera] Article: https://www.aljazeera.com/video/newsfeed/2026/8/11/israeli-settler-violence-is-clear-state?traffic_source=rss
2026-08-11 10:09:33,294 - INFO - [Al Jazeera] Attempt 2/2: Trying with 'selenium_browser' strategy...
2026-08-11 10:09:33,556 - INFO - >>> SUCCESSFULLY SAVED [ID: 101440] - Jupiter Wagons shares rise 4% after Rs 211 crore order wins, Rs 400 crore BESS project - The Economic Times from Economic Times (614 words)
2026-08-11 10:09:35,367 - INFO - [Economic Times] Early skip: URL https://economictimes.indiatimes.com/markets/stocks/news/aarti-pharmalabs-shares-rally-over-33-in-two-days-post-q1-results-what-is-driving-the-surge/articleshow/133144352.cms already exists.
2026-08-11 10:09:35,831 - INFO - [Economic Times] Early skip: URL https://economictimes.indiatimes.com/markets/stocks/news/oil-india-shares-jump-over-5-what-made-emkay-upgrade-the-stock-after-q1-results/articleshow/133143729.cms already exists.
2026-08-11 10:09:36,760 - INFO - [Economic Times] Early skip: URL https://economictimes.indiatimes.com/markets/stocks/news/jubilant-pharmova-shares-decline-6-after-q1-profits-falls-45-yoy/articleshow/133143391.cms already exists.
2026-08-11 10:09:36,762 - INFO - [Economic Times] Early skip: URL https://economictimes.indiatimes.com/markets/stocks/news/pc-jeweller-share-price-jumps-6-as-q1fy27-profit-surges-37-yoy-revenue-up-21/articleshow/133143035.cms already exists.
2026-08-11 10:09:37,019 - INFO - [Economic Times] Early skip: URL https://economictimes.indiatimes.com/markets/stocks/news/info-edge-shares-jump-4-after-strong-q1-show-what-nomura-nuvama-and-other-brokerages-expect-next/articleshow/133142727.cms already exists.
2026-08-11 10:09:37,021 - INFO - [Economic Times] Early skip: URL https://economictimes.indiatimes.com/news/economy/policy/rbi-special-windows-seen-big-enough-to-bring-in-100b/articleshow/132813309.cms already exists.
2026-08-11 10:09:37,022 - INFO - [Economic Times] Early skip: URL https://economictimes.indiatimes.com/news/economy/foreign-trade/india-canada-aim-to-conclude-cepa-trade-pact-by-end-2026-mea/articleshow/132813105.cms already exists.
2026-08-11 10:09:37,023 - INFO - [Economic Times] Early skip: URL https://economictimes.indiatimes.com/news/economy/infrastructure/govts-urban-reset-centre-divides-ministry-of-housing-and-urban-affairs-into-two-specialised-verticals/articleshow/132812900.cms already exists.
2026-08-11 10:09:37,024 - INFO - >>> SUCCESSFULLY SAVED [ID: 101441] - Seedless Blackberries and Cherries That Grow on Bushes Vie to Be the Future of Food | WIRED from Wired (2299 words)
2026-08-11 10:09:37,031 - INFO - [Economic Times] Article: https://economictimes.indiatimes.com/news/economy/foreign-trade/india-uk-ceta-takes-effect-first-zero-duty-indian-coffee-jewellery-consignments-reach-uk-shores/articleshow/132442764.cms
2026-08-11 10:09:37,031 - INFO - [Economic Times] Attempt 1/2: Trying with 'requests_browser' strategy...
2026-08-11 10:09:37,258 - INFO - [Al Jazeera] Page content loaded.
2026-08-11 10:09:37,319 - INFO - DEDUPLICATION: Found match (Score: 0.93). Linking to Cluster ID: 8af04332-8e01-4724-ba5d-47bc54771c11
2026-08-11 10:09:38,804 - INFO - [Wired] Article: https://www.wired.com/story/organoids-lab-grown-brains-neural-networks/
2026-08-11 10:09:38,804 - INFO - [Wired] Attempt 1/2: Trying with 'requests_browser' strategy...
2026-08-11 10:09:40,496 - INFO - >>> SUCCESSFULLY SAVED [ID: 101442] - Libya oil refinery fire: Firefighters battle huge blaze after drone attack - BBC News from BBC (328 words)
2026-08-11 10:09:40,644 - ERROR - parsed tree length: 1, wrong data type or not valid HTML
2026-08-11 10:09:40,654 - ERROR - empty HTML tree: None
2026-08-11 10:09:40,663 - WARNING - discarding data: None
2026-08-11 10:09:40,663 - WARNING - [Wired] FAILED with 'requests_browser' (content was too short: 0 words).
2026-08-11 10:09:40,721 - WARNING - [Al Jazeera] FAILED with 'selenium_browser' (content was too short: 48 words).
2026-08-11 10:09:40,726 - ERROR - [Al Jazeera] All scrape strategies failed for https://www.aljazeera.com/video/newsfeed/2026/8/11/israeli-settler-violence-is-clear-state?traffic_source=rss. Falling back to RSS description.
2026-08-11 10:09:40,726 - WARNING - SKIPPED (GLOBAL WORD LIMIT): Article 'Israeli settler violence is ‘clear state terrorism’' from Al Jazeera has only 7 words (Min: 90).
2026-08-11 10:09:40,777 - INFO - [Economic Times] Success with 'requests_browser'. Found content (946 words).
2026-08-11 10:09:41,229 - INFO - [BBC] Article: https://www.bbc.co.uk/news/articles/c0jl6ewvq42o?at_medium=RSS&at_campaign=rss
2026-08-11 10:09:41,229 - INFO - [BBC] Attempt 1/2: Trying with 'requests_browser' strategy...
2026-08-11 10:09:42,629 - INFO - [Al Jazeera] Early skip: URL https://www.aljazeera.com/gallery/2026/8/11/rescue-efforts-intensify-as-quake-devastates-western-colombia-towns?traffic_source=rss already exists.
2026-08-11 10:09:43,104 - INFO - [Wired] Article: https://www.wired.com/story/organoids-lab-grown-brains-neural-networks/
2026-08-11 10:09:43,104 - INFO - [Wired] Attempt 2/2: Trying with 'selenium_browser' strategy...
2026-08-11 10:09:43,105 - INFO - [Al Jazeera] Early skip: URL https://www.aljazeera.com/sports/2026/8/11/swiatek-to-face-svitolina-in-canadian-open-semifinals-toronto?traffic_source=rss already exists.
2026-08-11 10:09:44,031 - INFO - [Al Jazeera] Early skip: URL https://www.aljazeera.com/news/2026/8/11/what-to-know-about-the-us-primaries-in-connecticut-vermont-and-alabama?traffic_source=rss already exists.
2026-08-11 10:09:44,032 - WARNING - [The Hindu] Page get timed out (7s). Proceeding to grab partial source anyway.
2026-08-11 10:09:44,351 - INFO - [Al Jazeera] Early skip: URL https://www.aljazeera.com/news/2026/8/11/my-father-is-in-rss-indias-gen-z-confronts-modi-loving-parents-at-home?traffic_source=rss already exists.
2026-08-11 10:09:44,354 - INFO - >>> SUCCESSFULLY SAVED [ID: 101443] - Columbia Chamber President Carl Blackstone Steps Down After 12 Years from NDTV (471 words)
2026-08-11 10:09:44,355 - INFO - [Al Jazeera] Early skip: URL https://www.aljazeera.com/news/2026/8/11/bashar-al-assad-atef-najib-sentenced-to-death-in-landmark-syria-trial?traffic_source=rss already exists.
2026-08-11 10:09:44,372 - INFO - [Al Jazeera] Article: https://www.aljazeera.com/video/newsfeed/2026/8/11/trump-sends-conflicting-signals-on-iran-strategy?traffic_source=rss
2026-08-11 10:09:44,372 - INFO - [Al Jazeera] Attempt 1/2: Trying with 'requests_browser' strategy...
2026-08-11 10:09:44,559 - INFO - [BBC] Success with 'requests_browser'. Found content (588 words).
2026-08-11 10:09:44,666 - WARNING - [Al Jazeera] FAILED with 'requests_browser' (content was too short: 50 words).
2026-08-11 10:09:46,348 - INFO - [Al Jazeera] Article: https://www.aljazeera.com/video/newsfeed/2026/8/11/trump-sends-conflicting-signals-on-iran-strategy?traffic_source=rss
2026-08-11 10:09:46,349 - INFO - [Al Jazeera] Attempt 2/2: Trying with 'selenium_browser' strategy...
2026-08-11 10:09:46,810 - INFO - [NDTV] Article: https://www.ndtv.com/india-news/uttarakhand-rainfall-weather-watch-flash-flood-in-uttarakhand-niti-valley-washes-away-vehicles-after-bridge-collapse-11893823#publisher=newsstand
2026-08-11 10:09:46,810 - INFO - [NDTV] Attempt 1/2: Trying with 'requests_browser' strategy...
2026-08-11 10:09:47,756 - INFO - [Times of India] Page content loaded.
2026-08-11 10:09:47,756 - ERROR - Error saving article India-UK CETA takes effect: First zero-duty Indian coffee, jewellery consignments reach UK shores - The Economic Times: Hrana: `stream error: `Error { message: "SQLite error: UNIQUE constraint failed: articles.url", code: "SQLITE_CONSTRAINT" }``
2026-08-11 10:09:48,072 - ERROR - [NDTV] Request failed for strategy 'requests_browser' on URL https://www.ndtv.com/india-news/uttarakhand-rainfall-weather-watch-flash-flood-in-uttarakhand-niti-valley-washes-away-vehicles-after-bridge-collapse-11893823#publisher=newsstand: 403 Client Error: Forbidden for url: https://www.ndtv.com/india-news/uttarakhand-rainfall-weather-watch-flash-flood-in-uttarakhand-niti-valley-washes-away-vehicles-after-bridge-collapse-11893823#publisher=newsstand
2026-08-11 10:09:49,627 - INFO - [NDTV] Article: https://www.ndtv.com/india-news/uttarakhand-rainfall-weather-watch-flash-flood-in-uttarakhand-niti-valley-washes-away-vehicles-after-bridge-collapse-11893823#publisher=newsstand
2026-08-11 10:09:49,627 - INFO - [NDTV] Attempt 2/2: Trying with 'selenium_browser' strategy...
2026-08-11 10:09:49,629 - INFO - [Economic Times] Article: https://economictimes.indiatimes.com/news/economy/foreign-trade/from-oman-to-tanzania-how-the-iran-war-is-redrawing-indias-trade-map/articleshow/131762760.cms
2026-08-11 10:09:49,629 - INFO - [Economic Times] Attempt 1/2: Trying with 'requests_browser' strategy...
2026-08-11 10:09:51,370 - WARNING - [The Hindu] Page explicit wait timed out (3s). Proceeding anyway.
2026-08-11 10:09:51,371 - INFO - >>> SUCCESSFULLY SAVED [ID: 101445] - Australia PM Anthony Albanese under fire for remarks over Sanae Takaichi's melon gift - BBC News from BBC (588 words)
2026-08-11 10:09:51,936 - INFO - [Economic Times] Success with 'requests_browser'. Found content (385 words).
2026-08-11 10:09:52,488 - INFO - [Times of India] Success with 'selenium_browser'. Found content (786 words).
2026-08-11 10:09:52,681 - INFO - [BBC] Early skip: URL https://www.bbc.co.uk/news/articles/cj6307x3wdgo?at_medium=RSS&at_campaign=rss already exists.
2026-08-11 10:09:52,706 - INFO - [BBC] Early skip: URL https://www.bbc.co.uk/news/videos/cjd48zkg5n9o?at_medium=RSS&at_campaign=rss already exists.
2026-08-11 10:09:52,718 - INFO - [BBC] Early skip: URL https://www.bbc.co.uk/news/articles/ce3q5vl581wo?at_medium=RSS&at_campaign=rss already exists.
2026-08-11 10:09:52,740 - INFO - [BBC] Early skip: URL https://www.bbc.co.uk/news/articles/cpvw8vmmgrwo?at_medium=RSS&at_campaign=rss already exists.
2026-08-11 10:09:52,750 - INFO - [BBC] Early skip: URL https://www.bbc.co.uk/news/articles/c62vj8eywdlo?at_medium=RSS&at_campaign=rss already exists.
2026-08-11 10:09:52,794 - INFO - [BBC] Early skip: URL https://www.bbc.co.uk/news/articles/cx2lwpzz6qjo?at_medium=RSS&at_campaign=rss already exists.
2026-08-11 10:09:52,827 - INFO - [BBC] Early skip: URL https://www.bbc.co.uk/news/articles/c78gr0jv0mdo?at_medium=RSS&at_campaign=rss already exists.
2026-08-11 10:09:52,836 - INFO - [BBC] Early skip: URL https://www.bbc.co.uk/sport/basketball/articles/ckg3enx6rj6o?at_medium=RSS&at_campaign=rss already exists.
2026-08-11 10:09:52,863 - INFO - [BBC] Early skip: URL https://www.bbc.co.uk/news/articles/cn9n8pqglg4o?at_medium=RSS&at_campaign=rss already exists.
2026-08-11 10:09:52,865 - INFO - [BBC] Early skip: URL https://www.bbc.co.uk/news/articles/cvgxjn92x9jo?at_medium=RSS&at_campaign=rss already exists.
2026-08-11 10:09:52,889 - INFO - [BBC] Early skip: URL https://www.bbc.co.uk/news/articles/c9q94lxqrzzo?at_medium=RSS&at_campaign=rss already exists.
2026-08-11 10:09:52,899 - INFO - [BBC] Early skip: URL https://www.bbc.co.uk/news/videos/cz6473llqpwo?at_medium=RSS&at_campaign=rss already exists.
2026-08-11 10:09:52,901 - INFO - [BBC] Early skip: URL https://www.bbc.co.uk/news/videos/cm2g97nnr5go?at_medium=RSS&at_campaign=rss already exists.
2026-08-11 10:09:52,920 - INFO - [BBC] Early skip: URL https://www.bbc.co.uk/news/videos/c1w148g9e5vo?at_medium=RSS&at_campaign=rss already exists.
2026-08-11 10:09:52,931 - INFO - [BBC] Early skip: URL https://www.bbc.co.uk/news/videos/cly5zpx0ypdo?at_medium=RSS&at_campaign=rss already exists.
2026-08-11 10:09:52,941 - INFO - [BBC] (Thread) Finished. Attempting to shut down its Selenium driver.
2026-08-11 10:09:53,115 - INFO - [BBC] (Thread) driver.quit() successful.
2026-08-11 10:09:56,665 - ERROR - Error saving article From Oman to Tanzania: How the Iran war is redrawing India’s trade map - The Economic Times: Hrana: `stream error: `Error { message: "SQLite error: UNIQUE constraint failed: articles.url", code: "SQLITE_CONSTRAINT" }``
2026-08-11 10:09:56,757 - INFO - [NDTV] Page content loaded.
2026-08-11 10:09:58,787 - INFO - [Economic Times] Article: https://economictimes.indiatimes.com/news/economy/policy/fm-sitharaman-flags-global-crisis-spillovers-unfair-burden-on-developing-nations/articleshow/131668427.cms
2026-08-11 10:09:58,787 - INFO - [Economic Times] Attempt 1/2: Trying with 'requests_browser' strategy...
2026-08-11 10:09:59,252 - INFO - [Al Jazeera] Page content loaded.
2026-08-11 10:09:59,284 - ERROR - [The Hindu] Request failed for strategy 'selenium_browser' on URL https://www.thehindu.com/news/national/karnataka/bike-taxis-are-not-public-transport-vehicles-karnataka-tells-supreme-court/article71331806.ece: Message: timeout: Timed out receiving message from renderer: 7.000
  (Session info: chrome=151.0.7922.77)
Stacktrace:
#0 0x55f5c934d82a <unknown>
#1 0x55f5c8cc0fc9 <unknown>
#2 0x55f5c8ca76c5 <unknown>
#3 0x55f5c8ccf59b <unknown>
#4 0x55f5c8d5f066 <unknown>
#5 0x55f5c8d09d32 <unknown>
#6 0x55f5c8d0abb1 <unknown>
#7 0x55f5c9312bb0 <unknown>
#8 0x55f5c931122a <unknown>
#9 0x55f5c92fbc55 <unknown>
#10 0x55f5c9311eea <unknown>
#11 0x55f5c92e3b50 <unknown>
#12 0x55f5c9339208 <unknown>
#13 0x55f5c93393a5 <unknown>
#14 0x55f5c934c3de <unknown>
#15 0x7f6a18c9caa4 <unknown>
#16 0x7f6a18d29c6c <unknown>

2026-08-11 10:09:59,285 - ERROR - [The Hindu] All scrape strategies failed for https://www.thehindu.com/news/national/karnataka/bike-taxis-are-not-public-transport-vehicles-karnataka-tells-supreme-court/article71331806.ece. Falling back to RSS description.
2026-08-11 10:09:59,285 - WARNING - SKIPPED (GLOBAL WORD LIMIT): Article 'Bike taxis are not public transport vehicles, Karnataka tells Supreme Court' from The Hindu has only 33 words (Min: 90).
2026-08-11 10:10:00,264 - INFO - [The Hindu] Early skip: URL https://www.thehindu.com/news/national/tamil-nadu/woman-farmer-breaks-down-as-over-100-trees-felled-for-power-tower-in-kallakurichi/article71325423.ece already exists.
2026-08-11 10:10:00,518 - INFO - [The Hindu] Early skip: URL https://www.thehindu.com/news/national/parliament-monsoon-session-day-17-lok-sabha-rajya-sabha-live-updates-august-11-2026/article71330961.ece already exists.
2026-08-11 10:10:00,519 - INFO - >>> SUCCESSFULLY SAVED [ID: 101447] - River: In 2012, Yonkers tore up a downtown parking lot to uncover a river buried for decades; within six months it had created 14,000 sq ft of aquatic habitat - The Times of India from Times of India (786 words)
2026-08-11 10:10:00,520 - INFO - [The Hindu] Article: https://www.thehindu.com/news/national/odisha/activists-express-concerns-over-exploitation-of-bauxite-deposits-in-odisha/article71331646.ece
2026-08-11 10:10:00,520 - INFO - [The Hindu] Attempt 1/1: Trying with 'selenium_browser' strategy...
2026-08-11 10:10:00,630 - WARNING - [Al Jazeera] FAILED with 'selenium_browser' (content was too short: 54 words).
2026-08-11 10:10:00,630 - ERROR - [Al Jazeera] All scrape strategies failed for https://www.aljazeera.com/video/newsfeed/2026/8/11/trump-sends-conflicting-signals-on-iran-strategy?traffic_source=rss. Falling back to RSS description.
2026-08-11 10:10:00,630 - WARNING - SKIPPED (GLOBAL WORD LIMIT): Article 'Trump sends conflicting signals on Iran strategy' from Al Jazeera has only 7 words (Min: 90).
2026-08-11 10:10:00,819 - INFO - [NDTV] Success with 'selenium_browser'. Found content (494 words).
2026-08-11 10:10:00,903 - INFO - [Economic Times] Success with 'requests_browser'. Found content (317 words).
2026-08-11 10:10:02,970 - INFO - [Times of India] Article: https://timesofindia.indiatimes.com/world/us-streamers/qtcinderellas-homophobic-friends-controversy-explained-streamer-addresses-backlash-over-her-past-comments/articleshow/133149275.cms
2026-08-11 10:10:02,970 - INFO - [Times of India] Attempt 1/1: Trying with 'selenium_browser' strategy...
2026-08-11 10:10:02,970 - INFO - [Al Jazeera] Early skip: URL https://www.aljazeera.com/news/2026/8/11/iran-threat-prompted-secret-trump-flight-from-turkiye-reports?traffic_source=rss already exists.
2026-08-11 10:10:03,149 - INFO - [Al Jazeera] Early skip: URL https://www.aljazeera.com/opinions/2026/8/11/ukraines-40-day-campaign-has-not-brought-the-war-closer-to-an-end?traffic_source=rss already exists.
2026-08-11 10:10:03,171 - INFO - [Al Jazeera] Early skip: URL https://www.aljazeera.com/news/2026/8/11/indonesian-officials-race-to-contain-wildfires-as-dozens-of-schools-shut?traffic_source=rss already exists.
2026-08-11 10:10:03,229 - INFO - [Al Jazeera] Article: https://www.aljazeera.com/video/money-works/2026/8/11/what-is-the-us-spending-all-their-war-money-on?traffic_source=rss
2026-08-11 10:10:03,229 - INFO - [Al Jazeera] Attempt 1/2: Trying with 'requests_browser' strategy...
2026-08-11 10:10:03,967 - WARNING - [Al Jazeera] FAILED with 'requests_browser' (content was too short: 62 words).
2026-08-11 10:10:05,559 - INFO - [Al Jazeera] Article: https://www.aljazeera.com/video/money-works/2026/8/11/what-is-the-us-spending-all-their-war-money-on?traffic_source=rss
2026-08-11 10:10:05,559 - INFO - [Al Jazeera] Attempt 2/2: Trying with 'selenium_browser' strategy...
2026-08-11 10:10:06,952 - ERROR - Error saving article FM Sitharaman flags global crisis spillovers, unfair burden on developing nations - The Economic Times: Hrana: `stream error: `Error { message: "SQLite error: UNIQUE constraint failed: articles.url", code: "SQLITE_CONSTRAINT" }``
2026-08-11 10:10:09,227 - INFO - [Wired] Page content loaded.
2026-08-11 10:10:09,236 - INFO - [Economic Times] Article: https://economictimes.indiatimes.com/tech/technology/apple-faces-indian-engineers-bias-lawsuit/articleshow/81694292.cms
2026-08-11 10:10:09,236 - INFO - [Economic Times] Attempt 1/2: Trying with 'requests_browser' strategy...
2026-08-11 10:10:10,431 - INFO - >>> SUCCESSFULLY SAVED [ID: 101449] - Uttarakhand rainfall, weather, Watch: Flash Flood In Uttarakhand Niti Valley Washes Away Vehicles After Bridge Collapse from NDTV (494 words)
2026-08-11 10:10:10,538 - ERROR - parsed tree length: 1, wrong data type or not valid HTML
2026-08-11 10:10:10,538 - ERROR - empty HTML tree: None
2026-08-11 10:10:10,539 - WARNING - discarding data: None
2026-08-11 10:10:10,539 - WARNING - [Economic Times] FAILED with 'requests_browser' (content was too short: 0 words).
2026-08-11 10:10:10,938 - INFO - [Wired] Success with 'selenium_browser'. Found content (4206 words).
2026-08-11 10:10:11,215 - INFO - [Economic Times] Article: https://economictimes.indiatimes.com/tech/technology/apple-faces-indian-engineers-bias-lawsuit/articleshow/81694292.cms
2026-08-11 10:10:11,218 - INFO - [Economic Times] Attempt 2/2: Trying with 'selenium_browser' strategy...
2026-08-11 10:10:12,691 - INFO - [NDTV] Article: https://www.ndtv.com/artificial-intelligence/anthropic-introduces-invisible-watermarks-to-identify-ai-generated-text-and-files-11893802#publisher=newsstand
2026-08-11 10:10:12,691 - INFO - [NDTV] Attempt 1/2: Trying with 'requests_browser' strategy...
2026-08-11 10:10:14,590 - INFO - [Al Jazeera] Page content loaded.
2026-08-11 10:10:14,592 - INFO - >>> SUCCESSFULLY SAVED [ID: 101450] - AI Is Dead. Organoids Are Alive | WIRED from Wired (4206 words)
2026-08-11 10:10:14,788 - ERROR - [NDTV] Request failed for strategy 'requests_browser' on URL https://www.ndtv.com/artificial-intelligence/anthropic-introduces-invisible-watermarks-to-identify-ai-generated-text-and-files-11893802#publisher=newsstand: 403 Client Error: Forbidden for url: https://www.ndtv.com/artificial-intelligence/anthropic-introduces-invisible-watermarks-to-identify-ai-generated-text-and-files-11893802#publisher=newsstand
2026-08-11 10:10:14,841 - WARNING - [Al Jazeera] FAILED with 'selenium_browser' (content was too short: 66 words).
2026-08-11 10:10:14,841 - ERROR - [Al Jazeera] All scrape strategies failed for https://www.aljazeera.com/video/money-works/2026/8/11/what-is-the-us-spending-all-their-war-money-on?traffic_source=rss. Falling back to RSS description.
2026-08-11 10:10:14,841 - WARNING - SKIPPED (GLOBAL WORD LIMIT): Article 'What is the US spending all their war money on?' from Al Jazeera has only 14 words (Min: 90).
2026-08-11 10:10:15,304 - INFO - [NDTV] Article: https://www.ndtv.com/artificial-intelligence/anthropic-introduces-invisible-watermarks-to-identify-ai-generated-text-and-files-11893802#publisher=newsstand
2026-08-11 10:10:15,305 - INFO - [NDTV] Attempt 2/2: Trying with 'selenium_browser' strategy...
2026-08-11 10:10:15,701 - INFO - [Al Jazeera] Article: https://www.aljazeera.com/news/2026/8/11/mass-grave-with-25-bodies-found-in-sudans-kurmuk-after-army-retakes-town?traffic_source=rss
2026-08-11 10:10:15,701 - INFO - [Al Jazeera] Attempt 1/2: Trying with 'requests_browser' strategy...
2026-08-11 10:10:15,939 - INFO - [Al Jazeera] Success with 'requests_browser'. Found content (405 words).
2026-08-11 10:10:16,023 - INFO - [Wired] Article: https://www.wired.com/story/best-red-light-therapy-for-hair-growth/
2026-08-11 10:10:16,024 - INFO - [Wired] Attempt 1/2: Trying with 'requests_browser' strategy...
2026-08-11 10:10:16,213 - ERROR - parsed tree length: 1, wrong data type or not valid HTML
2026-08-11 10:10:16,216 - ERROR - empty HTML tree: None
2026-08-11 10:10:16,221 - WARNING - discarding data: None
2026-08-11 10:10:16,221 - WARNING - [Wired] FAILED with 'requests_browser' (content was too short: 0 words).
2026-08-11 10:10:16,311 - WARNING - [The Hindu] Page get timed out (7s). Proceeding to grab partial source anyway.
2026-08-11 10:10:18,165 - INFO - [Wired] Article: https://www.wired.com/story/best-red-light-therapy-for-hair-growth/
2026-08-11 10:10:18,166 - INFO - [Wired] Attempt 2/2: Trying with 'selenium_browser' strategy...
2026-08-11 10:10:19,549 - INFO - [NDTV] Page content loaded.
2026-08-11 10:10:19,550 - INFO - [Times of India] Page content loaded.
2026-08-11 10:10:19,815 - INFO - >>> SUCCESSFULLY SAVED [ID: 101451] - Mass grave with 25 bodies found in Sudan’s Kurmuk after army retakes town | Sudan war News | Al Jazeera from Al Jazeera (405 words)
2026-08-11 10:10:20,452 - INFO - [Al Jazeera] Early skip: URL https://www.aljazeera.com/sports/2026/8/11/donald-trump-says-replacing-gianni-infantino-would-be-a-terrible-mistake?traffic_source=rss already exists.
2026-08-11 10:10:20,455 - INFO - [Al Jazeera] Early skip: URL https://www.aljazeera.com/news/2026/8/11/russian-attacks-kill-six-in-ukraines-zaporizhzhia?traffic_source=rss already exists.
2026-08-11 10:10:20,457 - INFO - [Al Jazeera] Early skip: URL https://www.aljazeera.com/news/2026/8/11/yemens-houthis-launch-ballistic-missile-attacks-on-al-makha-and-marib?traffic_source=rss already exists.
2026-08-11 10:10:20,459 - INFO - [Al Jazeera] Article: https://www.aljazeera.com/video/newsfeed/2026/8/11/aje-onl-nf_somali-referee-arrives-for-uefa-super-cup-110826?traffic_source=rss
2026-08-11 10:10:20,459 - INFO - [Al Jazeera] Attempt 1/2: Trying with 'requests_browser' strategy...
2026-08-11 10:10:20,596 - INFO - [NDTV] Success with 'selenium_browser'. Found content (480 words).
2026-08-11 10:10:20,790 - WARNING - [Al Jazeera] FAILED with 'requests_browser' (content was too short: 72 words).
2026-08-11 10:10:21,385 - INFO - [Al Jazeera] Article: https://www.aljazeera.com/video/newsfeed/2026/8/11/aje-onl-nf_somali-referee-arrives-for-uefa-super-cup-110826?traffic_source=rss
2026-08-11 10:10:21,385 - INFO - [Al Jazeera] Attempt 2/2: Trying with 'selenium_browser' strategy...
2026-08-11 10:10:23,623 - WARNING - [The Hindu] Page explicit wait timed out (3s). Proceeding anyway.
2026-08-11 10:10:25,262 - INFO - >>> SUCCESSFULLY SAVED [ID: 101452] - Anthropic Introduces Invisible Watermarks To Identify AI Generated Text And Files from NDTV (480 words)
2026-08-11 10:10:26,286 - INFO - [Al Jazeera] Page content loaded.
2026-08-11 10:10:26,326 - INFO - [NDTV] Article: https://www.ndtv.com/andhra-pradesh-news/andhra-pradeshs-velampeta-slum-redevelopment-project-to-house-177-families-11893766#publisher=newsstand
2026-08-11 10:10:26,326 - INFO - [NDTV] Attempt 1/2: Trying with 'requests_browser' strategy...
2026-08-11 10:10:26,566 - ERROR - [NDTV] Request failed for strategy 'requests_browser' on URL https://www.ndtv.com/andhra-pradesh-news/andhra-pradeshs-velampeta-slum-redevelopment-project-to-house-177-families-11893766#publisher=newsstand: 403 Client Error: Forbidden for url: https://www.ndtv.com/andhra-pradesh-news/andhra-pradeshs-velampeta-slum-redevelopment-project-to-house-177-families-11893766#publisher=newsstand
2026-08-11 10:10:27,002 - WARNING - [Al Jazeera] FAILED with 'selenium_browser' (content was too short: 76 words).
2026-08-11 10:10:27,003 - ERROR - [Al Jazeera] All scrape strategies failed for https://www.aljazeera.com/video/newsfeed/2026/8/11/aje-onl-nf_somali-referee-arrives-for-uefa-super-cup-110826?traffic_source=rss. Falling back to RSS description.
2026-08-11 10:10:27,003 - WARNING - SKIPPED (GLOBAL WORD LIMIT): Article 'Somali referee arrives for UEFA Super Cup after World Cup exclusion' from Al Jazeera has only 18 words (Min: 90).
2026-08-11 10:10:27,480 - INFO - [NDTV] Article: https://www.ndtv.com/andhra-pradesh-news/andhra-pradeshs-velampeta-slum-redevelopment-project-to-house-177-families-11893766#publisher=newsstand
2026-08-11 10:10:27,480 - INFO - [NDTV] Attempt 2/2: Trying with 'selenium_browser' strategy...
2026-08-11 10:10:28,257 - INFO - [Al Jazeera] Article: https://www.aljazeera.com/video/newsfeed/2026/8/11/family-watches-helplessly-as-colombia-quake-destroys-home?traffic_source=rss
2026-08-11 10:10:28,257 - INFO - [Al Jazeera] Attempt 1/2: Trying with 'requests_browser' strategy...
2026-08-11 10:10:28,594 - WARNING - [Al Jazeera] FAILED with 'requests_browser' (content was too short: 50 words).
2026-08-11 10:10:29,286 - INFO - [Al Jazeera] Article: https://www.aljazeera.com/video/newsfeed/2026/8/11/family-watches-helplessly-as-colombia-quake-destroys-home?traffic_source=rss
2026-08-11 10:10:29,286 - INFO - [Al Jazeera] Attempt 2/2: Trying with 'selenium_browser' strategy...
2026-08-11 10:10:30,675 - ERROR - [The Hindu] Request failed for strategy 'selenium_browser' on URL https://www.thehindu.com/news/national/odisha/activists-express-concerns-over-exploitation-of-bauxite-deposits-in-odisha/article71331646.ece: Message: timeout: Timed out receiving message from renderer: 7.000
  (Session info: chrome=151.0.7922.77)
Stacktrace:
#0 0x55f5c934d82a <unknown>
#1 0x55f5c8cc0fc9 <unknown>
#2 0x55f5c8ca8a2f <unknown>
#3 0x55f5c8ca86a6 <unknown>
#4 0x55f5c8ca6288 <unknown>
#5 0x55f5c8ca6c0f <unknown>
#6 0x55f5c8cb5d70 <unknown>
#7 0x55f5c8ccfd37 <unknown>
#8 0x55f5c8cd770b <unknown>
#9 0x55f5c8ca7369 <unknown>
#10 0x55f5c8ccfa92 <unknown>
#11 0x55f5c8d5f066 <unknown>
#12 0x55f5c8d09d32 <unknown>
#13 0x55f5c8d0abb1 <unknown>
#14 0x55f5c9312bb0 <unknown>
#15 0x55f5c931122a <unknown>
#16 0x55f5c92fbc55 <unknown>
#17 0x55f5c9311eea <unknown>
#18 0x55f5c92e3b50 <unknown>
#19 0x55f5c9339208 <unknown>
#20 0x55f5c93393a5 <unknown>
#21 0x55f5c934c3de <unknown>
#22 0x7f6a18c9caa4 <unknown>
#23 0x7f6a18d29c6c <unknown>

2026-08-11 10:10:30,675 - ERROR - [The Hindu] All scrape strategies failed for https://www.thehindu.com/news/national/odisha/activists-express-concerns-over-exploitation-of-bauxite-deposits-in-odisha/article71331646.ece. Falling back to RSS description.
2026-08-11 10:10:30,675 - WARNING - SKIPPED (GLOBAL WORD LIMIT): Article 'Activists express concerns over ‘exploitation’ of bauxite deposits in Odisha' from The Hindu has only 20 words (Min: 90).
2026-08-11 10:10:31,249 - INFO - [The Hindu] Article: https://www.thehindu.com/news/national/suspected-terrorists-spotted-scaling-ramtund-peak-in-jampk-doda-search-operation-underway/article71331805.ece
2026-08-11 10:10:31,249 - INFO - [The Hindu] Attempt 1/1: Trying with 'selenium_browser' strategy...
2026-08-11 10:10:32,218 - INFO - [NDTV] Page content loaded.
2026-08-11 10:10:33,119 - INFO - [NDTV] Success with 'selenium_browser'. Found content (348 words).
2026-08-11 10:10:37,342 - INFO - >>> SUCCESSFULLY SAVED [ID: 101453] - Andhra Pradesh's Velampeta Slum Redevelopment Project To House 177 Families from NDTV (348 words)
2026-08-11 10:10:38,765 - INFO - [NDTV] Early skip: URL https://www.ndtv.com/opinion/google-is-turning-the-internet-into-its-own-prison-and-nobody-can-do-anything-about-it-11893726#publisher=newsstand already exists.
2026-08-11 10:10:38,767 - INFO - [NDTV] Early skip: URL https://www.ndtv.com/india-news/protest-vs-protest-outside-parliament-as-monsoon-session-logjam-continues-11893450#publisher=newsstand already exists.
2026-08-11 10:10:38,772 - INFO - [NDTV] Early skip: URL https://www.ndtv.com/world-news/indian-techie-dies-in-us-after-pickup-truck-rams-his-car-head-on-11893222#publisher=newsstand already exists.
2026-08-11 10:10:38,773 - INFO - [NDTV] Early skip: URL https://www.ndtv.com/india-news/weather-today-live-updates-delhi-ncr-rain-live-monsoon-update-delhi-ncr-sees-10-days-of-satisfactory-air-quality-11892478#publisher=newsstand already exists.
2026-08-11 10:10:38,792 - INFO - [NDTV] (Thread) Finished. Attempting to shut down its Selenium driver.
2026-08-11 10:10:38,898 - INFO - [Al Jazeera] Page content loaded.
2026-08-11 10:10:38,982 - INFO - [NDTV] (Thread) driver.quit() successful.
2026-08-11 10:10:39,507 - WARNING - [Al Jazeera] FAILED with 'selenium_browser' (content was too short: 54 words).
2026-08-11 10:10:39,507 - ERROR - [Al Jazeera] All scrape strategies failed for https://www.aljazeera.com/video/newsfeed/2026/8/11/family-watches-helplessly-as-colombia-quake-destroys-home?traffic_source=rss. Falling back to RSS description.
2026-08-11 10:10:39,507 - WARNING - SKIPPED (GLOBAL WORD LIMIT): Article 'Family watches helplessly as Colombia quake destroys home' from Al Jazeera has only 14 words (Min: 90).
2026-08-11 10:10:39,863 - INFO - [Wired] Page content loaded.
2026-08-11 10:10:40,818 - INFO - [Al Jazeera] Early skip: URL https://www.aljazeera.com/news/2026/8/11/trumps-media-company-reports-238m-loss?traffic_source=rss already exists.
2026-08-11 10:10:40,826 - INFO - [Al Jazeera] Early skip: URL https://www.aljazeera.com/news/2026/8/11/huge-fire-breaks-out-at-libyas-zawiya-refinery-after-drone-attack?traffic_source=rss already exists.
2026-08-11 10:10:40,828 - INFO - [Al Jazeera] Article: https://www.aljazeera.com/video/newsfeed/2026/8/11/08-11-2026-china-rocket-explodes-clip?traffic_source=rss
2026-08-11 10:10:40,828 - INFO - [Al Jazeera] Attempt 1/2: Trying with 'requests_browser' strategy...
2026-08-11 10:10:41,075 - WARNING - [Al Jazeera] FAILED with 'requests_browser' (content was too short: 45 words).
2026-08-11 10:10:42,133 - INFO - [Al Jazeera] Article: https://www.aljazeera.com/video/newsfeed/2026/8/11/08-11-2026-china-rocket-explodes-clip?traffic_source=rss
2026-08-11 10:10:42,133 - INFO - [Al Jazeera] Attempt 2/2: Trying with 'selenium_browser' strategy...
2026-08-11 10:10:42,771 - INFO - [Wired] Success with 'selenium_browser'. Found content (2264 words).
2026-08-11 10:10:45,206 - INFO - [Times of India] Success with 'selenium_browser'. Found content (443 words).
2026-08-11 10:10:45,332 - WARNING - [The Hindu] Page get timed out (7s). Proceeding to grab partial source anyway.
2026-08-11 10:10:48,396 - ERROR - Error saving article Best Red-Light Therapy for Hair Growth and Restoration (2026) | WIRED: Hrana: `stream error: `Error { message: "SQLite error: UNIQUE constraint failed: articles.url", code: "SQLITE_CONSTRAINT" }``
2026-08-11 10:10:50,021 - INFO - [Wired] Article: https://www.wired.com/story/ai-helping-solve-intricate-genetic-puzzle-schizophrenia/
2026-08-11 10:10:50,021 - INFO - [Wired] Attempt 1/2: Trying with 'requests_browser' strategy...
2026-08-11 10:10:50,482 - INFO - [Al Jazeera] Page content loaded.
2026-08-11 10:10:51,696 - INFO - >>> SUCCESSFULLY SAVED [ID: 101455] - Qtcinderella Controversy: QTCinderella’s homophobic friends controversy explained: Streamer addresses backlash over her past comments - The Times of India from Times of India (443 words)
2026-08-11 10:10:51,737 - ERROR - parsed tree length: 1, wrong data type or not valid HTML
2026-08-11 10:10:51,737 - ERROR - empty HTML tree: None
2026-08-11 10:10:51,737 - WARNING - discarding data: None
2026-08-11 10:10:51,737 - WARNING - [Wired] FAILED with 'requests_browser' (content was too short: 0 words).
2026-08-11 10:10:51,862 - WARNING - [Al Jazeera] FAILED with 'selenium_browser' (content was too short: 49 words).
2026-08-11 10:10:51,863 - ERROR - [Al Jazeera] All scrape strategies failed for https://www.aljazeera.com/video/newsfeed/2026/8/11/08-11-2026-china-rocket-explodes-clip?traffic_source=rss. Falling back to RSS description.
2026-08-11 10:10:51,863 - WARNING - SKIPPED (GLOBAL WORD LIMIT): Article 'China’s Long March 7A rocket explodes after lift-off' from Al Jazeera has only 17 words (Min: 90).
2026-08-11 10:10:52,398 - WARNING - [The Hindu] Page explicit wait timed out (3s). Proceeding anyway.
2026-08-11 10:10:52,493 - INFO - [Times of India] Article: https://timesofindia.indiatimes.com/world/us/new-haven-turned-a-capped-landfill-into-a-1920-panel-solar-farm-the-site-now-powers-about-200-homes-and-pays-the-city-72000-a-year/articleshow/133149344.cms
2026-08-11 10:10:52,493 - INFO - [Times of India] Attempt 1/1: Trying with 'selenium_browser' strategy...
2026-08-11 10:10:52,547 - INFO - [Wired] Article: https://www.wired.com/story/ai-helping-solve-intricate-genetic-puzzle-schizophrenia/
2026-08-11 10:10:52,548 - INFO - [Wired] Attempt 2/2: Trying with 'selenium_browser' strategy...
2026-08-11 10:10:53,162 - INFO - [Al Jazeera] Article: https://www.aljazeera.com/video/newsfeed/2026/8/11/fire-rages-after-drone-strikes-libyas-largest-oil-refinery?traffic_source=rss
2026-08-11 10:10:53,163 - INFO - [Al Jazeera] Attempt 1/2: Trying with 'requests_browser' strategy...
2026-08-11 10:10:53,366 - WARNING - [Al Jazeera] FAILED with 'requests_browser' (content was too short: 60 words).
2026-08-11 10:10:54,155 - INFO - [Al Jazeera] Article: https://www.aljazeera.com/video/newsfeed/2026/8/11/fire-rages-after-drone-strikes-libyas-largest-oil-refinery?traffic_source=rss
2026-08-11 10:10:54,155 - INFO - [Al Jazeera] Attempt 2/2: Trying with 'selenium_browser' strategy...
2026-08-11 10:10:56,136 - INFO - [Al Jazeera] Page content loaded.
2026-08-11 10:10:56,419 - WARNING - [Al Jazeera] FAILED with 'selenium_browser' (content was too short: 64 words).
2026-08-11 10:10:56,419 - ERROR - [Al Jazeera] All scrape strategies failed for https://www.aljazeera.com/video/newsfeed/2026/8/11/fire-rages-after-drone-strikes-libyas-largest-oil-refinery?traffic_source=rss. Falling back to RSS description.
2026-08-11 10:10:56,419 - WARNING - SKIPPED (GLOBAL WORD LIMIT): Article 'Fire rages after drone strikes Libya’s largest oil refinery' from Al Jazeera has only 15 words (Min: 90).
2026-08-11 10:10:57,615 - INFO - [Al Jazeera] (Thread) Finished. Attempting to shut down its Selenium driver.
2026-08-11 10:10:57,855 - INFO - [Al Jazeera] (Thread) driver.quit() successful.
2026-08-11 10:10:59,244 - INFO - [Times of India] Page content loaded.
2026-08-11 10:10:59,431 - ERROR - [The Hindu] Request failed for strategy 'selenium_browser' on URL https://www.thehindu.com/news/national/suspected-terrorists-spotted-scaling-ramtund-peak-in-jampk-doda-search-operation-underway/article71331805.ece: Message: timeout: Timed out receiving message from renderer: 7.000
  (Session info: chrome=151.0.7922.77)
Stacktrace:
#0 0x55f5c934d82a <unknown>
#1 0x55f5c8cc0fc9 <unknown>
#2 0x55f5c8ca8a2f <unknown>
#3 0x55f5c8ca86a6 <unknown>
#4 0x55f5c8ca6288 <unknown>
#5 0x55f5c8ca6c0f <unknown>
#6 0x55f5c8cb5d70 <unknown>
#7 0x55f5c8ccfd37 <unknown>
#8 0x55f5c8cd770b <unknown>
#9 0x55f5c8ca7369 <unknown>
#10 0x55f5c8ccfa92 <unknown>
#11 0x55f5c8d5f066 <unknown>
#12 0x55f5c8d09d32 <unknown>
#13 0x55f5c8d0abb1 <unknown>
#14 0x55f5c9312bb0 <unknown>
#15 0x55f5c931122a <unknown>
#16 0x55f5c92fbc55 <unknown>
#17 0x55f5c9311eea <unknown>
#18 0x55f5c92e3b50 <unknown>
#19 0x55f5c9339208 <unknown>
#20 0x55f5c93393a5 <unknown>
#21 0x55f5c934c3de <unknown>
#22 0x7f6a18c9caa4 <unknown>
#23 0x7f6a18d29c6c <unknown>

2026-08-11 10:10:59,431 - ERROR - [The Hindu] All scrape strategies failed for https://www.thehindu.com/news/national/suspected-terrorists-spotted-scaling-ramtund-peak-in-jampk-doda-search-operation-underway/article71331805.ece. Falling back to RSS description.
2026-08-11 10:10:59,431 - WARNING - SKIPPED (GLOBAL WORD LIMIT): Article 'Four suspected terrorists spotted scaling Ramtund peak in J&K's Doda; search operation under way' from The Hindu has only 29 words (Min: 90).
2026-08-11 10:10:59,979 - INFO - [Times of India] Success with 'selenium_browser'. Found content (742 words).
2026-08-11 10:11:01,972 - INFO - [The Hindu] Article: https://www.thehindu.com/news/national/tamil-nadu/tamil-nadu-assembly-passes-resolution-urging-centre-to-withdraw-fcra-amendment-bill/article71331638.ece
2026-08-11 10:11:01,973 - INFO - [The Hindu] Attempt 1/1: Trying with 'selenium_browser' strategy...
2026-08-11 10:11:01,974 - INFO - [Wired] Page content loaded.
2026-08-11 10:11:03,690 - INFO - >>> SUCCESSFULLY SAVED [ID: 101456] - New Haven turned a capped landfill into a 1,920-panel solar farm; the site now powers about 200 homes and pays the city $72,000 a year - The Times of India from Times of India (742 words)
2026-08-11 10:11:03,999 - INFO - [Wired] Success with 'selenium_browser'. Found content (477 words).
2026-08-11 10:11:05,814 - INFO - [Times of India] Article: https://timesofindia.indiatimes.com/world/europe/over-95-of-ukrainian-pows-report-torture-ill-treatment-in-russian-captivity-united-nations/articleshow/133148295.cms
2026-08-11 10:11:05,814 - INFO - [Times of India] Attempt 1/1: Trying with 'selenium_browser' strategy...
2026-08-11 10:11:07,480 - WARNING - [Economic Times] Page get timed out (7s). Proceeding to grab partial source anyway.
2026-08-11 10:11:07,488 - INFO - >>> SUCCESSFULLY SAVED [ID: 101457] - AI Is Helping Solve the Intricate Genetic Puzzle of Schizophrenia | WIRED from Wired (477 words)
2026-08-11 10:11:08,781 - INFO - [Times of India] Page content loaded.
2026-08-11 10:11:08,806 - INFO - [Wired] Article: https://www.wired.com/story/home-depot-promo-code/
2026-08-11 10:11:08,806 - INFO - [Wired] Attempt 1/2: Trying with 'requests_browser' strategy...
2026-08-11 10:11:08,976 - ERROR - parsed tree length: 1, wrong data type or not valid HTML
2026-08-11 10:11:08,976 - ERROR - empty HTML tree: None
2026-08-11 10:11:08,976 - WARNING - discarding data: None
2026-08-11 10:11:08,976 - WARNING - [Wired] FAILED with 'requests_browser' (content was too short: 0 words).
2026-08-11 10:11:09,580 - INFO - [Wired] Article: https://www.wired.com/story/home-depot-promo-code/
2026-08-11 10:11:09,580 - INFO - [Wired] Attempt 2/2: Trying with 'selenium_browser' strategy...
2026-08-11 10:11:09,608 - INFO - [Times of India] Success with 'selenium_browser'. Found content (411 words).
2026-08-11 10:11:12,915 - INFO - [Economic Times] Page content loaded.
2026-08-11 10:11:13,175 - INFO - >>> SUCCESSFULLY SAVED [ID: 101458] - Over 95% of Ukrainian PoWs report torture, ill-treatment in Russian captivity: United Nations - The Times of India from Times of India (411 words)
2026-08-11 10:11:13,509 - INFO - [Economic Times] Success with 'selenium_browser'. Found content (743 words).
2026-08-11 10:11:15,055 - INFO - [Times of India] Article: https://timesofindia.indiatimes.com/world/middle-east/syrias-ousted-leader-bashar-al-assad-sentenced-to-death-for-crimes-against-humanity/articleshow/133148343.cms
2026-08-11 10:11:15,055 - INFO - [Times of India] Attempt 1/1: Trying with 'selenium_browser' strategy...
2026-08-11 10:11:16,453 - ERROR - Error saving article Apple faces Indian engineer’s bias lawsuit - The Economic Times: Hrana: `stream error: `Error { message: "SQLite error: UNIQUE constraint failed: articles.url", code: "SQLITE_CONSTRAINT" }``
2026-08-11 10:11:16,559 - WARNING - [The Hindu] Page get timed out (7s). Proceeding to grab partial source anyway.
2026-08-11 10:11:17,074 - INFO - [Economic Times] Article: https://economictimes.indiatimes.com/news/defence/despite-transatlantic-love-fest-eu-charts-third-way-in-ties-with-us-and-china/articleshow/81467467.cms
2026-08-11 10:11:17,074 - INFO - [Economic Times] Attempt 1/2: Trying with 'requests_browser' strategy...
2026-08-11 10:11:17,715 - INFO - [Economic Times] Success with 'requests_browser'. Found content (799 words).
2026-08-11 10:11:21,284 - INFO - [Wired] Page content loaded.
2026-08-11 10:11:21,284 - ERROR - Error saving article Despite transatlantic 'love fest', EU charts third way in ties with US and China - The Economic Times: Hrana: `stream error: `Error { message: "SQLite error: UNIQUE constraint failed: articles.url", code: "SQLITE_CONSTRAINT" }``
2026-08-11 10:11:21,857 - INFO - [Times of India] Page content loaded.
2026-08-11 10:11:21,953 - INFO - [Economic Times] Article: https://economictimes.indiatimes.com/tech/tech-bytes/twitters-india-policy-head-to-step-down-will-transition-in-march/articleshow/80732868.cms
2026-08-11 10:11:21,953 - INFO - [Economic Times] Attempt 1/2: Trying with 'requests_browser' strategy...
2026-08-11 10:11:22,363 - ERROR - parsed tree length: 1, wrong data type or not valid HTML
2026-08-11 10:11:22,363 - ERROR - empty HTML tree: None
2026-08-11 10:11:22,363 - WARNING - discarding data: None
2026-08-11 10:11:22,363 - WARNING - [Economic Times] FAILED with 'requests_browser' (content was too short: 0 words).
2026-08-11 10:11:22,499 - INFO - [Wired] Success with 'selenium_browser'. Found content (1649 words).
2026-08-11 10:11:22,895 - INFO - [Economic Times] Article: https://economictimes.indiatimes.com/tech/tech-bytes/twitters-india-policy-head-to-step-down-will-transition-in-march/articleshow/80732868.cms
2026-08-11 10:11:22,895 - INFO - [Economic Times] Attempt 2/2: Trying with 'selenium_browser' strategy...
2026-08-11 10:11:24,593 - WARNING - [The Hindu] Page explicit wait timed out (3s). Proceeding anyway.
2026-08-11 10:11:25,995 - ERROR - Error saving article Home Depot Promo Codes: 30% Off in August 2026 | WIRED: Hrana: `stream error: `Error { message: "SQLite error: UNIQUE constraint failed: articles.url", code: "SQLITE_CONSTRAINT" }``
2026-08-11 10:11:26,075 - INFO - [Times of India] Success with 'selenium_browser'. Found content (265 words).
2026-08-11 10:11:26,197 - INFO - DEDUPLICATION: Found match (Score: 0.91). Linking to Cluster ID: 8dbc11d1-547b-4a5a-b603-7cc5c2cfcf2c
2026-08-11 10:11:27,572 - INFO - [Wired] Article: https://www.wired.com/story/valvoline-coupons/
2026-08-11 10:11:27,573 - INFO - [Wired] Attempt 1/2: Trying with 'requests_browser' strategy...
2026-08-11 10:11:28,947 - INFO - [Economic Times] Page content loaded.
2026-08-11 10:11:29,208 - INFO - >>> SUCCESSFULLY SAVED [ID: 101462] - Syria's ousted leader Bashar al-Assad sentenced to death for crimes against humanity - The Times of India from Times of India (265 words)
2026-08-11 10:11:29,238 - ERROR - parsed tree length: 1, wrong data type or not valid HTML
2026-08-11 10:11:29,239 - ERROR - empty HTML tree: None
2026-08-11 10:11:29,239 - WARNING - discarding data: None
2026-08-11 10:11:29,239 - WARNING - [Wired] FAILED with 'requests_browser' (content was too short: 0 words).
2026-08-11 10:11:29,702 - INFO - [Economic Times] Success with 'selenium_browser'. Found content (615 words).
2026-08-11 10:11:30,067 - INFO - [Wired] Article: https://www.wired.com/story/valvoline-coupons/
2026-08-11 10:11:30,151 - INFO - [Wired] Attempt 2/2: Trying with 'selenium_browser' strategy...
2026-08-11 10:11:31,710 - INFO - [Times of India] Early skip: URL https://timesofindia.indiatimes.com/world/us/meet-zac-waters-the-13-year-old-utah-boy-who-spent-300-hours-3d-printing-a-wheelchair-for-a-21-month-old-girl/articleshow/133146255.cms already exists.
2026-08-11 10:11:32,166 - INFO - [Times of India] Early skip: URL https://timesofindia.indiatimes.com/science/in-1977-a-saudi-prince-towed-an-alaskan-iceberg-to-iowa-to-pitch-shipping-icebergs-to-arabia-for-drinking-water-now-engineers-are-exploring-the-idea-as-freshwater-scarcity-worsens/articleshow/133147897.cms already exists.
2026-08-11 10:11:33,091 - ERROR - [The Hindu] Request failed for strategy 'selenium_browser' on URL https://www.thehindu.com/news/national/tamil-nadu/tamil-nadu-assembly-passes-resolution-urging-centre-to-withdraw-fcra-amendment-bill/article71331638.ece: Message: timeout: Timed out receiving message from renderer: 7.000
  (Session info: chrome=151.0.7922.77)
Stacktrace:
#0 0x55f5c934d82a <unknown>
#1 0x55f5c8cc0fc9 <unknown>
#2 0x55f5c8ca8a2f <unknown>
#3 0x55f5c8ca86a6 <unknown>
#4 0x55f5c8ca6288 <unknown>
#5 0x55f5c8ca6c0f <unknown>
#6 0x55f5c8cb5d70 <unknown>
#7 0x55f5c8ccfd37 <unknown>
#8 0x55f5c8cd770b <unknown>
#9 0x55f5c8ca7369 <unknown>
#10 0x55f5c8ccfa92 <unknown>
#11 0x55f5c8d5f066 <unknown>
#12 0x55f5c8d09d32 <unknown>
#13 0x55f5c8d0abb1 <unknown>
#14 0x55f5c9312bb0 <unknown>
#15 0x55f5c931122a <unknown>
#16 0x55f5c92fbc55 <unknown>
#17 0x55f5c9311eea <unknown>
#18 0x55f5c92e3b50 <unknown>
#19 0x55f5c9339208 <unknown>
#20 0x55f5c93393a5 <unknown>
#21 0x55f5c934c3de <unknown>
#22 0x7f6a18c9caa4 <unknown>
#23 0x7f6a18d29c6c <unknown>

2026-08-11 10:11:33,092 - INFO - [Times of India] Article: https://timesofindia.indiatimes.com/world/rest-of-world/in-1970-sylvia-earle-led-five-women-into-an-underwater-lab-for-14-days-helping-prove-humans-could-live-and-work-beneath-the-sea/articleshow/133147702.cms
2026-08-11 10:11:33,092 - ERROR - Error saving article Twitter's India policy head, Mahima Kaul, to step down; will transition in March - The Economic Times: Hrana: `stream error: `Error { message: "SQLite error: UNIQUE constraint failed: articles.url", code: "SQLITE_CONSTRAINT" }``
2026-08-11 10:11:33,093 - INFO - [Times of India] Attempt 1/1: Trying with 'selenium_browser' strategy...
2026-08-11 10:11:33,093 - ERROR - [The Hindu] All scrape strategies failed for https://www.thehindu.com/news/national/tamil-nadu/tamil-nadu-assembly-passes-resolution-urging-centre-to-withdraw-fcra-amendment-bill/article71331638.ece. Falling back to RSS description.
2026-08-11 10:11:33,093 - WARNING - SKIPPED (GLOBAL WORD LIMIT): Article 'Tamil Nadu Assembly passes resolution urging Centre to withdraw FCRA Amendment Bill' from The Hindu has only 23 words (Min: 90).
2026-08-11 10:11:33,212 - INFO - [Wired] Page content loaded.
2026-08-11 10:11:33,682 - INFO - [Wired] Success with 'selenium_browser'. Found content (736 words).
2026-08-11 10:11:33,848 - INFO - [The Hindu] Early skip: URL https://www.thehindu.com/news/national/tricolour-waving-mps-greet-pm-modi-at-mangal-milan-raise-slogans-of-vande-mataram/article71331176.ece already exists.
2026-08-11 10:11:33,851 - INFO - [The Hindu] Early skip: URL https://www.thehindu.com/news/national/jharkhand/jharkhand-protest-live-updates-august-11-2026/article71330994.ece already exists.
2026-08-11 10:11:33,853 - INFO - [The Hindu] Article: https://www.thehindu.com/news/national/kerala/mudslip-at-kuthiran-in-kerala-collector-orders-safety-measures-continuous-monitoring/article71331586.ece
2026-08-11 10:11:33,853 - INFO - [The Hindu] Attempt 1/1: Trying with 'selenium_browser' strategy...
2026-08-11 10:11:35,705 - INFO - [Economic Times] Article: https://economictimes.indiatimes.com/tech/tech-and-gadgets/govt-may-keep-rs-7500-cr-outlay-for-it-hardware-manufacturing-under-pli-scheme/articleshow/80333429.cms
2026-08-11 10:11:35,706 - INFO - [Economic Times] Attempt 1/2: Trying with 'requests_browser' strategy...
2026-08-11 10:11:36,630 - ERROR - Error saving article Valvoline Coupons and Promo Codes for August 2026 | WIRED: Hrana: `stream error: `Error { message: "SQLite error: UNIQUE constraint failed: articles.url", code: "SQLITE_CONSTRAINT" }``
2026-08-11 10:11:36,642 - ERROR - parsed tree length: 1, wrong data type or not valid HTML
2026-08-11 10:11:36,642 - ERROR - empty HTML tree: None
2026-08-11 10:11:36,642 - WARNING - discarding data: None
2026-08-11 10:11:36,642 - WARNING - [Economic Times] FAILED with 'requests_browser' (content was too short: 0 words).
2026-08-11 10:11:37,144 - INFO - [Times of India] Page content loaded.
2026-08-11 10:11:37,296 - INFO - [Economic Times] Article: https://economictimes.indiatimes.com/tech/tech-and-gadgets/govt-may-keep-rs-7500-cr-outlay-for-it-hardware-manufacturing-under-pli-scheme/articleshow/80333429.cms
2026-08-11 10:11:37,296 - INFO - [Economic Times] Attempt 2/2: Trying with 'selenium_browser' strategy...
2026-08-11 10:11:37,311 - INFO - [Times of India] Success with 'selenium_browser'. Found content (1216 words).
2026-08-11 10:11:37,409 - INFO - [Wired] Article: https://www.wired.com/story/chewy-promo-code/
2026-08-11 10:11:37,409 - INFO - [Wired] Attempt 1/2: Trying with 'requests_browser' strategy...
2026-08-11 10:11:40,498 - INFO - >>> SUCCESSFULLY SAVED [ID: 101465] - In 1970, Sylvia Earle led five women into an underwater lab for 14 days, helping prove humans could live and work beneath the sea | World News - The Times of India from Times of India (1216 words)
2026-08-11 10:11:40,515 - ERROR - parsed tree length: 1, wrong data type or not valid HTML
2026-08-11 10:11:40,515 - ERROR - empty HTML tree: None
2026-08-11 10:11:40,515 - WARNING - discarding data: None
2026-08-11 10:11:40,515 - WARNING - [Wired] FAILED with 'requests_browser' (content was too short: 0 words).
2026-08-11 10:11:41,140 - INFO - [Wired] Article: https://www.wired.com/story/chewy-promo-code/
2026-08-11 10:11:41,140 - INFO - [Wired] Attempt 2/2: Trying with 'selenium_browser' strategy...
2026-08-11 10:11:41,230 - INFO - [Economic Times] Page content loaded.
2026-08-11 10:11:41,751 - INFO - [Times of India] Early skip: URL https://timesofindia.indiatimes.com/world/us/demonstrate-flight-risk-us-prosecutors-oppose-release-of-tate-brothers-as-uk-seeks-extradition/articleshow/133078256.cms already exists.
2026-08-11 10:11:41,752 - INFO - [Times of India] Early skip: URL https://timesofindia.indiatimes.com/world/rest-of-world/a-finnish-man-built-an-11-metre-yacht-from-scratch-using-solar-panels-and-batteries-and-sailed-more-than-3000-nautical-miles-without-conventional-fuel/articleshow/133146929.cms already exists.
2026-08-11 10:11:41,754 - INFO - [Times of India] Early skip: URL https://timesofindia.indiatimes.com/world/us/in-2011-a-california-hotel-owner-refused-to-sell-for-6-million-the-final-deal-reportedly-reached-16-25-million/articleshow/133143175.cms already exists.
2026-08-11 10:11:41,756 - INFO - [Times of India] Early skip: URL https://timesofindia.indiatimes.com/legal/news/faulty-ola-scooter-no-proper-service-consumer-panel-orders-rs-1-04-lakh-refund-compensation/articleshow/133146875.cms already exists.
2026-08-11 10:11:41,760 - INFO - [Times of India] Early skip: URL https://timesofindia.indiatimes.com/science/scientists-found-plastic-in-amazon-fish-with-tiny-particles-sticking-to-their-gills-and-becoming-trapped-in-the-river-plants-around-them/articleshow/133146327.cms already exists.
2026-08-11 10:11:41,762 - INFO - [Times of India] Early skip: URL https://timesofindia.indiatimes.com/science/america-spent-decades-poisoning-prairie-dogs-as-pests-but-scientists-found-they-help-keep-grasslands-healthy/articleshow/133145987.cms already exists.
2026-08-11 10:11:41,764 - INFO - [Times of India] Early skip: URL https://timesofindia.indiatimes.com/science/in-1868-a-solar-eclipse-in-india-revealed-a-mysterious-element-in-the-sun-that-would-not-be-found-on-earth-for-27-years/articleshow/133145974.cms already exists.
2026-08-11 10:11:41,766 - INFO - [Times of India] Early skip: URL https://timesofindia.indiatimes.com/science/meet-the-red-handfish-the-critically-endangered-walking-fish-that-became-photo-arks-18000th-species/articleshow/133144900.cms already exists.
2026-08-11 10:11:41,767 - INFO - [Times of India] Early skip: URL https://timesofindia.indiatimes.com/science/in-rio-de-janeiros-guanabara-bay-discarded-salon-hair-is-being-transformed-into-an-oil-absorbing-barrier-that-protects-mangroves-from-oil-spills/articleshow/133145584.cms already exists.
2026-08-11 10:11:41,768 - INFO - [Times of India] Early skip: URL https://timesofindia.indiatimes.com/world/europe/the-netherlands-used-37-million-tonnes-of-lake-sediment-to-build-new-islands-and-the-artificial-wetlands-now-attract-thousands-of-birds/articleshow/133143892.cms already exists.
2026-08-11 10:11:41,770 - INFO - [Times of India] Early skip: URL https://timesofindia.indiatimes.com/world/us/california-built-shasta-dam-in-the-1940s-but-the-project-flooded-kennett-a-copper-mining-town-that-now-lies-beneath-lake-shasta/articleshow/133144195.cms already exists.
2026-08-11 10:11:41,772 - INFO - [Times of India] (Thread) Finished. Attempting to shut down its Selenium driver.
2026-08-11 10:11:42,039 - INFO - [Times of India] (Thread) driver.quit() successful.
2026-08-11 10:11:42,144 - INFO - [Economic Times] Success with 'selenium_browser'. Found content (481 words).
2026-08-11 10:11:45,114 - ERROR - Error saving article Govt may keep Rs 7,500 cr outlay for IT hardware manufacturing under PLI scheme - The Economic Times: Hrana: `stream error: `Error { message: "SQLite error: UNIQUE constraint failed: articles.url", code: "SQLITE_CONSTRAINT" }``
2026-08-11 10:11:45,318 - INFO - [Wired] Page content loaded.
2026-08-11 10:11:45,781 - INFO - [Wired] Success with 'selenium_browser'. Found content (1545 words).
2026-08-11 10:11:47,352 - INFO - [Economic Times] Article: https://economictimes.indiatimes.com/tech/technology/indian-dating-apps-services-see-surge-of-paying-users-in-small-cities/articleshow/80063342.cms
2026-08-11 10:11:47,809 - INFO - [Economic Times] Attempt 1/2: Trying with 'requests_browser' strategy...
2026-08-11 10:11:48,732 - ERROR - Error saving article Chewy Promo Codes: $20 Off August 2026 | WIRED: Hrana: `stream error: `Error { message: "SQLite error: UNIQUE constraint failed: articles.url", code: "SQLITE_CONSTRAINT" }``
2026-08-11 10:11:48,732 - WARNING - [The Hindu] Page get timed out (7s). Proceeding to grab partial source anyway.
2026-08-11 10:11:48,742 - ERROR - parsed tree length: 1, wrong data type or not valid HTML
2026-08-11 10:11:48,742 - ERROR - empty HTML tree: None
2026-08-11 10:11:48,742 - WARNING - discarding data: None
2026-08-11 10:11:48,742 - WARNING - [Economic Times] FAILED with 'requests_browser' (content was too short: 0 words).
2026-08-11 10:11:49,318 - INFO - [Economic Times] Article: https://economictimes.indiatimes.com/tech/technology/indian-dating-apps-services-see-surge-of-paying-users-in-small-cities/articleshow/80063342.cms
2026-08-11 10:11:49,318 - INFO - [Economic Times] Attempt 2/2: Trying with 'selenium_browser' strategy...
2026-08-11 10:11:49,658 - INFO - [Wired] Article: https://www.wired.com/story/canon-promo-code/
2026-08-11 10:11:49,658 - INFO - [Wired] Attempt 1/2: Trying with 'requests_browser' strategy...
2026-08-11 10:11:49,777 - ERROR - parsed tree length: 1, wrong data type or not valid HTML
2026-08-11 10:11:49,777 - ERROR - empty HTML tree: None
2026-08-11 10:11:49,778 - WARNING - discarding data: None
2026-08-11 10:11:49,778 - WARNING - [Wired] FAILED with 'requests_browser' (content was too short: 0 words).
2026-08-11 10:11:50,461 - INFO - [Wired] Article: https://www.wired.com/story/canon-promo-code/
2026-08-11 10:11:50,461 - INFO - [Wired] Attempt 2/2: Trying with 'selenium_browser' strategy...
2026-08-11 10:11:50,836 - INFO - [Economic Times] Page content loaded.
2026-08-11 10:11:51,207 - WARNING - [Economic Times] FAILED with 'selenium_browser' (content was too short: 84 words).
2026-08-11 10:11:51,208 - ERROR - [Economic Times] All scrape strategies failed for https://economictimes.indiatimes.com/tech/technology/indian-dating-apps-services-see-surge-of-paying-users-in-small-cities/articleshow/80063342.cms. Falling back to RSS description.
2026-08-11 10:11:51,208 - WARNING - SKIPPED (GLOBAL WORD LIMIT): Article 'Indian dating apps, services see surge of paying users in small cities ' from Economic Times has only 54 words (Min: 90).
2026-08-11 10:11:51,710 - INFO - [Economic Times] Article: https://economictimes.indiatimes.com/tech/technology/time-for-govt-cos-to-adopt-ai-deloitte-india/articleshow/79981215.cms
2026-08-11 10:11:51,710 - INFO - [Economic Times] Attempt 1/2: Trying with 'requests_browser' strategy...
2026-08-11 10:11:52,030 - ERROR - parsed tree length: 1, wrong data type or not valid HTML
2026-08-11 10:11:52,030 - ERROR - empty HTML tree: None
2026-08-11 10:11:52,030 - WARNING - discarding data: None
2026-08-11 10:11:52,030 - WARNING - [Economic Times] FAILED with 'requests_browser' (content was too short: 0 words).
2026-08-11 10:11:52,269 - INFO - [Wired] Page content loaded.
2026-08-11 10:11:52,709 - INFO - [Wired] Success with 'selenium_browser'. Found content (1133 words).
2026-08-11 10:11:54,346 - INFO - [Economic Times] Article: https://economictimes.indiatimes.com/tech/technology/time-for-govt-cos-to-adopt-ai-deloitte-india/articleshow/79981215.cms
2026-08-11 10:11:54,346 - INFO - [Economic Times] Attempt 2/2: Trying with 'selenium_browser' strategy...
2026-08-11 10:11:55,722 - ERROR - Error saving article 30% Off Canon Promo Codes | August 2026 | WIRED: Hrana: `stream error: `Error { message: "SQLite error: UNIQUE constraint failed: articles.url", code: "SQLITE_CONSTRAINT" }``
2026-08-11 10:11:55,741 - WARNING - [The Hindu] Page explicit wait timed out (3s). Proceeding anyway.
2026-08-11 10:11:56,331 - INFO - [Economic Times] Page content loaded.
2026-08-11 10:11:56,549 - WARNING - [Economic Times] FAILED with 'selenium_browser' (content was too short: 74 words).
2026-08-11 10:11:56,549 - ERROR - [Economic Times] All scrape strategies failed for https://economictimes.indiatimes.com/tech/technology/time-for-govt-cos-to-adopt-ai-deloitte-india/articleshow/79981215.cms. Falling back to RSS description.
2026-08-11 10:11:56,549 - WARNING - SKIPPED (GLOBAL WORD LIMIT): Article 'Time for government, companies to adopt artificial intelligence: Deloitte India ' from Economic Times has only 49 words (Min: 90).
2026-08-11 10:11:56,762 - INFO - [Wired] Article: https://www.wired.com/story/lg-promo-code/
2026-08-11 10:11:56,762 - INFO - [Wired] Attempt 1/2: Trying with 'requests_browser' strategy...
2026-08-11 10:11:56,846 - ERROR - parsed tree length: 1, wrong data type or not valid HTML
2026-08-11 10:11:56,846 - ERROR - empty HTML tree: None
2026-08-11 10:11:56,846 - WARNING - discarding data: None
2026-08-11 10:11:56,846 - WARNING - [Wired] FAILED with 'requests_browser' (content was too short: 0 words).
2026-08-11 10:11:57,319 - INFO - [Economic Times] Early skip: URL https://economictimes.indiatimes.com/news/international/world-news/trump-announces-a-deal-for-hamas-to-disarm-in-gaza-but-many-hurdles-and-uncertainty-remain/articleshow/132753009.cms already exists.
2026-08-11 10:11:57,320 - INFO - [Economic Times] Article: https://economictimes.indiatimes.com/news/new-updates/in-1943-us-built-an-entire-city-and-it-didnt-exist-on-a-single-map/articleshow/132659427.cms
2026-08-11 10:11:57,321 - INFO - [Economic Times] Attempt 1/2: Trying with 'requests_browser' strategy...
2026-08-11 10:11:57,468 - INFO - [Wired] Article: https://www.wired.com/story/lg-promo-code/
2026-08-11 10:11:57,469 - INFO - [Wired] Attempt 2/2: Trying with 'selenium_browser' strategy...
2026-08-11 10:11:57,718 - INFO - [Economic Times] Success with 'requests_browser'. Found content (688 words).
2026-08-11 10:12:00,693 - INFO - [Wired] Page content loaded.
2026-08-11 10:12:00,693 - ERROR - Error saving article In 1943, US built an entire city, and it didn't exist on a single map - The Economic Times: Hrana: `stream error: `Error { message: "SQLite error: UNIQUE constraint failed: articles.url", code: "SQLITE_CONSTRAINT" }``
2026-08-11 10:12:01,243 - INFO - [Wired] Success with 'selenium_browser'. Found content (844 words).
2026-08-11 10:12:01,524 - INFO - [Economic Times] Article: https://economictimes.indiatimes.com/news/new-updates/humans-have-a-third-eye-in-the-brain-study-links-it-to-a-600-million-year-old-cyclops-ancestor/articleshow/132655441.cms
2026-08-11 10:12:01,524 - INFO - [Economic Times] Attempt 1/2: Trying with 'requests_browser' strategy...
2026-08-11 10:12:02,958 - ERROR - [The Hindu] Request failed for strategy 'selenium_browser' on URL https://www.thehindu.com/news/national/kerala/mudslip-at-kuthiran-in-kerala-collector-orders-safety-measures-continuous-monitoring/article71331586.ece: Message: timeout: Timed out receiving message from renderer: 7.000
  (Session info: chrome=151.0.7922.77)
Stacktrace:
#0 0x55f5c934d82a <unknown>
#1 0x55f5c8cc0fc9 <unknown>
#2 0x55f5c8ca8a2f <unknown>
#3 0x55f5c8ca86a6 <unknown>
#4 0x55f5c8ca6288 <unknown>
#5 0x55f5c8ca6c0f <unknown>
#6 0x55f5c8cb5d70 <unknown>
#7 0x55f5c8ccfd37 <unknown>
#8 0x55f5c8cd770b <unknown>
#9 0x55f5c8ca7369 <unknown>
#10 0x55f5c8ccfa92 <unknown>
#11 0x55f5c8d5f066 <unknown>
#12 0x55f5c8d09d32 <unknown>
#13 0x55f5c8d0abb1 <unknown>
#14 0x55f5c9312bb0 <unknown>
#15 0x55f5c931122a <unknown>
#16 0x55f5c92fbc55 <unknown>
#17 0x55f5c9311eea <unknown>
#18 0x55f5c92e3b50 <unknown>
#19 0x55f5c9339208 <unknown>
#20 0x55f5c93393a5 <unknown>
#21 0x55f5c934c3de <unknown>
#22 0x7f6a18c9caa4 <unknown>
#23 0x7f6a18d29c6c <unknown>

2026-08-11 10:12:03,412 - ERROR - [The Hindu] All scrape strategies failed for https://www.thehindu.com/news/national/kerala/mudslip-at-kuthiran-in-kerala-collector-orders-safety-measures-continuous-monitoring/article71331586.ece. Falling back to RSS description.
2026-08-11 10:12:03,414 - WARNING - SKIPPED (GLOBAL WORD LIMIT): Article 'Mudslip at Kuthiran in Kerala: Collector orders safety measures, continuous monitoring' from The Hindu has only 26 words (Min: 90).
2026-08-11 10:12:04,333 - ERROR - Error saving article LG Promo Codes and Coupons for August 2026 | WIRED: Hrana: `stream error: `Error { message: "SQLite error: UNIQUE constraint failed: articles.url", code: "SQLITE_CONSTRAINT" }``
2026-08-11 10:12:04,363 - INFO - [Economic Times] Success with 'requests_browser'. Found content (593 words).
2026-08-11 10:12:04,424 - INFO - [The Hindu] Article: https://www.thehindu.com/news/national/video-clip-of-intoxicated-men-shared-by-bjp-mp-harbhajan-was-from-rajasthan-not-punjab-aap/article71331619.ece
2026-08-11 10:12:04,424 - INFO - [The Hindu] Attempt 1/1: Trying with 'selenium_browser' strategy...
2026-08-11 10:12:05,854 - INFO - [Wired] Article: https://www.wired.com/story/mattress-firm-coupon/
2026-08-11 10:12:06,307 - INFO - [Wired] Attempt 1/2: Trying with 'requests_browser' strategy...
2026-08-11 10:12:07,221 - ERROR - Error saving article Humans have a 'third eye' in the brain: Study links it to a 600-million-year-old Cyclops ancestor - The Economic Times: Hrana: `stream error: `Error { message: "SQLite error: UNIQUE constraint failed: articles.url", code: "SQLITE_CONSTRAINT" }``
2026-08-11 10:12:07,232 - ERROR - parsed tree length: 1, wrong data type or not valid HTML
2026-08-11 10:12:07,233 - ERROR - empty HTML tree: None
2026-08-11 10:12:07,233 - WARNING - discarding data: None
2026-08-11 10:12:07,233 - WARNING - [Wired] FAILED with 'requests_browser' (content was too short: 0 words).
2026-08-11 10:12:08,111 - INFO - [Wired] Article: https://www.wired.com/story/mattress-firm-coupon/
2026-08-11 10:12:08,111 - INFO - [Wired] Attempt 2/2: Trying with 'selenium_browser' strategy...
2026-08-11 10:12:08,225 - INFO - [Economic Times] Article: https://economictimes.indiatimes.com/news/new-updates/1500-ships-trapped-in-gulf-of-hormuz-is-quietly-multiplying-an-underwater-army-that-could-unleash-worlds-biggest-bioinvasion-event/articleshow/132595366.cms
2026-08-11 10:12:08,225 - INFO - [Economic Times] Attempt 1/2: Trying with 'requests_browser' strategy...
2026-08-11 10:12:08,540 - INFO - [Economic Times] Success with 'requests_browser'. Found content (687 words).
2026-08-11 10:12:11,504 - INFO - [Wired] Page content loaded.
2026-08-11 10:12:11,505 - ERROR - Error saving article 1,500 ships trapped in Gulf of Hormuz are quietly multiplying an underwater army that could unleash World's biggest bioinvasion event - The Economic Times: Hrana: `stream error: `Error { message: "SQLite error: UNIQUE constraint failed: articles.url", code: "SQLITE_CONSTRAINT" }``
2026-08-11 10:12:11,773 - INFO - [Wired] Success with 'selenium_browser'. Found content (852 words).
2026-08-11 10:12:13,261 - INFO - [Economic Times] Article: https://economictimes.indiatimes.com/news/new-updates/argentina-vs-spain-fifa-world-cup-final-to-be-replayed-petition-for-a-rematch-crosses-60000-signatures/articleshow/132576024.cms
2026-08-11 10:12:13,716 - INFO - [Economic Times] Attempt 1/2: Trying with 'requests_browser' strategy...
2026-08-11 10:12:14,632 - ERROR - Error saving article Mattress Firm Coupons: Save up to $700 | | WIRED: Hrana: `stream error: `Error { message: "SQLite error: UNIQUE constraint failed: articles.url", code: "SQLITE_CONSTRAINT" }``
2026-08-11 10:12:14,724 - INFO - [Economic Times] Success with 'requests_browser'. Found content (228 words).
2026-08-11 10:12:16,215 - INFO - [Wired] Article: https://www.wired.com/story/best-buy-discount-code/
2026-08-11 10:12:16,670 - INFO - [Wired] Attempt 1/2: Trying with 'requests_browser' strategy...
2026-08-11 10:12:17,579 - ERROR - Error saving article Argentina vs Spain FIFA World Cup Final to be replayed? Petition for a rematch crosses 60,000 signatures - The Economic Times: Hrana: `stream error: `Error { message: "SQLite error: UNIQUE constraint failed: articles.url", code: "SQLITE_CONSTRAINT" }``
2026-08-11 10:12:17,592 - ERROR - parsed tree length: 1, wrong data type or not valid HTML
2026-08-11 10:12:17,592 - ERROR - empty HTML tree: None
2026-08-11 10:12:17,592 - WARNING - discarding data: None
2026-08-11 10:12:17,592 - WARNING - [Wired] FAILED with 'requests_browser' (content was too short: 0 words).
2026-08-11 10:12:18,388 - INFO - [Wired] Article: https://www.wired.com/story/best-buy-discount-code/
2026-08-11 10:12:18,388 - INFO - [Wired] Attempt 2/2: Trying with 'selenium_browser' strategy...
2026-08-11 10:12:18,521 - WARNING - [The Hindu] Page get timed out (7s). Proceeding to grab partial source anyway.
2026-08-11 10:12:18,720 - INFO - [Economic Times] Article: https://economictimes.indiatimes.com/news/new-updates/he-baked-potato-in-aluminium-foil-and-ate-it-next-morning-after-microwaving-it-hours-later-he-was-paralysed-doctor-explains-why/articleshow/132574269.cms
2026-08-11 10:12:18,720 - INFO - [Economic Times] Attempt 1/2: Trying with 'requests_browser' strategy...
2026-08-11 10:12:19,025 - INFO - [Economic Times] Success with 'requests_browser'. Found content (558 words).
2026-08-11 10:12:21,158 - INFO - [Wired] Page content loaded.
2026-08-11 10:12:22,079 - ERROR - Error saving article He baked potato in aluminium foil, and ate it next morning after microwaving. Hours later, he was paralysed, doctor explains why - The Economic Times: Hrana: `stream error: `Error { message: "SQLite error: UNIQUE constraint failed: articles.url", code: "SQLITE_CONSTRAINT" }``
2026-08-11 10:12:22,181 - INFO - [Wired] Success with 'selenium_browser'. Found content (837 words).
2026-08-11 10:12:23,710 - INFO - [Economic Times] Article: https://economictimes.indiatimes.com/news/elections/assembly-elections/assam/done-deal-cm-himanta-biswa-sarma-on-nda-seat-sharing-for-assam-polls/articleshow/128678098.cms
2026-08-11 10:12:23,711 - INFO - [Economic Times] Attempt 1/2: Trying with 'requests_browser' strategy...
2026-08-11 10:12:25,084 - ERROR - Error saving article Best Buy Discount Codes: Up to 60% Off | WIRED: Hrana: `stream error: `Error { message: "SQLite error: UNIQUE constraint failed: articles.url", code: "SQLITE_CONSTRAINT" }``
2026-08-11 10:12:25,107 - INFO - [Economic Times] Success with 'requests_browser'. Found content (518 words).
2026-08-11 10:12:26,595 - WARNING - [The Hindu] Page explicit wait timed out (3s). Proceeding anyway.
2026-08-11 10:12:27,051 - INFO - [Wired] Article: https://www.wired.com/story/peacock-promo-code/
2026-08-11 10:12:27,985 - INFO - [Wired] Attempt 1/2: Trying with 'requests_browser' strategy...
2026-08-11 10:12:27,987 - ERROR - Error saving article 'Done deal': CM Himanta Biswa Sarma on NDA seat-sharing for Assam polls - The Economic Times: Hrana: `stream error: `Error { message: "SQLite error: UNIQUE constraint failed: articles.url", code: "SQLITE_CONSTRAINT" }``
2026-08-11 10:12:28,058 - ERROR - parsed tree length: 1, wrong data type or not valid HTML
2026-08-11 10:12:28,058 - ERROR - empty HTML tree: None
2026-08-11 10:12:28,058 - WARNING - discarding data: None
2026-08-11 10:12:28,058 - WARNING - [Wired] FAILED with 'requests_browser' (content was too short: 0 words).
2026-08-11 10:12:28,627 - INFO - [Wired] Article: https://www.wired.com/story/peacock-promo-code/
2026-08-11 10:12:28,627 - INFO - [Wired] Attempt 2/2: Trying with 'selenium_browser' strategy...
2026-08-11 10:12:29,028 - INFO - [Economic Times] Article: https://economictimes.indiatimes.com/news/elections/assembly-elections/bihar/rare-intensive-revision-in-bihar-four-months-before-polls/articleshow/122167501.cms
2026-08-11 10:12:29,028 - INFO - [Economic Times] Attempt 1/2: Trying with 'requests_browser' strategy...
2026-08-11 10:12:29,431 - INFO - [Economic Times] Success with 'requests_browser'. Found content (864 words).
2026-08-11 10:12:32,348 - INFO - [Wired] Page content loaded.
2026-08-11 10:12:32,348 - ERROR - Error saving article Rare 'intensive' revision in Bihar four months before polls - The Economic Times: Hrana: `stream error: `Error { message: "SQLite error: UNIQUE constraint failed: articles.url", code: "SQLITE_CONSTRAINT" }``
2026-08-11 10:12:32,905 - INFO - [Wired] Success with 'selenium_browser'. Found content (1651 words).
2026-08-11 10:12:34,403 - INFO - [Economic Times] Article: https://economictimes.indiatimes.com/news/elections/assembly-elections/delhi/bjp-accuses-kejriwal-of-sending-voters-hoax-calls-to-mislead/articleshow/117579007.cms
2026-08-11 10:12:34,404 - ERROR - [The Hindu] Request failed for strategy 'selenium_browser' on URL https://www.thehindu.com/news/national/video-clip-of-intoxicated-men-shared-by-bjp-mp-harbhajan-was-from-rajasthan-not-punjab-aap/article71331619.ece: Message: timeout: Timed out receiving message from renderer: 7.000
  (Session info: chrome=151.0.7922.77)
Stacktrace:
#0 0x55f5c934d82a <unknown>
#1 0x55f5c8cc0fc9 <unknown>
#2 0x55f5c8ca8a2f <unknown>
#3 0x55f5c8ca86a6 <unknown>
#4 0x55f5c8ca6288 <unknown>
#5 0x55f5c8ca6c0f <unknown>
#6 0x55f5c8cb5d70 <unknown>
#7 0x55f5c8ccfd37 <unknown>
#8 0x55f5c8cd770b <unknown>
#9 0x55f5c8ca7369 <unknown>
#10 0x55f5c8ccfa92 <unknown>
#11 0x55f5c8d5f066 <unknown>
#12 0x55f5c8d09d32 <unknown>
#13 0x55f5c8d0abb1 <unknown>
#14 0x55f5c9312bb0 <unknown>
#15 0x55f5c931122a <unknown>
#16 0x55f5c92fbc55 <unknown>
#17 0x55f5c9311eea <unknown>
#18 0x55f5c92e3b50 <unknown>
#19 0x55f5c9339208 <unknown>
#20 0x55f5c93393a5 <unknown>
#21 0x55f5c934c3de <unknown>
#22 0x7f6a18c9caa4 <unknown>
#23 0x7f6a18d29c6c <unknown>

2026-08-11 10:12:34,860 - INFO - [Economic Times] Attempt 1/2: Trying with 'requests_browser' strategy...
2026-08-11 10:12:34,860 - ERROR - [The Hindu] All scrape strategies failed for https://www.thehindu.com/news/national/video-clip-of-intoxicated-men-shared-by-bjp-mp-harbhajan-was-from-rajasthan-not-punjab-aap/article71331619.ece. Falling back to RSS description.
2026-08-11 10:12:34,862 - WARNING - SKIPPED (GLOBAL WORD LIMIT): Article 'Video clip of ‘intoxicated’ men shared by BJP MP Harbhajan was from Rajasthan, not Punjab: AAP' from The Hindu has only 16 words (Min: 90).
2026-08-11 10:12:35,771 - ERROR - Error saving article Peacock Promo Codes: 40% Off August 2026 | WIRED: Hrana: `stream error: `Error { message: "SQLite error: UNIQUE constraint failed: articles.url", code: "SQLITE_CONSTRAINT" }``
2026-08-11 10:12:35,793 - INFO - [Economic Times] Success with 'requests_browser'. Found content (550 words).
2026-08-11 10:12:37,279 - INFO - [The Hindu] Article: https://www.thehindu.com/news/cities/Coimbatore/coimbatore-metro-rail-wait-continues-for-the-green-signal/article71331530.ece
2026-08-11 10:12:37,280 - INFO - [Wired] Article: https://www.wired.com/story/booking-com-promo-code/
2026-08-11 10:12:37,735 - INFO - [The Hindu] Attempt 1/1: Trying with 'selenium_browser' strategy...
2026-08-11 10:12:38,648 - INFO - [Wired] Attempt 1/2: Trying with 'requests_browser' strategy...
2026-08-11 10:12:38,648 - ERROR - Error saving article BJP accuses Kejriwal of sending voters hoax calls to mislead - The Economic Times: Hrana: `stream error: `Error { message: "SQLite error: UNIQUE constraint failed: articles.url", code: "SQLITE_CONSTRAINT" }``
2026-08-11 10:12:38,717 - ERROR - parsed tree length: 1, wrong data type or not valid HTML
2026-08-11 10:12:38,718 - ERROR - empty HTML tree: None
2026-08-11 10:12:38,718 - WARNING - discarding data: None
2026-08-11 10:12:38,718 - WARNING - [Wired] FAILED with 'requests_browser' (content was too short: 0 words).
2026-08-11 10:12:39,196 - INFO - [Economic Times] Article: https://economictimes.indiatimes.com/news/elections/lok-sabha/india/lok-sabha-election-2024-maharashtra-get-interesting-after-splits-in-shiv-sena-ncp/articleshow/108559788.cms
2026-08-11 10:12:39,196 - INFO - [Economic Times] Attempt 1/2: Trying with 'requests_browser' strategy...
2026-08-11 10:12:39,396 - INFO - [Wired] Article: https://www.wired.com/story/booking-com-promo-code/
2026-08-11 10:12:39,396 - INFO - [Wired] Attempt 2/2: Trying with 'selenium_browser' strategy...
2026-08-11 10:12:39,564 - INFO - [Economic Times] Success with 'requests_browser'. Found content (1442 words).
2026-08-11 10:12:42,474 - ERROR - Error saving article Lok Sabha election 2024: Maharashtra get interesting after splits in Shiv Sena, NCP - The Economic Times: Hrana: `stream error: `Error { message: "SQLite error: UNIQUE constraint failed: articles.url", code: "SQLITE_CONSTRAINT" }``
2026-08-11 10:12:42,483 - INFO - [Wired] Page content loaded.
2026-08-11 10:12:42,740 - INFO - [Wired] Success with 'selenium_browser'. Found content (1319 words).
2026-08-11 10:12:44,221 - INFO - [Economic Times] Article: https://economictimes.indiatimes.com/news/elections/lok-sabha/india/modi-charisma-key-factor-in-bjps-bid-to-retain-all-26-seats-in-gujarat/articleshow/108550858.cms
2026-08-11 10:12:44,686 - INFO - [Economic Times] Attempt 1/2: Trying with 'requests_browser' strategy...
2026-08-11 10:12:45,600 - ERROR - Error saving article Booking.com Promo Codes: 20% Off | August 2026 | WIRED: Hrana: `stream error: `Error { message: "SQLite error: UNIQUE constraint failed: articles.url", code: "SQLITE_CONSTRAINT" }``
2026-08-11 10:12:45,624 - INFO - [Economic Times] Success with 'requests_browser'. Found content (838 words).
2026-08-11 10:12:47,105 - INFO - [Wired] Article: https://www.wired.com/story/dell-coupon-code/
2026-08-11 10:12:47,559 - INFO - [Wired] Attempt 1/2: Trying with 'requests_browser' strategy...
2026-08-11 10:12:48,476 - ERROR - Error saving article Modi charisma key factor in BJP's bid to retain all 26 seats in Gujarat - The Economic Times: Hrana: `stream error: `Error { message: "SQLite error: UNIQUE constraint failed: articles.url", code: "SQLITE_CONSTRAINT" }``
2026-08-11 10:12:48,489 - ERROR - parsed tree length: 1, wrong data type or not valid HTML
2026-08-11 10:12:48,489 - ERROR - empty HTML tree: None
2026-08-11 10:12:48,489 - WARNING - discarding data: None
2026-08-11 10:12:48,489 - WARNING - [Wired] FAILED with 'requests_browser' (content was too short: 0 words).
2026-08-11 10:12:48,980 - INFO - [Economic Times] Article: https://economictimes.indiatimes.com/news/elections/lok-sabha/india/implementation-of-guarantees-decline-of-brs-favour-congress-in-telangana-bjp-aiming-for-better-show/articleshow/108548569.cms
2026-08-11 10:12:48,980 - INFO - [Economic Times] Attempt 1/2: Trying with 'requests_browser' strategy...
2026-08-11 10:12:49,324 - INFO - [Wired] Article: https://www.wired.com/story/dell-coupon-code/
2026-08-11 10:12:49,324 - INFO - [Wired] Attempt 2/2: Trying with 'selenium_browser' strategy...
2026-08-11 10:12:49,376 - INFO - [Economic Times] Success with 'requests_browser'. Found content (1272 words).
2026-08-11 10:12:52,263 - ERROR - Error saving article Implementation of 'guarantees', decline of BRS favour Congress in Telangana, BJP aiming for better show - The Economic Times: Hrana: `stream error: `Error { message: "SQLite error: UNIQUE constraint failed: articles.url", code: "SQLITE_CONSTRAINT" }``
2026-08-11 10:12:52,271 - INFO - [Wired] Page content loaded.
2026-08-11 10:12:52,614 - INFO - [Wired] Success with 'selenium_browser'. Found content (1705 words).
2026-08-11 10:12:52,708 - WARNING - [The Hindu] Page get timed out (7s). Proceeding to grab partial source anyway.
2026-08-11 10:12:54,215 - INFO - [Economic Times] Article: https://economictimes.indiatimes.com/traders-bet-on-calendar-spread-as-nifty-moves-in-a-tight-range/articleshow/6302358.cms
2026-08-11 10:12:54,671 - INFO - [Economic Times] Attempt 1/2: Trying with 'requests_browser' strategy...
2026-08-11 10:12:55,590 - ERROR - Error saving article Dell Coupon Codes: 20% Off for August 2026 | WIRED: Hrana: `stream error: `Error { message: "SQLite error: UNIQUE constraint failed: articles.url", code: "SQLITE_CONSTRAINT" }``
2026-08-11 10:12:55,596 - ERROR - parsed tree length: 1, wrong data type or not valid HTML
2026-08-11 10:12:55,596 - ERROR - empty HTML tree: None
2026-08-11 10:12:55,596 - WARNING - discarding data: None
2026-08-11 10:12:55,596 - WARNING - [Economic Times] FAILED with 'requests_browser' (content was too short: 0 words).
2026-08-11 10:12:56,268 - INFO - [Economic Times] Article: https://economictimes.indiatimes.com/traders-bet-on-calendar-spread-as-nifty-moves-in-a-tight-range/articleshow/6302358.cms
2026-08-11 10:12:56,268 - INFO - [Economic Times] Attempt 2/2: Trying with 'selenium_browser' strategy...
2026-08-11 10:12:56,564 - INFO - [Wired] Article: https://www.wired.com/story/meta-quest-promo-code/
2026-08-11 10:12:56,564 - INFO - [Wired] Attempt 1/2: Trying with 'requests_browser' strategy...
2026-08-11 10:12:56,639 - ERROR - parsed tree length: 1, wrong data type or not valid HTML
2026-08-11 10:12:56,639 - ERROR - empty HTML tree: None
2026-08-11 10:12:56,640 - WARNING - discarding data: None
2026-08-11 10:12:56,640 - WARNING - [Wired] FAILED with 'requests_browser' (content was too short: 0 words).
2026-08-11 10:12:57,274 - INFO - [Wired] Article: https://www.wired.com/story/meta-quest-promo-code/
2026-08-11 10:12:57,274 - INFO - [Wired] Attempt 2/2: Trying with 'selenium_browser' strategy...
2026-08-11 10:12:58,090 - INFO - [Economic Times] Page content loaded.
2026-08-11 10:12:58,406 - INFO - [Economic Times] Success with 'selenium_browser'. Found content (383 words).
2026-08-11 10:13:00,041 - WARNING - [The Hindu] Page explicit wait timed out (3s). Proceeding anyway.
2026-08-11 10:13:00,498 - INFO - [Wired] Page content loaded.
2026-08-11 10:13:01,417 - ERROR - Error saving article Traders bet on calendar spread as Nifty moves in a tight range - The Economic Times: Hrana: `stream error: `Error { message: "SQLite error: UNIQUE constraint failed: articles.url", code: "SQLITE_CONSTRAINT" }``
2026-08-11 10:13:01,589 - INFO - [Wired] Success with 'selenium_browser'. Found content (1242 words).
2026-08-11 10:13:03,272 - INFO - [Economic Times] Article: https://economictimes.indiatimes.com/nifty-may-find-support-at-5300-level/articleshow/6296017.cms
2026-08-11 10:13:03,272 - INFO - [Economic Times] Attempt 1/2: Trying with 'requests_browser' strategy...
2026-08-11 10:13:04,658 - ERROR - Error saving article Meta Quest Promo Codes and Coupons for August 2026 | WIRED: Hrana: `stream error: `Error { message: "SQLite error: UNIQUE constraint failed: articles.url", code: "SQLITE_CONSTRAINT" }``
2026-08-11 10:13:04,666 - ERROR - parsed tree length: 1, wrong data type or not valid HTML
2026-08-11 10:13:04,668 - ERROR - empty HTML tree: None
2026-08-11 10:13:04,671 - WARNING - discarding data: None
2026-08-11 10:13:04,671 - WARNING - [Economic Times] FAILED with 'requests_browser' (content was too short: 0 words).
2026-08-11 10:13:05,471 - INFO - [Economic Times] Article: https://economictimes.indiatimes.com/nifty-may-find-support-at-5300-level/articleshow/6296017.cms
2026-08-11 10:13:05,471 - INFO - [Economic Times] Attempt 2/2: Trying with 'selenium_browser' strategy...
2026-08-11 10:13:05,782 - INFO - [Wired] Article: https://www.wired.com/story/petlibro-discount-code/
2026-08-11 10:13:05,782 - INFO - [Wired] Attempt 1/2: Trying with 'requests_browser' strategy...
2026-08-11 10:13:05,879 - ERROR - parsed tree length: 1, wrong data type or not valid HTML
2026-08-11 10:13:05,879 - ERROR - empty HTML tree: None
2026-08-11 10:13:05,879 - WARNING - discarding data: None
2026-08-11 10:13:05,879 - WARNING - [Wired] FAILED with 'requests_browser' (content was too short: 0 words).
2026-08-11 10:13:06,518 - INFO - [Wired] Article: https://www.wired.com/story/petlibro-discount-code/
2026-08-11 10:13:06,518 - INFO - [Wired] Attempt 2/2: Trying with 'selenium_browser' strategy...
2026-08-11 10:13:07,059 - ERROR - [The Hindu] Request failed for strategy 'selenium_browser' on URL https://www.thehindu.com/news/cities/Coimbatore/coimbatore-metro-rail-wait-continues-for-the-green-signal/article71331530.ece: Message: timeout: Timed out receiving message from renderer: 7.000
  (Session info: chrome=151.0.7922.77)
Stacktrace:
#0 0x55f5c934d82a <unknown>
#1 0x55f5c8cc0fc9 <unknown>
#2 0x55f5c8ca8a2f <unknown>
#3 0x55f5c8ca86a6 <unknown>
#4 0x55f5c8ca6288 <unknown>
#5 0x55f5c8ca6c0f <unknown>
#6 0x55f5c8cb5d70 <unknown>
#7 0x55f5c8ccfd37 <unknown>
#8 0x55f5c8cd770b <unknown>
#9 0x55f5c8ca7369 <unknown>
#10 0x55f5c8ccfa92 <unknown>
#11 0x55f5c8d5f066 <unknown>
#12 0x55f5c8d09d32 <unknown>
#13 0x55f5c8d0abb1 <unknown>
#14 0x55f5c9312bb0 <unknown>
#15 0x55f5c931122a <unknown>
#16 0x55f5c92fbc55 <unknown>
#17 0x55f5c9311eea <unknown>
#18 0x55f5c92e3b50 <unknown>
#19 0x55f5c9339208 <unknown>
#20 0x55f5c93393a5 <unknown>
#21 0x55f5c934c3de <unknown>
#22 0x7f6a18c9caa4 <unknown>
#23 0x7f6a18d29c6c <unknown>

2026-08-11 10:13:07,059 - ERROR - [The Hindu] All scrape strategies failed for https://www.thehindu.com/news/cities/Coimbatore/coimbatore-metro-rail-wait-continues-for-the-green-signal/article71331530.ece. Falling back to RSS description.
2026-08-11 10:13:07,059 - WARNING - SKIPPED (GLOBAL WORD LIMIT): Article 'Coimbatore Metro Rail: the wait for green signal continues' from The Hindu has only 27 words (Min: 90).
2026-08-11 10:13:07,498 - INFO - [Economic Times] Page content loaded.
2026-08-11 10:13:07,954 - INFO - [The Hindu] Article: https://www.thehindu.com/news/national/tamil-nadu/tamil-nadu-assembly-adopts-resolution-seeking-abolition-of-neet-for-undergraduate-medical-courses/article71331476.ece
2026-08-11 10:13:07,954 - INFO - [The Hindu] Attempt 1/1: Trying with 'selenium_browser' strategy...
2026-08-11 10:13:08,320 - INFO - [Economic Times] Success with 'selenium_browser'. Found content (380 words).
2026-08-11 10:13:10,368 - INFO - [Wired] Page content loaded.
2026-08-11 10:13:11,279 - ERROR - Error saving article Nifty may find support at 5300 level - The Economic Times: Hrana: `stream error: `Error { message: "SQLite error: UNIQUE constraint failed: articles.url", code: "SQLITE_CONSTRAINT" }``
2026-08-11 10:13:11,451 - INFO - [Wired] Success with 'selenium_browser'. Found content (895 words).
2026-08-11 10:13:12,996 - INFO - [Economic Times] Article: https://economictimes.indiatimes.com/seven-out-of-top-10-asian-small-cap-funds-are-indian/articleshow/6295976.cms
2026-08-11 10:13:12,996 - INFO - [Economic Times] Attempt 1/2: Trying with 'requests_browser' strategy...
2026-08-11 10:13:14,370 - ERROR - Error saving article Petlibro Offers: 30% Off in August 2026 | WIRED: Hrana: `stream error: `Error { message: "SQLite error: UNIQUE constraint failed: articles.url", code: "SQLITE_CONSTRAINT" }``
2026-08-11 10:13:14,375 - ERROR - parsed tree length: 1, wrong data type or not valid HTML
2026-08-11 10:13:14,375 - ERROR - empty HTML tree: None
2026-08-11 10:13:14,375 - WARNING - discarding data: None
2026-08-11 10:13:14,375 - WARNING - [Economic Times] FAILED with 'requests_browser' (content was too short: 0 words).
2026-08-11 10:13:15,091 - INFO - [Economic Times] Article: https://economictimes.indiatimes.com/seven-out-of-top-10-asian-small-cap-funds-are-indian/articleshow/6295976.cms
2026-08-11 10:13:15,091 - INFO - [Economic Times] Attempt 2/2: Trying with 'selenium_browser' strategy...
2026-08-11 10:13:15,118 - INFO - [Wired] Article: https://www.wired.com/story/sealy-promo-code/
2026-08-11 10:13:15,119 - INFO - [Wired] Attempt 1/2: Trying with 'requests_browser' strategy...
2026-08-11 10:13:15,194 - ERROR - parsed tree length: 1, wrong data type or not valid HTML
2026-08-11 10:13:15,194 - ERROR - empty HTML tree: None
2026-08-11 10:13:15,194 - WARNING - discarding data: None
2026-08-11 10:13:15,194 - WARNING - [Wired] FAILED with 'requests_browser' (content was too short: 0 words).
2026-08-11 10:13:15,936 - INFO - [Wired] Article: https://www.wired.com/story/sealy-promo-code/
2026-08-11 10:13:15,936 - INFO - [Wired] Attempt 2/2: Trying with 'selenium_browser' strategy...
2026-08-11 10:13:16,755 - INFO - [Economic Times] Page content loaded.
2026-08-11 10:13:17,009 - INFO - [Economic Times] Success with 'selenium_browser'. Found content (607 words).
2026-08-11 10:13:20,019 - INFO - [Wired] Page content loaded.
2026-08-11 10:13:20,020 - ERROR - Error saving article Seven out of top 10 Asian small-cap funds are Indian - The Economic Times: Hrana: `stream error: `Error { message: "SQLite error: UNIQUE constraint failed: articles.url", code: "SQLITE_CONSTRAINT" }``
2026-08-11 10:13:20,349 - INFO - [Wired] Success with 'selenium_browser'. Found content (539 words).
2026-08-11 10:13:21,844 - INFO - [Economic Times] Article: https://economictimes.indiatimes.com/inflation-reflects-growth-dynamics-in-india-christopher-wood/articleshow/6274053.cms
2026-08-11 10:13:21,844 - INFO - [Economic Times] Attempt 1/2: Trying with 'requests_browser' strategy...
2026-08-11 10:13:22,303 - WARNING - [The Hindu] Page get timed out (7s). Proceeding to grab partial source anyway.
2026-08-11 10:13:23,234 - ERROR - Error saving article Sealy Promo Codes: $100 Off | WIRED: Hrana: `stream error: `Error { message: "SQLite error: UNIQUE constraint failed: articles.url", code: "SQLITE_CONSTRAINT" }``
2026-08-11 10:13:23,240 - ERROR - parsed tree length: 1, wrong data type or not valid HTML
2026-08-11 10:13:23,241 - ERROR - empty HTML tree: None
2026-08-11 10:13:23,241 - WARNING - discarding data: None
2026-08-11 10:13:23,241 - WARNING - [Economic Times] FAILED with 'requests_browser' (content was too short: 0 words).
2026-08-11 10:13:24,197 - INFO - [Economic Times] Article: https://economictimes.indiatimes.com/inflation-reflects-growth-dynamics-in-india-christopher-wood/articleshow/6274053.cms
2026-08-11 10:13:24,197 - INFO - [Economic Times] Attempt 2/2: Trying with 'selenium_browser' strategy...
2026-08-11 10:13:24,601 - INFO - [Wired] Article: https://www.wired.com/story/ll-bean-promo-code/
2026-08-11 10:13:24,602 - INFO - [Wired] Attempt 1/2: Trying with 'requests_browser' strategy...
2026-08-11 10:13:24,683 - ERROR - parsed tree length: 1, wrong data type or not valid HTML
2026-08-11 10:13:24,684 - ERROR - empty HTML tree: None
2026-08-11 10:13:24,684 - WARNING - discarding data: None
2026-08-11 10:13:24,684 - WARNING - [Wired] FAILED with 'requests_browser' (content was too short: 0 words).
2026-08-11 10:13:25,515 - INFO - [Wired] Article: https://www.wired.com/story/ll-bean-promo-code/
2026-08-11 10:13:25,515 - INFO - [Wired] Attempt 2/2: Trying with 'selenium_browser' strategy...
2026-08-11 10:13:25,915 - INFO - [Economic Times] Page content loaded.
2026-08-11 10:13:27,018 - INFO - [Economic Times] Success with 'selenium_browser'. Found content (4404 words).
2026-08-11 10:13:30,031 - ERROR - Error saving article Inflation reflects growth dynamics in India: Christopher Wood - The Economic Times: Hrana: `stream error: `Error { message: "SQLite error: UNIQUE constraint failed: articles.url", code: "SQLITE_CONSTRAINT" }``
2026-08-11 10:13:30,032 - WARNING - [The Hindu] Page explicit wait timed out (3s). Proceeding anyway.
2026-08-11 10:13:30,054 - INFO - [Wired] Page content loaded.
2026-08-11 10:13:30,573 - INFO - [Economic Times] Article: https://economictimes.indiatimes.com/market-may-trade-in-a-range-but-fiis-seen-sold-on-india/articleshow/6277705.cms
2026-08-11 10:13:30,578 - INFO - [Economic Times] Attempt 1/2: Trying with 'requests_browser' strategy...
2026-08-11 10:13:30,603 - INFO - [Wired] Success with 'selenium_browser'. Found content (716 words).
2026-08-11 10:13:32,128 - ERROR - parsed tree length: 1, wrong data type or not valid HTML
2026-08-11 10:13:32,128 - ERROR - empty HTML tree: None
2026-08-11 10:13:32,128 - WARNING - discarding data: None
2026-08-11 10:13:32,128 - WARNING - [Economic Times] FAILED with 'requests_browser' (content was too short: 0 words).
2026-08-11 10:13:33,490 - INFO - [Economic Times] Article: https://economictimes.indiatimes.com/market-may-trade-in-a-range-but-fiis-seen-sold-on-india/articleshow/6277705.cms
2026-08-11 10:13:33,490 - ERROR - Error saving article L.L.Bean Promo Codes and Coupons: 75% Off | WIRED: Hrana: `stream error: `Error { message: "SQLite error: UNIQUE constraint failed: articles.url", code: "SQLITE_CONSTRAINT" }``
2026-08-11 10:13:33,490 - INFO - [Economic Times] Attempt 2/2: Trying with 'selenium_browser' strategy...
2026-08-11 10:13:34,855 - INFO - [Economic Times] Page content loaded.
2026-08-11 10:13:34,925 - INFO - [Wired] Article: https://www.wired.com/story/tempur-pedic-promo-code/
2026-08-11 10:13:34,926 - INFO - [Wired] Attempt 1/2: Trying with 'requests_browser' strategy...
2026-08-11 10:13:35,021 - ERROR - parsed tree length: 1, wrong data type or not valid HTML
2026-08-11 10:13:35,021 - ERROR - empty HTML tree: None
2026-08-11 10:13:35,021 - WARNING - discarding data: None
2026-08-11 10:13:35,021 - WARNING - [Wired] FAILED with 'requests_browser' (content was too short: 0 words).
2026-08-11 10:13:35,028 - INFO - [Economic Times] Success with 'selenium_browser'. Found content (432 words).
2026-08-11 10:13:36,617 - INFO - [Wired] Article: https://www.wired.com/story/tempur-pedic-promo-code/
2026-08-11 10:13:36,617 - INFO - [Wired] Attempt 2/2: Trying with 'selenium_browser' strategy...
2026-08-11 10:13:37,076 - ERROR - [The Hindu] Request failed for strategy 'selenium_browser' on URL https://www.thehindu.com/news/national/tamil-nadu/tamil-nadu-assembly-adopts-resolution-seeking-abolition-of-neet-for-undergraduate-medical-courses/article71331476.ece: Message: timeout: Timed out receiving message from renderer: 7.000
  (Session info: chrome=151.0.7922.77)
Stacktrace:
#0 0x55f5c934d82a <unknown>
#1 0x55f5c8cc0fc9 <unknown>
#2 0x55f5c8ca8a2f <unknown>
#3 0x55f5c8ca86a6 <unknown>
#4 0x55f5c8ca6288 <unknown>
#5 0x55f5c8ca6c0f <unknown>
#6 0x55f5c8cb5d70 <unknown>
#7 0x55f5c8ccfd37 <unknown>
#8 0x55f5c8cd770b <unknown>
#9 0x55f5c8ca7369 <unknown>
#10 0x55f5c8ccfa92 <unknown>
#11 0x55f5c8d5f066 <unknown>
#12 0x55f5c8d09d32 <unknown>
#13 0x55f5c8d0abb1 <unknown>
#14 0x55f5c9312bb0 <unknown>
#15 0x55f5c931122a <unknown>
#16 0x55f5c92fbc55 <unknown>
#17 0x55f5c9311eea <unknown>
#18 0x55f5c92e3b50 <unknown>
#19 0x55f5c9339208 <unknown>
#20 0x55f5c93393a5 <unknown>
#21 0x55f5c934c3de <unknown>
#22 0x7f6a18c9caa4 <unknown>
#23 0x7f6a18d29c6c <unknown>

2026-08-11 10:13:37,991 - ERROR - Error saving article Market may trade in a range, but FIIs seen sold on India - The Economic Times: Hrana: `stream error: `Error { message: "SQLite error: UNIQUE constraint failed: articles.url", code: "SQLITE_CONSTRAINT" }``
2026-08-11 10:13:37,991 - ERROR - [The Hindu] All scrape strategies failed for https://www.thehindu.com/news/national/tamil-nadu/tamil-nadu-assembly-adopts-resolution-seeking-abolition-of-neet-for-undergraduate-medical-courses/article71331476.ece. Falling back to RSS description.
2026-08-11 10:13:37,992 - WARNING - SKIPPED (GLOBAL WORD LIMIT): Article 'Tamil Nadu Assembly adopts resolution seeking abolition of NEET for undergraduate medical courses' from The Hindu has only 16 words (Min: 90).
2026-08-11 10:13:38,744 - INFO - [The Hindu] Article: https://www.thehindu.com/news/national/kerala/tg-mohandas-arrest-court-pulls-up-police-over-procedural-lapses/article71331672.ece
2026-08-11 10:13:38,744 - INFO - [The Hindu] Attempt 1/1: Trying with 'selenium_browser' strategy...
2026-08-11 10:13:39,327 - INFO - [Wired] Page content loaded.
2026-08-11 10:13:39,406 - INFO - [Economic Times] Article: https://economictimes.indiatimes.com/dont-bank-only-on-price-to-earning-ratio/articleshow/6278228.cms
2026-08-11 10:13:39,407 - INFO - [Economic Times] Attempt 1/2: Trying with 'requests_browser' strategy...
2026-08-11 10:13:39,748 - ERROR - parsed tree length: 1, wrong data type or not valid HTML
2026-08-11 10:13:39,748 - ERROR - empty HTML tree: None
2026-08-11 10:13:39,749 - WARNING - discarding data: None
2026-08-11 10:13:39,749 - WARNING - [Economic Times] FAILED with 'requests_browser' (content was too short: 0 words).
2026-08-11 10:13:39,881 - INFO - [Wired] Success with 'selenium_browser'. Found content (721 words).
2026-08-11 10:13:41,511 - INFO - [Economic Times] Article: https://economictimes.indiatimes.com/dont-bank-only-on-price-to-earning-ratio/articleshow/6278228.cms
2026-08-11 10:13:41,969 - INFO - [Economic Times] Attempt 2/2: Trying with 'selenium_browser' strategy...
2026-08-11 10:13:42,895 - ERROR - Error saving article 30% Off Tempur-Pedic Promo Codes | August 2026 | WIRED: Hrana: `stream error: `Error { message: "SQLite error: UNIQUE constraint failed: articles.url", code: "SQLITE_CONSTRAINT" }``
2026-08-11 10:13:43,439 - INFO - [Wired] Early skip: URL https://www.wired.com/story/playstation-discount-code/ already exists.
2026-08-11 10:13:43,440 - INFO - [Wired] Article: https://www.wired.com/story/att-promo-code/
2026-08-11 10:13:43,440 - INFO - [Wired] Attempt 1/2: Trying with 'requests_browser' strategy...
2026-08-11 10:13:43,514 - ERROR - parsed tree length: 1, wrong data type or not valid HTML
2026-08-11 10:13:43,515 - ERROR - empty HTML tree: None
2026-08-11 10:13:43,515 - WARNING - discarding data: None
2026-08-11 10:13:43,515 - WARNING - [Wired] FAILED with 'requests_browser' (content was too short: 0 words).
2026-08-11 10:13:43,669 - INFO - [Economic Times] Page content loaded.
2026-08-11 10:13:43,798 - INFO - [Economic Times] Success with 'selenium_browser'. Found content (447 words).
2026-08-11 10:13:45,397 - INFO - [Wired] Article: https://www.wired.com/story/att-promo-code/
2026-08-11 10:13:45,859 - INFO - [Wired] Attempt 2/2: Trying with 'selenium_browser' strategy...
2026-08-11 10:13:46,781 - ERROR - Error saving article 'Don't bank only on price-to-earning ratio' - The Economic Times: Hrana: `stream error: `Error { message: "SQLite error: UNIQUE constraint failed: articles.url", code: "SQLITE_CONSTRAINT" }``
2026-08-11 10:13:48,086 - INFO - [Wired] Page content loaded.
2026-08-11 10:13:48,254 - INFO - [Economic Times] Article: https://economictimes.indiatimes.com/markets/stocks/recos/prabhudas-lilladher-has-a-reduce-rating-on-infosys/articleshow/3798718.cms
2026-08-11 10:13:48,254 - INFO - [Economic Times] Attempt 1/2: Trying with 'requests_browser' strategy...
2026-08-11 10:13:48,673 - ERROR - parsed tree length: 1, wrong data type or not valid HTML
2026-08-11 10:13:48,690 - ERROR - empty HTML tree: None
2026-08-11 10:13:48,690 - WARNING - discarding data: None
2026-08-11 10:13:48,690 - WARNING - [Economic Times] FAILED with 'requests_browser' (content was too short: 0 words).
2026-08-11 10:13:48,936 - INFO - [Wired] Success with 'selenium_browser'. Found content (1774 words).
2026-08-11 10:13:50,629 - INFO - [Economic Times] Article: https://economictimes.indiatimes.com/markets/stocks/recos/prabhudas-lilladher-has-a-reduce-rating-on-infosys/articleshow/3798718.cms
2026-08-11 10:13:51,084 - INFO - [Economic Times] Attempt 2/2: Trying with 'selenium_browser' strategy...
2026-08-11 10:13:51,998 - ERROR - Error saving article AT&T Promo Codes: $50 Off This August 2026 | WIRED: Hrana: `stream error: `Error { message: "SQLite error: UNIQUE constraint failed: articles.url", code: "SQLITE_CONSTRAINT" }``
2026-08-11 10:13:53,043 - INFO - [Wired] Article: https://www.wired.com/story/squarespace-promo-code/
2026-08-11 10:13:53,043 - INFO - [Wired] Attempt 1/2: Trying with 'requests_browser' strategy...
2026-08-11 10:13:53,120 - ERROR - parsed tree length: 1, wrong data type or not valid HTML
2026-08-11 10:13:53,120 - ERROR - empty HTML tree: None
2026-08-11 10:13:53,120 - WARNING - discarding data: None
2026-08-11 10:13:53,120 - WARNING - [Wired] FAILED with 'requests_browser' (content was too short: 0 words).
2026-08-11 10:13:53,395 - INFO - [Economic Times] Page content loaded.
2026-08-11 10:13:53,566 - INFO - [Economic Times] Success with 'selenium_browser'. Found content (259 words).
2026-08-11 10:13:55,119 - WARNING - [The Hindu] Page get timed out (7s). Proceeding to grab partial source anyway.
2026-08-11 10:13:55,575 - INFO - [Wired] Article: https://www.wired.com/story/squarespace-promo-code/
2026-08-11 10:13:55,575 - INFO - [Wired] Attempt 2/2: Trying with 'selenium_browser' strategy...
2026-08-11 10:13:56,493 - ERROR - Error saving article Prabhudas Lilladher has a ‘reduce’ rating on Infosys - The Economic Times: Hrana: `stream error: `Error { message: "SQLite error: UNIQUE constraint failed: articles.url", code: "SQLITE_CONSTRAINT" }``
2026-08-11 10:13:57,719 - INFO - [Economic Times] Article: https://economictimes.indiatimes.com/markets/stocks/recos/fin-crisis-too-late-and-too-little-done-in-us/articleshow/3794549.cms
2026-08-11 10:13:57,719 - INFO - [Economic Times] Attempt 1/2: Trying with 'requests_browser' strategy...
2026-08-11 10:13:57,793 - INFO - [Wired] Page content loaded.
2026-08-11 10:13:58,091 - ERROR - parsed tree length: 1, wrong data type or not valid HTML
2026-08-11 10:13:58,091 - ERROR - empty HTML tree: None
2026-08-11 10:13:58,091 - WARNING - discarding data: None
2026-08-11 10:13:58,091 - WARNING - [Economic Times] FAILED with 'requests_browser' (content was too short: 0 words).
2026-08-11 10:13:58,478 - INFO - [Wired] Success with 'selenium_browser'. Found content (1415 words).
2026-08-11 10:14:00,136 - INFO - [Economic Times] Article: https://economictimes.indiatimes.com/markets/stocks/recos/fin-crisis-too-late-and-too-little-done-in-us/articleshow/3794549.cms
2026-08-11 10:14:00,592 - INFO - [Economic Times] Attempt 2/2: Trying with 'selenium_browser' strategy...
2026-08-11 10:14:01,506 - ERROR - Error saving article Squarespace Promo Codes: 20% Off in August 2026 | WIRED: Hrana: `stream error: `Error { message: "SQLite error: UNIQUE constraint failed: articles.url", code: "SQLITE_CONSTRAINT" }``
2026-08-11 10:14:02,138 - WARNING - [The Hindu] Page explicit wait timed out (3s). Proceeding anyway.
2026-08-11 10:14:02,820 - INFO - [Wired] Early skip: URL https://www.wired.com/story/casetify-promo-code/ already exists.
2026-08-11 10:14:02,822 - INFO - [Wired] Article: https://www.wired.com/story/skullcandy-discount-code/
2026-08-11 10:14:02,822 - INFO - [Wired] Attempt 1/2: Trying with 'requests_browser' strategy...
2026-08-11 10:14:02,857 - INFO - [Economic Times] Page content loaded.
2026-08-11 10:14:02,950 - ERROR - parsed tree length: 1, wrong data type or not valid HTML
2026-08-11 10:14:02,950 - ERROR - empty HTML tree: None
2026-08-11 10:14:02,950 - WARNING - discarding data: None
2026-08-11 10:14:02,950 - WARNING - [Wired] FAILED with 'requests_browser' (content was too short: 0 words).
2026-08-11 10:14:03,094 - INFO - [Economic Times] Success with 'selenium_browser'. Found content (868 words).
2026-08-11 10:14:04,629 - INFO - [Wired] Article: https://www.wired.com/story/skullcandy-discount-code/
2026-08-11 10:14:05,089 - INFO - [Wired] Attempt 2/2: Trying with 'selenium_browser' strategy...
2026-08-11 10:14:06,045 - ERROR - Error saving article Fin Crisis: Too late and too little done in US - The Economic Times: Hrana: `stream error: `Error { message: "SQLite error: UNIQUE constraint failed: articles.url", code: "SQLITE_CONSTRAINT" }``
2026-08-11 10:14:07,127 - INFO - [Economic Times] Article: https://economictimes.indiatimes.com/markets/forex/weak-rupee-takes-its-toll-on-cos-with-huge-foreign-debt/articleshow/3546158.cms
2026-08-11 10:14:07,127 - INFO - [Economic Times] Attempt 1/2: Trying with 'requests_browser' strategy...
2026-08-11 10:14:07,409 - ERROR - parsed tree length: 1, wrong data type or not valid HTML
2026-08-11 10:14:07,409 - ERROR - empty HTML tree: None
2026-08-11 10:14:07,409 - WARNING - discarding data: None
2026-08-11 10:14:07,409 - WARNING - [Economic Times] FAILED with 'requests_browser' (content was too short: 0 words).
2026-08-11 10:14:07,472 - INFO - [Wired] Page content loaded.
2026-08-11 10:14:07,880 - INFO - [Wired] Success with 'selenium_browser'. Found content (532 words).
2026-08-11 10:14:07,955 - INFO - [Economic Times] Article: https://economictimes.indiatimes.com/markets/forex/weak-rupee-takes-its-toll-on-cos-with-huge-foreign-debt/articleshow/3546158.cms
2026-08-11 10:14:07,955 - INFO - [Economic Times] Attempt 2/2: Trying with 'selenium_browser' strategy...
2026-08-11 10:14:10,009 - ERROR - [The Hindu] Request failed for strategy 'selenium_browser' on URL https://www.thehindu.com/news/national/kerala/tg-mohandas-arrest-court-pulls-up-police-over-procedural-lapses/article71331672.ece: Message: timeout: Timed out receiving message from renderer: 7.000
  (Session info: chrome=151.0.7922.77)
Stacktrace:
#0 0x55f5c934d82a <unknown>
#1 0x55f5c8cc0fc9 <unknown>
#2 0x55f5c8ca8a2f <unknown>
#3 0x55f5c8ca86a6 <unknown>
#4 0x55f5c8ca6288 <unknown>
#5 0x55f5c8ca6c0f <unknown>
#6 0x55f5c8cb5d70 <unknown>
#7 0x55f5c8ccfd37 <unknown>
#8 0x55f5c8cd770b <unknown>
#9 0x55f5c8ca7369 <unknown>
#10 0x55f5c8ccfa92 <unknown>
#11 0x55f5c8d5f066 <unknown>
#12 0x55f5c8d09d32 <unknown>
#13 0x55f5c8d0abb1 <unknown>
#14 0x55f5c9312bb0 <unknown>
#15 0x55f5c931122a <unknown>
#16 0x55f5c92fbc55 <unknown>
#17 0x55f5c9311eea <unknown>
#18 0x55f5c92e3b50 <unknown>
#19 0x55f5c9339208 <unknown>
#20 0x55f5c93393a5 <unknown>
#21 0x55f5c934c3de <unknown>
#22 0x7f6a18c9caa4 <unknown>
#23 0x7f6a18d29c6c <unknown>

2026-08-11 10:14:10,917 - ERROR - [The Hindu] All scrape strategies failed for https://www.thehindu.com/news/national/kerala/tg-mohandas-arrest-court-pulls-up-police-over-procedural-lapses/article71331672.ece. Falling back to RSS description.
2026-08-11 10:14:10,917 - ERROR - Error saving article Skullcandy Discount Code: 30% Off | August 2026 | WIRED: Hrana: `stream error: `Error { message: "SQLite error: UNIQUE constraint failed: articles.url", code: "SQLITE_CONSTRAINT" }``
2026-08-11 10:14:10,918 - WARNING - SKIPPED (GLOBAL WORD LIMIT): Article 'T.G. Mohandas arrest: Court pulls up police over procedural lapses' from The Hindu has only 34 words (Min: 90).
2026-08-11 10:14:12,063 - INFO - [Economic Times] Page content loaded.
2026-08-11 10:14:12,162 - INFO - [The Hindu] Article: https://www.thehindu.com/news/national/tamil-nadu/lower-bhavani-farmers-resume-protest-seeking-go-for-release-of-water/article71331634.ece
2026-08-11 10:14:12,162 - INFO - [The Hindu] Attempt 1/1: Trying with 'selenium_browser' strategy...
2026-08-11 10:14:12,304 - INFO - [Economic Times] Success with 'selenium_browser'. Found content (482 words).
2026-08-11 10:14:12,415 - INFO - [Wired] Article: https://www.wired.com/story/sony-promo-code/
2026-08-11 10:14:12,421 - INFO - [Wired] Attempt 1/2: Trying with 'requests_browser' strategy...
2026-08-11 10:14:15,319 - ERROR - Error saving article Weak rupee takes its toll on cos with huge foreign debt - The Economic Times: Hrana: `stream error: `Error { message: "SQLite error: UNIQUE constraint failed: articles.url", code: "SQLITE_CONSTRAINT" }``
2026-08-11 10:14:15,330 - ERROR - parsed tree length: 1, wrong data type or not valid HTML
2026-08-11 10:14:15,330 - ERROR - empty HTML tree: None
2026-08-11 10:14:15,330 - WARNING - discarding data: None
2026-08-11 10:14:15,330 - WARNING - [Wired] FAILED with 'requests_browser' (content was too short: 0 words).
2026-08-11 10:14:15,836 - INFO - [Wired] Article: https://www.wired.com/story/sony-promo-code/
2026-08-11 10:14:15,837 - INFO - [Wired] Attempt 2/2: Trying with 'selenium_browser' strategy...
2026-08-11 10:14:16,487 - INFO - [Economic Times] Article: https://economictimes.indiatimes.com/markets/stocks/recos/wait-for-more-signals-before-turning-positive/articleshow/3292640.cms
2026-08-11 10:14:16,487 - INFO - [Economic Times] Attempt 1/2: Trying with 'requests_browser' strategy...
2026-08-11 10:14:16,790 - ERROR - parsed tree length: 1, wrong data type or not valid HTML
2026-08-11 10:14:16,791 - ERROR - empty HTML tree: None
2026-08-11 10:14:16,791 - WARNING - discarding data: None
2026-08-11 10:14:16,791 - WARNING - [Economic Times] FAILED with 'requests_browser' (content was too short: 0 words).
2026-08-11 10:14:17,481 - INFO - [Economic Times] Article: https://economictimes.indiatimes.com/markets/stocks/recos/wait-for-more-signals-before-turning-positive/articleshow/3292640.cms
2026-08-11 10:14:17,481 - INFO - [Economic Times] Attempt 2/2: Trying with 'selenium_browser' strategy...
2026-08-11 10:14:18,219 - INFO - [Wired] Page content loaded.
2026-08-11 10:14:18,789 - INFO - [Wired] Success with 'selenium_browser'. Found content (750 words).
2026-08-11 10:14:21,762 - ERROR - Error saving article Sony Coupons: 45% Off Sony Headphones, WF-1000XM6 Earbuds, and Sony Cameras for August 2026 | WIRED: Hrana: `stream error: `Error { message: "SQLite error: UNIQUE constraint failed: articles.url", code: "SQLITE_CONSTRAINT" }``
2026-08-11 10:14:22,372 - INFO - [Wired] Article: https://www.wired.com/story/samsung-promo-codes/
2026-08-11 10:14:22,372 - INFO - [Wired] Attempt 1/2: Trying with 'requests_browser' strategy...
2026-08-11 10:14:22,437 - INFO - [Economic Times] Page content loaded.
2026-08-11 10:14:22,527 - ERROR - parsed tree length: 1, wrong data type or not valid HTML
2026-08-11 10:14:22,527 - ERROR - empty HTML tree: None
2026-08-11 10:14:22,527 - WARNING - discarding data: None
2026-08-11 10:14:22,527 - WARNING - [Wired] FAILED with 'requests_browser' (content was too short: 0 words).
2026-08-11 10:14:22,570 - INFO - [Economic Times] Success with 'selenium_browser'. Found content (392 words).
2026-08-11 10:14:24,737 - INFO - [Wired] Article: https://www.wired.com/story/samsung-promo-codes/
2026-08-11 10:14:25,660 - INFO - [Wired] Attempt 2/2: Trying with 'selenium_browser' strategy...
2026-08-11 10:14:25,661 - ERROR - Error saving article Wait for more signals before turning positive - The Economic Times: Hrana: `stream error: `Error { message: "SQLite error: UNIQUE constraint failed: articles.url", code: "SQLITE_CONSTRAINT" }``
2026-08-11 10:14:26,488 - INFO - [Economic Times] Article: https://economictimes.indiatimes.com/news/company/corporate-trends/six-indian-cos-among-businessweeks-top-100-infotech-firms/articleshow/3189334.cms
2026-08-11 10:14:26,488 - INFO - [Economic Times] Attempt 1/2: Trying with 'requests_browser' strategy...
2026-08-11 10:14:26,908 - INFO - [Economic Times] Success with 'requests_browser'. Found content (370 words).
2026-08-11 10:14:28,862 - WARNING - [The Hindu] Page get timed out (7s). Proceeding to grab partial source anyway.
2026-08-11 10:14:29,786 - ERROR - Error saving article Six Indian cos among BusinessWeek's top 100 Infotech firms - The Economic Times: Hrana: `stream error: `Error { message: "SQLite error: UNIQUE constraint failed: articles.url", code: "SQLITE_CONSTRAINT" }``
2026-08-11 10:14:29,793 - INFO - [Wired] Page content loaded.
2026-08-11 10:14:30,209 - INFO - [Wired] Success with 'selenium_browser'. Found content (1435 words).
2026-08-11 10:14:30,594 - INFO - [Economic Times] Article: https://economictimes.indiatimes.com/news/company/corporate-trends/indian-firms-slip-in-global-ranking-four-move-out-of-top-500/articleshow/3177077.cms
2026-08-11 10:14:30,595 - INFO - [Economic Times] Attempt 1/2: Trying with 'requests_browser' strategy...
2026-08-11 10:14:33,378 - ERROR - Error saving article 30% Off Samsung Promo Code | August 2026 | WIRED: Hrana: `stream error: `Error { message: "SQLite error: UNIQUE constraint failed: articles.url", code: "SQLITE_CONSTRAINT" }``
2026-08-11 10:14:33,400 - INFO - [Economic Times] Success with 'requests_browser'. Found content (1044 words).
2026-08-11 10:14:34,886 - INFO - [Wired] Early skip: URL https://www.wired.com/story/orange-crush-tag-heuer-drops-a-bright-revamp-of-the-original-metal-f1-watch/ already exists.
2026-08-11 10:14:36,255 - INFO - [Wired] Early skip: URL https://www.wired.com/story/the-outlaw-chemist-teaching-people-how-to-make-drugs-from-scratch/ already exists.
2026-08-11 10:14:36,255 - ERROR - Error saving article Indian firms slip in global ranking; four move out of Top-500 - The Economic Times: Hrana: `stream error: `Error { message: "SQLite error: UNIQUE constraint failed: articles.url", code: "SQLITE_CONSTRAINT" }``
2026-08-11 10:14:36,256 - INFO - [Wired] Early skip: URL https://www.wired.com/story/best-portable-solar-panels/ already exists.
2026-08-11 10:14:36,257 - INFO - [Wired] Early skip: URL https://www.wired.com/story/the-ai-slop-backlash-is-actually-having-an-impact/ already exists.
2026-08-11 10:14:36,259 - INFO - [Wired] Article: https://www.wired.com/gallery/best-ereaders/
2026-08-11 10:14:36,259 - INFO - [Wired] Attempt 1/2: Trying with 'requests_browser' strategy...
2026-08-11 10:14:36,360 - ERROR - parsed tree length: 1, wrong data type or not valid HTML
2026-08-11 10:14:36,360 - ERROR - empty HTML tree: None
2026-08-11 10:14:36,360 - WARNING - discarding data: None
2026-08-11 10:14:36,360 - WARNING - [Wired] FAILED with 'requests_browser' (content was too short: 0 words).
2026-08-11 10:14:36,794 - WARNING - [The Hindu] Page explicit wait timed out (3s). Proceeding anyway.
2026-08-11 10:14:36,899 - INFO - [Wired] Article: https://www.wired.com/gallery/best-ereaders/
2026-08-11 10:14:36,899 - INFO - [Wired] Attempt 2/2: Trying with 'selenium_browser' strategy...
2026-08-11 10:14:37,111 - INFO - [Economic Times] Article: https://economictimes.indiatimes.com/markets/stocks/news/big-daddy-laps-up-cipla-after-q1-nos-beat-forecast/articleshow/6308646.cms
2026-08-11 10:14:37,112 - INFO - [Economic Times] Attempt 1/2: Trying with 'requests_browser' strategy...
2026-08-11 10:14:37,396 - ERROR - parsed tree length: 1, wrong data type or not valid HTML
2026-08-11 10:14:37,396 - ERROR - empty HTML tree: None
2026-08-11 10:14:37,396 - WARNING - discarding data: None
2026-08-11 10:14:37,396 - WARNING - [Economic Times] FAILED with 'requests_browser' (content was too short: 0 words).
2026-08-11 10:14:38,151 - INFO - [Economic Times] Article: https://economictimes.indiatimes.com/markets/stocks/news/big-daddy-laps-up-cipla-after-q1-nos-beat-forecast/articleshow/6308646.cms
2026-08-11 10:14:38,151 - INFO - [Economic Times] Attempt 2/2: Trying with 'selenium_browser' strategy...
2026-08-11 10:14:39,389 - INFO - [Economic Times] Page content loaded.
2026-08-11 10:14:39,982 - INFO - [Economic Times] Success with 'selenium_browser'. Found content (598 words).
2026-08-11 10:14:43,077 - ERROR - Error saving article 'Big Daddy' laps up Cipla after Q1 nos beat forecast - The Economic Times: Hrana: `stream error: `Error { message: "SQLite error: UNIQUE constraint failed: articles.url", code: "SQLITE_CONSTRAINT" }``
2026-08-11 10:14:43,135 - INFO - [Wired] Page content loaded.
2026-08-11 10:14:43,820 - ERROR - [The Hindu] Request failed for strategy 'selenium_browser' on URL https://www.thehindu.com/news/national/tamil-nadu/lower-bhavani-farmers-resume-protest-seeking-go-for-release-of-water/article71331634.ece: Message: timeout: Timed out receiving message from renderer: 7.000
  (Session info: chrome=151.0.7922.77)
Stacktrace:
#0 0x55f5c934d82a <unknown>
#1 0x55f5c8cc0fc9 <unknown>
#2 0x55f5c8ca8a2f <unknown>
#3 0x55f5c8ca86a6 <unknown>
#4 0x55f5c8ca6288 <unknown>
#5 0x55f5c8ca6c0f <unknown>
#6 0x55f5c8cb5d70 <unknown>
#7 0x55f5c8ccfd37 <unknown>
#8 0x55f5c8cd770b <unknown>
#9 0x55f5c8ca7369 <unknown>
#10 0x55f5c8ccfa92 <unknown>
#11 0x55f5c8d5f066 <unknown>
#12 0x55f5c8d09d32 <unknown>
#13 0x55f5c8d0abb1 <unknown>
#14 0x55f5c9312bb0 <unknown>
#15 0x55f5c931122a <unknown>
#16 0x55f5c92fbc55 <unknown>
#17 0x55f5c9311eea <unknown>
#18 0x55f5c92e3b50 <unknown>
#19 0x55f5c9339208 <unknown>
#20 0x55f5c93393a5 <unknown>
#21 0x55f5c934c3de <unknown>
#22 0x7f6a18c9caa4 <unknown>
#23 0x7f6a18d29c6c <unknown>

2026-08-11 10:14:43,820 - ERROR - [The Hindu] All scrape strategies failed for https://www.thehindu.com/news/national/tamil-nadu/lower-bhavani-farmers-resume-protest-seeking-go-for-release-of-water/article71331634.ece. Falling back to RSS description.
2026-08-11 10:14:43,820 - WARNING - SKIPPED (GLOBAL WORD LIMIT): Article 'Lower Bhavani farmers resume protest seeking G.O. for release of water' from The Hindu has only 46 words (Min: 90).
2026-08-11 10:14:44,277 - INFO - [Wired] Success with 'selenium_browser'. Found content (2169 words).
2026-08-11 10:14:44,519 - INFO - [Economic Times] Article: https://economictimes.indiatimes.com/markets/stocks/news/old-fox-has-dream-run-on-dalal-street/articleshow/6308631.cms
2026-08-11 10:14:44,527 - INFO - [Economic Times] Attempt 1/2: Trying with 'requests_browser' strategy...
2026-08-11 10:14:44,826 - ERROR - parsed tree length: 1, wrong data type or not valid HTML
2026-08-11 10:14:44,827 - ERROR - empty HTML tree: None
2026-08-11 10:14:44,827 - WARNING - discarding data: None
2026-08-11 10:14:44,827 - WARNING - [Economic Times] FAILED with 'requests_browser' (content was too short: 0 words).
2026-08-11 10:14:46,339 - INFO - [Economic Times] Article: https://economictimes.indiatimes.com/markets/stocks/news/old-fox-has-dream-run-on-dalal-street/articleshow/6308631.cms
2026-08-11 10:14:46,339 - INFO - [Economic Times] Attempt 2/2: Trying with 'selenium_browser' strategy...
2026-08-11 10:14:46,341 - INFO - [The Hindu] Article: https://www.thehindu.com/news/cities/chennai/greater-chennai-corporation-to-impose-25000-fine-on-residents-who-abandon-pet-dogs/article71329093.ece
2026-08-11 10:14:46,341 - INFO - [The Hindu] Attempt 1/1: Trying with 'selenium_browser' strategy...
2026-08-11 10:14:47,723 - ERROR - Error saving article The Best E-Readers of 2026: Kobo, Kindle, Boox | WIRED: Hrana: `stream error: `Error { message: "SQLite error: UNIQUE constraint failed: articles.url", code: "SQLITE_CONSTRAINT" }``
2026-08-11 10:14:48,409 - INFO - [Economic Times] Page content loaded.
2026-08-11 10:14:48,709 - INFO - [Economic Times] Success with 'selenium_browser'. Found content (156 words).
2026-08-11 10:14:48,904 - INFO - [Wired] Early skip: URL https://www.wired.com/story/california-group-buy-bringing-down-heat-pump-costs/ already exists.
2026-08-11 10:14:48,911 - INFO - [Wired] Early skip: URL https://www.wired.com/story/how-to-choose-a-camera/ already exists.
2026-08-11 10:14:48,919 - INFO - [Wired] Early skip: URL https://www.wired.com/story/the-rise-of-the-1-am-job-interview/ already exists.
2026-08-11 10:14:48,920 - INFO - [Wired] Early skip: URL https://www.wired.com/story/best-wireless-earbuds/ already exists.
2026-08-11 10:14:48,921 - INFO - [Wired] Early skip: URL https://www.wired.com/story/octopus-arms-distributed-intelligence-nine-brains/ already exists.
2026-08-11 10:14:48,922 - INFO - [Wired] Early skip: URL https://www.wired.com/story/space-agencies-trying-stop-astronauts-losing-sight/ already exists.
2026-08-11 10:14:48,924 - INFO - [Wired] Early skip: URL https://www.wired.com/story/digital-estate-planning-tips/ already exists.
2026-08-11 10:14:48,925 - INFO - [Wired] Early skip: URL https://www.wired.com/story/best-compression-boots/ already exists.
2026-08-11 10:14:48,926 - INFO - [Wired] Early skip: URL https://www.wired.com/story/meetily-lets-you-transcribe-and-summarize-meetings-without-a-subscription-heres-how/ already exists.
2026-08-11 10:14:48,927 - INFO - [Wired] Early skip: URL https://www.wired.com/review/tcl-note-a1-nxtpaper-tablet/ already exists.
2026-08-11 10:14:48,929 - INFO - [Wired] Early skip: URL https://www.wired.com/story/the-12-best-anime-to-watch-if-you-think-you-hate-anime/ already exists.
2026-08-11 10:14:48,931 - INFO - [Wired] Early skip: URL https://www.wired.com/story/the-best-workout-headphones-and-earbuds/ already exists.
2026-08-11 10:14:48,932 - INFO - [Wired] Early skip: URL https://www.wired.com/story/ai-billionaires-are-pledging-their-wealth-good-or-bad/ already exists.
2026-08-11 10:14:48,933 - INFO - [Wired] Early skip: URL https://www.wired.com/story/census-proposal-would-stop-counting-undocumented-immigrants-and-ignore-race-and-sexual-orientation/ already exists.
2026-08-11 10:14:48,935 - INFO - [Wired] Early skip: URL https://www.wired.com/story/the-sharpest-image-ever-taken-of-the-sun-reveals-a-beautiful-hidden-phenomenon/ already exists.
2026-08-11 10:14:48,936 - INFO - [Wired] Early skip: URL https://www.wired.com/story/first-images-spacex-rocket-moon-crater/ already exists.
2026-08-11 10:14:48,938 - INFO - [Wired] Early skip: URL https://www.wired.com/story/hp-omnibook-5-50-percent-off/ already exists.
2026-08-11 10:14:48,939 - INFO - [Wired] Early skip: URL https://www.wired.com/story/best-gaming-laptops/ already exists.
2026-08-11 10:14:48,940 - INFO - [Wired] Early skip: URL https://www.wired.com/review/xteink-x4-pro-e-reader/ already exists.
2026-08-11 10:14:48,943 - INFO - [Wired] (Thread) Finished. Attempting to shut down its Selenium driver.
2026-08-11 10:14:51,716 - ERROR - Error saving article Old Fox has dream run on Dalal Street - The Economic Times: Hrana: `stream error: `Error { message: "SQLite error: UNIQUE constraint failed: articles.url", code: "SQLITE_CONSTRAINT" }``
2026-08-11 10:14:51,719 - INFO - [Wired] (Thread) driver.quit() successful.
2026-08-11 10:14:52,423 - INFO - [Economic Times] Article: https://economictimes.indiatimes.com/markets/stocks/news/cairn-india-hits-record-high-on-bse-amid-stake-sale-talks/articleshow/6306679.cms
2026-08-11 10:14:52,423 - INFO - [Economic Times] Attempt 1/2: Trying with 'requests_browser' strategy...
2026-08-11 10:14:52,703 - ERROR - parsed tree length: 1, wrong data type or not valid HTML
2026-08-11 10:14:52,703 - ERROR - empty HTML tree: None
2026-08-11 10:14:52,703 - WARNING - discarding data: None
2026-08-11 10:14:52,703 - WARNING - [Economic Times] FAILED with 'requests_browser' (content was too short: 0 words).
2026-08-11 10:14:53,423 - INFO - [Economic Times] Article: https://economictimes.indiatimes.com/markets/stocks/news/cairn-india-hits-record-high-on-bse-amid-stake-sale-talks/articleshow/6306679.cms
2026-08-11 10:14:53,423 - INFO - [Economic Times] Attempt 2/2: Trying with 'selenium_browser' strategy...
2026-08-11 10:14:55,207 - INFO - [Economic Times] Page content loaded.
2026-08-11 10:14:55,432 - INFO - [Economic Times] Success with 'selenium_browser'. Found content (363 words).
2026-08-11 10:14:58,351 - ERROR - Error saving article Cairn India hits record high on BSE amid stake sale talks - The Economic Times: Hrana: `stream error: `Error { message: "SQLite error: UNIQUE constraint failed: articles.url", code: "SQLITE_CONSTRAINT" }``
2026-08-11 10:14:58,970 - INFO - [Economic Times] Article: https://economictimes.indiatimes.com/markets/stocks/news/vedanta-plunges-5-59-per-cent-on-lse-amid-talks-to-buy-cairn-stake/articleshow/6306526.cms
2026-08-11 10:14:58,970 - INFO - [Economic Times] Attempt 1/2: Trying with 'requests_browser' strategy...
2026-08-11 10:14:59,287 - ERROR - parsed tree length: 1, wrong data type or not valid HTML
2026-08-11 10:14:59,287 - ERROR - empty HTML tree: None
2026-08-11 10:14:59,288 - WARNING - discarding data: None
2026-08-11 10:14:59,288 - WARNING - [Economic Times] FAILED with 'requests_browser' (content was too short: 0 words).
2026-08-11 10:14:59,917 - INFO - [Economic Times] Article: https://economictimes.indiatimes.com/markets/stocks/news/vedanta-plunges-5-59-per-cent-on-lse-amid-talks-to-buy-cairn-stake/articleshow/6306526.cms
2026-08-11 10:14:59,917 - INFO - [Economic Times] Attempt 2/2: Trying with 'selenium_browser' strategy...
2026-08-11 10:15:01,739 - WARNING - [The Hindu] Page get timed out (7s). Proceeding to grab partial source anyway.
2026-08-11 10:15:02,126 - INFO - [Economic Times] Page content loaded.
2026-08-11 10:15:02,262 - INFO - [Economic Times] Success with 'selenium_browser'. Found content (397 words).
2026-08-11 10:15:05,170 - ERROR - Error saving article Cairn: Vedanta plunges 5.59 per cent on LSE amid talks to buy Cairn stake - The Economic Times: Hrana: `stream error: `Error { message: "SQLite error: UNIQUE constraint failed: articles.url", code: "SQLITE_CONSTRAINT" }``
2026-08-11 10:15:06,445 - INFO - [Economic Times] Article: https://economictimes.indiatimes.com/markets/stocks/news/sbi-shares-on-gaining-spree-hit-record-high/articleshow/6306241.cms
2026-08-11 10:15:06,445 - INFO - [Economic Times] Attempt 1/2: Trying with 'requests_browser' strategy...
2026-08-11 10:15:06,795 - ERROR - parsed tree length: 1, wrong data type or not valid HTML
2026-08-11 10:15:06,795 - ERROR - empty HTML tree: None
2026-08-11 10:15:06,795 - WARNING - discarding data: None
2026-08-11 10:15:06,795 - WARNING - [Economic Times] FAILED with 'requests_browser' (content was too short: 0 words).
2026-08-11 10:15:07,526 - INFO - [Economic Times] Article: https://economictimes.indiatimes.com/markets/stocks/news/sbi-shares-on-gaining-spree-hit-record-high/articleshow/6306241.cms
2026-08-11 10:15:07,526 - INFO - [Economic Times] Attempt 2/2: Trying with 'selenium_browser' strategy...
2026-08-11 10:15:08,748 - WARNING - [The Hindu] Page explicit wait timed out (3s). Proceeding anyway.
2026-08-11 10:15:09,165 - INFO - [Economic Times] Page content loaded.
2026-08-11 10:15:09,263 - WARNING - [Economic Times] FAILED with 'selenium_browser' (content was too short: 87 words).
2026-08-11 10:15:09,263 - ERROR - [Economic Times] All scrape strategies failed for https://economictimes.indiatimes.com/markets/stocks/news/sbi-shares-on-gaining-spree-hit-record-high/articleshow/6306241.cms. Falling back to RSS description.
2026-08-11 10:15:09,263 - WARNING - SKIPPED (GLOBAL WORD LIMIT): Article 'SBI shares on gaining spree; hit record high ' from Economic Times has only 28 words (Min: 90).
2026-08-11 10:15:09,961 - INFO - [Economic Times] Article: https://economictimes.indiatimes.com/fm-must-rethink/articleshow/5645094.cms
2026-08-11 10:15:09,961 - INFO - [Economic Times] Attempt 1/2: Trying with 'requests_browser' strategy...
2026-08-11 10:15:10,250 - ERROR - parsed tree length: 1, wrong data type or not valid HTML
2026-08-11 10:15:10,250 - ERROR - empty HTML tree: None
2026-08-11 10:15:10,250 - WARNING - discarding data: None
2026-08-11 10:15:10,250 - WARNING - [Economic Times] FAILED with 'requests_browser' (content was too short: 0 words).
2026-08-11 10:15:10,927 - INFO - [Economic Times] Article: https://economictimes.indiatimes.com/fm-must-rethink/articleshow/5645094.cms
2026-08-11 10:15:10,928 - INFO - [Economic Times] Attempt 2/2: Trying with 'selenium_browser' strategy...
2026-08-11 10:15:12,258 - INFO - [Economic Times] Page content loaded.
2026-08-11 10:15:12,384 - INFO - [Economic Times] Success with 'selenium_browser'. Found content (138 words).
2026-08-11 10:15:15,291 - ERROR - Error saving article FM must rethink - The Economic Times: Hrana: `stream error: `Error { message: "SQLite error: UNIQUE constraint failed: articles.url", code: "SQLITE_CONSTRAINT" }``
2026-08-11 10:15:15,771 - ERROR - [The Hindu] Request failed for strategy 'selenium_browser' on URL https://www.thehindu.com/news/cities/chennai/greater-chennai-corporation-to-impose-25000-fine-on-residents-who-abandon-pet-dogs/article71329093.ece: Message: timeout: Timed out receiving message from renderer: 7.000
  (Session info: chrome=151.0.7922.77)
Stacktrace:
#0 0x55f5c934d82a <unknown>
#1 0x55f5c8cc0fc9 <unknown>
#2 0x55f5c8ca8a2f <unknown>
#3 0x55f5c8ca86a6 <unknown>
#4 0x55f5c8ca6288 <unknown>
#5 0x55f5c8ca6c0f <unknown>
#6 0x55f5c8cb5d70 <unknown>
#7 0x55f5c8ccfd37 <unknown>
#8 0x55f5c8cd770b <unknown>
#9 0x55f5c8ca7369 <unknown>
#10 0x55f5c8ccfa92 <unknown>
#11 0x55f5c8d5f066 <unknown>
#12 0x55f5c8d09d32 <unknown>
#13 0x55f5c8d0abb1 <unknown>
#14 0x55f5c9312bb0 <unknown>
#15 0x55f5c931122a <unknown>
#16 0x55f5c92fbc55 <unknown>
#17 0x55f5c9311eea <unknown>
#18 0x55f5c92e3b50 <unknown>
#19 0x55f5c9339208 <unknown>
#20 0x55f5c93393a5 <unknown>
#21 0x55f5c934c3de <unknown>
#22 0x7f6a18c9caa4 <unknown>
#23 0x7f6a18d29c6c <unknown>

2026-08-11 10:15:15,771 - ERROR - [The Hindu] All scrape strategies failed for https://www.thehindu.com/news/cities/chennai/greater-chennai-corporation-to-impose-25000-fine-on-residents-who-abandon-pet-dogs/article71329093.ece. Falling back to RSS description.
2026-08-11 10:15:15,771 - WARNING - SKIPPED (GLOBAL WORD LIMIT): Article 'Greater Chennai Corporation to impose ₹25,000 fine on residents who abandon pet dogs' from The Hindu has only 31 words (Min: 90).
2026-08-11 10:15:16,566 - INFO - [Economic Times] Article: https://economictimes.indiatimes.com/amalgamate-banks/articleshow/5645086.cms
2026-08-11 10:15:16,567 - INFO - [Economic Times] Attempt 1/2: Trying with 'requests_browser' strategy...
2026-08-11 10:15:16,836 - ERROR - parsed tree length: 1, wrong data type or not valid HTML
2026-08-11 10:15:16,836 - ERROR - empty HTML tree: None
2026-08-11 10:15:16,836 - WARNING - discarding data: None
2026-08-11 10:15:16,836 - WARNING - [Economic Times] FAILED with 'requests_browser' (content was too short: 0 words).
2026-08-11 10:15:17,251 - INFO - [The Hindu] Early skip: URL https://www.thehindu.com/news/national/supreme-court-sceptical-about-binding-sir-tribunals-to-timeline-seeks-disposal-details/article71331549.ece already exists.
2026-08-11 10:15:17,253 - INFO - [The Hindu] Early skip: URL https://www.thehindu.com/videos/watch-drop-shot-ep-6-jaipur-watches-unsung-heroes-kargils-ajay-ahuja-bamboo-led-lake-restoration/article71322132.ece already exists.
2026-08-11 10:15:17,254 - INFO - [The Hindu] Article: https://www.thehindu.com/videos/watch-drop-shot-ep-4-jana-nayagan-fever-the-keeper-of-the-wells-gaurav-guptas-light-song/article71267288.ece
2026-08-11 10:15:17,254 - INFO - [The Hindu] Attempt 1/1: Trying with 'selenium_browser' strategy...
2026-08-11 10:15:17,557 - INFO - [Economic Times] Article: https://economictimes.indiatimes.com/amalgamate-banks/articleshow/5645086.cms
2026-08-11 10:15:17,557 - INFO - [Economic Times] Attempt 2/2: Trying with 'selenium_browser' strategy...
2026-08-11 10:15:19,658 - INFO - [Economic Times] Page content loaded.
2026-08-11 10:15:19,850 - INFO - [Economic Times] Success with 'selenium_browser'. Found content (243 words).
2026-08-11 10:15:22,724 - ERROR - Error saving article Amalgamate banks - The Economic Times: Hrana: `stream error: `Error { message: "SQLite error: UNIQUE constraint failed: articles.url", code: "SQLITE_CONSTRAINT" }``
2026-08-11 10:15:23,274 - INFO - [Economic Times] Article: https://economictimes.indiatimes.com/managing-data/articleshow/5117958.cms
2026-08-11 10:15:23,274 - INFO - [Economic Times] Attempt 1/2: Trying with 'requests_browser' strategy...
2026-08-11 10:15:23,525 - ERROR - parsed tree length: 1, wrong data type or not valid HTML
2026-08-11 10:15:23,525 - ERROR - empty HTML tree: None
2026-08-11 10:15:23,525 - WARNING - discarding data: None
2026-08-11 10:15:23,525 - WARNING - [Economic Times] FAILED with 'requests_browser' (content was too short: 0 words).
2026-08-11 10:15:24,183 - INFO - [Economic Times] Article: https://economictimes.indiatimes.com/managing-data/articleshow/5117958.cms
2026-08-11 10:15:24,184 - INFO - [Economic Times] Attempt 2/2: Trying with 'selenium_browser' strategy...
2026-08-11 10:15:26,761 - INFO - [Economic Times] Page content loaded.
2026-08-11 10:15:26,876 - INFO - [Economic Times] Success with 'selenium_browser'. Found content (119 words).
2026-08-11 10:15:29,751 - ERROR - Error saving article Managing data - The Economic Times: Hrana: `stream error: `Error { message: "SQLite error: UNIQUE constraint failed: articles.url", code: "SQLITE_CONSTRAINT" }``
2026-08-11 10:15:30,843 - INFO - [Economic Times] Article: https://economictimes.indiatimes.com/right-technology/articleshow/5117957.cms
2026-08-11 10:15:30,843 - INFO - [Economic Times] Attempt 1/2: Trying with 'requests_browser' strategy...
2026-08-11 10:15:31,112 - ERROR - parsed tree length: 1, wrong data type or not valid HTML
2026-08-11 10:15:31,112 - ERROR - empty HTML tree: None
2026-08-11 10:15:31,112 - WARNING - discarding data: None
2026-08-11 10:15:31,112 - WARNING - [Economic Times] FAILED with 'requests_browser' (content was too short: 0 words).
2026-08-11 10:15:31,279 - WARNING - [The Hindu] Page get timed out (7s). Proceeding to grab partial source anyway.
2026-08-11 10:15:31,904 - INFO - [Economic Times] Article: https://economictimes.indiatimes.com/right-technology/articleshow/5117957.cms
2026-08-11 10:15:31,904 - INFO - [Economic Times] Attempt 2/2: Trying with 'selenium_browser' strategy...
2026-08-11 10:15:33,885 - INFO - [Economic Times] Page content loaded.
2026-08-11 10:15:33,996 - INFO - [Economic Times] Success with 'selenium_browser'. Found content (114 words).
2026-08-11 10:15:36,855 - ERROR - Error saving article Right technology - The Economic Times: Hrana: `stream error: `Error { message: "SQLite error: UNIQUE constraint failed: articles.url", code: "SQLITE_CONSTRAINT" }``
2026-08-11 10:15:38,011 - INFO - [Economic Times] Article: https://economictimes.indiatimes.com/et-search/articleshow/21646857.cms
2026-08-11 10:15:38,011 - INFO - [Economic Times] Attempt 1/2: Trying with 'requests_browser' strategy...
2026-08-11 10:15:38,292 - ERROR - parsed tree length: 1, wrong data type or not valid HTML
2026-08-11 10:15:38,292 - ERROR - empty HTML tree: None
2026-08-11 10:15:38,292 - WARNING - discarding data: None
2026-08-11 10:15:38,292 - WARNING - [Economic Times] FAILED with 'requests_browser' (content was too short: 0 words).
2026-08-11 10:15:38,323 - WARNING - [The Hindu] Page explicit wait timed out (3s). Proceeding anyway.
2026-08-11 10:15:38,896 - INFO - [Economic Times] Article: https://economictimes.indiatimes.com/et-search/articleshow/21646857.cms
2026-08-11 10:15:38,896 - INFO - [Economic Times] Attempt 2/2: Trying with 'selenium_browser' strategy...
2026-08-11 10:15:41,035 - INFO - [Economic Times] Page content loaded.
2026-08-11 10:15:41,157 - WARNING - [Economic Times] FAILED with 'selenium_browser' (content was too short: 46 words).
2026-08-11 10:15:41,158 - ERROR - [Economic Times] All scrape strategies failed for https://economictimes.indiatimes.com/et-search/articleshow/21646857.cms. Falling back to RSS description.
2026-08-11 10:15:41,158 - WARNING - SKIPPED (GLOBAL WORD LIMIT): Article 'ET Search ' from Economic Times has only 3 words (Min: 90).
2026-08-11 10:15:42,637 - INFO - [Economic Times] Article: https://economictimes.indiatimes.com/after-the-oscars-whats-next-for-silent-stars-of-the-artist/articleshow/12075465.cms
2026-08-11 10:15:42,637 - INFO - [Economic Times] Attempt 1/2: Trying with 'requests_browser' strategy...
2026-08-11 10:15:42,907 - ERROR - parsed tree length: 1, wrong data type or not valid HTML
2026-08-11 10:15:42,907 - ERROR - empty HTML tree: None
2026-08-11 10:15:42,907 - WARNING - discarding data: None
2026-08-11 10:15:42,907 - WARNING - [Economic Times] FAILED with 'requests_browser' (content was too short: 0 words).
2026-08-11 10:15:43,511 - INFO - [Economic Times] Article: https://economictimes.indiatimes.com/after-the-oscars-whats-next-for-silent-stars-of-the-artist/articleshow/12075465.cms
2026-08-11 10:15:43,511 - INFO - [Economic Times] Attempt 2/2: Trying with 'selenium_browser' strategy...
2026-08-11 10:15:45,329 - CRITICAL - --- TIMEOUT: 2 scrape jobs did not complete in 420s. ---
2026-08-11 10:15:45,329 - ERROR - A thread has timed out and will be abandoned.
2026-08-11 10:15:45,329 - ERROR - A thread has timed out and will be abandoned.
2026-08-11 10:15:45,329 - INFO - Shutting down thread pool (wait=False)...
2026-08-11 10:15:45,329 - INFO - Scraped: 0 TechCrunch, 3 Wired, 7 Times of India, 0 Indian Express, 5 NDTV, 5 Al Jazeera, 5 BBC, 2 Timed_Out_Jobs articles. (Total saved: 25)
2026-08-11 10:15:45,330 - INFO - --- Scraping job finished ---
2026-08-11 10:15:45,330 - INFO - --- Scraper service stopped. ---
2026-08-11 10:15:45,330 - INFO - --- Main thread finished. Forcing process exit to kill zombie threads. ---
