2026-08-14 07:41:52,140 - INFO - Loading AI Semantic Model (all-MiniLM-L6-v2)...
2026-08-14 07:41:52,141 - INFO - No device provided, using cpu
2026-08-14 07:41:52,210 - INFO - HTTP Request: GET https://huggingface.co/api/agent-harnesses "HTTP/1.1 200 OK"
2026-08-14 07:41:52,246 - INFO - HTTP Request: HEAD https://huggingface.co/sentence-transformers/all-MiniLM-L6-v2/resolve/main/modules.json "HTTP/1.1 307 Temporary Redirect"
2026-08-14 07:41:52,252 - INFO - HTTP Request: HEAD https://huggingface.co/api/resolve-cache/models/sentence-transformers/all-MiniLM-L6-v2/1110a243fdf4706b3f48f1d95db1a4f5529b4d41/modules.json "HTTP/1.1 200 OK"
2026-08-14 07:41:52,291 - INFO - HTTP Request: HEAD https://huggingface.co/sentence-transformers/all-MiniLM-L6-v2/resolve/main/config_sentence_transformers.json "HTTP/1.1 307 Temporary Redirect"
2026-08-14 07:41:52,297 - INFO - HTTP Request: HEAD https://huggingface.co/api/resolve-cache/models/sentence-transformers/all-MiniLM-L6-v2/1110a243fdf4706b3f48f1d95db1a4f5529b4d41/config_sentence_transformers.json "HTTP/1.1 200 OK"
2026-08-14 07:41:52,298 - INFO - Loading SentenceTransformer model from sentence-transformers/all-MiniLM-L6-v2.
2026-08-14 07:41:52,331 - INFO - HTTP Request: HEAD https://huggingface.co/sentence-transformers/all-MiniLM-L6-v2/resolve/main/config_sentence_transformers.json "HTTP/1.1 307 Temporary Redirect"
2026-08-14 07:41:52,337 - INFO - HTTP Request: HEAD https://huggingface.co/api/resolve-cache/models/sentence-transformers/all-MiniLM-L6-v2/1110a243fdf4706b3f48f1d95db1a4f5529b4d41/config_sentence_transformers.json "HTTP/1.1 200 OK"
2026-08-14 07:41:52,376 - INFO - HTTP Request: HEAD https://huggingface.co/sentence-transformers/all-MiniLM-L6-v2/resolve/main/README.md "HTTP/1.1 307 Temporary Redirect"
2026-08-14 07:41:52,377 - WARNING - Warning: You are sending unauthenticated requests to the HF Hub. Please set a HF_TOKEN to enable higher rate limits and faster downloads.
2026-08-14 07:41:52,383 - INFO - HTTP Request: HEAD https://huggingface.co/api/resolve-cache/models/sentence-transformers/all-MiniLM-L6-v2/1110a243fdf4706b3f48f1d95db1a4f5529b4d41/README.md "HTTP/1.1 200 OK"
2026-08-14 07:41:52,389 - INFO - HTTP Request: GET https://huggingface.co/api/resolve-cache/models/sentence-transformers/all-MiniLM-L6-v2/1110a243fdf4706b3f48f1d95db1a4f5529b4d41/README.md "HTTP/1.1 200 OK"
2026-08-14 07:41:52,425 - INFO - HTTP Request: HEAD https://huggingface.co/sentence-transformers/all-MiniLM-L6-v2/resolve/main/modules.json "HTTP/1.1 307 Temporary Redirect"
2026-08-14 07:41:52,432 - INFO - HTTP Request: HEAD https://huggingface.co/api/resolve-cache/models/sentence-transformers/all-MiniLM-L6-v2/1110a243fdf4706b3f48f1d95db1a4f5529b4d41/modules.json "HTTP/1.1 200 OK"
2026-08-14 07:41:52,473 - INFO - HTTP Request: HEAD https://huggingface.co/sentence-transformers/all-MiniLM-L6-v2/resolve/main/sentence_bert_config.json "HTTP/1.1 307 Temporary Redirect"
2026-08-14 07:41:52,479 - INFO - HTTP Request: HEAD https://huggingface.co/api/resolve-cache/models/sentence-transformers/all-MiniLM-L6-v2/1110a243fdf4706b3f48f1d95db1a4f5529b4d41/sentence_bert_config.json "HTTP/1.1 200 OK"
2026-08-14 07:41:52,514 - INFO - HTTP Request: HEAD https://huggingface.co/sentence-transformers/all-MiniLM-L6-v2/resolve/main/adapter_config.json "HTTP/1.1 404 Not Found"
2026-08-14 07:41:52,551 - INFO - HTTP Request: HEAD https://huggingface.co/sentence-transformers/all-MiniLM-L6-v2/resolve/main/config.json "HTTP/1.1 307 Temporary Redirect"
2026-08-14 07:41:52,557 - INFO - HTTP Request: HEAD https://huggingface.co/api/resolve-cache/models/sentence-transformers/all-MiniLM-L6-v2/1110a243fdf4706b3f48f1d95db1a4f5529b4d41/config.json "HTTP/1.1 200 OK"
2026-08-14 07:41:52,641 - INFO - HTTP Request: HEAD https://huggingface.co/sentence-transformers/all-MiniLM-L6-v2/resolve/main/model.safetensors "HTTP/1.1 302 Found"
2026-08-14 07:41:52,783 - INFO - HTTP Request: HEAD https://huggingface.co/sentence-transformers/all-MiniLM-L6-v2/resolve/main/processor_config.json "HTTP/1.1 404 Not Found"
2026-08-14 07:41:52,820 - INFO - HTTP Request: HEAD https://huggingface.co/sentence-transformers/all-MiniLM-L6-v2/resolve/main/preprocessor_config.json "HTTP/1.1 404 Not Found"
2026-08-14 07:41:52,858 - INFO - HTTP Request: HEAD https://huggingface.co/sentence-transformers/all-MiniLM-L6-v2/resolve/main/video_preprocessor_config.json "HTTP/1.1 404 Not Found"
2026-08-14 07:41:52,897 - INFO - HTTP Request: HEAD https://huggingface.co/sentence-transformers/all-MiniLM-L6-v2/resolve/main/preprocessor_config.json "HTTP/1.1 404 Not Found"
2026-08-14 07:41:52,944 - INFO - HTTP Request: HEAD https://huggingface.co/sentence-transformers/all-MiniLM-L6-v2/resolve/main/tokenizer_config.json "HTTP/1.1 307 Temporary Redirect"
2026-08-14 07:41:52,950 - INFO - HTTP Request: HEAD https://huggingface.co/api/resolve-cache/models/sentence-transformers/all-MiniLM-L6-v2/1110a243fdf4706b3f48f1d95db1a4f5529b4d41/tokenizer_config.json "HTTP/1.1 200 OK"
2026-08-14 07:41:52,984 - INFO - HTTP Request: HEAD https://huggingface.co/sentence-transformers/all-MiniLM-L6-v2/resolve/main/config.json "HTTP/1.1 307 Temporary Redirect"
2026-08-14 07:41:52,991 - INFO - HTTP Request: HEAD https://huggingface.co/api/resolve-cache/models/sentence-transformers/all-MiniLM-L6-v2/1110a243fdf4706b3f48f1d95db1a4f5529b4d41/config.json "HTTP/1.1 200 OK"
2026-08-14 07:41:53,029 - INFO - HTTP Request: HEAD https://huggingface.co/sentence-transformers/all-MiniLM-L6-v2/resolve/main/config.json "HTTP/1.1 307 Temporary Redirect"
2026-08-14 07:41:53,035 - INFO - HTTP Request: HEAD https://huggingface.co/api/resolve-cache/models/sentence-transformers/all-MiniLM-L6-v2/1110a243fdf4706b3f48f1d95db1a4f5529b4d41/config.json "HTTP/1.1 200 OK"
2026-08-14 07:41:53,071 - INFO - HTTP Request: HEAD https://huggingface.co/sentence-transformers/all-MiniLM-L6-v2/resolve/main/tokenizer_config.json "HTTP/1.1 307 Temporary Redirect"
2026-08-14 07:41:53,078 - INFO - HTTP Request: HEAD https://huggingface.co/api/resolve-cache/models/sentence-transformers/all-MiniLM-L6-v2/1110a243fdf4706b3f48f1d95db1a4f5529b4d41/tokenizer_config.json "HTTP/1.1 200 OK"
2026-08-14 07:41:53,117 - INFO - HTTP Request: GET https://huggingface.co/api/models/sentence-transformers/all-MiniLM-L6-v2/tree/main/additional_chat_templates?recursive=false&expand=false "HTTP/1.1 404 Not Found"
2026-08-14 07:41:53,161 - INFO - HTTP Request: GET https://huggingface.co/api/models/sentence-transformers/all-MiniLM-L6-v2/tree/main?recursive=true&expand=false "HTTP/1.1 200 OK"
2026-08-14 07:41:53,197 - INFO - HTTP Request: HEAD https://huggingface.co/sentence-transformers/all-MiniLM-L6-v2/resolve/main/vocab.txt "HTTP/1.1 307 Temporary Redirect"
2026-08-14 07:41:53,205 - INFO - HTTP Request: HEAD https://huggingface.co/api/resolve-cache/models/sentence-transformers/all-MiniLM-L6-v2/1110a243fdf4706b3f48f1d95db1a4f5529b4d41/vocab.txt "HTTP/1.1 200 OK"
2026-08-14 07:41:53,239 - INFO - HTTP Request: HEAD https://huggingface.co/sentence-transformers/all-MiniLM-L6-v2/resolve/main/tokenizer.json "HTTP/1.1 307 Temporary Redirect"
2026-08-14 07:41:53,245 - INFO - HTTP Request: HEAD https://huggingface.co/api/resolve-cache/models/sentence-transformers/all-MiniLM-L6-v2/1110a243fdf4706b3f48f1d95db1a4f5529b4d41/tokenizer.json "HTTP/1.1 200 OK"
2026-08-14 07:41:53,281 - INFO - HTTP Request: HEAD https://huggingface.co/sentence-transformers/all-MiniLM-L6-v2/resolve/main/added_tokens.json "HTTP/1.1 404 Not Found"
2026-08-14 07:41:53,317 - INFO - HTTP Request: HEAD https://huggingface.co/sentence-transformers/all-MiniLM-L6-v2/resolve/main/special_tokens_map.json "HTTP/1.1 307 Temporary Redirect"
2026-08-14 07:41:53,324 - INFO - HTTP Request: HEAD https://huggingface.co/api/resolve-cache/models/sentence-transformers/all-MiniLM-L6-v2/1110a243fdf4706b3f48f1d95db1a4f5529b4d41/special_tokens_map.json "HTTP/1.1 200 OK"
2026-08-14 07:41:53,363 - INFO - HTTP Request: HEAD https://huggingface.co/sentence-transformers/all-MiniLM-L6-v2/resolve/main/chat_template.jinja "HTTP/1.1 404 Not Found"
2026-08-14 07:41:53,448 - INFO - HTTP Request: HEAD https://huggingface.co/sentence-transformers/all-MiniLM-L6-v2/resolve/main/1_Pooling/config.json "HTTP/1.1 307 Temporary Redirect"
2026-08-14 07:41:53,454 - INFO - HTTP Request: HEAD https://huggingface.co/api/resolve-cache/models/sentence-transformers/all-MiniLM-L6-v2/1110a243fdf4706b3f48f1d95db1a4f5529b4d41/1_Pooling%2Fconfig.json "HTTP/1.1 200 OK"
2026-08-14 07:41:53,491 - INFO - HTTP Request: GET https://huggingface.co/api/models/sentence-transformers/all-MiniLM-L6-v2 "HTTP/1.1 200 OK"
2026-08-14 07:41:53,494 - INFO - AI Model loaded successfully.
2026-08-14 07:41:53,494 - INFO - --- Scraper service started (CI Mode: Run Once) ---
2026-08-14 07:41:53,494 - INFO - --- Starting new scraping job (Parallel Mode) ---
2026-08-14 07:41:53,494 - INFO - Connecting to SQLite database...
2026-08-14 07:41:58,950 - INFO - Pre-calculating embeddings for 451 cached articles...
2026-08-14 07:42:30,356 - INFO - Cache built: 5353 URLs. Current MAX_ID: 103816
2026-08-14 07:42:30,357 - INFO - Creating new robust session with 3 retries on 5xx/connection/read errors.
2026-08-14 07:42:30,357 - INFO - Proxy is DISABLED.
2026-08-14 07:42:30,357 - INFO - [BBC] (Thread) requires Selenium. Initializing driver...
2026-08-14 07:42:30,357 - INFO - [Times of India] (Thread) requires Selenium. Initializing driver...
2026-08-14 07:42:30,358 - INFO - [The Hindu] (Thread) requires Selenium. Initializing driver...
2026-08-14 07:42:30,358 - INFO - [Al Jazeera] (Thread) requires Selenium. Initializing driver...
2026-08-14 07:42:30,359 - INFO - Starting scrape for TechCrunch RSS feed: https://techcrunch.com/feed/
2026-08-14 07:42:30,359 - INFO - [Economic Times] (Thread) requires Selenium. Initializing driver...
2026-08-14 07:42:30,361 - INFO - [Wired] (Thread) requires Selenium. Initializing driver...
2026-08-14 07:42:30,361 - INFO - [NDTV] (Thread) requires Selenium. Initializing driver...
2026-08-14 07:42:30,362 - INFO - [Indian Express] (Thread) requires Selenium. Initializing driver...
2026-08-14 07:42:30,362 - INFO - Submitted 9 jobs to thread pool. Waiting up to 420s for completion...
2026-08-14 07:42:31,282 - INFO - Found 0 articles in TechCrunch RSS feed. Processing until 8 new articles are saved.
2026-08-14 07:42:33,224 - INFO - Selenium driver initialized successfully (Eager load strategy, 7s timeout).
2026-08-14 07:42:33,224 - INFO - Starting scrape for Economic Times RSS feed: https://economictimes.indiatimes.com/rssfeedsdefault.cms
2026-08-14 07:42:33,231 - INFO - Selenium driver initialized successfully (Eager load strategy, 7s timeout).
2026-08-14 07:42:33,232 - INFO - Starting scrape for The Hindu RSS feed: https://www.thehindu.com/news/national/feeder/default.rss
2026-08-14 07:42:33,396 - INFO - Selenium driver initialized successfully (Eager load strategy, 7s timeout).
2026-08-14 07:42:33,397 - INFO - Starting scrape for BBC RSS feed: http://feeds.bbci.co.uk/news/world/rss.xml
2026-08-14 07:42:33,604 - INFO - Found 76 articles in Economic Times RSS feed. Processing until 20 new articles are saved.
2026-08-14 07:42:33,632 - INFO - [Economic Times] Article: https://economictimes.indiatimes.com/markets/stocks/news/zee-entertainment-shares-rise-8-after-sat-grants-interim-relief-in-sebi-order/articleshow/133230722.cms
2026-08-14 07:42:33,632 - INFO - [Economic Times] Attempt 1/2: Trying with 'requests_browser' strategy...
2026-08-14 07:42:33,702 - INFO - Found 28 articles in BBC RSS feed. Processing until 10 new articles are saved.
2026-08-14 07:42:33,702 - INFO - [BBC] Early skip: URL https://www.bbc.co.uk/news/articles/cq561gpen8lo?at_medium=RSS&at_campaign=rss already exists.
2026-08-14 07:42:33,709 - INFO - [BBC] Early skip: URL https://www.bbc.co.uk/news/articles/cj4kppdk2qwo?at_medium=RSS&at_campaign=rss already exists.
2026-08-14 07:42:33,710 - INFO - [BBC] Early skip: URL https://www.bbc.co.uk/news/articles/c78gy6ep3n5o?at_medium=RSS&at_campaign=rss already exists.
2026-08-14 07:42:33,711 - INFO - [BBC] Early skip: URL https://www.bbc.co.uk/news/articles/cqlxpq5q799o?at_medium=RSS&at_campaign=rss already exists.
2026-08-14 07:42:33,722 - INFO - [BBC] Early skip: URL https://www.bbc.co.uk/news/articles/cr59j4z3vl8o?at_medium=RSS&at_campaign=rss already exists.
2026-08-14 07:42:33,724 - INFO - [BBC] Early skip: URL https://www.bbc.co.uk/news/articles/cyvl2d5j52lo?at_medium=RSS&at_campaign=rss already exists.
2026-08-14 07:42:33,725 - INFO - [BBC] Early skip: URL https://www.bbc.co.uk/news/articles/cx2k1r97vx7o?at_medium=RSS&at_campaign=rss already exists.
2026-08-14 07:42:33,726 - INFO - [BBC] Early skip: URL https://www.bbc.co.uk/news/articles/c2352jyvm5xo?at_medium=RSS&at_campaign=rss already exists.
2026-08-14 07:42:33,727 - INFO - [BBC] Early skip: URL https://www.bbc.co.uk/news/articles/cj9dpdmr77do?at_medium=RSS&at_campaign=rss already exists.
2026-08-14 07:42:33,729 - INFO - [BBC] Early skip: URL https://www.bbc.co.uk/news/articles/cly8p8lpyvmo?at_medium=RSS&at_campaign=rss already exists.
2026-08-14 07:42:33,730 - INFO - [BBC] Early skip: URL https://www.bbc.co.uk/news/articles/c2el29e3m3xo?at_medium=RSS&at_campaign=rss already exists.
2026-08-14 07:42:33,731 - INFO - [BBC] Early skip: URL https://www.bbc.co.uk/news/articles/cx2r179e232o?at_medium=RSS&at_campaign=rss already exists.
2026-08-14 07:42:33,733 - INFO - [BBC] Early skip: URL https://www.bbc.co.uk/news/articles/c5yw71q9y00o?at_medium=RSS&at_campaign=rss already exists.
2026-08-14 07:42:33,735 - INFO - [BBC] Early skip: URL https://www.bbc.co.uk/news/articles/cqx7pp3yd25o?at_medium=RSS&at_campaign=rss already exists.
2026-08-14 07:42:33,736 - INFO - [BBC] Early skip: URL https://www.bbc.co.uk/news/articles/c9q9351yp1xo?at_medium=RSS&at_campaign=rss already exists.
2026-08-14 07:42:33,737 - INFO - [BBC] Early skip: URL https://www.bbc.co.uk/news/articles/cn5n399n6zvo?at_medium=RSS&at_campaign=rss already exists.
2026-08-14 07:42:33,738 - INFO - [BBC] Early skip: URL https://www.bbc.co.uk/news/articles/cqx7ple0nxxo?at_medium=RSS&at_campaign=rss already exists.
2026-08-14 07:42:33,741 - INFO - [BBC] Early skip: URL https://www.bbc.co.uk/news/articles/c5yw7vdwjxyo?at_medium=RSS&at_campaign=rss already exists.
2026-08-14 07:42:33,742 - INFO - [BBC] Early skip: URL https://www.bbc.co.uk/news/articles/c934wqpd74xo?at_medium=RSS&at_campaign=rss already exists.
2026-08-14 07:42:33,743 - INFO - [BBC] Early skip: URL https://www.bbc.co.uk/news/articles/c74grmy2v7ko?at_medium=RSS&at_campaign=rss already exists.
2026-08-14 07:42:33,745 - INFO - [BBC] Early skip: URL https://www.bbc.co.uk/news/articles/c0l5273xjnlo?at_medium=RSS&at_campaign=rss already exists.
2026-08-14 07:42:33,746 - INFO - [BBC] Early skip: URL https://www.bbc.co.uk/news/articles/cx256pp33l3o?at_medium=RSS&at_campaign=rss already exists.
2026-08-14 07:42:33,748 - INFO - [BBC] Early skip: URL https://www.bbc.co.uk/news/articles/c20d8g0qze0o?at_medium=RSS&at_campaign=rss already exists.
2026-08-14 07:42:33,749 - INFO - [BBC] Early skip: URL https://www.bbc.co.uk/news/videos/c1m12m12nzzo?at_medium=RSS&at_campaign=rss already exists.
2026-08-14 07:42:33,751 - INFO - [BBC] Early skip: URL https://www.bbc.co.uk/news/videos/cgewp4ep9dro?at_medium=RSS&at_campaign=rss already exists.
2026-08-14 07:42:33,752 - INFO - [BBC] Early skip: URL https://www.bbc.co.uk/news/videos/cjej4y3gvzlo?at_medium=RSS&at_campaign=rss already exists.
2026-08-14 07:42:33,753 - INFO - [BBC] Early skip: URL https://www.bbc.co.uk/news/videos/cvg7zrxknvno?at_medium=RSS&at_campaign=rss already exists.
2026-08-14 07:42:33,754 - INFO - [BBC] Early skip: URL https://www.bbc.co.uk/news/videos/ckge0e0g95no?at_medium=RSS&at_campaign=rss already exists.
2026-08-14 07:42:33,756 - INFO - [BBC] (Thread) Finished. Attempting to shut down its Selenium driver.
2026-08-14 07:42:33,867 - INFO - Selenium driver initialized successfully (Eager load strategy, 7s timeout).
2026-08-14 07:42:33,867 - INFO - Starting scrape for Indian Express RSS feed: https://indianexpress.com/feed/
2026-08-14 07:42:33,959 - INFO - Selenium driver initialized successfully (Eager load strategy, 7s timeout).
2026-08-14 07:42:33,960 - INFO - Starting scrape for Wired RSS feed: https://www.wired.com/feed/rss
2026-08-14 07:42:34,008 - INFO - [BBC] (Thread) driver.quit() successful.
2026-08-14 07:42:34,027 - INFO - Selenium driver initialized successfully (Eager load strategy, 7s timeout).
2026-08-14 07:42:34,027 - INFO - Starting scrape for NDTV RSS feed: https://feeds.feedburner.com/ndtvnews-top-stories
2026-08-14 07:42:34,048 - ERROR - parsed tree length: 1, wrong data type or not valid HTML
2026-08-14 07:42:34,059 - ERROR - empty HTML tree: None
2026-08-14 07:42:34,060 - WARNING - discarding data: None
2026-08-14 07:42:34,060 - WARNING - [Economic Times] FAILED with 'requests_browser' (content was too short: 0 words).
2026-08-14 07:42:34,122 - INFO - Found 60 articles in The Hindu RSS feed. Processing until 20 new articles are saved.
2026-08-14 07:42:34,126 - INFO - [The Hindu] Early skip: URL https://www.thehindu.com/news/national/haryana/police-personnel-injured-as-protest-turns-violent-in-ambala-national-highway-cleared-after-lathicharge/article71344171.ece already exists.
2026-08-14 07:42:34,128 - INFO - [The Hindu] Article: https://www.thehindu.com/news/national/kerala/arrest-of-trio-by-keralas-vigilance-in-alleged-10-lakh-bribery-case-exposes-official-middlemen-nexus/article71344404.ece
2026-08-14 07:42:34,128 - INFO - [The Hindu] Attempt 1/1: Trying with 'selenium_browser' strategy...
2026-08-14 07:42:34,294 - INFO - Selenium driver initialized successfully (Eager load strategy, 7s timeout).
2026-08-14 07:42:34,294 - INFO - Starting scrape for Al Jazeera RSS feed: https://www.aljazeera.com/xml/rss/all.xml
2026-08-14 07:42:34,403 - INFO - Found 50 articles in Wired RSS feed. Processing until 10 new articles are saved.
2026-08-14 07:42:34,404 - INFO - [Wired] Article: https://www.wired.com/story/layla-sleep-coupon/
2026-08-14 07:42:34,404 - INFO - [Wired] Attempt 1/2: Trying with 'requests_browser' strategy...
2026-08-14 07:42:34,415 - INFO - Selenium driver initialized successfully (Eager load strategy, 7s timeout).
2026-08-14 07:42:34,415 - INFO - Starting scrape for Times of India RSS feed: https://timesofindia.indiatimes.com/rssfeeds/296589292.cms
2026-08-14 07:42:34,493 - ERROR - Failed to fetch Indian Express RSS feed: 403 Client Error: Forbidden for url: https://indianexpress.com/feed/
2026-08-14 07:42:34,493 - INFO - [Indian Express] (Thread) Finished. Attempting to shut down its Selenium driver.
2026-08-14 07:42:34,541 - INFO - Found 20 articles in NDTV RSS feed. Processing until 10 new articles are saved.
2026-08-14 07:42:34,542 - INFO - [NDTV] Article: https://www.ndtv.com/india-news/top-court-cancels-defamation-case-against-rahul-gandhi-over-savarkar-remarks-11908893#publisher=newsstand
2026-08-14 07:42:34,542 - INFO - [NDTV] Attempt 1/2: Trying with 'requests_browser' strategy...
2026-08-14 07:42:34,596 - INFO - [Indian Express] (Thread) driver.quit() successful.
2026-08-14 07:42:34,604 - ERROR - parsed tree length: 1, wrong data type or not valid HTML
2026-08-14 07:42:34,605 - ERROR - empty HTML tree: None
2026-08-14 07:42:34,605 - WARNING - discarding data: None
2026-08-14 07:42:34,605 - WARNING - [Wired] FAILED with 'requests_browser' (content was too short: 0 words).
2026-08-14 07:42:34,641 - INFO - Found 20 articles in Times of India RSS feed. Processing until 20 new articles are saved.
2026-08-14 07:42:34,643 - INFO - [Times of India] Article: https://timesofindia.indiatimes.com/science/morocco-is-testing-a-sponge-pavement-to-replace-black-asphalt-on-roads-in-marrakech-and-agadir-can-run-up-to-16f-cooler-by-itself/articleshow/133230174.cms
2026-08-14 07:42:34,644 - INFO - [Times of India] Attempt 1/1: Trying with 'selenium_browser' strategy...
2026-08-14 07:42:34,692 - INFO - Found 25 articles in Al Jazeera RSS feed. Processing until 8 new articles are saved.
2026-08-14 07:42:34,692 - INFO - [Al Jazeera] Article: https://www.aljazeera.com/sports/2026/8/14/boxer-prichard-colon-dies-from-brain-injury-that-resulted-in-221-day-coma?traffic_source=rss
2026-08-14 07:42:34,692 - INFO - [Al Jazeera] Attempt 1/2: Trying with 'requests_browser' strategy...
2026-08-14 07:42:34,737 - INFO - [Economic Times] Article: https://economictimes.indiatimes.com/markets/stocks/news/zee-entertainment-shares-rise-8-after-sat-grants-interim-relief-in-sebi-order/articleshow/133230722.cms
2026-08-14 07:42:34,737 - INFO - [Economic Times] Attempt 2/2: Trying with 'selenium_browser' strategy...
2026-08-14 07:42:34,786 - INFO - [Al Jazeera] Success with 'requests_browser'. Found content (442 words).
2026-08-14 07:42:34,852 - ERROR - [NDTV] Request failed for strategy 'requests_browser' on URL https://www.ndtv.com/india-news/top-court-cancels-defamation-case-against-rahul-gandhi-over-savarkar-remarks-11908893#publisher=newsstand: 403 Client Error: Forbidden for url: https://www.ndtv.com/india-news/top-court-cancels-defamation-case-against-rahul-gandhi-over-savarkar-remarks-11908893#publisher=newsstand
2026-08-14 07:42:36,415 - INFO - [NDTV] Article: https://www.ndtv.com/india-news/top-court-cancels-defamation-case-against-rahul-gandhi-over-savarkar-remarks-11908893#publisher=newsstand
2026-08-14 07:42:36,415 - INFO - [NDTV] Attempt 2/2: Trying with 'selenium_browser' strategy...
2026-08-14 07:42:36,415 - INFO - [Wired] Article: https://www.wired.com/story/layla-sleep-coupon/
2026-08-14 07:42:36,415 - INFO - [Wired] Attempt 2/2: Trying with 'selenium_browser' strategy...
2026-08-14 07:42:38,077 - INFO - >>> SUCCESSFULLY SAVED [ID: 103817] - Prichard Colon dies from boxing injury that resulted in 221-day coma | Boxing News | Al Jazeera from Al Jazeera (442 words)
2026-08-14 07:42:38,459 - INFO - [The Hindu] Page content loaded.
2026-08-14 07:42:38,931 - INFO - [Al Jazeera] Article: https://www.aljazeera.com/news/2026/8/14/nigel-farage-defeats-count-binface-to-reclaim-uk-parliamentary-seat?traffic_source=rss
2026-08-14 07:42:38,932 - INFO - [Al Jazeera] Attempt 1/2: Trying with 'requests_browser' strategy...
2026-08-14 07:42:39,121 - INFO - [Al Jazeera] Success with 'requests_browser'. Found content (497 words).
2026-08-14 07:42:42,524 - INFO - >>> SUCCESSFULLY SAVED [ID: 103818] - Nigel Farage defeats Count Binface to reclaim UK parliamentary seat | Elections News | Al Jazeera from Al Jazeera (497 words)
2026-08-14 07:42:42,976 - INFO - [NDTV] Page content loaded.
2026-08-14 07:42:44,000 - INFO - [Al Jazeera] Article: https://www.aljazeera.com/news/2026/8/14/flock-adds-safeguards-to-licence-plate-readers-after-wave-of-stalking-cases?traffic_source=rss
2026-08-14 07:42:44,000 - INFO - [Al Jazeera] Attempt 1/2: Trying with 'requests_browser' strategy...
2026-08-14 07:42:44,274 - INFO - [Al Jazeera] Success with 'requests_browser'. Found content (436 words).
2026-08-14 07:42:44,586 - INFO - [NDTV] Success with 'selenium_browser'. Found content (223 words).
2026-08-14 07:42:48,366 - INFO - >>> SUCCESSFULLY SAVED [ID: 103819] - Flock adds safeguards to licence-plate readers after wave of stalking cases | Technology News | Al Jazeera from Al Jazeera (436 words)
2026-08-14 07:42:48,830 - INFO - [The Hindu] Success with 'selenium_browser'. Found content (412 words).
2026-08-14 07:42:49,026 - INFO - [Al Jazeera] Early skip: URL https://www.aljazeera.com/news/2026/8/14/north-korea-fumes-over-upcoming-us-south-korea-military-drills?traffic_source=rss already exists.
2026-08-14 07:42:49,045 - INFO - [Al Jazeera] Early skip: URL https://www.aljazeera.com/features/2026/8/14/fear-and-attacks-grip-taybeh-the-last-all-christian-town-in-the-west-bank?traffic_source=rss already exists.
2026-08-14 07:42:49,064 - INFO - [Al Jazeera] Early skip: URL https://www.aljazeera.com/news/2026/8/14/record-rainfall-leaves-four-dead-thousands-stranded-in-japan?traffic_source=rss already exists.
2026-08-14 07:42:49,066 - INFO - [Al Jazeera] Early skip: URL https://www.aljazeera.com/economy/2026/8/14/salvage-work-begins-on-tanker-leaking-oil-off-oman-risk-firm-says?traffic_source=rss already exists.
2026-08-14 07:42:49,084 - INFO - [Al Jazeera] Article: https://www.aljazeera.com/video/newsfeed/2026/8/14/aje-onl-nf_venezuela_-how-much-power-does-the-us-really-hold-140826?traffic_source=rss
2026-08-14 07:42:49,084 - INFO - [Al Jazeera] Attempt 1/2: Trying with 'requests_browser' strategy...
2026-08-14 07:42:49,414 - WARNING - [Al Jazeera] FAILED with 'requests_browser' (content was too short: 61 words).
2026-08-14 07:42:51,094 - INFO - [Al Jazeera] Article: https://www.aljazeera.com/video/newsfeed/2026/8/14/aje-onl-nf_venezuela_-how-much-power-does-the-us-really-hold-140826?traffic_source=rss
2026-08-14 07:42:51,094 - INFO - [Al Jazeera] Attempt 2/2: Trying with 'selenium_browser' strategy...
2026-08-14 07:42:52,518 - WARNING - [Economic Times] Page explicit wait timed out (3s). Proceeding anyway.
2026-08-14 07:42:52,786 - INFO - >>> SUCCESSFULLY SAVED [ID: 103820] - Top Court Cancels Hate Speech Case Against Rahul Gandhi Over Savarkar Remarks from NDTV (223 words)
2026-08-14 07:42:54,785 - INFO - [NDTV] Article: https://www.ndtv.com/india-news/sukhbir-badal-underwent-surgery-for-90-minutes-his-condition-stable-doctors-11908660#publisher=newsstand
2026-08-14 07:42:54,786 - INFO - [NDTV] Attempt 1/2: Trying with 'requests_browser' strategy...
2026-08-14 07:42:56,430 - INFO - >>> SUCCESSFULLY SAVED [ID: 103821] - Arrest of trio by Kerala’s Vigilance in alleged ₹10-lakh bribery case exposes official-middlemen nexus - The Hindu from The Hindu (412 words)
2026-08-14 07:42:56,490 - ERROR - [NDTV] Request failed for strategy 'requests_browser' on URL https://www.ndtv.com/india-news/sukhbir-badal-underwent-surgery-for-90-minutes-his-condition-stable-doctors-11908660#publisher=newsstand: 403 Client Error: Forbidden for url: https://www.ndtv.com/india-news/sukhbir-badal-underwent-surgery-for-90-minutes-his-condition-stable-doctors-11908660#publisher=newsstand
2026-08-14 07:42:57,088 - INFO - [NDTV] Article: https://www.ndtv.com/india-news/sukhbir-badal-underwent-surgery-for-90-minutes-his-condition-stable-doctors-11908660#publisher=newsstand
2026-08-14 07:42:57,089 - INFO - [NDTV] Attempt 2/2: Trying with 'selenium_browser' strategy...
2026-08-14 07:42:57,284 - INFO - [The Hindu] Article: https://www.thehindu.com/news/national/tamil-nadu/tamil-nadu-cm-vijay-to-present-police-medals-to-15-officers-personnel-on-independence-day/article71344449.ece
2026-08-14 07:42:57,284 - INFO - [The Hindu] Attempt 1/1: Trying with 'selenium_browser' strategy...
2026-08-14 07:42:57,658 - INFO - [Al Jazeera] Page content loaded.
2026-08-14 07:42:58,274 - WARNING - [Al Jazeera] FAILED with 'selenium_browser' (content was too short: 61 words).
2026-08-14 07:42:58,286 - ERROR - [Al Jazeera] All scrape strategies failed for https://www.aljazeera.com/video/newsfeed/2026/8/14/aje-onl-nf_venezuela_-how-much-power-does-the-us-really-hold-140826?traffic_source=rss. Falling back to RSS description.
2026-08-14 07:42:58,287 - WARNING - SKIPPED (GLOBAL WORD LIMIT): Article 'How much power does the US hold in Venezuela?' from Al Jazeera has only 18 words (Min: 90).
2026-08-14 07:42:59,395 - INFO - [Al Jazeera] Article: https://www.aljazeera.com/video/newsfeed/2026/8/14/08-14-2026-clacton-by-election-reported?traffic_source=rss
2026-08-14 07:42:59,395 - INFO - [Al Jazeera] Attempt 1/2: Trying with 'requests_browser' strategy...
2026-08-14 07:42:59,610 - WARNING - [Al Jazeera] FAILED with 'requests_browser' (content was too short: 68 words).
2026-08-14 07:43:00,196 - INFO - [Al Jazeera] Article: https://www.aljazeera.com/video/newsfeed/2026/8/14/08-14-2026-clacton-by-election-reported?traffic_source=rss
2026-08-14 07:43:00,196 - INFO - [Al Jazeera] Attempt 2/2: Trying with 'selenium_browser' strategy...
2026-08-14 07:43:02,016 - INFO - [NDTV] Page content loaded.
2026-08-14 07:43:02,536 - INFO - [Economic Times] Success with 'selenium_browser'. Found content (449 words).
2026-08-14 07:43:04,406 - INFO - [NDTV] Success with 'selenium_browser'. Found content (382 words).
2026-08-14 07:43:05,777 - INFO - [Wired] Page content loaded.
2026-08-14 07:43:09,321 - INFO - >>> SUCCESSFULLY SAVED [ID: 103822] - Zee Entertainment shares rally 8% after SAT grants interim relief in Sebi order - The Economic Times from Economic Times (449 words)
2026-08-14 07:43:10,205 - INFO - [Wired] Success with 'selenium_browser'. Found content (482 words).
2026-08-14 07:43:10,495 - INFO - DEDUPLICATION: Found match (Score: 0.82). Linking to Cluster ID: 1199e0f7-5776-445e-81d4-aea6433baa8f
2026-08-14 07:43:11,961 - INFO - [Economic Times] Article: https://economictimes.indiatimes.com/markets/stocks/news/manorama-industries-shares-surge-over-8-after-strong-q1-results/articleshow/133230940.cms
2026-08-14 07:43:11,961 - INFO - [Economic Times] Attempt 1/2: Trying with 'requests_browser' strategy...
2026-08-14 07:43:11,981 - INFO - [Al Jazeera] Page content loaded.
2026-08-14 07:43:13,703 - INFO - >>> SUCCESSFULLY SAVED [ID: 103823] - Sukhbir Badal Underwent Surgery For 90 Minutes, His Condition Stable: Doctors from NDTV (382 words)
2026-08-14 07:43:13,723 - ERROR - parsed tree length: 1, wrong data type or not valid HTML
2026-08-14 07:43:13,727 - ERROR - empty HTML tree: None
2026-08-14 07:43:13,730 - WARNING - discarding data: None
2026-08-14 07:43:13,730 - WARNING - [Economic Times] FAILED with 'requests_browser' (content was too short: 0 words).
2026-08-14 07:43:15,785 - INFO - [Economic Times] Article: https://economictimes.indiatimes.com/markets/stocks/news/manorama-industries-shares-surge-over-8-after-strong-q1-results/articleshow/133230940.cms
2026-08-14 07:43:15,785 - INFO - [Economic Times] Attempt 2/2: Trying with 'selenium_browser' strategy...
2026-08-14 07:43:15,787 - INFO - [NDTV] Article: https://www.ndtv.com/india-news/jp-nadda-admitted-to-aiims-delhi-after-uneasiness-undergoes-angiography-11908743#publisher=newsstand
2026-08-14 07:43:15,787 - INFO - [NDTV] Attempt 1/2: Trying with 'requests_browser' strategy...
2026-08-14 07:43:17,192 - WARNING - [Al Jazeera] FAILED with 'selenium_browser' (content was too short: 72 words).
2026-08-14 07:43:17,193 - ERROR - [Al Jazeera] All scrape strategies failed for https://www.aljazeera.com/video/newsfeed/2026/8/14/08-14-2026-clacton-by-election-reported?traffic_source=rss. Falling back to RSS description.
2026-08-14 07:43:17,193 - WARNING - SKIPPED (GLOBAL WORD LIMIT): Article 'Al Jazeera speaks to Count Binface as Farage claims Clacton victory' from Al Jazeera has only 17 words (Min: 90).
2026-08-14 07:43:17,193 - ERROR - Error saving article Layla Sleep Coupon: Save Up to $600 in August 2026 | WIRED: Hrana: `stream error: `Error { message: "SQLite error: UNIQUE constraint failed: articles.url", code: "SQLITE_CONSTRAINT" }``
2026-08-14 07:43:17,234 - ERROR - [NDTV] Request failed for strategy 'requests_browser' on URL https://www.ndtv.com/india-news/jp-nadda-admitted-to-aiims-delhi-after-uneasiness-undergoes-angiography-11908743#publisher=newsstand: 403 Client Error: Forbidden for url: https://www.ndtv.com/india-news/jp-nadda-admitted-to-aiims-delhi-after-uneasiness-undergoes-angiography-11908743#publisher=newsstand
2026-08-14 07:43:17,779 - INFO - [Wired] Article: https://www.wired.com/story/office-depot-promo-codes/
2026-08-14 07:43:17,779 - INFO - [Wired] Attempt 1/2: Trying with 'requests_browser' strategy...
2026-08-14 07:43:17,912 - INFO - [NDTV] Article: https://www.ndtv.com/india-news/jp-nadda-admitted-to-aiims-delhi-after-uneasiness-undergoes-angiography-11908743#publisher=newsstand
2026-08-14 07:43:17,913 - INFO - [NDTV] Attempt 2/2: Trying with 'selenium_browser' strategy...
2026-08-14 07:43:17,964 - ERROR - parsed tree length: 1, wrong data type or not valid HTML
2026-08-14 07:43:17,964 - ERROR - empty HTML tree: None
2026-08-14 07:43:17,974 - WARNING - discarding data: None
2026-08-14 07:43:17,975 - WARNING - [Wired] FAILED with 'requests_browser' (content was too short: 0 words).
2026-08-14 07:43:17,988 - INFO - [Al Jazeera] Article: https://www.aljazeera.com/video/newsfeed/2026/8/14/water-supply-for-three-us-states-drips-down-lake-mead-at-record-low?traffic_source=rss
2026-08-14 07:43:17,990 - INFO - [Al Jazeera] Attempt 1/2: Trying with 'requests_browser' strategy...
2026-08-14 07:43:18,355 - WARNING - [Al Jazeera] FAILED with 'requests_browser' (content was too short: 74 words).
2026-08-14 07:43:18,776 - INFO - [Wired] Article: https://www.wired.com/story/office-depot-promo-codes/
2026-08-14 07:43:18,776 - INFO - [Wired] Attempt 2/2: Trying with 'selenium_browser' strategy...
2026-08-14 07:43:18,949 - INFO - [Al Jazeera] Article: https://www.aljazeera.com/video/newsfeed/2026/8/14/water-supply-for-three-us-states-drips-down-lake-mead-at-record-low?traffic_source=rss
2026-08-14 07:43:18,949 - INFO - [Al Jazeera] Attempt 2/2: Trying with 'selenium_browser' strategy...
2026-08-14 07:43:23,768 - INFO - [NDTV] Page content loaded.
2026-08-14 07:43:26,087 - INFO - [NDTV] Success with 'selenium_browser'. Found content (177 words).
2026-08-14 07:43:27,112 - INFO - [Al Jazeera] Page content loaded.
2026-08-14 07:43:30,495 - INFO - >>> SUCCESSFULLY SAVED [ID: 103825] - JP Nadda Admitted To AIIMS Delhi After Uneasiness, Undergoes Angiography from NDTV (177 words)
2026-08-14 07:43:31,701 - WARNING - [Al Jazeera] FAILED with 'selenium_browser' (content was too short: 78 words).
2026-08-14 07:43:31,701 - ERROR - [Al Jazeera] All scrape strategies failed for https://www.aljazeera.com/video/newsfeed/2026/8/14/water-supply-for-three-us-states-drips-down-lake-mead-at-record-low?traffic_source=rss. Falling back to RSS description.
2026-08-14 07:43:31,702 - WARNING - SKIPPED (GLOBAL WORD LIMIT): Article 'Water supply for three US states drips down, Lake Mead at record low' from Al Jazeera has only 20 words (Min: 90).
2026-08-14 07:43:31,828 - INFO - [NDTV] Article: https://www.ndtv.com/india-news/out-on-bail-in-girlfriends-death-case-kerala-man-dies-after-poisoning-self-11908569#publisher=newsstand
2026-08-14 07:43:31,828 - INFO - [NDTV] Attempt 1/2: Trying with 'requests_browser' strategy...
2026-08-14 07:43:32,182 - ERROR - [NDTV] Request failed for strategy 'requests_browser' on URL https://www.ndtv.com/india-news/out-on-bail-in-girlfriends-death-case-kerala-man-dies-after-poisoning-self-11908569#publisher=newsstand: 403 Client Error: Forbidden for url: https://www.ndtv.com/india-news/out-on-bail-in-girlfriends-death-case-kerala-man-dies-after-poisoning-self-11908569#publisher=newsstand
2026-08-14 07:43:32,583 - INFO - [Al Jazeera] Early skip: URL https://www.aljazeera.com/news/2026/8/14/brazil-begins-exploring-retaliatory-options-to-new-us-tariffs?traffic_source=rss already exists.
2026-08-14 07:43:32,586 - INFO - [Al Jazeera] Early skip: URL https://www.aljazeera.com/news/2026/8/14/mali-says-82-soldiers-captured-by-armed-groups-have-been-freed?traffic_source=rss already exists.
2026-08-14 07:43:32,637 - INFO - [Al Jazeera] Article: https://www.aljazeera.com/video/newsfeed/2026/8/14/oil-slick-from-tanker-carrying-sanctioned-russian-crude-reaches-oman?traffic_source=rss
2026-08-14 07:43:32,637 - INFO - [Al Jazeera] Attempt 1/2: Trying with 'requests_browser' strategy...
2026-08-14 07:43:32,672 - WARNING - [The Hindu] Page get timed out (7s). Proceeding to grab partial source anyway.
2026-08-14 07:43:32,964 - INFO - [NDTV] Article: https://www.ndtv.com/india-news/out-on-bail-in-girlfriends-death-case-kerala-man-dies-after-poisoning-self-11908569#publisher=newsstand
2026-08-14 07:43:32,964 - INFO - [NDTV] Attempt 2/2: Trying with 'selenium_browser' strategy...
2026-08-14 07:43:33,050 - WARNING - [Al Jazeera] FAILED with 'requests_browser' (content was too short: 66 words).
2026-08-14 07:43:33,984 - INFO - [Al Jazeera] Article: https://www.aljazeera.com/video/newsfeed/2026/8/14/oil-slick-from-tanker-carrying-sanctioned-russian-crude-reaches-oman?traffic_source=rss
2026-08-14 07:43:33,984 - INFO - [Al Jazeera] Attempt 2/2: Trying with 'selenium_browser' strategy...
2026-08-14 07:43:37,229 - INFO - [Wired] Page content loaded.
2026-08-14 07:43:37,320 - INFO - [NDTV] Page content loaded.
2026-08-14 07:43:38,108 - INFO - [The Hindu] Page content loaded.
2026-08-14 07:43:38,913 - INFO - [NDTV] Success with 'selenium_browser'. Found content (225 words).
2026-08-14 07:43:39,143 - INFO - [The Hindu] Success with 'selenium_browser'. Found content (331 words).
2026-08-14 07:43:40,062 - INFO - [Wired] Success with 'selenium_browser'. Found content (1098 words).
2026-08-14 07:43:41,458 - INFO - [Al Jazeera] Page content loaded.
2026-08-14 07:43:43,159 - INFO - >>> SUCCESSFULLY SAVED [ID: 103826] - Tamil Nadu CM Vijay to present Police Medals to 15 officers, personnel on Independence Day - The Hindu from The Hindu (331 words)
2026-08-14 07:43:43,810 - INFO - [The Hindu] Article: https://www.thehindu.com/business/us-fda-issues-warning-letter-to-aurobindo-pharmas-subsidiary-eugia-pharma/article71344431.ece
2026-08-14 07:43:43,811 - INFO - [The Hindu] Attempt 1/1: Trying with 'selenium_browser' strategy...
2026-08-14 07:43:47,103 - INFO - >>> SUCCESSFULLY SAVED [ID: 103827] - Out On Bail In Girlfriend's Death Case, Kerala Man Dies After Poisoning Self from NDTV (225 words)
2026-08-14 07:43:47,355 - WARNING - [Al Jazeera] FAILED with 'selenium_browser' (content was too short: 70 words).
2026-08-14 07:43:47,363 - ERROR - [Al Jazeera] All scrape strategies failed for https://www.aljazeera.com/video/newsfeed/2026/8/14/oil-slick-from-tanker-carrying-sanctioned-russian-crude-reaches-oman?traffic_source=rss. Falling back to RSS description.
2026-08-14 07:43:47,363 - WARNING - SKIPPED (GLOBAL WORD LIMIT): Article 'Oil slick from tanker carrying sanctioned Russian crude reaches Oman' from Al Jazeera has only 19 words (Min: 90).
2026-08-14 07:43:48,908 - INFO - [NDTV] Early skip: URL https://www.ndtv.com/business-news/stock-market-sensex-share-market-nifty-live-updates-today-14-august-us-iran-war-oil-price-11907846#publisher=newsstand already exists.
2026-08-14 07:43:48,909 - INFO - [Al Jazeera] Early skip: URL https://www.aljazeera.com/news/2026/8/14/why-osuns-election-matters-for-nigerias-2027-vote?traffic_source=rss already exists.
2026-08-14 07:43:49,360 - INFO - [Al Jazeera] Early skip: URL https://www.aljazeera.com/news/2026/8/14/un-palestinian-ministry-condemn-israeli-settler-siege-of-west-bank-homes?traffic_source=rss already exists.
2026-08-14 07:43:50,308 - INFO - [NDTV] Article: https://www.ndtv.com/opinion/how-far-is-saudi-arabia-really-willing-to-go-for-pakistan-11908761#publisher=newsstand
2026-08-14 07:43:50,308 - INFO - [NDTV] Attempt 1/2: Trying with 'requests_browser' strategy...
2026-08-14 07:43:50,317 - ERROR - Error saving article Office Depot Coupons: Save With Promo Codes in August 2026 | WIRED: Hrana: `stream error: `Error { message: "SQLite error: UNIQUE constraint failed: articles.url", code: "SQLITE_CONSTRAINT" }``
2026-08-14 07:43:50,317 - INFO - [Al Jazeera] Article: https://www.aljazeera.com/video/newsfeed/2026/8/14/could-trump-actually-run-for-a-third-term-as-president?traffic_source=rss
2026-08-14 07:43:50,317 - INFO - [Al Jazeera] Attempt 1/2: Trying with 'requests_browser' strategy...
2026-08-14 07:43:50,572 - WARNING - [Al Jazeera] FAILED with 'requests_browser' (content was too short: 69 words).
2026-08-14 07:43:50,627 - ERROR - [NDTV] Request failed for strategy 'requests_browser' on URL https://www.ndtv.com/opinion/how-far-is-saudi-arabia-really-willing-to-go-for-pakistan-11908761#publisher=newsstand: 403 Client Error: Forbidden for url: https://www.ndtv.com/opinion/how-far-is-saudi-arabia-really-willing-to-go-for-pakistan-11908761#publisher=newsstand
2026-08-14 07:43:51,106 - INFO - [Wired] Article: https://www.wired.com/story/hellofresh-coupon/
2026-08-14 07:43:51,107 - INFO - [Wired] Attempt 1/2: Trying with 'requests_browser' strategy...
2026-08-14 07:43:51,122 - INFO - [Al Jazeera] Article: https://www.aljazeera.com/video/newsfeed/2026/8/14/could-trump-actually-run-for-a-third-term-as-president?traffic_source=rss
2026-08-14 07:43:51,123 - INFO - [Al Jazeera] Attempt 2/2: Trying with 'selenium_browser' strategy...
2026-08-14 07:43:51,305 - ERROR - parsed tree length: 1, wrong data type or not valid HTML
2026-08-14 07:43:51,305 - ERROR - empty HTML tree: None
2026-08-14 07:43:51,305 - WARNING - discarding data: None
2026-08-14 07:43:51,305 - WARNING - [Wired] FAILED with 'requests_browser' (content was too short: 0 words).
2026-08-14 07:43:51,571 - INFO - [NDTV] Article: https://www.ndtv.com/opinion/how-far-is-saudi-arabia-really-willing-to-go-for-pakistan-11908761#publisher=newsstand
2026-08-14 07:43:51,571 - INFO - [NDTV] Attempt 2/2: Trying with 'selenium_browser' strategy...
2026-08-14 07:43:52,194 - INFO - [Wired] Article: https://www.wired.com/story/hellofresh-coupon/
2026-08-14 07:43:52,194 - INFO - [Wired] Attempt 2/2: Trying with 'selenium_browser' strategy...
2026-08-14 07:43:55,862 - INFO - [The Hindu] Page content loaded.
2026-08-14 07:43:55,892 - INFO - [NDTV] Page content loaded.
2026-08-14 07:43:56,557 - INFO - [Al Jazeera] Page content loaded.
2026-08-14 07:43:57,373 - INFO - [NDTV] Success with 'selenium_browser'. Found content (890 words).
2026-08-14 07:43:57,487 - WARNING - [Al Jazeera] FAILED with 'selenium_browser' (content was too short: 73 words).
2026-08-14 07:43:57,487 - ERROR - [Al Jazeera] All scrape strategies failed for https://www.aljazeera.com/video/newsfeed/2026/8/14/could-trump-actually-run-for-a-third-term-as-president?traffic_source=rss. Falling back to RSS description.
2026-08-14 07:43:57,487 - WARNING - SKIPPED (GLOBAL WORD LIMIT): Article 'Could Trump actually run for a third term as president?' from Al Jazeera has only 16 words (Min: 90).
2026-08-14 07:43:58,095 - INFO - [Al Jazeera] Article: https://www.aljazeera.com/video/newsfeed/2026/8/14/08-14-2026-s-dakota-lightning-clip?traffic_source=rss
2026-08-14 07:43:58,096 - INFO - [Al Jazeera] Attempt 1/2: Trying with 'requests_browser' strategy...
2026-08-14 07:43:58,580 - WARNING - [Al Jazeera] FAILED with 'requests_browser' (content was too short: 55 words).
2026-08-14 07:44:00,566 - INFO - [Al Jazeera] Article: https://www.aljazeera.com/video/newsfeed/2026/8/14/08-14-2026-s-dakota-lightning-clip?traffic_source=rss
2026-08-14 07:44:00,567 - INFO - [Al Jazeera] Attempt 2/2: Trying with 'selenium_browser' strategy...
2026-08-14 07:44:02,263 - INFO - >>> SUCCESSFULLY SAVED [ID: 103829] - How Far Is Saudi Arabia Really Willing To Go For Pakistan? from NDTV (890 words)
2026-08-14 07:44:03,372 - INFO - [NDTV] Article: https://www.ndtv.com/india-news/delhi-master-plan-2047-explained-40-lakh-new-flats-rental-units-new-land-rules-yamuna-floodplain-11908720#publisher=newsstand
2026-08-14 07:44:03,372 - INFO - [NDTV] Attempt 1/2: Trying with 'requests_browser' strategy...
2026-08-14 07:44:03,795 - ERROR - [NDTV] Request failed for strategy 'requests_browser' on URL https://www.ndtv.com/india-news/delhi-master-plan-2047-explained-40-lakh-new-flats-rental-units-new-land-rules-yamuna-floodplain-11908720#publisher=newsstand: 403 Client Error: Forbidden for url: https://www.ndtv.com/india-news/delhi-master-plan-2047-explained-40-lakh-new-flats-rental-units-new-land-rules-yamuna-floodplain-11908720#publisher=newsstand
2026-08-14 07:44:04,555 - INFO - [NDTV] Article: https://www.ndtv.com/india-news/delhi-master-plan-2047-explained-40-lakh-new-flats-rental-units-new-land-rules-yamuna-floodplain-11908720#publisher=newsstand
2026-08-14 07:44:04,555 - INFO - [NDTV] Attempt 2/2: Trying with 'selenium_browser' strategy...
2026-08-14 07:44:08,387 - INFO - [Al Jazeera] Page content loaded.
2026-08-14 07:44:09,351 - WARNING - [Al Jazeera] FAILED with 'selenium_browser' (content was too short: 59 words).
2026-08-14 07:44:09,363 - ERROR - [Al Jazeera] All scrape strategies failed for https://www.aljazeera.com/video/newsfeed/2026/8/14/08-14-2026-s-dakota-lightning-clip?traffic_source=rss. Falling back to RSS description.
2026-08-14 07:44:09,363 - WARNING - SKIPPED (GLOBAL WORD LIMIT): Article 'Bodycam captures lightning striking metres from US police officers' from Al Jazeera has only 15 words (Min: 90).
2026-08-14 07:44:09,396 - INFO - [NDTV] Page content loaded.
2026-08-14 07:44:09,818 - ERROR - [The Hindu] Request failed for strategy 'selenium_browser' on URL https://www.thehindu.com/business/us-fda-issues-warning-letter-to-aurobindo-pharmas-subsidiary-eugia-pharma/article71344431.ece: Message: timeout: Timed out receiving message from renderer: 7.000
  (Session info: chrome=152.0.7977.42)
Stacktrace:
#0 0x561dcc58d2ca <unknown>
#1 0x561dcbef0b39 <unknown>
#2 0x561dcbed85bb <unknown>
#3 0x561dcbed8236 <unknown>
#4 0x561dcbed5e18 <unknown>
#5 0x561dcbed679f <unknown>
#6 0x561dcbee5880 <unknown>
#7 0x561dcbeff7b7 <unknown>
#8 0x561dcbf0719b <unknown>
#9 0x561dcbed6ef9 <unknown>
#10 0x561dcbeff512 <unknown>
#11 0x561dcbf8efbd <unknown>
#12 0x561dcbf39ecb <unknown>
#13 0x561dcbf3acb1 <unknown>
#14 0x561dcc5517f0 <unknown>
#15 0x561dcc54fe6a <unknown>
#16 0x561dcc53abb5 <unknown>
#17 0x561dcc550b2a <unknown>
#18 0x561dcc523df0 <unknown>
#19 0x561dcc578238 <unknown>
#20 0x561dcc5783d5 <unknown>
#21 0x561dcc58be53 <unknown>
#22 0x7fb02e69caa4 <unknown>
#23 0x7fb02e729c6c <unknown>

2026-08-14 07:44:09,818 - ERROR - [The Hindu] All scrape strategies failed for https://www.thehindu.com/business/us-fda-issues-warning-letter-to-aurobindo-pharmas-subsidiary-eugia-pharma/article71344431.ece. Falling back to RSS description.
2026-08-14 07:44:09,818 - WARNING - SKIPPED (GLOBAL WORD LIMIT): Article 'U.S. FDA issues warning letter to Aurobindo Pharma’s  subsidiary Eugia Pharma' from The Hindu has only 26 words (Min: 90).
2026-08-14 07:44:10,208 - INFO - [Al Jazeera] Early skip: URL https://www.aljazeera.com/news/longform/2026/8/14/talks-between-government-and-opposition-mark-a-new-chapter-for-venezuela?traffic_source=rss already exists.
2026-08-14 07:44:10,211 - INFO - [Al Jazeera] Article: https://www.aljazeera.com/video/newsfeed/2026/8/14/ai-escapes-confinement?traffic_source=rss
2026-08-14 07:44:10,216 - INFO - [Al Jazeera] Attempt 1/2: Trying with 'requests_browser' strategy...
2026-08-14 07:44:10,431 - WARNING - [Al Jazeera] FAILED with 'requests_browser' (content was too short: 60 words).
2026-08-14 07:44:10,918 - INFO - [The Hindu] Article: https://www.thehindu.com/sport/motorsport/athul-thomas-and-binil-babu-from-kerala-are-champions-in-the-4x4-stock-class-at-the-recently-concluded-rainforest-challenge-india-in-goa/article71317267.ece
2026-08-14 07:44:10,922 - INFO - [The Hindu] Attempt 1/1: Trying with 'selenium_browser' strategy...
2026-08-14 07:44:11,046 - INFO - [NDTV] Success with 'selenium_browser'. Found content (960 words).
2026-08-14 07:44:11,324 - INFO - [Al Jazeera] Article: https://www.aljazeera.com/video/newsfeed/2026/8/14/ai-escapes-confinement?traffic_source=rss
2026-08-14 07:44:11,324 - INFO - [Al Jazeera] Attempt 2/2: Trying with 'selenium_browser' strategy...
2026-08-14 07:44:14,154 - INFO - [Wired] Page content loaded.
2026-08-14 07:44:15,272 - INFO - >>> SUCCESSFULLY SAVED [ID: 103830] - Delhi Master Plan 2047 Explained: 40 Lakh New Flats, Rental Units And New Rules For Yamuna Floodplain from NDTV (960 words)
2026-08-14 07:44:16,035 - INFO - [Al Jazeera] Page content loaded.
2026-08-14 07:44:16,217 - INFO - [NDTV] Article: https://www.ndtv.com/india-news/caste-covid-vaccine-location-centre-notifies-40-questions-for-census-2027-11908628#publisher=newsstand
2026-08-14 07:44:16,217 - INFO - [NDTV] Attempt 1/2: Trying with 'requests_browser' strategy...
2026-08-14 07:44:16,542 - ERROR - [NDTV] Request failed for strategy 'requests_browser' on URL https://www.ndtv.com/india-news/caste-covid-vaccine-location-centre-notifies-40-questions-for-census-2027-11908628#publisher=newsstand: 403 Client Error: Forbidden for url: https://www.ndtv.com/india-news/caste-covid-vaccine-location-centre-notifies-40-questions-for-census-2027-11908628#publisher=newsstand
2026-08-14 07:44:16,607 - WARNING - [Al Jazeera] FAILED with 'selenium_browser' (content was too short: 64 words).
2026-08-14 07:44:16,608 - ERROR - [Al Jazeera] All scrape strategies failed for https://www.aljazeera.com/video/newsfeed/2026/8/14/ai-escapes-confinement?traffic_source=rss. Falling back to RSS description.
2026-08-14 07:44:16,608 - WARNING - SKIPPED (GLOBAL WORD LIMIT): Article 'AI escapes confinement' from Al Jazeera has only 19 words (Min: 90).
2026-08-14 07:44:17,076 - INFO - [Wired] Success with 'selenium_browser'. Found content (1253 words).
2026-08-14 07:44:17,429 - INFO - [NDTV] Article: https://www.ndtv.com/india-news/caste-covid-vaccine-location-centre-notifies-40-questions-for-census-2027-11908628#publisher=newsstand
2026-08-14 07:44:17,429 - INFO - [NDTV] Attempt 2/2: Trying with 'selenium_browser' strategy...
2026-08-14 07:44:18,955 - INFO - [Al Jazeera] Early skip: URL https://www.aljazeera.com/news/2026/8/14/taiwans-white-wolf-leads-lonely-crusade-to-reunify-with-china?traffic_source=rss already exists.
2026-08-14 07:44:18,957 - INFO - [Al Jazeera] Article: https://www.aljazeera.com/video/newsfeed/2026/8/14/colombias-rescuers-search-rubble-as-hope-fades-on-finding-survivors?traffic_source=rss
2026-08-14 07:44:18,959 - INFO - [Al Jazeera] Attempt 1/2: Trying with 'requests_browser' strategy...
2026-08-14 07:44:20,322 - ERROR - Error saving article HelloFresh Promo Codes: 55% Off for August 2026 | WIRED: Hrana: `stream error: `Error { message: "SQLite error: UNIQUE constraint failed: articles.url", code: "SQLITE_CONSTRAINT" }``
2026-08-14 07:44:20,505 - WARNING - [Al Jazeera] FAILED with 'requests_browser' (content was too short: 69 words).
2026-08-14 07:44:21,278 - INFO - [Wired] Article: https://www.wired.com/story/columbia-promo-code/
2026-08-14 07:44:21,279 - INFO - [Wired] Attempt 1/2: Trying with 'requests_browser' strategy...
2026-08-14 07:44:21,331 - INFO - [Al Jazeera] Article: https://www.aljazeera.com/video/newsfeed/2026/8/14/colombias-rescuers-search-rubble-as-hope-fades-on-finding-survivors?traffic_source=rss
2026-08-14 07:44:21,331 - INFO - [Al Jazeera] Attempt 2/2: Trying with 'selenium_browser' strategy...
2026-08-14 07:44:21,509 - ERROR - parsed tree length: 1, wrong data type or not valid HTML
2026-08-14 07:44:21,509 - ERROR - empty HTML tree: None
2026-08-14 07:44:21,509 - WARNING - discarding data: None
2026-08-14 07:44:21,519 - WARNING - [Wired] FAILED with 'requests_browser' (content was too short: 0 words).
2026-08-14 07:44:22,366 - INFO - [Wired] Article: https://www.wired.com/story/columbia-promo-code/
2026-08-14 07:44:22,366 - INFO - [Wired] Attempt 2/2: Trying with 'selenium_browser' strategy...
2026-08-14 07:44:22,955 - WARNING - [The Hindu] Page explicit wait timed out (3s). Proceeding anyway.
2026-08-14 07:44:23,007 - INFO - [NDTV] Page content loaded.
2026-08-14 07:44:24,375 - INFO - [NDTV] Success with 'selenium_browser'. Found content (739 words).
2026-08-14 07:44:28,317 - INFO - [Al Jazeera] Page content loaded.
2026-08-14 07:44:28,591 - INFO - >>> SUCCESSFULLY SAVED [ID: 103832] - Caste, Covid Vaccine Location: Centre Notifies 40 Questions For Census 2027 from NDTV (739 words)
2026-08-14 07:44:28,932 - INFO - [The Hindu] Success with 'selenium_browser'. Found content (436 words).
2026-08-14 07:44:29,420 - INFO - [NDTV] Article: https://www.ndtv.com/world-news/us-lost-45-mq-9-reaper-drones-in-iran-war-25-of-its-military-fleet-11908450#publisher=newsstand
2026-08-14 07:44:29,432 - INFO - [NDTV] Attempt 1/2: Trying with 'requests_browser' strategy...
2026-08-14 07:44:29,856 - ERROR - [NDTV] Request failed for strategy 'requests_browser' on URL https://www.ndtv.com/world-news/us-lost-45-mq-9-reaper-drones-in-iran-war-25-of-its-military-fleet-11908450#publisher=newsstand: 403 Client Error: Forbidden for url: https://www.ndtv.com/world-news/us-lost-45-mq-9-reaper-drones-in-iran-war-25-of-its-military-fleet-11908450#publisher=newsstand
2026-08-14 07:44:31,495 - INFO - [NDTV] Article: https://www.ndtv.com/world-news/us-lost-45-mq-9-reaper-drones-in-iran-war-25-of-its-military-fleet-11908450#publisher=newsstand
2026-08-14 07:44:31,495 - INFO - [NDTV] Attempt 2/2: Trying with 'selenium_browser' strategy...
2026-08-14 07:44:33,165 - INFO - >>> SUCCESSFULLY SAVED [ID: 103833] - Athul Thomas and Binil Babu from Kerala are champions in the 4X4 Stock class at the recently-concluded Rainforest Challenge (India) in Goa - The Hindu from The Hindu (436 words)
2026-08-14 07:44:33,993 - INFO - [The Hindu] Early skip: URL https://www.thehindu.com/news/national/independence-day-2026-1057-personnel-awarded-gallantry-service-medals/article71344031.ece already exists.
2026-08-14 07:44:33,996 - INFO - [The Hindu] Early skip: URL https://www.thehindu.com/news/national/census-2027-to-have-40-questions-including-details-of-caste-covid-vaccination-id-proofs/article71344141.ece already exists.
2026-08-14 07:44:33,998 - INFO - [The Hindu] Article: https://www.thehindu.com/news/national/jharkhand/jharkhand-job-exam-stir-protest-enters-21st-day-students-plan-tiranga-yatra-on-august-15/article71344319.ece
2026-08-14 07:44:33,998 - INFO - [The Hindu] Attempt 1/1: Trying with 'selenium_browser' strategy...
2026-08-14 07:44:36,992 - WARNING - Retrying (Retry(total=2, connect=None, read=None, redirect=None, status=None)) after connection broken by 'ReadTimeoutError("HTTPConnectionPool(host='localhost', port=46705): Read timed out. (read timeout=120)")': /session/bf144dd00ca970131f5c938f74381908/url
2026-08-14 07:44:37,107 - INFO - [NDTV] Page content loaded.
2026-08-14 07:44:37,368 - WARNING - [Al Jazeera] FAILED with 'selenium_browser' (content was too short: 73 words).
2026-08-14 07:44:37,368 - ERROR - [Al Jazeera] All scrape strategies failed for https://www.aljazeera.com/video/newsfeed/2026/8/14/colombias-rescuers-search-rubble-as-hope-fades-on-finding-survivors?traffic_source=rss. Falling back to RSS description.
2026-08-14 07:44:37,369 - WARNING - SKIPPED (GLOBAL WORD LIMIT): Article 'Colombia’s rescuers search rubble as hope fades on finding survivors' from Al Jazeera has only 16 words (Min: 90).
2026-08-14 07:44:37,827 - INFO - [NDTV] Success with 'selenium_browser'. Found content (305 words).
2026-08-14 07:44:39,188 - INFO - [Al Jazeera] Article: https://www.aljazeera.com/video/newsfeed/2026/8/14/aje-onl-nf_norways-fm-us-war-on-iran-was-not-smart-130826?traffic_source=rss
2026-08-14 07:44:39,188 - INFO - [Al Jazeera] Attempt 1/2: Trying with 'requests_browser' strategy...
2026-08-14 07:44:39,328 - WARNING - [Al Jazeera] FAILED with 'requests_browser' (content was too short: 81 words).
2026-08-14 07:44:39,456 - INFO - [Times of India] Page content loaded.
2026-08-14 07:44:40,910 - INFO - [Wired] Page content loaded.
2026-08-14 07:44:41,357 - INFO - [Al Jazeera] Article: https://www.aljazeera.com/video/newsfeed/2026/8/14/aje-onl-nf_norways-fm-us-war-on-iran-was-not-smart-130826?traffic_source=rss
2026-08-14 07:44:41,357 - INFO - [Al Jazeera] Attempt 2/2: Trying with 'selenium_browser' strategy...
2026-08-14 07:44:42,613 - INFO - >>> SUCCESSFULLY SAVED [ID: 103834] - US Lost 45 MQ-9 Reaper Drones In Iran War, 25% Of Its Military Fleet from NDTV (305 words)
2026-08-14 07:44:43,148 - INFO - [Wired] Success with 'selenium_browser'. Found content (682 words).
2026-08-14 07:44:43,505 - INFO - [Times of India] Success with 'selenium_browser'. Found content (882 words).
2026-08-14 07:44:45,353 - INFO - [NDTV] Article: https://www.ndtv.com/india-news/nalsar-protest-this-is-between-students-and-me-chief-justice-on-bar-councils-order-11908399#publisher=newsstand
2026-08-14 07:44:45,354 - INFO - [NDTV] Attempt 1/2: Trying with 'requests_browser' strategy...
2026-08-14 07:44:46,728 - ERROR - Error saving article Columbia Promo Codes: 15% Off | August 2026 | WIRED: Hrana: `stream error: `Error { message: "SQLite error: UNIQUE constraint failed: articles.url", code: "SQLITE_CONSTRAINT" }``
2026-08-14 07:44:46,899 - ERROR - [NDTV] Request failed for strategy 'requests_browser' on URL https://www.ndtv.com/india-news/nalsar-protest-this-is-between-students-and-me-chief-justice-on-bar-councils-order-11908399#publisher=newsstand: 403 Client Error: Forbidden for url: https://www.ndtv.com/india-news/nalsar-protest-this-is-between-students-and-me-chief-justice-on-bar-councils-order-11908399#publisher=newsstand
2026-08-14 07:44:48,423 - INFO - [Al Jazeera] Page content loaded.
2026-08-14 07:44:48,424 - INFO - [Wired] Article: https://www.wired.com/story/pura-promo-code/
2026-08-14 07:44:48,886 - INFO - [Wired] Attempt 1/2: Trying with 'requests_browser' strategy...
2026-08-14 07:44:48,425 - INFO - [NDTV] Article: https://www.ndtv.com/india-news/nalsar-protest-this-is-between-students-and-me-chief-justice-on-bar-councils-order-11908399#publisher=newsstand
2026-08-14 07:44:48,898 - INFO - [NDTV] Attempt 2/2: Trying with 'selenium_browser' strategy...
2026-08-14 07:44:48,424 - WARNING - [The Hindu] Page get timed out (7s). Proceeding to grab partial source anyway.
2026-08-14 07:44:50,169 - INFO - >>> SUCCESSFULLY SAVED [ID: 103836] - Morocco is testing a 'sponge' pavement to replace black asphalt on roads in Marrakech and Agadir, can run up to 16°F cooler by itself from Times of India (882 words)
2026-08-14 07:44:50,226 - ERROR - parsed tree length: 1, wrong data type or not valid HTML
2026-08-14 07:44:50,226 - ERROR - empty HTML tree: None
2026-08-14 07:44:50,227 - WARNING - discarding data: None
2026-08-14 07:44:50,227 - WARNING - [Wired] FAILED with 'requests_browser' (content was too short: 0 words).
2026-08-14 07:44:50,251 - WARNING - [Al Jazeera] FAILED with 'selenium_browser' (content was too short: 85 words).
2026-08-14 07:44:50,253 - ERROR - [Al Jazeera] All scrape strategies failed for https://www.aljazeera.com/video/newsfeed/2026/8/14/aje-onl-nf_norways-fm-us-war-on-iran-was-not-smart-130826?traffic_source=rss. Falling back to RSS description.
2026-08-14 07:44:50,253 - WARNING - SKIPPED (GLOBAL WORD LIMIT): Article 'Norway’s FM tells Al Jazeera the US war on Iran was not ‘smart’' from Al Jazeera has only 20 words (Min: 90).
2026-08-14 07:44:51,033 - INFO - [Times of India] Article: https://timesofindia.indiatimes.com/world/us/in-2021-an-ohio-family-set-out-to-restore-60-acres-of-abandoned-mine-land-five-years-later-native-trees-are-bringing-it-back-to-life/articleshow/133230415.cms
2026-08-14 07:44:51,033 - INFO - [Times of India] Attempt 1/1: Trying with 'selenium_browser' strategy...
2026-08-14 07:44:51,126 - INFO - [Wired] Article: https://www.wired.com/story/pura-promo-code/
2026-08-14 07:44:51,126 - INFO - [Wired] Attempt 2/2: Trying with 'selenium_browser' strategy...
2026-08-14 07:44:51,541 - INFO - [Al Jazeera] Article: https://www.aljazeera.com/video/newsfeed/2026/8/14/08-14-2026-katz-ganim-clip-mp4?traffic_source=rss
2026-08-14 07:44:51,542 - INFO - [Al Jazeera] Attempt 1/2: Trying with 'requests_browser' strategy...
2026-08-14 07:44:51,780 - WARNING - [Al Jazeera] FAILED with 'requests_browser' (content was too short: 61 words).
2026-08-14 07:44:52,331 - INFO - [Al Jazeera] Article: https://www.aljazeera.com/video/newsfeed/2026/8/14/08-14-2026-katz-ganim-clip-mp4?traffic_source=rss
2026-08-14 07:44:52,332 - INFO - [Al Jazeera] Attempt 2/2: Trying with 'selenium_browser' strategy...
2026-08-14 07:44:53,095 - INFO - [NDTV] Page content loaded.
2026-08-14 07:44:54,348 - INFO - [NDTV] Success with 'selenium_browser'. Found content (444 words).
2026-08-14 07:44:55,322 - INFO - DEDUPLICATION: Found match (Score: 0.93). Linking to Cluster ID: 2b5e531e-4758-484a-89de-71e3f41ab9e2
2026-08-14 07:44:57,074 - WARNING - [The Hindu] Page explicit wait timed out (3s). Proceeding anyway.
2026-08-14 07:44:58,195 - INFO - >>> SUCCESSFULLY SAVED [ID: 103837] - NALSAR Protest - "This Is Between Students And Me": Chief Justice Raps Bar Council Over Order from NDTV (444 words)
2026-08-14 07:44:59,157 - INFO - [NDTV] Early skip: URL https://www.ndtv.com/india-news/class-12-student-dies-after-eating-patty-in-jaipur-school-canteen-2-detained-11908028#publisher=newsstand already exists.
2026-08-14 07:44:59,160 - INFO - [NDTV] Article: https://www.ndtv.com/world-news/serving-indian-army-better-than-gulf-job-nepal-youths-agniveer-demand-11908519#publisher=newsstand
2026-08-14 07:44:59,160 - INFO - [NDTV] Attempt 1/2: Trying with 'requests_browser' strategy...
2026-08-14 07:44:59,339 - INFO - [Al Jazeera] Page content loaded.
2026-08-14 07:44:59,575 - ERROR - [NDTV] Request failed for strategy 'requests_browser' on URL https://www.ndtv.com/world-news/serving-indian-army-better-than-gulf-job-nepal-youths-agniveer-demand-11908519#publisher=newsstand: 403 Client Error: Forbidden for url: https://www.ndtv.com/world-news/serving-indian-army-better-than-gulf-job-nepal-youths-agniveer-demand-11908519#publisher=newsstand
2026-08-14 07:45:00,120 - WARNING - [Al Jazeera] FAILED with 'selenium_browser' (content was too short: 65 words).
2026-08-14 07:45:00,120 - ERROR - [Al Jazeera] All scrape strategies failed for https://www.aljazeera.com/video/newsfeed/2026/8/14/08-14-2026-katz-ganim-clip-mp4?traffic_source=rss. Falling back to RSS description.
2026-08-14 07:45:00,120 - WARNING - SKIPPED (GLOBAL WORD LIMIT): Article 'Israel’s Katz hails settlers for ‘holding onto’ Palestinian land' from Al Jazeera has only 15 words (Min: 90).
2026-08-14 07:45:00,303 - INFO - [NDTV] Article: https://www.ndtv.com/world-news/serving-indian-army-better-than-gulf-job-nepal-youths-agniveer-demand-11908519#publisher=newsstand
2026-08-14 07:45:00,304 - INFO - [NDTV] Attempt 2/2: Trying with 'selenium_browser' strategy...
2026-08-14 07:45:01,579 - INFO - [Al Jazeera] Early skip: URL https://www.aljazeera.com/news/2026/8/14/uae-accuses-iran-of-attacks-on-two-adnoc-vessels-in-strait-of-hormuz?traffic_source=rss already exists.
2026-08-14 07:45:01,580 - INFO - [Al Jazeera] Early skip: URL https://www.aljazeera.com/news/2026/8/14/yemen-faces-highest-risk-of-returning-to-war-since-2022-truce-un-warns?traffic_source=rss already exists.
2026-08-14 07:45:01,583 - INFO - [Al Jazeera] (Thread) Finished. Attempting to shut down its Selenium driver.
2026-08-14 07:45:01,873 - INFO - [Al Jazeera] (Thread) driver.quit() successful.
2026-08-14 07:45:04,136 - ERROR - [The Hindu] Request failed for strategy 'selenium_browser' on URL https://www.thehindu.com/news/national/jharkhand/jharkhand-job-exam-stir-protest-enters-21st-day-students-plan-tiranga-yatra-on-august-15/article71344319.ece: Message: timeout: Timed out receiving message from renderer: 7.000
  (Session info: chrome=152.0.7977.42)
Stacktrace:
#0 0x561dcc58d2ca <unknown>
#1 0x561dcbef0b39 <unknown>
#2 0x561dcbed85bb <unknown>
#3 0x561dcbed8236 <unknown>
#4 0x561dcbed5e18 <unknown>
#5 0x561dcbed679f <unknown>
#6 0x561dcbee5880 <unknown>
#7 0x561dcbeff7b7 <unknown>
#8 0x561dcbf0719b <unknown>
#9 0x561dcbed6ef9 <unknown>
#10 0x561dcbeff512 <unknown>
#11 0x561dcbf8eb26 <unknown>
#12 0x561dcbf39ecb <unknown>
#13 0x561dcbf3acb1 <unknown>
#14 0x561dcc5517f0 <unknown>
#15 0x561dcc54fe6a <unknown>
#16 0x561dcc53abb5 <unknown>
#17 0x561dcc550b2a <unknown>
#18 0x561dcc523df0 <unknown>
#19 0x561dcc578238 <unknown>
#20 0x561dcc5783d5 <unknown>
#21 0x561dcc58be53 <unknown>
#22 0x7fb02e69caa4 <unknown>
#23 0x7fb02e729c6c <unknown>

2026-08-14 07:45:04,136 - ERROR - [The Hindu] All scrape strategies failed for https://www.thehindu.com/news/national/jharkhand/jharkhand-job-exam-stir-protest-enters-21st-day-students-plan-tiranga-yatra-on-august-15/article71344319.ece. Falling back to RSS description.
2026-08-14 07:45:04,136 - WARNING - SKIPPED (GLOBAL WORD LIMIT): Article 'Jharkhand job exam stir: Protest enters 21st day, students plan ‘Tiranga Yatra’ on August 15' from The Hindu has only 23 words (Min: 90).
2026-08-14 07:45:05,271 - INFO - [Wired] Page content loaded.
2026-08-14 07:45:05,297 - INFO - [The Hindu] Article: https://www.thehindu.com/news/national/supreme-court-stays-madras-hc-verdict-quashing-govt-jobs-order-to-karur-stampede-victims-kin/article71344306.ece
2026-08-14 07:45:05,297 - INFO - [The Hindu] Attempt 1/1: Trying with 'selenium_browser' strategy...
2026-08-14 07:45:07,290 - INFO - [Wired] Success with 'selenium_browser'. Found content (582 words).
2026-08-14 07:45:10,716 - ERROR - Error saving article Pura Promo Codes: $20 Off August 2026 | WIRED: Hrana: `stream error: `Error { message: "SQLite error: UNIQUE constraint failed: articles.url", code: "SQLITE_CONSTRAINT" }``
2026-08-14 07:45:11,899 - INFO - [Wired] Article: https://www.wired.com/story/babbel-promo-code/
2026-08-14 07:45:11,899 - INFO - [Wired] Attempt 1/2: Trying with 'requests_browser' strategy...
2026-08-14 07:45:12,079 - ERROR - parsed tree length: 1, wrong data type or not valid HTML
2026-08-14 07:45:12,080 - ERROR - empty HTML tree: None
2026-08-14 07:45:12,080 - WARNING - discarding data: None
2026-08-14 07:45:12,080 - WARNING - [Wired] FAILED with 'requests_browser' (content was too short: 0 words).
2026-08-14 07:45:12,996 - INFO - [Wired] Article: https://www.wired.com/story/babbel-promo-code/
2026-08-14 07:45:12,996 - INFO - [Wired] Attempt 2/2: Trying with 'selenium_browser' strategy...
2026-08-14 07:45:19,430 - WARNING - [The Hindu] Page get timed out (7s). Proceeding to grab partial source anyway.
2026-08-14 07:45:21,940 - INFO - [Wired] Page content loaded.
2026-08-14 07:45:23,399 - INFO - [Wired] Success with 'selenium_browser'. Found content (727 words).
2026-08-14 07:45:23,979 - INFO - [NDTV] Page content loaded.
2026-08-14 07:45:26,997 - WARNING - [The Hindu] Page explicit wait timed out (3s). Proceeding anyway.
2026-08-14 07:45:27,004 - ERROR - Error saving article Babbel Promo Code: Up to 65% Off in August 2026 | WIRED: Hrana: `stream error: `Error { message: "SQLite error: UNIQUE constraint failed: articles.url", code: "SQLITE_CONSTRAINT" }``
2026-08-14 07:45:27,207 - INFO - [NDTV] Success with 'selenium_browser'. Found content (481 words).
2026-08-14 07:45:27,798 - WARNING - [Economic Times] Page get timed out (7s). Proceeding to grab partial source anyway.
2026-08-14 07:45:29,465 - INFO - [Wired] Article: https://www.wired.com/story/acer-promo-code/
2026-08-14 07:45:29,908 - INFO - [Wired] Attempt 1/2: Trying with 'requests_browser' strategy...
2026-08-14 07:45:31,195 - INFO - >>> SUCCESSFULLY SAVED [ID: 103840] - 'Serving Indian Army Better Than Gulf Job': Nepal Youths' 'Agniveer' Demand from NDTV (481 words)
2026-08-14 07:45:31,222 - ERROR - parsed tree length: 1, wrong data type or not valid HTML
2026-08-14 07:45:31,223 - ERROR - empty HTML tree: None
2026-08-14 07:45:31,223 - WARNING - discarding data: None
2026-08-14 07:45:31,223 - WARNING - [Wired] FAILED with 'requests_browser' (content was too short: 0 words).
2026-08-14 07:45:31,952 - INFO - [Wired] Article: https://www.wired.com/story/acer-promo-code/
2026-08-14 07:45:31,952 - INFO - [Wired] Attempt 2/2: Trying with 'selenium_browser' strategy...
2026-08-14 07:45:31,962 - INFO - [NDTV] Target reached: Successfully saved 10 new articles.
2026-08-14 07:45:31,967 - INFO - [NDTV] (Thread) Finished. Attempting to shut down its Selenium driver.
2026-08-14 07:45:32,070 - WARNING - [Times of India] Page explicit wait timed out (3s). Proceeding anyway.
2026-08-14 07:45:32,252 - INFO - [NDTV] (Thread) driver.quit() successful.
2026-08-14 07:45:33,192 - INFO - [Times of India] Success with 'selenium_browser'. Found content (793 words).
2026-08-14 07:45:35,211 - INFO - [Economic Times] Page content loaded.
2026-08-14 07:45:35,213 - ERROR - [The Hindu] Request failed for strategy 'selenium_browser' on URL https://www.thehindu.com/news/national/supreme-court-stays-madras-hc-verdict-quashing-govt-jobs-order-to-karur-stampede-victims-kin/article71344306.ece: Message: timeout: Timed out receiving message from renderer: 7.000
  (Session info: chrome=152.0.7977.42)
Stacktrace:
#0 0x561dcc58d2ca <unknown>
#1 0x561dcbef0b39 <unknown>
#2 0x561dcbed85bb <unknown>
#3 0x561dcbed8236 <unknown>
#4 0x561dcbed5e18 <unknown>
#5 0x561dcbed679f <unknown>
#6 0x561dcbee5880 <unknown>
#7 0x561dcbeff7b7 <unknown>
#8 0x561dcbf0719b <unknown>
#9 0x561dcbed6ef9 <unknown>
#10 0x561dcbeff512 <unknown>
#11 0x561dcbf8eb26 <unknown>
#12 0x561dcbf39ecb <unknown>
#13 0x561dcbf3acb1 <unknown>
#14 0x561dcc5517f0 <unknown>
#15 0x561dcc54fe6a <unknown>
#16 0x561dcc53abb5 <unknown>
#17 0x561dcc550b2a <unknown>
#18 0x561dcc523df0 <unknown>
#19 0x561dcc578238 <unknown>
#20 0x561dcc5783d5 <unknown>
#21 0x561dcc58be53 <unknown>
#22 0x7fb02e69caa4 <unknown>
#23 0x7fb02e729c6c <unknown>

2026-08-14 07:45:35,213 - ERROR - [The Hindu] All scrape strategies failed for https://www.thehindu.com/news/national/supreme-court-stays-madras-hc-verdict-quashing-govt-jobs-order-to-karur-stampede-victims-kin/article71344306.ece. Falling back to RSS description.
2026-08-14 07:45:35,213 - WARNING - SKIPPED (GLOBAL WORD LIMIT): Article 'Supreme Court stays Madras HC order striking down compassionate appointments for Karur stampede victims’ kin' from The Hindu has only 25 words (Min: 90).
2026-08-14 07:45:36,670 - INFO - [The Hindu] Early skip: URL https://www.thehindu.com/news/national/fugitive-drug-kingpin-virender-singh-basoya-extradited-from-uae-hm-shah/article71344085.ece already exists.
2026-08-14 07:45:36,672 - INFO - [The Hindu] Article: https://www.thehindu.com/news/national/pm-modi-recalls-the-courage-of-all-those-who-were-impacted-by-partition/article71344500.ece
2026-08-14 07:45:36,672 - INFO - [The Hindu] Attempt 1/1: Trying with 'selenium_browser' strategy...
2026-08-14 07:45:36,912 - INFO - >>> SUCCESSFULLY SAVED [ID: 103841] - In 2021, an Ohio family set out to restore 60 acres of abandoned mine land; five years later, native trees are bringing it back to life from Times of India (793 words)
2026-08-14 07:45:37,983 - INFO - [Economic Times] Success with 'selenium_browser'. Found content (519 words).
2026-08-14 07:45:38,069 - INFO - [Wired] Page content loaded.
2026-08-14 07:45:38,215 - INFO - [Times of India] Article: https://timesofindia.indiatimes.com/world/us/iowa-man-faces-124-charges-after-allegedly-capturing-alabamas-critically-endangered-turtle-found-only-in-the-state/articleshow/133231947.cms
2026-08-14 07:45:38,215 - INFO - [Times of India] Attempt 1/1: Trying with 'selenium_browser' strategy...
2026-08-14 07:45:41,537 - INFO - >>> SUCCESSFULLY SAVED [ID: 103842] - Manorama Industries shares surge over 8% after strong Q1 results - The Economic Times from Economic Times (519 words)
2026-08-14 07:45:41,816 - INFO - [Wired] Success with 'selenium_browser'. Found content (835 words).
2026-08-14 07:45:43,429 - INFO - [Economic Times] Article: https://economictimes.indiatimes.com/markets/stocks/news/explained-why-balrampur-chini-dhampur-sugar-dalmia-bharat-other-sugar-stocks-are-up-12-in-2-days/articleshow/133230683.cms
2026-08-14 07:45:43,429 - INFO - [Economic Times] Attempt 1/2: Trying with 'requests_browser' strategy...
2026-08-14 07:45:44,755 - ERROR - Error saving article Acer Promo Codes: 40% Off | WIRED: Hrana: `stream error: `Error { message: "SQLite error: UNIQUE constraint failed: articles.url", code: "SQLITE_CONSTRAINT" }``
2026-08-14 07:45:44,779 - ERROR - parsed tree length: 1, wrong data type or not valid HTML
2026-08-14 07:45:44,779 - ERROR - empty HTML tree: None
2026-08-14 07:45:44,779 - WARNING - discarding data: None
2026-08-14 07:45:44,779 - WARNING - [Economic Times] FAILED with 'requests_browser' (content was too short: 0 words).
2026-08-14 07:45:45,585 - INFO - [Wired] Early skip: URL https://www.wired.com/story/openai-safety-security-ai-agents-culture/ already exists.
2026-08-14 07:45:45,588 - INFO - [Wired] Early skip: URL https://www.wired.com/story/mark-zuckerbergs-ai-manifesto-is-6500-words-and-barely-says-anything/ already exists.
2026-08-14 07:45:45,590 - INFO - [Wired] Early skip: URL https://www.wired.com/story/the-painful-truth-of-exactly-how-ice-new-shock-gloves-actually-work/ already exists.
2026-08-14 07:45:45,595 - INFO - [Wired] Early skip: URL https://www.wired.com/story/novig-says-its-not-like-those-other-prediction-markets/ already exists.
2026-08-14 07:45:45,596 - INFO - [Wired] Early skip: URL https://www.wired.com/gallery/best-samsung-s26-cases-and-accessories/ already exists.
2026-08-14 07:45:45,599 - INFO - [Wired] Early skip: URL https://www.wired.com/story/google-pixelsnap-charger-and-stand-50-percent-off/ already exists.
2026-08-14 07:45:45,600 - INFO - [Wired] Early skip: URL https://www.wired.com/story/heat-wave-schizophrenia/ already exists.
2026-08-14 07:45:45,601 - INFO - [Wired] Early skip: URL https://www.wired.com/story/the-best-android-tablets/ already exists.
2026-08-14 07:45:45,604 - INFO - [Wired] Early skip: URL https://www.wired.com/gallery/best-cooling-mattress/ already exists.
2026-08-14 07:45:45,605 - INFO - [Wired] Early skip: URL https://www.wired.com/story/cbp-workers-allegedly-used-government-databases-to-spy-on-exes-crushes-and-colleagues/ already exists.
2026-08-14 07:45:45,606 - INFO - [Wired] Early skip: URL https://www.wired.com/story/fatty-liver-disease-ai-detection-cancer/ already exists.
2026-08-14 07:45:45,608 - INFO - [Wired] Early skip: URL https://www.wired.com/gallery/the-best-cooling-mattresses-for-hot-sleepers-1/ already exists.
2026-08-14 07:45:45,610 - INFO - [Wired] Article: https://www.wired.com/story/priceline-promo-code/
2026-08-14 07:45:45,610 - INFO - [Wired] Attempt 1/2: Trying with 'requests_browser' strategy...
2026-08-14 07:45:45,754 - INFO - [Economic Times] Article: https://economictimes.indiatimes.com/markets/stocks/news/explained-why-balrampur-chini-dhampur-sugar-dalmia-bharat-other-sugar-stocks-are-up-12-in-2-days/articleshow/133230683.cms
2026-08-14 07:45:45,754 - INFO - [Economic Times] Attempt 2/2: Trying with 'selenium_browser' strategy...
2026-08-14 07:45:45,770 - ERROR - parsed tree length: 1, wrong data type or not valid HTML
2026-08-14 07:45:45,771 - ERROR - empty HTML tree: None
2026-08-14 07:45:45,771 - WARNING - discarding data: None
2026-08-14 07:45:45,771 - WARNING - [Wired] FAILED with 'requests_browser' (content was too short: 0 words).
2026-08-14 07:45:46,539 - INFO - [Wired] Article: https://www.wired.com/story/priceline-promo-code/
2026-08-14 07:45:46,539 - INFO - [Wired] Attempt 2/2: Trying with 'selenium_browser' strategy...
2026-08-14 07:45:50,936 - WARNING - [The Hindu] Page get timed out (7s). Proceeding to grab partial source anyway.
2026-08-14 07:45:56,022 - INFO - [Wired] Page content loaded.
2026-08-14 07:45:57,489 - INFO - [Wired] Success with 'selenium_browser'. Found content (1333 words).
2026-08-14 07:45:59,147 - WARNING - [The Hindu] Page explicit wait timed out (3s). Proceeding anyway.
2026-08-14 07:46:00,504 - ERROR - Error saving article Priceline Promo Codes & Coupons: 10% Off August 2026 | WIRED: Hrana: `stream error: `Error { message: "SQLite error: UNIQUE constraint failed: articles.url", code: "SQLITE_CONSTRAINT" }``
2026-08-14 07:46:01,007 - INFO - [Wired] Article: https://www.wired.com/story/naturepedic-promo-code/
2026-08-14 07:46:01,008 - INFO - [Wired] Attempt 1/2: Trying with 'requests_browser' strategy...
2026-08-14 07:46:01,169 - ERROR - parsed tree length: 1, wrong data type or not valid HTML
2026-08-14 07:46:01,169 - ERROR - empty HTML tree: None
2026-08-14 07:46:01,170 - WARNING - discarding data: None
2026-08-14 07:46:01,170 - WARNING - [Wired] FAILED with 'requests_browser' (content was too short: 0 words).
2026-08-14 07:46:01,886 - INFO - [Wired] Article: https://www.wired.com/story/naturepedic-promo-code/
2026-08-14 07:46:01,886 - INFO - [Wired] Attempt 2/2: Trying with 'selenium_browser' strategy...
2026-08-14 07:46:06,215 - ERROR - [The Hindu] Request failed for strategy 'selenium_browser' on URL https://www.thehindu.com/news/national/pm-modi-recalls-the-courage-of-all-those-who-were-impacted-by-partition/article71344500.ece: Message: timeout: Timed out receiving message from renderer: 7.000
  (Session info: chrome=152.0.7977.42)
Stacktrace:
#0 0x561dcc58d2ca <unknown>
#1 0x561dcbef0b39 <unknown>
#2 0x561dcbed85bb <unknown>
#3 0x561dcbed8236 <unknown>
#4 0x561dcbed5e18 <unknown>
#5 0x561dcbed679f <unknown>
#6 0x561dcbee5880 <unknown>
#7 0x561dcbeff7b7 <unknown>
#8 0x561dcbf0719b <unknown>
#9 0x561dcbed6ef9 <unknown>
#10 0x561dcbeff512 <unknown>
#11 0x561dcbf8eb26 <unknown>
#12 0x561dcbf39ecb <unknown>
#13 0x561dcbf3acb1 <unknown>
#14 0x561dcc5517f0 <unknown>
#15 0x561dcc54fe6a <unknown>
#16 0x561dcc53abb5 <unknown>
#17 0x561dcc550b2a <unknown>
#18 0x561dcc523df0 <unknown>
#19 0x561dcc578238 <unknown>
#20 0x561dcc5783d5 <unknown>
#21 0x561dcc58be53 <unknown>
#22 0x7fb02e69caa4 <unknown>
#23 0x7fb02e729c6c <unknown>

2026-08-14 07:46:06,216 - ERROR - [The Hindu] All scrape strategies failed for https://www.thehindu.com/news/national/pm-modi-recalls-the-courage-of-all-those-who-were-impacted-by-partition/article71344500.ece. Falling back to RSS description.
2026-08-14 07:46:06,216 - WARNING - SKIPPED (GLOBAL WORD LIMIT): Article 'PM Modi recalls the courage of all those who were impacted by Partition' from The Hindu has only 34 words (Min: 90).
2026-08-14 07:46:07,255 - INFO - [The Hindu] Article: https://www.thehindu.com/books/arun-gokul-gives-malayalam-literature-its-catchy-book-covers/article71335581.ece
2026-08-14 07:46:07,256 - INFO - [The Hindu] Attempt 1/1: Trying with 'selenium_browser' strategy...
2026-08-14 07:46:08,766 - INFO - [Wired] Page content loaded.
2026-08-14 07:46:09,832 - INFO - [Wired] Success with 'selenium_browser'. Found content (633 words).
2026-08-14 07:46:12,175 - WARNING - [Times of India] Page explicit wait timed out (3s). Proceeding anyway.
2026-08-14 07:46:13,129 - ERROR - Error saving article Naturepedic Promo Codes: Get 20% Off Plus Free Pillows | WIRED: Hrana: `stream error: `Error { message: "SQLite error: UNIQUE constraint failed: articles.url", code: "SQLITE_CONSTRAINT" }``
2026-08-14 07:46:13,328 - INFO - [Times of India] Success with 'selenium_browser'. Found content (529 words).
2026-08-14 07:46:13,497 - INFO - [Economic Times] Page content loaded.
2026-08-14 07:46:14,973 - INFO - [Wired] Article: https://www.wired.com/story/bose-coupon-code/
2026-08-14 07:46:14,973 - INFO - [Wired] Attempt 1/2: Trying with 'requests_browser' strategy...
2026-08-14 07:46:16,625 - INFO - >>> SUCCESSFULLY SAVED [ID: 103846] - Iowa man faces 124 charges after allegedly capturing Alabama’s critically endangered turtle found only in the state from Times of India (529 words)
2026-08-14 07:46:16,647 - ERROR - parsed tree length: 1, wrong data type or not valid HTML
2026-08-14 07:46:16,647 - ERROR - empty HTML tree: None
2026-08-14 07:46:16,647 - WARNING - discarding data: None
2026-08-14 07:46:16,647 - WARNING - [Wired] FAILED with 'requests_browser' (content was too short: 0 words).
2026-08-14 07:46:16,845 - INFO - [Economic Times] Success with 'selenium_browser'. Found content (681 words).
2026-08-14 07:46:17,558 - INFO - [Times of India] Article: https://timesofindia.indiatimes.com/world/pakistan/water-is-our-red-line-shehbaz-sharif-threatens-india-with-direct-response-over-indus-treaty/articleshow/133231106.cms
2026-08-14 07:46:17,558 - INFO - [Times of India] Attempt 1/1: Trying with 'selenium_browser' strategy...
2026-08-14 07:46:17,662 - INFO - [Wired] Article: https://www.wired.com/story/bose-coupon-code/
2026-08-14 07:46:17,668 - INFO - [Wired] Attempt 2/2: Trying with 'selenium_browser' strategy...
2026-08-14 07:46:21,126 - INFO - >>> SUCCESSFULLY SAVED [ID: 103847] - Explained: Why Balrampur Chini, Dhampur Sugar, Dalmia Bharat & other sugar stocks are up 12% in 2 days - The Economic Times from Economic Times (681 words)
2026-08-14 07:46:21,156 - INFO - [Wired] Page content loaded.
2026-08-14 07:46:22,075 - INFO - [Wired] Success with 'selenium_browser'. Found content (649 words).
2026-08-14 07:46:22,118 - INFO - [Economic Times] Article: https://economictimes.indiatimes.com/markets/stocks/news/explained-why-vedanta-aluminium-hindalco-nalco-shares-tumbled-up-to-7-on-friday/articleshow/133229710.cms
2026-08-14 07:46:22,118 - INFO - [Economic Times] Attempt 1/2: Trying with 'requests_browser' strategy...
2026-08-14 07:46:24,097 - WARNING - [The Hindu] Page get timed out (7s). Proceeding to grab partial source anyway.
2026-08-14 07:46:25,076 - ERROR - Error saving article Bose Promo Code: 40% Off for August 2026 | WIRED: Hrana: `stream error: `Error { message: "SQLite error: UNIQUE constraint failed: articles.url", code: "SQLITE_CONSTRAINT" }``
2026-08-14 07:46:25,076 - INFO - [Times of India] Page content loaded.
2026-08-14 07:46:25,085 - ERROR - parsed tree length: 1, wrong data type or not valid HTML
2026-08-14 07:46:25,086 - ERROR - empty HTML tree: None
2026-08-14 07:46:25,086 - WARNING - discarding data: None
2026-08-14 07:46:25,086 - WARNING - [Economic Times] FAILED with 'requests_browser' (content was too short: 0 words).
2026-08-14 07:46:26,066 - INFO - [Economic Times] Article: https://economictimes.indiatimes.com/markets/stocks/news/explained-why-vedanta-aluminium-hindalco-nalco-shares-tumbled-up-to-7-on-friday/articleshow/133229710.cms
2026-08-14 07:46:26,066 - INFO - [Economic Times] Attempt 2/2: Trying with 'selenium_browser' strategy...
2026-08-14 07:46:26,234 - INFO - [Wired] Article: https://www.wired.com/story/castlery-promo-code/
2026-08-14 07:46:26,234 - INFO - [Wired] Attempt 1/2: Trying with 'requests_browser' strategy...
2026-08-14 07:46:26,408 - ERROR - parsed tree length: 1, wrong data type or not valid HTML
2026-08-14 07:46:26,408 - ERROR - empty HTML tree: None
2026-08-14 07:46:26,408 - WARNING - discarding data: None
2026-08-14 07:46:26,408 - WARNING - [Wired] FAILED with 'requests_browser' (content was too short: 0 words).
2026-08-14 07:46:27,158 - INFO - [Wired] Article: https://www.wired.com/story/castlery-promo-code/
2026-08-14 07:46:27,158 - INFO - [Wired] Attempt 2/2: Trying with 'selenium_browser' strategy...
2026-08-14 07:46:31,143 - WARNING - [The Hindu] Page explicit wait timed out (3s). Proceeding anyway.
2026-08-14 07:46:31,633 - INFO - [Times of India] Success with 'selenium_browser'. Found content (335 words).
2026-08-14 07:46:33,496 - INFO - [Economic Times] Page content loaded.
2026-08-14 07:46:34,834 - INFO - [Wired] Page content loaded.
2026-08-14 07:46:35,069 - INFO - >>> SUCCESSFULLY SAVED [ID: 103849] - 'Water is our red line': Shehbaz Sharif threatens India with 'direct response' over Indus Treaty from Times of India (335 words)
2026-08-14 07:46:35,750 - INFO - [Wired] Success with 'selenium_browser'. Found content (800 words).
2026-08-14 07:46:35,973 - INFO - [Times of India] Article: https://timesofindia.indiatimes.com/world/us/north-carolina-woman-fell-from-14500-feet-after-both-parachutes-failed-crashed-onto-a-fire-ant-mound-and-survived-more-than-200-stings/articleshow/133230887.cms
2026-08-14 07:46:35,973 - INFO - [Times of India] Attempt 1/1: Trying with 'selenium_browser' strategy...
2026-08-14 07:46:36,150 - INFO - [Economic Times] Success with 'selenium_browser'. Found content (620 words).
2026-08-14 07:46:38,502 - ERROR - [The Hindu] Request failed for strategy 'selenium_browser' on URL https://www.thehindu.com/books/arun-gokul-gives-malayalam-literature-its-catchy-book-covers/article71335581.ece: Message: timeout: Timed out receiving message from renderer: 7.000
  (Session info: chrome=152.0.7977.42)
Stacktrace:
#0 0x561dcc58d2ca <unknown>
#1 0x561dcbef0b39 <unknown>
#2 0x561dcbed85bb <unknown>
#3 0x561dcbed8236 <unknown>
#4 0x561dcbed5e18 <unknown>
#5 0x561dcbed679f <unknown>
#6 0x561dcbee5880 <unknown>
#7 0x561dcbeff7b7 <unknown>
#8 0x561dcbf0719b <unknown>
#9 0x561dcbed6ef9 <unknown>
#10 0x561dcbeff512 <unknown>
#11 0x561dcbf8eb26 <unknown>
#12 0x561dcbf39ecb <unknown>
#13 0x561dcbf3acb1 <unknown>
#14 0x561dcc5517f0 <unknown>
#15 0x561dcc54fe6a <unknown>
#16 0x561dcc53abb5 <unknown>
#17 0x561dcc550b2a <unknown>
#18 0x561dcc523df0 <unknown>
#19 0x561dcc578238 <unknown>
#20 0x561dcc5783d5 <unknown>
#21 0x561dcc58be53 <unknown>
#22 0x7fb02e69caa4 <unknown>
#23 0x7fb02e729c6c <unknown>

2026-08-14 07:46:38,503 - ERROR - [The Hindu] All scrape strategies failed for https://www.thehindu.com/books/arun-gokul-gives-malayalam-literature-its-catchy-book-covers/article71335581.ece. Falling back to RSS description.
2026-08-14 07:46:38,503 - WARNING - SKIPPED (GLOBAL WORD LIMIT): Article 'This artist from Kerala says an aesthetically designed book cover is a work of art' from The Hindu has only 14 words (Min: 90).
2026-08-14 07:46:39,391 - ERROR - Error saving article Castlery Promo Codes: 15% Off for August 2026 | WIRED: Hrana: `stream error: `Error { message: "SQLite error: UNIQUE constraint failed: articles.url", code: "SQLITE_CONSTRAINT" }``
2026-08-14 07:46:39,393 - INFO - [The Hindu] Article: https://www.thehindu.com/news/national/supreme-court-condemns-bar-council-nalsar-enrolment-freeze-circulars-withdrawal-cji-surya-kant/article71344255.ece
2026-08-14 07:46:39,393 - INFO - [The Hindu] Attempt 1/1: Trying with 'selenium_browser' strategy...
2026-08-14 07:46:41,177 - INFO - [Wired] Article: https://www.wired.com/story/hostgator-coupon/
2026-08-14 07:46:41,177 - INFO - [Wired] Attempt 1/2: Trying with 'requests_browser' strategy...
2026-08-14 07:46:42,762 - INFO - >>> SUCCESSFULLY SAVED [ID: 103851] - Explained: Why Vedanta Aluminium, Hindalco, Nalco shares tumbled up to 7% on Friday - The Economic Times from Economic Times (620 words)
2026-08-14 07:46:42,770 - ERROR - parsed tree length: 1, wrong data type or not valid HTML
2026-08-14 07:46:42,770 - ERROR - empty HTML tree: None
2026-08-14 07:46:42,770 - WARNING - discarding data: None
2026-08-14 07:46:42,771 - WARNING - [Wired] FAILED with 'requests_browser' (content was too short: 0 words).
2026-08-14 07:46:43,350 - INFO - [Wired] Article: https://www.wired.com/story/hostgator-coupon/
2026-08-14 07:46:43,350 - INFO - [Wired] Attempt 2/2: Trying with 'selenium_browser' strategy...
2026-08-14 07:46:43,931 - INFO - [Economic Times] Article: https://economictimes.indiatimes.com/markets/stocks/news/praj-industries-shares-rally-7-after-q1-profit-more-than-doubles-yoy/articleshow/133230447.cms
2026-08-14 07:46:43,931 - INFO - [Economic Times] Attempt 1/2: Trying with 'requests_browser' strategy...
2026-08-14 07:46:44,239 - ERROR - parsed tree length: 1, wrong data type or not valid HTML
2026-08-14 07:46:44,239 - ERROR - empty HTML tree: None
2026-08-14 07:46:44,240 - WARNING - discarding data: None
2026-08-14 07:46:44,240 - WARNING - [Economic Times] FAILED with 'requests_browser' (content was too short: 0 words).
2026-08-14 07:46:44,911 - INFO - [Economic Times] Article: https://economictimes.indiatimes.com/markets/stocks/news/praj-industries-shares-rally-7-after-q1-profit-more-than-doubles-yoy/articleshow/133230447.cms
2026-08-14 07:46:44,911 - INFO - [Economic Times] Attempt 2/2: Trying with 'selenium_browser' strategy...
2026-08-14 07:46:46,233 - INFO - [Wired] Page content loaded.
2026-08-14 07:46:46,969 - INFO - [Wired] Success with 'selenium_browser'. Found content (1003 words).
2026-08-14 07:46:48,769 - INFO - [Times of India] Page content loaded.
2026-08-14 07:46:50,218 - ERROR - Error saving article HostGator Coupon Codes: 76% Off Hosting in August 2026 | WIRED: Hrana: `stream error: `Error { message: "SQLite error: UNIQUE constraint failed: articles.url", code: "SQLITE_CONSTRAINT" }``
2026-08-14 07:46:50,827 - INFO - [Wired] Article: https://www.wired.com/story/visible-promo-code/
2026-08-14 07:46:50,827 - INFO - [Wired] Attempt 1/2: Trying with 'requests_browser' strategy...
2026-08-14 07:46:50,982 - ERROR - parsed tree length: 1, wrong data type or not valid HTML
2026-08-14 07:46:50,983 - ERROR - empty HTML tree: None
2026-08-14 07:46:50,983 - WARNING - discarding data: None
2026-08-14 07:46:50,983 - WARNING - [Wired] FAILED with 'requests_browser' (content was too short: 0 words).
2026-08-14 07:46:51,499 - INFO - [Wired] Article: https://www.wired.com/story/visible-promo-code/
2026-08-14 07:46:51,499 - INFO - [Wired] Attempt 2/2: Trying with 'selenium_browser' strategy...
2026-08-14 07:46:52,637 - INFO - [Times of India] Success with 'selenium_browser'. Found content (788 words).
2026-08-14 07:46:52,961 - INFO - [Economic Times] Page content loaded.
2026-08-14 07:46:54,609 - WARNING - [The Hindu] Page get timed out (7s). Proceeding to grab partial source anyway.
2026-08-14 07:46:56,466 - INFO - >>> SUCCESSFULLY SAVED [ID: 103853] - North Carolina woman fell from 14,500 feet after both parachutes failed, crashed onto a fire-ant mound and survived more than 200 stings from Times of India (788 words)
2026-08-14 07:46:56,560 - INFO - [Economic Times] Success with 'selenium_browser'. Found content (474 words).
2026-08-14 07:46:56,682 - INFO - [Wired] Page content loaded.
2026-08-14 07:46:58,287 - INFO - [Times of India] Article: https://timesofindia.indiatimes.com/science/thousands-of-tiny-earthquakes-went-unnoticed-beneath-alaska-for-years-but-scientists-have-now-used-them-to-trace-the-hidden-edge-of-a-tectonic-plate/articleshow/133230858.cms
2026-08-14 07:46:58,288 - INFO - [Times of India] Attempt 1/1: Trying with 'selenium_browser' strategy...
2026-08-14 07:47:00,030 - INFO - >>> SUCCESSFULLY SAVED [ID: 103854] - Praj Industries shares rally 7% after Q1 profit more than doubles YoY - The Economic Times from Economic Times (474 words)
2026-08-14 07:47:00,082 - INFO - [Wired] Success with 'selenium_browser'. Found content (592 words).
2026-08-14 07:47:02,044 - INFO - [Economic Times] Early skip: URL https://economictimes.indiatimes.com/markets/stocks/news/sammaan-capital-shares-fall-4-after-q1-profit-declines-27-to-rs-243-crore-revenue-drops-31/articleshow/133229881.cms already exists.
2026-08-14 07:47:02,914 - ERROR - Error saving article Visible Promo Codes and Coupons for August 2026 | WIRED: Hrana: `stream error: `Error { message: "SQLite error: UNIQUE constraint failed: articles.url", code: "SQLITE_CONSTRAINT" }``
2026-08-14 07:47:02,914 - WARNING - [The Hindu] Page explicit wait timed out (3s). Proceeding anyway.
2026-08-14 07:47:02,915 - INFO - [Economic Times] Early skip: URL https://economictimes.indiatimes.com/news/economy/policy/rbi-special-windows-seen-big-enough-to-bring-in-100b/articleshow/132813309.cms already exists.
2026-08-14 07:47:02,918 - INFO - [Economic Times] Early skip: URL https://economictimes.indiatimes.com/news/economy/foreign-trade/india-canada-aim-to-conclude-cepa-trade-pact-by-end-2026-mea/articleshow/132813105.cms already exists.
2026-08-14 07:47:02,919 - INFO - [Economic Times] Early skip: URL https://economictimes.indiatimes.com/news/economy/infrastructure/govts-urban-reset-centre-divides-ministry-of-housing-and-urban-affairs-into-two-specialised-verticals/articleshow/132812900.cms already exists.
2026-08-14 07:47:02,922 - INFO - [Economic Times] Article: https://economictimes.indiatimes.com/news/economy/foreign-trade/india-uk-ceta-takes-effect-first-zero-duty-indian-coffee-jewellery-consignments-reach-uk-shores/articleshow/132442764.cms
2026-08-14 07:47:02,922 - INFO - [Economic Times] Attempt 1/2: Trying with 'requests_browser' strategy...
2026-08-14 07:47:03,333 - INFO - [Economic Times] Success with 'requests_browser'. Found content (946 words).
2026-08-14 07:47:04,823 - INFO - [Times of India] Page content loaded.
2026-08-14 07:47:04,825 - INFO - [Wired] Article: https://www.wired.com/story/herman-miller-promo-code/
2026-08-14 07:47:04,825 - INFO - [Wired] Attempt 1/2: Trying with 'requests_browser' strategy...
2026-08-14 07:47:06,193 - ERROR - Error saving article India-UK CETA takes effect: First zero-duty Indian coffee, jewellery consignments reach UK shores - The Economic Times: Hrana: `stream error: `Error { message: "SQLite error: UNIQUE constraint failed: articles.url", code: "SQLITE_CONSTRAINT" }``
2026-08-14 07:47:06,213 - ERROR - parsed tree length: 1, wrong data type or not valid HTML
2026-08-14 07:47:06,214 - ERROR - empty HTML tree: None
2026-08-14 07:47:06,214 - WARNING - discarding data: None
2026-08-14 07:47:06,214 - WARNING - [Wired] FAILED with 'requests_browser' (content was too short: 0 words).
2026-08-14 07:47:06,752 - INFO - [Wired] Article: https://www.wired.com/story/herman-miller-promo-code/
2026-08-14 07:47:06,753 - INFO - [Wired] Attempt 2/2: Trying with 'selenium_browser' strategy...
2026-08-14 07:47:07,058 - INFO - [Times of India] Success with 'selenium_browser'. Found content (822 words).
2026-08-14 07:47:07,199 - INFO - [Economic Times] Article: https://economictimes.indiatimes.com/news/economy/foreign-trade/from-oman-to-tanzania-how-the-iran-war-is-redrawing-indias-trade-map/articleshow/131762760.cms
2026-08-14 07:47:07,199 - INFO - [Economic Times] Attempt 1/2: Trying with 'requests_browser' strategy...
2026-08-14 07:47:08,016 - INFO - [Economic Times] Success with 'requests_browser'. Found content (385 words).
2026-08-14 07:47:10,126 - ERROR - [The Hindu] Request failed for strategy 'selenium_browser' on URL https://www.thehindu.com/news/national/supreme-court-condemns-bar-council-nalsar-enrolment-freeze-circulars-withdrawal-cji-surya-kant/article71344255.ece: Message: timeout: Timed out receiving message from renderer: 7.000
  (Session info: chrome=152.0.7977.42)
Stacktrace:
#0 0x561dcc58d2ca <unknown>
#1 0x561dcbef0b39 <unknown>
#2 0x561dcbed85bb <unknown>
#3 0x561dcbed8236 <unknown>
#4 0x561dcbed5e18 <unknown>
#5 0x561dcbed679f <unknown>
#6 0x561dcbee5880 <unknown>
#7 0x561dcbeff7b7 <unknown>
#8 0x561dcbf0719b <unknown>
#9 0x561dcbed6ef9 <unknown>
#10 0x561dcbeff512 <unknown>
#11 0x561dcbf8eb26 <unknown>
#12 0x561dcbf39ecb <unknown>
#13 0x561dcbf3acb1 <unknown>
#14 0x561dcc5517f0 <unknown>
#15 0x561dcc54fe6a <unknown>
#16 0x561dcc53abb5 <unknown>
#17 0x561dcc550b2a <unknown>
#18 0x561dcc523df0 <unknown>
#19 0x561dcc578238 <unknown>
#20 0x561dcc5783d5 <unknown>
#21 0x561dcc58be53 <unknown>
#22 0x7fb02e69caa4 <unknown>
#23 0x7fb02e729c6c <unknown>

2026-08-14 07:47:10,126 - ERROR - [The Hindu] All scrape strategies failed for https://www.thehindu.com/news/national/supreme-court-condemns-bar-council-nalsar-enrolment-freeze-circulars-withdrawal-cji-surya-kant/article71344255.ece. Falling back to RSS description.
2026-08-14 07:47:10,126 - WARNING - SKIPPED (GLOBAL WORD LIMIT): Article '‘Who is the BCI to come between the students and me?’: CJI condemns NALSAR enrolment freeze circular' from The Hindu has only 29 words (Min: 90).
2026-08-14 07:47:11,285 - INFO - >>> SUCCESSFULLY SAVED [ID: 103857] - Thousands of tiny earthquakes went unnoticed beneath Alaska for <b></b>years, but scientists have now used them to trace the hidden edge of a tectonic plate<b></b> from Times of India (822 words)
2026-08-14 07:47:11,297 - INFO - [Wired] Page content loaded.
2026-08-14 07:47:13,066 - INFO - [Times of India] Article: https://timesofindia.indiatimes.com/world/us/quote-of-the-day-by-paul-walker-if-you-play-with-people-who-are-better-than-you-then-a-lesson-on-growth-humility-and-choosing-challenge-over-comfort/articleshow/133230790.cms
2026-08-14 07:47:13,066 - INFO - [Times of India] Attempt 1/1: Trying with 'selenium_browser' strategy...
2026-08-14 07:47:13,552 - INFO - [The Hindu] Article: https://www.thehindu.com/news/national/telangana/siddapur-village-says-no-to-hyderabads-waste-rises-in-protest/article71341868.ece
2026-08-14 07:47:13,554 - INFO - [The Hindu] Attempt 1/1: Trying with 'selenium_browser' strategy...
2026-08-14 07:47:14,426 - ERROR - Error saving article From Oman to Tanzania: How the Iran war is redrawing India’s trade map - The Economic Times: Hrana: `stream error: `Error { message: "SQLite error: UNIQUE constraint failed: articles.url", code: "SQLITE_CONSTRAINT" }``
2026-08-14 07:47:14,538 - INFO - [Wired] Success with 'selenium_browser'. Found content (669 words).
2026-08-14 07:47:16,422 - INFO - [Economic Times] Article: https://economictimes.indiatimes.com/news/economy/policy/fm-sitharaman-flags-global-crisis-spillovers-unfair-burden-on-developing-nations/articleshow/131668427.cms
2026-08-14 07:47:16,422 - INFO - [Economic Times] Attempt 1/2: Trying with 'requests_browser' strategy...
2026-08-14 07:47:17,313 - ERROR - Error saving article Herman Miller Promo Codes: 40% Off August 2026 | WIRED: Hrana: `stream error: `Error { message: "SQLite error: UNIQUE constraint failed: articles.url", code: "SQLITE_CONSTRAINT" }``
2026-08-14 07:47:17,375 - INFO - [Economic Times] Success with 'requests_browser'. Found content (317 words).
2026-08-14 07:47:17,804 - INFO - [Times of India] Page content loaded.
2026-08-14 07:47:19,700 - INFO - [Wired] Article: https://www.wired.com/story/factor-promo-code/
2026-08-14 07:47:19,700 - INFO - [Wired] Attempt 1/2: Trying with 'requests_browser' strategy...
2026-08-14 07:47:20,586 - ERROR - Error saving article FM Sitharaman flags global crisis spillovers, unfair burden on developing nations - The Economic Times: Hrana: `stream error: `Error { message: "SQLite error: UNIQUE constraint failed: articles.url", code: "SQLITE_CONSTRAINT" }``
2026-08-14 07:47:20,605 - ERROR - parsed tree length: 1, wrong data type or not valid HTML
2026-08-14 07:47:20,605 - ERROR - empty HTML tree: None
2026-08-14 07:47:20,605 - WARNING - discarding data: None
2026-08-14 07:47:20,606 - WARNING - [Wired] FAILED with 'requests_browser' (content was too short: 0 words).
2026-08-14 07:47:20,700 - INFO - [Times of India] Success with 'selenium_browser'. Found content (1225 words).
2026-08-14 07:47:22,139 - INFO - [Wired] Article: https://www.wired.com/story/factor-promo-code/
2026-08-14 07:47:22,139 - INFO - [Wired] Attempt 2/2: Trying with 'selenium_browser' strategy...
2026-08-14 07:47:22,140 - INFO - [Economic Times] Article: https://economictimes.indiatimes.com/tech/technology/apple-faces-indian-engineers-bias-lawsuit/articleshow/81694292.cms
2026-08-14 07:47:22,564 - INFO - [Economic Times] Attempt 1/2: Trying with 'requests_browser' strategy...
2026-08-14 07:47:23,668 - INFO - >>> SUCCESSFULLY SAVED [ID: 103861] - Quote of the day by Paul Walker: "If you play with people who are better than you, then…" - a lesson on growth, humility and choosing challenge over comfort from Times of India (1225 words)
2026-08-14 07:47:23,980 - ERROR - parsed tree length: 1, wrong data type or not valid HTML
2026-08-14 07:47:23,980 - ERROR - empty HTML tree: None
2026-08-14 07:47:23,981 - WARNING - discarding data: None
2026-08-14 07:47:23,981 - WARNING - [Economic Times] FAILED with 'requests_browser' (content was too short: 0 words).
2026-08-14 07:47:24,473 - INFO - [Times of India] Article: https://timesofindia.indiatimes.com/world/us/before-becoming-a-billionaire-investor-bill-ackmans-journey-began-with-a-14000-harvard-sales-job-and-a-book-linked-to-warren-buffett/articleshow/133230253.cms
2026-08-14 07:47:24,473 - INFO - [Times of India] Attempt 1/1: Trying with 'selenium_browser' strategy...
2026-08-14 07:47:24,975 - INFO - [Economic Times] Article: https://economictimes.indiatimes.com/tech/technology/apple-faces-indian-engineers-bias-lawsuit/articleshow/81694292.cms
2026-08-14 07:47:24,975 - INFO - [Economic Times] Attempt 2/2: Trying with 'selenium_browser' strategy...
2026-08-14 07:47:25,475 - INFO - [Wired] Page content loaded.
2026-08-14 07:47:26,423 - INFO - [Wired] Success with 'selenium_browser'. Found content (713 words).
2026-08-14 07:47:29,690 - ERROR - Error saving article Factor Promo Code: 50% Off Off Meal Prep | WIRED: Hrana: `stream error: `Error { message: "SQLite error: UNIQUE constraint failed: articles.url", code: "SQLITE_CONSTRAINT" }``
2026-08-14 07:47:30,319 - INFO - [Economic Times] Page content loaded.
2026-08-14 07:47:30,711 - WARNING - [The Hindu] Page get timed out (7s). Proceeding to grab partial source anyway.
2026-08-14 07:47:30,775 - INFO - [Economic Times] Success with 'selenium_browser'. Found content (743 words).
2026-08-14 07:47:32,567 - INFO - [Wired] Article: https://www.wired.com/story/braun-promo-code/
2026-08-14 07:47:32,568 - INFO - [Wired] Attempt 1/2: Trying with 'requests_browser' strategy...
2026-08-14 07:47:33,040 - INFO - [Times of India] Page content loaded.
2026-08-14 07:47:33,933 - ERROR - Error saving article Apple faces Indian engineer’s bias lawsuit - The Economic Times: Hrana: `stream error: `Error { message: "SQLite error: UNIQUE constraint failed: articles.url", code: "SQLITE_CONSTRAINT" }``
2026-08-14 07:47:34,113 - ERROR - parsed tree length: 1, wrong data type or not valid HTML
2026-08-14 07:47:34,113 - ERROR - empty HTML tree: None
2026-08-14 07:47:34,113 - WARNING - discarding data: None
2026-08-14 07:47:34,113 - WARNING - [Wired] FAILED with 'requests_browser' (content was too short: 0 words).
2026-08-14 07:47:34,595 - INFO - [Times of India] Success with 'selenium_browser'. Found content (1146 words).
2026-08-14 07:47:36,107 - INFO - [Economic Times] Article: https://economictimes.indiatimes.com/news/defence/despite-transatlantic-love-fest-eu-charts-third-way-in-ties-with-us-and-china/articleshow/81467467.cms
2026-08-14 07:47:36,107 - INFO - [Wired] Article: https://www.wired.com/story/braun-promo-code/
2026-08-14 07:47:36,542 - INFO - [Economic Times] Attempt 1/2: Trying with 'requests_browser' strategy...
2026-08-14 07:47:36,542 - INFO - [Wired] Attempt 2/2: Trying with 'selenium_browser' strategy...
2026-08-14 07:47:37,774 - INFO - >>> SUCCESSFULLY SAVED [ID: 103864] - Before becoming a billionaire investor, Bill Ackman’s journey began with a $14,000 Harvard sales job and a book linked to Warren Buffett from Times of India (1146 words)
2026-08-14 07:47:37,774 - WARNING - [The Hindu] Page explicit wait timed out (3s). Proceeding anyway.
2026-08-14 07:47:38,218 - INFO - [Economic Times] Success with 'requests_browser'. Found content (799 words).
2026-08-14 07:47:39,790 - INFO - [Times of India] Article: https://timesofindia.indiatimes.com/science/german-startup-voodin-replaced-fibreglass-with-laminated-veneer-lumber-in-19-3-metre-turbine-blades-its-new-eu-backed-factory-targets-fully-recyclable-blades-at-commercial-scale/articleshow/133229906.cms
2026-08-14 07:47:39,790 - INFO - [Times of India] Attempt 1/1: Trying with 'selenium_browser' strategy...
2026-08-14 07:47:41,142 - ERROR - Error saving article Despite transatlantic 'love fest', EU charts third way in ties with US and China - The Economic Times: Hrana: `stream error: `Error { message: "SQLite error: UNIQUE constraint failed: articles.url", code: "SQLITE_CONSTRAINT" }``
2026-08-14 07:47:41,152 - INFO - [Wired] Page content loaded.
2026-08-14 07:47:41,548 - INFO - [Wired] Success with 'selenium_browser'. Found content (436 words).
2026-08-14 07:47:42,997 - INFO - [Economic Times] Article: https://economictimes.indiatimes.com/tech/tech-bytes/twitters-india-policy-head-to-step-down-will-transition-in-march/articleshow/80732868.cms
2026-08-14 07:47:42,997 - INFO - [Economic Times] Attempt 1/2: Trying with 'requests_browser' strategy...
2026-08-14 07:47:44,373 - INFO - [Times of India] Page content loaded.
2026-08-14 07:47:44,373 - ERROR - Error saving article Braun Promo Codes: 15% Off August | WIRED: Hrana: `stream error: `Error { message: "SQLite error: UNIQUE constraint failed: articles.url", code: "SQLITE_CONSTRAINT" }``
2026-08-14 07:47:44,384 - ERROR - parsed tree length: 1, wrong data type or not valid HTML
2026-08-14 07:47:44,384 - ERROR - empty HTML tree: None
2026-08-14 07:47:44,385 - WARNING - discarding data: None
2026-08-14 07:47:44,385 - WARNING - [Economic Times] FAILED with 'requests_browser' (content was too short: 0 words).
2026-08-14 07:47:44,790 - ERROR - [The Hindu] Request failed for strategy 'selenium_browser' on URL https://www.thehindu.com/news/national/telangana/siddapur-village-says-no-to-hyderabads-waste-rises-in-protest/article71341868.ece: Message: timeout: Timed out receiving message from renderer: 7.000
  (Session info: chrome=152.0.7977.42)
Stacktrace:
#0 0x561dcc58d2ca <unknown>
#1 0x561dcbef0b39 <unknown>
#2 0x561dcbed85bb <unknown>
#3 0x561dcbed8236 <unknown>
#4 0x561dcbed5e18 <unknown>
#5 0x561dcbed679f <unknown>
#6 0x561dcbee5880 <unknown>
#7 0x561dcbeff7b7 <unknown>
#8 0x561dcbf0719b <unknown>
#9 0x561dcbed6ef9 <unknown>
#10 0x561dcbeff512 <unknown>
#11 0x561dcbf8eb26 <unknown>
#12 0x561dcbf39ecb <unknown>
#13 0x561dcbf3acb1 <unknown>
#14 0x561dcc5517f0 <unknown>
#15 0x561dcc54fe6a <unknown>
#16 0x561dcc53abb5 <unknown>
#17 0x561dcc550b2a <unknown>
#18 0x561dcc523df0 <unknown>
#19 0x561dcc578238 <unknown>
#20 0x561dcc5783d5 <unknown>
#21 0x561dcc58be53 <unknown>
#22 0x7fb02e69caa4 <unknown>
#23 0x7fb02e729c6c <unknown>

2026-08-14 07:47:44,790 - ERROR - [The Hindu] All scrape strategies failed for https://www.thehindu.com/news/national/telangana/siddapur-village-says-no-to-hyderabads-waste-rises-in-protest/article71341868.ece. Falling back to RSS description.
2026-08-14 07:47:44,790 - WARNING - SKIPPED (GLOBAL WORD LIMIT): Article 'Siddapur village says no to Hyderabad’s waste, rises in protest' from The Hindu has only 16 words (Min: 90).
2026-08-14 07:47:44,842 - INFO - [Times of India] Success with 'selenium_browser'. Found content (751 words).
2026-08-14 07:47:46,384 - INFO - [The Hindu] Article: https://www.thehindu.com/news/national/tamil-nadu/dmk-moving-from-covert-to-direct-alliance-with-bjp-alleges-minister-nirmalkumar/article71344299.ece
2026-08-14 07:47:46,385 - INFO - [The Hindu] Attempt 1/1: Trying with 'selenium_browser' strategy...
2026-08-14 07:47:46,385 - INFO - [Economic Times] Article: https://economictimes.indiatimes.com/tech/tech-bytes/twitters-india-policy-head-to-step-down-will-transition-in-march/articleshow/80732868.cms
2026-08-14 07:47:46,386 - INFO - [Economic Times] Attempt 2/2: Trying with 'selenium_browser' strategy...
2026-08-14 07:47:46,385 - INFO - [Wired] Article: https://www.wired.com/story/alo-yoga-discount-code/
2026-08-14 07:47:46,387 - INFO - [Wired] Attempt 1/2: Trying with 'requests_browser' strategy...
2026-08-14 07:47:47,962 - INFO - >>> SUCCESSFULLY SAVED [ID: 103867] - German startup Voodin replaced fibreglass with laminated veneer lumber in 19.3-metre turbine blades; its new EU-backed factory targets fully recyclable blades at commercial scale from Times of India (751 words)
2026-08-14 07:47:47,987 - ERROR - parsed tree length: 1, wrong data type or not valid HTML
2026-08-14 07:47:47,988 - ERROR - empty HTML tree: None
2026-08-14 07:47:47,988 - WARNING - discarding data: None
2026-08-14 07:47:47,988 - WARNING - [Wired] FAILED with 'requests_browser' (content was too short: 0 words).
2026-08-14 07:47:48,570 - INFO - [Economic Times] Page content loaded.
2026-08-14 07:47:48,679 - INFO - [Times of India] Article: https://timesofindia.indiatimes.com/world/us/colorado-mom-gets-her-son-arrested-by-police-after-he-refuses-to-take-a-first-day-of-school-photo-with-officer-handcuffing-him-in-hilarious-prank/articleshow/133230154.cms
2026-08-14 07:47:48,680 - INFO - [Times of India] Attempt 1/1: Trying with 'selenium_browser' strategy...
2026-08-14 07:47:48,781 - INFO - [Wired] Article: https://www.wired.com/story/alo-yoga-discount-code/
2026-08-14 07:47:48,781 - INFO - [Wired] Attempt 2/2: Trying with 'selenium_browser' strategy...
2026-08-14 07:47:48,808 - INFO - [Economic Times] Success with 'selenium_browser'. Found content (615 words).
2026-08-14 07:47:52,001 - ERROR - Error saving article Twitter's India policy head, Mahima Kaul, to step down; will transition in March - The Economic Times: Hrana: `stream error: `Error { message: "SQLite error: UNIQUE constraint failed: articles.url", code: "SQLITE_CONSTRAINT" }``
2026-08-14 07:47:52,151 - INFO - [Wired] Page content loaded.
2026-08-14 07:47:53,147 - INFO - [Wired] Success with 'selenium_browser'. Found content (924 words).
2026-08-14 07:47:54,743 - INFO - [Economic Times] Article: https://economictimes.indiatimes.com/tech/tech-and-gadgets/govt-may-keep-rs-7500-cr-outlay-for-it-hardware-manufacturing-under-pli-scheme/articleshow/80333429.cms
2026-08-14 07:47:54,746 - INFO - [Economic Times] Attempt 1/2: Trying with 'requests_browser' strategy...
2026-08-14 07:47:56,248 - ERROR - Error saving article Alo Discount Code: 20% Off August 2026 | WIRED: Hrana: `stream error: `Error { message: "SQLite error: UNIQUE constraint failed: articles.url", code: "SQLITE_CONSTRAINT" }``
2026-08-14 07:47:56,255 - ERROR - parsed tree length: 1, wrong data type or not valid HTML
2026-08-14 07:47:56,255 - ERROR - empty HTML tree: None
2026-08-14 07:47:56,255 - WARNING - discarding data: None
2026-08-14 07:47:56,255 - WARNING - [Economic Times] FAILED with 'requests_browser' (content was too short: 0 words).
2026-08-14 07:47:56,304 - INFO - [Times of India] Page content loaded.
2026-08-14 07:47:56,668 - INFO - [Times of India] Success with 'selenium_browser'. Found content (544 words).
2026-08-14 07:47:58,396 - INFO - [Economic Times] Article: https://economictimes.indiatimes.com/tech/tech-and-gadgets/govt-may-keep-rs-7500-cr-outlay-for-it-hardware-manufacturing-under-pli-scheme/articleshow/80333429.cms
2026-08-14 07:47:58,397 - INFO - [Wired] Article: https://www.wired.com/story/jabra-promo-codes-coupons/
2026-08-14 07:47:58,828 - INFO - [Economic Times] Attempt 2/2: Trying with 'selenium_browser' strategy...
2026-08-14 07:47:58,828 - INFO - [Wired] Attempt 1/2: Trying with 'requests_browser' strategy...
2026-08-14 07:48:00,082 - INFO - >>> SUCCESSFULLY SAVED [ID: 103870] - Colorado mom gets her son ‘arrested’ by police after he refuses to take a first-day-of-school photo, with officer handcuffing him in hilarious prank from Times of India (544 words)
2026-08-14 07:48:00,190 - ERROR - parsed tree length: 1, wrong data type or not valid HTML
2026-08-14 07:48:00,191 - ERROR - empty HTML tree: None
2026-08-14 07:48:00,191 - WARNING - discarding data: None
2026-08-14 07:48:00,191 - WARNING - [Wired] FAILED with 'requests_browser' (content was too short: 0 words).
2026-08-14 07:48:00,849 - INFO - [Wired] Article: https://www.wired.com/story/jabra-promo-codes-coupons/
2026-08-14 07:48:00,849 - INFO - [Wired] Attempt 2/2: Trying with 'selenium_browser' strategy...
2026-08-14 07:48:00,915 - INFO - [Times of India] Early skip: URL https://timesofindia.indiatimes.com/world/us/in-2012-conservationists-began-working-to-remove-an-obsolete-massachusetts-dam-14-years-later-demolition-started-to-reconnect-7-miles-of-stream-and-restore-6-acres-of-wetland/articleshow/133216344.cms already exists.
2026-08-14 07:48:00,916 - INFO - [Times of India] Early skip: URL https://timesofindia.indiatimes.com/life-style/people/six-generations-have-vacationed-at-new-hampshires-lake-winnipesaukee-one-family-still-spends-thousands-each-summer-to-keep-the-tradition-alive/articleshow/133157996.cms already exists.
2026-08-14 07:48:00,919 - INFO - [Times of India] Early skip: URL https://timesofindia.indiatimes.com/world/us-streamers/candace-owens-says-she-feels-charlie-kirk-is-fighting-alongside-her-as-she-opens-up-about-his-assassination/articleshow/133226534.cms already exists.
2026-08-14 07:48:00,922 - INFO - [Times of India] Early skip: URL https://timesofindia.indiatimes.com/world/us-streamers/twitch-faces-furious-streamer-backlash-as-amazon-ai-training-opt-out-appears-enabled-by-default/articleshow/133226553.cms already exists.
2026-08-14 07:48:00,923 - INFO - [Times of India] Early skip: URL https://timesofindia.indiatimes.com/world/us-streamers/claviculars-old-graduation-video-sparks-massive-reaction-as-fans-discover-the-streamers-life-before-fame/articleshow/133226558.cms already exists.
2026-08-14 07:48:00,925 - INFO - [Times of India] Early skip: URL https://timesofindia.indiatimes.com/world/us-streamers/who-was-jiang-xiaorou-the-haunting-story-of-the-chinese-tiktoker-whose-death-brought-her-most-controversial-video-back/articleshow/133226573.cms already exists.
2026-08-14 07:48:00,926 - INFO - [Times of India] Early skip: URL https://timesofindia.indiatimes.com/world/europe/quote-of-the-day-by-karl-popper-those-who-promise-us-paradise-on-earth-never-produced-anything-but-a-hell-and-the-deadly-psychological-flaw-behind-every-political-utopia/articleshow/133223683.cms already exists.
2026-08-14 07:48:00,930 - INFO - [Times of India] Early skip: URL https://timesofindia.indiatimes.com/world/europe/quote-of-the-day-by-zeno-we-have-two-ears-and-one-mouth-so-we-should-listen-more-than-we-say-and-why-2300-years-of-human-evolution-still-havent-fixed-our-obsession-with-talking/articleshow/133220714.cms already exists.
2026-08-14 07:48:00,932 - INFO - [Times of India] Early skip: URL https://timesofindia.indiatimes.com/world/us/quote-of-the-day-by-ct-fletcher-everything-is-impossible-until-someone-crazy-enough-comes-along-and-a-lesson-in-persistence-and-unconventional-thinking/articleshow/133220879.cms already exists.
2026-08-14 07:48:00,934 - INFO - [Times of India] Early skip: URL https://timesofindia.indiatimes.com/world/us/in-1962-new-jersey-took-a-familys-seaside-property-through-eminent-domain-for-a-new-park-they-challenged-the-price-and-were-awarded-350000/articleshow/133220258.cms already exists.
2026-08-14 07:48:00,938 - INFO - [Times of India] (Thread) Finished. Attempting to shut down its Selenium driver.
2026-08-14 07:48:01,299 - INFO - [Times of India] (Thread) driver.quit() successful.
2026-08-14 07:48:01,762 - WARNING - [The Hindu] Page get timed out (7s). Proceeding to grab partial source anyway.
2026-08-14 07:48:02,667 - INFO - [Economic Times] Page content loaded.
2026-08-14 07:48:03,010 - INFO - [Wired] Page content loaded.
2026-08-14 07:48:03,092 - INFO - [Economic Times] Success with 'selenium_browser'. Found content (481 words).
2026-08-14 07:48:06,079 - ERROR - Error saving article Govt may keep Rs 7,500 cr outlay for IT hardware manufacturing under PLI scheme - The Economic Times: Hrana: `stream error: `Error { message: "SQLite error: UNIQUE constraint failed: articles.url", code: "SQLITE_CONSTRAINT" }``
2026-08-14 07:48:06,142 - INFO - [Wired] Success with 'selenium_browser'. Found content (702 words).
2026-08-14 07:48:07,559 - INFO - [Economic Times] Article: https://economictimes.indiatimes.com/tech/technology/indian-dating-apps-services-see-surge-of-paying-users-in-small-cities/articleshow/80063342.cms
2026-08-14 07:48:07,992 - INFO - [Economic Times] Attempt 1/2: Trying with 'requests_browser' strategy...
2026-08-14 07:48:08,977 - WARNING - [The Hindu] Page explicit wait timed out (3s). Proceeding anyway.
2026-08-14 07:48:08,979 - ERROR - Error saving article Jabra Promo Codes: 30% Off Headphones, Headsets & More | WIRED: Hrana: `stream error: `Error { message: "SQLite error: UNIQUE constraint failed: articles.url", code: "SQLITE_CONSTRAINT" }``
2026-08-14 07:48:09,320 - ERROR - parsed tree length: 1, wrong data type or not valid HTML
2026-08-14 07:48:09,320 - ERROR - empty HTML tree: None
2026-08-14 07:48:09,320 - WARNING - discarding data: None
2026-08-14 07:48:09,320 - WARNING - [Economic Times] FAILED with 'requests_browser' (content was too short: 0 words).
2026-08-14 07:48:09,681 - INFO - [Wired] Article: https://www.wired.com/story/shark-promo-code/
2026-08-14 07:48:09,681 - INFO - [Wired] Attempt 1/2: Trying with 'requests_browser' strategy...
2026-08-14 07:48:09,793 - ERROR - parsed tree length: 1, wrong data type or not valid HTML
2026-08-14 07:48:09,793 - ERROR - empty HTML tree: None
2026-08-14 07:48:09,793 - WARNING - discarding data: None
2026-08-14 07:48:09,793 - WARNING - [Wired] FAILED with 'requests_browser' (content was too short: 0 words).
2026-08-14 07:48:10,248 - INFO - [Economic Times] Article: https://economictimes.indiatimes.com/tech/technology/indian-dating-apps-services-see-surge-of-paying-users-in-small-cities/articleshow/80063342.cms
2026-08-14 07:48:10,248 - INFO - [Economic Times] Attempt 2/2: Trying with 'selenium_browser' strategy...
2026-08-14 07:48:10,420 - INFO - [Wired] Article: https://www.wired.com/story/shark-promo-code/
2026-08-14 07:48:10,420 - INFO - [Wired] Attempt 2/2: Trying with 'selenium_browser' strategy...
2026-08-14 07:48:11,953 - INFO - [Economic Times] Page content loaded.
2026-08-14 07:48:12,166 - WARNING - [Economic Times] FAILED with 'selenium_browser' (content was too short: 84 words).
2026-08-14 07:48:12,166 - ERROR - [Economic Times] All scrape strategies failed for https://economictimes.indiatimes.com/tech/technology/indian-dating-apps-services-see-surge-of-paying-users-in-small-cities/articleshow/80063342.cms. Falling back to RSS description.
2026-08-14 07:48:12,166 - WARNING - SKIPPED (GLOBAL WORD LIMIT): Article 'Indian dating apps, services see surge of paying users in small cities ' from Economic Times has only 54 words (Min: 90).
2026-08-14 07:48:12,758 - INFO - [Wired] Page content loaded.
2026-08-14 07:48:13,293 - INFO - [Economic Times] Article: https://economictimes.indiatimes.com/tech/technology/time-for-govt-cos-to-adopt-ai-deloitte-india/articleshow/79981215.cms
2026-08-14 07:48:13,293 - INFO - [Economic Times] Attempt 1/2: Trying with 'requests_browser' strategy...
2026-08-14 07:48:13,383 - INFO - [Wired] Success with 'selenium_browser'. Found content (1092 words).
2026-08-14 07:48:13,649 - ERROR - parsed tree length: 1, wrong data type or not valid HTML
2026-08-14 07:48:13,653 - ERROR - empty HTML tree: None
2026-08-14 07:48:13,653 - WARNING - discarding data: None
2026-08-14 07:48:13,653 - WARNING - [Economic Times] FAILED with 'requests_browser' (content was too short: 0 words).
2026-08-14 07:48:15,106 - INFO - [Economic Times] Article: https://economictimes.indiatimes.com/tech/technology/time-for-govt-cos-to-adopt-ai-deloitte-india/articleshow/79981215.cms
2026-08-14 07:48:15,574 - INFO - [Economic Times] Attempt 2/2: Trying with 'selenium_browser' strategy...
2026-08-14 07:48:16,553 - ERROR - [The Hindu] Request failed for strategy 'selenium_browser' on URL https://www.thehindu.com/news/national/tamil-nadu/dmk-moving-from-covert-to-direct-alliance-with-bjp-alleges-minister-nirmalkumar/article71344299.ece: Message: timeout: Timed out receiving message from renderer: 7.000
  (Session info: chrome=152.0.7977.42)
Stacktrace:
#0 0x561dcc58d2ca <unknown>
#1 0x561dcbef0b39 <unknown>
#2 0x561dcbed85bb <unknown>
#3 0x561dcbed8236 <unknown>
#4 0x561dcbed5e18 <unknown>
#5 0x561dcbed679f <unknown>
#6 0x561dcbee5880 <unknown>
#7 0x561dcbeff7b7 <unknown>
#8 0x561dcbf0719b <unknown>
#9 0x561dcbed6ef9 <unknown>
#10 0x561dcbeff512 <unknown>
#11 0x561dcbf8eb26 <unknown>
#12 0x561dcbf39ecb <unknown>
#13 0x561dcbf3acb1 <unknown>
#14 0x561dcc5517f0 <unknown>
#15 0x561dcc54fe6a <unknown>
#16 0x561dcc53abb5 <unknown>
#17 0x561dcc550b2a <unknown>
#18 0x561dcc523df0 <unknown>
#19 0x561dcc578238 <unknown>
#20 0x561dcc5783d5 <unknown>
#21 0x561dcc58be53 <unknown>
#22 0x7fb02e69caa4 <unknown>
#23 0x7fb02e729c6c <unknown>

2026-08-14 07:48:16,553 - ERROR - Error saving article Shark Promo Codes for August 2026 | WIRED: Hrana: `stream error: `Error { message: "SQLite error: UNIQUE constraint failed: articles.url", code: "SQLITE_CONSTRAINT" }``
2026-08-14 07:48:16,554 - ERROR - [The Hindu] All scrape strategies failed for https://www.thehindu.com/news/national/tamil-nadu/dmk-moving-from-covert-to-direct-alliance-with-bjp-alleges-minister-nirmalkumar/article71344299.ece. Falling back to RSS description.
2026-08-14 07:48:16,554 - WARNING - SKIPPED (GLOBAL WORD LIMIT): Article 'DMK moving from ‘covert to direct alliance’ with BJP, alleges Minister Nirmalkumar' from The Hindu has only 33 words (Min: 90).
2026-08-14 07:48:17,057 - INFO - [Economic Times] Page content loaded.
2026-08-14 07:48:17,240 - WARNING - [Economic Times] FAILED with 'selenium_browser' (content was too short: 74 words).
2026-08-14 07:48:17,240 - ERROR - [Economic Times] All scrape strategies failed for https://economictimes.indiatimes.com/tech/technology/time-for-govt-cos-to-adopt-ai-deloitte-india/articleshow/79981215.cms. Falling back to RSS description.
2026-08-14 07:48:17,240 - WARNING - SKIPPED (GLOBAL WORD LIMIT): Article 'Time for government, companies to adopt artificial intelligence: Deloitte India ' from Economic Times has only 49 words (Min: 90).
2026-08-14 07:48:17,297 - INFO - [The Hindu] Article: https://www.thehindu.com/news/national/assam/human-factors-worsened-deadly-assam-floods-says-global-collaborative-study/article71344435.ece
2026-08-14 07:48:17,297 - INFO - [The Hindu] Attempt 1/1: Trying with 'selenium_browser' strategy...
2026-08-14 07:48:17,798 - INFO - [Wired] Early skip: URL https://www.wired.com/story/best-photos-august-solar-eclipse-spain/ already exists.
2026-08-14 07:48:17,799 - INFO - [Wired] Early skip: URL https://www.wired.com/story/the-white-house-is-going-to-expand-its-ai-policy/ already exists.
2026-08-14 07:48:17,802 - INFO - [Wired] Early skip: URL https://www.wired.com/story/lettuce-grow-20-percent-off-2026/ already exists.
2026-08-14 07:48:17,803 - INFO - [Wired] Early skip: URL https://www.wired.com/story/the-gender-war-over-obsession-has-come-for-theme-parks/ already exists.
2026-08-14 07:48:17,804 - INFO - [Wired] Early skip: URL https://www.wired.com/story/rogue-ai-is-just-misunderstood/ already exists.
2026-08-14 07:48:17,806 - INFO - [Wired] Early skip: URL https://www.wired.com/story/googles-pixel-watch-5-can-now-detect-breathing-emergencies/ already exists.
2026-08-14 07:48:17,807 - INFO - [Wired] Early skip: URL https://www.wired.com/story/pixel-11-pixel-watch-5-pixel-tag-everything-google-announced-at-its-made-by-google-2026-event/ already exists.
2026-08-14 07:48:17,808 - INFO - [Wired] Early skip: URL https://www.wired.com/story/new-camera-tricks-on-google-latest-pixel-11-smartphones/ already exists.
2026-08-14 07:48:17,810 - INFO - [Wired] Early skip: URL https://www.wired.com/story/honor-robot-phone/ already exists.
2026-08-14 07:48:17,811 - INFO - [Wired] Early skip: URL https://www.wired.com/story/this-coin-sized-device-can-hack-a-boeing-737/ already exists.
2026-08-14 07:48:17,813 - INFO - [Wired] Early skip: URL https://www.wired.com/story/how-to-choose-the-right-office-chair/ already exists.
2026-08-14 07:48:17,814 - INFO - [Wired] Early skip: URL https://www.wired.com/review/ego-1300-electric-lawn-mower/ already exists.
2026-08-14 07:48:17,815 - INFO - [Wired] Early skip: URL https://www.wired.com/story/linkedin-grindset-tattoo-guy-explains-himself/ already exists.
2026-08-14 07:48:17,817 - INFO - [Wired] Early skip: URL https://www.wired.com/gallery/best-action-cameras/ already exists.
2026-08-14 07:48:17,818 - INFO - [Wired] Early skip: URL https://www.wired.com/story/ai-newsrooms-are-breaking-news-now-haha-im-in-danger/ already exists.
2026-08-14 07:48:17,819 - INFO - [Wired] Early skip: URL https://www.wired.com/story/mcdonalds-built-a-515-page-dossier-on-me-it-says-ill-never-leave/ already exists.
2026-08-14 07:48:17,820 - INFO - [Wired] Early skip: URL https://www.wired.com/story/book-excerpt-the-vanishing-earth-james-crawford-brain-mining/ already exists.
2026-08-14 07:48:17,821 - INFO - [Wired] Early skip: URL https://www.wired.com/story/femas-shadow-administrator-was-paid-by-a-doge-members-startup-for-months/ already exists.
2026-08-14 07:48:17,823 - INFO - [Wired] Early skip: URL https://www.wired.com/story/the-worst-ive-ever-seen-cargo-thieves-are-turning-violent-in-pursuit-of-ai-hardware/ already exists.
2026-08-14 07:48:17,824 - INFO - [Wired] (Thread) Finished. Attempting to shut down its Selenium driver.
2026-08-14 07:48:17,904 - INFO - [Wired] (Thread) driver.quit() successful.
2026-08-14 07:48:17,971 - INFO - [Economic Times] Article: https://economictimes.indiatimes.com/news/international/world-news/trump-announces-a-deal-for-hamas-to-disarm-in-gaza-but-many-hurdles-and-uncertainty-remain/articleshow/132753009.cms
2026-08-14 07:48:17,971 - INFO - [Economic Times] Attempt 1/2: Trying with 'requests_browser' strategy...
2026-08-14 07:48:18,324 - INFO - [Economic Times] Success with 'requests_browser'. Found content (1285 words).
2026-08-14 07:48:21,167 - ERROR - Error saving article Trump announces a deal for Hamas to disarm in Gaza, but many hurdles and uncertainty remain - The Economic Times: Hrana: `stream error: `Error { message: "SQLite error: UNIQUE constraint failed: articles.url", code: "SQLITE_CONSTRAINT" }``
2026-08-14 07:48:22,527 - INFO - [Economic Times] Article: https://economictimes.indiatimes.com/news/new-updates/in-1943-us-built-an-entire-city-and-it-didnt-exist-on-a-single-map/articleshow/132659427.cms
2026-08-14 07:48:22,528 - INFO - [Economic Times] Attempt 1/2: Trying with 'requests_browser' strategy...
2026-08-14 07:48:22,861 - INFO - [Economic Times] Success with 'requests_browser'. Found content (688 words).
2026-08-14 07:48:26,095 - ERROR - Error saving article In 1943, US built an entire city, and it didn't exist on a single map - The Economic Times: Hrana: `stream error: `Error { message: "SQLite error: UNIQUE constraint failed: articles.url", code: "SQLITE_CONSTRAINT" }``
2026-08-14 07:48:27,298 - INFO - [Economic Times] Article: https://economictimes.indiatimes.com/news/new-updates/humans-have-a-third-eye-in-the-brain-study-links-it-to-a-600-million-year-old-cyclops-ancestor/articleshow/132655441.cms
2026-08-14 07:48:27,298 - INFO - [Economic Times] Attempt 1/2: Trying with 'requests_browser' strategy...
2026-08-14 07:48:27,661 - INFO - [Economic Times] Success with 'requests_browser'. Found content (593 words).
2026-08-14 07:48:30,597 - ERROR - Error saving article Humans have a 'third eye' in the brain: Study links it to a 600-million-year-old Cyclops ancestor - The Economic Times: Hrana: `stream error: `Error { message: "SQLite error: UNIQUE constraint failed: articles.url", code: "SQLITE_CONSTRAINT" }``
2026-08-14 07:48:31,098 - INFO - [Economic Times] Article: https://economictimes.indiatimes.com/news/new-updates/1500-ships-trapped-in-gulf-of-hormuz-is-quietly-multiplying-an-underwater-army-that-could-unleash-worlds-biggest-bioinvasion-event/articleshow/132595366.cms
2026-08-14 07:48:31,098 - INFO - [Economic Times] Attempt 1/2: Trying with 'requests_browser' strategy...
2026-08-14 07:48:31,414 - INFO - [Economic Times] Success with 'requests_browser'. Found content (687 words).
2026-08-14 07:48:33,507 - WARNING - [The Hindu] Page get timed out (7s). Proceeding to grab partial source anyway.
2026-08-14 07:48:34,438 - ERROR - Error saving article 1,500 ships trapped in Gulf of Hormuz are quietly multiplying an underwater army that could unleash World's biggest bioinvasion event - The Economic Times: Hrana: `stream error: `Error { message: "SQLite error: UNIQUE constraint failed: articles.url", code: "SQLITE_CONSTRAINT" }``
2026-08-14 07:48:35,635 - INFO - [Economic Times] Article: https://economictimes.indiatimes.com/news/new-updates/argentina-vs-spain-fifa-world-cup-final-to-be-replayed-petition-for-a-rematch-crosses-60000-signatures/articleshow/132576024.cms
2026-08-14 07:48:35,635 - INFO - [Economic Times] Attempt 1/2: Trying with 'requests_browser' strategy...
2026-08-14 07:48:36,051 - INFO - [Economic Times] Success with 'requests_browser'. Found content (228 words).
2026-08-14 07:48:38,905 - ERROR - Error saving article Argentina vs Spain FIFA World Cup Final to be replayed? Petition for a rematch crosses 60,000 signatures - The Economic Times: Hrana: `stream error: `Error { message: "SQLite error: UNIQUE constraint failed: articles.url", code: "SQLITE_CONSTRAINT" }``
2026-08-14 07:48:39,917 - INFO - [Economic Times] Article: https://economictimes.indiatimes.com/news/new-updates/he-baked-potato-in-aluminium-foil-and-ate-it-next-morning-after-microwaving-it-hours-later-he-was-paralysed-doctor-explains-why/articleshow/132574269.cms
2026-08-14 07:48:39,917 - INFO - [Economic Times] Attempt 1/2: Trying with 'requests_browser' strategy...
2026-08-14 07:48:40,237 - INFO - [Economic Times] Success with 'requests_browser'. Found content (558 words).
2026-08-14 07:48:42,111 - WARNING - [The Hindu] Page explicit wait timed out (3s). Proceeding anyway.
2026-08-14 07:48:43,014 - ERROR - Error saving article He baked potato in aluminium foil, and ate it next morning after microwaving. Hours later, he was paralysed, doctor explains why - The Economic Times: Hrana: `stream error: `Error { message: "SQLite error: UNIQUE constraint failed: articles.url", code: "SQLITE_CONSTRAINT" }``
2026-08-14 07:48:43,615 - INFO - [Economic Times] Article: https://economictimes.indiatimes.com/news/elections/assembly-elections/assam/done-deal-cm-himanta-biswa-sarma-on-nda-seat-sharing-for-assam-polls/articleshow/128678098.cms
2026-08-14 07:48:43,615 - INFO - [Economic Times] Attempt 1/2: Trying with 'requests_browser' strategy...
2026-08-14 07:48:43,933 - INFO - [Economic Times] Success with 'requests_browser'. Found content (518 words).
2026-08-14 07:48:46,656 - ERROR - Error saving article 'Done deal': CM Himanta Biswa Sarma on NDA seat-sharing for Assam polls - The Economic Times: Hrana: `stream error: `Error { message: "SQLite error: UNIQUE constraint failed: articles.url", code: "SQLITE_CONSTRAINT" }``
2026-08-14 07:48:47,450 - INFO - [Economic Times] Article: https://economictimes.indiatimes.com/news/elections/assembly-elections/bihar/rare-intensive-revision-in-bihar-four-months-before-polls/articleshow/122167501.cms
2026-08-14 07:48:47,450 - INFO - [Economic Times] Attempt 1/2: Trying with 'requests_browser' strategy...
2026-08-14 07:48:47,764 - INFO - [Economic Times] Success with 'requests_browser'. Found content (864 words).
2026-08-14 07:48:49,407 - ERROR - [The Hindu] Request failed for strategy 'selenium_browser' on URL https://www.thehindu.com/news/national/assam/human-factors-worsened-deadly-assam-floods-says-global-collaborative-study/article71344435.ece: Message: timeout: Timed out receiving message from renderer: 7.000
  (Session info: chrome=152.0.7977.42)
Stacktrace:
#0 0x561dcc58d2ca <unknown>
#1 0x561dcbef0b39 <unknown>
#2 0x561dcbed85bb <unknown>
#3 0x561dcbed8236 <unknown>
#4 0x561dcbed5e18 <unknown>
#5 0x561dcbed679f <unknown>
#6 0x561dcbee5880 <unknown>
#7 0x561dcbeff7b7 <unknown>
#8 0x561dcbf0719b <unknown>
#9 0x561dcbed6ef9 <unknown>
#10 0x561dcbeff512 <unknown>
#11 0x561dcbf8eb26 <unknown>
#12 0x561dcbf39ecb <unknown>
#13 0x561dcbf3acb1 <unknown>
#14 0x561dcc5517f0 <unknown>
#15 0x561dcc54fe6a <unknown>
#16 0x561dcc53abb5 <unknown>
#17 0x561dcc550b2a <unknown>
#18 0x561dcc523df0 <unknown>
#19 0x561dcc578238 <unknown>
#20 0x561dcc5783d5 <unknown>
#21 0x561dcc58be53 <unknown>
#22 0x7fb02e69caa4 <unknown>
#23 0x7fb02e729c6c <unknown>

2026-08-14 07:48:49,893 - ERROR - [The Hindu] All scrape strategies failed for https://www.thehindu.com/news/national/assam/human-factors-worsened-deadly-assam-floods-says-global-collaborative-study/article71344435.ece. Falling back to RSS description.
2026-08-14 07:48:49,893 - WARNING - SKIPPED (GLOBAL WORD LIMIT): Article 'Human factors worsened deadly Assam floods, says global collaborative study' from The Hindu has only 23 words (Min: 90).
2026-08-14 07:48:50,842 - INFO - [The Hindu] Article: https://www.thehindu.com/news/national/supreme-court-quashes-criminal-defamation-complaint-summon-against-rahul-gandhi-for-savarkar-remarks/article71344475.ece
2026-08-14 07:48:50,842 - ERROR - Error saving article Rare 'intensive' revision in Bihar four months before polls - The Economic Times: Hrana: `stream error: `Error { message: "SQLite error: UNIQUE constraint failed: articles.url", code: "SQLITE_CONSTRAINT" }``
2026-08-14 07:48:50,842 - INFO - [The Hindu] Attempt 1/1: Trying with 'selenium_browser' strategy...
2026-08-14 07:48:52,175 - INFO - [Economic Times] Article: https://economictimes.indiatimes.com/news/elections/assembly-elections/delhi/bjp-accuses-kejriwal-of-sending-voters-hoax-calls-to-mislead/articleshow/117579007.cms
2026-08-14 07:48:52,176 - INFO - [Economic Times] Attempt 1/2: Trying with 'requests_browser' strategy...
2026-08-14 07:48:52,486 - INFO - [Economic Times] Success with 'requests_browser'. Found content (550 words).
2026-08-14 07:48:55,330 - ERROR - Error saving article BJP accuses Kejriwal of sending voters hoax calls to mislead - The Economic Times: Hrana: `stream error: `Error { message: "SQLite error: UNIQUE constraint failed: articles.url", code: "SQLITE_CONSTRAINT" }``
2026-08-14 07:48:56,529 - INFO - [Economic Times] Article: https://economictimes.indiatimes.com/news/elections/lok-sabha/india/lok-sabha-election-2024-maharashtra-get-interesting-after-splits-in-shiv-sena-ncp/articleshow/108559788.cms
2026-08-14 07:48:56,529 - INFO - [Economic Times] Attempt 1/2: Trying with 'requests_browser' strategy...
2026-08-14 07:48:56,898 - INFO - [Economic Times] Success with 'requests_browser'. Found content (1442 words).
2026-08-14 07:48:59,721 - ERROR - Error saving article Lok Sabha election 2024: Maharashtra get interesting after splits in Shiv Sena, NCP - The Economic Times: Hrana: `stream error: `Error { message: "SQLite error: UNIQUE constraint failed: articles.url", code: "SQLITE_CONSTRAINT" }``
2026-08-14 07:49:00,521 - INFO - [Economic Times] Article: https://economictimes.indiatimes.com/news/elections/lok-sabha/india/modi-charisma-key-factor-in-bjps-bid-to-retain-all-26-seats-in-gujarat/articleshow/108550858.cms
2026-08-14 07:49:00,522 - INFO - [Economic Times] Attempt 1/2: Trying with 'requests_browser' strategy...
2026-08-14 07:49:00,863 - INFO - [Economic Times] Success with 'requests_browser'. Found content (838 words).
2026-08-14 07:49:03,756 - ERROR - Error saving article Modi charisma key factor in BJP's bid to retain all 26 seats in Gujarat - The Economic Times: Hrana: `stream error: `Error { message: "SQLite error: UNIQUE constraint failed: articles.url", code: "SQLITE_CONSTRAINT" }``
2026-08-14 07:49:04,965 - INFO - [Economic Times] Article: https://economictimes.indiatimes.com/news/elections/lok-sabha/india/implementation-of-guarantees-decline-of-brs-favour-congress-in-telangana-bjp-aiming-for-better-show/articleshow/108548569.cms
2026-08-14 07:49:04,965 - INFO - [Economic Times] Attempt 1/2: Trying with 'requests_browser' strategy...
2026-08-14 07:49:05,288 - INFO - [Economic Times] Success with 'requests_browser'. Found content (1272 words).
2026-08-14 07:49:06,722 - WARNING - [The Hindu] Page get timed out (7s). Proceeding to grab partial source anyway.
2026-08-14 07:49:08,022 - ERROR - Error saving article Implementation of 'guarantees', decline of BRS favour Congress in Telangana, BJP aiming for better show - The Economic Times: Hrana: `stream error: `Error { message: "SQLite error: UNIQUE constraint failed: articles.url", code: "SQLITE_CONSTRAINT" }``
2026-08-14 07:49:09,135 - INFO - [Economic Times] Article: https://economictimes.indiatimes.com/traders-bet-on-calendar-spread-as-nifty-moves-in-a-tight-range/articleshow/6302358.cms
2026-08-14 07:49:09,135 - INFO - [Economic Times] Attempt 1/2: Trying with 'requests_browser' strategy...
2026-08-14 07:49:09,444 - ERROR - parsed tree length: 1, wrong data type or not valid HTML
2026-08-14 07:49:09,444 - ERROR - empty HTML tree: None
2026-08-14 07:49:09,444 - WARNING - discarding data: None
2026-08-14 07:49:09,444 - WARNING - [Economic Times] FAILED with 'requests_browser' (content was too short: 0 words).
2026-08-14 07:49:10,035 - INFO - [Economic Times] Article: https://economictimes.indiatimes.com/traders-bet-on-calendar-spread-as-nifty-moves-in-a-tight-range/articleshow/6302358.cms
2026-08-14 07:49:10,035 - INFO - [Economic Times] Attempt 2/2: Trying with 'selenium_browser' strategy...
2026-08-14 07:49:11,503 - INFO - [Economic Times] Page content loaded.
2026-08-14 07:49:11,836 - INFO - [Economic Times] Success with 'selenium_browser'. Found content (383 words).
2026-08-14 07:49:14,926 - WARNING - [The Hindu] Page explicit wait timed out (3s). Proceeding anyway.
2026-08-14 07:49:14,926 - ERROR - Error saving article Traders bet on calendar spread as Nifty moves in a tight range - The Economic Times: Hrana: `stream error: `Error { message: "SQLite error: UNIQUE constraint failed: articles.url", code: "SQLITE_CONSTRAINT" }``
2026-08-14 07:49:15,455 - INFO - [Economic Times] Article: https://economictimes.indiatimes.com/nifty-may-find-support-at-5300-level/articleshow/6296017.cms
2026-08-14 07:49:15,455 - INFO - [Economic Times] Attempt 1/2: Trying with 'requests_browser' strategy...
2026-08-14 07:49:15,773 - ERROR - parsed tree length: 1, wrong data type or not valid HTML
2026-08-14 07:49:15,773 - ERROR - empty HTML tree: None
2026-08-14 07:49:15,773 - WARNING - discarding data: None
2026-08-14 07:49:15,773 - WARNING - [Economic Times] FAILED with 'requests_browser' (content was too short: 0 words).
2026-08-14 07:49:16,461 - INFO - [Economic Times] Article: https://economictimes.indiatimes.com/nifty-may-find-support-at-5300-level/articleshow/6296017.cms
2026-08-14 07:49:16,461 - INFO - [Economic Times] Attempt 2/2: Trying with 'selenium_browser' strategy...
2026-08-14 07:49:18,536 - INFO - [Economic Times] Page content loaded.
2026-08-14 07:49:18,675 - INFO - [Economic Times] Success with 'selenium_browser'. Found content (773 words).
2026-08-14 07:49:21,467 - ERROR - Error saving article Nifty may find support at 5300 level - The Economic Times: Hrana: `stream error: `Error { message: "SQLite error: UNIQUE constraint failed: articles.url", code: "SQLITE_CONSTRAINT" }``
2026-08-14 07:49:21,936 - ERROR - [The Hindu] Request failed for strategy 'selenium_browser' on URL https://www.thehindu.com/news/national/supreme-court-quashes-criminal-defamation-complaint-summon-against-rahul-gandhi-for-savarkar-remarks/article71344475.ece: Message: timeout: Timed out receiving message from renderer: 7.000
  (Session info: chrome=152.0.7977.42)
Stacktrace:
#0 0x561dcc58d2ca <unknown>
#1 0x561dcbef0b39 <unknown>
#2 0x561dcbed85bb <unknown>
#3 0x561dcbed8236 <unknown>
#4 0x561dcbed5e18 <unknown>
#5 0x561dcbed679f <unknown>
#6 0x561dcbee5880 <unknown>
#7 0x561dcbeff7b7 <unknown>
#8 0x561dcbf0719b <unknown>
#9 0x561dcbed6ef9 <unknown>
#10 0x561dcbeff512 <unknown>
#11 0x561dcbf8eb26 <unknown>
#12 0x561dcbf39ecb <unknown>
#13 0x561dcbf3acb1 <unknown>
#14 0x561dcc5517f0 <unknown>
#15 0x561dcc54fe6a <unknown>
#16 0x561dcc53abb5 <unknown>
#17 0x561dcc550b2a <unknown>
#18 0x561dcc523df0 <unknown>
#19 0x561dcc578238 <unknown>
#20 0x561dcc5783d5 <unknown>
#21 0x561dcc58be53 <unknown>
#22 0x7fb02e69caa4 <unknown>
#23 0x7fb02e729c6c <unknown>

2026-08-14 07:49:21,937 - ERROR - [The Hindu] All scrape strategies failed for https://www.thehindu.com/news/national/supreme-court-quashes-criminal-defamation-complaint-summon-against-rahul-gandhi-for-savarkar-remarks/article71344475.ece. Falling back to RSS description.
2026-08-14 07:49:21,937 - WARNING - SKIPPED (GLOBAL WORD LIMIT): Article 'Supreme Court quashes criminal defamation complaint, summon against Rahul Gandhi for Savarkar remarks' from The Hindu has only 32 words (Min: 90).
2026-08-14 07:49:22,587 - INFO - [The Hindu] Article: https://www.thehindu.com/news/national/cheers-professor-remembering-sumit-sarkar/article71344407.ece
2026-08-14 07:49:22,587 - INFO - [The Hindu] Attempt 1/1: Trying with 'selenium_browser' strategy...
2026-08-14 07:49:22,647 - INFO - [Economic Times] Article: https://economictimes.indiatimes.com/seven-out-of-top-10-asian-small-cap-funds-are-indian/articleshow/6295976.cms
2026-08-14 07:49:22,647 - INFO - [Economic Times] Attempt 1/2: Trying with 'requests_browser' strategy...
2026-08-14 07:49:22,938 - ERROR - parsed tree length: 1, wrong data type or not valid HTML
2026-08-14 07:49:22,939 - ERROR - empty HTML tree: None
2026-08-14 07:49:22,939 - WARNING - discarding data: None
2026-08-14 07:49:22,939 - WARNING - [Economic Times] FAILED with 'requests_browser' (content was too short: 0 words).
2026-08-14 07:49:23,662 - INFO - [Economic Times] Article: https://economictimes.indiatimes.com/seven-out-of-top-10-asian-small-cap-funds-are-indian/articleshow/6295976.cms
2026-08-14 07:49:23,662 - INFO - [Economic Times] Attempt 2/2: Trying with 'selenium_browser' strategy...
2026-08-14 07:49:25,696 - INFO - [Economic Times] Page content loaded.
2026-08-14 07:49:25,814 - INFO - [Economic Times] Success with 'selenium_browser'. Found content (607 words).
2026-08-14 07:49:29,448 - ERROR - Error saving article Seven out of top 10 Asian small-cap funds are Indian - The Economic Times: Hrana: `stream error: `Error { message: "SQLite error: UNIQUE constraint failed: articles.url", code: "SQLITE_CONSTRAINT" }``
2026-08-14 07:49:30,331 - INFO - [Economic Times] Article: https://economictimes.indiatimes.com/inflation-reflects-growth-dynamics-in-india-christopher-wood/articleshow/6274053.cms
2026-08-14 07:49:30,331 - INFO - [Economic Times] Attempt 1/2: Trying with 'requests_browser' strategy...
2026-08-14 07:49:30,363 - CRITICAL - --- TIMEOUT: 2 scrape jobs did not complete in 420s. ---
2026-08-14 07:49:30,363 - ERROR - A thread has timed out and will be abandoned.
2026-08-14 07:49:30,363 - ERROR - A thread has timed out and will be abandoned.
2026-08-14 07:49:30,363 - INFO - Shutting down thread pool (wait=False)...
2026-08-14 07:49:30,363 - INFO - Scraped: 0 Wired, 0 TechCrunch, 10 NDTV, 10 Times of India, 0 Indian Express, 0 BBC, 3 Al Jazeera, 2 Timed_Out_Jobs articles. (Total saved: 23)
2026-08-14 07:49:30,363 - INFO - --- Scraping job finished ---
2026-08-14 07:49:30,364 - INFO - --- Scraper service stopped. ---
2026-08-14 07:49:30,364 - INFO - --- Main thread finished. Forcing process exit to kill zombie threads. ---
