2026-09-27 17:18:53,334 - INFO - Loading AI Semantic Model (all-MiniLM-L6-v2)...
2026-09-27 17:18:53,334 - INFO - No device provided, using cpu
2026-09-27 17:18:53,399 - INFO - HTTP Request: GET https://huggingface.co/api/agent-harnesses "HTTP/1.1 200 OK"
2026-09-27 17:18:53,416 - INFO - HTTP Request: HEAD https://huggingface.co/sentence-transformers/all-MiniLM-L6-v2/resolve/main/modules.json "HTTP/1.1 307 Temporary Redirect"
2026-09-27 17:18:53,417 - WARNING - Warning: You are sending unauthenticated requests to the HF Hub. Please set a HF_TOKEN to enable higher rate limits and faster downloads.
2026-09-27 17:18:53,422 - INFO - HTTP Request: HEAD https://huggingface.co/api/resolve-cache/models/sentence-transformers/all-MiniLM-L6-v2/1110a243fdf4706b3f48f1d95db1a4f5529b4d41/modules.json?%2Fsentence-transformers%2Fall-MiniLM-L6-v2%2Fresolve%2Fmain%2Fmodules.json=&etag=%22952a9b81c0bfd99800fabf352f69c7ccd46c5e43%22 "HTTP/1.1 200 OK"
2026-09-27 17:18:53,439 - INFO - HTTP Request: HEAD https://huggingface.co/sentence-transformers/all-MiniLM-L6-v2/resolve/main/config_sentence_transformers.json "HTTP/1.1 307 Temporary Redirect"
2026-09-27 17:18:53,444 - INFO - HTTP Request: HEAD https://huggingface.co/api/resolve-cache/models/sentence-transformers/all-MiniLM-L6-v2/1110a243fdf4706b3f48f1d95db1a4f5529b4d41/config_sentence_transformers.json?%2Fsentence-transformers%2Fall-MiniLM-L6-v2%2Fresolve%2Fmain%2Fconfig_sentence_transformers.json=&etag=%22fd1b291129c607e5d49799f87cb219b27f98acdf%22 "HTTP/1.1 200 OK"
2026-09-27 17:18:53,446 - INFO - Loading SentenceTransformer model from sentence-transformers/all-MiniLM-L6-v2.
2026-09-27 17:18:53,461 - INFO - HTTP Request: HEAD https://huggingface.co/sentence-transformers/all-MiniLM-L6-v2/resolve/main/config_sentence_transformers.json "HTTP/1.1 307 Temporary Redirect"
2026-09-27 17:18:53,467 - INFO - HTTP Request: HEAD https://huggingface.co/api/resolve-cache/models/sentence-transformers/all-MiniLM-L6-v2/1110a243fdf4706b3f48f1d95db1a4f5529b4d41/config_sentence_transformers.json?%2Fsentence-transformers%2Fall-MiniLM-L6-v2%2Fresolve%2Fmain%2Fconfig_sentence_transformers.json=&etag=%22fd1b291129c607e5d49799f87cb219b27f98acdf%22 "HTTP/1.1 200 OK"
2026-09-27 17:18:53,483 - INFO - HTTP Request: HEAD https://huggingface.co/sentence-transformers/all-MiniLM-L6-v2/resolve/main/README.md "HTTP/1.1 307 Temporary Redirect"
2026-09-27 17:18:53,489 - INFO - HTTP Request: HEAD https://huggingface.co/api/resolve-cache/models/sentence-transformers/all-MiniLM-L6-v2/1110a243fdf4706b3f48f1d95db1a4f5529b4d41/README.md?%2Fsentence-transformers%2Fall-MiniLM-L6-v2%2Fresolve%2Fmain%2FREADME.md=&etag=%2244af2e3b0fa3a0b6239e48422972bf755f28fde0%22 "HTTP/1.1 200 OK"
2026-09-27 17:18:53,494 - INFO - HTTP Request: GET https://huggingface.co/api/resolve-cache/models/sentence-transformers/all-MiniLM-L6-v2/1110a243fdf4706b3f48f1d95db1a4f5529b4d41/README.md?%2Fsentence-transformers%2Fall-MiniLM-L6-v2%2Fresolve%2Fmain%2FREADME.md=&etag=%2244af2e3b0fa3a0b6239e48422972bf755f28fde0%22 "HTTP/1.1 200 OK"
2026-09-27 17:18:53,510 - INFO - HTTP Request: HEAD https://huggingface.co/sentence-transformers/all-MiniLM-L6-v2/resolve/main/modules.json "HTTP/1.1 307 Temporary Redirect"
2026-09-27 17:18:53,515 - INFO - HTTP Request: HEAD https://huggingface.co/api/resolve-cache/models/sentence-transformers/all-MiniLM-L6-v2/1110a243fdf4706b3f48f1d95db1a4f5529b4d41/modules.json?%2Fsentence-transformers%2Fall-MiniLM-L6-v2%2Fresolve%2Fmain%2Fmodules.json=&etag=%22952a9b81c0bfd99800fabf352f69c7ccd46c5e43%22 "HTTP/1.1 200 OK"
2026-09-27 17:18:53,532 - INFO - HTTP Request: HEAD https://huggingface.co/sentence-transformers/all-MiniLM-L6-v2/resolve/main/sentence_bert_config.json "HTTP/1.1 307 Temporary Redirect"
2026-09-27 17:18:53,538 - INFO - HTTP Request: HEAD https://huggingface.co/api/resolve-cache/models/sentence-transformers/all-MiniLM-L6-v2/1110a243fdf4706b3f48f1d95db1a4f5529b4d41/sentence_bert_config.json?%2Fsentence-transformers%2Fall-MiniLM-L6-v2%2Fresolve%2Fmain%2Fsentence_bert_config.json=&etag=%2259d594003bf59880a884c574bf88ef7555bb0202%22 "HTTP/1.1 200 OK"
2026-09-27 17:18:53,555 - INFO - HTTP Request: HEAD https://huggingface.co/sentence-transformers/all-MiniLM-L6-v2/resolve/main/adapter_config.json "HTTP/1.1 404 Not Found"
2026-09-27 17:18:53,571 - INFO - HTTP Request: HEAD https://huggingface.co/sentence-transformers/all-MiniLM-L6-v2/resolve/main/config.json "HTTP/1.1 307 Temporary Redirect"
2026-09-27 17:18:53,578 - INFO - HTTP Request: HEAD https://huggingface.co/api/resolve-cache/models/sentence-transformers/all-MiniLM-L6-v2/1110a243fdf4706b3f48f1d95db1a4f5529b4d41/config.json?%2Fsentence-transformers%2Fall-MiniLM-L6-v2%2Fresolve%2Fmain%2Fconfig.json=&etag=%2272b987fd805cfa2b58c4c8c952b274a11bfd5a00%22 "HTTP/1.1 200 OK"
2026-09-27 17:18:53,623 - INFO - HTTP Request: HEAD https://huggingface.co/sentence-transformers/all-MiniLM-L6-v2/resolve/main/model.safetensors "HTTP/1.1 302 Found"
2026-09-27 17:18:53,767 - INFO - HTTP Request: HEAD https://huggingface.co/sentence-transformers/all-MiniLM-L6-v2/resolve/main/processor_config.json "HTTP/1.1 404 Not Found"
2026-09-27 17:18:53,784 - INFO - HTTP Request: HEAD https://huggingface.co/sentence-transformers/all-MiniLM-L6-v2/resolve/main/preprocessor_config.json "HTTP/1.1 404 Not Found"
2026-09-27 17:18:53,801 - INFO - HTTP Request: HEAD https://huggingface.co/sentence-transformers/all-MiniLM-L6-v2/resolve/main/video_preprocessor_config.json "HTTP/1.1 404 Not Found"
2026-09-27 17:18:53,817 - INFO - HTTP Request: HEAD https://huggingface.co/sentence-transformers/all-MiniLM-L6-v2/resolve/main/preprocessor_config.json "HTTP/1.1 404 Not Found"
2026-09-27 17:18:53,834 - INFO - HTTP Request: HEAD https://huggingface.co/sentence-transformers/all-MiniLM-L6-v2/resolve/main/tokenizer_config.json "HTTP/1.1 307 Temporary Redirect"
2026-09-27 17:18:53,840 - INFO - HTTP Request: HEAD https://huggingface.co/api/resolve-cache/models/sentence-transformers/all-MiniLM-L6-v2/1110a243fdf4706b3f48f1d95db1a4f5529b4d41/tokenizer_config.json?%2Fsentence-transformers%2Fall-MiniLM-L6-v2%2Fresolve%2Fmain%2Ftokenizer_config.json=&etag=%22c79f2b6a0cea6f4b564fed1938984bace9d30ff0%22 "HTTP/1.1 200 OK"
2026-09-27 17:18:53,856 - INFO - HTTP Request: HEAD https://huggingface.co/sentence-transformers/all-MiniLM-L6-v2/resolve/main/config.json "HTTP/1.1 307 Temporary Redirect"
2026-09-27 17:18:53,861 - INFO - HTTP Request: HEAD https://huggingface.co/api/resolve-cache/models/sentence-transformers/all-MiniLM-L6-v2/1110a243fdf4706b3f48f1d95db1a4f5529b4d41/config.json?%2Fsentence-transformers%2Fall-MiniLM-L6-v2%2Fresolve%2Fmain%2Fconfig.json=&etag=%2272b987fd805cfa2b58c4c8c952b274a11bfd5a00%22 "HTTP/1.1 200 OK"
2026-09-27 17:18:53,881 - INFO - HTTP Request: HEAD https://huggingface.co/sentence-transformers/all-MiniLM-L6-v2/resolve/main/config.json "HTTP/1.1 307 Temporary Redirect"
2026-09-27 17:18:53,887 - INFO - HTTP Request: HEAD https://huggingface.co/api/resolve-cache/models/sentence-transformers/all-MiniLM-L6-v2/1110a243fdf4706b3f48f1d95db1a4f5529b4d41/config.json?%2Fsentence-transformers%2Fall-MiniLM-L6-v2%2Fresolve%2Fmain%2Fconfig.json=&etag=%2272b987fd805cfa2b58c4c8c952b274a11bfd5a00%22 "HTTP/1.1 200 OK"
2026-09-27 17:18:53,906 - INFO - HTTP Request: HEAD https://huggingface.co/sentence-transformers/all-MiniLM-L6-v2/resolve/main/tokenizer_config.json "HTTP/1.1 307 Temporary Redirect"
2026-09-27 17:18:53,911 - INFO - HTTP Request: HEAD https://huggingface.co/api/resolve-cache/models/sentence-transformers/all-MiniLM-L6-v2/1110a243fdf4706b3f48f1d95db1a4f5529b4d41/tokenizer_config.json?%2Fsentence-transformers%2Fall-MiniLM-L6-v2%2Fresolve%2Fmain%2Ftokenizer_config.json=&etag=%22c79f2b6a0cea6f4b564fed1938984bace9d30ff0%22 "HTTP/1.1 200 OK"
2026-09-27 17:18:53,931 - INFO - HTTP Request: GET https://huggingface.co/api/models/sentence-transformers/all-MiniLM-L6-v2/tree/main/additional_chat_templates?recursive=false&expand=false "HTTP/1.1 404 Not Found"
2026-09-27 17:18:53,953 - INFO - HTTP Request: GET https://huggingface.co/api/models/sentence-transformers/all-MiniLM-L6-v2/tree/main?recursive=true&expand=false "HTTP/1.1 200 OK"
2026-09-27 17:18:53,972 - INFO - HTTP Request: HEAD https://huggingface.co/sentence-transformers/all-MiniLM-L6-v2/resolve/main/vocab.txt "HTTP/1.1 307 Temporary Redirect"
2026-09-27 17:18:53,977 - INFO - HTTP Request: HEAD https://huggingface.co/api/resolve-cache/models/sentence-transformers/all-MiniLM-L6-v2/1110a243fdf4706b3f48f1d95db1a4f5529b4d41/vocab.txt?%2Fsentence-transformers%2Fall-MiniLM-L6-v2%2Fresolve%2Fmain%2Fvocab.txt=&etag=%22fb140275c155a9c7c5a3b3e0e77a9e839594a938%22 "HTTP/1.1 200 OK"
2026-09-27 17:18:53,994 - INFO - HTTP Request: HEAD https://huggingface.co/sentence-transformers/all-MiniLM-L6-v2/resolve/main/tokenizer.json "HTTP/1.1 307 Temporary Redirect"
2026-09-27 17:18:54,000 - INFO - HTTP Request: HEAD https://huggingface.co/api/resolve-cache/models/sentence-transformers/all-MiniLM-L6-v2/1110a243fdf4706b3f48f1d95db1a4f5529b4d41/tokenizer.json?%2Fsentence-transformers%2Fall-MiniLM-L6-v2%2Fresolve%2Fmain%2Ftokenizer.json=&etag=%22cb202bfe2e3c98645018a6d12f182a434c9d3e02%22 "HTTP/1.1 200 OK"
2026-09-27 17:18:54,018 - INFO - HTTP Request: HEAD https://huggingface.co/sentence-transformers/all-MiniLM-L6-v2/resolve/main/added_tokens.json "HTTP/1.1 404 Not Found"
2026-09-27 17:18:54,035 - INFO - HTTP Request: HEAD https://huggingface.co/sentence-transformers/all-MiniLM-L6-v2/resolve/main/special_tokens_map.json "HTTP/1.1 307 Temporary Redirect"
2026-09-27 17:18:54,041 - INFO - HTTP Request: HEAD https://huggingface.co/api/resolve-cache/models/sentence-transformers/all-MiniLM-L6-v2/1110a243fdf4706b3f48f1d95db1a4f5529b4d41/special_tokens_map.json?%2Fsentence-transformers%2Fall-MiniLM-L6-v2%2Fresolve%2Fmain%2Fspecial_tokens_map.json=&etag=%22e7b0375001f109a6b8873d756ad4f7bbb15fbaa5%22 "HTTP/1.1 200 OK"
2026-09-27 17:18:54,057 - INFO - HTTP Request: HEAD https://huggingface.co/sentence-transformers/all-MiniLM-L6-v2/resolve/main/chat_template.jinja "HTTP/1.1 404 Not Found"
2026-09-27 17:18:54,101 - INFO - HTTP Request: HEAD https://huggingface.co/sentence-transformers/all-MiniLM-L6-v2/resolve/main/1_Pooling/config.json "HTTP/1.1 307 Temporary Redirect"
2026-09-27 17:18:54,107 - INFO - HTTP Request: HEAD https://huggingface.co/api/resolve-cache/models/sentence-transformers/all-MiniLM-L6-v2/1110a243fdf4706b3f48f1d95db1a4f5529b4d41/1_Pooling%2Fconfig.json?%2Fsentence-transformers%2Fall-MiniLM-L6-v2%2Fresolve%2Fmain%2F1_Pooling%2Fconfig.json=&etag=%22d1514c3162bbe87b343f565fadc62e6c06f04f03%22 "HTTP/1.1 200 OK"
2026-09-27 17:18:54,124 - INFO - HTTP Request: HEAD https://huggingface.co/sentence-transformers/all-MiniLM-L6-v2/resolve/main/2_Normalize/config.json "HTTP/1.1 404 Not Found"
2026-09-27 17:18:54,144 - INFO - HTTP Request: GET https://huggingface.co/api/models/sentence-transformers/all-MiniLM-L6-v2 "HTTP/1.1 200 OK"
2026-09-27 17:18:54,147 - INFO - AI Model loaded successfully.
2026-09-27 17:18:54,147 - INFO - --- Scraper service started (CI Mode: Run Once) ---
2026-09-27 17:18:54,147 - INFO - --- Starting new scraping job (Parallel Mode) ---
2026-09-27 17:18:54,147 - INFO - Connecting to SQLite database...
2026-09-27 17:18:58,993 - INFO - Pre-calculating embeddings for 108 cached articles...
2026-09-27 17:19:05,237 - INFO - Cache built: 3144 URLs. Current MAX_ID: 126602
2026-09-27 17:19:05,238 - INFO - Creating new robust session with 3 retries on 5xx/connection/read errors.
2026-09-27 17:19:05,238 - INFO - Proxy is DISABLED.
2026-09-27 17:19:05,238 - INFO - [BBC] (Thread) requires Selenium. Initializing driver...
2026-09-27 17:19:05,239 - INFO - [Times of India] (Thread) requires Selenium. Initializing driver...
2026-09-27 17:19:05,239 - INFO - [The Hindu] (Thread) requires Selenium. Initializing driver...
2026-09-27 17:19:05,240 - INFO - [Al Jazeera] (Thread) requires Selenium. Initializing driver...
2026-09-27 17:19:05,240 - INFO - Starting scrape for TechCrunch RSS feed: https://techcrunch.com/feed/
2026-09-27 17:19:05,240 - INFO - [Economic Times] (Thread) requires Selenium. Initializing driver...
2026-09-27 17:19:05,242 - INFO - [Wired] (Thread) requires Selenium. Initializing driver...
2026-09-27 17:19:05,242 - INFO - [NDTV] (Thread) requires Selenium. Initializing driver...
2026-09-27 17:19:05,243 - INFO - [Indian Express] (Thread) requires Selenium. Initializing driver...
2026-09-27 17:19:05,243 - INFO - Submitted 9 jobs to thread pool. Waiting up to 420s for completion...
2026-09-27 17:19:06,768 - INFO - Found 0 articles in TechCrunch RSS feed. Processing until 8 new articles are saved.
2026-09-27 17:19:07,050 - INFO - Selenium driver initialized successfully (Eager load strategy, 7s timeout).
2026-09-27 17:19:07,051 - INFO - Starting scrape for BBC RSS feed: http://feeds.bbci.co.uk/news/world/rss.xml
2026-09-27 17:19:07,196 - INFO - Selenium driver initialized successfully (Eager load strategy, 7s timeout).
2026-09-27 17:19:07,196 - INFO - Starting scrape for NDTV RSS feed: https://feeds.feedburner.com/ndtvnews-top-stories
2026-09-27 17:19:07,465 - INFO - Found 25 articles in BBC RSS feed. Processing until 10 new articles are saved.
2026-09-27 17:19:07,465 - INFO - [BBC] Early skip: URL https://www.bbc.co.uk/news/articles/cmvgyyw2jeego?at_medium=RSS&at_campaign=rss already exists.
2026-09-27 17:19:07,468 - INFO - [BBC] Article: https://www.bbc.co.uk/news/articles/ck5ywnp075d1o?at_medium=RSS&at_campaign=rss
2026-09-27 17:19:07,468 - INFO - [BBC] Attempt 1/2: Trying with 'requests_browser' strategy...
2026-09-27 17:19:07,571 - INFO - Selenium driver initialized successfully (Eager load strategy, 7s timeout).
2026-09-27 17:19:07,571 - INFO - Starting scrape for Times of India RSS feed: https://timesofindia.indiatimes.com/rssfeeds/296589292.cms
2026-09-27 17:19:07,663 - INFO - Selenium driver initialized successfully (Eager load strategy, 7s timeout).
2026-09-27 17:19:07,663 - INFO - Starting scrape for The Hindu RSS feed: https://www.thehindu.com/news/national/feeder/default.rss
2026-09-27 17:19:07,881 - INFO - Selenium driver initialized successfully (Eager load strategy, 7s timeout).
2026-09-27 17:19:07,881 - INFO - Starting scrape for Al Jazeera RSS feed: https://www.aljazeera.com/xml/rss/all.xml
2026-09-27 17:19:07,953 - INFO - Selenium driver initialized successfully (Eager load strategy, 7s timeout).
2026-09-27 17:19:07,953 - INFO - Starting scrape for Indian Express RSS feed: https://indianexpress.com/feed/
2026-09-27 17:19:08,001 - INFO - Selenium driver initialized successfully (Eager load strategy, 7s timeout).
2026-09-27 17:19:08,001 - INFO - Starting scrape for Wired RSS feed: https://www.wired.com/feed/rss
2026-09-27 17:19:08,050 - INFO - Found 20 articles in NDTV RSS feed. Processing until 10 new articles are saved.
2026-09-27 17:19:08,051 - INFO - [NDTV] Article: https://www.ndtv.com/india-news/bjp-deploys-a-dozen-chief-ministers-vs-rahul-gandhi-on-gyanesh-kumar-row-lies-exposed-12105917#publisher=newsstand
2026-09-27 17:19:08,051 - INFO - [NDTV] Attempt 1/2: Trying with 'requests_browser' strategy...
2026-09-27 17:19:08,154 - INFO - Found 20 articles in Times of India RSS feed. Processing until 20 new articles are saved.
2026-09-27 17:19:08,154 - INFO - [Times of India] Article: https://timesofindia.indiatimes.com/world/us/louisiana-neighbours-fought-over-a-70-foot-strip-of-land-after-signs-bright-lights-and-even-a-dead-cow-appeared-near-the-boundary-an-appeals-court-upheld-15000-in-damages-and-an-injunction/articleshow/134522211.cms
2026-09-27 17:19:08,197 - INFO - [Times of India] Attempt 1/1: Trying with 'selenium_browser' strategy...
2026-09-27 17:19:08,202 - INFO - Found 60 articles in The Hindu RSS feed. Processing until 20 new articles are saved.
2026-09-27 17:19:08,202 - INFO - [The Hindu] Article: https://www.thehindu.com/news/national/karnataka/bidadi-police-book-protesters-for-unauthorised-demonstration-at-byramangala/article71516114.ece
2026-09-27 17:19:08,202 - INFO - [The Hindu] Attempt 1/1: Trying with 'selenium_browser' strategy...
2026-09-27 17:19:08,282 - INFO - Selenium driver initialized successfully (Eager load strategy, 7s timeout).
2026-09-27 17:19:08,282 - INFO - Starting scrape for Economic Times RSS feed: https://economictimes.indiatimes.com/rssfeedsdefault.cms
2026-09-27 17:19:08,337 - INFO - Found 25 articles in Al Jazeera RSS feed. Processing until 8 new articles are saved.
2026-09-27 17:19:08,338 - INFO - [Al Jazeera] Article: https://www.aljazeera.com/video/newsfeed/2026/9/27/muslims-protest-planned-demolition-of-600-year-old-mosque-in-india?traffic_source=rss
2026-09-27 17:19:08,338 - INFO - [Al Jazeera] Attempt 1/2: Trying with 'requests_browser' strategy...
2026-09-27 17:19:08,382 - ERROR - Failed to fetch Indian Express RSS feed: 403 Client Error: Forbidden for url: https://indianexpress.com/feed/
2026-09-27 17:19:08,382 - INFO - [Indian Express] (Thread) Finished. Attempting to shut down its Selenium driver.
2026-09-27 17:19:08,467 - ERROR - [NDTV] Request failed for strategy 'requests_browser' on URL https://www.ndtv.com/india-news/bjp-deploys-a-dozen-chief-ministers-vs-rahul-gandhi-on-gyanesh-kumar-row-lies-exposed-12105917#publisher=newsstand: 403 Client Error: Forbidden for url: https://www.ndtv.com/india-news/bjp-deploys-a-dozen-chief-ministers-vs-rahul-gandhi-on-gyanesh-kumar-row-lies-exposed-12105917#publisher=newsstand
2026-09-27 17:19:08,525 - INFO - [Indian Express] (Thread) driver.quit() successful.
2026-09-27 17:19:08,680 - INFO - [BBC] Success with 'requests_browser'. Found content (494 words).
2026-09-27 17:19:08,734 - INFO - Found 50 articles in Wired RSS feed. Processing until 10 new articles are saved.
2026-09-27 17:19:08,746 - INFO - [Wired] Article: https://www.wired.com/story/best-party-speaker/
2026-09-27 17:19:08,746 - INFO - [Wired] Attempt 1/2: Trying with 'requests_browser' strategy...
2026-09-27 17:19:08,760 - WARNING - [Al Jazeera] FAILED with 'requests_browser' (content was too short: 76 words).
2026-09-27 17:19:08,923 - ERROR - parsed tree length: 1, wrong data type or not valid HTML
2026-09-27 17:19:08,930 - ERROR - empty HTML tree: None
2026-09-27 17:19:08,930 - WARNING - discarding data: None
2026-09-27 17:19:08,930 - WARNING - [Wired] FAILED with 'requests_browser' (content was too short: 0 words).
2026-09-27 17:19:09,051 - INFO - DEDUPLICATION: Found match (Score: 0.86). Linking to Cluster ID: e1373a5e-ca78-4539-ad75-f6fcc8c75782
2026-09-27 17:19:10,696 - INFO - [Al Jazeera] Article: https://www.aljazeera.com/video/newsfeed/2026/9/27/muslims-protest-planned-demolition-of-600-year-old-mosque-in-india?traffic_source=rss
2026-09-27 17:19:10,697 - INFO - [Al Jazeera] Attempt 2/2: Trying with 'selenium_browser' strategy...
2026-09-27 17:19:10,697 - INFO - [NDTV] Article: https://www.ndtv.com/india-news/bjp-deploys-a-dozen-chief-ministers-vs-rahul-gandhi-on-gyanesh-kumar-row-lies-exposed-12105917#publisher=newsstand
2026-09-27 17:19:10,697 - INFO - [NDTV] Attempt 2/2: Trying with 'selenium_browser' strategy...
2026-09-27 17:19:10,711 - INFO - [Wired] Article: https://www.wired.com/story/best-party-speaker/
2026-09-27 17:19:10,711 - INFO - [Wired] Attempt 2/2: Trying with 'selenium_browser' strategy...
2026-09-27 17:19:11,842 - INFO - >>> SUCCESSFULLY SAVED [ID: 126603] - Two mass shootings in South Africa leave 27 dead - BBC News from BBC (494 words)
2026-09-27 17:19:11,922 - INFO - Found 76 articles in Economic Times RSS feed. Processing until 20 new articles are saved.
2026-09-27 17:19:11,922 - INFO - [Economic Times] Early skip: URL https://economictimes.indiatimes.com/markets/ipos/fpos/j-infratech-files-ipo-papers-eyes-rs-600-cr-via-fresh-issue/articleshow/134502249.cms already exists.
2026-09-27 17:19:11,926 - INFO - [Economic Times] Early skip: URL https://economictimes.indiatimes.com/markets/expert-view/fo-talk-23270-is-a-key-nifty-hurdle-sudeep-shah-picks-5-stocks-discusses-pb-fintech-turtlemint-strategy/articleshow/134501331.cms already exists.
2026-09-27 17:19:11,928 - INFO - [Economic Times] Early skip: URL https://economictimes.indiatimes.com/markets/cryptocurrency/bitcoin-rebounds-strongly-this-week-trades-near-84000-after-climbing-above-86000-here-is-what-experts-say/articleshow/134500992.cms already exists.
2026-09-27 17:19:11,929 - INFO - [Economic Times] Early skip: URL https://economictimes.indiatimes.com/markets/stocks/news/fiis-mfs-raise-stakes-in-10-stocks-shares-gain-up-to-40-in-3-months/slideshow/134500775.cms already exists.
2026-09-27 17:19:11,930 - INFO - [Economic Times] Early skip: URL https://economictimes.indiatimes.com/mf/analysis/these-5-sifs-have-delivered-over-10-returns-since-their-inception-check-inception-date-and-performance/slideshow/134500639.cms already exists.
2026-09-27 17:19:11,932 - INFO - [Economic Times] Early skip: URL https://economictimes.indiatimes.com/markets/ipos/fpos/vishal-nirmiti-ipo-to-open-on-sep-30-price-band-fixed-at-rs-208-220/articleshow/134500328.cms already exists.
2026-09-27 17:19:11,933 - INFO - [Economic Times] Article: https://economictimes.indiatimes.com/news/economy/policy/rbi-special-windows-seen-big-enough-to-bring-in-100b/articleshow/132813309.cms
2026-09-27 17:19:11,934 - INFO - [Economic Times] Attempt 1/2: Trying with 'requests_browser' strategy...
2026-09-27 17:19:12,710 - INFO - [BBC] Early skip: URL https://www.bbc.co.uk/news/articles/c6pwl9g9ne1lo?at_medium=RSS&at_campaign=rss already exists.
2026-09-27 17:19:12,712 - INFO - [BBC] Article: https://www.bbc.co.uk/news/articles/cwjdvml9e897o?at_medium=RSS&at_campaign=rss
2026-09-27 17:19:12,713 - INFO - [BBC] Attempt 1/2: Trying with 'requests_browser' strategy...
2026-09-27 17:19:13,215 - INFO - [BBC] Success with 'requests_browser'. Found content (477 words).
2026-09-27 17:19:16,217 - INFO - [Economic Times] Success with 'requests_browser'. Found content (322 words).
2026-09-27 17:19:17,327 - INFO - >>> SUCCESSFULLY SAVED [ID: 126604] - Nepal: Two bodies found after avalanche hits Himalayan base camp - BBC News from BBC (477 words)
2026-09-27 17:19:17,619 - INFO - [NDTV] Page content loaded.
2026-09-27 17:19:17,955 - INFO - [BBC] Early skip: URL https://www.bbc.co.uk/news/articles/c3grvv7p81lqo?at_medium=RSS&at_campaign=rss already exists.
2026-09-27 17:19:17,981 - INFO - [BBC] Early skip: URL https://www.bbc.co.uk/news/articles/ck1wxxzn5jndo?at_medium=RSS&at_campaign=rss already exists.
2026-09-27 17:19:18,002 - INFO - [BBC] Article: https://www.bbc.co.uk/news/articles/c620lrw2xr12o?at_medium=RSS&at_campaign=rss
2026-09-27 17:19:18,002 - INFO - [BBC] Attempt 1/2: Trying with 'requests_browser' strategy...
2026-09-27 17:19:18,409 - INFO - [Al Jazeera] Page content loaded.
2026-09-27 17:19:18,557 - INFO - [BBC] Success with 'requests_browser'. Found content (585 words).
2026-09-27 17:19:18,906 - WARNING - [Wired] Page get timed out (7s). Proceeding to grab partial source anyway.
2026-09-27 17:19:19,425 - INFO - [The Hindu] Page content loaded.
2026-09-27 17:19:22,049 - ERROR - Error saving article RBI special windows seen big enough to bring in $100B - The Economic Times: Hrana: `stream error: `Error { message: "SQLite error: UNIQUE constraint failed: articles.url", code: "SQLITE_CONSTRAINT" }``
2026-09-27 17:19:22,090 - WARNING - [Al Jazeera] FAILED with 'selenium_browser' (content was too short: 76 words).
2026-09-27 17:19:22,090 - ERROR - [Al Jazeera] All scrape strategies failed for https://www.aljazeera.com/video/newsfeed/2026/9/27/muslims-protest-planned-demolition-of-600-year-old-mosque-in-india?traffic_source=rss. Falling back to RSS description.
2026-09-27 17:19:22,091 - WARNING - SKIPPED (GLOBAL WORD LIMIT): Article 'Muslims protest planned demolition of ‘600-year-old’ mosque in India' from Al Jazeera has only 20 words (Min: 90).
2026-09-27 17:19:22,259 - INFO - [NDTV] Success with 'selenium_browser'. Found content (1170 words).
2026-09-27 17:19:22,607 - INFO - [The Hindu] Success with 'selenium_browser'. Found content (449 words).
2026-09-27 17:19:24,575 - INFO - [Economic Times] Article: https://economictimes.indiatimes.com/news/economy/foreign-trade/india-canada-aim-to-conclude-cepa-trade-pact-by-end-2026-mea/articleshow/132813105.cms
2026-09-27 17:19:24,583 - INFO - [Economic Times] Attempt 1/2: Trying with 'requests_browser' strategy...
2026-09-27 17:19:24,576 - INFO - [Al Jazeera] Article: https://www.aljazeera.com/news/2026/9/27/afghanistan-says-28-fighters-killed-as-islamabad-kabul-trade-accusations?traffic_source=rss
2026-09-27 17:19:25,852 - INFO - [Al Jazeera] Attempt 1/2: Trying with 'requests_browser' strategy...
2026-09-27 17:19:27,429 - INFO - >>> SUCCESSFULLY SAVED [ID: 126606] - Venezuela releases dozens of political prisoners as election calls grow - BBC News from BBC (585 words)
2026-09-27 17:19:27,467 - INFO - [Times of India] Page content loaded.
2026-09-27 17:19:28,007 - INFO - [Al Jazeera] Success with 'requests_browser'. Found content (385 words).
2026-09-27 17:19:28,342 - INFO - [BBC] Article: https://www.bbc.co.uk/news/articles/cm5y5nj8ejj8o?at_medium=RSS&at_campaign=rss
2026-09-27 17:19:28,342 - INFO - [BBC] Attempt 1/2: Trying with 'requests_browser' strategy...
2026-09-27 17:19:31,673 - INFO - [BBC] Success with 'requests_browser'. Found content (462 words).
2026-09-27 17:19:31,683 - INFO - [Wired] Page content loaded.
2026-09-27 17:19:31,918 - INFO - >>> SUCCESSFULLY SAVED [ID: 126607] - Bidadi police book protesters for unauthorised demonstration at Byramangala - The Hindu from The Hindu (449 words)
2026-09-27 17:19:32,192 - INFO - [Economic Times] Success with 'requests_browser'. Found content (209 words).
2026-09-27 17:19:32,378 - INFO - [Times of India] Success with 'selenium_browser'. Found content (985 words).
2026-09-27 17:19:33,710 - INFO - [The Hindu] Article: https://www.thehindu.com/news/national/punjab/punjab-varsity-students-protest-block-highway-over-rape-of-female-student/article71515254.ece
2026-09-27 17:19:33,710 - INFO - [The Hindu] Attempt 1/1: Trying with 'selenium_browser' strategy...
2026-09-27 17:19:35,287 - INFO - >>> SUCCESSFULLY SAVED [ID: 126608] - BJP Deploys A Dozen Chief Ministers vs Rahul Gandhi On Gyanesh Kumar Row: 'Lies Exposed' from NDTV (1170 words)
2026-09-27 17:19:37,361 - INFO - [NDTV] Article: https://www.ndtv.com/india-news/amit-shah-flags-off-indias-1st-lng-powered-train-from-gujarats-sabarmati-12105888#publisher=newsstand
2026-09-27 17:19:38,226 - INFO - [NDTV] Attempt 1/2: Trying with 'requests_browser' strategy...
2026-09-27 17:19:38,499 - INFO - >>> SUCCESSFULLY SAVED [ID: 126609] - Afghanistan says 28 fighters killed as Islamabad, Kabul trade accusations | Pakistan Taliban News | Al Jazeera from Al Jazeera (385 words)
2026-09-27 17:19:38,633 - ERROR - [NDTV] Request failed for strategy 'requests_browser' on URL https://www.ndtv.com/india-news/amit-shah-flags-off-indias-1st-lng-powered-train-from-gujarats-sabarmati-12105888#publisher=newsstand: 403 Client Error: Forbidden for url: https://www.ndtv.com/india-news/amit-shah-flags-off-indias-1st-lng-powered-train-from-gujarats-sabarmati-12105888#publisher=newsstand
2026-09-27 17:19:40,073 - INFO - [NDTV] Article: https://www.ndtv.com/india-news/amit-shah-flags-off-indias-1st-lng-powered-train-from-gujarats-sabarmati-12105888#publisher=newsstand
2026-09-27 17:19:40,073 - INFO - [NDTV] Attempt 2/2: Trying with 'selenium_browser' strategy...
2026-09-27 17:19:40,075 - INFO - [Al Jazeera] Article: https://www.aljazeera.com/sports/liveblog/2026/9/27/live-norway-vs-portugal-nations-league?traffic_source=rss
2026-09-27 17:19:40,487 - INFO - [Al Jazeera] Attempt 1/2: Trying with 'requests_browser' strategy...
2026-09-27 17:19:41,598 - INFO - >>> SUCCESSFULLY SAVED [ID: 126610] - 'Scourge' of abuse must be rooted out, says Pope during Lourdes visit - BBC News from BBC (462 words)
2026-09-27 17:19:41,806 - WARNING - [Al Jazeera] FAILED with 'requests_browser' (content was too short: 47 words).
2026-09-27 17:19:43,537 - INFO - [Al Jazeera] Article: https://www.aljazeera.com/sports/liveblog/2026/9/27/live-norway-vs-portugal-nations-league?traffic_source=rss
2026-09-27 17:19:43,537 - INFO - [Al Jazeera] Attempt 2/2: Trying with 'selenium_browser' strategy...
2026-09-27 17:19:43,538 - INFO - [BBC] Early skip: URL https://www.bbc.co.uk/news/articles/cqm2mm4y5dkko?at_medium=RSS&at_campaign=rss already exists.
2026-09-27 17:19:43,952 - INFO - [BBC] Article: https://www.bbc.co.uk/news/articles/c3ew9e5lg01vo?at_medium=RSS&at_campaign=rss
2026-09-27 17:19:43,955 - INFO - [BBC] Attempt 1/2: Trying with 'requests_browser' strategy...
2026-09-27 17:19:44,810 - ERROR - Error saving article India, Canada aim to conclude CEPA trade pact by end-2026: MEA - The Economic Times: Hrana: `stream error: `Error { message: "SQLite error: UNIQUE constraint failed: articles.url", code: "SQLITE_CONSTRAINT" }``
2026-09-27 17:19:44,864 - INFO - [NDTV] Page content loaded.
2026-09-27 17:19:44,921 - INFO - [The Hindu] Page content loaded.
2026-09-27 17:19:45,012 - INFO - [BBC] Success with 'requests_browser'. Found content (348 words).
2026-09-27 17:19:45,117 - INFO - [Wired] Success with 'selenium_browser'. Found content (2590 words).
2026-09-27 17:19:48,029 - INFO - [Economic Times] Article: https://economictimes.indiatimes.com/news/economy/infrastructure/govts-urban-reset-centre-divides-ministry-of-housing-and-urban-affairs-into-two-specialised-verticals/articleshow/132812900.cms
2026-09-27 17:19:48,036 - INFO - [Economic Times] Attempt 1/2: Trying with 'requests_browser' strategy...
2026-09-27 17:19:48,290 - INFO - >>> SUCCESSFULLY SAVED [ID: 126612] - Louisiana neighbours fought over a 70-foot strip of land; after signs, bright lights and even a dead cow appeared near the boundary, an appeals court upheld $15,000 in damages and an injunction - The Times of India from Times of India (985 words)
2026-09-27 17:19:48,751 - INFO - [NDTV] Success with 'selenium_browser'. Found content (448 words).
2026-09-27 17:19:48,950 - INFO - [The Hindu] Success with 'selenium_browser'. Found content (146 words).
2026-09-27 17:19:50,320 - INFO - [Times of India] Article: https://timesofindia.indiatimes.com/world/middle-east/us-rejects-irans-claim-of-capturing-underwater-drone-calls-move-clearly-desperate/articleshow/134523402.cms
2026-09-27 17:19:50,755 - INFO - [Times of India] Attempt 1/1: Trying with 'selenium_browser' strategy...
2026-09-27 17:19:51,847 - INFO - >>> SUCCESSFULLY SAVED [ID: 126613] - Woman faces 65 charges for stealing from patients and staff at Ontario hospitals - BBC News from BBC (348 words)
2026-09-27 17:19:53,795 - INFO - [BBC] Article: https://www.bbc.co.uk/news/articles/cm750plvwy9vo?at_medium=RSS&at_campaign=rss
2026-09-27 17:19:53,798 - INFO - [BBC] Attempt 1/2: Trying with 'requests_browser' strategy...
2026-09-27 17:19:55,341 - INFO - >>> SUCCESSFULLY SAVED [ID: 126614] - Best Party Speakers (2026): JBL, Sony, Marshall, and More | WIRED from Wired (2590 words)
2026-09-27 17:19:55,416 - INFO - [Economic Times] Success with 'requests_browser'. Found content (251 words).
2026-09-27 17:19:55,711 - INFO - [BBC] Success with 'requests_browser'. Found content (344 words).
2026-09-27 17:19:57,824 - INFO - [Times of India] Page content loaded.
2026-09-27 17:19:57,833 - INFO - [Wired] Article: https://www.wired.com/story/best-pet-dna-test-kits/
2026-09-27 17:19:57,834 - INFO - [Wired] Attempt 1/2: Trying with 'requests_browser' strategy...
2026-09-27 17:19:58,891 - INFO - >>> SUCCESSFULLY SAVED [ID: 126615] - Punjab’s LPU student protesters block NH-44, clash with police after alleged rape of female student - The Hindu from The Hindu (146 words)
2026-09-27 17:19:59,030 - ERROR - parsed tree length: 1, wrong data type or not valid HTML
2026-09-27 17:19:59,030 - ERROR - empty HTML tree: None
2026-09-27 17:19:59,030 - WARNING - discarding data: None
2026-09-27 17:19:59,030 - WARNING - [Wired] FAILED with 'requests_browser' (content was too short: 0 words).
2026-09-27 17:20:00,590 - INFO - [Wired] Article: https://www.wired.com/story/best-pet-dna-test-kits/
2026-09-27 17:20:00,590 - INFO - [Wired] Attempt 2/2: Trying with 'selenium_browser' strategy...
2026-09-27 17:20:00,592 - INFO - [The Hindu] Article: https://www.thehindu.com/news/national/telangana/bhadragiri-mart-a-tribal-women-led-enterprise-bags-state-level-award/article71515858.ece
2026-09-27 17:20:00,601 - INFO - [The Hindu] Attempt 1/1: Trying with 'selenium_browser' strategy...
2026-09-27 17:20:02,070 - INFO - >>> SUCCESSFULLY SAVED [ID: 126616] - Amit Shah Flags Off India's 1st LNG-Powered Train From Gujarat's Sabarmati from NDTV (448 words)
2026-09-27 17:20:03,645 - INFO - [NDTV] Article: https://www.ndtv.com/world-news/5-arrested-for-terrorist-activity-near-uk-airbase-used-by-us-in-iran-war-12105850#publisher=newsstand
2026-09-27 17:20:04,073 - INFO - [NDTV] Attempt 1/2: Trying with 'requests_browser' strategy...
2026-09-27 17:20:04,901 - ERROR - Error saving article Govt's urban reset: Centre divides ministry of Housing and Urban Affairs into two specialised verticals - The Economic Times: Hrana: `stream error: `Error { message: "SQLite error: UNIQUE constraint failed: articles.url", code: "SQLITE_CONSTRAINT" }``
2026-09-27 17:20:05,088 - ERROR - [NDTV] Request failed for strategy 'requests_browser' on URL https://www.ndtv.com/world-news/5-arrested-for-terrorist-activity-near-uk-airbase-used-by-us-in-iran-war-12105850#publisher=newsstand: 403 Client Error: Forbidden for url: https://www.ndtv.com/world-news/5-arrested-for-terrorist-activity-near-uk-airbase-used-by-us-in-iran-war-12105850#publisher=newsstand
2026-09-27 17:20:06,448 - INFO - [Al Jazeera] Page content loaded.
2026-09-27 17:20:06,449 - INFO - [Economic Times] Article: https://economictimes.indiatimes.com/news/economy/foreign-trade/india-uk-ceta-takes-effect-first-zero-duty-indian-coffee-jewellery-consignments-reach-uk-shores/articleshow/132442764.cms
2026-09-27 17:20:06,449 - INFO - [Economic Times] Attempt 1/2: Trying with 'requests_browser' strategy...
2026-09-27 17:20:06,465 - INFO - [NDTV] Article: https://www.ndtv.com/world-news/5-arrested-for-terrorist-activity-near-uk-airbase-used-by-us-in-iran-war-12105850#publisher=newsstand
2026-09-27 17:20:06,465 - INFO - [NDTV] Attempt 2/2: Trying with 'selenium_browser' strategy...
2026-09-27 17:20:07,712 - INFO - [The Hindu] Page content loaded.
2026-09-27 17:20:07,986 - INFO - >>> SUCCESSFULLY SAVED [ID: 126618] - Switzerland rejects stricter interpretation of its neutrality - BBC News from BBC (344 words)
2026-09-27 17:20:08,101 - INFO - [Economic Times] Success with 'requests_browser'. Found content (946 words).
2026-09-27 17:20:08,373 - INFO - [Times of India] Success with 'selenium_browser'. Found content (354 words).
2026-09-27 17:20:08,899 - INFO - [The Hindu] Success with 'selenium_browser'. Found content (94 words).
2026-09-27 17:20:09,063 - INFO - [BBC] Early skip: URL https://www.bbc.co.uk/news/articles/cq4gmmdl52rgo?at_medium=RSS&at_campaign=rss already exists.
2026-09-27 17:20:10,489 - INFO - [BBC] Early skip: URL https://www.bbc.co.uk/news/articles/ck1wxx8n2x3zo?at_medium=RSS&at_campaign=rss already exists.
2026-09-27 17:20:10,500 - INFO - [BBC] Early skip: URL https://www.bbc.co.uk/news/articles/c6p3kk78l4l1o?at_medium=RSS&at_campaign=rss already exists.
2026-09-27 17:20:10,501 - INFO - [BBC] Early skip: URL https://www.bbc.co.uk/news/articles/cq4g55r76d9lo?at_medium=RSS&at_campaign=rss already exists.
2026-09-27 17:20:10,509 - INFO - [BBC] Early skip: URL https://www.bbc.co.uk/news/articles/c914ddj21rzlo?at_medium=RSS&at_campaign=rss already exists.
2026-09-27 17:20:13,008 - INFO - [BBC] Article: https://www.bbc.co.uk/news/articles/cq39me84zrkdo?at_medium=RSS&at_campaign=rss
2026-09-27 17:20:13,008 - INFO - [BBC] Attempt 1/2: Trying with 'requests_browser' strategy...
2026-09-27 17:20:13,033 - ERROR - Error saving article India-UK CETA takes effect: First zero-duty Indian coffee, jewellery consignments reach UK shores - The Economic Times: Hrana: `stream error: `Error { message: "SQLite error: UNIQUE constraint failed: articles.url", code: "SQLITE_CONSTRAINT" }``
2026-09-27 17:20:13,095 - INFO - [NDTV] Page content loaded.
2026-09-27 17:20:13,573 - INFO - [BBC] Success with 'requests_browser'. Found content (1446 words).
2026-09-27 17:20:13,733 - INFO - [Economic Times] Article: https://economictimes.indiatimes.com/news/economy/foreign-trade/from-oman-to-tanzania-how-the-iran-war-is-redrawing-indias-trade-map/articleshow/131762760.cms
2026-09-27 17:20:13,733 - INFO - [Economic Times] Attempt 1/2: Trying with 'requests_browser' strategy...
2026-09-27 17:20:13,775 - INFO - [Al Jazeera] Success with 'selenium_browser'. Found content (963 words).
2026-09-27 17:20:16,384 - INFO - [Wired] Page content loaded.
2026-09-27 17:20:16,618 - INFO - >>> SUCCESSFULLY SAVED [ID: 126620] - US rejects Iran's claim of capturing underwater drone, calls move 'clearly desperate' - The Times of India from Times of India (354 words)
2026-09-27 17:20:16,707 - INFO - [NDTV] Success with 'selenium_browser'. Found content (626 words).
2026-09-27 17:20:17,099 - INFO - [Economic Times] Success with 'requests_browser'. Found content (378 words).
2026-09-27 17:20:18,414 - INFO - [Times of India] Article: https://timesofindia.indiatimes.com/world/us/yellowstone-rangers-remove-20100-pieces-of-trash-from-geothermal-areas-in-2026-including-more-than-5000-rocks-and-sticks-280-visitor-hats-and-over-18-in-coins/articleshow/134523257.cms
2026-09-27 17:20:18,414 - INFO - [Times of India] Attempt 1/1: Trying with 'selenium_browser' strategy...
2026-09-27 17:20:19,928 - INFO - >>> SUCCESSFULLY SAVED [ID: 126621] - Bhadragiri Mart, a tribal women-led enterprise, bags State-level award - The Hindu from The Hindu (94 words)
2026-09-27 17:20:21,968 - INFO - [The Hindu] Article: https://www.thehindu.com/news/national/uttar-pradesh/former-bsp-minister-others-join-congress-in-run-up-to-uttar-pradesh-assembly-polls/article71516691.ece
2026-09-27 17:20:21,971 - INFO - [The Hindu] Attempt 1/1: Trying with 'selenium_browser' strategy...
2026-09-27 17:20:23,005 - INFO - >>> SUCCESSFULLY SAVED [ID: 126622] - Before BTS and Blackpink, there was Big Bang: Now the 'Kings of K-pop' are back - BBC News from BBC (1446 words)
2026-09-27 17:20:24,654 - INFO - [BBC] Early skip: URL https://www.bbc.co.uk/news/articles/cq70dgdndr46o?at_medium=RSS&at_campaign=rss already exists.
2026-09-27 17:20:25,064 - INFO - [BBC] Early skip: URL https://www.bbc.co.uk/news/articles/cm5ydvww0erdo?at_medium=RSS&at_campaign=rss already exists.
2026-09-27 17:20:25,068 - INFO - [Times of India] Page content loaded.
2026-09-27 17:20:25,898 - INFO - [BBC] Early skip: URL https://www.bbc.co.uk/news/articles/cjn5ddzekwnro?at_medium=RSS&at_campaign=rss already exists.
2026-09-27 17:20:26,128 - INFO - [BBC] Early skip: URL https://www.bbc.co.uk/news/articles/cmx2zlqeje9zo?at_medium=RSS&at_campaign=rss already exists.
2026-09-27 17:20:26,133 - INFO - >>> SUCCESSFULLY SAVED [ID: 126623] - LIVE: Norway vs Portugal – Nations League | Football | Al Jazeera from Al Jazeera (963 words)
2026-09-27 17:20:26,135 - INFO - [BBC] Early skip: URL https://www.bbc.co.uk/news/videos/cme8xx55eryno?at_medium=RSS&at_campaign=rss already exists.
2026-09-27 17:20:26,146 - INFO - [BBC] Early skip: URL https://www.bbc.co.uk/news/videos/cwp933mr9v1xo?at_medium=RSS&at_campaign=rss already exists.
2026-09-27 17:20:26,153 - INFO - [BBC] Early skip: URL https://www.bbc.co.uk/news/videos/ckq633lm11jeo?at_medium=RSS&at_campaign=rss already exists.
2026-09-27 17:20:26,155 - INFO - [BBC] Early skip: URL https://www.bbc.co.uk/news/videos/cq14d142p08do?at_medium=RSS&at_campaign=rss already exists.
2026-09-27 17:20:26,156 - INFO - [BBC] (Thread) Finished. Attempting to shut down its Selenium driver.
2026-09-27 17:20:26,232 - INFO - [The Hindu] Page content loaded.
2026-09-27 17:20:26,249 - INFO - [Wired] Success with 'selenium_browser'. Found content (2325 words).
2026-09-27 17:20:26,260 - INFO - [BBC] (Thread) driver.quit() successful.
2026-09-27 17:20:28,239 - INFO - [Al Jazeera] Article: https://www.aljazeera.com/sports/2026/9/27/who-is-gavin-bazunu-and-why-is-he-boycotting-the-ireland-vs-israel-match?traffic_source=rss
2026-09-27 17:20:28,239 - INFO - [Al Jazeera] Attempt 1/2: Trying with 'requests_browser' strategy...
2026-09-27 17:20:29,284 - INFO - >>> SUCCESSFULLY SAVED [ID: 126624] - 5 Arrested For Terrorist Activity Near UK Airbase Used By US In Iran War from NDTV (626 words)
2026-09-27 17:20:30,852 - INFO - [NDTV] Article: https://www.ndtv.com/india-news/coimbatore-car-chase-video-in-dramatic-chase-tamil-nadu-cop-travels-40-kms-on-smugglers-car-roof-12105838#publisher=newsstand
2026-09-27 17:20:31,257 - INFO - [NDTV] Attempt 1/2: Trying with 'requests_browser' strategy...
2026-09-27 17:20:32,071 - ERROR - Error saving article From Oman to Tanzania: How the Iran war is redrawing India’s trade map - The Economic Times: Hrana: `stream error: `Error { message: "SQLite error: UNIQUE constraint failed: articles.url", code: "SQLITE_CONSTRAINT" }``
2026-09-27 17:20:32,141 - INFO - [The Hindu] Success with 'selenium_browser'. Found content (180 words).
2026-09-27 17:20:32,179 - ERROR - [NDTV] Request failed for strategy 'requests_browser' on URL https://www.ndtv.com/india-news/coimbatore-car-chase-video-in-dramatic-chase-tamil-nadu-cop-travels-40-kms-on-smugglers-car-roof-12105838#publisher=newsstand: 403 Client Error: Forbidden for url: https://www.ndtv.com/india-news/coimbatore-car-chase-video-in-dramatic-chase-tamil-nadu-cop-travels-40-kms-on-smugglers-car-roof-12105838#publisher=newsstand
2026-09-27 17:20:33,519 - INFO - [NDTV] Article: https://www.ndtv.com/india-news/coimbatore-car-chase-video-in-dramatic-chase-tamil-nadu-cop-travels-40-kms-on-smugglers-car-roof-12105838#publisher=newsstand
2026-09-27 17:20:33,928 - INFO - [Economic Times] Article: https://economictimes.indiatimes.com/news/economy/policy/fm-sitharaman-flags-global-crisis-spillovers-unfair-burden-on-developing-nations/articleshow/131668427.cms
2026-09-27 17:20:33,928 - INFO - [NDTV] Attempt 2/2: Trying with 'selenium_browser' strategy...
2026-09-27 17:20:33,928 - INFO - [Economic Times] Attempt 1/2: Trying with 'requests_browser' strategy...
2026-09-27 17:20:34,961 - INFO - >>> SUCCESSFULLY SAVED [ID: 126626] - What’s the Best Pet DNA Test? We Tested the Most Popular Ones | WIRED from Wired (2325 words)
2026-09-27 17:20:34,977 - INFO - [Al Jazeera] Success with 'requests_browser'. Found content (2089 words).
2026-09-27 17:20:35,028 - INFO - [Times of India] Success with 'selenium_browser'. Found content (652 words).
2026-09-27 17:20:36,830 - INFO - [Wired] Article: https://www.wired.com/story/you-dont-need-to-pay-for-distraction-blocking-software/
2026-09-27 17:20:37,882 - INFO - [Wired] Attempt 1/2: Trying with 'requests_browser' strategy...
2026-09-27 17:20:37,885 - INFO - >>> SUCCESSFULLY SAVED [ID: 126627] - Former BSP Minister, others join Congress in run-up to Uttar Pradesh Assembly polls - The Hindu from The Hindu (180 words)
2026-09-27 17:20:37,897 - INFO - [NDTV] Page content loaded.
2026-09-27 17:20:37,987 - INFO - [Economic Times] Success with 'requests_browser'. Found content (310 words).
2026-09-27 17:20:38,066 - ERROR - parsed tree length: 1, wrong data type or not valid HTML
2026-09-27 17:20:38,067 - ERROR - empty HTML tree: None
2026-09-27 17:20:38,067 - WARNING - discarding data: None
2026-09-27 17:20:38,067 - WARNING - [Wired] FAILED with 'requests_browser' (content was too short: 0 words).
2026-09-27 17:20:39,396 - INFO - [Wired] Article: https://www.wired.com/story/you-dont-need-to-pay-for-distraction-blocking-software/
2026-09-27 17:20:39,396 - INFO - [Wired] Attempt 2/2: Trying with 'selenium_browser' strategy...
2026-09-27 17:20:39,802 - INFO - [The Hindu] Article: https://www.thehindu.com/news/national/telangana/tpfs-vidya-bus-yatra-reaches-final-leg-at-gabbilalpet-government-school/article71516575.ece
2026-09-27 17:20:39,802 - INFO - [The Hindu] Attempt 1/1: Trying with 'selenium_browser' strategy...
2026-09-27 17:20:40,837 - INFO - >>> SUCCESSFULLY SAVED [ID: 126628] - Who is Gavin Bazunu, and why is he boycotting the Ireland vs Israel match? | Football | Al Jazeera from Al Jazeera (2089 words)
2026-09-27 17:20:40,968 - INFO - [NDTV] Success with 'selenium_browser'. Found content (349 words).
2026-09-27 17:20:42,366 - INFO - [Al Jazeera] Article: https://www.aljazeera.com/opinions/2026/9/27/the-longevity-boom-is-getting-ahead-of-the-science?traffic_source=rss
2026-09-27 17:20:42,366 - INFO - [Al Jazeera] Attempt 1/2: Trying with 'requests_browser' strategy...
2026-09-27 17:20:43,893 - INFO - >>> SUCCESSFULLY SAVED [ID: 126629] - Yellowstone rangers remove 20,100 pieces of trash from geothermal areas in 2026, including more than 5,000 rocks and sticks, 280 visitor hats and over $18 in coins - The Times of India from Times of India (652 words)
2026-09-27 17:20:44,038 - INFO - [The Hindu] Page content loaded.
2026-09-27 17:20:44,086 - INFO - [Al Jazeera] Success with 'requests_browser'. Found content (1332 words).
2026-09-27 17:20:45,728 - INFO - [Times of India] Article: https://timesofindia.indiatimes.com/world/china/in-1999-pennsylvania-teacher-ronald-sakolsky-donated-5000-to-farmer-yin-yuzhen-to-fund-her-tree-planting-efforts-in-inner-mongolia-27-years-later-his-contribution-helped-transform-chinas-maowusu-desert-into-a-forest-of-50000-trees/articleshow/134522082.cms
2026-09-27 17:20:45,728 - INFO - [Times of India] Attempt 1/1: Trying with 'selenium_browser' strategy...
2026-09-27 17:20:46,990 - ERROR - Error saving article FM Sitharaman flags global crisis spillovers, unfair burden on developing nations - The Economic Times: Hrana: `stream error: `Error { message: "SQLite error: UNIQUE constraint failed: articles.url", code: "SQLITE_CONSTRAINT" }``
2026-09-27 17:20:46,992 - INFO - [Wired] Page content loaded.
2026-09-27 17:20:47,169 - WARNING - [The Hindu] FAILED with 'selenium_browser' (content was too short: 65 words).
2026-09-27 17:20:47,169 - ERROR - [The Hindu] All scrape strategies failed for https://www.thehindu.com/news/national/telangana/tpfs-vidya-bus-yatra-reaches-final-leg-at-gabbilalpet-government-school/article71516575.ece. Falling back to RSS description.
2026-09-27 17:20:47,169 - WARNING - SKIPPED (GLOBAL WORD LIMIT): Article 'TPFs vidya bus yatra reaches final leg at Gabbilalpet Government School' from The Hindu has only 3 words (Min: 90).
2026-09-27 17:20:48,473 - INFO - [Economic Times] Article: https://economictimes.indiatimes.com/tech/technology/apple-faces-indian-engineers-bias-lawsuit/articleshow/81694292.cms
2026-09-27 17:20:48,879 - INFO - [Economic Times] Attempt 1/2: Trying with 'requests_browser' strategy...
2026-09-27 17:20:48,474 - INFO - [The Hindu] Article: https://www.thehindu.com/news/national/andhra-pradesh/prof-gsn-raju-receives-national-iete-lifetime-achievement-award/article71516812.ece
2026-09-27 17:20:48,910 - INFO - [The Hindu] Attempt 1/1: Trying with 'selenium_browser' strategy...
2026-09-27 17:20:50,019 - INFO - >>> SUCCESSFULLY SAVED [ID: 126631] - Coimbatore car chase video In Dramatic Chase, Tamil Nadu Cop Travels 40 kms On Smugglers' Car Roof from NDTV (349 words)
2026-09-27 17:20:50,092 - ERROR - parsed tree length: 1, wrong data type or not valid HTML
2026-09-27 17:20:50,092 - ERROR - empty HTML tree: None
2026-09-27 17:20:50,092 - WARNING - discarding data: None
2026-09-27 17:20:50,092 - WARNING - [Economic Times] FAILED with 'requests_browser' (content was too short: 0 words).
2026-09-27 17:20:50,353 - INFO - [Wired] Success with 'selenium_browser'. Found content (765 words).
2026-09-27 17:20:51,757 - INFO - [NDTV] Article: https://www.ndtv.com/india-news/situation-on-china-border-stable-no-cause-for-concern-chief-of-defence-staff-to-ndtv-12105794#publisher=newsstand
2026-09-27 17:20:51,757 - INFO - [NDTV] Attempt 1/2: Trying with 'requests_browser' strategy...
2026-09-27 17:20:52,996 - INFO - [Economic Times] Article: https://economictimes.indiatimes.com/tech/technology/apple-faces-indian-engineers-bias-lawsuit/articleshow/81694292.cms
2026-09-27 17:20:52,996 - INFO - [Economic Times] Attempt 2/2: Trying with 'selenium_browser' strategy...
2026-09-27 17:20:53,244 - INFO - >>> SUCCESSFULLY SAVED [ID: 126632] - The longevity boom is getting ahead of the science | Science and Technology | Al Jazeera from Al Jazeera (1332 words)
2026-09-27 17:20:53,451 - ERROR - [NDTV] Request failed for strategy 'requests_browser' on URL https://www.ndtv.com/india-news/situation-on-china-border-stable-no-cause-for-concern-chief-of-defence-staff-to-ndtv-12105794#publisher=newsstand: 403 Client Error: Forbidden for url: https://www.ndtv.com/india-news/situation-on-china-border-stable-no-cause-for-concern-chief-of-defence-staff-to-ndtv-12105794#publisher=newsstand
2026-09-27 17:20:55,193 - INFO - [Al Jazeera] Article: https://www.aljazeera.com/video/witness/2026/9/27/finding-desert-angels-searching-for-the-missing-at-the-us-mexico-border?traffic_source=rss
2026-09-27 17:20:55,193 - INFO - [Al Jazeera] Attempt 1/2: Trying with 'requests_browser' strategy...
2026-09-27 17:20:55,195 - WARNING - [Times of India] Page explicit wait timed out (3s). Proceeding anyway.
2026-09-27 17:20:55,198 - INFO - [NDTV] Article: https://www.ndtv.com/india-news/situation-on-china-border-stable-no-cause-for-concern-chief-of-defence-staff-to-ndtv-12105794#publisher=newsstand
2026-09-27 17:20:55,198 - INFO - [NDTV] Attempt 2/2: Trying with 'selenium_browser' strategy...
2026-09-27 17:20:56,053 - INFO - [The Hindu] Page content loaded.
2026-09-27 17:20:56,335 - INFO - >>> SUCCESSFULLY SAVED [ID: 126633] - You Don’t Need to Pay for Distraction-Blocking Software | WIRED from Wired (765 words)
2026-09-27 17:20:56,452 - INFO - [Al Jazeera] Success with 'requests_browser'. Found content (138 words).
2026-09-27 17:20:56,866 - WARNING - [The Hindu] FAILED with 'selenium_browser' (content was too short: 89 words).
2026-09-27 17:20:56,866 - ERROR - [The Hindu] All scrape strategies failed for https://www.thehindu.com/news/national/andhra-pradesh/prof-gsn-raju-receives-national-iete-lifetime-achievement-award/article71516812.ece. Falling back to RSS description.
2026-09-27 17:20:56,866 - WARNING - SKIPPED (GLOBAL WORD LIMIT): Article 'Prof. G.S.N. Raju receives National IETE Lifetime Achievement Award' from The Hindu has only 3 words (Min: 90).
2026-09-27 17:20:58,510 - INFO - [Wired] Article: https://www.wired.com/story/data-center-backlash-climate-reckoning/
2026-09-27 17:20:58,510 - INFO - [The Hindu] Article: https://www.thehindu.com/news/cities/Coimbatore/chief-minister-should-learn-to-speak-politely-says-nainar/article71517015.ece
2026-09-27 17:20:58,512 - INFO - [Wired] Attempt 1/2: Trying with 'requests_browser' strategy...
2026-09-27 17:20:58,519 - INFO - [The Hindu] Attempt 1/1: Trying with 'selenium_browser' strategy...
2026-09-27 17:20:59,576 - INFO - [Times of India] Success with 'selenium_browser'. Found content (759 words).
2026-09-27 17:20:59,625 - INFO - >>> SUCCESSFULLY SAVED [ID: 126634] - Finding Desert Angels: Searching for the missing at the US-Mexico border | US-Mexico Border | Al Jazeera from Al Jazeera (138 words)
2026-09-27 17:20:59,679 - ERROR - parsed tree length: 1, wrong data type or not valid HTML
2026-09-27 17:20:59,679 - ERROR - empty HTML tree: None
2026-09-27 17:20:59,680 - WARNING - discarding data: None
2026-09-27 17:20:59,680 - WARNING - [Wired] FAILED with 'requests_browser' (content was too short: 0 words).
2026-09-27 17:20:59,723 - INFO - [NDTV] Page content loaded.
2026-09-27 17:21:00,449 - INFO - [NDTV] Success with 'selenium_browser'. Found content (380 words).
2026-09-27 17:21:00,679 - INFO - [Wired] Article: https://www.wired.com/story/data-center-backlash-climate-reckoning/
2026-09-27 17:21:00,680 - INFO - [Wired] Attempt 2/2: Trying with 'selenium_browser' strategy...
2026-09-27 17:21:02,432 - INFO - [Al Jazeera] Article: https://www.aljazeera.com/opinions/2026/9/27/for-libya-the-hormuz-crisis-can-be-a-trap-or-an-opportunity?traffic_source=rss
2026-09-27 17:21:02,432 - INFO - [Al Jazeera] Attempt 1/2: Trying with 'requests_browser' strategy...
2026-09-27 17:21:05,760 - INFO - >>> SUCCESSFULLY SAVED [ID: 126635] - In 1999, Pennsylvania teacher Ronald Sakolsky donated $5,000 to farmer Yin Yuzhen to fund her tree-planting efforts in Inner Mongolia; 27 years later, his contribution helped transform China’s Maowusu Desert into a forest of 50,000 trees - The Times of India from Times of India (759 words)
2026-09-27 17:21:05,980 - INFO - [Al Jazeera] Success with 'requests_browser'. Found content (1167 words).
2026-09-27 17:21:06,498 - INFO - [Times of India] Article: https://timesofindia.indiatimes.com/world/us/in-2020-a-new-jersey-man-lost-his-job-and-began-mowing-lawns-for-free-six-years-later-his-volunteer-network-has-grown-to-more-than-2000-people-across-all-50-us-states/articleshow/134521228.cms
2026-09-27 17:21:06,498 - INFO - [Times of India] Attempt 1/1: Trying with 'selenium_browser' strategy...
2026-09-27 17:21:09,591 - INFO - [The Hindu] Page content loaded.
2026-09-27 17:21:09,823 - INFO - >>> SUCCESSFULLY SAVED [ID: 126636] - For Libya, the Hormuz crisis can be a trap or an opportunity | Energy | Al Jazeera from Al Jazeera (1167 words)
2026-09-27 17:21:11,441 - INFO - [Economic Times] Page content loaded.
2026-09-27 17:21:11,852 - INFO - [Al Jazeera] Article: https://www.aljazeera.com/economy/2026/9/27/strait-of-hormuz-tensions-linger-as-iran-and-us-move-further-from-a-deal?traffic_source=rss
2026-09-27 17:21:11,852 - INFO - [Al Jazeera] Attempt 1/2: Trying with 'requests_browser' strategy...
2026-09-27 17:21:12,909 - INFO - >>> SUCCESSFULLY SAVED [ID: 126637] - "Situation On China Border Stable, No Cause For Concern": Chief Of Defence Staff To NDTV from NDTV (380 words)
2026-09-27 17:21:13,045 - INFO - [Al Jazeera] Success with 'requests_browser'. Found content (940 words).
2026-09-27 17:21:13,118 - INFO - [The Hindu] Success with 'selenium_browser'. Found content (132 words).
2026-09-27 17:21:13,557 - INFO - DEDUPLICATION: Found match (Score: 0.84). Linking to Cluster ID: e5126689-e624-4c7f-930d-3fbb44dbdba5
2026-09-27 17:21:14,791 - INFO - [NDTV] Article: https://www.ndtv.com/india-news/building-an-ai-spine-for-armed-forces-defence-secretary-rajesh-kumar-singh-to-ndtv-12105688#publisher=newsstand
2026-09-27 17:21:14,792 - INFO - [NDTV] Attempt 1/2: Trying with 'requests_browser' strategy...
2026-09-27 17:21:16,068 - INFO - [Wired] Page content loaded.
2026-09-27 17:21:16,314 - INFO - >>> SUCCESSFULLY SAVED [ID: 126638] - Strait of Hormuz tensions linger as Iran and US move further from a deal | US-Israel war on Iran News | Al Jazeera from Al Jazeera (940 words)
2026-09-27 17:21:16,379 - ERROR - [NDTV] Request failed for strategy 'requests_browser' on URL https://www.ndtv.com/india-news/building-an-ai-spine-for-armed-forces-defence-secretary-rajesh-kumar-singh-to-ndtv-12105688#publisher=newsstand: 403 Client Error: Forbidden for url: https://www.ndtv.com/india-news/building-an-ai-spine-for-armed-forces-defence-secretary-rajesh-kumar-singh-to-ndtv-12105688#publisher=newsstand
2026-09-27 17:21:16,642 - INFO - [Economic Times] Success with 'selenium_browser'. Found content (743 words).
2026-09-27 17:21:18,107 - INFO - [NDTV] Article: https://www.ndtv.com/india-news/building-an-ai-spine-for-armed-forces-defence-secretary-rajesh-kumar-singh-to-ndtv-12105688#publisher=newsstand
2026-09-27 17:21:18,107 - INFO - [NDTV] Attempt 2/2: Trying with 'selenium_browser' strategy...
2026-09-27 17:21:18,108 - INFO - [Al Jazeera] Article: https://www.aljazeera.com/video/true-crime-reports/2026/9/27/true-crime-reports-the-dosa-kings-deadly-obsession?traffic_source=rss
2026-09-27 17:21:18,108 - INFO - [Al Jazeera] Attempt 1/2: Trying with 'requests_browser' strategy...
2026-09-27 17:21:18,534 - INFO - [Times of India] Page content loaded.
2026-09-27 17:21:19,609 - INFO - >>> SUCCESSFULLY SAVED [ID: 126639] - Chief Minister should learn to speak politely, says Nainar - The Hindu from The Hindu (132 words)
2026-09-27 17:21:20,048 - INFO - [Al Jazeera] Success with 'requests_browser'. Found content (247 words).
2026-09-27 17:21:20,446 - INFO - [The Hindu] Article: https://www.thehindu.com/news/national/andhra-pradesh/apcc-to-protest-today-in-vijayawada-over-irregularities-in-electoral-rolls/article71516694.ece
2026-09-27 17:21:20,446 - INFO - [The Hindu] Attempt 1/1: Trying with 'selenium_browser' strategy...
2026-09-27 17:21:20,483 - INFO - [Wired] Success with 'selenium_browser'. Found content (2313 words).
2026-09-27 17:21:22,982 - ERROR - Error saving article Apple faces Indian engineer’s bias lawsuit - The Economic Times: Hrana: `stream error: `Error { message: "SQLite error: UNIQUE constraint failed: articles.url", code: "SQLITE_CONSTRAINT" }``
2026-09-27 17:21:23,050 - INFO - [NDTV] Page content loaded.
2026-09-27 17:21:23,197 - INFO - [Times of India] Success with 'selenium_browser'. Found content (786 words).
2026-09-27 17:21:24,674 - INFO - [Economic Times] Article: https://economictimes.indiatimes.com/news/defence/despite-transatlantic-love-fest-eu-charts-third-way-in-ties-with-us-and-china/articleshow/81467467.cms
2026-09-27 17:21:24,675 - INFO - [Economic Times] Attempt 1/2: Trying with 'requests_browser' strategy...
2026-09-27 17:21:26,162 - INFO - >>> SUCCESSFULLY SAVED [ID: 126641] - True Crime Reports: The Dosa King’s Deadly Obsession | Digital Series | Al Jazeera from Al Jazeera (247 words)
2026-09-27 17:21:26,214 - INFO - [The Hindu] Page content loaded.
2026-09-27 17:21:26,301 - INFO - [NDTV] Success with 'selenium_browser'. Found content (369 words).
2026-09-27 17:21:26,518 - INFO - [Economic Times] Success with 'requests_browser'. Found content (799 words).
2026-09-27 17:21:27,874 - INFO - [Al Jazeera] Target reached: Successfully saved 8 new articles.
2026-09-27 17:21:28,282 - INFO - [Al Jazeera] (Thread) Finished. Attempting to shut down its Selenium driver.
2026-09-27 17:21:29,334 - INFO - >>> SUCCESSFULLY SAVED [ID: 126642] - The Data Center Backlash Should Also Be a Climate Reckoning. It Isn’t Yet | WIRED from Wired (2313 words)
2026-09-27 17:21:29,343 - INFO - [Al Jazeera] (Thread) driver.quit() successful.
2026-09-27 17:21:29,416 - WARNING - [The Hindu] FAILED with 'selenium_browser' (content was too short: 81 words).
2026-09-27 17:21:29,416 - ERROR - [The Hindu] All scrape strategies failed for https://www.thehindu.com/news/national/andhra-pradesh/apcc-to-protest-today-in-vijayawada-over-irregularities-in-electoral-rolls/article71516694.ece. Falling back to RSS description.
2026-09-27 17:21:29,416 - WARNING - SKIPPED (GLOBAL WORD LIMIT): Article 'APCC to protest today in Vijayawada over ‘irregularities’ in electoral rolls' from The Hindu has only 3 words (Min: 90).
2026-09-27 17:21:30,701 - INFO - [The Hindu] Article: https://www.thehindu.com/news/cities/bangalore/hdk-to-tour-villages-along-nice-stretch-meet-affected-families-from-october-2/article71516608.ece
2026-09-27 17:21:31,111 - INFO - [The Hindu] Attempt 1/1: Trying with 'selenium_browser' strategy...
2026-09-27 17:21:32,153 - INFO - >>> SUCCESSFULLY SAVED [ID: 126643] - In 2020, a New Jersey man lost his job and began mowing lawns for free; six years later, his volunteer network has grown to more than 2,000 people across all 50 US states - The Times of India from Times of India (786 words)
2026-09-27 17:21:31,112 - INFO - [Wired] Article: https://www.wired.com/story/nicotine-is-mounting-a-comeback-in-the-wellness-movement/
2026-09-27 17:21:32,158 - INFO - [Wired] Attempt 1/2: Trying with 'requests_browser' strategy...
2026-09-27 17:21:32,288 - ERROR - parsed tree length: 1, wrong data type or not valid HTML
2026-09-27 17:21:32,288 - ERROR - empty HTML tree: None
2026-09-27 17:21:33,917 - WARNING - discarding data: None
2026-09-27 17:21:33,918 - INFO - [Times of India] Article: https://timesofindia.indiatimes.com/world/us/888-million-for-ads-us-republicans-ramp-up-sends-to-defend-39-house-seats-once-deemed-safe/articleshow/134521408.cms
2026-09-27 17:21:34,741 - INFO - [Times of India] Attempt 1/1: Trying with 'selenium_browser' strategy...
2026-09-27 17:21:33,918 - WARNING - [Wired] FAILED with 'requests_browser' (content was too short: 0 words).
2026-09-27 17:21:34,970 - INFO - >>> SUCCESSFULLY SAVED [ID: 126644] - "View Was To Go With Palantir": Defence Secretary Rajesh Kumar Singh To NDTV from NDTV (369 words)
2026-09-27 17:21:36,349 - INFO - [Wired] Article: https://www.wired.com/story/nicotine-is-mounting-a-comeback-in-the-wellness-movement/
2026-09-27 17:21:36,350 - INFO - [Wired] Attempt 2/2: Trying with 'selenium_browser' strategy...
2026-09-27 17:21:36,350 - INFO - [NDTV] Article: https://www.ndtv.com/india-news/ndtv-defence-summit-2026-india-to-get-f-35-or-sukhoi-57-what-russian-envoy-denis-alipov-said-at-ndtv-defence-summit-12105492#publisher=newsstand
2026-09-27 17:21:36,759 - INFO - [NDTV] Attempt 1/2: Trying with 'requests_browser' strategy...
2026-09-27 17:21:37,595 - ERROR - Error saving article Despite transatlantic 'love fest', EU charts third way in ties with US and China - The Economic Times: Hrana: `stream error: `Error { message: "SQLite error: UNIQUE constraint failed: articles.url", code: "SQLITE_CONSTRAINT" }``
2026-09-27 17:21:37,646 - INFO - [The Hindu] Page content loaded.
2026-09-27 17:21:37,697 - ERROR - [NDTV] Request failed for strategy 'requests_browser' on URL https://www.ndtv.com/india-news/ndtv-defence-summit-2026-india-to-get-f-35-or-sukhoi-57-what-russian-envoy-denis-alipov-said-at-ndtv-defence-summit-12105492#publisher=newsstand: 403 Client Error: Forbidden for url: https://www.ndtv.com/india-news/ndtv-defence-summit-2026-india-to-get-f-35-or-sukhoi-57-what-russian-envoy-denis-alipov-said-at-ndtv-defence-summit-12105492#publisher=newsstand
2026-09-27 17:21:38,030 - WARNING - [The Hindu] FAILED with 'selenium_browser' (content was too short: 68 words).
2026-09-27 17:21:38,033 - ERROR - [The Hindu] All scrape strategies failed for https://www.thehindu.com/news/cities/bangalore/hdk-to-tour-villages-along-nice-stretch-meet-affected-families-from-october-2/article71516608.ece. Falling back to RSS description.
2026-09-27 17:21:38,033 - WARNING - SKIPPED (GLOBAL WORD LIMIT): Article 'HDK to tour villages along NICE stretch, meet affected families from October 2' from The Hindu has only 28 words (Min: 90).
2026-09-27 17:21:38,212 - INFO - [Economic Times] Article: https://economictimes.indiatimes.com/tech/tech-bytes/twitters-india-policy-head-to-step-down-will-transition-in-march/articleshow/80732868.cms
2026-09-27 17:21:38,212 - INFO - [Economic Times] Attempt 1/2: Trying with 'requests_browser' strategy...
2026-09-27 17:21:38,485 - INFO - [NDTV] Article: https://www.ndtv.com/india-news/ndtv-defence-summit-2026-india-to-get-f-35-or-sukhoi-57-what-russian-envoy-denis-alipov-said-at-ndtv-defence-summit-12105492#publisher=newsstand
2026-09-27 17:21:38,486 - INFO - [NDTV] Attempt 2/2: Trying with 'selenium_browser' strategy...
2026-09-27 17:21:38,642 - ERROR - parsed tree length: 1, wrong data type or not valid HTML
2026-09-27 17:21:38,642 - ERROR - empty HTML tree: None
2026-09-27 17:21:38,642 - WARNING - discarding data: None
2026-09-27 17:21:38,642 - WARNING - [Economic Times] FAILED with 'requests_browser' (content was too short: 0 words).
2026-09-27 17:21:39,292 - INFO - [The Hindu] Article: https://www.thehindu.com/news/national/jammu-and-kashmir/outsiders-buying-land-in-srinagar-nc-must-be-held-accountable-for-demographic-changes-altaf-bukhari/article71516730.ece
2026-09-27 17:21:39,292 - INFO - [The Hindu] Attempt 1/1: Trying with 'selenium_browser' strategy...
2026-09-27 17:21:39,343 - INFO - [Economic Times] Article: https://economictimes.indiatimes.com/tech/tech-bytes/twitters-india-policy-head-to-step-down-will-transition-in-march/articleshow/80732868.cms
2026-09-27 17:21:39,344 - INFO - [Economic Times] Attempt 2/2: Trying with 'selenium_browser' strategy...
2026-09-27 17:21:40,424 - INFO - [Times of India] Page content loaded.
2026-09-27 17:21:40,444 - INFO - [NDTV] Page content loaded.
2026-09-27 17:21:41,223 - INFO - [NDTV] Success with 'selenium_browser'. Found content (557 words).
2026-09-27 17:21:42,221 - INFO - [Times of India] Success with 'selenium_browser'. Found content (405 words).
2026-09-27 17:21:45,034 - INFO - >>> SUCCESSFULLY SAVED [ID: 126646] - NDTV Defence Summit 2026 India To Get F-35 Or Sukhoi-57 What Russian Envoy Denis Alipov Said At NDTV Defence Summit from NDTV (557 words)
2026-09-27 17:21:45,326 - INFO - [The Hindu] Page content loaded.
2026-09-27 17:21:45,594 - INFO - [NDTV] Article: https://www.ndtv.com/india-news/prepared-to-respond-quickly-decisively-defence-chief-subramani-on-pakistan-threat-operation-sindoor-lessons-12105666#publisher=newsstand
2026-09-27 17:21:45,594 - INFO - [NDTV] Attempt 1/2: Trying with 'requests_browser' strategy...
2026-09-27 17:21:46,919 - INFO - [Wired] Page content loaded.
2026-09-27 17:21:48,437 - INFO - >>> SUCCESSFULLY SAVED [ID: 126647] - $888 million for ads: US Republicans ramp up sends to defend 39 House seats once deemed 'safe' - The Times of India from Times of India (405 words)
2026-09-27 17:21:48,451 - ERROR - [NDTV] Request failed for strategy 'requests_browser' on URL https://www.ndtv.com/india-news/prepared-to-respond-quickly-decisively-defence-chief-subramani-on-pakistan-threat-operation-sindoor-lessons-12105666#publisher=newsstand: 403 Client Error: Forbidden for url: https://www.ndtv.com/india-news/prepared-to-respond-quickly-decisively-defence-chief-subramani-on-pakistan-threat-operation-sindoor-lessons-12105666#publisher=newsstand
2026-09-27 17:21:48,613 - INFO - [The Hindu] Success with 'selenium_browser'. Found content (111 words).
2026-09-27 17:21:48,743 - INFO - [Wired] Success with 'selenium_browser'. Found content (759 words).
2026-09-27 17:21:50,232 - INFO - [Economic Times] Page content loaded.
2026-09-27 17:21:50,233 - INFO - [NDTV] Article: https://www.ndtv.com/india-news/prepared-to-respond-quickly-decisively-defence-chief-subramani-on-pakistan-threat-operation-sindoor-lessons-12105666#publisher=newsstand
2026-09-27 17:21:50,233 - INFO - [NDTV] Attempt 2/2: Trying with 'selenium_browser' strategy...
2026-09-27 17:21:50,234 - INFO - [Times of India] Article: https://timesofindia.indiatimes.com/world/middle-east/american-terrorist-army-iran-claims-second-us-submarine-seized-in-hormuz/articleshow/134521244.cms
2026-09-27 17:21:50,234 - INFO - [Times of India] Attempt 1/1: Trying with 'selenium_browser' strategy...
2026-09-27 17:21:51,731 - INFO - >>> SUCCESSFULLY SAVED [ID: 126648] - Outsiders buying land in Srinagar, NC must be held accountable for demographic changes: Altaf Bukhari - The Hindu from The Hindu (111 words)
2026-09-27 17:21:53,246 - INFO - [The Hindu] Article: https://www.thehindu.com/news/national/andhra-pradesh/hospitality-sector-seeks-lands-for-budget-friendly-hotels-to-boost-tourism/article71515205.ece
2026-09-27 17:21:53,246 - INFO - [The Hindu] Attempt 1/1: Trying with 'selenium_browser' strategy...
2026-09-27 17:21:54,708 - INFO - >>> SUCCESSFULLY SAVED [ID: 126649] - Nicotine Is Mounting a Comeback in the Wellness Movement | WIRED from Wired (759 words)
2026-09-27 17:21:54,988 - INFO - [Economic Times] Success with 'selenium_browser'. Found content (615 words).
2026-09-27 17:21:55,572 - INFO - [Wired] Article: https://www.wired.com/story/pancreatic-cells-just-one-genetic-tweak-away-from-treating-diabetes/
2026-09-27 17:21:55,572 - INFO - [Wired] Attempt 1/2: Trying with 'requests_browser' strategy...
2026-09-27 17:21:55,804 - ERROR - parsed tree length: 1, wrong data type or not valid HTML
2026-09-27 17:21:55,804 - ERROR - empty HTML tree: None
2026-09-27 17:21:55,804 - WARNING - discarding data: None
2026-09-27 17:21:55,804 - WARNING - [Wired] FAILED with 'requests_browser' (content was too short: 0 words).
2026-09-27 17:21:57,554 - INFO - [Wired] Article: https://www.wired.com/story/pancreatic-cells-just-one-genetic-tweak-away-from-treating-diabetes/
2026-09-27 17:21:57,554 - INFO - [Wired] Attempt 2/2: Trying with 'selenium_browser' strategy...
2026-09-27 17:21:58,793 - ERROR - Error saving article Twitter's India policy head, Mahima Kaul, to step down; will transition in March - The Economic Times: Hrana: `stream error: `Error { message: "SQLite error: UNIQUE constraint failed: articles.url", code: "SQLITE_CONSTRAINT" }``
2026-09-27 17:21:59,579 - INFO - [Economic Times] Article: https://economictimes.indiatimes.com/tech/tech-and-gadgets/govt-may-keep-rs-7500-cr-outlay-for-it-hardware-manufacturing-under-pli-scheme/articleshow/80333429.cms
2026-09-27 17:21:59,580 - INFO - [Economic Times] Attempt 1/2: Trying with 'requests_browser' strategy...
2026-09-27 17:22:00,022 - ERROR - parsed tree length: 1, wrong data type or not valid HTML
2026-09-27 17:22:00,023 - ERROR - empty HTML tree: None
2026-09-27 17:22:00,023 - WARNING - discarding data: None
2026-09-27 17:22:00,023 - WARNING - [Economic Times] FAILED with 'requests_browser' (content was too short: 0 words).
2026-09-27 17:22:00,561 - INFO - [Economic Times] Article: https://economictimes.indiatimes.com/tech/tech-and-gadgets/govt-may-keep-rs-7500-cr-outlay-for-it-hardware-manufacturing-under-pli-scheme/articleshow/80333429.cms
2026-09-27 17:22:00,561 - INFO - [Economic Times] Attempt 2/2: Trying with 'selenium_browser' strategy...
2026-09-27 17:22:03,889 - INFO - [The Hindu] Page content loaded.
2026-09-27 17:22:04,831 - INFO - [The Hindu] Success with 'selenium_browser'. Found content (114 words).
2026-09-27 17:22:07,398 - INFO - [Times of India] Page content loaded.
2026-09-27 17:22:08,453 - INFO - >>> SUCCESSFULLY SAVED [ID: 126651] - Hospitality sector seeks lands for budget-friendly hotels to boost tourism - The Hindu from The Hindu (114 words)
2026-09-27 17:22:09,098 - INFO - [The Hindu] Article: https://www.thehindu.com/news/national/jammu-and-kashmir/following-court-order-jkca-holds-annual-general-meeting-discusses-irani-cup/article71516742.ece
2026-09-27 17:22:09,098 - INFO - [The Hindu] Attempt 1/1: Trying with 'selenium_browser' strategy...
2026-09-27 17:22:11,183 - INFO - [Times of India] Success with 'selenium_browser'. Found content (678 words).
2026-09-27 17:22:12,029 - INFO - [Economic Times] Page content loaded.
2026-09-27 17:22:12,907 - INFO - DEDUPLICATION: Found match (Score: 0.84). Linking to Cluster ID: ed778c01-1693-4342-aed7-d2e8155b3443
2026-09-27 17:22:15,720 - INFO - >>> SUCCESSFULLY SAVED [ID: 126652] - 'American terrorist army': Iran claims second US submarine seized in Hormuz - The Times of India from Times of India (678 words)
2026-09-27 17:22:16,136 - INFO - [Economic Times] Success with 'selenium_browser'. Found content (481 words).
2026-09-27 17:22:16,824 - INFO - [Times of India] Article: https://timesofindia.indiatimes.com/real-estate/in-2018-jon-bon-jovi-paid-10-million-for-a-palm-beach-home-demolished-it-and-rebuilt-two-years-later-he-sold-the-new-mansion-for-19-85-million-and-bought-a-43-million-estate/articleshow/134520276.cms
2026-09-27 17:22:16,824 - INFO - [Times of India] Attempt 1/1: Trying with 'selenium_browser' strategy...
2026-09-27 17:22:19,645 - WARNING - [The Hindu] Page get timed out (7s). Proceeding to grab partial source anyway.
2026-09-27 17:22:19,646 - ERROR - Error saving article Govt may keep Rs 7,500 cr outlay for IT hardware manufacturing under PLI scheme - The Economic Times: Hrana: `stream error: `Error { message: "SQLite error: UNIQUE constraint failed: articles.url", code: "SQLITE_CONSTRAINT" }``
2026-09-27 17:22:19,989 - INFO - [NDTV] Page content loaded.
2026-09-27 17:22:20,252 - INFO - [The Hindu] Page content loaded.
2026-09-27 17:22:20,466 - INFO - [Economic Times] Article: https://economictimes.indiatimes.com/tech/technology/indian-dating-apps-services-see-surge-of-paying-users-in-small-cities/articleshow/80063342.cms
2026-09-27 17:22:20,466 - INFO - [Economic Times] Attempt 1/2: Trying with 'requests_browser' strategy...
2026-09-27 17:22:21,034 - ERROR - parsed tree length: 1, wrong data type or not valid HTML
2026-09-27 17:22:21,049 - ERROR - empty HTML tree: None
2026-09-27 17:22:21,050 - WARNING - discarding data: None
2026-09-27 17:22:21,050 - WARNING - [Economic Times] FAILED with 'requests_browser' (content was too short: 0 words).
2026-09-27 17:22:21,233 - INFO - [NDTV] Success with 'selenium_browser'. Found content (556 words).
2026-09-27 17:22:21,528 - INFO - [The Hindu] Success with 'selenium_browser'. Found content (108 words).
2026-09-27 17:22:21,665 - INFO - [Economic Times] Article: https://economictimes.indiatimes.com/tech/technology/indian-dating-apps-services-see-surge-of-paying-users-in-small-cities/articleshow/80063342.cms
2026-09-27 17:22:21,665 - INFO - [Economic Times] Attempt 2/2: Trying with 'selenium_browser' strategy...
2026-09-27 17:22:21,913 - INFO - [Wired] Page content loaded.
2026-09-27 17:22:25,310 - INFO - >>> SUCCESSFULLY SAVED [ID: 126654] - Following court order, JKCA holds annual general meeting, discusses Irani Cup - The Hindu from The Hindu (108 words)
2026-09-27 17:22:25,474 - INFO - [Wired] Success with 'selenium_browser'. Found content (573 words).
2026-09-27 17:22:28,171 - INFO - [The Hindu] Article: https://www.thehindu.com/news/national/andhra-pradesh/minister-unveils-godavari-declaration-to-promote-tourism-ahead-of-godavari-pushkarams-2027/article71516814.ece
2026-09-27 17:22:28,171 - INFO - [The Hindu] Attempt 1/1: Trying with 'selenium_browser' strategy...
2026-09-27 17:22:28,402 - INFO - >>> SUCCESSFULLY SAVED [ID: 126655] - 'Prepared To Respond Quickly, Decisively': Defence Chief Subramani On Pakistan Threat, Operation Sindoor Lessons from NDTV (556 words)
2026-09-27 17:22:29,938 - INFO - [NDTV] Article: https://www.ndtv.com/india-news/technology-must-be-owned-in-india-samtel-ceo-on-viksit-bharat-goal-12105380#publisher=newsstand
2026-09-27 17:22:29,938 - INFO - [NDTV] Attempt 1/2: Trying with 'requests_browser' strategy...
2026-09-27 17:22:30,358 - INFO - [Times of India] Page content loaded.
2026-09-27 17:22:31,170 - INFO - [Economic Times] Page content loaded.
2026-09-27 17:22:31,435 - INFO - >>> SUCCESSFULLY SAVED [ID: 126656] - Some Pancreatic Cells Are Just One Genetic Tweak Away From Treating Diabetes | WIRED from Wired (573 words)
2026-09-27 17:22:31,484 - ERROR - [NDTV] Request failed for strategy 'requests_browser' on URL https://www.ndtv.com/india-news/technology-must-be-owned-in-india-samtel-ceo-on-viksit-bharat-goal-12105380#publisher=newsstand: 403 Client Error: Forbidden for url: https://www.ndtv.com/india-news/technology-must-be-owned-in-india-samtel-ceo-on-viksit-bharat-goal-12105380#publisher=newsstand
2026-09-27 17:22:31,703 - WARNING - [Economic Times] FAILED with 'selenium_browser' (content was too short: 84 words).
2026-09-27 17:22:31,706 - ERROR - [Economic Times] All scrape strategies failed for https://economictimes.indiatimes.com/tech/technology/indian-dating-apps-services-see-surge-of-paying-users-in-small-cities/articleshow/80063342.cms. Falling back to RSS description.
2026-09-27 17:22:31,707 - WARNING - SKIPPED (GLOBAL WORD LIMIT): Article 'Indian dating apps, services see surge of paying users in small cities ' from Economic Times has only 54 words (Min: 90).
2026-09-27 17:22:31,830 - INFO - [Times of India] Success with 'selenium_browser'. Found content (655 words).
2026-09-27 17:22:33,433 - INFO - [NDTV] Article: https://www.ndtv.com/india-news/technology-must-be-owned-in-india-samtel-ceo-on-viksit-bharat-goal-12105380#publisher=newsstand
2026-09-27 17:22:33,434 - INFO - [NDTV] Attempt 2/2: Trying with 'selenium_browser' strategy...
2026-09-27 17:22:33,435 - INFO - [Economic Times] Article: https://economictimes.indiatimes.com/tech/technology/time-for-govt-cos-to-adopt-ai-deloitte-india/articleshow/79981215.cms
2026-09-27 17:22:33,435 - INFO - [Economic Times] Attempt 1/2: Trying with 'requests_browser' strategy...
2026-09-27 17:22:33,439 - INFO - [Wired] Early skip: URL https://www.wired.com/story/kernel-panic-old-timey-credit-card-scams/ already exists.
2026-09-27 17:22:33,843 - INFO - [Wired] Early skip: URL https://www.wired.com/gallery/best-white-elephant-gifts-2026/ already exists.
2026-09-27 17:22:34,896 - INFO - [Wired] Article: https://www.wired.com/story/best-mesh-wifi-routers/
2026-09-27 17:22:34,897 - INFO - [Wired] Attempt 1/2: Trying with 'requests_browser' strategy...
2026-09-27 17:22:34,897 - INFO - [The Hindu] Page content loaded.
2026-09-27 17:22:34,900 - INFO - >>> SUCCESSFULLY SAVED [ID: 126657] - In 2018, Jon Bon Jovi paid $10 million for a Palm Beach home, demolished it and rebuilt; two years later he sold the new mansion for $19.85 million and bought a $43 million estate - The Times of India from Times of India (655 words)
2026-09-27 17:22:35,109 - ERROR - parsed tree length: 1, wrong data type or not valid HTML
2026-09-27 17:22:35,110 - ERROR - empty HTML tree: None
2026-09-27 17:22:35,110 - WARNING - discarding data: None
2026-09-27 17:22:35,110 - WARNING - [Wired] FAILED with 'requests_browser' (content was too short: 0 words).
2026-09-27 17:22:35,287 - INFO - [The Hindu] Success with 'selenium_browser'. Found content (134 words).
2026-09-27 17:22:36,736 - INFO - [Times of India] Article: https://timesofindia.indiatimes.com/world/us/fbi-demotes-2-counterterrorism-chiefs-amid-probe-into-threats-against-trump-aide-stephen-millers-wife/articleshow/134519843.cms
2026-09-27 17:22:36,737 - INFO - [Wired] Article: https://www.wired.com/story/best-mesh-wifi-routers/
2026-09-27 17:22:36,743 - INFO - [Wired] Attempt 2/2: Trying with 'selenium_browser' strategy...
2026-09-27 17:22:36,738 - INFO - [Times of India] Attempt 1/1: Trying with 'selenium_browser' strategy...
2026-09-27 17:22:37,152 - INFO - [NDTV] Page content loaded.
2026-09-27 17:22:38,001 - ERROR - parsed tree length: 1, wrong data type or not valid HTML
2026-09-27 17:22:38,225 - INFO - >>> SUCCESSFULLY SAVED [ID: 126658] - Minister unveils ‘Godavari declaration’ to promote tourism ahead of Godavari Pushkarams-2027 - The Hindu from The Hindu (134 words)
2026-09-27 17:22:38,226 - ERROR - empty HTML tree: None
2026-09-27 17:22:38,227 - WARNING - discarding data: None
2026-09-27 17:22:38,227 - WARNING - [Economic Times] FAILED with 'requests_browser' (content was too short: 0 words).
2026-09-27 17:22:38,750 - INFO - [NDTV] Success with 'selenium_browser'. Found content (425 words).
2026-09-27 17:22:38,857 - INFO - [Economic Times] Article: https://economictimes.indiatimes.com/tech/technology/time-for-govt-cos-to-adopt-ai-deloitte-india/articleshow/79981215.cms
2026-09-27 17:22:38,857 - INFO - [Economic Times] Attempt 2/2: Trying with 'selenium_browser' strategy...
2026-09-27 17:22:40,406 - INFO - [The Hindu] Article: https://www.thehindu.com/news/national/bjp-slams-rahul-over-sir-accuses-opposition-parties-of-maligning-institutions/article71516780.ece
2026-09-27 17:22:40,406 - INFO - [The Hindu] Attempt 1/1: Trying with 'selenium_browser' strategy...
2026-09-27 17:22:41,903 - INFO - >>> SUCCESSFULLY SAVED [ID: 126659] - "Technology Must Be Owned In India": Samtel CEO On Viksit Bharat Goal from NDTV (425 words)
2026-09-27 17:22:42,869 - INFO - [NDTV] Article: https://www.ndtv.com/india-news/ndtv-defence-summit-2026-ns-raja-subramani-ai-will-transform-battlefield-in-all-aspects-chief-of-defence-staff-to-ndtv-12105567#publisher=newsstand
2026-09-27 17:22:42,870 - INFO - [NDTV] Attempt 1/2: Trying with 'requests_browser' strategy...
2026-09-27 17:22:43,052 - ERROR - [NDTV] Request failed for strategy 'requests_browser' on URL https://www.ndtv.com/india-news/ndtv-defence-summit-2026-ns-raja-subramani-ai-will-transform-battlefield-in-all-aspects-chief-of-defence-staff-to-ndtv-12105567#publisher=newsstand: 403 Client Error: Forbidden for url: https://www.ndtv.com/india-news/ndtv-defence-summit-2026-ns-raja-subramani-ai-will-transform-battlefield-in-all-aspects-chief-of-defence-staff-to-ndtv-12105567#publisher=newsstand
2026-09-27 17:22:43,284 - INFO - [Times of India] Page content loaded.
2026-09-27 17:22:43,895 - INFO - [NDTV] Article: https://www.ndtv.com/india-news/ndtv-defence-summit-2026-ns-raja-subramani-ai-will-transform-battlefield-in-all-aspects-chief-of-defence-staff-to-ndtv-12105567#publisher=newsstand
2026-09-27 17:22:43,896 - INFO - [NDTV] Attempt 2/2: Trying with 'selenium_browser' strategy...
2026-09-27 17:22:44,164 - INFO - [Economic Times] Page content loaded.
2026-09-27 17:22:44,650 - WARNING - [Economic Times] FAILED with 'selenium_browser' (content was too short: 74 words).
2026-09-27 17:22:44,650 - ERROR - [Economic Times] All scrape strategies failed for https://economictimes.indiatimes.com/tech/technology/time-for-govt-cos-to-adopt-ai-deloitte-india/articleshow/79981215.cms. Falling back to RSS description.
2026-09-27 17:22:44,650 - WARNING - SKIPPED (GLOBAL WORD LIMIT): Article 'Time for government, companies to adopt artificial intelligence: Deloitte India ' from Economic Times has only 49 words (Min: 90).
2026-09-27 17:22:46,128 - INFO - [Economic Times] Article: https://economictimes.indiatimes.com/news/international/world-news/nepal-rescuers-continue-search-for-missing-as-identification-of-dead-remains-challenge/articleshow/133849891.cms
2026-09-27 17:22:46,128 - INFO - [Economic Times] Attempt 1/2: Trying with 'requests_browser' strategy...
2026-09-27 17:22:46,617 - INFO - [Economic Times] Success with 'requests_browser'. Found content (1951 words).
2026-09-27 17:22:47,274 - INFO - [The Hindu] Page content loaded.
2026-09-27 17:22:49,863 - ERROR - Error saving article Nepal rescuers continue search for missing as identification of dead remains challenge - The Economic Times: Hrana: `stream error: `Error { message: "SQLite error: UNIQUE constraint failed: articles.url", code: "SQLITE_CONSTRAINT" }``
2026-09-27 17:22:50,098 - INFO - [NDTV] Page content loaded.
2026-09-27 17:22:50,423 - INFO - [The Hindu] Success with 'selenium_browser'. Found content (93 words).
2026-09-27 17:22:50,791 - INFO - [Economic Times] Article: https://economictimes.indiatimes.com/news/international/global-trends/trump-1-coins-aka-golden-dollar-are-here-minus-the-gold-the-us-mint-is-putting-the-sitting-presidents-face-on-american-money-for-the-first-time/articleshow/133713717.cms
2026-09-27 17:22:50,791 - INFO - [Economic Times] Attempt 1/2: Trying with 'requests_browser' strategy...
2026-09-27 17:22:50,853 - INFO - [Times of India] Success with 'selenium_browser'. Found content (431 words).
2026-09-27 17:22:50,925 - INFO - [NDTV] Success with 'selenium_browser'. Found content (582 words).
2026-09-27 17:22:53,188 - INFO - [Wired] Page content loaded.
2026-09-27 17:22:54,262 - INFO - >>> SUCCESSFULLY SAVED [ID: 126661] - BJP slams Rahul over SIR, accuses Opposition parties of maligning institutions - The Hindu from The Hindu (93 words)
2026-09-27 17:22:54,476 - INFO - [Economic Times] Success with 'requests_browser'. Found content (307 words).
2026-09-27 17:22:56,114 - INFO - [The Hindu] Article: https://www.thehindu.com/news/national/uttar-pradesh/56-dead-as-heavy-rains-lash-uttar-pradesh/article71516782.ece
2026-09-27 17:22:56,115 - INFO - [The Hindu] Attempt 1/1: Trying with 'selenium_browser' strategy...
2026-09-27 17:22:57,679 - INFO - >>> SUCCESSFULLY SAVED [ID: 126662] - FBI demotes 2 counterterrorism chiefs amid probe into threats against Trump aide Stephen Miller’s wife | World News - The Times of India from Times of India (431 words)
2026-09-27 17:22:59,042 - INFO - [Times of India] Article: https://timesofindia.indiatimes.com/world/us/in-1988-ohio-attorney-neil-mckown-secretly-bought-155-neglected-acres-38-years-later-the-family-farms-nearly-500-acres-and-he-declined-a-400000-500000-timber-cut-to-keep-the-woods/articleshow/134519863.cms
2026-09-27 17:22:59,042 - INFO - [Times of India] Attempt 1/1: Trying with 'selenium_browser' strategy...
2026-09-27 17:23:00,624 - INFO - [The Hindu] Page content loaded.
2026-09-27 17:23:00,624 - INFO - >>> SUCCESSFULLY SAVED [ID: 126663] - NDTV Defence Summit 2026, NS Raja Subramani: AI Will Transform Battlefield In All Aspects: Chief Of Defence Staff To NDTV from NDTV (582 words)
2026-09-27 17:23:02,310 - INFO - [NDTV] Target reached: Successfully saved 10 new articles.
2026-09-27 17:23:02,724 - INFO - [NDTV] (Thread) Finished. Attempting to shut down its Selenium driver.
2026-09-27 17:23:03,577 - ERROR - Error saving article Trump $1 coins aka 'Golden Dollars' are here, minus the gold. The US Mint is putting the sitting president’s face on American money for the first time - The Economic Times: Hrana: `stream error: `Error { message: "SQLite error: UNIQUE constraint failed: articles.url", code: "SQLITE_CONSTRAINT" }``
2026-09-27 17:23:03,862 - INFO - [NDTV] (Thread) driver.quit() successful.
2026-09-27 17:23:03,906 - INFO - [The Hindu] Success with 'selenium_browser'. Found content (113 words).
2026-09-27 17:23:04,090 - INFO - [Wired] Success with 'selenium_browser'. Found content (9162 words).
2026-09-27 17:23:04,141 - INFO - [Times of India] Page content loaded.
2026-09-27 17:23:06,192 - INFO - [Economic Times] Article: https://economictimes.indiatimes.com/news/international/world-news/trump-announces-a-deal-for-hamas-to-disarm-in-gaza-but-many-hurdles-and-uncertainty-remain/articleshow/132753009.cms
2026-09-27 17:23:07,021 - INFO - [Economic Times] Attempt 1/2: Trying with 'requests_browser' strategy...
2026-09-27 17:23:07,250 - INFO - >>> SUCCESSFULLY SAVED [ID: 126665] - 56 dead as heavy rains lash Uttar Pradesh - The Hindu from The Hindu (113 words)
2026-09-27 17:23:07,300 - INFO - [Times of India] Success with 'selenium_browser'. Found content (854 words).
2026-09-27 17:23:08,651 - INFO - [The Hindu] Article: https://www.thehindu.com/news/national/karnataka/decision-on-ministerial-representation-for-women-to-be-discussed-in-delhi/article71516527.ece
2026-09-27 17:23:08,651 - INFO - [The Hindu] Attempt 1/1: Trying with 'selenium_browser' strategy...
2026-09-27 17:23:10,121 - ERROR - Error saving article Best Mesh Wi-Fi Systems (2026): I Tested Them All | WIRED: Hrana: `stream error: `Error { message: "SQLite error: UNIQUE constraint failed: articles.url", code: "SQLITE_CONSTRAINT" }``
2026-09-27 17:23:10,234 - INFO - [Economic Times] Success with 'requests_browser'. Found content (1292 words).
2026-09-27 17:23:12,004 - INFO - [Wired] Early skip: URL https://www.wired.com/story/meta-muse-is-adults-only-why-does-it-look-like-a-cute-kids-toy/ already exists.
2026-09-27 17:23:13,059 - INFO - >>> SUCCESSFULLY SAVED [ID: 126667] - In 1988, Ohio attorney Neil McKown secretly bought 155 neglected acres; 38 years later, the family farms nearly 500 acres and he declined a $400,000-$500,000 timber cut to keep the woods - The Times of India from Times of India (854 words)
2026-09-27 17:23:13,062 - INFO - [Wired] Early skip: URL https://www.wired.com/story/tuck-browser-extension-lets-you-snooze-open-tabs-until-later/ already exists.
2026-09-27 17:23:13,063 - INFO - [Wired] Early skip: URL https://www.wired.com/story/gravitational-struggle-deep-in-earth-is-changing-length-of-days/ already exists.
2026-09-27 17:23:13,065 - INFO - [Wired] Early skip: URL https://www.wired.com/story/amazon-prime-day-early-deals-09-26-2026/ already exists.
2026-09-27 17:23:13,066 - INFO - [Wired] Early skip: URL https://www.wired.com/story/quince-wants-to-be-your-new-away-luggage/ already exists.
2026-09-27 17:23:13,068 - INFO - [Wired] Early skip: URL https://www.wired.com/story/thieves-stole-nvidia-trailers-they-got-20-tons-of-sand/ already exists.
2026-09-27 17:23:13,070 - INFO - [Wired] Early skip: URL https://www.wired.com/story/appeals-court-lets-the-pentagon-designate-anthropic-a-supply-chain-risk/ already exists.
2026-09-27 17:23:13,071 - INFO - [Wired] Early skip: URL https://www.wired.com/story/war-bros-didnt-always-rule-silicon-valley/ already exists.
2026-09-27 17:23:13,072 - INFO - [Wired] Early skip: URL https://www.wired.com/story/trump-administration-is-trying-to-get-musk-and-x-out-of-a-dollar137-million-eu-fine/ already exists.
2026-09-27 17:23:13,073 - INFO - [Wired] Article: https://www.wired.com/story/best-laptops/
2026-09-27 17:23:13,074 - INFO - [Wired] Attempt 1/2: Trying with 'requests_browser' strategy...
2026-09-27 17:23:13,106 - INFO - [The Hindu] Page content loaded.
2026-09-27 17:23:14,368 - INFO - [Times of India] Article: https://timesofindia.indiatimes.com/world/uk/british-woman-shot-dead-by-father-after-argument-over-donald-trump-grand-jury-ruled-death-accidental-mother-seeks-fresh-probe/articleshow/134518878.cms
2026-09-27 17:23:14,775 - INFO - [Times of India] Attempt 1/1: Trying with 'selenium_browser' strategy...
2026-09-27 17:23:15,612 - ERROR - Error saving article Trump announces a deal for Hamas to disarm in Gaza, but many hurdles and uncertainty remain - The Economic Times: Hrana: `stream error: `Error { message: "SQLite error: UNIQUE constraint failed: articles.url", code: "SQLITE_CONSTRAINT" }``
2026-09-27 17:23:15,642 - ERROR - parsed tree length: 1, wrong data type or not valid HTML
2026-09-27 17:23:15,645 - ERROR - empty HTML tree: None
2026-09-27 17:23:15,645 - WARNING - discarding data: None
2026-09-27 17:23:15,647 - WARNING - [Wired] FAILED with 'requests_browser' (content was too short: 0 words).
2026-09-27 17:23:15,809 - INFO - [The Hindu] Success with 'selenium_browser'. Found content (105 words).
2026-09-27 17:23:17,226 - INFO - [Economic Times] Article: https://economictimes.indiatimes.com/news/new-updates/in-1943-us-built-an-entire-city-and-it-didnt-exist-on-a-single-map/articleshow/132659427.cms
2026-09-27 17:23:17,226 - INFO - [Wired] Article: https://www.wired.com/story/best-laptops/
2026-09-27 17:23:17,636 - INFO - [Economic Times] Attempt 1/2: Trying with 'requests_browser' strategy...
2026-09-27 17:23:18,445 - INFO - [Times of India] Page content loaded.
2026-09-27 17:23:18,676 - INFO - [Wired] Attempt 2/2: Trying with 'selenium_browser' strategy...
2026-09-27 17:23:18,676 - INFO - >>> SUCCESSFULLY SAVED [ID: 126669] - Decision on ministerial representation for women to be discussed in Delhi - The Hindu from The Hindu (105 words)
2026-09-27 17:23:19,041 - INFO - [Times of India] Success with 'selenium_browser'. Found content (846 words).
2026-09-27 17:23:19,275 - INFO - [The Hindu] Article: https://www.thehindu.com/news/national/karnataka/ashok-challenges-congress-to-face-fresh-polls-in-states-ruled-by-it-if-it-does-not-believe-ec/article71516769.ece
2026-09-27 17:23:19,275 - INFO - [The Hindu] Attempt 1/1: Trying with 'selenium_browser' strategy...
2026-09-27 17:23:19,325 - INFO - [Economic Times] Success with 'requests_browser'. Found content (695 words).
2026-09-27 17:23:22,263 - INFO - >>> SUCCESSFULLY SAVED [ID: 126670] - British woman shot dead by father after argument over Donald Trump; grand jury ruled death accidental, mother seeks fresh probe | World News - The Times of India from Times of India (846 words)
2026-09-27 17:23:23,984 - INFO - [Times of India] Article: https://timesofindia.indiatimes.com/world/us/we-have-handcuffs-ready-trump-admin-warns-of-major-h-1b-changes-as-visa-fraud-crackdown-widens/articleshow/134519521.cms
2026-09-27 17:23:23,984 - INFO - [Times of India] Attempt 1/1: Trying with 'selenium_browser' strategy...
2026-09-27 17:23:24,817 - INFO - [Wired] Page content loaded.
2026-09-27 17:23:24,820 - ERROR - Error saving article In 1943, US built an entire city, and it didn't exist on a single map - The Economic Times: Hrana: `stream error: `Error { message: "SQLite error: UNIQUE constraint failed: articles.url", code: "SQLITE_CONSTRAINT" }``
2026-09-27 17:23:24,849 - INFO - [The Hindu] Page content loaded.
2026-09-27 17:23:25,361 - INFO - [Economic Times] Article: https://economictimes.indiatimes.com/news/new-updates/humans-have-a-third-eye-in-the-brain-study-links-it-to-a-600-million-year-old-cyclops-ancestor/articleshow/132655441.cms
2026-09-27 17:23:25,368 - INFO - [Economic Times] Attempt 1/2: Trying with 'requests_browser' strategy...
2026-09-27 17:23:25,375 - INFO - [The Hindu] Success with 'selenium_browser'. Found content (117 words).
2026-09-27 17:23:28,363 - INFO - >>> SUCCESSFULLY SAVED [ID: 126672] - Ashok challenges Congress to face fresh polls in States ruled by it if it does not believe EC - The Hindu from The Hindu (117 words)
2026-09-27 17:23:28,414 - INFO - [Times of India] Page content loaded.
2026-09-27 17:23:28,540 - INFO - [Economic Times] Success with 'requests_browser'. Found content (600 words).
2026-09-27 17:23:28,823 - INFO - [Wired] Success with 'selenium_browser'. Found content (5373 words).
2026-09-27 17:23:28,904 - INFO - [Times of India] Success with 'selenium_browser'. Found content (456 words).
2026-09-27 17:23:30,404 - INFO - [The Hindu] Article: https://www.thehindu.com/news/national/kerala/keralam-general-administration-department-website-hacked-suspected-pakistani-group-claims-responsibility/article71516975.ece
2026-09-27 17:23:30,808 - INFO - [The Hindu] Attempt 1/1: Trying with 'selenium_browser' strategy...
2026-09-27 17:23:31,616 - ERROR - Error saving article Humans have a 'third eye' in the brain: Study links it to a 600-million-year-old Cyclops ancestor - The Economic Times: Hrana: `stream error: `Error { message: "SQLite error: UNIQUE constraint failed: articles.url", code: "SQLITE_CONSTRAINT" }``
2026-09-27 17:23:33,352 - INFO - [Economic Times] Article: https://economictimes.indiatimes.com/news/new-updates/1500-ships-trapped-in-gulf-of-hormuz-is-quietly-multiplying-an-underwater-army-that-could-unleash-worlds-biggest-bioinvasion-event/articleshow/132595366.cms
2026-09-27 17:23:34,165 - INFO - [Economic Times] Attempt 1/2: Trying with 'requests_browser' strategy...
2026-09-27 17:23:34,399 - INFO - >>> SUCCESSFULLY SAVED [ID: 126674] - ‘We have handcuffs ready’: Trump admin warns of major H-1B changes as visa fraud crackdown widens - The Times of India from Times of India (456 words)
2026-09-27 17:23:36,185 - INFO - [Times of India] Article: https://timesofindia.indiatimes.com/world/pakistan/20-year-old-azerbaijani-woman-allegedly-drugged-gang-raped-in-pakistans-lahore/articleshow/134519598.cms
2026-09-27 17:23:36,186 - INFO - [Times of India] Attempt 1/1: Trying with 'selenium_browser' strategy...
2026-09-27 17:23:37,255 - ERROR - Error saving article Best Laptops (2026): My Top Recommendations After Testing Hundreds | WIRED: Hrana: `stream error: `Error { message: "SQLite error: UNIQUE constraint failed: articles.url", code: "SQLITE_CONSTRAINT" }``
2026-09-27 17:23:37,273 - INFO - [The Hindu] Page content loaded.
2026-09-27 17:23:37,301 - INFO - [Economic Times] Success with 'requests_browser'. Found content (680 words).
2026-09-27 17:23:37,912 - INFO - [The Hindu] Success with 'selenium_browser'. Found content (92 words).
2026-09-27 17:23:39,671 - INFO - [Wired] Early skip: URL https://www.wired.com/story/party-invite-phishing-scams-are-the-new-missed-connections/ already exists.
2026-09-27 17:23:39,673 - INFO - [Wired] Early skip: URL https://www.wired.com/story/primetime-exposes-the-ego-driven-core-of-vigilante-pedophile-hunting/ already exists.
2026-09-27 17:23:40,525 - INFO - [Times of India] Page content loaded.
2026-09-27 17:23:40,525 - INFO - [Wired] Early skip: URL https://www.wired.com/story/how-to-record-your-screen-on-any-phone/ already exists.
2026-09-27 17:23:40,526 - ERROR - Error saving article 1,500 ships trapped in Gulf of Hormuz are quietly multiplying an underwater army that could unleash World's biggest bioinvasion event - The Economic Times: Hrana: `stream error: `Error { message: "SQLite error: UNIQUE constraint failed: articles.url", code: "SQLITE_CONSTRAINT" }``
2026-09-27 17:23:40,527 - INFO - [Wired] Early skip: URL https://www.wired.com/story/paulina-borsook-profile/ already exists.
2026-09-27 17:23:40,529 - INFO - [Wired] Early skip: URL https://www.wired.com/story/16-womens-products-you-need-to-know/ already exists.
2026-09-27 17:23:40,530 - INFO - [Wired] Early skip: URL https://www.wired.com/story/best-gifts-for-dads-2026/ already exists.
2026-09-27 17:23:40,532 - INFO - [Wired] Early skip: URL https://www.wired.com/story/tesla-semi/ already exists.
2026-09-27 17:23:40,534 - INFO - [Wired] Early skip: URL https://www.wired.com/story/best-coffee-subscription/ already exists.
2026-09-27 17:23:40,536 - INFO - [Wired] Article: https://www.wired.com/story/reebok-discount-code/
2026-09-27 17:23:40,536 - INFO - [Wired] Attempt 1/2: Trying with 'requests_browser' strategy...
2026-09-27 17:23:42,223 - INFO - [Economic Times] Article: https://economictimes.indiatimes.com/news/elections/assembly-elections/assam/done-deal-cm-himanta-biswa-sarma-on-nda-seat-sharing-for-assam-polls/articleshow/128678098.cms
2026-09-27 17:23:42,229 - INFO - [Economic Times] Attempt 1/2: Trying with 'requests_browser' strategy...
2026-09-27 17:23:43,270 - INFO - >>> SUCCESSFULLY SAVED [ID: 126677] - Keralam General Administration department website hacked, suspected Pakistani group claims responsibility - The Hindu from The Hindu (92 words)
2026-09-27 17:23:43,286 - ERROR - parsed tree length: 1, wrong data type or not valid HTML
2026-09-27 17:23:43,286 - ERROR - empty HTML tree: None
2026-09-27 17:23:43,286 - WARNING - discarding data: None
2026-09-27 17:23:43,286 - WARNING - [Wired] FAILED with 'requests_browser' (content was too short: 0 words).
2026-09-27 17:23:43,321 - INFO - [Economic Times] Success with 'requests_browser'. Found content (518 words).
2026-09-27 17:23:44,732 - INFO - [The Hindu] Article: https://www.thehindu.com/news/national/andhra-pradesh//article71515698.ece
2026-09-27 17:23:44,732 - INFO - [The Hindu] Attempt 1/1: Trying with 'selenium_browser' strategy...
2026-09-27 17:23:44,733 - INFO - [Wired] Article: https://www.wired.com/story/reebok-discount-code/
2026-09-27 17:23:44,733 - INFO - [Wired] Attempt 2/2: Trying with 'selenium_browser' strategy...
2026-09-27 17:23:45,958 - ERROR - Error saving article 'Done deal': CM Himanta Biswa Sarma on NDA seat-sharing for Assam polls - The Economic Times: Hrana: `stream error: `Error { message: "SQLite error: UNIQUE constraint failed: articles.url", code: "SQLITE_CONSTRAINT" }``
2026-09-27 17:23:46,401 - INFO - [Times of India] Success with 'selenium_browser'. Found content (246 words).
2026-09-27 17:23:47,842 - INFO - [Economic Times] Article: https://economictimes.indiatimes.com/news/elections/assembly-elections/bihar/rare-intensive-revision-in-bihar-four-months-before-polls/articleshow/122167501.cms
2026-09-27 17:23:47,842 - INFO - [Economic Times] Attempt 1/2: Trying with 'requests_browser' strategy...
2026-09-27 17:23:49,302 - INFO - >>> SUCCESSFULLY SAVED [ID: 126679] - 20-year-old Azerbaijani woman allegedly drugged, gang-raped in Pakistan's Lahore - The Times of India from Times of India (246 words)
2026-09-27 17:23:49,311 - INFO - [Wired] Page content loaded.
2026-09-27 17:23:49,319 - INFO - [The Hindu] Page content loaded.
2026-09-27 17:23:49,361 - INFO - [Economic Times] Success with 'requests_browser'. Found content (864 words).
2026-09-27 17:23:49,456 - WARNING - [The Hindu] FAILED with 'selenium_browser' (content was too short: 23 words).
2026-09-27 17:23:49,456 - ERROR - [The Hindu] All scrape strategies failed for https://www.thehindu.com/news/national/andhra-pradesh//article71515698.ece. Falling back to RSS description.
2026-09-27 17:23:49,456 - WARNING - SKIPPED (GLOBAL WORD LIMIT): Article 'Students told to upskill for AI era' from The Hindu has only 3 words (Min: 90).
2026-09-27 17:23:49,545 - INFO - [Wired] Success with 'selenium_browser'. Found content (1134 words).
2026-09-27 17:23:50,849 - INFO - [Times of India] Article: https://timesofindia.indiatimes.com/world/us/meet-christa-barfield-the-former-philadelphia-healthcare-worker-who-switched-careers-after-a-2018-trip-to-martinique-she-now-runs-a-123-acre-farm-in-west-chester-and-is-opening-a-food-and-medicine-store/articleshow/134515174.cms
2026-09-27 17:23:50,850 - INFO - [The Hindu] Article: https://www.thehindu.com/news/national/telangana/karimnagar-marathon-spreads-message-of-health-drug-free-society/article71516901.ece
2026-09-27 17:23:50,851 - INFO - [Times of India] Attempt 1/1: Trying with 'selenium_browser' strategy...
2026-09-27 17:23:52,087 - INFO - [The Hindu] Attempt 1/1: Trying with 'selenium_browser' strategy...
2026-09-27 17:23:52,087 - ERROR - Error saving article Rare 'intensive' revision in Bihar four months before polls - The Economic Times: Hrana: `stream error: `Error { message: "SQLite error: UNIQUE constraint failed: articles.url", code: "SQLITE_CONSTRAINT" }``
2026-09-27 17:23:53,445 - INFO - [Economic Times] Article: https://economictimes.indiatimes.com/news/elections/assembly-elections/delhi/bjp-accuses-kejriwal-of-sending-voters-hoax-calls-to-mislead/articleshow/117579007.cms
2026-09-27 17:23:54,731 - ERROR - Error saving article Reebok Discount Code: 15% Off - September 2026 | WIRED: Hrana: `stream error: `Error { message: "SQLite error: UNIQUE constraint failed: articles.url", code: "SQLITE_CONSTRAINT" }``
2026-09-27 17:23:54,731 - INFO - [Economic Times] Attempt 1/2: Trying with 'requests_browser' strategy...
2026-09-27 17:23:55,045 - INFO - [Economic Times] Success with 'requests_browser'. Found content (550 words).
2026-09-27 17:23:56,480 - INFO - [Wired] Article: https://www.wired.com/story/gametime-promo-code/
2026-09-27 17:23:56,480 - INFO - [Wired] Attempt 1/2: Trying with 'requests_browser' strategy...
2026-09-27 17:23:57,738 - ERROR - Error saving article BJP accuses Kejriwal of sending voters hoax calls to mislead - The Economic Times: Hrana: `stream error: `Error { message: "SQLite error: UNIQUE constraint failed: articles.url", code: "SQLITE_CONSTRAINT" }``
2026-09-27 17:23:57,779 - ERROR - parsed tree length: 1, wrong data type or not valid HTML
2026-09-27 17:23:57,779 - ERROR - empty HTML tree: None
2026-09-27 17:23:57,784 - WARNING - discarding data: None
2026-09-27 17:23:57,784 - WARNING - [Wired] FAILED with 'requests_browser' (content was too short: 0 words).
2026-09-27 17:23:57,794 - INFO - [The Hindu] Page content loaded.
2026-09-27 17:23:57,979 - WARNING - [The Hindu] FAILED with 'selenium_browser' (content was too short: 73 words).
2026-09-27 17:23:57,980 - ERROR - [The Hindu] All scrape strategies failed for https://www.thehindu.com/news/national/telangana/karimnagar-marathon-spreads-message-of-health-drug-free-society/article71516901.ece. Falling back to RSS description.
2026-09-27 17:23:57,980 - WARNING - SKIPPED (GLOBAL WORD LIMIT): Article 'Karimnagar marathon spreads message of health, drug-free society' from The Hindu has only 3 words (Min: 90).
2026-09-27 17:23:58,557 - INFO - [Wired] Article: https://www.wired.com/story/gametime-promo-code/
2026-09-27 17:23:58,558 - INFO - [Wired] Attempt 2/2: Trying with 'selenium_browser' strategy...
2026-09-27 17:23:59,206 - INFO - [Economic Times] Article: https://economictimes.indiatimes.com/news/elections/lok-sabha/india/lok-sabha-election-2024-maharashtra-get-interesting-after-splits-in-shiv-sena-ncp/articleshow/108559788.cms
2026-09-27 17:23:59,206 - INFO - [Economic Times] Attempt 1/2: Trying with 'requests_browser' strategy...
2026-09-27 17:23:59,209 - INFO - [Times of India] Page content loaded.
2026-09-27 17:23:59,403 - INFO - [The Hindu] Article: https://www.thehindu.com/news/national/tamil-nadu/40-year-old-demand-for-road-to-scheduled-caste-village-causes-communal-rift-in-nilgiris/article71515572.ece
2026-09-27 17:23:59,404 - INFO - [The Hindu] Attempt 1/1: Trying with 'selenium_browser' strategy...
2026-09-27 17:23:59,552 - INFO - [Economic Times] Success with 'requests_browser'. Found content (1442 words).
2026-09-27 17:24:02,363 - ERROR - Error saving article Lok Sabha election 2024: Maharashtra get interesting after splits in Shiv Sena, NCP - The Economic Times: Hrana: `stream error: `Error { message: "SQLite error: UNIQUE constraint failed: articles.url", code: "SQLITE_CONSTRAINT" }``
2026-09-27 17:24:02,606 - INFO - [Times of India] Success with 'selenium_browser'. Found content (797 words).
2026-09-27 17:24:04,123 - INFO - [Economic Times] Article: https://economictimes.indiatimes.com/news/elections/lok-sabha/india/modi-charisma-key-factor-in-bjps-bid-to-retain-all-26-seats-in-gujarat/articleshow/108550858.cms
2026-09-27 17:24:04,123 - INFO - [Economic Times] Attempt 1/2: Trying with 'requests_browser' strategy...
2026-09-27 17:24:04,541 - INFO - [Wired] Page content loaded.
2026-09-27 17:24:05,612 - INFO - >>> SUCCESSFULLY SAVED [ID: 126684] - Meet Christa Barfield, the former Philadelphia healthcare worker who switched careers after a 2018 trip to Martinique; she now runs a 123-acre farm in West Chester and is opening a food-and-medicine store - The Times of India from Times of India (797 words)
2026-09-27 17:24:05,767 - INFO - [Economic Times] Success with 'requests_browser'. Found content (838 words).
2026-09-27 17:24:07,701 - INFO - [Times of India] Article: https://timesofindia.indiatimes.com/world/uk/several-arrested-near-uks-raf-fairford-in-explosives-probe-us-base-on-highest-alert-key-details/articleshow/134518951.cms
2026-09-27 17:24:07,702 - INFO - [Times of India] Attempt 1/1: Trying with 'selenium_browser' strategy...
2026-09-27 17:24:09,041 - ERROR - Error saving article Modi charisma key factor in BJP's bid to retain all 26 seats in Gujarat - The Economic Times: Hrana: `stream error: `Error { message: "SQLite error: UNIQUE constraint failed: articles.url", code: "SQLITE_CONSTRAINT" }``
2026-09-27 17:24:09,419 - INFO - [Wired] Success with 'selenium_browser'. Found content (707 words).
2026-09-27 17:24:11,071 - INFO - [Economic Times] Article: https://economictimes.indiatimes.com/news/elections/lok-sabha/india/implementation-of-guarantees-decline-of-brs-favour-congress-in-telangana-bjp-aiming-for-better-show/articleshow/108548569.cms
2026-09-27 17:24:11,071 - INFO - [Economic Times] Attempt 1/2: Trying with 'requests_browser' strategy...
2026-09-27 17:24:12,312 - ERROR - Error saving article Gametime Promo Code: Save on Tickets in September 2026 | WIRED: Hrana: `stream error: `Error { message: "SQLite error: UNIQUE constraint failed: articles.url", code: "SQLITE_CONSTRAINT" }``
2026-09-27 17:24:12,406 - INFO - [Economic Times] Success with 'requests_browser'. Found content (1272 words).
2026-09-27 17:24:14,038 - INFO - [Wired] Article: https://www.wired.com/story/birdfy-discount-code/
2026-09-27 17:24:14,445 - INFO - [Wired] Attempt 1/2: Trying with 'requests_browser' strategy...
2026-09-27 17:24:14,447 - INFO - [The Hindu] Page content loaded.
2026-09-27 17:24:15,287 - ERROR - Error saving article Implementation of 'guarantees', decline of BRS favour Congress in Telangana, BJP aiming for better show - The Economic Times: Hrana: `stream error: `Error { message: "SQLite error: UNIQUE constraint failed: articles.url", code: "SQLITE_CONSTRAINT" }``
2026-09-27 17:24:15,410 - ERROR - parsed tree length: 1, wrong data type or not valid HTML
2026-09-27 17:24:15,411 - ERROR - empty HTML tree: None
2026-09-27 17:24:15,411 - WARNING - discarding data: None
2026-09-27 17:24:15,411 - WARNING - [Wired] FAILED with 'requests_browser' (content was too short: 0 words).
2026-09-27 17:24:15,448 - INFO - [The Hindu] Success with 'selenium_browser'. Found content (128 words).
2026-09-27 17:24:16,810 - INFO - [Wired] Article: https://www.wired.com/story/birdfy-discount-code/
2026-09-27 17:24:16,811 - INFO - [Economic Times] Article: https://economictimes.indiatimes.com/traders-bet-on-calendar-spread-as-nifty-moves-in-a-tight-range/articleshow/6302358.cms
2026-09-27 17:24:17,214 - INFO - [Economic Times] Attempt 1/2: Trying with 'requests_browser' strategy...
2026-09-27 17:24:16,811 - INFO - [Times of India] Page content loaded.
2026-09-27 17:24:16,811 - INFO - [Wired] Attempt 2/2: Trying with 'selenium_browser' strategy...
2026-09-27 17:24:18,243 - INFO - >>> SUCCESSFULLY SAVED [ID: 126688] - 40-year-old demand for road to Scheduled Caste village causes communal rift in Nilgiris - The Hindu from The Hindu (128 words)
2026-09-27 17:24:18,263 - ERROR - parsed tree length: 1, wrong data type or not valid HTML
2026-09-27 17:24:18,263 - ERROR - empty HTML tree: None
2026-09-27 17:24:18,263 - WARNING - discarding data: None
2026-09-27 17:24:18,263 - WARNING - [Economic Times] FAILED with 'requests_browser' (content was too short: 0 words).
2026-09-27 17:24:18,383 - INFO - [Times of India] Success with 'selenium_browser'. Found content (863 words).
2026-09-27 17:24:19,824 - INFO - [The Hindu] Article: https://www.thehindu.com/news/national/kerala/three-including-elderly-couple-killed-in-separate-accidents/article71516835.ece
2026-09-27 17:24:19,825 - INFO - [The Hindu] Attempt 1/1: Trying with 'selenium_browser' strategy...
2026-09-27 17:24:19,824 - INFO - [Economic Times] Article: https://economictimes.indiatimes.com/traders-bet-on-calendar-spread-as-nifty-moves-in-a-tight-range/articleshow/6302358.cms
2026-09-27 17:24:21,051 - INFO - [Economic Times] Attempt 2/2: Trying with 'selenium_browser' strategy...
2026-09-27 17:24:21,279 - INFO - >>> SUCCESSFULLY SAVED [ID: 126689] - Raf Fairford Incident: 5 arrested near UK’s RAF Fairford in explosives probe, US base on highest alert: Key details - The Times of India from Times of India (863 words)
2026-09-27 17:24:22,591 - INFO - [Times of India] Article: https://timesofindia.indiatimes.com/world/us/powerful-storm-brings-flooding-power-cuts-across-northeastern-us-1-dead-in-new-york/articleshow/134518993.cms
2026-09-27 17:24:22,591 - INFO - [Times of India] Attempt 1/1: Trying with 'selenium_browser' strategy...
2026-09-27 17:24:23,089 - INFO - [Wired] Page content loaded.
2026-09-27 17:24:23,120 - INFO - [The Hindu] Page content loaded.
2026-09-27 17:24:23,551 - WARNING - [The Hindu] FAILED with 'selenium_browser' (content was too short: 80 words).
2026-09-27 17:24:23,566 - ERROR - [The Hindu] All scrape strategies failed for https://www.thehindu.com/news/national/kerala/three-including-elderly-couple-killed-in-separate-accidents/article71516835.ece. Falling back to RSS description.
2026-09-27 17:24:23,566 - WARNING - SKIPPED (GLOBAL WORD LIMIT): Article 'Three, including elderly couple, killed in separate accidents' from The Hindu has only 3 words (Min: 90).
2026-09-27 17:24:24,459 - INFO - [The Hindu] Article: https://www.thehindu.com/news/national/karnataka/court-extends-ed-custody-of-ias-officer-gyanendra-kumar-gangwar-by-eight-days/article71516274.ece
2026-09-27 17:24:24,459 - INFO - [The Hindu] Attempt 1/1: Trying with 'selenium_browser' strategy...
2026-09-27 17:24:24,715 - INFO - [Wired] Success with 'selenium_browser'. Found content (565 words).
2026-09-27 17:24:27,498 - ERROR - Error saving article Birdfy Discount Codes: 15% Off Sitewide | WIRED: Hrana: `stream error: `Error { message: "SQLite error: UNIQUE constraint failed: articles.url", code: "SQLITE_CONSTRAINT" }``
2026-09-27 17:24:28,081 - INFO - [Wired] Article: https://www.wired.com/story/therabody-promo-code/
2026-09-27 17:24:28,081 - INFO - [Wired] Attempt 1/2: Trying with 'requests_browser' strategy...
2026-09-27 17:24:28,227 - ERROR - parsed tree length: 1, wrong data type or not valid HTML
2026-09-27 17:24:28,227 - ERROR - empty HTML tree: None
2026-09-27 17:24:28,228 - WARNING - discarding data: None
2026-09-27 17:24:28,228 - WARNING - [Wired] FAILED with 'requests_browser' (content was too short: 0 words).
2026-09-27 17:24:28,919 - INFO - [Wired] Article: https://www.wired.com/story/therabody-promo-code/
2026-09-27 17:24:28,920 - INFO - [Wired] Attempt 2/2: Trying with 'selenium_browser' strategy...
2026-09-27 17:24:30,070 - INFO - [The Hindu] Page content loaded.
2026-09-27 17:24:30,222 - INFO - [Economic Times] Page content loaded.
2026-09-27 17:24:32,703 - INFO - [Times of India] Page content loaded.
2026-09-27 17:24:35,643 - INFO - [Economic Times] Success with 'selenium_browser'. Found content (411 words).
2026-09-27 17:24:36,247 - INFO - [Times of India] Success with 'selenium_browser'. Found content (305 words).
2026-09-27 17:24:39,926 - INFO - [Wired] Page content loaded.
2026-09-27 17:24:40,847 - ERROR - Error saving article Traders bet on calendar spread as Nifty moves in a tight range - The Economic Times: Hrana: `stream error: `Error { message: "SQLite error: UNIQUE constraint failed: articles.url", code: "SQLITE_CONSTRAINT" }``
2026-09-27 17:24:41,151 - INFO - [The Hindu] Success with 'selenium_browser'. Found content (106 words).
2026-09-27 17:24:43,074 - INFO - [Economic Times] Article: https://economictimes.indiatimes.com/nifty-may-find-support-at-5300-level/articleshow/6296017.cms
2026-09-27 17:24:43,074 - INFO - [Economic Times] Attempt 1/2: Trying with 'requests_browser' strategy...
2026-09-27 17:24:44,652 - INFO - >>> SUCCESSFULLY SAVED [ID: 126692] - Powerful storm brings flooding, power cuts across northeastern US, 1 dead in New York - The Times of India from Times of India (305 words)
2026-09-27 17:24:44,661 - ERROR - parsed tree length: 1, wrong data type or not valid HTML
2026-09-27 17:24:44,663 - ERROR - empty HTML tree: None
2026-09-27 17:24:44,663 - WARNING - discarding data: None
2026-09-27 17:24:44,663 - WARNING - [Economic Times] FAILED with 'requests_browser' (content was too short: 0 words).
2026-09-27 17:24:46,207 - INFO - [Economic Times] Article: https://economictimes.indiatimes.com/nifty-may-find-support-at-5300-level/articleshow/6296017.cms
2026-09-27 17:24:46,207 - INFO - [Economic Times] Attempt 2/2: Trying with 'selenium_browser' strategy...
2026-09-27 17:24:46,210 - INFO - [Times of India] Early skip: URL https://timesofindia.indiatimes.com/world/china/chinas-coal-mines-generate-billions-of-cubic-metres-of-water-researchers-say-it-could-help-cool-data-centres/articleshow/134485430.cms already exists.
2026-09-27 17:24:46,624 - INFO - [Times of India] Early skip: URL https://timesofindia.indiatimes.com/world/rest-of-world/researchers-in-rwanda-turn-plastic-waste-into-sisal-reinforced-tiles-strongest-sample-reached-41-66-mpa-with-0-225-water-absorption/articleshow/134485429.cms already exists.
2026-09-27 17:24:47,435 - INFO - [Times of India] Article: https://timesofindia.indiatimes.com/world/rest-of-world/singapore-faces-hot-humid-conditions-for-more-than-85-of-the-year-it-has-introduced-a-liquid-cooling-standard-for-data-centres/articleshow/134486161.cms
2026-09-27 17:24:47,694 - INFO - [Times of India] Attempt 1/1: Trying with 'selenium_browser' strategy...
2026-09-27 17:24:47,694 - INFO - >>> SUCCESSFULLY SAVED [ID: 126693] - Court extends ED custody of IAS officer Gyanendra Kumar Gangwar by eight days - The Hindu from The Hindu (106 words)
2026-09-27 17:24:47,794 - INFO - [Wired] Success with 'selenium_browser'. Found content (1037 words).
2026-09-27 17:24:49,620 - INFO - [The Hindu] Article: https://www.thehindu.com/news/national/kerala/kerala-travel-mart-2026-concludes-in-kochi/article71516816.ece
2026-09-27 17:24:50,024 - INFO - [The Hindu] Attempt 1/1: Trying with 'selenium_browser' strategy...
2026-09-27 17:24:50,882 - ERROR - Error saving article Therabody Promo Codes: 15% Off September 2026 | WIRED: Hrana: `stream error: `Error { message: "SQLite error: UNIQUE constraint failed: articles.url", code: "SQLITE_CONSTRAINT" }``
2026-09-27 17:24:51,883 - INFO - [Wired] Article: https://www.wired.com/story/hoka-coupon-code/
2026-09-27 17:24:51,883 - INFO - [Wired] Attempt 1/2: Trying with 'requests_browser' strategy...
2026-09-27 17:24:52,020 - ERROR - parsed tree length: 1, wrong data type or not valid HTML
2026-09-27 17:24:52,020 - ERROR - empty HTML tree: None
2026-09-27 17:24:52,021 - WARNING - discarding data: None
2026-09-27 17:24:52,021 - WARNING - [Wired] FAILED with 'requests_browser' (content was too short: 0 words).
2026-09-27 17:24:52,744 - INFO - [Wired] Article: https://www.wired.com/story/hoka-coupon-code/
2026-09-27 17:24:52,745 - INFO - [Wired] Attempt 2/2: Trying with 'selenium_browser' strategy...
2026-09-27 17:24:57,956 - INFO - [Times of India] Page content loaded.
2026-09-27 17:24:59,814 - WARNING - [The Hindu] Page get timed out (7s). Proceeding to grab partial source anyway.
2026-09-27 17:25:01,139 - INFO - [The Hindu] Page content loaded.
2026-09-27 17:25:02,128 - INFO - [The Hindu] Success with 'selenium_browser'. Found content (136 words).
2026-09-27 17:25:05,066 - INFO - [Wired] Page content loaded.
2026-09-27 17:25:05,308 - INFO - >>> SUCCESSFULLY SAVED [ID: 126695] - Kerala Travel Mart 2026 concludes in Kochi - The Hindu from The Hindu (136 words)
2026-09-27 17:25:05,769 - INFO - [Times of India] Success with 'selenium_browser'. Found content (867 words).
2026-09-27 17:25:06,434 - INFO - [Wired] Success with 'selenium_browser'. Found content (1074 words).
2026-09-27 17:25:06,507 - INFO - [The Hindu] Article: https://www.thehindu.com/business/Industry/boeing-finds-software-glitch-in-automated-flight-guidance-system-of-max-planes/article71516542.ece
2026-09-27 17:25:06,508 - INFO - [The Hindu] Attempt 1/1: Trying with 'selenium_browser' strategy...
2026-09-27 17:25:09,272 - INFO - >>> SUCCESSFULLY SAVED [ID: 126696] - Singapore faces hot, humid conditions for more than 85% of the year; it has introduced a liquid-cooling standard for data centres | World News - The Times of India from Times of India (867 words)
2026-09-27 17:25:11,221 - INFO - [Times of India] Article: https://timesofindia.indiatimes.com/world/uk/british-company-turns-plasterboard-waste-into-tiles-with-more-than-95-recycled-content-without-kiln-firing/articleshow/134486149.cms
2026-09-27 17:25:11,221 - INFO - [Times of India] Attempt 1/1: Trying with 'selenium_browser' strategy...
2026-09-27 17:25:12,054 - ERROR - Error saving article Hoka Coupon Codes: 30% Off in September 2026 | WIRED: Hrana: `stream error: `Error { message: "SQLite error: UNIQUE constraint failed: articles.url", code: "SQLITE_CONSTRAINT" }``
2026-09-27 17:25:12,719 - INFO - [Wired] Article: https://www.wired.com/story/ulta-coupon/
2026-09-27 17:25:12,719 - INFO - [Wired] Attempt 1/2: Trying with 'requests_browser' strategy...
2026-09-27 17:25:12,891 - ERROR - parsed tree length: 1, wrong data type or not valid HTML
2026-09-27 17:25:12,896 - ERROR - empty HTML tree: None
2026-09-27 17:25:12,896 - WARNING - discarding data: None
2026-09-27 17:25:12,896 - WARNING - [Wired] FAILED with 'requests_browser' (content was too short: 0 words).
2026-09-27 17:25:13,728 - INFO - [Wired] Article: https://www.wired.com/story/ulta-coupon/
2026-09-27 17:25:13,728 - INFO - [Wired] Attempt 2/2: Trying with 'selenium_browser' strategy...
2026-09-27 17:25:16,226 - WARNING - [The Hindu] Page get timed out (7s). Proceeding to grab partial source anyway.
2026-09-27 17:25:23,254 - INFO - [Times of India] Page content loaded.
2026-09-27 17:25:23,351 - INFO - [Wired] Page content loaded.
2026-09-27 17:25:24,077 - WARNING - [The Hindu] Page explicit wait timed out (3s). Proceeding anyway.
2026-09-27 17:25:24,480 - INFO - [Times of India] Success with 'selenium_browser'. Found content (816 words).
2026-09-27 17:25:25,351 - INFO - [Wired] Success with 'selenium_browser'. Found content (918 words).
2026-09-27 17:25:28,051 - INFO - >>> SUCCESSFULLY SAVED [ID: 126698] - British company turns plasterboard waste into tiles with more than 95% recycled content, without kiln firing | World News - The Times of India from Times of India (816 words)
2026-09-27 17:25:29,708 - INFO - [Times of India] (Thread) Finished. Attempting to shut down its Selenium driver.
2026-09-27 17:25:31,070 - ERROR - Error saving article Ulta Promo Codes: Up to 20% Off in September 2026 | WIRED: Hrana: `stream error: `Error { message: "SQLite error: UNIQUE constraint failed: articles.url", code: "SQLITE_CONSTRAINT" }``
2026-09-27 17:25:31,073 - INFO - [Times of India] (Thread) driver.quit() successful.
2026-09-27 17:25:31,093 - ERROR - [The Hindu] Request failed for strategy 'selenium_browser' on URL https://www.thehindu.com/business/Industry/boeing-finds-software-glitch-in-automated-flight-guidance-system-of-max-planes/article71516542.ece: Message: timeout: Timed out receiving message from renderer: 7.000
  (Session info: chrome=154.0.8037.57)
Stacktrace:
#0 0x55a321eaae3a <unknown>
#1 0x55a3217d4e69 <unknown>
#2 0x55a3217bc860 <unknown>
#3 0x55a3217bc4d6 <unknown>
#4 0x55a3217ba0f6 <unknown>
#5 0x55a3217baa5f <unknown>
#6 0x55a3217c9c50 <unknown>
#7 0x55a3217e3bb6 <unknown>
#8 0x55a3217eb6db <unknown>
#9 0x55a3217bb1b9 <unknown>
#10 0x55a3217e391d <unknown>
#11 0x55a321875672 <unknown>
#12 0x55a32181e748 <unknown>
#13 0x55a32181f511 <unknown>
#14 0x55a321e6d3c5 <unknown>
#15 0x55a321e6bbd5 <unknown>
#16 0x55a321e56c55 <unknown>
#17 0x55a321e6c82a <unknown>
#18 0x55a321e3f329 <unknown>
#19 0x55a321e95248 <unknown>
#20 0x55a321e953e5 <unknown>
#21 0x55a321ea9783 <unknown>
#22 0x7f662ba9cb84 <unknown>
#23 0x7f662bb29ecc <unknown>

2026-09-27 17:25:31,093 - ERROR - [The Hindu] All scrape strategies failed for https://www.thehindu.com/business/Industry/boeing-finds-software-glitch-in-automated-flight-guidance-system-of-max-planes/article71516542.ece. Falling back to RSS description.
2026-09-27 17:25:31,093 - WARNING - SKIPPED (GLOBAL WORD LIMIT): Article 'Boeing finds software glitch in automated flight guidance system of MAX planes' from The Hindu has only 23 words (Min: 90).
2026-09-27 17:25:31,724 - INFO - [Wired] Article: https://www.wired.com/story/chatbooks-promo-code/
2026-09-27 17:25:31,724 - INFO - [Wired] Attempt 1/2: Trying with 'requests_browser' strategy...
2026-09-27 17:25:31,807 - ERROR - parsed tree length: 1, wrong data type or not valid HTML
2026-09-27 17:25:31,807 - ERROR - empty HTML tree: None
2026-09-27 17:25:31,807 - WARNING - discarding data: None
2026-09-27 17:25:31,807 - WARNING - [Wired] FAILED with 'requests_browser' (content was too short: 0 words).
2026-09-27 17:25:32,503 - INFO - [Wired] Article: https://www.wired.com/story/chatbooks-promo-code/
2026-09-27 17:25:32,504 - INFO - [Wired] Attempt 2/2: Trying with 'selenium_browser' strategy...
2026-09-27 17:25:32,560 - INFO - [The Hindu] Article: https://www.thehindu.com/news/national/andhra-pradesh/nunna-circle-inspector-ahmed-ali-dies-of-cardiac-arrest/article71516402.ece
2026-09-27 17:25:32,560 - INFO - [The Hindu] Attempt 1/1: Trying with 'selenium_browser' strategy...
2026-09-27 17:25:33,904 - INFO - [Wired] Page content loaded.
2026-09-27 17:25:34,361 - INFO - [Wired] Success with 'selenium_browser'. Found content (990 words).
2026-09-27 17:25:36,958 - ERROR - Error saving article Chatbooks Promo Code: 40% Off | September 2026 | WIRED: Hrana: `stream error: `Error { message: "SQLite error: UNIQUE constraint failed: articles.url", code: "SQLITE_CONSTRAINT" }``
2026-09-27 17:25:37,995 - INFO - [Wired] Article: https://www.wired.com/story/topresume-discount-code/
2026-09-27 17:25:37,995 - INFO - [Wired] Attempt 1/2: Trying with 'requests_browser' strategy...
2026-09-27 17:25:38,112 - ERROR - parsed tree length: 1, wrong data type or not valid HTML
2026-09-27 17:25:38,113 - ERROR - empty HTML tree: None
2026-09-27 17:25:38,113 - WARNING - discarding data: None
2026-09-27 17:25:38,113 - WARNING - [Wired] FAILED with 'requests_browser' (content was too short: 0 words).
2026-09-27 17:25:38,892 - INFO - [Wired] Article: https://www.wired.com/story/topresume-discount-code/
2026-09-27 17:25:38,893 - INFO - [Wired] Attempt 2/2: Trying with 'selenium_browser' strategy...
2026-09-27 17:25:40,343 - INFO - [Wired] Page content loaded.
2026-09-27 17:25:40,738 - INFO - [Wired] Success with 'selenium_browser'. Found content (796 words).
2026-09-27 17:25:43,354 - ERROR - Error saving article TopResume Packages | WIRED: Hrana: `stream error: `Error { message: "SQLite error: UNIQUE constraint failed: articles.url", code: "SQLITE_CONSTRAINT" }``
2026-09-27 17:25:44,447 - INFO - [Wired] Article: https://www.wired.com/story/vistaprint-coupon-code/
2026-09-27 17:25:44,447 - INFO - [Wired] Attempt 1/2: Trying with 'requests_browser' strategy...
2026-09-27 17:25:44,571 - ERROR - parsed tree length: 1, wrong data type or not valid HTML
2026-09-27 17:25:44,572 - ERROR - empty HTML tree: None
2026-09-27 17:25:44,572 - WARNING - discarding data: None
2026-09-27 17:25:44,572 - WARNING - [Wired] FAILED with 'requests_browser' (content was too short: 0 words).
2026-09-27 17:25:45,254 - INFO - [Wired] Article: https://www.wired.com/story/vistaprint-coupon-code/
2026-09-27 17:25:45,255 - INFO - [Wired] Attempt 2/2: Trying with 'selenium_browser' strategy...
2026-09-27 17:25:46,603 - WARNING - [The Hindu] Page get timed out (7s). Proceeding to grab partial source anyway.
2026-09-27 17:25:46,838 - INFO - [Economic Times] Page content loaded.
2026-09-27 17:25:47,117 - INFO - [Wired] Page content loaded.
2026-09-27 17:25:47,595 - INFO - [Wired] Success with 'selenium_browser'. Found content (958 words).
2026-09-27 17:25:50,268 - ERROR - Error saving article 30% VistaPrint Coupon & Promo Codes | September 2026 | WIRED: Hrana: `stream error: `Error { message: "SQLite error: UNIQUE constraint failed: articles.url", code: "SQLITE_CONSTRAINT" }``
2026-09-27 17:25:50,375 - INFO - [Economic Times] Success with 'selenium_browser'. Found content (411 words).
2026-09-27 17:25:51,852 - INFO - [Wired] Article: https://www.wired.com/story/legalzoom-promo-code/
2026-09-27 17:25:52,263 - INFO - [Wired] Attempt 1/2: Trying with 'requests_browser' strategy...
2026-09-27 17:25:53,138 - ERROR - Error saving article Nifty may find support at 5300 level - The Economic Times: Hrana: `stream error: `Error { message: "SQLite error: UNIQUE constraint failed: articles.url", code: "SQLITE_CONSTRAINT" }``
2026-09-27 17:25:53,149 - ERROR - parsed tree length: 1, wrong data type or not valid HTML
2026-09-27 17:25:53,150 - ERROR - empty HTML tree: None
2026-09-27 17:25:53,150 - WARNING - discarding data: None
2026-09-27 17:25:53,150 - WARNING - [Wired] FAILED with 'requests_browser' (content was too short: 0 words).
2026-09-27 17:25:53,614 - WARNING - [The Hindu] Page explicit wait timed out (3s). Proceeding anyway.
2026-09-27 17:25:53,760 - INFO - [Wired] Article: https://www.wired.com/story/legalzoom-promo-code/
2026-09-27 17:25:53,760 - INFO - [Wired] Attempt 2/2: Trying with 'selenium_browser' strategy...
2026-09-27 17:25:54,539 - INFO - [Economic Times] Article: https://economictimes.indiatimes.com/seven-out-of-top-10-asian-small-cap-funds-are-indian/articleshow/6295976.cms
2026-09-27 17:25:54,539 - INFO - [Economic Times] Attempt 1/2: Trying with 'requests_browser' strategy...
2026-09-27 17:25:54,851 - ERROR - parsed tree length: 1, wrong data type or not valid HTML
2026-09-27 17:25:54,852 - ERROR - empty HTML tree: None
2026-09-27 17:25:54,852 - WARNING - discarding data: None
2026-09-27 17:25:54,852 - WARNING - [Economic Times] FAILED with 'requests_browser' (content was too short: 0 words).
2026-09-27 17:25:54,919 - INFO - [Wired] Page content loaded.
2026-09-27 17:25:55,165 - INFO - [Wired] Success with 'selenium_browser'. Found content (921 words).
2026-09-27 17:25:56,519 - INFO - [Economic Times] Article: https://economictimes.indiatimes.com/seven-out-of-top-10-asian-small-cap-funds-are-indian/articleshow/6295976.cms
2026-09-27 17:25:56,921 - INFO - [Economic Times] Attempt 2/2: Trying with 'selenium_browser' strategy...
2026-09-27 17:25:57,728 - ERROR - Error saving article LegalZoom Promo Code: Exclusive 10% Off LLC Formations | WIRED: Hrana: `stream error: `Error { message: "SQLite error: UNIQUE constraint failed: articles.url", code: "SQLITE_CONSTRAINT" }``
2026-09-27 17:25:58,285 - INFO - [Wired] Article: https://www.wired.com/story/litter-robot-promo-code/
2026-09-27 17:25:58,285 - INFO - [Wired] Attempt 1/2: Trying with 'requests_browser' strategy...
2026-09-27 17:25:58,412 - ERROR - parsed tree length: 1, wrong data type or not valid HTML
2026-09-27 17:25:58,412 - ERROR - empty HTML tree: None
2026-09-27 17:25:58,412 - WARNING - discarding data: None
2026-09-27 17:25:58,412 - WARNING - [Wired] FAILED with 'requests_browser' (content was too short: 0 words).
2026-09-27 17:25:59,345 - INFO - [Wired] Article: https://www.wired.com/story/litter-robot-promo-code/
2026-09-27 17:25:59,346 - INFO - [Wired] Attempt 2/2: Trying with 'selenium_browser' strategy...
2026-09-27 17:25:59,588 - INFO - [Economic Times] Page content loaded.
2026-09-27 17:26:00,010 - INFO - [Economic Times] Success with 'selenium_browser'. Found content (607 words).
2026-09-27 17:26:01,609 - ERROR - [The Hindu] Request failed for strategy 'selenium_browser' on URL https://www.thehindu.com/news/national/andhra-pradesh/nunna-circle-inspector-ahmed-ali-dies-of-cardiac-arrest/article71516402.ece: Message: timeout: Timed out receiving message from renderer: 7.000
  (Session info: chrome=154.0.8037.57)
Stacktrace:
#0 0x55a321eaae3a <unknown>
#1 0x55a3217d4e69 <unknown>
#2 0x55a3217bb515 <unknown>
#3 0x55a3217e33eb <unknown>
#4 0x55a321875672 <unknown>
#5 0x55a32181e748 <unknown>
#6 0x55a32181f511 <unknown>
#7 0x55a321e6d3c5 <unknown>
#8 0x55a321e6bbd5 <unknown>
#9 0x55a321e56c55 <unknown>
#10 0x55a321e6c82a <unknown>
#11 0x55a321e3f329 <unknown>
#12 0x55a321e95248 <unknown>
#13 0x55a321e953e5 <unknown>
#14 0x55a321ea9783 <unknown>
#15 0x7f662ba9cb84 <unknown>
#16 0x7f662bb29ecc <unknown>

2026-09-27 17:26:01,609 - ERROR - [The Hindu] All scrape strategies failed for https://www.thehindu.com/news/national/andhra-pradesh/nunna-circle-inspector-ahmed-ali-dies-of-cardiac-arrest/article71516402.ece. Falling back to RSS description.
2026-09-27 17:26:01,609 - WARNING - SKIPPED (GLOBAL WORD LIMIT): Article 'Nunna Circle Inspector Ahmed Ali dies of cardiac arrest' from The Hindu has only 20 words (Min: 90).
2026-09-27 17:26:02,841 - INFO - [Wired] Page content loaded.
2026-09-27 17:26:02,841 - INFO - [The Hindu] Article: https://www.thehindu.com/news/national/andhra-pradesh/sfi-visits-tribal-schools-in-maredumilli-mandal-flags-bad-infrastructure/article71516265.ece
2026-09-27 17:26:02,842 - INFO - [The Hindu] Attempt 1/1: Trying with 'selenium_browser' strategy...
2026-09-27 17:26:02,842 - ERROR - Error saving article Seven out of top 10 Asian small-cap funds are Indian - The Economic Times: Hrana: `stream error: `Error { message: "SQLite error: UNIQUE constraint failed: articles.url", code: "SQLITE_CONSTRAINT" }``
2026-09-27 17:26:03,752 - INFO - [Wired] Success with 'selenium_browser'. Found content (775 words).
2026-09-27 17:26:04,068 - INFO - [Economic Times] Article: https://economictimes.indiatimes.com/inflation-reflects-growth-dynamics-in-india-christopher-wood/articleshow/6274053.cms
2026-09-27 17:26:04,068 - INFO - [Economic Times] Attempt 1/2: Trying with 'requests_browser' strategy...
2026-09-27 17:26:05,907 - CRITICAL - --- TIMEOUT: 3 scrape jobs did not complete in 420s. ---
2026-09-27 17:26:05,908 - ERROR - A thread has timed out and will be abandoned.
2026-09-27 17:26:05,909 - ERROR - A thread has timed out and will be abandoned.
2026-09-27 17:26:05,909 - ERROR - A thread has timed out and will be abandoned.
2026-09-27 17:26:05,909 - INFO - Shutting down thread pool (wait=False)...
2026-09-27 17:26:05,909 - INFO - Scraped: 8 Al Jazeera, 0 TechCrunch, 10 NDTV, 18 Times of India, 0 Indian Express, 7 BBC, 3 Timed_Out_Jobs articles. (Total saved: 43)
2026-09-27 17:26:05,909 - INFO - --- Scraping job finished ---
2026-09-27 17:26:05,909 - INFO - --- Scraper service stopped. ---
2026-09-27 17:26:05,909 - INFO - --- Main thread finished. Forcing process exit to kill zombie threads. ---
