2026-08-23 04:10:16,471 - INFO - Loading AI Semantic Model (all-MiniLM-L6-v2)...
2026-08-23 04:10:16,471 - INFO - No device provided, using cpu
2026-08-23 04:10:16,661 - INFO - HTTP Request: GET https://huggingface.co/api/agent-harnesses "HTTP/1.1 200 OK"
2026-08-23 04:10:16,745 - INFO - HTTP Request: HEAD https://huggingface.co/sentence-transformers/all-MiniLM-L6-v2/resolve/main/modules.json "HTTP/1.1 307 Temporary Redirect"
2026-08-23 04:10:16,745 - WARNING - Warning: You are sending unauthenticated requests to the HF Hub. Please set a HF_TOKEN to enable higher rate limits and faster downloads.
2026-08-23 04:10:16,758 - INFO - HTTP Request: HEAD https://huggingface.co/api/resolve-cache/models/sentence-transformers/all-MiniLM-L6-v2/1110a243fdf4706b3f48f1d95db1a4f5529b4d41/modules.json "HTTP/1.1 200 OK"
2026-08-23 04:10:16,844 - INFO - HTTP Request: HEAD https://huggingface.co/sentence-transformers/all-MiniLM-L6-v2/resolve/main/config_sentence_transformers.json "HTTP/1.1 307 Temporary Redirect"
2026-08-23 04:10:16,857 - INFO - HTTP Request: HEAD https://huggingface.co/api/resolve-cache/models/sentence-transformers/all-MiniLM-L6-v2/1110a243fdf4706b3f48f1d95db1a4f5529b4d41/config_sentence_transformers.json "HTTP/1.1 200 OK"
2026-08-23 04:10:16,858 - INFO - Loading SentenceTransformer model from sentence-transformers/all-MiniLM-L6-v2.
2026-08-23 04:10:16,939 - INFO - HTTP Request: HEAD https://huggingface.co/sentence-transformers/all-MiniLM-L6-v2/resolve/main/config_sentence_transformers.json "HTTP/1.1 307 Temporary Redirect"
2026-08-23 04:10:16,952 - INFO - HTTP Request: HEAD https://huggingface.co/api/resolve-cache/models/sentence-transformers/all-MiniLM-L6-v2/1110a243fdf4706b3f48f1d95db1a4f5529b4d41/config_sentence_transformers.json "HTTP/1.1 200 OK"
2026-08-23 04:10:17,034 - INFO - HTTP Request: HEAD https://huggingface.co/sentence-transformers/all-MiniLM-L6-v2/resolve/main/README.md "HTTP/1.1 307 Temporary Redirect"
2026-08-23 04:10:17,047 - INFO - HTTP Request: HEAD https://huggingface.co/api/resolve-cache/models/sentence-transformers/all-MiniLM-L6-v2/1110a243fdf4706b3f48f1d95db1a4f5529b4d41/README.md "HTTP/1.1 200 OK"
2026-08-23 04:10:17,059 - INFO - HTTP Request: GET https://huggingface.co/api/resolve-cache/models/sentence-transformers/all-MiniLM-L6-v2/1110a243fdf4706b3f48f1d95db1a4f5529b4d41/README.md "HTTP/1.1 200 OK"
2026-08-23 04:10:17,141 - INFO - HTTP Request: HEAD https://huggingface.co/sentence-transformers/all-MiniLM-L6-v2/resolve/main/modules.json "HTTP/1.1 307 Temporary Redirect"
2026-08-23 04:10:17,156 - INFO - HTTP Request: HEAD https://huggingface.co/api/resolve-cache/models/sentence-transformers/all-MiniLM-L6-v2/1110a243fdf4706b3f48f1d95db1a4f5529b4d41/modules.json "HTTP/1.1 200 OK"
2026-08-23 04:10:17,241 - INFO - HTTP Request: HEAD https://huggingface.co/sentence-transformers/all-MiniLM-L6-v2/resolve/main/sentence_bert_config.json "HTTP/1.1 307 Temporary Redirect"
2026-08-23 04:10:17,254 - INFO - HTTP Request: HEAD https://huggingface.co/api/resolve-cache/models/sentence-transformers/all-MiniLM-L6-v2/1110a243fdf4706b3f48f1d95db1a4f5529b4d41/sentence_bert_config.json "HTTP/1.1 200 OK"
2026-08-23 04:10:17,342 - INFO - HTTP Request: HEAD https://huggingface.co/sentence-transformers/all-MiniLM-L6-v2/resolve/main/adapter_config.json "HTTP/1.1 404 Not Found"
2026-08-23 04:10:17,432 - INFO - HTTP Request: HEAD https://huggingface.co/sentence-transformers/all-MiniLM-L6-v2/resolve/main/config.json "HTTP/1.1 307 Temporary Redirect"
2026-08-23 04:10:17,446 - INFO - HTTP Request: HEAD https://huggingface.co/api/resolve-cache/models/sentence-transformers/all-MiniLM-L6-v2/1110a243fdf4706b3f48f1d95db1a4f5529b4d41/config.json "HTTP/1.1 200 OK"
2026-08-23 04:10:17,584 - INFO - HTTP Request: HEAD https://huggingface.co/sentence-transformers/all-MiniLM-L6-v2/resolve/main/model.safetensors "HTTP/1.1 302 Found"
2026-08-23 04:10:17,793 - INFO - HTTP Request: HEAD https://huggingface.co/sentence-transformers/all-MiniLM-L6-v2/resolve/main/processor_config.json "HTTP/1.1 404 Not Found"
2026-08-23 04:10:17,883 - INFO - HTTP Request: HEAD https://huggingface.co/sentence-transformers/all-MiniLM-L6-v2/resolve/main/preprocessor_config.json "HTTP/1.1 404 Not Found"
2026-08-23 04:10:17,974 - INFO - HTTP Request: HEAD https://huggingface.co/sentence-transformers/all-MiniLM-L6-v2/resolve/main/video_preprocessor_config.json "HTTP/1.1 404 Not Found"
2026-08-23 04:10:18,060 - INFO - HTTP Request: HEAD https://huggingface.co/sentence-transformers/all-MiniLM-L6-v2/resolve/main/preprocessor_config.json "HTTP/1.1 404 Not Found"
2026-08-23 04:10:18,150 - INFO - HTTP Request: HEAD https://huggingface.co/sentence-transformers/all-MiniLM-L6-v2/resolve/main/tokenizer_config.json "HTTP/1.1 307 Temporary Redirect"
2026-08-23 04:10:18,164 - INFO - HTTP Request: HEAD https://huggingface.co/api/resolve-cache/models/sentence-transformers/all-MiniLM-L6-v2/1110a243fdf4706b3f48f1d95db1a4f5529b4d41/tokenizer_config.json "HTTP/1.1 200 OK"
2026-08-23 04:10:18,249 - INFO - HTTP Request: HEAD https://huggingface.co/sentence-transformers/all-MiniLM-L6-v2/resolve/main/config.json "HTTP/1.1 307 Temporary Redirect"
2026-08-23 04:10:18,263 - INFO - HTTP Request: HEAD https://huggingface.co/api/resolve-cache/models/sentence-transformers/all-MiniLM-L6-v2/1110a243fdf4706b3f48f1d95db1a4f5529b4d41/config.json "HTTP/1.1 200 OK"
2026-08-23 04:10:18,351 - INFO - HTTP Request: HEAD https://huggingface.co/sentence-transformers/all-MiniLM-L6-v2/resolve/main/config.json "HTTP/1.1 307 Temporary Redirect"
2026-08-23 04:10:18,363 - INFO - HTTP Request: HEAD https://huggingface.co/api/resolve-cache/models/sentence-transformers/all-MiniLM-L6-v2/1110a243fdf4706b3f48f1d95db1a4f5529b4d41/config.json "HTTP/1.1 200 OK"
2026-08-23 04:10:18,448 - INFO - HTTP Request: HEAD https://huggingface.co/sentence-transformers/all-MiniLM-L6-v2/resolve/main/tokenizer_config.json "HTTP/1.1 307 Temporary Redirect"
2026-08-23 04:10:18,460 - INFO - HTTP Request: HEAD https://huggingface.co/api/resolve-cache/models/sentence-transformers/all-MiniLM-L6-v2/1110a243fdf4706b3f48f1d95db1a4f5529b4d41/tokenizer_config.json "HTTP/1.1 200 OK"
2026-08-23 04:10:18,551 - INFO - HTTP Request: GET https://huggingface.co/api/models/sentence-transformers/all-MiniLM-L6-v2/tree/main/additional_chat_templates?recursive=false&expand=false "HTTP/1.1 404 Not Found"
2026-08-23 04:10:18,639 - INFO - HTTP Request: GET https://huggingface.co/api/models/sentence-transformers/all-MiniLM-L6-v2/tree/main?recursive=true&expand=false "HTTP/1.1 200 OK"
2026-08-23 04:10:18,723 - INFO - HTTP Request: HEAD https://huggingface.co/sentence-transformers/all-MiniLM-L6-v2/resolve/main/vocab.txt "HTTP/1.1 307 Temporary Redirect"
2026-08-23 04:10:18,736 - INFO - HTTP Request: HEAD https://huggingface.co/api/resolve-cache/models/sentence-transformers/all-MiniLM-L6-v2/1110a243fdf4706b3f48f1d95db1a4f5529b4d41/vocab.txt "HTTP/1.1 200 OK"
2026-08-23 04:10:18,824 - INFO - HTTP Request: HEAD https://huggingface.co/sentence-transformers/all-MiniLM-L6-v2/resolve/main/tokenizer.json "HTTP/1.1 307 Temporary Redirect"
2026-08-23 04:10:18,837 - INFO - HTTP Request: HEAD https://huggingface.co/api/resolve-cache/models/sentence-transformers/all-MiniLM-L6-v2/1110a243fdf4706b3f48f1d95db1a4f5529b4d41/tokenizer.json "HTTP/1.1 200 OK"
2026-08-23 04:10:18,922 - INFO - HTTP Request: HEAD https://huggingface.co/sentence-transformers/all-MiniLM-L6-v2/resolve/main/added_tokens.json "HTTP/1.1 404 Not Found"
2026-08-23 04:10:19,007 - INFO - HTTP Request: HEAD https://huggingface.co/sentence-transformers/all-MiniLM-L6-v2/resolve/main/special_tokens_map.json "HTTP/1.1 307 Temporary Redirect"
2026-08-23 04:10:19,020 - INFO - HTTP Request: HEAD https://huggingface.co/api/resolve-cache/models/sentence-transformers/all-MiniLM-L6-v2/1110a243fdf4706b3f48f1d95db1a4f5529b4d41/special_tokens_map.json "HTTP/1.1 200 OK"
2026-08-23 04:10:19,107 - INFO - HTTP Request: HEAD https://huggingface.co/sentence-transformers/all-MiniLM-L6-v2/resolve/main/chat_template.jinja "HTTP/1.1 404 Not Found"
2026-08-23 04:10:19,225 - INFO - HTTP Request: HEAD https://huggingface.co/sentence-transformers/all-MiniLM-L6-v2/resolve/main/1_Pooling/config.json "HTTP/1.1 307 Temporary Redirect"
2026-08-23 04:10:19,238 - INFO - HTTP Request: HEAD https://huggingface.co/api/resolve-cache/models/sentence-transformers/all-MiniLM-L6-v2/1110a243fdf4706b3f48f1d95db1a4f5529b4d41/1_Pooling%2Fconfig.json "HTTP/1.1 200 OK"
2026-08-23 04:10:19,324 - INFO - HTTP Request: HEAD https://huggingface.co/sentence-transformers/all-MiniLM-L6-v2/resolve/main/2_Normalize/config.json "HTTP/1.1 404 Not Found"
2026-08-23 04:10:19,411 - INFO - HTTP Request: GET https://huggingface.co/api/models/sentence-transformers/all-MiniLM-L6-v2 "HTTP/1.1 200 OK"
2026-08-23 04:10:19,415 - INFO - AI Model loaded successfully.
2026-08-23 04:10:19,415 - INFO - --- Scraper service started (CI Mode: Run Once) ---
2026-08-23 04:10:19,415 - INFO - --- Starting new scraping job (Parallel Mode) ---
2026-08-23 04:10:19,415 - INFO - Connecting to SQLite database...
2026-08-23 04:10:24,234 - INFO - Pre-calculating embeddings for 377 cached articles...
2026-08-23 04:10:47,784 - INFO - Cache built: 6123 URLs. Current MAX_ID: 111583
2026-08-23 04:10:47,785 - INFO - Creating new robust session with 3 retries on 5xx/connection/read errors.
2026-08-23 04:10:47,785 - INFO - Proxy is DISABLED.
2026-08-23 04:10:47,785 - INFO - [BBC] (Thread) requires Selenium. Initializing driver...
2026-08-23 04:10:47,785 - INFO - [Times of India] (Thread) requires Selenium. Initializing driver...
2026-08-23 04:10:47,786 - INFO - [The Hindu] (Thread) requires Selenium. Initializing driver...
2026-08-23 04:10:47,786 - INFO - [Al Jazeera] (Thread) requires Selenium. Initializing driver...
2026-08-23 04:10:47,787 - INFO - Starting scrape for TechCrunch RSS feed: https://techcrunch.com/feed/
2026-08-23 04:10:47,787 - INFO - [Economic Times] (Thread) requires Selenium. Initializing driver...
2026-08-23 04:10:47,788 - INFO - [Wired] (Thread) requires Selenium. Initializing driver...
2026-08-23 04:10:47,789 - INFO - [NDTV] (Thread) requires Selenium. Initializing driver...
2026-08-23 04:10:47,790 - INFO - [Indian Express] (Thread) requires Selenium. Initializing driver...
2026-08-23 04:10:47,790 - INFO - Submitted 9 jobs to thread pool. Waiting up to 420s for completion...
2026-08-23 04:10:49,329 - INFO - Found 0 articles in TechCrunch RSS feed. Processing until 8 new articles are saved.
2026-08-23 04:10:49,682 - INFO - Selenium driver initialized successfully (Eager load strategy, 7s timeout).
2026-08-23 04:10:49,682 - INFO - Starting scrape for BBC RSS feed: http://feeds.bbci.co.uk/news/world/rss.xml
2026-08-23 04:10:50,040 - INFO - Selenium driver initialized successfully (Eager load strategy, 7s timeout).
2026-08-23 04:10:50,091 - INFO - Starting scrape for Wired RSS feed: https://www.wired.com/feed/rss
2026-08-23 04:10:50,111 - INFO - Selenium driver initialized successfully (Eager load strategy, 7s timeout).
2026-08-23 04:10:50,111 - INFO - Starting scrape for Economic Times RSS feed: https://economictimes.indiatimes.com/rssfeedsdefault.cms
2026-08-23 04:10:50,226 - INFO - Selenium driver initialized successfully (Eager load strategy, 7s timeout).
2026-08-23 04:10:50,235 - INFO - Starting scrape for Al Jazeera RSS feed: https://www.aljazeera.com/xml/rss/all.xml
2026-08-23 04:10:50,453 - INFO - Selenium driver initialized successfully (Eager load strategy, 7s timeout).
2026-08-23 04:10:50,453 - INFO - Starting scrape for NDTV RSS feed: https://feeds.feedburner.com/ndtvnews-top-stories
2026-08-23 04:10:50,505 - INFO - Found 27 articles in BBC RSS feed. Processing until 10 new articles are saved.
2026-08-23 04:10:50,505 - INFO - [BBC] Early skip: URL https://www.bbc.co.uk/news/articles/cx272np7vgyo?at_medium=RSS&at_campaign=rss already exists.
2026-08-23 04:10:50,513 - INFO - Selenium driver initialized successfully (Eager load strategy, 7s timeout).
2026-08-23 04:10:50,513 - INFO - Starting scrape for Times of India RSS feed: https://timesofindia.indiatimes.com/rssfeeds/296589292.cms
2026-08-23 04:10:50,516 - INFO - [BBC] Early skip: URL https://www.bbc.co.uk/news/articles/c3040pn8lmmo?at_medium=RSS&at_campaign=rss already exists.
2026-08-23 04:10:50,520 - INFO - [BBC] Early skip: URL https://www.bbc.co.uk/news/articles/c39egw7nmk2o?at_medium=RSS&at_campaign=rss already exists.
2026-08-23 04:10:50,521 - INFO - [BBC] Early skip: URL https://www.bbc.co.uk/news/articles/c93403wg288o?at_medium=RSS&at_campaign=rss already exists.
2026-08-23 04:10:50,524 - INFO - [BBC] Early skip: URL https://www.bbc.co.uk/news/articles/c2dkdegr2xeo?at_medium=RSS&at_campaign=rss already exists.
2026-08-23 04:10:50,525 - INFO - [BBC] Early skip: URL https://www.bbc.co.uk/news/articles/cwyr0l45xjro?at_medium=RSS&at_campaign=rss already exists.
2026-08-23 04:10:50,541 - INFO - [BBC] Early skip: URL https://www.bbc.co.uk/news/articles/cqlxlvz01z1o?at_medium=RSS&at_campaign=rss already exists.
2026-08-23 04:10:50,543 - INFO - [BBC] Early skip: URL https://www.bbc.co.uk/news/articles/c8jnjp0lwlwo?at_medium=RSS&at_campaign=rss already exists.
2026-08-23 04:10:50,547 - INFO - [BBC] Early skip: URL https://www.bbc.co.uk/news/articles/cm2g23ng8p4o?at_medium=RSS&at_campaign=rss already exists.
2026-08-23 04:10:50,549 - INFO - Found 50 articles in Wired RSS feed. Processing until 10 new articles are saved.
2026-08-23 04:10:50,550 - INFO - [Wired] Early skip: URL https://www.wired.com/review/saily-ultra-esim/ already exists.
2026-08-23 04:10:50,550 - INFO - [BBC] Early skip: URL https://www.bbc.co.uk/news/articles/cvg92y1wzn8o?at_medium=RSS&at_campaign=rss already exists.
2026-08-23 04:10:50,554 - INFO - [Wired] Early skip: URL https://www.wired.com/gallery/best-monitor-arms/ already exists.
2026-08-23 04:10:50,554 - INFO - [BBC] Early skip: URL https://www.bbc.co.uk/news/articles/cn7n0l4p0kzo?at_medium=RSS&at_campaign=rss already exists.
2026-08-23 04:10:50,558 - INFO - [Wired] Early skip: URL https://www.wired.com/story/set-up-a-separate-work-profile-on-your-android-phone/ already exists.
2026-08-23 04:10:50,558 - INFO - [BBC] Early skip: URL https://www.bbc.co.uk/news/articles/c3r0g7gj2n3o?at_medium=RSS&at_campaign=rss already exists.
2026-08-23 04:10:50,559 - INFO - [Wired] Early skip: URL https://www.wired.com/gallery/the-best-mattress-toppers/ already exists.
2026-08-23 04:10:50,559 - INFO - [BBC] Early skip: URL https://www.bbc.co.uk/news/articles/c62xpre63j2o?at_medium=RSS&at_campaign=rss already exists.
2026-08-23 04:10:50,561 - INFO - [BBC] Early skip: URL https://www.bbc.co.uk/news/articles/cvgl2pe09eno?at_medium=RSS&at_campaign=rss already exists.
2026-08-23 04:10:50,563 - INFO - [BBC] Early skip: URL https://www.bbc.co.uk/news/articles/ce8l7w0n0jeo?at_medium=RSS&at_campaign=rss already exists.
2026-08-23 04:10:50,565 - INFO - [Wired] Early skip: URL https://www.wired.com/story/security-news-this-week-your-expired-visa-card-could-be-zombiefied-to-make-contactless-payments/ already exists.
2026-08-23 04:10:50,566 - INFO - [BBC] Early skip: URL https://www.bbc.co.uk/news/articles/c0l5d387j18o?at_medium=RSS&at_campaign=rss already exists.
2026-08-23 04:10:50,566 - INFO - [Wired] Early skip: URL https://www.wired.com/story/nasa-cancels-its-rescue-mission-for-the-aging-swift-telescope/ already exists.
2026-08-23 04:10:50,567 - INFO - [BBC] Early skip: URL https://www.bbc.co.uk/news/articles/c9w09dj7qk5o?at_medium=RSS&at_campaign=rss already exists.
2026-08-23 04:10:50,568 - INFO - [Wired] Early skip: URL https://www.wired.com/story/the-unlikely-place-at-the-center-of-chinas-ai-boom/ already exists.
2026-08-23 04:10:50,571 - INFO - [BBC] Early skip: URL https://www.bbc.co.uk/news/articles/cj0338l6yg4o?at_medium=RSS&at_campaign=rss already exists.
2026-08-23 04:10:50,574 - INFO - [BBC] Early skip: URL https://www.bbc.co.uk/news/articles/cq56x3910jwo?at_medium=RSS&at_campaign=rss already exists.
2026-08-23 04:10:50,574 - INFO - [Wired] Early skip: URL https://www.wired.com/story/teslas-door-handles-lead-to-its-biggest-recall-yet/ already exists.
2026-08-23 04:10:50,575 - INFO - [BBC] Early skip: URL https://www.bbc.co.uk/news/articles/c2lq5g4dedpo?at_medium=RSS&at_campaign=rss already exists.
2026-08-23 04:10:50,575 - INFO - [Wired] Early skip: URL https://www.wired.com/story/metas-big-reckoning-is-here/ already exists.
2026-08-23 04:10:50,576 - INFO - [BBC] Early skip: URL https://www.bbc.co.uk/news/articles/cnvn0n1nld6o?at_medium=RSS&at_campaign=rss already exists.
2026-08-23 04:10:50,577 - INFO - [Wired] Article: https://www.wired.com/story/best-pool-cleaning-robots/
2026-08-23 04:10:50,577 - INFO - [Wired] Attempt 1/2: Trying with 'requests_browser' strategy...
2026-08-23 04:10:50,587 - INFO - [BBC] Early skip: URL https://www.bbc.co.uk/news/articles/c4gknzgje7go?at_medium=RSS&at_campaign=rss already exists.
2026-08-23 04:10:50,590 - INFO - [BBC] Early skip: URL https://www.bbc.co.uk/news/videos/cgljl9zp47xo?at_medium=RSS&at_campaign=rss already exists.
2026-08-23 04:10:50,594 - INFO - [BBC] Early skip: URL https://www.bbc.co.uk/news/videos/c235j22d85ro?at_medium=RSS&at_campaign=rss already exists.
2026-08-23 04:10:50,596 - INFO - [BBC] Early skip: URL https://www.bbc.co.uk/news/videos/c0qvqzzdd02o?at_medium=RSS&at_campaign=rss already exists.
2026-08-23 04:10:50,598 - INFO - [BBC] Early skip: URL https://www.bbc.co.uk/news/videos/cy07x9ne871o?at_medium=RSS&at_campaign=rss already exists.
2026-08-23 04:10:50,601 - INFO - [BBC] Early skip: URL https://www.bbc.co.uk/news/videos/cn4nk1915vxo?at_medium=RSS&at_campaign=rss already exists.
2026-08-23 04:10:50,607 - INFO - [BBC] (Thread) Finished. Attempting to shut down its Selenium driver.
2026-08-23 04:10:50,608 - INFO - Selenium driver initialized successfully (Eager load strategy, 7s timeout).
2026-08-23 04:10:50,608 - INFO - Starting scrape for The Hindu RSS feed: https://www.thehindu.com/news/national/feeder/default.rss
2026-08-23 04:10:50,787 - INFO - [BBC] (Thread) driver.quit() successful.
2026-08-23 04:10:50,796 - ERROR - parsed tree length: 1, wrong data type or not valid HTML
2026-08-23 04:10:50,797 - ERROR - empty HTML tree: None
2026-08-23 04:10:50,797 - WARNING - discarding data: None
2026-08-23 04:10:50,797 - WARNING - [Wired] FAILED with 'requests_browser' (content was too short: 0 words).
2026-08-23 04:10:50,805 - INFO - Selenium driver initialized successfully (Eager load strategy, 7s timeout).
2026-08-23 04:10:50,805 - INFO - Starting scrape for Indian Express RSS feed: https://indianexpress.com/feed/
2026-08-23 04:10:50,815 - INFO - Found 25 articles in Al Jazeera RSS feed. Processing until 8 new articles are saved.
2026-08-23 04:10:50,816 - INFO - [Al Jazeera] Article: https://www.aljazeera.com/video/newsfeed/2026/8/23/you-just-cant-trust-trump-canadian-premiers-fire-back-in-trade-war?traffic_source=rss
2026-08-23 04:10:50,816 - INFO - [Al Jazeera] Attempt 1/2: Trying with 'requests_browser' strategy...
2026-08-23 04:10:50,936 - INFO - Found 60 articles in The Hindu RSS feed. Processing until 20 new articles are saved.
2026-08-23 04:10:50,937 - INFO - [The Hindu] Article: https://www.thehindu.com/news/cities/mumbai/people-killed-injured-as-ganesh-idol-falls-during-arrival-ceremony-in-mumbai/article71380097.ece
2026-08-23 04:10:50,937 - INFO - [The Hindu] Attempt 1/1: Trying with 'selenium_browser' strategy...
2026-08-23 04:10:51,000 - INFO - Found 20 articles in NDTV RSS feed. Processing until 10 new articles are saved.
2026-08-23 04:10:51,014 - INFO - [NDTV] Article: https://www.ndtv.com/world-news/mark-carney-donald-trump-canadas-demand-for-trucks-tariff-relief-behind-imperiled-us-trade-talks-report-11946643#publisher=newsstand
2026-08-23 04:10:51,015 - INFO - [NDTV] Attempt 1/2: Trying with 'requests_browser' strategy...
2026-08-23 04:10:51,002 - INFO - Found 20 articles in Times of India RSS feed. Processing until 20 new articles are saved.
2026-08-23 04:10:51,023 - INFO - [Times of India] Article: https://timesofindia.indiatimes.com/world/rest-of-world/mexican-governor-seeks-leave-again-amid-backlash-after-return-following-us-drug-charges-indictment/articleshow/133433847.cms
2026-08-23 04:10:51,024 - INFO - [Times of India] Attempt 1/1: Trying with 'selenium_browser' strategy...
2026-08-23 04:10:51,014 - WARNING - [Al Jazeera] FAILED with 'requests_browser' (content was too short: 65 words).
2026-08-23 04:10:51,145 - ERROR - [NDTV] Request failed for strategy 'requests_browser' on URL https://www.ndtv.com/world-news/mark-carney-donald-trump-canadas-demand-for-trucks-tariff-relief-behind-imperiled-us-trade-talks-report-11946643#publisher=newsstand: 403 Client Error: Forbidden for url: https://www.ndtv.com/world-news/mark-carney-donald-trump-canadas-demand-for-trucks-tariff-relief-behind-imperiled-us-trade-talks-report-11946643#publisher=newsstand
2026-08-23 04:10:51,240 - ERROR - Failed to fetch Indian Express RSS feed: 403 Client Error: Forbidden for url: https://indianexpress.com/feed/
2026-08-23 04:10:51,240 - INFO - [Indian Express] (Thread) Finished. Attempting to shut down its Selenium driver.
2026-08-23 04:10:51,330 - INFO - [Indian Express] (Thread) driver.quit() successful.
2026-08-23 04:10:51,340 - INFO - [Wired] Article: https://www.wired.com/story/best-pool-cleaning-robots/
2026-08-23 04:10:51,340 - INFO - [Wired] Attempt 2/2: Trying with 'selenium_browser' strategy...
2026-08-23 04:10:51,485 - INFO - Found 76 articles in Economic Times RSS feed. Processing until 20 new articles are saved.
2026-08-23 04:10:51,485 - INFO - [Economic Times] Early skip: URL https://economictimes.indiatimes.com/markets/stocks/news/dalal-street-week-ahead-selective-buying-favoured-as-nifty-remains-range-bound/articleshow/133423333.cms already exists.
2026-08-23 04:10:51,487 - INFO - [Economic Times] Early skip: URL https://economictimes.indiatimes.com/markets/stocks/news/cas-chaos-triggers-liquidity-spiral-nuvama-says-higher-participation-needed-to-break-cycle/articleshow/133421238.cms already exists.
2026-08-23 04:10:51,488 - INFO - [Economic Times] Early skip: URL https://economictimes.indiatimes.com/markets/expert-view/fo-talk-nifty-to-consolidate-further-says-sudeep-shah-picks-3-stocks-for-next-week/articleshow/133419507.cms already exists.
2026-08-23 04:10:51,489 - INFO - [Economic Times] Early skip: URL https://economictimes.indiatimes.com/markets/commodities/news/gold-prices-rise-for-3rd-straight-week-hit-3-month-high-can-bullion-reclaim-5500-peak/articleshow/133419156.cms already exists.
2026-08-23 04:10:51,491 - INFO - [Economic Times] Early skip: URL https://economictimes.indiatimes.com/markets/stocks/news/sebi-proposes-tighter-curbs-on-promotional-claims-by-online-bond-platforms/articleshow/133424265.cms already exists.
2026-08-23 04:10:51,492 - INFO - [Economic Times] Early skip: URL https://economictimes.indiatimes.com/markets/expert-view/etmarkets-management-talk-cleanmaxs-next-growth-phase-1-5-gw-capacity-addition-target-rs-3000-crore-ebitda-by-fy28-says-kuldeep-jain/articleshow/133417896.cms already exists.
2026-08-23 04:10:51,494 - INFO - [Economic Times] Article: https://economictimes.indiatimes.com/news/economy/policy/rbi-special-windows-seen-big-enough-to-bring-in-100b/articleshow/132813309.cms
2026-08-23 04:10:51,494 - INFO - [Economic Times] Attempt 1/2: Trying with 'requests_browser' strategy...
2026-08-23 04:10:51,593 - INFO - [Al Jazeera] Article: https://www.aljazeera.com/video/newsfeed/2026/8/23/you-just-cant-trust-trump-canadian-premiers-fire-back-in-trade-war?traffic_source=rss
2026-08-23 04:10:51,593 - INFO - [Al Jazeera] Attempt 2/2: Trying with 'selenium_browser' strategy...
2026-08-23 04:10:51,847 - INFO - [NDTV] Article: https://www.ndtv.com/world-news/mark-carney-donald-trump-canadas-demand-for-trucks-tariff-relief-behind-imperiled-us-trade-talks-report-11946643#publisher=newsstand
2026-08-23 04:10:51,847 - INFO - [NDTV] Attempt 2/2: Trying with 'selenium_browser' strategy...
2026-08-23 04:10:52,864 - INFO - [Economic Times] Success with 'requests_browser'. Found content (322 words).
2026-08-23 04:10:53,416 - INFO - [The Hindu] Page content loaded.
2026-08-23 04:10:56,686 - INFO - [Al Jazeera] Page content loaded.
2026-08-23 04:10:56,687 - INFO - [NDTV] Page content loaded.
2026-08-23 04:10:56,690 - ERROR - Error saving article RBI special windows seen big enough to bring in $100B - The Economic Times: Hrana: `stream error: `Error { message: "SQLite error: UNIQUE constraint failed: articles.url", code: "SQLITE_CONSTRAINT" }``
2026-08-23 04:10:56,782 - INFO - [The Hindu] Success with 'selenium_browser'. Found content (231 words).
2026-08-23 04:10:57,260 - WARNING - [Al Jazeera] FAILED with 'selenium_browser' (content was too short: 65 words).
2026-08-23 04:10:57,266 - ERROR - [Al Jazeera] All scrape strategies failed for https://www.aljazeera.com/video/newsfeed/2026/8/23/you-just-cant-trust-trump-canadian-premiers-fire-back-in-trade-war?traffic_source=rss. Falling back to RSS description.
2026-08-23 04:10:57,266 - WARNING - SKIPPED (GLOBAL WORD LIMIT): Article '‘You just can’t trust Trump’: Canadian premiers fire back in trade war' from Al Jazeera has only 16 words (Min: 90).
2026-08-23 04:10:57,398 - INFO - [NDTV] Success with 'selenium_browser'. Found content (505 words).
2026-08-23 04:10:57,436 - INFO - [Economic Times] Article: https://economictimes.indiatimes.com/news/economy/foreign-trade/india-canada-aim-to-conclude-cepa-trade-pact-by-end-2026-mea/articleshow/132813105.cms
2026-08-23 04:10:57,446 - INFO - [Economic Times] Attempt 1/2: Trying with 'requests_browser' strategy...
2026-08-23 04:10:59,126 - INFO - [Al Jazeera] Article: https://www.aljazeera.com/news/2026/8/23/in-rural-chad-solar-kiosks-bring-healthcare-closer?traffic_source=rss
2026-08-23 04:10:59,126 - INFO - [Al Jazeera] Attempt 1/2: Trying with 'requests_browser' strategy...
2026-08-23 04:11:00,825 - INFO - >>> SUCCESSFULLY SAVED [ID: 111585] - Two killed, five injured as Ganesh idol falls during arrival ceremony in Mumbai - The Hindu from The Hindu (231 words)
2026-08-23 04:11:01,059 - INFO - [Al Jazeera] Success with 'requests_browser'. Found content (894 words).
2026-08-23 04:11:03,118 - INFO - [The Hindu] Article: https://www.thehindu.com/news/cities/chennai/in-pictures-madras-then-and-now/article71377431.ece
2026-08-23 04:11:03,128 - INFO - [The Hindu] Attempt 1/1: Trying with 'selenium_browser' strategy...
2026-08-23 04:11:04,783 - INFO - [Economic Times] Success with 'requests_browser'. Found content (202 words).
2026-08-23 04:11:04,797 - INFO - >>> SUCCESSFULLY SAVED [ID: 111586] - Mark Carney, Donald Trump: Canada's Demand For Trucks Tariff Relief Led To Derailed US Trade Talks: Report from NDTV (505 words)
2026-08-23 04:11:06,658 - INFO - [NDTV] Article: https://www.ndtv.com/world-news/trump-mark-carney-how-us-canada-trade-war-ruptures-once-close-durable-alliance-11946631#publisher=newsstand
2026-08-23 04:11:06,658 - INFO - [NDTV] Attempt 1/2: Trying with 'requests_browser' strategy...
2026-08-23 04:11:08,269 - INFO - >>> SUCCESSFULLY SAVED [ID: 111587] - In rural Chad, solar kiosks bring healthcare closer | News | Al Jazeera from Al Jazeera (894 words)
2026-08-23 04:11:08,315 - ERROR - [NDTV] Request failed for strategy 'requests_browser' on URL https://www.ndtv.com/world-news/trump-mark-carney-how-us-canada-trade-war-ruptures-once-close-durable-alliance-11946631#publisher=newsstand: 403 Client Error: Forbidden for url: https://www.ndtv.com/world-news/trump-mark-carney-how-us-canada-trade-war-ruptures-once-close-durable-alliance-11946631#publisher=newsstand
2026-08-23 04:11:09,923 - INFO - [Al Jazeera] Article: https://www.aljazeera.com/video/newsfeed/2026/8/23/chinese-robot-beats-usain-bolts-100m-world-record-at-humanoid-games?traffic_source=rss
2026-08-23 04:11:09,924 - INFO - [Al Jazeera] Attempt 1/2: Trying with 'requests_browser' strategy...
2026-08-23 04:11:09,933 - INFO - [NDTV] Article: https://www.ndtv.com/world-news/trump-mark-carney-how-us-canada-trade-war-ruptures-once-close-durable-alliance-11946631#publisher=newsstand
2026-08-23 04:11:09,933 - INFO - [NDTV] Attempt 2/2: Trying with 'selenium_browser' strategy...
2026-08-23 04:11:11,279 - ERROR - Error saving article India, Canada aim to conclude CEPA trade pact by end-2026: MEA - The Economic Times: Hrana: `stream error: `Error { message: "SQLite error: UNIQUE constraint failed: articles.url", code: "SQLITE_CONSTRAINT" }``
2026-08-23 04:11:11,371 - WARNING - [Al Jazeera] FAILED with 'requests_browser' (content was too short: 70 words).
2026-08-23 04:11:12,033 - INFO - [Al Jazeera] Article: https://www.aljazeera.com/video/newsfeed/2026/8/23/chinese-robot-beats-usain-bolts-100m-world-record-at-humanoid-games?traffic_source=rss
2026-08-23 04:11:12,033 - INFO - [Al Jazeera] Attempt 2/2: Trying with 'selenium_browser' strategy...
2026-08-23 04:11:12,051 - INFO - [Economic Times] Article: https://economictimes.indiatimes.com/news/economy/infrastructure/govts-urban-reset-centre-divides-ministry-of-housing-and-urban-affairs-into-two-specialised-verticals/articleshow/132812900.cms
2026-08-23 04:11:12,051 - INFO - [Economic Times] Attempt 1/2: Trying with 'requests_browser' strategy...
2026-08-23 04:11:13,605 - INFO - [Economic Times] Success with 'requests_browser'. Found content (244 words).
2026-08-23 04:11:14,302 - WARNING - [Wired] Page explicit wait timed out (3s). Proceeding anyway.
2026-08-23 04:11:15,289 - INFO - [NDTV] Page content loaded.
2026-08-23 04:11:18,236 - ERROR - Error saving article Govt's urban reset: Centre divides ministry of Housing and Urban Affairs into two specialised verticals - The Economic Times: Hrana: `stream error: `Error { message: "SQLite error: UNIQUE constraint failed: articles.url", code: "SQLITE_CONSTRAINT" }``
2026-08-23 04:11:18,405 - INFO - [NDTV] Success with 'selenium_browser'. Found content (1053 words).
2026-08-23 04:11:19,154 - INFO - [Economic Times] Article: https://economictimes.indiatimes.com/news/economy/foreign-trade/india-uk-ceta-takes-effect-first-zero-duty-indian-coffee-jewellery-consignments-reach-uk-shores/articleshow/132442764.cms
2026-08-23 04:11:19,154 - INFO - [Economic Times] Attempt 1/2: Trying with 'requests_browser' strategy...
2026-08-23 04:11:19,903 - INFO - [Economic Times] Success with 'requests_browser'. Found content (946 words).
2026-08-23 04:11:20,078 - INFO - DEDUPLICATION: Found match (Score: 0.87). Linking to Cluster ID: c42502f7-3aaa-467f-bb3b-f3bf2a2ad62f
2026-08-23 04:11:21,479 - INFO - [Al Jazeera] Page content loaded.
2026-08-23 04:11:23,353 - INFO - >>> SUCCESSFULLY SAVED [ID: 111590] - Trump, Mark Carney: How US, Canada Trade War Ruptures Once-Close, Durable Alliance from NDTV (1053 words)
2026-08-23 04:11:23,778 - WARNING - [Al Jazeera] FAILED with 'selenium_browser' (content was too short: 74 words).
2026-08-23 04:11:23,778 - ERROR - [Al Jazeera] All scrape strategies failed for https://www.aljazeera.com/video/newsfeed/2026/8/23/chinese-robot-beats-usain-bolts-100m-world-record-at-humanoid-games?traffic_source=rss. Falling back to RSS description.
2026-08-23 04:11:23,778 - WARNING - SKIPPED (GLOBAL WORD LIMIT): Article 'Chinese robot beats Usain Bolt’s 100m world record at humanoid games' from Al Jazeera has only 16 words (Min: 90).
2026-08-23 04:11:23,903 - INFO - [NDTV] Early skip: URL https://www.ndtv.com/india-news/hathras-rape-case-man-70-rapes-impregnates-16-year-old-granddaughter-in-uttar-pradesh-hathras-11946473#publisher=newsstand already exists.
2026-08-23 04:11:23,930 - INFO - [NDTV] Article: https://www.ndtv.com/world-news/5-9-magnitude-earthquake-shakes-northeast-japan-over-20-injured-11946421#publisher=newsstand
2026-08-23 04:11:23,936 - INFO - [NDTV] Attempt 1/2: Trying with 'requests_browser' strategy...
2026-08-23 04:11:24,350 - INFO - [Al Jazeera] Early skip: URL https://www.aljazeera.com/news/2026/8/23/canada-to-hit-us-with-retaliatory-tariffs-as-trade-war-escalates?traffic_source=rss already exists.
2026-08-23 04:11:25,723 - INFO - [Al Jazeera] Article: https://www.aljazeera.com/video/newsfeed/2026/8/23/thousands-flee-sudans-kordofan-fighting-for-relative-safety-of-el-obeid?traffic_source=rss
2026-08-23 04:11:25,723 - INFO - [Al Jazeera] Attempt 1/2: Trying with 'requests_browser' strategy...
2026-08-23 04:11:27,114 - ERROR - [NDTV] Request failed for strategy 'requests_browser' on URL https://www.ndtv.com/world-news/5-9-magnitude-earthquake-shakes-northeast-japan-over-20-injured-11946421#publisher=newsstand: 403 Client Error: Forbidden for url: https://www.ndtv.com/world-news/5-9-magnitude-earthquake-shakes-northeast-japan-over-20-injured-11946421#publisher=newsstand
2026-08-23 04:11:27,128 - ERROR - Error saving article India-UK CETA takes effect: First zero-duty Indian coffee, jewellery consignments reach UK shores - The Economic Times: Hrana: `stream error: `Error { message: "SQLite error: UNIQUE constraint failed: articles.url", code: "SQLITE_CONSTRAINT" }``
2026-08-23 04:11:27,481 - WARNING - [Al Jazeera] FAILED with 'requests_browser' (content was too short: 71 words).
2026-08-23 04:11:28,103 - INFO - [Economic Times] Article: https://economictimes.indiatimes.com/news/economy/foreign-trade/from-oman-to-tanzania-how-the-iran-war-is-redrawing-indias-trade-map/articleshow/131762760.cms
2026-08-23 04:11:28,103 - INFO - [Economic Times] Attempt 1/2: Trying with 'requests_browser' strategy...
2026-08-23 04:11:28,137 - INFO - [NDTV] Article: https://www.ndtv.com/world-news/5-9-magnitude-earthquake-shakes-northeast-japan-over-20-injured-11946421#publisher=newsstand
2026-08-23 04:11:28,137 - INFO - [NDTV] Attempt 2/2: Trying with 'selenium_browser' strategy...
2026-08-23 04:11:28,489 - INFO - [Wired] Success with 'selenium_browser'. Found content (3345 words).
2026-08-23 04:11:28,510 - INFO - [Al Jazeera] Article: https://www.aljazeera.com/video/newsfeed/2026/8/23/thousands-flee-sudans-kordofan-fighting-for-relative-safety-of-el-obeid?traffic_source=rss
2026-08-23 04:11:28,510 - INFO - [Al Jazeera] Attempt 2/2: Trying with 'selenium_browser' strategy...
2026-08-23 04:11:29,559 - INFO - [Economic Times] Success with 'requests_browser'. Found content (385 words).
2026-08-23 04:11:33,317 - INFO - [NDTV] Page content loaded.
2026-08-23 04:11:34,227 - ERROR - Error saving article I Tried the Best Robotic Pool Cleaners of 2026: Beatbot, iGarden, Dreame | WIRED: Hrana: `stream error: `Error { message: "SQLite error: UNIQUE constraint failed: articles.url", code: "SQLITE_CONSTRAINT" }``
2026-08-23 04:11:34,458 - INFO - [NDTV] Success with 'selenium_browser'. Found content (443 words).
2026-08-23 04:11:36,177 - INFO - [Wired] Early skip: URL https://www.wired.com/review/nyrius-phoenix-home-true-4k60/ already exists.
2026-08-23 04:11:36,612 - INFO - [Wired] Early skip: URL https://www.wired.com/story/the-patrick-clancy-conspiracy-theories-are-rooted-in-the-harsh-realities-of-motherhood/ already exists.
2026-08-23 04:11:37,540 - INFO - [Wired] Early skip: URL https://www.wired.com/story/the-best-electric-toothbrush-for-healthier-teeth-and-gums/ already exists.
2026-08-23 04:11:37,540 - ERROR - Error saving article From Oman to Tanzania: How the Iran war is redrawing India’s trade map - The Economic Times: Hrana: `stream error: `Error { message: "SQLite error: UNIQUE constraint failed: articles.url", code: "SQLITE_CONSTRAINT" }``
2026-08-23 04:11:37,542 - INFO - [Wired] Early skip: URL https://www.wired.com/story/when-the-packaging-is-the-product-empty-boxes-influencers/ already exists.
2026-08-23 04:11:37,546 - INFO - [Wired] Early skip: URL https://www.wired.com/story/the-super-el-nino-wont-fix-the-wests-water-crisis/ already exists.
2026-08-23 04:11:37,548 - INFO - [Wired] Early skip: URL https://www.wired.com/story/early-tech-labor-day-sales-2026/ already exists.
2026-08-23 04:11:37,550 - INFO - [Wired] Early skip: URL https://www.wired.com/story/the-single-english-county-saying-no-to-palantir/ already exists.
2026-08-23 04:11:37,552 - INFO - [Wired] Article: https://www.wired.com/story/paramount-plus-coupon-code/
2026-08-23 04:11:37,554 - INFO - [Wired] Attempt 1/2: Trying with 'requests_browser' strategy...
2026-08-23 04:11:37,766 - ERROR - parsed tree length: 1, wrong data type or not valid HTML
2026-08-23 04:11:37,767 - ERROR - empty HTML tree: None
2026-08-23 04:11:37,767 - WARNING - discarding data: None
2026-08-23 04:11:37,767 - WARNING - [Wired] FAILED with 'requests_browser' (content was too short: 0 words).
2026-08-23 04:11:39,282 - INFO - [Economic Times] Article: https://economictimes.indiatimes.com/news/economy/policy/fm-sitharaman-flags-global-crisis-spillovers-unfair-burden-on-developing-nations/articleshow/131668427.cms
2026-08-23 04:11:39,728 - INFO - [Economic Times] Attempt 1/2: Trying with 'requests_browser' strategy...
2026-08-23 04:11:39,286 - INFO - [Wired] Article: https://www.wired.com/story/paramount-plus-coupon-code/
2026-08-23 04:11:39,730 - INFO - [Wired] Attempt 2/2: Trying with 'selenium_browser' strategy...
2026-08-23 04:11:40,862 - INFO - >>> SUCCESSFULLY SAVED [ID: 111594] - 5.9 Magnitude Earthquake Shakes Northeast Japan, Over 30 Injured from NDTV (443 words)
2026-08-23 04:11:40,944 - INFO - [Al Jazeera] Page content loaded.
2026-08-23 04:11:41,167 - INFO - [Economic Times] Success with 'requests_browser'. Found content (317 words).
2026-08-23 04:11:42,946 - INFO - [NDTV] Article: https://www.ndtv.com/india-news/kolkata-fire-news-hotel-shikha-inn-owner-bireswar-mitra-arrested-in-kolkata-blaze-that-killed-9-including-7-bangladeshis-11946527#publisher=newsstand
2026-08-23 04:11:43,393 - INFO - [NDTV] Attempt 1/2: Trying with 'requests_browser' strategy...
2026-08-23 04:11:44,298 - WARNING - [Times of India] Page explicit wait timed out (3s). Proceeding anyway.
2026-08-23 04:11:44,301 - ERROR - Error saving article FM Sitharaman flags global crisis spillovers, unfair burden on developing nations - The Economic Times: Hrana: `stream error: `Error { message: "SQLite error: UNIQUE constraint failed: articles.url", code: "SQLITE_CONSTRAINT" }``
2026-08-23 04:11:44,423 - WARNING - [Al Jazeera] FAILED with 'selenium_browser' (content was too short: 75 words).
2026-08-23 04:11:44,425 - ERROR - [Al Jazeera] All scrape strategies failed for https://www.aljazeera.com/video/newsfeed/2026/8/23/thousands-flee-sudans-kordofan-fighting-for-relative-safety-of-el-obeid?traffic_source=rss. Falling back to RSS description.
2026-08-23 04:11:44,425 - WARNING - SKIPPED (GLOBAL WORD LIMIT): Article 'Thousands flee Sudan’s Kordofan fighting for relative safety of El Obeid' from Al Jazeera has only 11 words (Min: 90).
2026-08-23 04:11:44,728 - ERROR - [NDTV] Request failed for strategy 'requests_browser' on URL https://www.ndtv.com/india-news/kolkata-fire-news-hotel-shikha-inn-owner-bireswar-mitra-arrested-in-kolkata-blaze-that-killed-9-including-7-bangladeshis-11946527#publisher=newsstand: 403 Client Error: Forbidden for url: https://www.ndtv.com/india-news/kolkata-fire-news-hotel-shikha-inn-owner-bireswar-mitra-arrested-in-kolkata-blaze-that-killed-9-including-7-bangladeshis-11946527#publisher=newsstand
2026-08-23 04:11:45,142 - INFO - [Al Jazeera] Early skip: URL https://www.aljazeera.com/news/liveblog/2026/8/23/iran-war-live-tehran-warns-neighbours-against-joining-us-economic-war?traffic_source=rss already exists.
2026-08-23 04:11:45,144 - INFO - [Al Jazeera] Article: https://www.aljazeera.com/video/newsfeed/2026/8/22/iran-threatens-countries-that-join-us-economic-d?traffic_source=rss
2026-08-23 04:11:45,144 - INFO - [Al Jazeera] Attempt 1/2: Trying with 'requests_browser' strategy...
2026-08-23 04:11:45,372 - WARNING - [Al Jazeera] FAILED with 'requests_browser' (content was too short: 58 words).
2026-08-23 04:11:45,452 - INFO - [Economic Times] Article: https://economictimes.indiatimes.com/tech/technology/apple-faces-indian-engineers-bias-lawsuit/articleshow/81694292.cms
2026-08-23 04:11:45,452 - INFO - [Economic Times] Attempt 1/2: Trying with 'requests_browser' strategy...
2026-08-23 04:11:45,597 - INFO - [NDTV] Article: https://www.ndtv.com/india-news/kolkata-fire-news-hotel-shikha-inn-owner-bireswar-mitra-arrested-in-kolkata-blaze-that-killed-9-including-7-bangladeshis-11946527#publisher=newsstand
2026-08-23 04:11:45,599 - INFO - [NDTV] Attempt 2/2: Trying with 'selenium_browser' strategy...
2026-08-23 04:11:45,943 - ERROR - parsed tree length: 1, wrong data type or not valid HTML
2026-08-23 04:11:45,943 - ERROR - empty HTML tree: None
2026-08-23 04:11:45,943 - WARNING - discarding data: None
2026-08-23 04:11:45,943 - WARNING - [Economic Times] FAILED with 'requests_browser' (content was too short: 0 words).
2026-08-23 04:11:46,317 - INFO - [Al Jazeera] Article: https://www.aljazeera.com/video/newsfeed/2026/8/22/iran-threatens-countries-that-join-us-economic-d?traffic_source=rss
2026-08-23 04:11:46,317 - INFO - [Al Jazeera] Attempt 2/2: Trying with 'selenium_browser' strategy...
2026-08-23 04:11:46,686 - INFO - [Economic Times] Article: https://economictimes.indiatimes.com/tech/technology/apple-faces-indian-engineers-bias-lawsuit/articleshow/81694292.cms
2026-08-23 04:11:46,686 - INFO - [Economic Times] Attempt 2/2: Trying with 'selenium_browser' strategy...
2026-08-23 04:11:49,697 - INFO - [Times of India] Success with 'selenium_browser'. Found content (295 words).
2026-08-23 04:11:50,804 - INFO - [NDTV] Page content loaded.
2026-08-23 04:11:54,409 - INFO - [Economic Times] Page content loaded.
2026-08-23 04:11:54,645 - WARNING - [The Hindu] Page get timed out (7s). Proceeding to grab partial source anyway.
2026-08-23 04:11:54,648 - INFO - >>> SUCCESSFULLY SAVED [ID: 111596] - Mexican governor seeks leave again amid backlash after return following US drug charges indictment - The Times of India from Times of India (295 words)
2026-08-23 04:11:54,776 - INFO - [The Hindu] Page content loaded.
2026-08-23 04:11:55,177 - INFO - [NDTV] Success with 'selenium_browser'. Found content (429 words).
2026-08-23 04:11:55,600 - INFO - [Times of India] Early skip: URL https://timesofindia.indiatimes.com/world/middle-east/will-target-their-interests-iran-warns-neighbours-against-supporting-us-economic-pressure-tactics/articleshow/133433480.cms already exists.
2026-08-23 04:11:55,638 - INFO - [Times of India] Early skip: URL https://timesofindia.indiatimes.com/world/middle-east/conveyed-our-security-concerns-to-us-israel-on-hamas-disarmament-plan/articleshow/133433393.cms already exists.
2026-08-23 04:11:55,668 - INFO - [Times of India] Early skip: URL https://timesofindia.indiatimes.com/world/us/amid-tensions-with-pete-hegseth-us-army-secretary-dan-driscoll-to-step-down-by-year-end-report/articleshow/133433353.cms already exists.
2026-08-23 04:11:55,698 - INFO - [Times of India] Early skip: URL https://timesofindia.indiatimes.com/world/us-streamers/erika-and-tpusa-are-watching-every-single-one-of-her-shows-candace-owens-could-face-costly-legal-battle-as-erika-kirk-and-turning-point-usa-reportedly-prepare-for-potential-lawsuit/articleshow/133433004.cms already exists.
2026-08-23 04:11:55,699 - INFO - [Times of India] Early skip: URL https://timesofindia.indiatimes.com/world/us/trump-shares-image-calling-hormuz-new-us-territory-iran-says-strait-closed/articleshow/133432963.cms already exists.
2026-08-23 04:11:55,712 - INFO - [Times of India] Early skip: URL https://timesofindia.indiatimes.com/world/europe/sweden-probes-cyber-networks-after-girl-dies-in-school-sword-attack/articleshow/133431047.cms already exists.
2026-08-23 04:11:55,720 - INFO - [Times of India] Early skip: URL https://timesofindia.indiatimes.com/world/europe/slow-boat-to-amsterdam-ships-cargo-using-sail-power/articleshow/133431031.cms already exists.
2026-08-23 04:11:55,729 - INFO - [Times of India] Early skip: URL https://timesofindia.indiatimes.com/world/us/flock-ceo-says-privacy-cant-be-the-only-priority-it-is-about-safety-as-americans-vandalize-ai-surveillance-traffic-cameras-across-us/articleshow/133430945.cms already exists.
2026-08-23 04:11:55,739 - INFO - [Times of India] Early skip: URL https://timesofindia.indiatimes.com/world/us/never-indian-origin-doctor-denies-assault-allegations-from-students-after-arrest-at-miami-international-airport-released-on-bond/articleshow/133430562.cms already exists.
2026-08-23 04:11:55,750 - INFO - [Times of India] Early skip: URL https://timesofindia.indiatimes.com/world/us/gujarati-man-sentenced-to-9-years-in-jail-in-us-for-scam-attorney-says-he-grew-up-in-india-in-extreme-poverty-without-water-studied-only-till-10th/articleshow/133428938.cms already exists.
2026-08-23 04:11:55,756 - INFO - [Times of India] Early skip: URL https://timesofindia.indiatimes.com/science/in-2025-miami-beach-sank-22-concrete-cars-20-feet-underwater-the-surreal-traffic-jam-was-built-to-support-2200-corals-and-marine-life/articleshow/133410820.cms already exists.
2026-08-23 04:11:55,778 - INFO - [Times of India] Early skip: URL https://timesofindia.indiatimes.com/world/us/in-1974-the-national-park-service-bought-the-stewart-familys-890-acre-california-ranch-they-negotiated-the-right-to-remain-and-continued-ranching-there-until-2021/articleshow/133428074.cms already exists.
2026-08-23 04:11:55,794 - INFO - [Times of India] Early skip: URL https://timesofindia.indiatimes.com/world/us/pretend-please-that-im-on-the-ballot-trumps-appeal-to-voters-ahead-of-midterms/articleshow/133427431.cms already exists.
2026-08-23 04:11:55,795 - INFO - [Times of India] Early skip: URL https://timesofindia.indiatimes.com/world/us/us-death-valley-tragedy-french-tourist-dies-after-vehicle-gets-stuck-in-47c-heat/articleshow/133427103.cms already exists.
2026-08-23 04:11:55,808 - INFO - [Times of India] Early skip: URL https://timesofindia.indiatimes.com/world/us/indian-origin-uc-santa-cruz-student-dies-as-car-plunges-from-cliff-into-ocean-male-driver-escaped-with-minor-injuries/articleshow/133426904.cms already exists.
2026-08-23 04:11:55,831 - INFO - [Times of India] Early skip: URL https://timesofindia.indiatimes.com/world/us/in-the-early-1960s-developers-sold-5850-lots-for-a-private-resort-on-assateague-island-one-five-day-storm-wiped-out-nearly-every-house-and-helped-turn-it-into-a-national-seashore/articleshow/133402660.cms already exists.
2026-08-23 04:11:55,843 - INFO - [Times of India] Early skip: URL https://timesofindia.indiatimes.com/world/us/meet-luca-mcgill-the-arizona-eighth-grader-who-flew-a-drone-120-metres-into-the-sky-expecting-cities-to-have-the-most-ground-level-co2-rural-areas-did-instead/articleshow/133425451.cms already exists.
2026-08-23 04:11:55,887 - INFO - [Times of India] Early skip: URL https://timesofindia.indiatimes.com/world/us/in-1927-john-d-rockefeller-jr-secretly-used-a-shell-company-to-buy-over-35000-wyoming-acres-for-1-4-million-nps-says-acquiring-the-same-amount-of-jackson-hole-land-today-would-cost-over-1-billion/articleshow/133405127.cms already exists.
2026-08-23 04:11:55,900 - INFO - [Times of India] Early skip: URL https://timesofindia.indiatimes.com/world/us/good-news-for-family-based-indian-green-card-applicants-in-visa-bulletin-september-2026-no-relief-for-employment-based-categories/articleshow/133425265.cms already exists.
2026-08-23 04:11:55,919 - INFO - [Times of India] (Thread) Finished. Attempting to shut down its Selenium driver.
2026-08-23 04:11:56,494 - INFO - [Times of India] (Thread) driver.quit() successful.
2026-08-23 04:11:57,392 - INFO - [Economic Times] Success with 'selenium_browser'. Found content (743 words).
2026-08-23 04:11:57,777 - INFO - [The Hindu] Success with 'selenium_browser'. Found content (123 words).
2026-08-23 04:12:00,226 - INFO - [Wired] Page content loaded.
2026-08-23 04:12:01,413 - INFO - >>> SUCCESSFULLY SAVED [ID: 111597] - Kolkata fire news: Hotel Shikha Inn Owner Bireswar Mitra Arrested In Kolkata Blaze That Killed 9, Including 7 Bangladeshis from NDTV (429 words)
2026-08-23 04:12:03,646 - INFO - [NDTV] Article: https://www.ndtv.com/india-news/2-killed-5-injured-as-22-foot-ganesh-idol-falls-on-them-during-arrival-ceremony-in-mumbai-bhuleshwaracha-raja-11946469#publisher=newsstand
2026-08-23 04:12:03,664 - INFO - [NDTV] Attempt 1/2: Trying with 'requests_browser' strategy...
2026-08-23 04:12:05,094 - ERROR - Error saving article Apple faces Indian engineer’s bias lawsuit - The Economic Times: Hrana: `stream error: `Error { message: "SQLite error: UNIQUE constraint failed: articles.url", code: "SQLITE_CONSTRAINT" }``
2026-08-23 04:12:05,101 - INFO - [Wired] Success with 'selenium_browser'. Found content (1468 words).
2026-08-23 04:12:05,378 - ERROR - [NDTV] Request failed for strategy 'requests_browser' on URL https://www.ndtv.com/india-news/2-killed-5-injured-as-22-foot-ganesh-idol-falls-on-them-during-arrival-ceremony-in-mumbai-bhuleshwaracha-raja-11946469#publisher=newsstand: 403 Client Error: Forbidden for url: https://www.ndtv.com/india-news/2-killed-5-injured-as-22-foot-ganesh-idol-falls-on-them-during-arrival-ceremony-in-mumbai-bhuleshwaracha-raja-11946469#publisher=newsstand
2026-08-23 04:12:06,921 - INFO - [NDTV] Article: https://www.ndtv.com/india-news/2-killed-5-injured-as-22-foot-ganesh-idol-falls-on-them-during-arrival-ceremony-in-mumbai-bhuleshwaracha-raja-11946469#publisher=newsstand
2026-08-23 04:12:06,921 - INFO - [NDTV] Attempt 2/2: Trying with 'selenium_browser' strategy...
2026-08-23 04:12:06,922 - INFO - [Economic Times] Article: https://economictimes.indiatimes.com/news/defence/despite-transatlantic-love-fest-eu-charts-third-way-in-ties-with-us-and-china/articleshow/81467467.cms
2026-08-23 04:12:06,922 - INFO - [Economic Times] Attempt 1/2: Trying with 'requests_browser' strategy...
2026-08-23 04:12:08,560 - INFO - >>> SUCCESSFULLY SAVED [ID: 111599] - In Pictures | Madras, then and now - The Hindu from The Hindu (123 words)
2026-08-23 04:12:08,927 - INFO - [Economic Times] Success with 'requests_browser'. Found content (799 words).
2026-08-23 04:12:10,474 - INFO - [The Hindu] Early skip: URL https://www.thehindu.com/news/national/uttar-pradesh/news-in-frames-toxic-water-runs-deep/article71380059.ece already exists.
2026-08-23 04:12:11,827 - INFO - [The Hindu] Early skip: URL https://www.thehindu.com/news/national/be-loud-be-proud-fight-for-your-space-rahul-gandhi-tells-gen-z-girls/article71378591.ece already exists.
2026-08-23 04:12:11,827 - ERROR - Error saving article Paramount+ Coupon Codes and Deals for August 2026 | WIRED: Hrana: `stream error: `Error { message: "SQLite error: UNIQUE constraint failed: articles.url", code: "SQLITE_CONSTRAINT" }``
2026-08-23 04:12:11,842 - INFO - [The Hindu] Early skip: URL https://www.thehindu.com/business/transshipment-scam-or-efficient-supply-chain-how-us-firms-turn-it-into-profit/article71374582.ece already exists.
2026-08-23 04:12:11,859 - INFO - [The Hindu] Early skip: URL https://www.thehindu.com/news/national/fir-registered-against-abhijeet-dipke-for-entering-government-school-without-permission-threatening-teachers/article71378705.ece already exists.
2026-08-23 04:12:11,872 - INFO - [The Hindu] Early skip: URL https://www.thehindu.com/news/national/uttar-pradesh/up-deputy-cm-brajesh-pathak-meets-reservation-reform-movement-agitators-assures-dialogue-with-union-ministers/article71378491.ece already exists.
2026-08-23 04:12:11,884 - INFO - [The Hindu] Early skip: URL https://www.thehindu.com/news/national/panama-flagged-cargo-ship-sinks-in-bay-of-bengal-rescue-operations/article71378882.ece already exists.
2026-08-23 04:12:11,897 - INFO - [The Hindu] Early skip: URL https://www.thehindu.com/news/national/madhya-pradesh/visit-families-affected-by-ken-betwa-project-hear-their-grievances-mp-cm-tells-officials/article71378282.ece already exists.
2026-08-23 04:12:11,907 - INFO - [The Hindu] Early skip: URL https://www.thehindu.com/news/national/rajasthan/sowing-the-seeds-of-a-solar-power-intervention/article71378860.ece already exists.
2026-08-23 04:12:11,926 - INFO - [The Hindu] Early skip: URL https://www.thehindu.com/news/national/uttar-pradesh/akhilesh-must-apologise-to-jats-for-insulting-family-of-charan-singh-mayawati/article71376609.ece already exists.
2026-08-23 04:12:11,927 - INFO - [The Hindu] Early skip: URL https://www.thehindu.com/news/national/odisha/odisha-identifies-three-locations-for-university-townships/article71378116.ece already exists.
2026-08-23 04:12:11,945 - INFO - [The Hindu] Early skip: URL https://www.thehindu.com/news/national/uttar-pradesh/lucknow-locals-upset-as-iconic-coffee-house-remains-shut-amid-concern-for-social-spaces/article71378666.ece already exists.
2026-08-23 04:12:11,955 - INFO - [The Hindu] Early skip: URL https://www.thehindu.com/business/what-are-the-uss-latest-allegations-against-india-explained/article71378950.ece already exists.
2026-08-23 04:12:11,966 - INFO - [The Hindu] Early skip: URL https://www.thehindu.com/news/national/kerala/lavanyam-2026-to-kick-start-on-august-24/article71377447.ece already exists.
2026-08-23 04:12:11,978 - INFO - [The Hindu] Early skip: URL https://www.thehindu.com/news/national/kerala/health-dept-kochi-corporation-to-conduct-inspections-at-water-bottling-units/article71378085.ece already exists.
2026-08-23 04:12:11,990 - INFO - [The Hindu] Early skip: URL https://www.thehindu.com/news/national/karnataka/east-division-holds-peace-meeting-ahead-of-eid-milad-st-marys-feast-and-ganesha-festival/article71378214.ece already exists.
2026-08-23 04:12:11,998 - INFO - [The Hindu] Early skip: URL https://www.thehindu.com/news/cities/bangalore/park-bill-move-aimed-at-facilitating-takeover-of-lalbagh-land-for-tunnel-road-say-environmentalists-city-bjp-mps/article71378749.ece already exists.
2026-08-23 04:12:12,007 - INFO - [The Hindu] Early skip: URL https://www.thehindu.com/news/national/karnataka/bengaluru-hosts-international-conference-on-neurodiversity-and-inclusion/article71378679.ece already exists.
2026-08-23 04:12:12,021 - INFO - [The Hindu] Early skip: URL https://www.thehindu.com/news/cities/bangalore/blue-line-to-open-in-phases-from-mid-2027-full-stretch-by-march-2028-says-kbg/article71378865.ece already exists.
2026-08-23 04:12:12,039 - INFO - [The Hindu] Early skip: URL https://www.thehindu.com/news/cities/bangalore/60-rebate-spurs-b-khata-conversion-but-fails-to-attract-substantial-interest/article71378274.ece already exists.
2026-08-23 04:12:12,040 - INFO - [The Hindu] Early skip: URL https://www.thehindu.com/news/national/karnataka/shivamogga-school-teacher-wins-national-teachers-award-to-receive-award-from-president-in-delhi/article71376637.ece already exists.
2026-08-23 04:12:12,055 - INFO - [The Hindu] Early skip: URL https://www.thehindu.com/news/national/karnataka/play-by-praveen-godkhindiin-belagavi-on-august-23/article71374190.ece already exists.
2026-08-23 04:12:12,070 - INFO - [The Hindu] Early skip: URL https://www.thehindu.com/todays-paper/tp-national/tp-tamilnadu/kodungaiyur-waste-facility-coastal-bridge-among-gccs-4000-crore-worth-proposals/article71378502.ece already exists.
2026-08-23 04:12:12,077 - INFO - [The Hindu] Early skip: URL https://www.thehindu.com/news/national/tamil-nadu/while-madras-went-to-bed-early-chennai-stays-up/article71376518.ece already exists.
2026-08-23 04:12:12,088 - INFO - [The Hindu] Early skip: URL https://www.thehindu.com/news/national/tamil-nadu/fishes-of-chennai-explores-citys-native-freshwater-fish-explores-its-cultural-connection/article71376936.ece already exists.
2026-08-23 04:12:12,097 - INFO - [The Hindu] Early skip: URL https://www.thehindu.com/news/national/telangana/hyderabad-police-step-up-security-for-milad-un-nabi-procession/article71378609.ece already exists.
2026-08-23 04:12:12,103 - INFO - [The Hindu] Early skip: URL https://www.thehindu.com/news/national/kerala/minister-bindu-krishna-promises-top-priority-for-childrens-welfare/article71377657.ece already exists.
2026-08-23 04:12:12,108 - INFO - [The Hindu] Early skip: URL https://www.thehindu.com/news/national/tamil-nadu/metal-scrap-godown-gutted-in-tirupattur/article71377940.ece already exists.
2026-08-23 04:12:12,112 - INFO - [The Hindu] Early skip: URL https://www.thehindu.com/news/national/telangana/telangana-energy-sector-to-complement-govt-plans-to-achieve-3-trillion-economy-dy-cm/article71378387.ece already exists.
2026-08-23 04:12:12,114 - INFO - [The Hindu] Early skip: URL https://www.thehindu.com/news/national/tamil-nadu/tvk-mla-booked-in-trespass-assault-case-in-puducherry/article71378903.ece already exists.
2026-08-23 04:12:12,121 - INFO - [The Hindu] Early skip: URL https://www.thehindu.com/news/national/uttar-pradesh/samajwadi-party-plans-youth-manifesto-for-up-poll-party-wont-break-alliances/article71378727.ece already exists.
2026-08-23 04:12:12,122 - INFO - [The Hindu] Early skip: URL https://www.thehindu.com/news/national/andhra-pradesh/cultural-diversity-takes-centre-stage-at-brics-gala-dinner/article71378678.ece already exists.
2026-08-23 04:12:12,128 - INFO - [The Hindu] Early skip: URL https://www.thehindu.com/news/national/andhra-pradesh/vignan-university-launches-centre-of-excellence-on-blue-economy/article71378481.ece already exists.
2026-08-23 04:12:12,131 - INFO - [The Hindu] Early skip: URL https://www.thehindu.com/news/national/andhra-pradesh/six-booked-for-threatening-man-over-65-lakh-investment-dispute-in-guntur/article71378325.ece already exists.
2026-08-23 04:12:12,134 - INFO - [The Hindu] Early skip: URL https://www.thehindu.com/news/national/andhra-pradesh/vijayawada-based-photojournalist-selected-for-iipc-master-of-photojournalism-award/article71378399.ece already exists.
2026-08-23 04:12:12,135 - INFO - [The Hindu] Early skip: URL https://www.thehindu.com/news/national/andhra-pradesh/engineers-should-strive-to-become-entrepreneurs-says-jntuk-vice-chancellor/article71378464.ece already exists.
2026-08-23 04:12:12,138 - INFO - [The Hindu] Early skip: URL https://www.thehindu.com/news/national/kerala/ernakulam-district-kudumbashree-mission-eyeing-return-of-4-crore-from-its-250-onam-fairs/article71377668.ece already exists.
2026-08-23 04:12:12,141 - INFO - [The Hindu] Early skip: URL https://www.thehindu.com/news/national/andhra-pradesh/kl-university-director-p-sai-vijay-receives-change-maker-award/article71378555.ece already exists.
2026-08-23 04:12:12,142 - INFO - [The Hindu] Early skip: URL https://www.thehindu.com/news/national/tamil-nadu/cpim-seeks-chief-secretarys-removal-cpi-questions-tn-chief-ministers-silence-on-circular/article71378215.ece already exists.
2026-08-23 04:12:12,143 - INFO - [The Hindu] Early skip: URL https://www.thehindu.com/news/national/andhra-pradesh/goa-chief-minister-calls-on-youth-to-drive-indias-development-by-2047/article71378309.ece already exists.
2026-08-23 04:12:12,145 - INFO - [The Hindu] Early skip: URL https://www.thehindu.com/newsletter/gender-agenda/gender-agenda-newsletter-ive-got-my-eye-on-you/article71378597.ece already exists.
2026-08-23 04:12:12,147 - INFO - [The Hindu] Early skip: URL https://www.thehindu.com/news/national/tamil-nadu/ethics-in-management-important-students-need-to-be-conscious-of-growing-inequality-says-n-ravi/article71378806.ece already exists.
2026-08-23 04:12:12,149 - INFO - [The Hindu] Early skip: URL https://www.thehindu.com/news/national/tamil-nadu/commissioner-seeks-explanation-from-joint-director-of-college-education-over-letter-to-principals-of-government-colleges-in-tn/article71378428.ece already exists.
2026-08-23 04:12:12,156 - INFO - [The Hindu] Early skip: URL https://www.thehindu.com/news/national/uttarakhand/congress-says-bulk-applications-to-delete-voter-names-are-being-processed-in-uttarakhand/article71378211.ece already exists.
2026-08-23 04:12:12,157 - INFO - [The Hindu] Early skip: URL https://www.thehindu.com/news/national/nitin-nabin-holds-first-meeting-with-bjps-new-national-team/article71376669.ece already exists.
2026-08-23 04:12:12,158 - INFO - [The Hindu] Early skip: URL https://www.thehindu.com/news/national/madhya-pradesh/infant-dead-two-injured-in-fire-at-nicu-in-madhya-pradeshs-chhindwara/article71378038.ece already exists.
2026-08-23 04:12:12,160 - INFO - [The Hindu] Early skip: URL https://www.thehindu.com/videos/shorts/watch-weed-alcohol-no-toilets-what-cjp-saw-in-rural-school/article71378795.ece already exists.
2026-08-23 04:12:12,161 - INFO - [The Hindu] Early skip: URL https://www.thehindu.com/news/national/west-bengal/annapurna-bhandar-protests-reach-the-doorsteps-of-bjp-leaders-in-west-bengal/article71378494.ece already exists.
2026-08-23 04:12:12,162 - INFO - [The Hindu] Early skip: URL https://www.thehindu.com/news/national/cheaper-crude-dearer-ethanol-indias-maize-bind/article71378422.ece already exists.
2026-08-23 04:12:12,164 - INFO - [The Hindu] Early skip: URL https://www.thehindu.com/news/national/tamil-nadu/cmc-performs-rare-roboticsurgery/article71377533.ece already exists.
2026-08-23 04:12:12,165 - INFO - [The Hindu] Early skip: URL https://www.thehindu.com/news/national/jharkhand/sanjay-seth-asks-rahul-gandhi-to-visit-ranchi-meet-injured-students/article71377723.ece already exists.
2026-08-23 04:12:12,166 - INFO - [The Hindu] Early skip: URL https://www.thehindu.com/news/national/yamuna-floodplains-sc-overturns-order-against-art-of-living-orders-refund-of-5-crore-fine/article71377398.ece already exists.
2026-08-23 04:12:12,168 - INFO - [The Hindu] Early skip: URL https://www.thehindu.com/news/national/andhra-pradesh/markapuram-police-arrest-man-linked-to-two-murder-cases/article71378030.ece already exists.
2026-08-23 04:12:12,170 - INFO - [The Hindu] Early skip: URL https://www.thehindu.com/news/cities/Hyderabad/every-flyover-creates-demand-for-four-more-experts-seek-rethink-of-hyderabads-traffic-model/article71378462.ece already exists.
2026-08-23 04:12:12,171 - INFO - [The Hindu] Early skip: URL https://www.thehindu.com/news/national/rajasthan/village-students-shifted-to-vacant-house-after-attack-on-cjp-activists-in-rajasthan/article71378304.ece already exists.
2026-08-23 04:12:12,175 - INFO - [The Hindu] Early skip: URL https://www.thehindu.com/news/national/andhra-pradesh/naidu-pitches-visakhapatnam-as-hub-for-brics-sports-network/article71378435.ece already exists.
2026-08-23 04:12:12,177 - INFO - [The Hindu] Early skip: URL https://www.thehindu.com/news/national/west-bengal/amit-shah-meets-hill-leaders-to-discuss-permanent-political-solution-for-darjeeling/article71376943.ece already exists.
2026-08-23 04:12:12,178 - INFO - [The Hindu] Early skip: URL https://www.thehindu.com/news/national/tamil-nadu/engineering-graduates-should-turn-india-into-ai-creator-rather-than-mere-consumer-market-says-delhi-cm/article71377159.ece already exists.
2026-08-23 04:12:12,179 - INFO - [The Hindu] Early skip: URL https://www.thehindu.com/news/national/uttar-pradesh/content-creator-who-reported-on-ram-temple-donations-theft-corruption-in-uttar-pradesh-alleges-harassment/article71378440.ece already exists.
2026-08-23 04:12:12,182 - INFO - [The Hindu] (Thread) Finished. Attempting to shut down its Selenium driver.
2026-08-23 04:12:14,276 - INFO - [Wired] Article: https://www.wired.com/story/zoro-promo-code/
2026-08-23 04:12:14,276 - INFO - [Wired] Attempt 1/2: Trying with 'requests_browser' strategy...
2026-08-23 04:12:14,293 - INFO - [The Hindu] (Thread) driver.quit() successful.
2026-08-23 04:12:15,204 - ERROR - Error saving article Despite transatlantic 'love fest', EU charts third way in ties with US and China - The Economic Times: Hrana: `stream error: `Error { message: "SQLite error: UNIQUE constraint failed: articles.url", code: "SQLITE_CONSTRAINT" }``
2026-08-23 04:12:15,222 - ERROR - parsed tree length: 1, wrong data type or not valid HTML
2026-08-23 04:12:15,222 - ERROR - empty HTML tree: None
2026-08-23 04:12:15,222 - WARNING - discarding data: None
2026-08-23 04:12:15,222 - WARNING - [Wired] FAILED with 'requests_browser' (content was too short: 0 words).
2026-08-23 04:12:16,083 - INFO - [Economic Times] Article: https://economictimes.indiatimes.com/tech/tech-bytes/twitters-india-policy-head-to-step-down-will-transition-in-march/articleshow/80732868.cms
2026-08-23 04:12:16,083 - INFO - [Economic Times] Attempt 1/2: Trying with 'requests_browser' strategy...
2026-08-23 04:12:16,103 - INFO - [Wired] Article: https://www.wired.com/story/zoro-promo-code/
2026-08-23 04:12:16,103 - INFO - [Wired] Attempt 2/2: Trying with 'selenium_browser' strategy...
2026-08-23 04:12:16,444 - ERROR - parsed tree length: 1, wrong data type or not valid HTML
2026-08-23 04:12:16,444 - ERROR - empty HTML tree: None
2026-08-23 04:12:16,444 - WARNING - discarding data: None
2026-08-23 04:12:16,444 - WARNING - [Economic Times] FAILED with 'requests_browser' (content was too short: 0 words).
2026-08-23 04:12:17,370 - INFO - [Economic Times] Article: https://economictimes.indiatimes.com/tech/tech-bytes/twitters-india-policy-head-to-step-down-will-transition-in-march/articleshow/80732868.cms
2026-08-23 04:12:17,371 - INFO - [Economic Times] Attempt 2/2: Trying with 'selenium_browser' strategy...
2026-08-23 04:12:18,501 - INFO - [NDTV] Page content loaded.
2026-08-23 04:12:27,854 - ERROR - [NDTV] Request failed for strategy 'selenium_browser' on URL https://www.ndtv.com/india-news/2-killed-5-injured-as-22-foot-ganesh-idol-falls-on-them-during-arrival-ceremony-in-mumbai-bhuleshwaracha-raja-11946469#publisher=newsstand: Message: timeout: Timed out receiving message from renderer: 7.000
  (Session info: chrome=152.0.7977.54)
Stacktrace:
#0 0x5599ed4b728a <unknown>
#1 0x5599ece1bad9 <unknown>
#2 0x5599ece0356b <unknown>
#3 0x5599ece031e6 <unknown>
#4 0x5599ece00dc8 <unknown>
#5 0x5599ece0174f <unknown>
#6 0x5599ece10810 <unknown>
#7 0x5599ece2a767 <unknown>
#8 0x5599ece3213b <unknown>
#9 0x5599ece01ea9 <unknown>
#10 0x5599ece2a4c2 <unknown>
#11 0x5599eceb9f26 <unknown>
#12 0x5599ece64e6b <unknown>
#13 0x5599ece65c51 <unknown>
#14 0x5599ed47b7b0 <unknown>
#15 0x5599ed479e2a <unknown>
#16 0x5599ed464ba5 <unknown>
#17 0x5599ed47aaea <unknown>
#18 0x5599ed44ddf0 <unknown>
#19 0x5599ed4a2178 <unknown>
#20 0x5599ed4a2315 <unknown>
#21 0x5599ed4b5e13 <unknown>
#22 0x7fd33ac9cb84 <unknown>
#23 0x7fd33ad29d6c <unknown>

2026-08-23 04:12:27,854 - ERROR - [NDTV] All scrape strategies failed for https://www.ndtv.com/india-news/2-killed-5-injured-as-22-foot-ganesh-idol-falls-on-them-during-arrival-ceremony-in-mumbai-bhuleshwaracha-raja-11946469#publisher=newsstand. Falling back to RSS description.
2026-08-23 04:12:27,854 - WARNING - SKIPPED (GLOBAL WORD LIMIT): Article '2 Killed, 5 Injured As 22-Foot Ganesh Idol Falls On Them In Mumbai' from NDTV has only 9 words (Min: 90).
2026-08-23 04:12:28,537 - INFO - [NDTV] Article: https://www.ndtv.com/india-news/justice-sanjay-karol-known-as-chachaji-in-supreme-court-retires-11946583#publisher=newsstand
2026-08-23 04:12:28,537 - INFO - [NDTV] Attempt 1/2: Trying with 'requests_browser' strategy...
2026-08-23 04:12:28,675 - ERROR - [NDTV] Request failed for strategy 'requests_browser' on URL https://www.ndtv.com/india-news/justice-sanjay-karol-known-as-chachaji-in-supreme-court-retires-11946583#publisher=newsstand: 403 Client Error: Forbidden for url: https://www.ndtv.com/india-news/justice-sanjay-karol-known-as-chachaji-in-supreme-court-retires-11946583#publisher=newsstand
2026-08-23 04:12:28,720 - INFO - [Wired] Page content loaded.
2026-08-23 04:12:29,583 - INFO - [NDTV] Article: https://www.ndtv.com/india-news/justice-sanjay-karol-known-as-chachaji-in-supreme-court-retires-11946583#publisher=newsstand
2026-08-23 04:12:29,583 - INFO - [NDTV] Attempt 2/2: Trying with 'selenium_browser' strategy...
2026-08-23 04:12:30,195 - INFO - [Wired] Success with 'selenium_browser'. Found content (758 words).
2026-08-23 04:12:33,577 - ERROR - Error saving article Zoro Coupon Codes: 55% Off August | WIRED: Hrana: `stream error: `Error { message: "SQLite error: UNIQUE constraint failed: articles.url", code: "SQLITE_CONSTRAINT" }``
2026-08-23 04:12:33,693 - INFO - [NDTV] Page content loaded.
2026-08-23 04:12:34,374 - INFO - [Wired] Article: https://www.wired.com/story/nordvpn-coupon/
2026-08-23 04:12:34,374 - INFO - [Wired] Attempt 1/2: Trying with 'requests_browser' strategy...
2026-08-23 04:12:34,431 - INFO - [NDTV] Success with 'selenium_browser'. Found content (470 words).
2026-08-23 04:12:34,628 - ERROR - parsed tree length: 1, wrong data type or not valid HTML
2026-08-23 04:12:34,640 - ERROR - empty HTML tree: None
2026-08-23 04:12:34,641 - WARNING - discarding data: None
2026-08-23 04:12:34,648 - WARNING - [Wired] FAILED with 'requests_browser' (content was too short: 0 words).
2026-08-23 04:12:35,652 - INFO - [Wired] Article: https://www.wired.com/story/nordvpn-coupon/
2026-08-23 04:12:35,653 - INFO - [Wired] Attempt 2/2: Trying with 'selenium_browser' strategy...
2026-08-23 04:12:39,281 - INFO - >>> SUCCESSFULLY SAVED [ID: 111603] - Justice Sanjay Karol, Known As Chachaji In Supreme Court, Retires from NDTV (470 words)
2026-08-23 04:12:39,664 - INFO - [Al Jazeera] Page content loaded.
2026-08-23 04:12:39,906 - WARNING - [Al Jazeera] FAILED with 'selenium_browser' (content was too short: 62 words).
2026-08-23 04:12:39,906 - ERROR - [Al Jazeera] All scrape strategies failed for https://www.aljazeera.com/video/newsfeed/2026/8/22/iran-threatens-countries-that-join-us-economic-d?traffic_source=rss. Falling back to RSS description.
2026-08-23 04:12:39,906 - WARNING - SKIPPED (GLOBAL WORD LIMIT): Article 'Iran threatens countries that join US ‘economic D-Day’' from Al Jazeera has only 15 words (Min: 90).
2026-08-23 04:12:39,919 - INFO - [Wired] Page content loaded.
2026-08-23 04:12:40,626 - INFO - [NDTV] Article: https://www.ndtv.com/india-news/in-group-pic-with-pm-modi-bjps-new-team-sends-a-nari-shakti-message-11946580#publisher=newsstand
2026-08-23 04:12:40,627 - INFO - [NDTV] Attempt 1/2: Trying with 'requests_browser' strategy...
2026-08-23 04:12:40,798 - INFO - [Al Jazeera] Early skip: URL https://www.aljazeera.com/news/2026/8/22/iran-warns-nearby-nations-against-joining-us-economic-war-efforts?traffic_source=rss already exists.
2026-08-23 04:12:40,801 - INFO - [Al Jazeera] Early skip: URL https://www.aljazeera.com/news/2026/8/22/tropical-storm-moke-advances-towards-hawaii-with-heavy-rain-strong-winds?traffic_source=rss already exists.
2026-08-23 04:12:40,802 - INFO - [Al Jazeera] Early skip: URL https://www.aljazeera.com/sports/2026/8/22/real-madrid-beat-espanyol-2-1-in-jose-mourinhos-first-game-on-return?traffic_source=rss already exists.
2026-08-23 04:12:40,807 - INFO - [Al Jazeera] Article: https://www.aljazeera.com/video/newsfeed/2026/8/22/08-22-26-sudan-movie-night-sv?traffic_source=rss
2026-08-23 04:12:40,807 - INFO - [Al Jazeera] Attempt 1/2: Trying with 'requests_browser' strategy...
2026-08-23 04:12:40,835 - ERROR - [NDTV] Request failed for strategy 'requests_browser' on URL https://www.ndtv.com/india-news/in-group-pic-with-pm-modi-bjps-new-team-sends-a-nari-shakti-message-11946580#publisher=newsstand: 403 Client Error: Forbidden for url: https://www.ndtv.com/india-news/in-group-pic-with-pm-modi-bjps-new-team-sends-a-nari-shakti-message-11946580#publisher=newsstand
2026-08-23 04:12:40,984 - WARNING - [Al Jazeera] FAILED with 'requests_browser' (content was too short: 57 words).
2026-08-23 04:12:41,542 - INFO - [Wired] Success with 'selenium_browser'. Found content (1341 words).
2026-08-23 04:12:41,589 - INFO - [NDTV] Article: https://www.ndtv.com/india-news/in-group-pic-with-pm-modi-bjps-new-team-sends-a-nari-shakti-message-11946580#publisher=newsstand
2026-08-23 04:12:41,589 - INFO - [NDTV] Attempt 2/2: Trying with 'selenium_browser' strategy...
2026-08-23 04:12:41,762 - INFO - [Al Jazeera] Article: https://www.aljazeera.com/video/newsfeed/2026/8/22/08-22-26-sudan-movie-night-sv?traffic_source=rss
2026-08-23 04:12:41,762 - INFO - [Al Jazeera] Attempt 2/2: Trying with 'selenium_browser' strategy...
2026-08-23 04:12:43,783 - INFO - [Economic Times] Page content loaded.
2026-08-23 04:12:44,652 - ERROR - Error saving article NordVPN Coupons: 75% Off, Plus 3 Months Free in August 2026 | WIRED: Hrana: `stream error: `Error { message: "SQLite error: UNIQUE constraint failed: articles.url", code: "SQLITE_CONSTRAINT" }``
2026-08-23 04:12:44,653 - INFO - [NDTV] Page content loaded.
2026-08-23 04:12:44,846 - INFO - [Economic Times] Success with 'selenium_browser'. Found content (615 words).
2026-08-23 04:12:44,898 - INFO - [Al Jazeera] Page content loaded.
2026-08-23 04:12:45,490 - WARNING - [Al Jazeera] FAILED with 'selenium_browser' (content was too short: 61 words).
2026-08-23 04:12:45,490 - ERROR - [Al Jazeera] All scrape strategies failed for https://www.aljazeera.com/video/newsfeed/2026/8/22/08-22-26-sudan-movie-night-sv?traffic_source=rss. Falling back to RSS description.
2026-08-23 04:12:45,490 - WARNING - SKIPPED (GLOBAL WORD LIMIT): Article 'Open-air cinema brings movie nights back to Khartoum' from Al Jazeera has only 19 words (Min: 90).
2026-08-23 04:12:45,798 - INFO - [Wired] Early skip: URL https://www.wired.com/story/ruggable-discount-code/ already exists.
2026-08-23 04:12:45,805 - INFO - [Wired] Article: https://www.wired.com/story/ray-ban-promo-code/
2026-08-23 04:12:45,808 - INFO - [Wired] Attempt 1/2: Trying with 'requests_browser' strategy...
2026-08-23 04:12:45,944 - INFO - [NDTV] Success with 'selenium_browser'. Found content (440 words).
2026-08-23 04:12:47,419 - INFO - [Al Jazeera] Early skip: URL https://www.aljazeera.com/news/2026/8/22/israeli-army-and-settlers-injure-several-palestinians-across-west-bank?traffic_source=rss already exists.
2026-08-23 04:12:47,420 - ERROR - parsed tree length: 1, wrong data type or not valid HTML
2026-08-23 04:12:47,420 - ERROR - empty HTML tree: None
2026-08-23 04:12:47,420 - WARNING - discarding data: None
2026-08-23 04:12:47,420 - WARNING - [Wired] FAILED with 'requests_browser' (content was too short: 0 words).
2026-08-23 04:12:47,431 - INFO - [Al Jazeera] Early skip: URL https://www.aljazeera.com/news/2026/8/22/us-postal-service-shares-mail-in-ballot-restrictions-despite-court-ruling?traffic_source=rss already exists.
2026-08-23 04:12:47,866 - INFO - [Al Jazeera] Early skip: URL https://www.aljazeera.com/news/2026/8/22/iran-grants-permission-for-some-iraqi-oil-tankers-to-pass-through-hormuz?traffic_source=rss already exists.
2026-08-23 04:12:48,773 - INFO - [Wired] Article: https://www.wired.com/story/ray-ban-promo-code/
2026-08-23 04:12:48,773 - INFO - [Wired] Attempt 2/2: Trying with 'selenium_browser' strategy...
2026-08-23 04:12:48,774 - INFO - [Al Jazeera] Early skip: URL https://www.aljazeera.com/video/inside-story/2026/8/22/why-is-israel-building-new-illegal-settlements?traffic_source=rss already exists.
2026-08-23 04:12:48,784 - INFO - [Al Jazeera] Article: https://www.aljazeera.com/video/newsfeed/2026/8/22/more-than-200000-newly-displaced-in-sudans-kordofan-region?traffic_source=rss
2026-08-23 04:12:48,784 - INFO - [Al Jazeera] Attempt 1/2: Trying with 'requests_browser' strategy...
2026-08-23 04:12:48,789 - ERROR - Error saving article Twitter's India policy head, Mahima Kaul, to step down; will transition in March - The Economic Times: Hrana: `stream error: `Error { message: "SQLite error: UNIQUE constraint failed: articles.url", code: "SQLITE_CONSTRAINT" }``
2026-08-23 04:12:49,142 - WARNING - [Al Jazeera] FAILED with 'requests_browser' (content was too short: 67 words).
2026-08-23 04:12:49,856 - INFO - [Al Jazeera] Article: https://www.aljazeera.com/video/newsfeed/2026/8/22/more-than-200000-newly-displaced-in-sudans-kordofan-region?traffic_source=rss
2026-08-23 04:12:49,856 - INFO - [Al Jazeera] Attempt 2/2: Trying with 'selenium_browser' strategy...
2026-08-23 04:12:49,918 - INFO - [Economic Times] Article: https://economictimes.indiatimes.com/tech/tech-and-gadgets/govt-may-keep-rs-7500-cr-outlay-for-it-hardware-manufacturing-under-pli-scheme/articleshow/80333429.cms
2026-08-23 04:12:49,918 - INFO - [Economic Times] Attempt 1/2: Trying with 'requests_browser' strategy...
2026-08-23 04:12:52,852 - ERROR - parsed tree length: 1, wrong data type or not valid HTML
2026-08-23 04:12:52,853 - ERROR - empty HTML tree: None
2026-08-23 04:12:52,853 - WARNING - discarding data: None
2026-08-23 04:12:52,853 - WARNING - [Economic Times] FAILED with 'requests_browser' (content was too short: 0 words).
2026-08-23 04:12:53,096 - INFO - >>> SUCCESSFULLY SAVED [ID: 111606] - In Group Pic With PM Modi, BJP's New Team Sends A 'Nari Shakti' Message from NDTV (440 words)
2026-08-23 04:12:53,444 - INFO - [Economic Times] Article: https://economictimes.indiatimes.com/tech/tech-and-gadgets/govt-may-keep-rs-7500-cr-outlay-for-it-hardware-manufacturing-under-pli-scheme/articleshow/80333429.cms
2026-08-23 04:12:53,445 - INFO - [Economic Times] Attempt 2/2: Trying with 'selenium_browser' strategy...
2026-08-23 04:12:53,688 - INFO - [NDTV] Article: https://www.ndtv.com/india-news/150-yrs-on-vande-mataram-debate-has-new-chapters-what-cong-dropped-what-modi-govt-now-protects-11945608#publisher=newsstand
2026-08-23 04:12:53,691 - INFO - [NDTV] Attempt 1/2: Trying with 'requests_browser' strategy...
2026-08-23 04:12:53,888 - ERROR - [NDTV] Request failed for strategy 'requests_browser' on URL https://www.ndtv.com/india-news/150-yrs-on-vande-mataram-debate-has-new-chapters-what-cong-dropped-what-modi-govt-now-protects-11945608#publisher=newsstand: 403 Client Error: Forbidden for url: https://www.ndtv.com/india-news/150-yrs-on-vande-mataram-debate-has-new-chapters-what-cong-dropped-what-modi-govt-now-protects-11945608#publisher=newsstand
2026-08-23 04:12:54,698 - INFO - [NDTV] Article: https://www.ndtv.com/india-news/150-yrs-on-vande-mataram-debate-has-new-chapters-what-cong-dropped-what-modi-govt-now-protects-11945608#publisher=newsstand
2026-08-23 04:12:54,698 - INFO - [NDTV] Attempt 2/2: Trying with 'selenium_browser' strategy...
2026-08-23 04:12:56,444 - INFO - [NDTV] Page content loaded.
2026-08-23 04:12:56,526 - INFO - [Al Jazeera] Page content loaded.
2026-08-23 04:12:57,154 - WARNING - [Al Jazeera] FAILED with 'selenium_browser' (content was too short: 71 words).
2026-08-23 04:12:57,154 - ERROR - [Al Jazeera] All scrape strategies failed for https://www.aljazeera.com/video/newsfeed/2026/8/22/more-than-200000-newly-displaced-in-sudans-kordofan-region?traffic_source=rss. Falling back to RSS description.
2026-08-23 04:12:57,155 - WARNING - SKIPPED (GLOBAL WORD LIMIT): Article 'More than 200,000 newly displaced in Sudan’s Kordofan region' from Al Jazeera has only 18 words (Min: 90).
2026-08-23 04:12:57,240 - INFO - [NDTV] Success with 'selenium_browser'. Found content (2032 words).
2026-08-23 04:12:57,430 - INFO - [Wired] Page content loaded.
2026-08-23 04:12:59,448 - INFO - [Al Jazeera] Early skip: URL https://www.aljazeera.com/news/2026/8/22/israeli-strikes-kill-two-and-injure-others-as-gaza-attacks-continue?traffic_source=rss already exists.
2026-08-23 04:13:00,635 - INFO - >>> SUCCESSFULLY SAVED [ID: 111607] - Vande Mataram, 150 Years On, From Nehru and Tagore to Modi govt move: A 3-Minute Song, Six Stanzas, And A Century-Old Debate from NDTV (2032 words)
2026-08-23 04:13:00,647 - INFO - [Al Jazeera] Article: https://www.aljazeera.com/video/newsfeed/2026/8/22/08-22-26-putin-ukraine-talks-clip?traffic_source=rss
2026-08-23 04:13:00,648 - INFO - [Al Jazeera] Attempt 1/2: Trying with 'requests_browser' strategy...
2026-08-23 04:13:00,852 - WARNING - [Al Jazeera] FAILED with 'requests_browser' (content was too short: 62 words).
2026-08-23 04:13:00,972 - INFO - [Wired] Success with 'selenium_browser'. Found content (839 words).
2026-08-23 04:13:02,613 - INFO - [Al Jazeera] Article: https://www.aljazeera.com/video/newsfeed/2026/8/22/08-22-26-putin-ukraine-talks-clip?traffic_source=rss
2026-08-23 04:13:02,613 - INFO - [NDTV] Article: https://www.ndtv.com/world-news/donald-trump-again-posts-map-of-strait-of-hormuz-as-new-us-territory-amid-us-iran-war-11946514#publisher=newsstand
2026-08-23 04:13:02,614 - INFO - [Economic Times] Page content loaded.
2026-08-23 04:13:02,614 - INFO - [Al Jazeera] Attempt 2/2: Trying with 'selenium_browser' strategy...
2026-08-23 04:13:03,922 - INFO - [NDTV] Attempt 1/2: Trying with 'requests_browser' strategy...
2026-08-23 04:13:03,922 - ERROR - Error saving article Ray-Ban Promo Codes: Save 50% in August 2026 | WIRED: Hrana: `stream error: `Error { message: "SQLite error: UNIQUE constraint failed: articles.url", code: "SQLITE_CONSTRAINT" }``
2026-08-23 04:13:04,030 - ERROR - [NDTV] Request failed for strategy 'requests_browser' on URL https://www.ndtv.com/world-news/donald-trump-again-posts-map-of-strait-of-hormuz-as-new-us-territory-amid-us-iran-war-11946514#publisher=newsstand: 403 Client Error: Forbidden for url: https://www.ndtv.com/world-news/donald-trump-again-posts-map-of-strait-of-hormuz-as-new-us-territory-amid-us-iran-war-11946514#publisher=newsstand
2026-08-23 04:13:04,306 - INFO - [Economic Times] Success with 'selenium_browser'. Found content (481 words).
2026-08-23 04:13:05,815 - INFO - [NDTV] Article: https://www.ndtv.com/world-news/donald-trump-again-posts-map-of-strait-of-hormuz-as-new-us-territory-amid-us-iran-war-11946514#publisher=newsstand
2026-08-23 04:13:06,250 - INFO - [NDTV] Attempt 2/2: Trying with 'selenium_browser' strategy...
2026-08-23 04:13:05,815 - INFO - [Wired] Article: https://www.wired.com/story/home-depot-promo-code/
2026-08-23 04:13:06,251 - INFO - [Wired] Attempt 1/2: Trying with 'requests_browser' strategy...
2026-08-23 04:13:07,183 - ERROR - Error saving article Govt may keep Rs 7,500 cr outlay for IT hardware manufacturing under PLI scheme - The Economic Times: Hrana: `stream error: `Error { message: "SQLite error: UNIQUE constraint failed: articles.url", code: "SQLITE_CONSTRAINT" }``
2026-08-23 04:13:07,184 - INFO - [Al Jazeera] Page content loaded.
2026-08-23 04:13:07,254 - WARNING - [Al Jazeera] FAILED with 'selenium_browser' (content was too short: 66 words).
2026-08-23 04:13:07,254 - ERROR - [Al Jazeera] All scrape strategies failed for https://www.aljazeera.com/video/newsfeed/2026/8/22/08-22-26-putin-ukraine-talks-clip?traffic_source=rss. Falling back to RSS description.
2026-08-23 04:13:07,254 - WARNING - SKIPPED (GLOBAL WORD LIMIT): Article 'Putin warns Ukraine has opened ‘Pandora’s box’, rejects peace proposals' from Al Jazeera has only 16 words (Min: 90).
2026-08-23 04:13:07,350 - ERROR - parsed tree length: 1, wrong data type or not valid HTML
2026-08-23 04:13:07,350 - ERROR - empty HTML tree: None
2026-08-23 04:13:07,350 - WARNING - discarding data: None
2026-08-23 04:13:07,350 - WARNING - [Wired] FAILED with 'requests_browser' (content was too short: 0 words).
2026-08-23 04:13:07,631 - INFO - [NDTV] Page content loaded.
2026-08-23 04:13:07,767 - INFO - [NDTV] Success with 'selenium_browser'. Found content (489 words).
2026-08-23 04:13:07,842 - INFO - [Economic Times] Article: https://economictimes.indiatimes.com/tech/technology/indian-dating-apps-services-see-surge-of-paying-users-in-small-cities/articleshow/80063342.cms
2026-08-23 04:13:07,842 - INFO - [Economic Times] Attempt 1/2: Trying with 'requests_browser' strategy...
2026-08-23 04:13:07,868 - INFO - [Wired] Article: https://www.wired.com/story/home-depot-promo-code/
2026-08-23 04:13:07,868 - INFO - [Wired] Attempt 2/2: Trying with 'selenium_browser' strategy...
2026-08-23 04:13:07,900 - INFO - DEDUPLICATION: Found match (Score: 0.87). Linking to Cluster ID: 49bd1e14-cda3-483a-9cc0-dba76cd7b46f
2026-08-23 04:13:09,211 - INFO - [Al Jazeera] Early skip: URL https://www.aljazeera.com/news/2026/8/22/envoy-says-israel-did-not-give-the-us-notice-before-strikes-on-syrian-base?traffic_source=rss already exists.
2026-08-23 04:13:09,647 - INFO - [Al Jazeera] Article: https://www.aljazeera.com/video/newsfeed/2026/8/22/22-08-clip-carney-tariffs-canada-ca?traffic_source=rss
2026-08-23 04:13:10,528 - INFO - [Al Jazeera] Attempt 1/2: Trying with 'requests_browser' strategy...
2026-08-23 04:13:10,786 - INFO - >>> SUCCESSFULLY SAVED [ID: 111610] - Donald Trump Again Posts Map Of Strait Of Hormuz As New US Territory Amid US-Iran War from NDTV (489 words)
2026-08-23 04:13:10,792 - ERROR - parsed tree length: 1, wrong data type or not valid HTML
2026-08-23 04:13:10,795 - ERROR - empty HTML tree: None
2026-08-23 04:13:10,795 - WARNING - discarding data: None
2026-08-23 04:13:10,796 - WARNING - [Economic Times] FAILED with 'requests_browser' (content was too short: 0 words).
2026-08-23 04:13:10,834 - WARNING - [Al Jazeera] FAILED with 'requests_browser' (content was too short: 50 words).
2026-08-23 04:13:11,119 - INFO - [Wired] Page content loaded.
2026-08-23 04:13:11,327 - INFO - [Economic Times] Article: https://economictimes.indiatimes.com/tech/technology/indian-dating-apps-services-see-surge-of-paying-users-in-small-cities/articleshow/80063342.cms
2026-08-23 04:13:11,328 - INFO - [Economic Times] Attempt 2/2: Trying with 'selenium_browser' strategy...
2026-08-23 04:13:11,584 - INFO - [NDTV] Early skip: URL https://www.ndtv.com/india-news/indias-rocket-launches-costliest-among-major-space-powers-cambridge-study-11946104#publisher=newsstand already exists.
2026-08-23 04:13:11,586 - INFO - [NDTV] Early skip: URL https://www.ndtv.com/world-news/us-iran-war-will-be-enemy-iran-warns-countries-against-joining-trumps-economic-war-11946415#publisher=newsstand already exists.
2026-08-23 04:13:11,587 - INFO - [NDTV] Early skip: URL https://www.ndtv.com/india-news/panama-flagged-cargo-ship-sinks-240-nautical-miles-off-odisha-coast-11945752#publisher=newsstand already exists.
2026-08-23 04:13:11,589 - INFO - [NDTV] Early skip: URL https://www.ndtv.com/india-news/in-leaked-audio-gangster-goldy-brar-claims-he-killed-hardeep-nijjar-in-canada-11946027#publisher=newsstand already exists.
2026-08-23 04:13:11,594 - INFO - [NDTV] Early skip: URL https://www.ndtv.com/india-news/matter-of-national-economy-security-rajnath-singh-on-preventive-healthcare-11946098#publisher=newsstand already exists.
2026-08-23 04:13:11,597 - INFO - [NDTV] Early skip: URL https://www.ndtv.com/world-news/we-got-attacked-canadas-mark-carney-says-us-launched-trade-war-11946050#publisher=newsstand already exists.
2026-08-23 04:13:11,600 - INFO - [NDTV] Early skip: URL https://www.ndtv.com/world-news/trumps-remake-of-white-house-rose-garden-has-fewer-roses-more-statues-11946074#publisher=newsstand already exists.
2026-08-23 04:13:11,602 - INFO - [NDTV] Early skip: URL https://www.ndtv.com/india-news/up-class-12-student-found-hanging-hours-after-being-accused-of-molestation-11946073#publisher=newsstand already exists.
2026-08-23 04:13:11,607 - INFO - [NDTV] Early skip: URL https://www.ndtv.com/hyderabad-news/pan-masala-unit-busted-near-hyderabad-rs-160-crore-tax-evasion-detected-11946067#publisher=newsstand already exists.
2026-08-23 04:13:11,609 - INFO - [NDTV] Early skip: URL https://www.ndtv.com/india-news/gift-city-is-indias-international-financial-centre-hsbcs-sandeep-batra-spotlights-pace-of-growth-11946026#publisher=newsstand already exists.
2026-08-23 04:13:11,611 - INFO - [NDTV] (Thread) Finished. Attempting to shut down its Selenium driver.
2026-08-23 04:13:11,634 - INFO - [Al Jazeera] Article: https://www.aljazeera.com/video/newsfeed/2026/8/22/22-08-clip-carney-tariffs-canada-ca?traffic_source=rss
2026-08-23 04:13:11,634 - INFO - [Al Jazeera] Attempt 2/2: Trying with 'selenium_browser' strategy...
2026-08-23 04:13:11,769 - INFO - [NDTV] (Thread) driver.quit() successful.
2026-08-23 04:13:12,005 - INFO - [Wired] Success with 'selenium_browser'. Found content (1701 words).
2026-08-23 04:13:15,018 - ERROR - Error saving article Home Depot Promo Codes: 30% Off in August 2026 | WIRED: Hrana: `stream error: `Error { message: "SQLite error: UNIQUE constraint failed: articles.url", code: "SQLITE_CONSTRAINT" }``
2026-08-23 04:13:15,050 - INFO - [Al Jazeera] Page content loaded.
2026-08-23 04:13:15,189 - WARNING - [Al Jazeera] FAILED with 'selenium_browser' (content was too short: 54 words).
2026-08-23 04:13:15,189 - ERROR - [Al Jazeera] All scrape strategies failed for https://www.aljazeera.com/video/newsfeed/2026/8/22/22-08-clip-carney-tariffs-canada-ca?traffic_source=rss. Falling back to RSS description.
2026-08-23 04:13:15,189 - WARNING - SKIPPED (GLOBAL WORD LIMIT): Article 'Canada to match US tariffs “dollar for dollar,” PM Carney says' from Al Jazeera has only 15 words (Min: 90).
2026-08-23 04:13:15,330 - INFO - [Economic Times] Page content loaded.
2026-08-23 04:13:15,464 - WARNING - [Economic Times] FAILED with 'selenium_browser' (content was too short: 84 words).
2026-08-23 04:13:15,464 - ERROR - [Economic Times] All scrape strategies failed for https://economictimes.indiatimes.com/tech/technology/indian-dating-apps-services-see-surge-of-paying-users-in-small-cities/articleshow/80063342.cms. Falling back to RSS description.
2026-08-23 04:13:15,464 - WARNING - SKIPPED (GLOBAL WORD LIMIT): Article 'Indian dating apps, services see surge of paying users in small cities ' from Economic Times has only 54 words (Min: 90).
2026-08-23 04:13:15,947 - INFO - [Wired] Article: https://www.wired.com/story/meta-quest-promo-code/
2026-08-23 04:13:15,947 - INFO - [Wired] Attempt 1/2: Trying with 'requests_browser' strategy...
2026-08-23 04:13:16,052 - ERROR - parsed tree length: 1, wrong data type or not valid HTML
2026-08-23 04:13:16,053 - ERROR - empty HTML tree: None
2026-08-23 04:13:16,053 - WARNING - discarding data: None
2026-08-23 04:13:16,053 - WARNING - [Wired] FAILED with 'requests_browser' (content was too short: 0 words).
2026-08-23 04:13:16,384 - INFO - [Al Jazeera] Early skip: URL https://www.aljazeera.com/news/2026/8/22/carney-canada-will-enact-retaliatory-us-tariffs-starting-september-8?traffic_source=rss already exists.
2026-08-23 04:13:16,385 - INFO - [Al Jazeera] Early skip: URL https://www.aljazeera.com/opinions/2026/8/22/israel-turkiye-and-the-new-regional-reordering?traffic_source=rss already exists.
2026-08-23 04:13:16,386 - INFO - [Al Jazeera] Early skip: URL https://www.aljazeera.com/news/2026/8/22/swedish-police-identify-17-year-old-girl-as-victim-in-school-sword-attack?traffic_source=rss already exists.
2026-08-23 04:13:16,388 - INFO - [Al Jazeera] Early skip: URL https://www.aljazeera.com/news/2026/8/22/armed-men-kidnap-dozens-in-attacks-on-nigerian-villages?traffic_source=rss already exists.
2026-08-23 04:13:16,389 - INFO - [Al Jazeera] Article: https://www.aljazeera.com/video/newsfeed/2026/8/22/08-22-26-israel-rabbi-palestinians-clip?traffic_source=rss
2026-08-23 04:13:16,389 - INFO - [Al Jazeera] Attempt 1/2: Trying with 'requests_browser' strategy...
2026-08-23 04:13:16,611 - WARNING - [Al Jazeera] FAILED with 'requests_browser' (content was too short: 77 words).
2026-08-23 04:13:16,680 - INFO - [Wired] Article: https://www.wired.com/story/meta-quest-promo-code/
2026-08-23 04:13:16,680 - INFO - [Wired] Attempt 2/2: Trying with 'selenium_browser' strategy...
2026-08-23 04:13:16,775 - INFO - [Economic Times] Article: https://economictimes.indiatimes.com/tech/technology/time-for-govt-cos-to-adopt-ai-deloitte-india/articleshow/79981215.cms
2026-08-23 04:13:16,775 - INFO - [Economic Times] Attempt 1/2: Trying with 'requests_browser' strategy...
2026-08-23 04:13:17,234 - INFO - [Al Jazeera] Article: https://www.aljazeera.com/video/newsfeed/2026/8/22/08-22-26-israel-rabbi-palestinians-clip?traffic_source=rss
2026-08-23 04:13:17,234 - INFO - [Al Jazeera] Attempt 2/2: Trying with 'selenium_browser' strategy...
2026-08-23 04:13:17,316 - ERROR - parsed tree length: 1, wrong data type or not valid HTML
2026-08-23 04:13:17,317 - ERROR - empty HTML tree: None
2026-08-23 04:13:17,317 - WARNING - discarding data: None
2026-08-23 04:13:17,317 - WARNING - [Economic Times] FAILED with 'requests_browser' (content was too short: 0 words).
2026-08-23 04:13:17,902 - INFO - [Economic Times] Article: https://economictimes.indiatimes.com/tech/technology/time-for-govt-cos-to-adopt-ai-deloitte-india/articleshow/79981215.cms
2026-08-23 04:13:17,902 - INFO - [Economic Times] Attempt 2/2: Trying with 'selenium_browser' strategy...
2026-08-23 04:13:18,639 - INFO - [Al Jazeera] Page content loaded.
2026-08-23 04:13:18,710 - INFO - [Wired] Page content loaded.
2026-08-23 04:13:18,898 - WARNING - [Al Jazeera] FAILED with 'selenium_browser' (content was too short: 81 words).
2026-08-23 04:13:18,899 - ERROR - [Al Jazeera] All scrape strategies failed for https://www.aljazeera.com/video/newsfeed/2026/8/22/08-22-26-israel-rabbi-palestinians-clip?traffic_source=rss. Falling back to RSS description.
2026-08-23 04:13:18,899 - WARNING - SKIPPED (GLOBAL WORD LIMIT): Article 'Israel’s Chief Rabbi says Palestinians are not a people and have no rights' from Al Jazeera has only 19 words (Min: 90).
2026-08-23 04:13:20,013 - INFO - [Wired] Success with 'selenium_browser'. Found content (1184 words).
2026-08-23 04:13:20,063 - INFO - [Al Jazeera] (Thread) Finished. Attempting to shut down its Selenium driver.
2026-08-23 04:13:20,343 - INFO - [Al Jazeera] (Thread) driver.quit() successful.
2026-08-23 04:13:21,665 - INFO - [Economic Times] Page content loaded.
2026-08-23 04:13:22,969 - ERROR - Error saving article Meta Quest Promo Codes and Coupons for August 2026 | WIRED: Hrana: `stream error: `Error { message: "SQLite error: UNIQUE constraint failed: articles.url", code: "SQLITE_CONSTRAINT" }``
2026-08-23 04:13:22,993 - WARNING - [Economic Times] FAILED with 'selenium_browser' (content was too short: 74 words).
2026-08-23 04:13:22,993 - ERROR - [Economic Times] All scrape strategies failed for https://economictimes.indiatimes.com/tech/technology/time-for-govt-cos-to-adopt-ai-deloitte-india/articleshow/79981215.cms. Falling back to RSS description.
2026-08-23 04:13:22,993 - WARNING - SKIPPED (GLOBAL WORD LIMIT): Article 'Time for government, companies to adopt artificial intelligence: Deloitte India ' from Economic Times has only 49 words (Min: 90).
2026-08-23 04:13:23,686 - INFO - [Wired] Article: https://www.wired.com/story/bh-photo-coupon/
2026-08-23 04:13:23,686 - INFO - [Wired] Attempt 1/2: Trying with 'requests_browser' strategy...
2026-08-23 04:13:23,826 - ERROR - parsed tree length: 1, wrong data type or not valid HTML
2026-08-23 04:13:23,826 - ERROR - empty HTML tree: None
2026-08-23 04:13:23,826 - WARNING - discarding data: None
2026-08-23 04:13:23,826 - WARNING - [Wired] FAILED with 'requests_browser' (content was too short: 0 words).
2026-08-23 04:13:24,101 - INFO - [Economic Times] Article: https://economictimes.indiatimes.com/news/international/world-news/trump-announces-a-deal-for-hamas-to-disarm-in-gaza-but-many-hurdles-and-uncertainty-remain/articleshow/132753009.cms
2026-08-23 04:13:24,102 - INFO - [Economic Times] Attempt 1/2: Trying with 'requests_browser' strategy...
2026-08-23 04:13:24,440 - INFO - [Economic Times] Success with 'requests_browser'. Found content (1285 words).
2026-08-23 04:13:25,858 - INFO - [Wired] Article: https://www.wired.com/story/bh-photo-coupon/
2026-08-23 04:13:26,293 - INFO - [Wired] Attempt 2/2: Trying with 'selenium_browser' strategy...
2026-08-23 04:13:27,163 - ERROR - Error saving article Trump announces a deal for Hamas to disarm in Gaza, but many hurdles and uncertainty remain - The Economic Times: Hrana: `stream error: `Error { message: "SQLite error: UNIQUE constraint failed: articles.url", code: "SQLITE_CONSTRAINT" }``
2026-08-23 04:13:28,322 - INFO - [Economic Times] Article: https://economictimes.indiatimes.com/news/new-updates/in-1943-us-built-an-entire-city-and-it-didnt-exist-on-a-single-map/articleshow/132659427.cms
2026-08-23 04:13:28,322 - INFO - [Economic Times] Attempt 1/2: Trying with 'requests_browser' strategy...
2026-08-23 04:13:28,424 - INFO - [Wired] Page content loaded.
2026-08-23 04:13:28,672 - INFO - [Economic Times] Success with 'requests_browser'. Found content (688 words).
2026-08-23 04:13:31,512 - ERROR - Error saving article In 1943, US built an entire city, and it didn't exist on a single map - The Economic Times: Hrana: `stream error: `Error { message: "SQLite error: UNIQUE constraint failed: articles.url", code: "SQLITE_CONSTRAINT" }``
2026-08-23 04:13:31,534 - INFO - [Wired] Success with 'selenium_browser'. Found content (911 words).
2026-08-23 04:13:33,123 - INFO - [Economic Times] Article: https://economictimes.indiatimes.com/news/new-updates/humans-have-a-third-eye-in-the-brain-study-links-it-to-a-600-million-year-old-cyclops-ancestor/articleshow/132655441.cms
2026-08-23 04:13:33,123 - INFO - [Economic Times] Attempt 1/2: Trying with 'requests_browser' strategy...
2026-08-23 04:13:34,447 - ERROR - Error saving article B&H Photo Promo Codes and Deals This August 2026 | WIRED: Hrana: `stream error: `Error { message: "SQLite error: UNIQUE constraint failed: articles.url", code: "SQLITE_CONSTRAINT" }``
2026-08-23 04:13:34,479 - INFO - [Economic Times] Success with 'requests_browser'. Found content (593 words).
2026-08-23 04:13:35,948 - INFO - [Wired] Article: https://www.wired.com/story/hoka-coupon-code/
2026-08-23 04:13:36,385 - INFO - [Wired] Attempt 1/2: Trying with 'requests_browser' strategy...
2026-08-23 04:13:37,254 - ERROR - Error saving article Humans have a 'third eye' in the brain: Study links it to a 600-million-year-old Cyclops ancestor - The Economic Times: Hrana: `stream error: `Error { message: "SQLite error: UNIQUE constraint failed: articles.url", code: "SQLITE_CONSTRAINT" }``
2026-08-23 04:13:37,267 - ERROR - parsed tree length: 1, wrong data type or not valid HTML
2026-08-23 04:13:37,267 - ERROR - empty HTML tree: None
2026-08-23 04:13:37,268 - WARNING - discarding data: None
2026-08-23 04:13:37,268 - WARNING - [Wired] FAILED with 'requests_browser' (content was too short: 0 words).
2026-08-23 04:13:37,910 - INFO - [Wired] Article: https://www.wired.com/story/hoka-coupon-code/
2026-08-23 04:13:37,910 - INFO - [Wired] Attempt 2/2: Trying with 'selenium_browser' strategy...
2026-08-23 04:13:38,401 - INFO - [Economic Times] Article: https://economictimes.indiatimes.com/news/new-updates/1500-ships-trapped-in-gulf-of-hormuz-is-quietly-multiplying-an-underwater-army-that-could-unleash-worlds-biggest-bioinvasion-event/articleshow/132595366.cms
2026-08-23 04:13:38,402 - INFO - [Economic Times] Attempt 1/2: Trying with 'requests_browser' strategy...
2026-08-23 04:13:39,107 - INFO - [Economic Times] Success with 'requests_browser'. Found content (687 words).
2026-08-23 04:13:40,599 - INFO - [Wired] Page content loaded.
2026-08-23 04:13:41,935 - ERROR - Error saving article 1,500 ships trapped in Gulf of Hormuz are quietly multiplying an underwater army that could unleash World's biggest bioinvasion event - The Economic Times: Hrana: `stream error: `Error { message: "SQLite error: UNIQUE constraint failed: articles.url", code: "SQLITE_CONSTRAINT" }``
2026-08-23 04:13:42,025 - INFO - [Wired] Success with 'selenium_browser'. Found content (1093 words).
2026-08-23 04:13:43,466 - INFO - [Economic Times] Article: https://economictimes.indiatimes.com/news/new-updates/argentina-vs-spain-fifa-world-cup-final-to-be-replayed-petition-for-a-rematch-crosses-60000-signatures/articleshow/132576024.cms
2026-08-23 04:13:43,898 - INFO - [Economic Times] Attempt 1/2: Trying with 'requests_browser' strategy...
2026-08-23 04:13:44,791 - ERROR - Error saving article Hoka Coupon Codes: 30% Off in August 2026 | WIRED: Hrana: `stream error: `Error { message: "SQLite error: UNIQUE constraint failed: articles.url", code: "SQLITE_CONSTRAINT" }``
2026-08-23 04:13:44,883 - INFO - [Economic Times] Success with 'requests_browser'. Found content (228 words).
2026-08-23 04:13:46,343 - INFO - [Wired] Article: https://www.wired.com/story/canon-promo-code/
2026-08-23 04:13:46,775 - INFO - [Wired] Attempt 1/2: Trying with 'requests_browser' strategy...
2026-08-23 04:13:47,645 - ERROR - Error saving article Argentina vs Spain FIFA World Cup Final to be replayed? Petition for a rematch crosses 60,000 signatures - The Economic Times: Hrana: `stream error: `Error { message: "SQLite error: UNIQUE constraint failed: articles.url", code: "SQLITE_CONSTRAINT" }``
2026-08-23 04:13:47,656 - ERROR - parsed tree length: 1, wrong data type or not valid HTML
2026-08-23 04:13:47,656 - ERROR - empty HTML tree: None
2026-08-23 04:13:47,656 - WARNING - discarding data: None
2026-08-23 04:13:47,656 - WARNING - [Wired] FAILED with 'requests_browser' (content was too short: 0 words).
2026-08-23 04:13:48,230 - INFO - [Economic Times] Article: https://economictimes.indiatimes.com/news/new-updates/he-baked-potato-in-aluminium-foil-and-ate-it-next-morning-after-microwaving-it-hours-later-he-was-paralysed-doctor-explains-why/articleshow/132574269.cms
2026-08-23 04:13:48,230 - INFO - [Economic Times] Attempt 1/2: Trying with 'requests_browser' strategy...
2026-08-23 04:13:48,559 - INFO - [Wired] Article: https://www.wired.com/story/canon-promo-code/
2026-08-23 04:13:48,559 - INFO - [Wired] Attempt 2/2: Trying with 'selenium_browser' strategy...
2026-08-23 04:13:48,648 - INFO - [Economic Times] Success with 'requests_browser'. Found content (565 words).
2026-08-23 04:13:51,461 - ERROR - Error saving article He baked potato in aluminium foil, and ate it next morning after microwaving. Hours later, he was paralysed, doctor explains why - The Economic Times: Hrana: `stream error: `Error { message: "SQLite error: UNIQUE constraint failed: articles.url", code: "SQLITE_CONSTRAINT" }``
2026-08-23 04:13:51,466 - INFO - [Wired] Page content loaded.
2026-08-23 04:13:51,817 - INFO - [Wired] Success with 'selenium_browser'. Found content (1262 words).
2026-08-23 04:13:53,265 - INFO - [Economic Times] Article: https://economictimes.indiatimes.com/news/elections/assembly-elections/assam/done-deal-cm-himanta-biswa-sarma-on-nda-seat-sharing-for-assam-polls/articleshow/128678098.cms
2026-08-23 04:13:53,697 - INFO - [Economic Times] Attempt 1/2: Trying with 'requests_browser' strategy...
2026-08-23 04:13:54,576 - ERROR - Error saving article 30% Off Canon Promo Codes | August 2026 | WIRED: Hrana: `stream error: `Error { message: "SQLite error: UNIQUE constraint failed: articles.url", code: "SQLITE_CONSTRAINT" }``
2026-08-23 04:13:54,599 - INFO - [Economic Times] Success with 'requests_browser'. Found content (518 words).
2026-08-23 04:13:56,024 - INFO - [Wired] Article: https://www.wired.com/story/valvoline-coupons/
2026-08-23 04:13:56,457 - INFO - [Wired] Attempt 1/2: Trying with 'requests_browser' strategy...
2026-08-23 04:13:57,330 - ERROR - Error saving article 'Done deal': CM Himanta Biswa Sarma on NDA seat-sharing for Assam polls - The Economic Times: Hrana: `stream error: `Error { message: "SQLite error: UNIQUE constraint failed: articles.url", code: "SQLITE_CONSTRAINT" }``
2026-08-23 04:13:57,341 - ERROR - parsed tree length: 1, wrong data type or not valid HTML
2026-08-23 04:13:57,341 - ERROR - empty HTML tree: None
2026-08-23 04:13:57,341 - WARNING - discarding data: None
2026-08-23 04:13:57,341 - WARNING - [Wired] FAILED with 'requests_browser' (content was too short: 0 words).
2026-08-23 04:13:58,050 - INFO - [Wired] Article: https://www.wired.com/story/valvoline-coupons/
2026-08-23 04:13:58,051 - INFO - [Wired] Attempt 2/2: Trying with 'selenium_browser' strategy...
2026-08-23 04:13:58,116 - INFO - [Economic Times] Article: https://economictimes.indiatimes.com/news/elections/assembly-elections/bihar/rare-intensive-revision-in-bihar-four-months-before-polls/articleshow/122167501.cms
2026-08-23 04:13:58,116 - INFO - [Economic Times] Attempt 1/2: Trying with 'requests_browser' strategy...
2026-08-23 04:13:58,460 - INFO - [Economic Times] Success with 'requests_browser'. Found content (864 words).
2026-08-23 04:14:01,227 - ERROR - Error saving article Rare 'intensive' revision in Bihar four months before polls - The Economic Times: Hrana: `stream error: `Error { message: "SQLite error: UNIQUE constraint failed: articles.url", code: "SQLITE_CONSTRAINT" }``
2026-08-23 04:14:01,234 - INFO - [Wired] Page content loaded.
2026-08-23 04:14:01,487 - INFO - [Wired] Success with 'selenium_browser'. Found content (863 words).
2026-08-23 04:14:02,950 - INFO - [Economic Times] Article: https://economictimes.indiatimes.com/news/elections/assembly-elections/delhi/bjp-accuses-kejriwal-of-sending-voters-hoax-calls-to-mislead/articleshow/117579007.cms
2026-08-23 04:14:02,950 - INFO - [Economic Times] Attempt 1/2: Trying with 'requests_browser' strategy...
2026-08-23 04:14:04,255 - ERROR - Error saving article Valvoline Coupons and Promo Codes for August 2026 | WIRED: Hrana: `stream error: `Error { message: "SQLite error: UNIQUE constraint failed: articles.url", code: "SQLITE_CONSTRAINT" }``
2026-08-23 04:14:04,278 - INFO - [Economic Times] Success with 'requests_browser'. Found content (550 words).
2026-08-23 04:14:05,726 - INFO - [Wired] Article: https://www.wired.com/story/lenovo-coupon-code/
2026-08-23 04:14:06,165 - INFO - [Wired] Attempt 1/2: Trying with 'requests_browser' strategy...
2026-08-23 04:14:07,049 - ERROR - Error saving article BJP accuses Kejriwal of sending voters hoax calls to mislead - The Economic Times: Hrana: `stream error: `Error { message: "SQLite error: UNIQUE constraint failed: articles.url", code: "SQLITE_CONSTRAINT" }``
2026-08-23 04:14:07,062 - ERROR - parsed tree length: 1, wrong data type or not valid HTML
2026-08-23 04:14:07,062 - ERROR - empty HTML tree: None
2026-08-23 04:14:07,062 - WARNING - discarding data: None
2026-08-23 04:14:07,062 - WARNING - [Wired] FAILED with 'requests_browser' (content was too short: 0 words).
2026-08-23 04:14:07,746 - INFO - [Wired] Article: https://www.wired.com/story/lenovo-coupon-code/
2026-08-23 04:14:07,746 - INFO - [Wired] Attempt 2/2: Trying with 'selenium_browser' strategy...
2026-08-23 04:14:08,254 - INFO - [Economic Times] Article: https://economictimes.indiatimes.com/news/elections/lok-sabha/india/lok-sabha-election-2024-maharashtra-get-interesting-after-splits-in-shiv-sena-ncp/articleshow/108559788.cms
2026-08-23 04:14:08,254 - INFO - [Economic Times] Attempt 1/2: Trying with 'requests_browser' strategy...
2026-08-23 04:14:08,750 - INFO - [Economic Times] Success with 'requests_browser'. Found content (1442 words).
2026-08-23 04:14:11,508 - INFO - [Wired] Page content loaded.
2026-08-23 04:14:11,508 - ERROR - Error saving article Lok Sabha election 2024: Maharashtra get interesting after splits in Shiv Sena, NCP - The Economic Times: Hrana: `stream error: `Error { message: "SQLite error: UNIQUE constraint failed: articles.url", code: "SQLITE_CONSTRAINT" }``
2026-08-23 04:14:11,804 - INFO - [Wired] Success with 'selenium_browser'. Found content (1188 words).
2026-08-23 04:14:13,280 - INFO - [Economic Times] Article: https://economictimes.indiatimes.com/news/elections/lok-sabha/india/modi-charisma-key-factor-in-bjps-bid-to-retain-all-26-seats-in-gujarat/articleshow/108550858.cms
2026-08-23 04:14:13,716 - INFO - [Economic Times] Attempt 1/2: Trying with 'requests_browser' strategy...
2026-08-23 04:14:14,585 - ERROR - Error saving article Lenovo Coupon Codes: 15% Off in August 2026 | WIRED: Hrana: `stream error: `Error { message: "SQLite error: UNIQUE constraint failed: articles.url", code: "SQLITE_CONSTRAINT" }``
2026-08-23 04:14:14,608 - INFO - [Economic Times] Success with 'requests_browser'. Found content (838 words).
2026-08-23 04:14:16,018 - INFO - [Wired] Article: https://www.wired.com/story/squarespace-promo-code/
2026-08-23 04:14:16,018 - INFO - [Wired] Attempt 1/2: Trying with 'requests_browser' strategy...
2026-08-23 04:14:17,320 - ERROR - Error saving article Modi charisma key factor in BJP's bid to retain all 26 seats in Gujarat - The Economic Times: Hrana: `stream error: `Error { message: "SQLite error: UNIQUE constraint failed: articles.url", code: "SQLITE_CONSTRAINT" }``
2026-08-23 04:14:17,332 - ERROR - parsed tree length: 1, wrong data type or not valid HTML
2026-08-23 04:14:17,332 - ERROR - empty HTML tree: None
2026-08-23 04:14:17,332 - WARNING - discarding data: None
2026-08-23 04:14:17,332 - WARNING - [Wired] FAILED with 'requests_browser' (content was too short: 0 words).
2026-08-23 04:14:18,272 - INFO - [Wired] Article: https://www.wired.com/story/squarespace-promo-code/
2026-08-23 04:14:18,272 - INFO - [Wired] Attempt 2/2: Trying with 'selenium_browser' strategy...
2026-08-23 04:14:18,461 - INFO - [Economic Times] Article: https://economictimes.indiatimes.com/news/elections/lok-sabha/india/implementation-of-guarantees-decline-of-brs-favour-congress-in-telangana-bjp-aiming-for-better-show/articleshow/108548569.cms
2026-08-23 04:14:18,461 - INFO - [Economic Times] Attempt 1/2: Trying with 'requests_browser' strategy...
2026-08-23 04:14:18,824 - INFO - [Economic Times] Success with 'requests_browser'. Found content (1272 words).
2026-08-23 04:14:21,573 - ERROR - Error saving article Implementation of 'guarantees', decline of BRS favour Congress in Telangana, BJP aiming for better show - The Economic Times: Hrana: `stream error: `Error { message: "SQLite error: UNIQUE constraint failed: articles.url", code: "SQLITE_CONSTRAINT" }``
2026-08-23 04:14:21,573 - INFO - [Wired] Page content loaded.
2026-08-23 04:14:21,846 - INFO - [Wired] Success with 'selenium_browser'. Found content (1343 words).
2026-08-23 04:14:23,301 - INFO - [Economic Times] Article: https://economictimes.indiatimes.com/traders-bet-on-calendar-spread-as-nifty-moves-in-a-tight-range/articleshow/6302358.cms
2026-08-23 04:14:23,302 - INFO - [Economic Times] Attempt 1/2: Trying with 'requests_browser' strategy...
2026-08-23 04:14:24,642 - ERROR - Error saving article Squarespace Promo Codes: 20% Off in August 2026 | WIRED: Hrana: `stream error: `Error { message: "SQLite error: UNIQUE constraint failed: articles.url", code: "SQLITE_CONSTRAINT" }``
2026-08-23 04:14:24,647 - ERROR - parsed tree length: 1, wrong data type or not valid HTML
2026-08-23 04:14:24,647 - ERROR - empty HTML tree: None
2026-08-23 04:14:24,647 - WARNING - discarding data: None
2026-08-23 04:14:24,647 - WARNING - [Economic Times] FAILED with 'requests_browser' (content was too short: 0 words).
2026-08-23 04:14:25,307 - INFO - [Economic Times] Article: https://economictimes.indiatimes.com/traders-bet-on-calendar-spread-as-nifty-moves-in-a-tight-range/articleshow/6302358.cms
2026-08-23 04:14:25,307 - INFO - [Economic Times] Attempt 2/2: Trying with 'selenium_browser' strategy...
2026-08-23 04:14:25,408 - INFO - [Wired] Early skip: URL https://www.wired.com/review/google-pixel-11/ already exists.
2026-08-23 04:14:25,410 - INFO - [Wired] Early skip: URL https://www.wired.com/story/the-galaxys-fastest-star-could-reveal-the-secrets-of-a-supermassive-black-hole/ already exists.
2026-08-23 04:14:25,412 - INFO - [Wired] Early skip: URL https://www.wired.com/story/china-is-strapping-digital-bombs-to-civilian-infrastructure-is-the-us-ready/ already exists.
2026-08-23 04:14:25,415 - INFO - [Wired] Early skip: URL https://www.wired.com/story/silicon-valley-doesnt-get-why-you-hate-ai/ already exists.
2026-08-23 04:14:25,416 - INFO - [Wired] Early skip: URL https://www.wired.com/review/poolease-x1-pool-robot/ already exists.
2026-08-23 04:14:25,418 - INFO - [Wired] Early skip: URL https://www.wired.com/story/bumble-women-first-rule-change/ already exists.
2026-08-23 04:14:25,420 - INFO - [Wired] Early skip: URL https://www.wired.com/story/best-usb-car-chargers/ already exists.
2026-08-23 04:14:25,422 - INFO - [Wired] Early skip: URL https://www.wired.com/story/a-maga-countys-top-election-official-wants-to-hire-election-denial-superstar-tina-peters/ already exists.
2026-08-23 04:14:25,423 - INFO - [Wired] Early skip: URL https://www.wired.com/story/myplots-jack-schwartz-zane-harwin-teen-parties-after-prom/ already exists.
2026-08-23 04:14:25,424 - INFO - [Wired] Early skip: URL https://www.wired.com/story/salmonella-is-everywhere/ already exists.
2026-08-23 04:14:25,427 - INFO - [Wired] Article: https://www.wired.com/story/peacock-promo-code/
2026-08-23 04:14:25,427 - INFO - [Wired] Attempt 1/2: Trying with 'requests_browser' strategy...
2026-08-23 04:14:25,594 - ERROR - parsed tree length: 1, wrong data type or not valid HTML
2026-08-23 04:14:25,594 - ERROR - empty HTML tree: None
2026-08-23 04:14:25,594 - WARNING - discarding data: None
2026-08-23 04:14:25,594 - WARNING - [Wired] FAILED with 'requests_browser' (content was too short: 0 words).
2026-08-23 04:14:26,452 - INFO - [Economic Times] Page content loaded.
2026-08-23 04:14:26,553 - INFO - [Wired] Article: https://www.wired.com/story/peacock-promo-code/
2026-08-23 04:14:26,553 - INFO - [Wired] Attempt 2/2: Trying with 'selenium_browser' strategy...
2026-08-23 04:14:26,673 - INFO - [Economic Times] Success with 'selenium_browser'. Found content (411 words).
2026-08-23 04:14:29,563 - INFO - [Wired] Page content loaded.
2026-08-23 04:14:29,567 - ERROR - Error saving article Traders bet on calendar spread as Nifty moves in a tight range - The Economic Times: Hrana: `stream error: `Error { message: "SQLite error: UNIQUE constraint failed: articles.url", code: "SQLITE_CONSTRAINT" }``
2026-08-23 04:14:29,896 - INFO - [Wired] Success with 'selenium_browser'. Found content (1733 words).
2026-08-23 04:14:31,376 - INFO - [Economic Times] Article: https://economictimes.indiatimes.com/nifty-may-find-support-at-5300-level/articleshow/6296017.cms
2026-08-23 04:14:32,717 - INFO - [Economic Times] Attempt 1/2: Trying with 'requests_browser' strategy...
2026-08-23 04:14:32,720 - ERROR - Error saving article Peacock Promo Codes: 40% Off August 2026 | WIRED: Hrana: `stream error: `Error { message: "SQLite error: UNIQUE constraint failed: articles.url", code: "SQLITE_CONSTRAINT" }``
2026-08-23 04:14:33,115 - ERROR - parsed tree length: 1, wrong data type or not valid HTML
2026-08-23 04:14:33,115 - ERROR - empty HTML tree: None
2026-08-23 04:14:33,115 - WARNING - discarding data: None
2026-08-23 04:14:33,115 - WARNING - [Economic Times] FAILED with 'requests_browser' (content was too short: 0 words).
2026-08-23 04:14:33,740 - INFO - [Economic Times] Article: https://economictimes.indiatimes.com/nifty-may-find-support-at-5300-level/articleshow/6296017.cms
2026-08-23 04:14:33,740 - INFO - [Economic Times] Attempt 2/2: Trying with 'selenium_browser' strategy...
2026-08-23 04:14:34,220 - INFO - [Wired] Article: https://www.wired.com/story/turbotax-coupon/
2026-08-23 04:14:34,221 - INFO - [Wired] Attempt 1/2: Trying with 'requests_browser' strategy...
2026-08-23 04:14:34,382 - ERROR - parsed tree length: 1, wrong data type or not valid HTML
2026-08-23 04:14:34,382 - ERROR - empty HTML tree: None
2026-08-23 04:14:34,382 - WARNING - discarding data: None
2026-08-23 04:14:34,383 - WARNING - [Wired] FAILED with 'requests_browser' (content was too short: 0 words).
2026-08-23 04:14:35,373 - INFO - [Wired] Article: https://www.wired.com/story/turbotax-coupon/
2026-08-23 04:14:35,373 - INFO - [Wired] Attempt 2/2: Trying with 'selenium_browser' strategy...
2026-08-23 04:14:38,371 - INFO - [Wired] Page content loaded.
2026-08-23 04:14:39,894 - INFO - [Wired] Success with 'selenium_browser'. Found content (1406 words).
2026-08-23 04:14:43,065 - ERROR - Error saving article TurboTax Full Service Coupons This August | WIRED: Hrana: `stream error: `Error { message: "SQLite error: UNIQUE constraint failed: articles.url", code: "SQLITE_CONSTRAINT" }``
2026-08-23 04:14:43,709 - INFO - [Wired] Article: https://www.wired.com/story/booking-com-promo-code/
2026-08-23 04:14:43,710 - INFO - [Wired] Attempt 1/2: Trying with 'requests_browser' strategy...
2026-08-23 04:14:43,844 - ERROR - parsed tree length: 1, wrong data type or not valid HTML
2026-08-23 04:14:43,845 - ERROR - empty HTML tree: None
2026-08-23 04:14:43,845 - WARNING - discarding data: None
2026-08-23 04:14:43,845 - WARNING - [Wired] FAILED with 'requests_browser' (content was too short: 0 words).
2026-08-23 04:14:43,902 - INFO - [Economic Times] Page content loaded.
2026-08-23 04:14:44,143 - INFO - [Economic Times] Success with 'selenium_browser'. Found content (773 words).
2026-08-23 04:14:45,625 - INFO - [Wired] Article: https://www.wired.com/story/booking-com-promo-code/
2026-08-23 04:14:45,625 - INFO - [Wired] Attempt 2/2: Trying with 'selenium_browser' strategy...
2026-08-23 04:14:46,940 - ERROR - Error saving article Nifty may find support at 5300 level - The Economic Times: Hrana: `stream error: `Error { message: "SQLite error: UNIQUE constraint failed: articles.url", code: "SQLITE_CONSTRAINT" }``
2026-08-23 04:14:47,919 - INFO - [Wired] Page content loaded.
2026-08-23 04:14:48,248 - INFO - [Wired] Success with 'selenium_browser'. Found content (1318 words).
2026-08-23 04:14:48,425 - INFO - [Economic Times] Article: https://economictimes.indiatimes.com/seven-out-of-top-10-asian-small-cap-funds-are-indian/articleshow/6295976.cms
2026-08-23 04:14:48,429 - INFO - [Economic Times] Attempt 1/2: Trying with 'requests_browser' strategy...
2026-08-23 04:14:51,137 - ERROR - Error saving article Booking.com Promo Codes: 20% Off | August 2026 | WIRED: Hrana: `stream error: `Error { message: "SQLite error: UNIQUE constraint failed: articles.url", code: "SQLITE_CONSTRAINT" }``
2026-08-23 04:14:51,183 - INFO - [Economic Times] Success with 'requests_browser'. Found content (690 words).
2026-08-23 04:14:52,664 - INFO - [Wired] Article: https://www.wired.com/story/nike-promo-code/
2026-08-23 04:14:53,101 - INFO - [Wired] Attempt 1/2: Trying with 'requests_browser' strategy...
2026-08-23 04:14:53,974 - ERROR - Error saving article Seven out of top 10 Asian small-cap funds are Indian - The Economic Times: Hrana: `stream error: `Error { message: "SQLite error: UNIQUE constraint failed: articles.url", code: "SQLITE_CONSTRAINT" }``
2026-08-23 04:14:53,988 - ERROR - parsed tree length: 1, wrong data type or not valid HTML
2026-08-23 04:14:53,988 - ERROR - empty HTML tree: None
2026-08-23 04:14:53,988 - WARNING - discarding data: None
2026-08-23 04:14:53,989 - WARNING - [Wired] FAILED with 'requests_browser' (content was too short: 0 words).
2026-08-23 04:14:54,734 - INFO - [Economic Times] Article: https://economictimes.indiatimes.com/inflation-reflects-growth-dynamics-in-india-christopher-wood/articleshow/6274053.cms
2026-08-23 04:14:54,734 - INFO - [Economic Times] Attempt 1/2: Trying with 'requests_browser' strategy...
2026-08-23 04:14:54,786 - INFO - [Wired] Article: https://www.wired.com/story/nike-promo-code/
2026-08-23 04:14:54,786 - INFO - [Wired] Attempt 2/2: Trying with 'selenium_browser' strategy...
2026-08-23 04:14:55,138 - INFO - [Economic Times] Success with 'requests_browser'. Found content (4603 words).
2026-08-23 04:14:57,981 - ERROR - Error saving article Inflation reflects growth dynamics in India: Christopher Wood - The Economic Times: Hrana: `stream error: `Error { message: "SQLite error: UNIQUE constraint failed: articles.url", code: "SQLITE_CONSTRAINT" }``
2026-08-23 04:14:57,989 - INFO - [Wired] Page content loaded.
2026-08-23 04:14:58,335 - INFO - [Wired] Success with 'selenium_browser'. Found content (1115 words).
2026-08-23 04:14:59,789 - INFO - [Economic Times] Article: https://economictimes.indiatimes.com/market-may-trade-in-a-range-but-fiis-seen-sold-on-india/articleshow/6277705.cms
2026-08-23 04:15:00,226 - INFO - [Economic Times] Attempt 1/2: Trying with 'requests_browser' strategy...
2026-08-23 04:15:01,095 - ERROR - Error saving article Nike Promo Codes and Discounts: 30% for August 2026 | WIRED: Hrana: `stream error: `Error { message: "SQLite error: UNIQUE constraint failed: articles.url", code: "SQLITE_CONSTRAINT" }``
2026-08-23 04:15:01,126 - INFO - [Economic Times] Success with 'requests_browser'. Found content (515 words).
2026-08-23 04:15:02,577 - INFO - [Wired] Article: https://www.wired.com/story/chewy-promo-code/
2026-08-23 04:15:03,010 - INFO - [Wired] Attempt 1/2: Trying with 'requests_browser' strategy...
2026-08-23 04:15:03,882 - ERROR - Error saving article Market may trade in a range, but FIIs seen sold on India - The Economic Times: Hrana: `stream error: `Error { message: "SQLite error: UNIQUE constraint failed: articles.url", code: "SQLITE_CONSTRAINT" }``
2026-08-23 04:15:03,896 - ERROR - parsed tree length: 1, wrong data type or not valid HTML
2026-08-23 04:15:03,897 - ERROR - empty HTML tree: None
2026-08-23 04:15:03,897 - WARNING - discarding data: None
2026-08-23 04:15:03,897 - WARNING - [Wired] FAILED with 'requests_browser' (content was too short: 0 words).
2026-08-23 04:15:04,613 - INFO - [Wired] Article: https://www.wired.com/story/chewy-promo-code/
2026-08-23 04:15:04,613 - INFO - [Wired] Attempt 2/2: Trying with 'selenium_browser' strategy...
2026-08-23 04:15:05,220 - INFO - [Economic Times] Article: https://economictimes.indiatimes.com/dont-bank-only-on-price-to-earning-ratio/articleshow/6278228.cms
2026-08-23 04:15:05,221 - INFO - [Economic Times] Attempt 1/2: Trying with 'requests_browser' strategy...
2026-08-23 04:15:05,590 - INFO - [Economic Times] Success with 'requests_browser'. Found content (530 words).
2026-08-23 04:15:08,368 - INFO - [Wired] Page content loaded.
2026-08-23 04:15:08,368 - ERROR - Error saving article 'Don't bank only on price-to-earning ratio' - The Economic Times: Hrana: `stream error: `Error { message: "SQLite error: UNIQUE constraint failed: articles.url", code: "SQLITE_CONSTRAINT" }``
2026-08-23 04:15:08,734 - INFO - [Wired] Success with 'selenium_browser'. Found content (1643 words).
2026-08-23 04:15:10,248 - INFO - [Economic Times] Article: https://economictimes.indiatimes.com/markets/stocks/recos/prabhudas-lilladher-has-a-reduce-rating-on-infosys/articleshow/3798718.cms
2026-08-23 04:15:10,683 - INFO - [Economic Times] Attempt 1/2: Trying with 'requests_browser' strategy...
2026-08-23 04:15:11,579 - ERROR - Error saving article Chewy Promo Codes: $20 Off August 2026 | WIRED: Hrana: `stream error: `Error { message: "SQLite error: UNIQUE constraint failed: articles.url", code: "SQLITE_CONSTRAINT" }``
2026-08-23 04:15:11,621 - INFO - [Economic Times] Success with 'requests_browser'. Found content (342 words).
2026-08-23 04:15:13,077 - INFO - [Wired] Article: https://www.wired.com/story/dell-coupon-code/
2026-08-23 04:15:13,513 - INFO - [Wired] Attempt 1/2: Trying with 'requests_browser' strategy...
2026-08-23 04:15:14,381 - ERROR - Error saving article Prabhudas Lilladher has a ‘reduce’ rating on Infosys - The Economic Times: Hrana: `stream error: `Error { message: "SQLite error: UNIQUE constraint failed: articles.url", code: "SQLITE_CONSTRAINT" }``
2026-08-23 04:15:14,394 - ERROR - parsed tree length: 1, wrong data type or not valid HTML
2026-08-23 04:15:14,394 - ERROR - empty HTML tree: None
2026-08-23 04:15:14,395 - WARNING - discarding data: None
2026-08-23 04:15:14,395 - WARNING - [Wired] FAILED with 'requests_browser' (content was too short: 0 words).
2026-08-23 04:15:14,908 - INFO - [Wired] Article: https://www.wired.com/story/dell-coupon-code/
2026-08-23 04:15:14,908 - INFO - [Wired] Attempt 2/2: Trying with 'selenium_browser' strategy...
2026-08-23 04:15:15,118 - INFO - [Economic Times] Article: https://economictimes.indiatimes.com/markets/stocks/recos/fin-crisis-too-late-and-too-little-done-in-us/articleshow/3794549.cms
2026-08-23 04:15:15,118 - INFO - [Economic Times] Attempt 1/2: Trying with 'requests_browser' strategy...
2026-08-23 04:15:15,570 - INFO - [Economic Times] Success with 'requests_browser'. Found content (535 words).
2026-08-23 04:15:18,368 - INFO - [Wired] Page content loaded.
2026-08-23 04:15:18,368 - ERROR - Error saving article Fin Crisis: Too late and too little done in US - The Economic Times: Hrana: `stream error: `Error { message: "SQLite error: UNIQUE constraint failed: articles.url", code: "SQLITE_CONSTRAINT" }``
2026-08-23 04:15:18,807 - INFO - [Wired] Success with 'selenium_browser'. Found content (1705 words).
2026-08-23 04:15:20,303 - INFO - [Economic Times] Article: https://economictimes.indiatimes.com/markets/forex/weak-rupee-takes-its-toll-on-cos-with-huge-foreign-debt/articleshow/3546158.cms
2026-08-23 04:15:20,739 - INFO - [Economic Times] Attempt 1/2: Trying with 'requests_browser' strategy...
2026-08-23 04:15:21,609 - ERROR - Error saving article Dell Coupon Codes: 20% Off for August 2026 | WIRED: Hrana: `stream error: `Error { message: "SQLite error: UNIQUE constraint failed: articles.url", code: "SQLITE_CONSTRAINT" }``
2026-08-23 04:15:21,648 - INFO - [Economic Times] Success with 'requests_browser'. Found content (565 words).
2026-08-23 04:15:23,407 - INFO - [Wired] Article: https://www.wired.com/story/hr-block-coupon/
2026-08-23 04:15:23,843 - INFO - [Wired] Attempt 1/2: Trying with 'requests_browser' strategy...
2026-08-23 04:15:24,717 - ERROR - Error saving article Weak rupee takes its toll on cos with huge foreign debt - The Economic Times: Hrana: `stream error: `Error { message: "SQLite error: UNIQUE constraint failed: articles.url", code: "SQLITE_CONSTRAINT" }``
2026-08-23 04:15:24,730 - ERROR - parsed tree length: 1, wrong data type or not valid HTML
2026-08-23 04:15:24,730 - ERROR - empty HTML tree: None
2026-08-23 04:15:24,730 - WARNING - discarding data: None
2026-08-23 04:15:24,730 - WARNING - [Wired] FAILED with 'requests_browser' (content was too short: 0 words).
2026-08-23 04:15:25,340 - INFO - [Wired] Article: https://www.wired.com/story/hr-block-coupon/
2026-08-23 04:15:25,340 - INFO - [Wired] Attempt 2/2: Trying with 'selenium_browser' strategy...
2026-08-23 04:15:26,010 - INFO - [Economic Times] Article: https://economictimes.indiatimes.com/markets/stocks/recos/wait-for-more-signals-before-turning-positive/articleshow/3292640.cms
2026-08-23 04:15:26,010 - INFO - [Economic Times] Attempt 1/2: Trying with 'requests_browser' strategy...
2026-08-23 04:15:26,393 - INFO - [Economic Times] Success with 'requests_browser'. Found content (475 words).
2026-08-23 04:15:26,458 - INFO - [Wired] Page content loaded.
2026-08-23 04:15:29,199 - ERROR - Error saving article Wait for more signals before turning positive - The Economic Times: Hrana: `stream error: `Error { message: "SQLite error: UNIQUE constraint failed: articles.url", code: "SQLITE_CONSTRAINT" }``
2026-08-23 04:15:29,248 - INFO - [Wired] Success with 'selenium_browser'. Found content (612 words).
2026-08-23 04:15:30,676 - INFO - [Economic Times] Article: https://economictimes.indiatimes.com/news/company/corporate-trends/six-indian-cos-among-businessweeks-top-100-infotech-firms/articleshow/3189334.cms
2026-08-23 04:15:31,109 - INFO - [Economic Times] Attempt 1/2: Trying with 'requests_browser' strategy...
2026-08-23 04:15:32,020 - ERROR - Error saving article H&R Block Coupon: 25% Off DIY + Tax Pro Assist | WIRED: Hrana: `stream error: `Error { message: "SQLite error: UNIQUE constraint failed: articles.url", code: "SQLITE_CONSTRAINT" }``
2026-08-23 04:15:32,049 - INFO - [Economic Times] Success with 'requests_browser'. Found content (370 words).
2026-08-23 04:15:33,477 - INFO - [Wired] Article: https://www.wired.com/story/t-mobile-business-promo-code/
2026-08-23 04:15:33,910 - INFO - [Wired] Attempt 1/2: Trying with 'requests_browser' strategy...
2026-08-23 04:15:34,781 - ERROR - Error saving article Six Indian cos among BusinessWeek's top 100 Infotech firms - The Economic Times: Hrana: `stream error: `Error { message: "SQLite error: UNIQUE constraint failed: articles.url", code: "SQLITE_CONSTRAINT" }``
2026-08-23 04:15:34,797 - ERROR - parsed tree length: 1, wrong data type or not valid HTML
2026-08-23 04:15:34,797 - ERROR - empty HTML tree: None
2026-08-23 04:15:34,797 - WARNING - discarding data: None
2026-08-23 04:15:34,797 - WARNING - [Wired] FAILED with 'requests_browser' (content was too short: 0 words).
2026-08-23 04:15:35,357 - INFO - [Economic Times] Article: https://economictimes.indiatimes.com/news/company/corporate-trends/indian-firms-slip-in-global-ranking-four-move-out-of-top-500/articleshow/3177077.cms
2026-08-23 04:15:35,357 - INFO - [Economic Times] Attempt 1/2: Trying with 'requests_browser' strategy...
2026-08-23 04:15:35,778 - INFO - [Wired] Article: https://www.wired.com/story/t-mobile-business-promo-code/
2026-08-23 04:15:35,778 - INFO - [Wired] Attempt 2/2: Trying with 'selenium_browser' strategy...
2026-08-23 04:15:35,846 - INFO - [Economic Times] Success with 'requests_browser'. Found content (1044 words).
2026-08-23 04:15:38,628 - INFO - [Wired] Page content loaded.
2026-08-23 04:15:38,629 - ERROR - Error saving article Indian firms slip in global ranking; four move out of Top-500 - The Economic Times: Hrana: `stream error: `Error { message: "SQLite error: UNIQUE constraint failed: articles.url", code: "SQLITE_CONSTRAINT" }``
2026-08-23 04:15:38,903 - INFO - [Wired] Success with 'selenium_browser'. Found content (1078 words).
2026-08-23 04:15:40,353 - INFO - [Economic Times] Article: https://economictimes.indiatimes.com/markets/stocks/news/big-daddy-laps-up-cipla-after-q1-nos-beat-forecast/articleshow/6308646.cms
2026-08-23 04:15:40,353 - INFO - [Economic Times] Attempt 1/2: Trying with 'requests_browser' strategy...
2026-08-23 04:15:41,695 - ERROR - Error saving article T-Mobile Promo Codes: 25% Off | August 2026 | WIRED: Hrana: `stream error: `Error { message: "SQLite error: UNIQUE constraint failed: articles.url", code: "SQLITE_CONSTRAINT" }``
2026-08-23 04:15:41,814 - INFO - [Economic Times] Success with 'requests_browser'. Found content (166 words).
2026-08-23 04:15:43,267 - INFO - [Wired] Article: https://www.wired.com/story/ebay-coupon-code/
2026-08-23 04:15:43,708 - INFO - [Wired] Attempt 1/2: Trying with 'requests_browser' strategy...
2026-08-23 04:15:44,579 - ERROR - Error saving article 'Big Daddy' laps up Cipla after Q1 nos beat forecast - The Economic Times: Hrana: `stream error: `Error { message: "SQLite error: UNIQUE constraint failed: articles.url", code: "SQLITE_CONSTRAINT" }``
2026-08-23 04:15:44,735 - ERROR - parsed tree length: 1, wrong data type or not valid HTML
2026-08-23 04:15:44,735 - ERROR - empty HTML tree: None
2026-08-23 04:15:44,735 - WARNING - discarding data: None
2026-08-23 04:15:44,735 - WARNING - [Wired] FAILED with 'requests_browser' (content was too short: 0 words).
2026-08-23 04:15:45,421 - INFO - [Wired] Article: https://www.wired.com/story/ebay-coupon-code/
2026-08-23 04:15:45,421 - INFO - [Wired] Attempt 2/2: Trying with 'selenium_browser' strategy...
2026-08-23 04:15:45,526 - INFO - [Economic Times] Article: https://economictimes.indiatimes.com/markets/stocks/news/old-fox-has-dream-run-on-dalal-street/articleshow/6308631.cms
2026-08-23 04:15:45,526 - INFO - [Economic Times] Attempt 1/2: Trying with 'requests_browser' strategy...
2026-08-23 04:15:45,950 - INFO - [Economic Times] Success with 'requests_browser'. Found content (239 words).
2026-08-23 04:15:48,821 - INFO - [Wired] Page content loaded.
2026-08-23 04:15:48,821 - ERROR - Error saving article Old Fox has dream run on Dalal Street - The Economic Times: Hrana: `stream error: `Error { message: "SQLite error: UNIQUE constraint failed: articles.url", code: "SQLITE_CONSTRAINT" }``
2026-08-23 04:15:49,073 - INFO - [Wired] Success with 'selenium_browser'. Found content (1027 words).
2026-08-23 04:15:50,494 - INFO - [Economic Times] Article: https://economictimes.indiatimes.com/markets/stocks/news/cairn-india-hits-record-high-on-bse-amid-stake-sale-talks/articleshow/6306679.cms
2026-08-23 04:15:50,926 - INFO - [Economic Times] Attempt 1/2: Trying with 'requests_browser' strategy...
2026-08-23 04:15:51,821 - ERROR - Error saving article eBay Coupons: 20% Off in August 2026 | WIRED: Hrana: `stream error: `Error { message: "SQLite error: UNIQUE constraint failed: articles.url", code: "SQLITE_CONSTRAINT" }``
2026-08-23 04:15:51,864 - INFO - [Economic Times] Success with 'requests_browser'. Found content (446 words).
2026-08-23 04:15:53,340 - INFO - [Wired] Article: https://www.wired.com/story/samsung-promo-codes/
2026-08-23 04:15:53,340 - INFO - [Wired] Attempt 1/2: Trying with 'requests_browser' strategy...
2026-08-23 04:15:54,669 - ERROR - Error saving article Cairn India hits record high on BSE amid stake sale talks - The Economic Times: Hrana: `stream error: `Error { message: "SQLite error: UNIQUE constraint failed: articles.url", code: "SQLITE_CONSTRAINT" }``
2026-08-23 04:15:54,684 - ERROR - parsed tree length: 1, wrong data type or not valid HTML
2026-08-23 04:15:54,684 - ERROR - empty HTML tree: None
2026-08-23 04:15:54,684 - WARNING - discarding data: None
2026-08-23 04:15:54,684 - WARNING - [Wired] FAILED with 'requests_browser' (content was too short: 0 words).
2026-08-23 04:15:55,299 - INFO - [Economic Times] Article: https://economictimes.indiatimes.com/markets/stocks/news/vedanta-plunges-5-59-per-cent-on-lse-amid-talks-to-buy-cairn-stake/articleshow/6306526.cms
2026-08-23 04:15:55,299 - INFO - [Economic Times] Attempt 1/2: Trying with 'requests_browser' strategy...
2026-08-23 04:15:55,402 - INFO - [Wired] Article: https://www.wired.com/story/samsung-promo-codes/
2026-08-23 04:15:55,402 - INFO - [Wired] Attempt 2/2: Trying with 'selenium_browser' strategy...
2026-08-23 04:15:55,808 - INFO - [Economic Times] Success with 'requests_browser'. Found content (480 words).
2026-08-23 04:15:58,686 - INFO - [Wired] Page content loaded.
2026-08-23 04:15:58,686 - ERROR - Error saving article Cairn: Vedanta plunges 5.59 per cent on LSE amid talks to buy Cairn stake - The Economic Times: Hrana: `stream error: `Error { message: "SQLite error: UNIQUE constraint failed: articles.url", code: "SQLITE_CONSTRAINT" }``
2026-08-23 04:15:59,107 - INFO - [Wired] Success with 'selenium_browser'. Found content (1662 words).
2026-08-23 04:16:00,602 - INFO - [Economic Times] Article: https://economictimes.indiatimes.com/markets/stocks/news/sbi-shares-on-gaining-spree-hit-record-high/articleshow/6306241.cms
2026-08-23 04:16:01,035 - INFO - [Economic Times] Attempt 1/2: Trying with 'requests_browser' strategy...
2026-08-23 04:16:01,937 - ERROR - Error saving article 20% Off Samsung Promo Code | August 2026 | WIRED: Hrana: `stream error: `Error { message: "SQLite error: UNIQUE constraint failed: articles.url", code: "SQLITE_CONSTRAINT" }``
2026-08-23 04:16:01,978 - INFO - [Economic Times] Success with 'requests_browser'. Found content (166 words).
2026-08-23 04:16:03,438 - INFO - [Wired] (Thread) Finished. Attempting to shut down its Selenium driver.
2026-08-23 04:16:04,777 - ERROR - Error saving article SBI shares on gaining spree; hit record high - The Economic Times: Hrana: `stream error: `Error { message: "SQLite error: UNIQUE constraint failed: articles.url", code: "SQLITE_CONSTRAINT" }``
2026-08-23 04:16:04,779 - INFO - [Wired] (Thread) driver.quit() successful.
2026-08-23 04:16:05,715 - INFO - [Economic Times] Article: https://economictimes.indiatimes.com/fm-must-rethink/articleshow/5645094.cms
2026-08-23 04:16:05,715 - INFO - [Economic Times] Attempt 1/2: Trying with 'requests_browser' strategy...
2026-08-23 04:16:06,009 - INFO - [Economic Times] Success with 'requests_browser'. Found content (165 words).
2026-08-23 04:16:08,774 - ERROR - Error saving article FM must rethink - The Economic Times: Hrana: `stream error: `Error { message: "SQLite error: UNIQUE constraint failed: articles.url", code: "SQLITE_CONSTRAINT" }``
2026-08-23 04:16:09,989 - INFO - [Economic Times] Article: https://economictimes.indiatimes.com/amalgamate-banks/articleshow/5645086.cms
2026-08-23 04:16:09,989 - INFO - [Economic Times] Attempt 1/2: Trying with 'requests_browser' strategy...
2026-08-23 04:16:10,629 - INFO - [Economic Times] Success with 'requests_browser'. Found content (270 words).
2026-08-23 04:16:13,377 - ERROR - Error saving article Amalgamate banks - The Economic Times: Hrana: `stream error: `Error { message: "SQLite error: UNIQUE constraint failed: articles.url", code: "SQLITE_CONSTRAINT" }``
2026-08-23 04:16:14,055 - INFO - [Economic Times] Article: https://economictimes.indiatimes.com/managing-data/articleshow/5117958.cms
2026-08-23 04:16:14,056 - INFO - [Economic Times] Attempt 1/2: Trying with 'requests_browser' strategy...
2026-08-23 04:16:14,437 - INFO - [Economic Times] Success with 'requests_browser'. Found content (146 words).
2026-08-23 04:16:17,137 - ERROR - Error saving article Managing data - The Economic Times: Hrana: `stream error: `Error { message: "SQLite error: UNIQUE constraint failed: articles.url", code: "SQLITE_CONSTRAINT" }``
2026-08-23 04:16:18,085 - INFO - [Economic Times] Article: https://economictimes.indiatimes.com/right-technology/articleshow/5117957.cms
2026-08-23 04:16:18,085 - INFO - [Economic Times] Attempt 1/2: Trying with 'requests_browser' strategy...
2026-08-23 04:16:18,412 - INFO - [Economic Times] Success with 'requests_browser'. Found content (141 words).
2026-08-23 04:16:21,118 - ERROR - Error saving article Right technology - The Economic Times: Hrana: `stream error: `Error { message: "SQLite error: UNIQUE constraint failed: articles.url", code: "SQLITE_CONSTRAINT" }``
2026-08-23 04:16:22,444 - INFO - [Economic Times] Article: https://economictimes.indiatimes.com/et-search/articleshow/21646857.cms
2026-08-23 04:16:22,444 - INFO - [Economic Times] Attempt 1/2: Trying with 'requests_browser' strategy...
2026-08-23 04:16:22,776 - INFO - [Economic Times] Success with 'requests_browser'. Found content (99 words).
2026-08-23 04:16:25,479 - ERROR - Error saving article ET Search - The Economic Times: Hrana: `stream error: `Error { message: "SQLite error: UNIQUE constraint failed: articles.url", code: "SQLITE_CONSTRAINT" }``
2026-08-23 04:16:26,171 - INFO - [Economic Times] Article: https://economictimes.indiatimes.com/after-the-oscars-whats-next-for-silent-stars-of-the-artist/articleshow/12075465.cms
2026-08-23 04:16:26,172 - INFO - [Economic Times] Attempt 1/2: Trying with 'requests_browser' strategy...
2026-08-23 04:16:26,531 - INFO - [Economic Times] Success with 'requests_browser'. Found content (726 words).
2026-08-23 04:16:29,291 - ERROR - Error saving article After the Oscars, what's next for silent stars of The Artist? - The Economic Times: Hrana: `stream error: `Error { message: "SQLite error: UNIQUE constraint failed: articles.url", code: "SQLITE_CONSTRAINT" }``
2026-08-23 04:16:30,230 - INFO - [Economic Times] Article: https://economictimes.indiatimes.com/delhi-world-book-fair-a-fair-like-no-other/articleshow/12028630.cms
2026-08-23 04:16:30,230 - INFO - [Economic Times] Attempt 1/2: Trying with 'requests_browser' strategy...
2026-08-23 04:16:30,535 - INFO - [Economic Times] Success with 'requests_browser'. Found content (1938 words).
2026-08-23 04:16:33,299 - ERROR - Error saving article Delhi World Book fair: A fair like no other - The Economic Times: Hrana: `stream error: `Error { message: "SQLite error: UNIQUE constraint failed: articles.url", code: "SQLITE_CONSTRAINT" }``
2026-08-23 04:16:34,145 - INFO - [Economic Times] Article: https://economictimes.indiatimes.com/lk-advanis-gift-makes-its-way-to-state-department-exhibition-hall/articleshow/12017534.cms
2026-08-23 04:16:34,145 - INFO - [Economic Times] Attempt 1/2: Trying with 'requests_browser' strategy...
2026-08-23 04:16:34,450 - INFO - [Economic Times] Success with 'requests_browser'. Found content (519 words).
2026-08-23 04:16:37,205 - ERROR - Error saving article LK Advani's 'gift' makes its way to State Department exhibition hall - The Economic Times: Hrana: `stream error: `Error { message: "SQLite error: UNIQUE constraint failed: articles.url", code: "SQLITE_CONSTRAINT" }``
2026-08-23 04:16:38,267 - INFO - [Economic Times] Article: https://economictimes.indiatimes.com/india-meteorological-department-to-use-dynamic-models-for-forecasts/articleshow/11983844.cms
2026-08-23 04:16:38,267 - INFO - [Economic Times] Attempt 1/2: Trying with 'requests_browser' strategy...
2026-08-23 04:16:38,666 - INFO - [Economic Times] Success with 'requests_browser'. Found content (214 words).
2026-08-23 04:16:41,404 - ERROR - Error saving article India Meteorological Department to use dynamic models for forecasts - The Economic Times: Hrana: `stream error: `Error { message: "SQLite error: UNIQUE constraint failed: articles.url", code: "SQLITE_CONSTRAINT" }``
2026-08-23 04:16:42,892 - INFO - [Economic Times] Article: https://economictimes.indiatimes.com/documents-reveal-contents-of-the-first-telegraph-message-between-india-england/articleshow/11976488.cms
2026-08-23 04:16:42,892 - INFO - [Economic Times] Attempt 1/2: Trying with 'requests_browser' strategy...
2026-08-23 04:16:43,196 - ERROR - parsed tree length: 1, wrong data type or not valid HTML
2026-08-23 04:16:43,196 - ERROR - empty HTML tree: None
2026-08-23 04:16:43,196 - WARNING - discarding data: None
2026-08-23 04:16:43,196 - WARNING - [Economic Times] FAILED with 'requests_browser' (content was too short: 0 words).
2026-08-23 04:16:43,708 - INFO - [Economic Times] Article: https://economictimes.indiatimes.com/documents-reveal-contents-of-the-first-telegraph-message-between-india-england/articleshow/11976488.cms
2026-08-23 04:16:43,708 - INFO - [Economic Times] Attempt 2/2: Trying with 'selenium_browser' strategy...
2026-08-23 04:16:45,369 - INFO - [Economic Times] Page content loaded.
2026-08-23 04:16:45,499 - INFO - [Economic Times] Success with 'selenium_browser'. Found content (1449 words).
2026-08-23 04:16:48,327 - ERROR - Error saving article Documents reveal contents of the first telegraph message between India & England - The Economic Times: Hrana: `stream error: `Error { message: "SQLite error: UNIQUE constraint failed: articles.url", code: "SQLITE_CONSTRAINT" }``
2026-08-23 04:16:49,348 - INFO - [Economic Times] Article: https://economictimes.indiatimes.com/worried-amitabh-bachchan-fans-pray-to-lord-shiva-for-his-recovery/articleshow/11963187.cms
2026-08-23 04:16:49,348 - INFO - [Economic Times] Attempt 1/2: Trying with 'requests_browser' strategy...
2026-08-23 04:16:49,702 - ERROR - parsed tree length: 1, wrong data type or not valid HTML
2026-08-23 04:16:49,702 - ERROR - empty HTML tree: None
2026-08-23 04:16:49,702 - WARNING - discarding data: None
2026-08-23 04:16:49,702 - WARNING - [Economic Times] FAILED with 'requests_browser' (content was too short: 0 words).
2026-08-23 04:16:50,532 - INFO - [Economic Times] Article: https://economictimes.indiatimes.com/worried-amitabh-bachchan-fans-pray-to-lord-shiva-for-his-recovery/articleshow/11963187.cms
2026-08-23 04:16:50,533 - INFO - [Economic Times] Attempt 2/2: Trying with 'selenium_browser' strategy...
2026-08-23 04:16:53,070 - INFO - [Economic Times] Page content loaded.
2026-08-23 04:16:53,207 - INFO - [Economic Times] Success with 'selenium_browser'. Found content (453 words).
2026-08-23 04:16:56,000 - ERROR - Error saving article Worried Amitabh Bachchan fans pray to Lord Shiva for his recovery - The Economic Times: Hrana: `stream error: `Error { message: "SQLite error: UNIQUE constraint failed: articles.url", code: "SQLITE_CONSTRAINT" }``
2026-08-23 04:16:56,677 - INFO - [Economic Times] Article: https://economictimes.indiatimes.com/opinion/interviews/every-decision-of-government-neednt-be-a-big-reform-anand-mahindra/articleshow/35919571.cms
2026-08-23 04:16:56,677 - INFO - [Economic Times] Attempt 1/2: Trying with 'requests_browser' strategy...
2026-08-23 04:16:56,983 - ERROR - parsed tree length: 1, wrong data type or not valid HTML
2026-08-23 04:16:56,983 - ERROR - empty HTML tree: None
2026-08-23 04:16:56,983 - WARNING - discarding data: None
2026-08-23 04:16:56,983 - WARNING - [Economic Times] FAILED with 'requests_browser' (content was too short: 0 words).
2026-08-23 04:16:57,627 - INFO - [Economic Times] Article: https://economictimes.indiatimes.com/opinion/interviews/every-decision-of-government-neednt-be-a-big-reform-anand-mahindra/articleshow/35919571.cms
2026-08-23 04:16:57,627 - INFO - [Economic Times] Attempt 2/2: Trying with 'selenium_browser' strategy...
2026-08-23 04:16:59,764 - INFO - [Economic Times] Page content loaded.
2026-08-23 04:17:00,177 - INFO - [Economic Times] Success with 'selenium_browser'. Found content (2167 words).
2026-08-23 04:17:02,983 - ERROR - Error saving article Every decision of government needn’t be a big reform: Anand Mahindra - The Economic Times: Hrana: `stream error: `Error { message: "SQLite error: UNIQUE constraint failed: articles.url", code: "SQLITE_CONSTRAINT" }``
2026-08-23 04:17:03,492 - INFO - [Economic Times] Article: https://economictimes.indiatimes.com/opinion/interviews/narendra-modi-has-his-eyes-set-on-boosting-business-joao-cravinho-eu-ambassador/articleshow/35973824.cms
2026-08-23 04:17:03,492 - INFO - [Economic Times] Attempt 1/2: Trying with 'requests_browser' strategy...
2026-08-23 04:17:03,786 - ERROR - parsed tree length: 1, wrong data type or not valid HTML
2026-08-23 04:17:03,787 - ERROR - empty HTML tree: None
2026-08-23 04:17:03,787 - WARNING - discarding data: None
2026-08-23 04:17:03,787 - WARNING - [Economic Times] FAILED with 'requests_browser' (content was too short: 0 words).
2026-08-23 04:17:04,683 - INFO - [Economic Times] Article: https://economictimes.indiatimes.com/opinion/interviews/narendra-modi-has-his-eyes-set-on-boosting-business-joao-cravinho-eu-ambassador/articleshow/35973824.cms
2026-08-23 04:17:04,683 - INFO - [Economic Times] Attempt 2/2: Trying with 'selenium_browser' strategy...
2026-08-23 04:17:06,121 - INFO - [Economic Times] Page content loaded.
2026-08-23 04:17:06,359 - INFO - [Economic Times] Success with 'selenium_browser'. Found content (898 words).
2026-08-23 04:17:09,130 - ERROR - Error saving article Narendra Modi has his eyes set on boosting business: Joao Cravinho, EU Ambassador - The Economic Times: Hrana: `stream error: `Error { message: "SQLite error: UNIQUE constraint failed: articles.url", code: "SQLITE_CONSTRAINT" }``
2026-08-23 04:17:09,954 - INFO - [Economic Times] Article: https://economictimes.indiatimes.com/opinion/interviews/confidence-level-of-industry-improving-kv-kamath-icici-bank/articleshow/35945669.cms
2026-08-23 04:17:09,954 - INFO - [Economic Times] Attempt 1/2: Trying with 'requests_browser' strategy...
2026-08-23 04:17:10,350 - ERROR - parsed tree length: 1, wrong data type or not valid HTML
2026-08-23 04:17:10,351 - ERROR - empty HTML tree: None
2026-08-23 04:17:10,351 - WARNING - discarding data: None
2026-08-23 04:17:10,351 - WARNING - [Economic Times] FAILED with 'requests_browser' (content was too short: 0 words).
2026-08-23 04:17:11,097 - INFO - [Economic Times] Article: https://economictimes.indiatimes.com/opinion/interviews/confidence-level-of-industry-improving-kv-kamath-icici-bank/articleshow/35945669.cms
2026-08-23 04:17:11,097 - INFO - [Economic Times] Attempt 2/2: Trying with 'selenium_browser' strategy...
2026-08-23 04:17:12,567 - INFO - [Economic Times] Page content loaded.
2026-08-23 04:17:12,778 - INFO - [Economic Times] Success with 'selenium_browser'. Found content (1746 words).
2026-08-23 04:17:15,662 - ERROR - Error saving article Confidence level of industry improving: KV Kamath, ICICI Bank - The Economic Times: Hrana: `stream error: `Error { message: "SQLite error: UNIQUE constraint failed: articles.url", code: "SQLITE_CONSTRAINT" }``
2026-08-23 04:17:16,509 - INFO - [Economic Times] Article: https://economictimes.indiatimes.com/opinion/interviews/we-may-see-rapid-growth-over-the-next-few-years-raamdeo-agrawal/articleshow/35831378.cms
2026-08-23 04:17:16,509 - INFO - [Economic Times] Attempt 1/2: Trying with 'requests_browser' strategy...
2026-08-23 04:17:16,957 - ERROR - parsed tree length: 1, wrong data type or not valid HTML
2026-08-23 04:17:16,957 - ERROR - empty HTML tree: None
2026-08-23 04:17:16,957 - WARNING - discarding data: None
2026-08-23 04:17:16,958 - WARNING - [Economic Times] FAILED with 'requests_browser' (content was too short: 0 words).
2026-08-23 04:17:17,849 - INFO - [Economic Times] Article: https://economictimes.indiatimes.com/opinion/interviews/we-may-see-rapid-growth-over-the-next-few-years-raamdeo-agrawal/articleshow/35831378.cms
2026-08-23 04:17:17,849 - INFO - [Economic Times] Attempt 2/2: Trying with 'selenium_browser' strategy...
2026-08-23 04:17:19,236 - INFO - [Economic Times] Page content loaded.
2026-08-23 04:17:19,497 - INFO - [Economic Times] Success with 'selenium_browser'. Found content (1086 words).
2026-08-23 04:17:22,332 - ERROR - Error saving article Raamdeo Agarwal: We may see rapid growth over the next few years: Raamdeo Agrawal - The Economic Times: Hrana: `stream error: `Error { message: "SQLite error: UNIQUE constraint failed: articles.url", code: "SQLITE_CONSTRAINT" }``
2026-08-23 04:17:22,977 - INFO - [Economic Times] Article: https://economictimes.indiatimes.com/opinion/interviews/our-commitment-for-press-freedom-and-autonomy-of-public-broadcast-is-absolute-prakash-javadekar/articleshow/35803396.cms
2026-08-23 04:17:22,977 - INFO - [Economic Times] Attempt 1/2: Trying with 'requests_browser' strategy...
2026-08-23 04:17:23,309 - ERROR - parsed tree length: 1, wrong data type or not valid HTML
2026-08-23 04:17:23,309 - ERROR - empty HTML tree: None
2026-08-23 04:17:23,309 - WARNING - discarding data: None
2026-08-23 04:17:23,309 - WARNING - [Economic Times] FAILED with 'requests_browser' (content was too short: 0 words).
2026-08-23 04:17:24,161 - INFO - [Economic Times] Article: https://economictimes.indiatimes.com/opinion/interviews/our-commitment-for-press-freedom-and-autonomy-of-public-broadcast-is-absolute-prakash-javadekar/articleshow/35803396.cms
2026-08-23 04:17:24,161 - INFO - [Economic Times] Attempt 2/2: Trying with 'selenium_browser' strategy...
2026-08-23 04:17:25,645 - INFO - [Economic Times] Page content loaded.
2026-08-23 04:17:25,897 - INFO - [Economic Times] Success with 'selenium_browser'. Found content (1176 words).
2026-08-23 04:17:28,738 - ERROR - Error saving article Our commitment for press freedom, and autonomy of public broadcast is absolute: Prakash Javadekar - The Economic Times: Hrana: `stream error: `Error { message: "SQLite error: UNIQUE constraint failed: articles.url", code: "SQLITE_CONSTRAINT" }``
2026-08-23 04:17:30,199 - INFO - [Economic Times] Article: https://economictimes.indiatimes.com/opinion/interviews/there-is-a-leadership-vacuum-in-infosys-time-to-get-nandan-nilekani-back-mohandas-pai/articleshow/35716682.cms
2026-08-23 04:17:30,199 - INFO - [Economic Times] Attempt 1/2: Trying with 'requests_browser' strategy...
2026-08-23 04:17:30,616 - ERROR - parsed tree length: 1, wrong data type or not valid HTML
2026-08-23 04:17:30,617 - ERROR - empty HTML tree: None
2026-08-23 04:17:30,617 - WARNING - discarding data: None
2026-08-23 04:17:30,617 - WARNING - [Economic Times] FAILED with 'requests_browser' (content was too short: 0 words).
2026-08-23 04:17:31,276 - INFO - [Economic Times] Article: https://economictimes.indiatimes.com/opinion/interviews/there-is-a-leadership-vacuum-in-infosys-time-to-get-nandan-nilekani-back-mohandas-pai/articleshow/35716682.cms
2026-08-23 04:17:31,276 - INFO - [Economic Times] Attempt 2/2: Trying with 'selenium_browser' strategy...
2026-08-23 04:17:32,534 - INFO - [Economic Times] Page content loaded.
2026-08-23 04:17:32,993 - INFO - [Economic Times] Success with 'selenium_browser'. Found content (1800 words).
2026-08-23 04:17:35,847 - ERROR - Error saving article There is a leadership vacuum in Infosys, time to get Nandan Nilekani back: Mohandas Pai - The Economic Times: Hrana: `stream error: `Error { message: "SQLite error: UNIQUE constraint failed: articles.url", code: "SQLITE_CONSTRAINT" }``
2026-08-23 04:17:36,627 - INFO - [Economic Times] Early skip: URL https://economictimes.indiatimes.com/markets/stocks/news/mcap-of-four-of-top-10-most-valued-firms-jumps-rs-1-43-lakh-cr-state-bank-biggest-winner/articleshow/133062390.cms already exists.
2026-08-23 04:17:36,630 - INFO - [Economic Times] Early skip: URL https://economictimes.indiatimes.com/markets/stocks/news/foreign-investors-continue-buying-spree-pour-rs-12921-cr-in-first-week-of-aug/articleshow/133062370.cms already exists.
2026-08-23 04:17:36,631 - INFO - [Economic Times] Article: https://economictimes.indiatimes.com/markets/stocks/news/bonus-dividends-and-stock-splits-bharti-airtel-hero-motocorp-among-88-stocks-turning-ex-date-this-week-do-you-own-any/articleshow/132491671.cms
2026-08-23 04:17:36,631 - INFO - [Economic Times] Attempt 1/2: Trying with 'requests_browser' strategy...
2026-08-23 04:17:36,959 - ERROR - parsed tree length: 1, wrong data type or not valid HTML
2026-08-23 04:17:36,960 - ERROR - empty HTML tree: None
2026-08-23 04:17:36,960 - WARNING - discarding data: None
2026-08-23 04:17:36,960 - WARNING - [Economic Times] FAILED with 'requests_browser' (content was too short: 0 words).
2026-08-23 04:17:37,815 - INFO - [Economic Times] Article: https://economictimes.indiatimes.com/markets/stocks/news/bonus-dividends-and-stock-splits-bharti-airtel-hero-motocorp-among-88-stocks-turning-ex-date-this-week-do-you-own-any/articleshow/132491671.cms
2026-08-23 04:17:37,815 - INFO - [Economic Times] Attempt 2/2: Trying with 'selenium_browser' strategy...
2026-08-23 04:17:39,398 - INFO - [Economic Times] Page content loaded.
2026-08-23 04:17:39,546 - INFO - [Economic Times] Success with 'selenium_browser'. Found content (1254 words).
2026-08-23 04:17:42,781 - ERROR - Error saving article Bonus, dividends and stock splits: Bharti Airtel, Hero MotoCorp among 88 stocks turning ex-date this week. Do you own any? - The Economic Times: Hrana: `stream error: `Error { message: "SQLite error: UNIQUE constraint failed: articles.url", code: "SQLITE_CONSTRAINT" }``
2026-08-23 04:17:43,842 - INFO - [Economic Times] Article: https://economictimes.indiatimes.com/markets/stocks/news/will-sensex-nifty-extend-gains-on-monday-q1-earnings-global-tech-selloff-among-6-factors-to-steer-d-st-this-week/articleshow/132489722.cms
2026-08-23 04:17:43,842 - INFO - [Economic Times] Attempt 1/2: Trying with 'requests_browser' strategy...
2026-08-23 04:17:44,162 - ERROR - parsed tree length: 1, wrong data type or not valid HTML
2026-08-23 04:17:44,162 - ERROR - empty HTML tree: None
2026-08-23 04:17:44,162 - WARNING - discarding data: None
2026-08-23 04:17:44,162 - WARNING - [Economic Times] FAILED with 'requests_browser' (content was too short: 0 words).
2026-08-23 04:17:44,801 - INFO - [Economic Times] Article: https://economictimes.indiatimes.com/markets/stocks/news/will-sensex-nifty-extend-gains-on-monday-q1-earnings-global-tech-selloff-among-6-factors-to-steer-d-st-this-week/articleshow/132489722.cms
2026-08-23 04:17:44,801 - INFO - [Economic Times] Attempt 2/2: Trying with 'selenium_browser' strategy...
2026-08-23 04:17:47,017 - INFO - [Economic Times] Page content loaded.
2026-08-23 04:17:47,211 - INFO - [Economic Times] Success with 'selenium_browser'. Found content (1080 words).
2026-08-23 04:17:48,771 - CRITICAL - --- TIMEOUT: 1 scrape jobs did not complete in 420s. ---
2026-08-23 04:17:48,772 - ERROR - A thread has timed out and will be abandoned.
2026-08-23 04:17:48,772 - INFO - Shutting down thread pool (wait=False)...
2026-08-23 04:17:48,772 - INFO - Scraped: 8 NDTV, 2 The Hindu, 1 Times of India, 0 BBC, 0 Indian Express, 1 Al Jazeera, 0 TechCrunch, 0 Wired, 1 Timed_Out_Jobs articles. (Total saved: 12)
2026-08-23 04:17:48,772 - INFO - --- Scraping job finished ---
2026-08-23 04:17:48,772 - INFO - --- Scraper service stopped. ---
2026-08-23 04:17:48,772 - INFO - --- Main thread finished. Forcing process exit to kill zombie threads. ---
