2026-08-21 04:41:34,996 - INFO - Loading AI Semantic Model (all-MiniLM-L6-v2)...
2026-08-21 04:41:34,997 - INFO - No device provided, using cpu
2026-08-21 04:41:35,142 - INFO - HTTP Request: GET https://huggingface.co/api/agent-harnesses "HTTP/1.1 200 OK"
2026-08-21 04:41:35,202 - INFO - HTTP Request: HEAD https://huggingface.co/sentence-transformers/all-MiniLM-L6-v2/resolve/main/modules.json "HTTP/1.1 307 Temporary Redirect"
2026-08-21 04:41:35,202 - WARNING - Warning: You are sending unauthenticated requests to the HF Hub. Please set a HF_TOKEN to enable higher rate limits and faster downloads.
2026-08-21 04:41:35,224 - INFO - HTTP Request: HEAD https://huggingface.co/api/resolve-cache/models/sentence-transformers/all-MiniLM-L6-v2/1110a243fdf4706b3f48f1d95db1a4f5529b4d41/modules.json "HTTP/1.1 200 OK"
2026-08-21 04:41:35,305 - INFO - HTTP Request: HEAD https://huggingface.co/sentence-transformers/all-MiniLM-L6-v2/resolve/main/config_sentence_transformers.json "HTTP/1.1 307 Temporary Redirect"
2026-08-21 04:41:35,327 - INFO - HTTP Request: HEAD https://huggingface.co/api/resolve-cache/models/sentence-transformers/all-MiniLM-L6-v2/1110a243fdf4706b3f48f1d95db1a4f5529b4d41/config_sentence_transformers.json "HTTP/1.1 200 OK"
2026-08-21 04:41:35,328 - INFO - Loading SentenceTransformer model from sentence-transformers/all-MiniLM-L6-v2.
2026-08-21 04:41:35,388 - INFO - HTTP Request: HEAD https://huggingface.co/sentence-transformers/all-MiniLM-L6-v2/resolve/main/config_sentence_transformers.json "HTTP/1.1 307 Temporary Redirect"
2026-08-21 04:41:35,411 - INFO - HTTP Request: HEAD https://huggingface.co/api/resolve-cache/models/sentence-transformers/all-MiniLM-L6-v2/1110a243fdf4706b3f48f1d95db1a4f5529b4d41/config_sentence_transformers.json "HTTP/1.1 200 OK"
2026-08-21 04:41:35,472 - INFO - HTTP Request: HEAD https://huggingface.co/sentence-transformers/all-MiniLM-L6-v2/resolve/main/README.md "HTTP/1.1 307 Temporary Redirect"
2026-08-21 04:41:35,493 - INFO - HTTP Request: HEAD https://huggingface.co/api/resolve-cache/models/sentence-transformers/all-MiniLM-L6-v2/1110a243fdf4706b3f48f1d95db1a4f5529b4d41/README.md "HTTP/1.1 200 OK"
2026-08-21 04:41:35,515 - INFO - HTTP Request: GET https://huggingface.co/api/resolve-cache/models/sentence-transformers/all-MiniLM-L6-v2/1110a243fdf4706b3f48f1d95db1a4f5529b4d41/README.md "HTTP/1.1 200 OK"
2026-08-21 04:41:35,576 - INFO - HTTP Request: HEAD https://huggingface.co/sentence-transformers/all-MiniLM-L6-v2/resolve/main/modules.json "HTTP/1.1 307 Temporary Redirect"
2026-08-21 04:41:35,599 - INFO - HTTP Request: HEAD https://huggingface.co/api/resolve-cache/models/sentence-transformers/all-MiniLM-L6-v2/1110a243fdf4706b3f48f1d95db1a4f5529b4d41/modules.json "HTTP/1.1 200 OK"
2026-08-21 04:41:35,661 - INFO - HTTP Request: HEAD https://huggingface.co/sentence-transformers/all-MiniLM-L6-v2/resolve/main/sentence_bert_config.json "HTTP/1.1 307 Temporary Redirect"
2026-08-21 04:41:35,682 - INFO - HTTP Request: HEAD https://huggingface.co/api/resolve-cache/models/sentence-transformers/all-MiniLM-L6-v2/1110a243fdf4706b3f48f1d95db1a4f5529b4d41/sentence_bert_config.json "HTTP/1.1 200 OK"
2026-08-21 04:41:35,747 - INFO - HTTP Request: HEAD https://huggingface.co/sentence-transformers/all-MiniLM-L6-v2/resolve/main/adapter_config.json "HTTP/1.1 404 Not Found"
2026-08-21 04:41:35,811 - INFO - HTTP Request: HEAD https://huggingface.co/sentence-transformers/all-MiniLM-L6-v2/resolve/main/config.json "HTTP/1.1 307 Temporary Redirect"
2026-08-21 04:41:35,834 - INFO - HTTP Request: HEAD https://huggingface.co/api/resolve-cache/models/sentence-transformers/all-MiniLM-L6-v2/1110a243fdf4706b3f48f1d95db1a4f5529b4d41/config.json "HTTP/1.1 200 OK"
2026-08-21 04:41:35,951 - INFO - HTTP Request: HEAD https://huggingface.co/sentence-transformers/all-MiniLM-L6-v2/resolve/main/model.safetensors "HTTP/1.1 302 Found"
2026-08-21 04:41:36,135 - INFO - HTTP Request: HEAD https://huggingface.co/sentence-transformers/all-MiniLM-L6-v2/resolve/main/processor_config.json "HTTP/1.1 404 Not Found"
2026-08-21 04:41:36,200 - INFO - HTTP Request: HEAD https://huggingface.co/sentence-transformers/all-MiniLM-L6-v2/resolve/main/preprocessor_config.json "HTTP/1.1 404 Not Found"
2026-08-21 04:41:36,265 - INFO - HTTP Request: HEAD https://huggingface.co/sentence-transformers/all-MiniLM-L6-v2/resolve/main/video_preprocessor_config.json "HTTP/1.1 404 Not Found"
2026-08-21 04:41:36,329 - INFO - HTTP Request: HEAD https://huggingface.co/sentence-transformers/all-MiniLM-L6-v2/resolve/main/preprocessor_config.json "HTTP/1.1 404 Not Found"
2026-08-21 04:41:36,390 - INFO - HTTP Request: HEAD https://huggingface.co/sentence-transformers/all-MiniLM-L6-v2/resolve/main/tokenizer_config.json "HTTP/1.1 307 Temporary Redirect"
2026-08-21 04:41:36,411 - INFO - HTTP Request: HEAD https://huggingface.co/api/resolve-cache/models/sentence-transformers/all-MiniLM-L6-v2/1110a243fdf4706b3f48f1d95db1a4f5529b4d41/tokenizer_config.json "HTTP/1.1 200 OK"
2026-08-21 04:41:36,474 - INFO - HTTP Request: HEAD https://huggingface.co/sentence-transformers/all-MiniLM-L6-v2/resolve/main/config.json "HTTP/1.1 307 Temporary Redirect"
2026-08-21 04:41:36,495 - INFO - HTTP Request: HEAD https://huggingface.co/api/resolve-cache/models/sentence-transformers/all-MiniLM-L6-v2/1110a243fdf4706b3f48f1d95db1a4f5529b4d41/config.json "HTTP/1.1 200 OK"
2026-08-21 04:41:36,559 - INFO - HTTP Request: HEAD https://huggingface.co/sentence-transformers/all-MiniLM-L6-v2/resolve/main/config.json "HTTP/1.1 307 Temporary Redirect"
2026-08-21 04:41:36,580 - INFO - HTTP Request: HEAD https://huggingface.co/api/resolve-cache/models/sentence-transformers/all-MiniLM-L6-v2/1110a243fdf4706b3f48f1d95db1a4f5529b4d41/config.json "HTTP/1.1 200 OK"
2026-08-21 04:41:36,645 - INFO - HTTP Request: HEAD https://huggingface.co/sentence-transformers/all-MiniLM-L6-v2/resolve/main/tokenizer_config.json "HTTP/1.1 307 Temporary Redirect"
2026-08-21 04:41:36,667 - INFO - HTTP Request: HEAD https://huggingface.co/api/resolve-cache/models/sentence-transformers/all-MiniLM-L6-v2/1110a243fdf4706b3f48f1d95db1a4f5529b4d41/tokenizer_config.json "HTTP/1.1 200 OK"
2026-08-21 04:41:36,730 - INFO - HTTP Request: GET https://huggingface.co/api/models/sentence-transformers/all-MiniLM-L6-v2/tree/main/additional_chat_templates?recursive=false&expand=false "HTTP/1.1 404 Not Found"
2026-08-21 04:41:36,799 - INFO - HTTP Request: GET https://huggingface.co/api/models/sentence-transformers/all-MiniLM-L6-v2/tree/main?recursive=true&expand=false "HTTP/1.1 200 OK"
2026-08-21 04:41:36,860 - INFO - HTTP Request: HEAD https://huggingface.co/sentence-transformers/all-MiniLM-L6-v2/resolve/main/vocab.txt "HTTP/1.1 307 Temporary Redirect"
2026-08-21 04:41:36,881 - INFO - HTTP Request: HEAD https://huggingface.co/api/resolve-cache/models/sentence-transformers/all-MiniLM-L6-v2/1110a243fdf4706b3f48f1d95db1a4f5529b4d41/vocab.txt "HTTP/1.1 200 OK"
2026-08-21 04:41:36,945 - INFO - HTTP Request: HEAD https://huggingface.co/sentence-transformers/all-MiniLM-L6-v2/resolve/main/tokenizer.json "HTTP/1.1 307 Temporary Redirect"
2026-08-21 04:41:36,967 - INFO - HTTP Request: HEAD https://huggingface.co/api/resolve-cache/models/sentence-transformers/all-MiniLM-L6-v2/1110a243fdf4706b3f48f1d95db1a4f5529b4d41/tokenizer.json "HTTP/1.1 200 OK"
2026-08-21 04:41:37,032 - INFO - HTTP Request: HEAD https://huggingface.co/sentence-transformers/all-MiniLM-L6-v2/resolve/main/added_tokens.json "HTTP/1.1 404 Not Found"
2026-08-21 04:41:37,094 - INFO - HTTP Request: HEAD https://huggingface.co/sentence-transformers/all-MiniLM-L6-v2/resolve/main/special_tokens_map.json "HTTP/1.1 307 Temporary Redirect"
2026-08-21 04:41:37,116 - INFO - HTTP Request: HEAD https://huggingface.co/api/resolve-cache/models/sentence-transformers/all-MiniLM-L6-v2/1110a243fdf4706b3f48f1d95db1a4f5529b4d41/special_tokens_map.json "HTTP/1.1 200 OK"
2026-08-21 04:41:37,178 - INFO - HTTP Request: HEAD https://huggingface.co/sentence-transformers/all-MiniLM-L6-v2/resolve/main/chat_template.jinja "HTTP/1.1 404 Not Found"
2026-08-21 04:41:37,274 - INFO - HTTP Request: HEAD https://huggingface.co/sentence-transformers/all-MiniLM-L6-v2/resolve/main/1_Pooling/config.json "HTTP/1.1 307 Temporary Redirect"
2026-08-21 04:41:37,295 - INFO - HTTP Request: HEAD https://huggingface.co/api/resolve-cache/models/sentence-transformers/all-MiniLM-L6-v2/1110a243fdf4706b3f48f1d95db1a4f5529b4d41/1_Pooling%2Fconfig.json "HTTP/1.1 200 OK"
2026-08-21 04:41:37,359 - INFO - HTTP Request: HEAD https://huggingface.co/sentence-transformers/all-MiniLM-L6-v2/resolve/main/2_Normalize/config.json "HTTP/1.1 404 Not Found"
2026-08-21 04:41:37,424 - INFO - HTTP Request: GET https://huggingface.co/api/models/sentence-transformers/all-MiniLM-L6-v2 "HTTP/1.1 200 OK"
2026-08-21 04:41:37,427 - INFO - AI Model loaded successfully.
2026-08-21 04:41:37,427 - INFO - --- Scraper service started (CI Mode: Run Once) ---
2026-08-21 04:41:37,427 - INFO - --- Starting new scraping job (Parallel Mode) ---
2026-08-21 04:41:37,427 - INFO - Connecting to SQLite database...
2026-08-21 04:41:42,837 - INFO - Pre-calculating embeddings for 426 cached articles...
2026-08-21 04:42:07,679 - INFO - Cache built: 6161 URLs. Current MAX_ID: 109802
2026-08-21 04:42:07,680 - INFO - Creating new robust session with 3 retries on 5xx/connection/read errors.
2026-08-21 04:42:07,680 - INFO - Proxy is DISABLED.
2026-08-21 04:42:07,681 - INFO - [BBC] (Thread) requires Selenium. Initializing driver...
2026-08-21 04:42:07,681 - INFO - [Times of India] (Thread) requires Selenium. Initializing driver...
2026-08-21 04:42:07,681 - INFO - [The Hindu] (Thread) requires Selenium. Initializing driver...
2026-08-21 04:42:07,682 - INFO - [Al Jazeera] (Thread) requires Selenium. Initializing driver...
2026-08-21 04:42:07,682 - INFO - Starting scrape for TechCrunch RSS feed: https://techcrunch.com/feed/
2026-08-21 04:42:07,683 - INFO - [Economic Times] (Thread) requires Selenium. Initializing driver...
2026-08-21 04:42:07,685 - INFO - [Wired] (Thread) requires Selenium. Initializing driver...
2026-08-21 04:42:07,685 - INFO - [NDTV] (Thread) requires Selenium. Initializing driver...
2026-08-21 04:42:07,685 - INFO - [Indian Express] (Thread) requires Selenium. Initializing driver...
2026-08-21 04:42:07,686 - INFO - Submitted 9 jobs to thread pool. Waiting up to 420s for completion...
2026-08-21 04:42:08,768 - INFO - Found 0 articles in TechCrunch RSS feed. Processing until 8 new articles are saved.
2026-08-21 04:42:09,961 - INFO - Selenium driver initialized successfully (Eager load strategy, 7s timeout).
2026-08-21 04:42:09,962 - INFO - Starting scrape for NDTV RSS feed: https://feeds.feedburner.com/ndtvnews-top-stories
2026-08-21 04:42:10,145 - INFO - Selenium driver initialized successfully (Eager load strategy, 7s timeout).
2026-08-21 04:42:10,182 - INFO - Starting scrape for Times of India RSS feed: https://timesofindia.indiatimes.com/rssfeeds/296589292.cms
2026-08-21 04:42:10,342 - INFO - Selenium driver initialized successfully (Eager load strategy, 7s timeout).
2026-08-21 04:42:10,342 - INFO - Starting scrape for BBC RSS feed: http://feeds.bbci.co.uk/news/world/rss.xml
2026-08-21 04:42:10,489 - INFO - Selenium driver initialized successfully (Eager load strategy, 7s timeout).
2026-08-21 04:42:10,489 - INFO - Starting scrape for The Hindu RSS feed: https://www.thehindu.com/news/national/feeder/default.rss
2026-08-21 04:42:10,551 - INFO - Selenium driver initialized successfully (Eager load strategy, 7s timeout).
2026-08-21 04:42:10,551 - INFO - Starting scrape for Indian Express RSS feed: https://indianexpress.com/feed/
2026-08-21 04:42:10,631 - INFO - Selenium driver initialized successfully (Eager load strategy, 7s timeout).
2026-08-21 04:42:10,632 - INFO - Starting scrape for Al Jazeera RSS feed: https://www.aljazeera.com/xml/rss/all.xml
2026-08-21 04:42:10,643 - INFO - Selenium driver initialized successfully (Eager load strategy, 7s timeout).
2026-08-21 04:42:10,643 - INFO - Starting scrape for Wired RSS feed: https://www.wired.com/feed/rss
2026-08-21 04:42:10,725 - INFO - Found 20 articles in Times of India RSS feed. Processing until 20 new articles are saved.
2026-08-21 04:42:10,726 - INFO - [Times of India] Article: https://timesofindia.indiatimes.com/world/us/why-the-us-is-deporting-migrants-to-liberia-instead-of-their-home-countries/articleshow/133392755.cms
2026-08-21 04:42:10,726 - INFO - [Times of India] Attempt 1/1: Trying with 'selenium_browser' strategy...
2026-08-21 04:42:10,927 - INFO - Selenium driver initialized successfully (Eager load strategy, 7s timeout).
2026-08-21 04:42:10,927 - INFO - Starting scrape for Economic Times RSS feed: https://economictimes.indiatimes.com/rssfeedsdefault.cms
2026-08-21 04:42:11,031 - INFO - Found 20 articles in NDTV RSS feed. Processing until 10 new articles are saved.
2026-08-21 04:42:11,076 - INFO - [NDTV] Early skip: URL https://www.ndtv.com/india-news/dont-to-issue-new-sims-to-those-having-9-connections-centre-asks-telcos-11938571#publisher=newsstand already exists.
2026-08-21 04:42:11,091 - INFO - [NDTV] Article: https://www.ndtv.com/world-news/imran-khan-back-in-prison-hours-after-he-was-shifted-to-hospital-11938746#publisher=newsstand
2026-08-21 04:42:11,091 - INFO - [NDTV] Attempt 1/2: Trying with 'requests_browser' strategy...
2026-08-21 04:42:11,119 - INFO - Found 60 articles in The Hindu RSS feed. Processing until 20 new articles are saved.
2026-08-21 04:42:11,120 - INFO - [The Hindu] Article: https://www.thehindu.com/news/national/sibal-asks-shah-if-modi-as-cm-vajpayee-as-pm-sang-full-version-of-vande-mataram/article71372146.ece
2026-08-21 04:42:11,120 - INFO - [The Hindu] Attempt 1/1: Trying with 'selenium_browser' strategy...
2026-08-21 04:42:11,133 - ERROR - Failed to fetch Indian Express RSS feed: 403 Client Error: Forbidden for url: https://indianexpress.com/feed/
2026-08-21 04:42:11,133 - INFO - [Indian Express] (Thread) Finished. Attempting to shut down its Selenium driver.
2026-08-21 04:42:11,155 - INFO - Found 25 articles in Al Jazeera RSS feed. Processing until 8 new articles are saved.
2026-08-21 04:42:11,156 - INFO - [Al Jazeera] Article: https://www.aljazeera.com/news/2026/8/21/hong-kong-tiananmen-activists-found-guilty-of-national-security-charges?traffic_source=rss
2026-08-21 04:42:11,156 - INFO - [Al Jazeera] Attempt 1/2: Trying with 'requests_browser' strategy...
2026-08-21 04:42:11,181 - INFO - Found 30 articles in BBC RSS feed. Processing until 10 new articles are saved.
2026-08-21 04:42:11,184 - INFO - [BBC] Early skip: URL https://www.bbc.co.uk/news/articles/c998evlgz8ko?at_medium=RSS&at_campaign=rss already exists.
2026-08-21 04:42:11,194 - INFO - [BBC] Early skip: URL https://www.bbc.co.uk/news/articles/cre4gdvlj9ro?at_medium=RSS&at_campaign=rss already exists.
2026-08-21 04:42:11,196 - INFO - [BBC] Early skip: URL https://www.bbc.co.uk/weather/articles/c3ekg93vjz9o?at_medium=RSS&at_campaign=rss already exists.
2026-08-21 04:42:11,198 - INFO - [BBC] Early skip: URL https://www.bbc.co.uk/news/articles/c9d8z72nn02o?at_medium=RSS&at_campaign=rss already exists.
2026-08-21 04:42:11,214 - INFO - [BBC] Early skip: URL https://www.bbc.co.uk/news/articles/c1l10mdrld5o?at_medium=RSS&at_campaign=rss already exists.
2026-08-21 04:42:11,216 - INFO - [BBC] Early skip: URL https://www.bbc.co.uk/news/articles/cj4kr59r28ko?at_medium=RSS&at_campaign=rss already exists.
2026-08-21 04:42:11,220 - INFO - [BBC] Early skip: URL https://www.bbc.co.uk/news/articles/cn8n077vxd7o?at_medium=RSS&at_campaign=rss already exists.
2026-08-21 04:42:11,228 - INFO - [BBC] Article: https://www.bbc.co.uk/news/articles/cly8k232mn7o?at_medium=RSS&at_campaign=rss
2026-08-21 04:42:11,228 - INFO - [BBC] Attempt 1/2: Trying with 'requests_browser' strategy...
2026-08-21 04:42:11,234 - INFO - Found 50 articles in Wired RSS feed. Processing until 10 new articles are saved.
2026-08-21 04:42:11,234 - INFO - [Wired] Early skip: URL https://www.wired.com/review/google-pixel-11/ already exists.
2026-08-21 04:42:11,236 - INFO - [Wired] Early skip: URL https://www.wired.com/story/the-galaxys-fastest-star-could-reveal-the-secrets-of-a-supermassive-black-hole/ already exists.
2026-08-21 04:42:11,238 - INFO - [Wired] Early skip: URL https://www.wired.com/story/china-is-strapping-digital-bombs-to-civilian-infrastructure-is-the-us-ready/ already exists.
2026-08-21 04:42:11,239 - INFO - [Wired] Early skip: URL https://www.wired.com/story/silicon-valley-doesnt-get-why-you-hate-ai/ already exists.
2026-08-21 04:42:11,240 - INFO - [Wired] Early skip: URL https://www.wired.com/review/poolease-x1-pool-robot/ already exists.
2026-08-21 04:42:11,241 - INFO - [Wired] Early skip: URL https://www.wired.com/story/bumble-women-first-rule-change/ already exists.
2026-08-21 04:42:11,244 - INFO - [Wired] Early skip: URL https://www.wired.com/story/best-usb-car-chargers/ already exists.
2026-08-21 04:42:11,246 - INFO - [Wired] Early skip: URL https://www.wired.com/story/a-maga-countys-top-election-official-wants-to-hire-election-denial-superstar-tina-peters/ already exists.
2026-08-21 04:42:11,257 - INFO - [Wired] Early skip: URL https://www.wired.com/story/myplots-jack-schwartz-zane-harwin-teen-parties-after-prom/ already exists.
2026-08-21 04:42:11,258 - INFO - [Wired] Early skip: URL https://www.wired.com/story/salmonella-is-everywhere/ already exists.
2026-08-21 04:42:11,260 - INFO - [Wired] Article: https://www.wired.com/story/peacock-promo-code/
2026-08-21 04:42:11,260 - INFO - [Wired] Attempt 1/2: Trying with 'requests_browser' strategy...
2026-08-21 04:42:11,308 - INFO - [Indian Express] (Thread) driver.quit() successful.
2026-08-21 04:42:11,318 - INFO - [Al Jazeera] Success with 'requests_browser'. Found content (592 words).
2026-08-21 04:42:11,337 - ERROR - [NDTV] Request failed for strategy 'requests_browser' on URL https://www.ndtv.com/world-news/imran-khan-back-in-prison-hours-after-he-was-shifted-to-hospital-11938746#publisher=newsstand: 403 Client Error: Forbidden for url: https://www.ndtv.com/world-news/imran-khan-back-in-prison-hours-after-he-was-shifted-to-hospital-11938746#publisher=newsstand
2026-08-21 04:42:11,508 - ERROR - parsed tree length: 1, wrong data type or not valid HTML
2026-08-21 04:42:11,509 - ERROR - empty HTML tree: None
2026-08-21 04:42:11,509 - WARNING - discarding data: None
2026-08-21 04:42:11,509 - WARNING - [Wired] FAILED with 'requests_browser' (content was too short: 0 words).
2026-08-21 04:42:11,596 - INFO - DEDUPLICATION: Found match (Score: 0.86). Linking to Cluster ID: f1e00185-b661-4856-ae07-898bdd30cf7d
2026-08-21 04:42:13,064 - INFO - [Wired] Article: https://www.wired.com/story/peacock-promo-code/
2026-08-21 04:42:13,064 - INFO - [Wired] Attempt 2/2: Trying with 'selenium_browser' strategy...
2026-08-21 04:42:13,071 - INFO - [NDTV] Article: https://www.ndtv.com/world-news/imran-khan-back-in-prison-hours-after-he-was-shifted-to-hospital-11938746#publisher=newsstand
2026-08-21 04:42:13,072 - INFO - [NDTV] Attempt 2/2: Trying with 'selenium_browser' strategy...
2026-08-21 04:42:14,868 - INFO - Found 76 articles in Economic Times RSS feed. Processing until 20 new articles are saved.
2026-08-21 04:42:14,868 - INFO - [Economic Times] Early skip: URL https://economictimes.indiatimes.com/markets/stocks/news/foreign-investors-continue-to-buy-with-financials-top-the-list/articleshow/133389861.cms already exists.
2026-08-21 04:42:14,881 - INFO - >>> SUCCESSFULLY SAVED [ID: 109803] - Hong Kong Tiananmen activists found guilty of national security charges | Hong Kong Protests News | Al Jazeera from Al Jazeera (592 words)
2026-08-21 04:42:14,881 - INFO - [Economic Times] Early skip: URL https://economictimes.indiatimes.com/markets/stocks/news/88-retail-investors-lost-money-in-fo-trading-in-fy26-sebi/articleshow/133390440.cms already exists.
2026-08-21 04:42:14,889 - INFO - [Economic Times] Early skip: URL https://economictimes.indiatimes.com/markets/ipos/fpos/can-augmont-enterprises-ipo-deliver-long-term-growth-for-high-risk-investors/articleshow/133390534.cms already exists.
2026-08-21 04:42:14,897 - INFO - [Economic Times] Early skip: URL https://economictimes.indiatimes.com/markets/stocks/news/sebi-eases-fpi-onboarding-with-digital-power-of-attorney/articleshow/133390422.cms already exists.
2026-08-21 04:42:14,913 - INFO - [Economic Times] Early skip: URL https://economictimes.indiatimes.com/markets/us-stocks/news/bond-yields-are-the-elephant-in-the-room-stock-investors-are-ignoring/articleshow/133390377.cms already exists.
2026-08-21 04:42:14,923 - INFO - [Economic Times] Early skip: URL https://economictimes.indiatimes.com/markets/commodities/news/oil-price-today-august-21-crude-oil-nears-95-as-iran-peace-deal-hopes-fade-what-are-experts-saying/articleshow/133391008.cms already exists.
2026-08-21 04:42:14,930 - INFO - [Economic Times] Article: https://economictimes.indiatimes.com/news/economy/policy/rbi-special-windows-seen-big-enough-to-bring-in-100b/articleshow/132813309.cms
2026-08-21 04:42:14,930 - INFO - [Economic Times] Attempt 1/2: Trying with 'requests_browser' strategy...
2026-08-21 04:42:15,014 - INFO - [The Hindu] Page content loaded.
2026-08-21 04:42:15,063 - INFO - [BBC] Success with 'requests_browser'. Found content (259 words).
2026-08-21 04:42:15,554 - INFO - [Al Jazeera] Early skip: URL https://www.aljazeera.com/news/2026/8/21/after-gerd-can-egypt-shape-ethiopias-next-nile-dams?traffic_source=rss already exists.
2026-08-21 04:42:15,574 - INFO - [Al Jazeera] Early skip: URL https://www.aljazeera.com/economy/2026/8/21/brazil-launches-ai-supercomputer-push-while-balancing-us-and-chinese-tech?traffic_source=rss already exists.
2026-08-21 04:42:15,591 - INFO - [Al Jazeera] Early skip: URL https://www.aljazeera.com/news/2026/8/21/panama-canal-to-limit-shipping-ahead-of-extreme-weather-during-el-nino?traffic_source=rss already exists.
2026-08-21 04:42:15,609 - INFO - [Al Jazeera] Early skip: URL https://www.aljazeera.com/news/2026/8/21/antigovernment-protesters-take-to-tunisias-streets-for-second-month?traffic_source=rss already exists.
2026-08-21 04:42:15,618 - INFO - [Al Jazeera] Early skip: URL https://www.aljazeera.com/news/2026/8/21/taliban-release-two-detained-un-staff-members-in-afghanistan?traffic_source=rss already exists.
2026-08-21 04:42:15,630 - INFO - [Al Jazeera] Early skip: URL https://www.aljazeera.com/news/2026/8/21/us-deports-nearly-2300-mexicans-to-guatemala-over-mexicos-objections?traffic_source=rss already exists.
2026-08-21 04:42:15,683 - INFO - [Al Jazeera] Early skip: URL https://www.aljazeera.com/news/liveblog/2026/8/21/iran-war-live-us-vows-toughest-iran-sanctions-urges-china-support?traffic_source=rss already exists.
2026-08-21 04:42:15,717 - INFO - [Al Jazeera] Early skip: URL https://www.aljazeera.com/news/2026/8/20/houthis-and-government-trade-attacks-as-yemen-slides-back-to-full-scale-war?traffic_source=rss already exists.
2026-08-21 04:42:15,732 - INFO - [Al Jazeera] Early skip: URL https://www.aljazeera.com/news/2026/8/20/us-charges-woman-for-allegedly-plotting-attack-on-new-york-state-capitol?traffic_source=rss already exists.
2026-08-21 04:42:15,760 - INFO - [Al Jazeera] Article: https://www.aljazeera.com/video/newsfeed/2026/8/20/the-cost-of-rebuilding-family-homes-in-war-ravaged-syria?traffic_source=rss
2026-08-21 04:42:15,760 - INFO - [Al Jazeera] Attempt 1/2: Trying with 'requests_browser' strategy...
2026-08-21 04:42:16,689 - INFO - [The Hindu] Success with 'selenium_browser'. Found content (262 words).
2026-08-21 04:42:20,463 - INFO - >>> SUCCESSFULLY SAVED [ID: 109804] - Japan executes man who killed five in gaming parlour fire - BBC News from BBC (259 words)
2026-08-21 04:42:21,710 - INFO - [BBC] Early skip: URL https://www.bbc.co.uk/news/articles/c4gj1vje8dxo?at_medium=RSS&at_campaign=rss already exists.
2026-08-21 04:42:21,714 - INFO - [BBC] Early skip: URL https://www.bbc.co.uk/news/articles/c98vzmden5yo?at_medium=RSS&at_campaign=rss already exists.
2026-08-21 04:42:21,724 - INFO - [BBC] Early skip: URL https://www.bbc.co.uk/news/articles/c5y615l2w46o?at_medium=RSS&at_campaign=rss already exists.
2026-08-21 04:42:21,737 - INFO - [BBC] Early skip: URL https://www.bbc.co.uk/news/articles/ckgdr9vr50po?at_medium=RSS&at_campaign=rss already exists.
2026-08-21 04:42:21,749 - INFO - [BBC] Early skip: URL https://www.bbc.co.uk/news/articles/cgq5x9l7054o?at_medium=RSS&at_campaign=rss already exists.
2026-08-21 04:42:21,757 - INFO - [BBC] Early skip: URL https://www.bbc.co.uk/news/articles/cj035jg256no?at_medium=RSS&at_campaign=rss already exists.
2026-08-21 04:42:21,782 - INFO - [BBC] Early skip: URL https://www.bbc.co.uk/news/articles/c4g616gvxr0o?at_medium=RSS&at_campaign=rss already exists.
2026-08-21 04:42:21,785 - INFO - [BBC] Early skip: URL https://www.bbc.co.uk/news/articles/cq6dn9gj7eno?at_medium=RSS&at_campaign=rss already exists.
2026-08-21 04:42:21,798 - INFO - [BBC] Early skip: URL https://www.bbc.co.uk/news/articles/cvgjdy8q766o?at_medium=RSS&at_campaign=rss already exists.
2026-08-21 04:42:21,800 - INFO - [BBC] Early skip: URL https://www.bbc.co.uk/news/articles/cd0x9mjjmgjo?at_medium=RSS&at_campaign=rss already exists.
2026-08-21 04:42:21,816 - INFO - [BBC] Early skip: URL https://www.bbc.co.uk/news/articles/c3r055g23qdo?at_medium=RSS&at_campaign=rss already exists.
2026-08-21 04:42:21,846 - INFO - [BBC] Early skip: URL https://www.bbc.co.uk/news/articles/cj9dkmljmwvo?at_medium=RSS&at_campaign=rss already exists.
2026-08-21 04:42:21,858 - INFO - [BBC] Early skip: URL https://www.bbc.co.uk/news/articles/ckg3j3yn4exo?at_medium=RSS&at_campaign=rss already exists.
2026-08-21 04:42:21,880 - INFO - [BBC] Article: https://www.bbc.co.uk/news/articles/ckg4q8kyxp7o?at_medium=RSS&at_campaign=rss
2026-08-21 04:42:21,880 - INFO - [BBC] Attempt 1/2: Trying with 'requests_browser' strategy...
2026-08-21 04:42:22,447 - WARNING - [Al Jazeera] FAILED with 'requests_browser' (content was too short: 27 words).
2026-08-21 04:42:23,019 - INFO - [NDTV] Page content loaded.
2026-08-21 04:42:23,126 - INFO - [BBC] Success with 'requests_browser'. Found content (1575 words).
2026-08-21 04:42:23,303 - INFO - [Economic Times] Success with 'requests_browser'. Found content (322 words).
2026-08-21 04:42:26,247 - INFO - [Al Jazeera] Article: https://www.aljazeera.com/video/newsfeed/2026/8/20/the-cost-of-rebuilding-family-homes-in-war-ravaged-syria?traffic_source=rss
2026-08-21 04:42:26,247 - INFO - [Al Jazeera] Attempt 2/2: Trying with 'selenium_browser' strategy...
2026-08-21 04:42:26,531 - INFO - >>> SUCCESSFULLY SAVED [ID: 109805] - Sibal asks Shah if Modi as CM, Vajpayee as PM sang full version of Vande Mataram - The Hindu from The Hindu (262 words)
2026-08-21 04:42:26,991 - WARNING - [Times of India] Page get timed out (7s). Proceeding to grab partial source anyway.
2026-08-21 04:42:27,660 - INFO - [The Hindu] Article: https://www.thehindu.com/news/international/indians-aboard-cargo-ship-hijacked-by-pirates-off-somalias-coast/article71372096.ece
2026-08-21 04:42:27,692 - INFO - [The Hindu] Attempt 1/1: Trying with 'selenium_browser' strategy...
2026-08-21 04:42:30,109 - INFO - [Times of India] Page content loaded.
2026-08-21 04:42:31,380 - INFO - >>> SUCCESSFULLY SAVED [ID: 109806] - CJP Abhijeet Dipke: Indian schools in focus as 'cockroach' party starts #SchoolThikKaro campaign - BBC News from BBC (1575 words)
2026-08-21 04:42:34,619 - ERROR - Error saving article RBI special windows seen big enough to bring in $100B - The Economic Times: Hrana: `stream error: `Error { message: "SQLite error: UNIQUE constraint failed: articles.url", code: "SQLITE_CONSTRAINT" }``
2026-08-21 04:42:34,621 - INFO - [BBC] Early skip: URL https://www.bbc.co.uk/news/articles/cj364klz857o?at_medium=RSS&at_campaign=rss already exists.
2026-08-21 04:42:34,623 - INFO - [BBC] Early skip: URL https://www.bbc.co.uk/news/articles/cn9nr195drzo?at_medium=RSS&at_campaign=rss already exists.
2026-08-21 04:42:34,625 - INFO - [BBC] Early skip: URL https://www.bbc.co.uk/news/articles/c80nzdjgmk3o?at_medium=RSS&at_campaign=rss already exists.
2026-08-21 04:42:34,626 - INFO - [BBC] Early skip: URL https://www.bbc.co.uk/news/articles/c5yedy98j7po?at_medium=RSS&at_campaign=rss already exists.
2026-08-21 04:42:34,628 - INFO - [BBC] Early skip: URL https://www.bbc.co.uk/news/videos/c1l10g94yg1o?at_medium=RSS&at_campaign=rss already exists.
2026-08-21 04:42:34,649 - INFO - [BBC] Early skip: URL https://www.bbc.co.uk/news/videos/cgljr2wlr1no?at_medium=RSS&at_campaign=rss already exists.
2026-08-21 04:42:34,675 - INFO - [BBC] Early skip: URL https://www.bbc.co.uk/news/videos/cp3rgxzk5x2o?at_medium=RSS&at_campaign=rss already exists.
2026-08-21 04:42:34,683 - INFO - [BBC] Early skip: URL https://www.bbc.co.uk/news/videos/c62eyn5ggnzo?at_medium=RSS&at_campaign=rss already exists.
2026-08-21 04:42:34,692 - INFO - [BBC] (Thread) Finished. Attempting to shut down its Selenium driver.
2026-08-21 04:42:34,897 - INFO - [BBC] (Thread) driver.quit() successful.
2026-08-21 04:42:34,922 - INFO - [Al Jazeera] Page content loaded.
2026-08-21 04:42:35,130 - INFO - [NDTV] Success with 'selenium_browser'. Found content (441 words).
2026-08-21 04:42:35,869 - INFO - [Economic Times] Article: https://economictimes.indiatimes.com/news/economy/foreign-trade/india-canada-aim-to-conclude-cepa-trade-pact-by-end-2026-mea/articleshow/132813105.cms
2026-08-21 04:42:35,896 - INFO - [Economic Times] Attempt 1/2: Trying with 'requests_browser' strategy...
2026-08-21 04:42:35,896 - WARNING - [Al Jazeera] FAILED with 'selenium_browser' (content was too short: 35 words).
2026-08-21 04:42:35,919 - ERROR - [Al Jazeera] All scrape strategies failed for https://www.aljazeera.com/video/newsfeed/2026/8/20/the-cost-of-rebuilding-family-homes-in-war-ravaged-syria?traffic_source=rss. Falling back to RSS description.
2026-08-21 04:42:35,919 - WARNING - SKIPPED (GLOBAL WORD LIMIT): Article 'The cost of rebuilding family homes in war-ravaged Syria' from Al Jazeera has only 16 words (Min: 90).
2026-08-21 04:42:36,369 - INFO - [Times of India] Success with 'selenium_browser'. Found content (650 words).
2026-08-21 04:42:37,137 - INFO - DEDUPLICATION: Found match (Score: 0.92). Linking to Cluster ID: 6459b22b-fc19-4323-8fe9-b8047b8fe99f
2026-08-21 04:42:38,680 - INFO - [Al Jazeera] Early skip: URL https://www.aljazeera.com/economy/2026/8/20/new-york-mayor-mamdani-sues-to-block-10000-teaching-aide-bonuses?traffic_source=rss already exists.
2026-08-21 04:42:38,696 - INFO - [Al Jazeera] Early skip: URL https://www.aljazeera.com/news/2026/8/20/pakistans-ex-pm-imran-khan-transferred-from-jail-to-hospital?traffic_source=rss already exists.
2026-08-21 04:42:39,169 - INFO - [Al Jazeera] Early skip: URL https://www.aljazeera.com/news/2026/8/20/us-pummels-cuban-economy-with-new-sanctions-on-mining-construction?traffic_source=rss already exists.
2026-08-21 04:42:39,194 - INFO - [Al Jazeera] Article: https://www.aljazeera.com/video/newsfeed/2026/8/20/landslide-at-illegal-gold-mine-kills-13-people-in-colombia-2?traffic_source=rss
2026-08-21 04:42:39,195 - INFO - [Al Jazeera] Attempt 1/2: Trying with 'requests_browser' strategy...
2026-08-21 04:42:42,068 - INFO - [Wired] Page content loaded.
2026-08-21 04:42:42,078 - INFO - >>> SUCCESSFULLY SAVED [ID: 109808] - Former Pakistan PM Imran Khan Back In Jail, Hours After He Was Shifted To Hospital from NDTV (441 words)
2026-08-21 04:42:42,230 - WARNING - [Al Jazeera] FAILED with 'requests_browser' (content was too short: 65 words).
2026-08-21 04:42:42,286 - INFO - [Economic Times] Success with 'requests_browser'. Found content (202 words).
2026-08-21 04:42:42,578 - INFO - DEDUPLICATION: Found match (Score: 0.88). Linking to Cluster ID: 67d958cf-3d79-4d3e-b1e3-85100289a323
2026-08-21 04:42:45,526 - INFO - [Al Jazeera] Article: https://www.aljazeera.com/video/newsfeed/2026/8/20/landslide-at-illegal-gold-mine-kills-13-people-in-colombia-2?traffic_source=rss
2026-08-21 04:42:45,526 - INFO - [Al Jazeera] Attempt 2/2: Trying with 'selenium_browser' strategy...
2026-08-21 04:42:45,528 - INFO - [NDTV] Article: https://www.ndtv.com/mumbai-news/kurla-8-injured-as-crane-falls-on-houses-during-eviction-operation-in-mumbai-11938759#publisher=newsstand
2026-08-21 04:42:45,528 - INFO - [NDTV] Attempt 1/2: Trying with 'requests_browser' strategy...
2026-08-21 04:42:45,913 - INFO - >>> SUCCESSFULLY SAVED [ID: 109809] - Us Deportation To Liberia: Why the US is deporting migrants to Liberia instead of their home countries - The Times of India from Times of India (650 words)
2026-08-21 04:42:46,183 - ERROR - [NDTV] Request failed for strategy 'requests_browser' on URL https://www.ndtv.com/mumbai-news/kurla-8-injured-as-crane-falls-on-houses-during-eviction-operation-in-mumbai-11938759#publisher=newsstand: 403 Client Error: Forbidden for url: https://www.ndtv.com/mumbai-news/kurla-8-injured-as-crane-falls-on-houses-during-eviction-operation-in-mumbai-11938759#publisher=newsstand
2026-08-21 04:42:46,308 - INFO - [Wired] Success with 'selenium_browser'. Found content (1733 words).
2026-08-21 04:42:47,984 - INFO - [NDTV] Article: https://www.ndtv.com/mumbai-news/kurla-8-injured-as-crane-falls-on-houses-during-eviction-operation-in-mumbai-11938759#publisher=newsstand
2026-08-21 04:42:48,492 - INFO - [NDTV] Attempt 2/2: Trying with 'selenium_browser' strategy...
2026-08-21 04:42:47,984 - INFO - [Times of India] Early skip: URL https://timesofindia.indiatimes.com/world/pakistan/ex-pakistan-pm-imran-khan-returns-to-adiala-jail-after-medical-examination-at-islamabad-hospital/articleshow/133391722.cms already exists.
2026-08-21 04:42:49,480 - INFO - [Times of India] Early skip: URL https://timesofindia.indiatimes.com/world/us-streamers/lindsay-clancy-is-obviously-not-guilty-candace-owens-blames-big-pharma-for-postpartum-psychosis-as-trial-nears-end/articleshow/133389789.cms already exists.
2026-08-21 04:42:49,480 - ERROR - Error saving article India, Canada aim to conclude CEPA trade pact by end-2026: MEA - The Economic Times: Hrana: `stream error: `Error { message: "SQLite error: UNIQUE constraint failed: articles.url", code: "SQLITE_CONSTRAINT" }``
2026-08-21 04:42:49,494 - INFO - [Times of India] Early skip: URL https://timesofindia.indiatimes.com/world/us-streamers/candace-owens-calls-out-erika-kirk-and-tpusa-over-tyler-robinson-case-as-accusations-of-gaslighting-erupt/articleshow/133389793.cms already exists.
2026-08-21 04:42:49,500 - INFO - [Times of India] Early skip: URL https://timesofindia.indiatimes.com/world/us-streamers/who-is-meliza-campos-sanchez-influencer-arrested-after-disturbing-videos-allegedly-show-kitchen-fire-and-hot-wax-incident-involving-children/articleshow/133389924.cms already exists.
2026-08-21 04:42:49,512 - INFO - [Times of India] Early skip: URL https://timesofindia.indiatimes.com/world/us-streamers/what-happened-to-sonia-bellina-29-year-old-tiktoks-burned-body-found-in-french-vineyard-as-two-men-are-arrested/articleshow/133389939.cms already exists.
2026-08-21 04:42:49,529 - INFO - [Times of India] Early skip: URL https://timesofindia.indiatimes.com/world/pakistan/ex-pak-pm-imran-khan-moved-to-private-hospital-from-prison-after-sc-order/articleshow/133389827.cms already exists.
2026-08-21 04:42:49,541 - INFO - [Times of India] Early skip: URL https://timesofindia.indiatimes.com/world/uk/new-uk-govt-booklet-tells-asylum-seekers-rape-and-child-sex-abuse-are-illegal/articleshow/133387181.cms already exists.
2026-08-21 04:42:49,555 - INFO - [Times of India] Early skip: URL https://timesofindia.indiatimes.com/world/rest-of-world/6-indians-on-board-hijacked-cargo-ship-carrying-turkish-weapons-off-somalias-coast/articleshow/133387586.cms already exists.
2026-08-21 04:42:49,570 - INFO - [Times of India] Early skip: URL https://timesofindia.indiatimes.com/world/us/in-1990-utah-used-the-worlds-largest-rotenone-treatment-on-strawberry-reservoir-over-99-of-fish-biomass-vanished-and-the-rebuilt-fishery-later-produced-715000-catches-a-year/articleshow/133387316.cms already exists.
2026-08-21 04:42:49,579 - INFO - [Times of India] Early skip: URL https://timesofindia.indiatimes.com/world/us/billionaire-bill-ackman-wife-donate-400-million-to-brain-research-shares-heartbreaking-story-of-daughters-coma-says-he-wants-cure-not-nobel-prize-winners/articleshow/133387454.cms already exists.
2026-08-21 04:42:49,615 - INFO - [Times of India] Early skip: URL https://timesofindia.indiatimes.com/science/tasmania-spent-28-years-removing-invasive-carp-from-two-lakes-after-49301-fish-were-taken-out-the-state-declared-carp-functionally-eradicated-and-trout-began-bouncing-back/articleshow/133384589.cms already exists.
2026-08-21 04:42:49,641 - INFO - [Times of India] Early skip: URL https://timesofindia.indiatimes.com/world/us/i-am-deeply-sorry-for-the-harm-caused-indian-origin-hospital-ceo-takes-responsibility-for-massive-drug-mix-up-at-a-nashville-hospital-during-routine-surgeries/articleshow/133387210.cms already exists.
2026-08-21 04:42:49,642 - INFO - [Times of India] Early skip: URL https://timesofindia.indiatimes.com/world/us/first-time-in-100-years-north-american-river-otter-spotted-in-the-bronx-river-i-could-hardly-believe-what-i-was-seeing/articleshow/133386536.cms already exists.
2026-08-21 04:42:49,683 - INFO - [Times of India] Early skip: URL https://timesofindia.indiatimes.com/science/in-2002-new-mexico-began-one-of-americas-largest-native-fish-restoration-projects-more-than-two-decades-later-rio-grande-cutthroat-trout-had-returned-to-120-miles-of-streams/articleshow/133384198.cms already exists.
2026-08-21 04:42:49,703 - INFO - [Times of India] Early skip: URL https://timesofindia.indiatimes.com/science/in-2006-idaho-launched-a-bounty-and-netting-war-on-invasive-lake-trout-a-decade-later-adult-numbers-were-down-64-and-lake-pend-oreilles-kokanee-had-rebounded/articleshow/133383918.cms already exists.
2026-08-21 04:42:49,712 - INFO - [Times of India] Early skip: URL https://timesofindia.indiatimes.com/world/uk/manchester-synagogue-terror-attack-iraqi-national-charged-over-failure-to-disclose-information/articleshow/133384108.cms already exists.
2026-08-21 04:42:49,720 - INFO - [Times of India] Early skip: URL https://timesofindia.indiatimes.com/world/us/68-year-old-sheila-consaul-bought-ohios-abandoned-fairport-harbor-west-lighthouse-for-71010-in-2011-then-spent-15-years-and-over-300000-restoring-it-as-an-off-grid-home/articleshow/133383600.cms already exists.
2026-08-21 04:42:49,738 - INFO - [Times of India] Early skip: URL https://timesofindia.indiatimes.com/world/rest-of-world/find-out-who-your-mp-is-canadas-portage-college-asks-protesting-indian-students-to-approach-politicians-for-work-permit-woes/articleshow/133383989.cms already exists.
2026-08-21 04:42:49,760 - INFO - [Times of India] Early skip: URL https://timesofindia.indiatimes.com/world/uk/major-uk-hotel-chain-ceo-joanna-boydell-resigns-amid-security-failings-sexual-assault-cases/articleshow/133383881.cms already exists.
2026-08-21 04:42:49,764 - INFO - [Times of India] (Thread) Finished. Attempting to shut down its Selenium driver.
2026-08-21 04:42:50,218 - INFO - [Times of India] (Thread) driver.quit() successful.
2026-08-21 04:42:50,256 - INFO - [Economic Times] Article: https://economictimes.indiatimes.com/news/economy/infrastructure/govts-urban-reset-centre-divides-ministry-of-housing-and-urban-affairs-into-two-specialised-verticals/articleshow/132812900.cms
2026-08-21 04:42:50,256 - INFO - [Economic Times] Attempt 1/2: Trying with 'requests_browser' strategy...
2026-08-21 04:42:53,278 - ERROR - Error saving article Peacock Promo Codes: 40% Off August 2026 | WIRED: Hrana: `stream error: `Error { message: "SQLite error: UNIQUE constraint failed: articles.url", code: "SQLITE_CONSTRAINT" }``
2026-08-21 04:42:53,279 - INFO - [Al Jazeera] Page content loaded.
2026-08-21 04:42:53,327 - INFO - [NDTV] Page content loaded.
2026-08-21 04:42:53,629 - INFO - [Economic Times] Success with 'requests_browser'. Found content (244 words).
2026-08-21 04:42:53,743 - WARNING - [Al Jazeera] FAILED with 'selenium_browser' (content was too short: 69 words).
2026-08-21 04:42:53,743 - ERROR - [Al Jazeera] All scrape strategies failed for https://www.aljazeera.com/video/newsfeed/2026/8/20/landslide-at-illegal-gold-mine-kills-13-people-in-colombia-2?traffic_source=rss. Falling back to RSS description.
2026-08-21 04:42:53,743 - WARNING - SKIPPED (GLOBAL WORD LIMIT): Article 'Landslide at illegal gold mine kills 13 people in Colombia' from Al Jazeera has only 19 words (Min: 90).
2026-08-21 04:42:53,921 - INFO - [NDTV] Success with 'selenium_browser'. Found content (279 words).
2026-08-21 04:42:55,939 - INFO - [Al Jazeera] Article: https://www.aljazeera.com/video/newsfeed/2026/8/20/hundreds-of-tibetans-protest-chinas-ethnic-unity-law-by-shaving-heads?traffic_source=rss
2026-08-21 04:42:56,902 - INFO - [Al Jazeera] Attempt 1/2: Trying with 'requests_browser' strategy...
2026-08-21 04:42:55,940 - INFO - [Wired] Article: https://www.wired.com/story/turbotax-coupon/
2026-08-21 04:42:56,902 - INFO - [Wired] Attempt 1/2: Trying with 'requests_browser' strategy...
2026-08-21 04:42:56,902 - ERROR - Error saving article Govt's urban reset: Centre divides ministry of Housing and Urban Affairs into two specialised verticals - The Economic Times: Hrana: `stream error: `Error { message: "SQLite error: UNIQUE constraint failed: articles.url", code: "SQLITE_CONSTRAINT" }``
2026-08-21 04:42:57,039 - WARNING - [Al Jazeera] FAILED with 'requests_browser' (content was too short: 55 words).
2026-08-21 04:42:58,529 - INFO - [Economic Times] Article: https://economictimes.indiatimes.com/news/economy/foreign-trade/india-uk-ceta-takes-effect-first-zero-duty-indian-coffee-jewellery-consignments-reach-uk-shores/articleshow/132442764.cms
2026-08-21 04:42:58,529 - INFO - [Economic Times] Attempt 1/2: Trying with 'requests_browser' strategy...
2026-08-21 04:42:58,533 - INFO - [Al Jazeera] Article: https://www.aljazeera.com/video/newsfeed/2026/8/20/hundreds-of-tibetans-protest-chinas-ethnic-unity-law-by-shaving-heads?traffic_source=rss
2026-08-21 04:42:58,533 - INFO - [Al Jazeera] Attempt 2/2: Trying with 'selenium_browser' strategy...
2026-08-21 04:43:00,312 - INFO - >>> SUCCESSFULLY SAVED [ID: 109813] - Kurla: 8 Injured As Crane Falls On Houses During Eviction Operation In Mumbai from NDTV (279 words)
2026-08-21 04:43:00,315 - ERROR - parsed tree length: 1, wrong data type or not valid HTML
2026-08-21 04:43:00,315 - ERROR - empty HTML tree: None
2026-08-21 04:43:00,315 - WARNING - discarding data: None
2026-08-21 04:43:00,315 - WARNING - [Wired] FAILED with 'requests_browser' (content was too short: 0 words).
2026-08-21 04:43:00,474 - INFO - [Economic Times] Success with 'requests_browser'. Found content (946 words).
2026-08-21 04:43:00,947 - INFO - [Wired] Article: https://www.wired.com/story/turbotax-coupon/
2026-08-21 04:43:00,947 - INFO - [Wired] Attempt 2/2: Trying with 'selenium_browser' strategy...
2026-08-21 04:43:03,032 - INFO - [NDTV] Article: https://www.ndtv.com/business-news/weaker-rupee-falling-indian-currency-against-dollar-rbi-forex-new-normal-11938551#publisher=newsstand
2026-08-21 04:43:03,033 - INFO - [NDTV] Attempt 1/2: Trying with 'requests_browser' strategy...
2026-08-21 04:43:04,000 - ERROR - Error saving article India-UK CETA takes effect: First zero-duty Indian coffee, jewellery consignments reach UK shores - The Economic Times: Hrana: `stream error: `Error { message: "SQLite error: UNIQUE constraint failed: articles.url", code: "SQLITE_CONSTRAINT" }``
2026-08-21 04:43:04,222 - ERROR - [NDTV] Request failed for strategy 'requests_browser' on URL https://www.ndtv.com/business-news/weaker-rupee-falling-indian-currency-against-dollar-rbi-forex-new-normal-11938551#publisher=newsstand: 403 Client Error: Forbidden for url: https://www.ndtv.com/business-news/weaker-rupee-falling-indian-currency-against-dollar-rbi-forex-new-normal-11938551#publisher=newsstand
2026-08-21 04:43:04,680 - INFO - [Economic Times] Article: https://economictimes.indiatimes.com/news/economy/foreign-trade/from-oman-to-tanzania-how-the-iran-war-is-redrawing-indias-trade-map/articleshow/131762760.cms
2026-08-21 04:43:04,681 - INFO - [Economic Times] Attempt 1/2: Trying with 'requests_browser' strategy...
2026-08-21 04:43:04,803 - INFO - [Al Jazeera] Page content loaded.
2026-08-21 04:43:04,893 - INFO - [NDTV] Article: https://www.ndtv.com/business-news/weaker-rupee-falling-indian-currency-against-dollar-rbi-forex-new-normal-11938551#publisher=newsstand
2026-08-21 04:43:04,893 - INFO - [NDTV] Attempt 2/2: Trying with 'selenium_browser' strategy...
2026-08-21 04:43:05,079 - WARNING - [Al Jazeera] FAILED with 'selenium_browser' (content was too short: 59 words).
2026-08-21 04:43:05,084 - ERROR - [Al Jazeera] All scrape strategies failed for https://www.aljazeera.com/video/newsfeed/2026/8/20/hundreds-of-tibetans-protest-chinas-ethnic-unity-law-by-shaving-heads?traffic_source=rss. Falling back to RSS description.
2026-08-21 04:43:05,084 - WARNING - SKIPPED (GLOBAL WORD LIMIT): Article 'Hundreds of Tibetans protest China’s ethnic unity law by shaving heads' from Al Jazeera has only 17 words (Min: 90).
2026-08-21 04:43:05,205 - INFO - [Economic Times] Success with 'requests_browser'. Found content (385 words).
2026-08-21 04:43:05,382 - INFO - [The Hindu] Page content loaded.
2026-08-21 04:43:06,926 - INFO - [Al Jazeera] Article: https://www.aljazeera.com/video/newsfeed/2026/8/20/heartbreak-loss-on-lebanons-front-lines-the-story-of-a-first-responder?traffic_source=rss
2026-08-21 04:43:07,416 - INFO - [Al Jazeera] Attempt 1/2: Trying with 'requests_browser' strategy...
2026-08-21 04:43:08,364 - ERROR - Error saving article From Oman to Tanzania: How the Iran war is redrawing India’s trade map - The Economic Times: Hrana: `stream error: `Error { message: "SQLite error: UNIQUE constraint failed: articles.url", code: "SQLITE_CONSTRAINT" }``
2026-08-21 04:43:08,365 - INFO - [Wired] Page content loaded.
2026-08-21 04:43:08,391 - INFO - [NDTV] Page content loaded.
2026-08-21 04:43:08,446 - WARNING - [Al Jazeera] FAILED with 'requests_browser' (content was too short: 78 words).
2026-08-21 04:43:08,499 - INFO - [The Hindu] Success with 'selenium_browser'. Found content (295 words).
2026-08-21 04:43:08,778 - INFO - [NDTV] Success with 'selenium_browser'. Found content (608 words).
2026-08-21 04:43:08,957 - INFO - [Wired] Success with 'selenium_browser'. Found content (1406 words).
2026-08-21 04:43:09,035 - INFO - DEDUPLICATION: Found match (Score: 0.94). Linking to Cluster ID: 921862be-f8f7-4677-ad37-e72b8b807569
2026-08-21 04:43:10,444 - INFO - [Al Jazeera] Article: https://www.aljazeera.com/video/newsfeed/2026/8/20/heartbreak-loss-on-lebanons-front-lines-the-story-of-a-first-responder?traffic_source=rss
2026-08-21 04:43:10,445 - INFO - [Economic Times] Article: https://economictimes.indiatimes.com/news/economy/policy/fm-sitharaman-flags-global-crisis-spillovers-unfair-burden-on-developing-nations/articleshow/131668427.cms
2026-08-21 04:43:10,445 - INFO - [Al Jazeera] Attempt 2/2: Trying with 'selenium_browser' strategy...
2026-08-21 04:43:10,914 - INFO - [Economic Times] Attempt 1/2: Trying with 'requests_browser' strategy...
2026-08-21 04:43:12,176 - INFO - >>> SUCCESSFULLY SAVED [ID: 109816] - Six Indians aboard cargo ship hijacked by pirates off Somalia’s coast - The Hindu from The Hindu (295 words)
2026-08-21 04:43:13,695 - INFO - [The Hindu] Article: https://www.thehindu.com/news/national/karnataka/karnataka-sir-over-4380-lakh-voters-to-get-notice-over-20-lakh-flagged-for-logical-discrepancy/article71369088.ece
2026-08-21 04:43:13,700 - INFO - [The Hindu] Attempt 1/1: Trying with 'selenium_browser' strategy...
2026-08-21 04:43:15,383 - INFO - >>> SUCCESSFULLY SAVED [ID: 109817] - Dollar At Rs 95: Is Weaker Rupee A Temporary Shock Or The New Normal? from NDTV (608 words)
2026-08-21 04:43:15,615 - INFO - [Economic Times] Success with 'requests_browser'. Found content (317 words).
2026-08-21 04:43:17,208 - INFO - [NDTV] Early skip: URL https://www.ndtv.com/business-news/stock-market-sensex-share-market-nifty-live-updates-today-21-august-us-iran-war-oil-prices-11938629#publisher=newsstand already exists.
2026-08-21 04:43:17,213 - INFO - [NDTV] Early skip: URL https://www.ndtv.com/business-news/property-as-alimony-india-tax-rules-every-divorcing-couple-should-know-11938584#publisher=newsstand already exists.
2026-08-21 04:43:17,693 - INFO - [NDTV] Early skip: URL https://www.ndtv.com/world-news/6-indians-on-board-hijacked-cargo-ship-carrying-turkish-weapons-near-somalia-11938683#publisher=newsstand already exists.
2026-08-21 04:43:18,647 - INFO - [NDTV] Early skip: URL https://www.ndtv.com/world-news/old-video-shows-moment-when-ship-with-21-indian-sailors-came-under-irans-attack-in-hormuz-11938579#publisher=newsstand already exists.
2026-08-21 04:43:18,665 - ERROR - Error saving article TurboTax Full Service Coupons This August | WIRED: Hrana: `stream error: `Error { message: "SQLite error: UNIQUE constraint failed: articles.url", code: "SQLITE_CONSTRAINT" }``
2026-08-21 04:43:18,672 - INFO - [NDTV] Early skip: URL https://www.ndtv.com/india-news/teacher-female-colleague-transferred-over-complaint-about-closeness-in-madhya-pradesh-11938577#publisher=newsstand already exists.
2026-08-21 04:43:18,674 - INFO - [NDTV] Early skip: URL https://www.ndtv.com/business-news/buying-health-life-term-insurance-5-checks-you-should-never-skip-personal-finance-11934938#publisher=newsstand already exists.
2026-08-21 04:43:18,689 - INFO - [NDTV] Early skip: URL https://www.ndtv.com/world-news/mehul-choksis-lawyer-vijay-aggarwal-arrested-in-london-over-sexual-assaults-11938559#publisher=newsstand already exists.
2026-08-21 04:43:18,699 - INFO - [NDTV] Early skip: URL https://www.ndtv.com/world-news/jailed-pak-ex-pm-imran-khan-taken-to-hospital-after-court-order-11938333#publisher=newsstand already exists.
2026-08-21 04:43:18,700 - INFO - [NDTV] Early skip: URL https://www.ndtv.com/world-news/indian-national-declared-bankrupt-in-singapore-over-unpaid-wages-to-migrant-workers-11938503#publisher=newsstand already exists.
2026-08-21 04:43:18,710 - INFO - [NDTV] Early skip: URL https://www.ndtv.com/india-news/isros-former-chief-s-somnath-appointed-to-rbi-board-11938504#publisher=newsstand already exists.
2026-08-21 04:43:18,716 - INFO - [NDTV] Early skip: URL https://www.ndtv.com/india-news/andhra-pradesh-on-camera-6-year-old-falls-face-first-dies-after-being-slapped-by-teacher-11936387#publisher=newsstand already exists.
2026-08-21 04:43:18,730 - INFO - [NDTV] Early skip: URL https://www.ndtv.com/india-news/pm-modi-meets-japanese-defence-minister-stresses-on-boosting-india-japan-ties-11938485#publisher=newsstand already exists.
2026-08-21 04:43:18,737 - INFO - [NDTV] Early skip: URL https://www.ndtv.com/world-news/us-says-it-will-impose-toughest-sanctions-in-history-on-iran-11938473#publisher=newsstand already exists.
2026-08-21 04:43:18,750 - INFO - [NDTV] Early skip: URL https://www.ndtv.com/world-news/indian-national-kamal-on-fbis-most-wanted-list-over-lawrence-bishnoi-gang-links-11938467#publisher=newsstand already exists.
2026-08-21 04:43:18,759 - INFO - [NDTV] Early skip: URL https://www.ndtv.com/delhi-news/delhi-boosts-womens-safety-with-more-police-patrols-near-colleges-transit-hubs-11938436#publisher=newsstand already exists.
2026-08-21 04:43:18,766 - INFO - [NDTV] Early skip: URL https://www.ndtv.com/delhi-news/air-taxis-in-delhis-future-new-master-plan-makes-first-mention-11938429#publisher=newsstand already exists.
2026-08-21 04:43:18,780 - INFO - [NDTV] (Thread) Finished. Attempting to shut down its Selenium driver.
2026-08-21 04:43:19,172 - INFO - [NDTV] (Thread) driver.quit() successful.
2026-08-21 04:43:20,838 - INFO - [Wired] Article: https://www.wired.com/story/booking-com-promo-code/
2026-08-21 04:43:20,838 - INFO - [Wired] Attempt 1/2: Trying with 'requests_browser' strategy...
2026-08-21 04:43:22,295 - ERROR - Error saving article FM Sitharaman flags global crisis spillovers, unfair burden on developing nations - The Economic Times: Hrana: `stream error: `Error { message: "SQLite error: UNIQUE constraint failed: articles.url", code: "SQLITE_CONSTRAINT" }``
2026-08-21 04:43:22,355 - ERROR - parsed tree length: 1, wrong data type or not valid HTML
2026-08-21 04:43:22,355 - ERROR - empty HTML tree: None
2026-08-21 04:43:22,355 - WARNING - discarding data: None
2026-08-21 04:43:22,355 - WARNING - [Wired] FAILED with 'requests_browser' (content was too short: 0 words).
2026-08-21 04:43:23,073 - INFO - [Economic Times] Article: https://economictimes.indiatimes.com/tech/technology/apple-faces-indian-engineers-bias-lawsuit/articleshow/81694292.cms
2026-08-21 04:43:23,073 - INFO - [Economic Times] Attempt 1/2: Trying with 'requests_browser' strategy...
2026-08-21 04:43:23,197 - INFO - [Wired] Article: https://www.wired.com/story/booking-com-promo-code/
2026-08-21 04:43:23,197 - INFO - [Wired] Attempt 2/2: Trying with 'selenium_browser' strategy...
2026-08-21 04:43:23,413 - ERROR - parsed tree length: 1, wrong data type or not valid HTML
2026-08-21 04:43:23,414 - ERROR - empty HTML tree: None
2026-08-21 04:43:23,414 - WARNING - discarding data: None
2026-08-21 04:43:23,414 - WARNING - [Economic Times] FAILED with 'requests_browser' (content was too short: 0 words).
2026-08-21 04:43:23,983 - INFO - [Economic Times] Article: https://economictimes.indiatimes.com/tech/technology/apple-faces-indian-engineers-bias-lawsuit/articleshow/81694292.cms
2026-08-21 04:43:23,983 - INFO - [Economic Times] Attempt 2/2: Trying with 'selenium_browser' strategy...
2026-08-21 04:43:25,020 - INFO - [The Hindu] Page content loaded.
2026-08-21 04:43:26,343 - INFO - [The Hindu] Success with 'selenium_browser'. Found content (420 words).
2026-08-21 04:43:30,177 - INFO - >>> SUCCESSFULLY SAVED [ID: 109820] - Karnataka SIR: Over 43.80 lakh voters to get notice; over 20 lakh flagged for ‘logical discrepancy’ - The Hindu from The Hindu (420 words)
2026-08-21 04:43:31,563 - INFO - [The Hindu] Article: https://www.thehindu.com/news/national/how-supreme-courts-new-ruling-changes-the-definition-of-industry-explainer/article71372126.ece
2026-08-21 04:43:31,563 - INFO - [The Hindu] Attempt 1/1: Trying with 'selenium_browser' strategy...
2026-08-21 04:43:31,789 - INFO - [Wired] Page content loaded.
2026-08-21 04:43:33,312 - INFO - [Wired] Success with 'selenium_browser'. Found content (1318 words).
2026-08-21 04:43:37,433 - ERROR - Error saving article Booking.com Promo Codes: 20% Off | August 2026 | WIRED: Hrana: `stream error: `Error { message: "SQLite error: UNIQUE constraint failed: articles.url", code: "SQLITE_CONSTRAINT" }``
2026-08-21 04:43:38,877 - INFO - [Wired] Article: https://www.wired.com/story/nike-promo-code/
2026-08-21 04:43:38,878 - INFO - [Wired] Attempt 1/2: Trying with 'requests_browser' strategy...
2026-08-21 04:43:39,139 - ERROR - parsed tree length: 1, wrong data type or not valid HTML
2026-08-21 04:43:39,139 - ERROR - empty HTML tree: None
2026-08-21 04:43:39,139 - WARNING - discarding data: None
2026-08-21 04:43:39,139 - WARNING - [Wired] FAILED with 'requests_browser' (content was too short: 0 words).
2026-08-21 04:43:40,015 - INFO - [Wired] Article: https://www.wired.com/story/nike-promo-code/
2026-08-21 04:43:40,015 - INFO - [Wired] Attempt 2/2: Trying with 'selenium_browser' strategy...
2026-08-21 04:43:43,083 - WARNING - [The Hindu] Page explicit wait timed out (3s). Proceeding anyway.
2026-08-21 04:43:51,122 - ERROR - [The Hindu] Request failed for strategy 'selenium_browser' on URL https://www.thehindu.com/news/national/how-supreme-courts-new-ruling-changes-the-definition-of-industry-explainer/article71372126.ece: Message: timeout: Timed out receiving message from renderer: 7.000
  (Session info: chrome=152.0.7977.54)
Stacktrace:
#0 0x563f29ae928a <unknown>
#1 0x563f2944dad9 <unknown>
#2 0x563f2943556b <unknown>
#3 0x563f294351e6 <unknown>
#4 0x563f29432dc8 <unknown>
#5 0x563f2943374f <unknown>
#6 0x563f29442810 <unknown>
#7 0x563f2945c767 <unknown>
#8 0x563f2946413b <unknown>
#9 0x563f29433ea9 <unknown>
#10 0x563f2945c4c2 <unknown>
#11 0x563f294ebf26 <unknown>
#12 0x563f29496e6b <unknown>
#13 0x563f29497c51 <unknown>
#14 0x563f29aad7b0 <unknown>
#15 0x563f29aabe2a <unknown>
#16 0x563f29a96ba5 <unknown>
#17 0x563f29aacaea <unknown>
#18 0x563f29a7fdf0 <unknown>
#19 0x563f29ad4178 <unknown>
#20 0x563f29ad4315 <unknown>
#21 0x563f29ae7e13 <unknown>
#22 0x7f4b7d49cb84 <unknown>
#23 0x7f4b7d529d6c <unknown>

2026-08-21 04:43:51,122 - ERROR - [The Hindu] All scrape strategies failed for https://www.thehindu.com/news/national/how-supreme-courts-new-ruling-changes-the-definition-of-industry-explainer/article71372126.ece. Falling back to RSS description.
2026-08-21 04:43:51,122 - WARNING - SKIPPED (GLOBAL WORD LIMIT): Article 'How Supreme Court’s new ruling changes the definition of ‘industry’ | Explained' from The Hindu has only 38 words (Min: 90).
2026-08-21 04:43:51,744 - INFO - [The Hindu] Article: https://www.thehindu.com/sci-tech/technology/ai-reshapes-indias-it-services-sector-contracts-as-clients-demand-more-for-less/article71372064.ece
2026-08-21 04:43:51,744 - INFO - [The Hindu] Attempt 1/1: Trying with 'selenium_browser' strategy...
2026-08-21 04:43:54,802 - INFO - [Wired] Page content loaded.
2026-08-21 04:43:56,609 - INFO - [Wired] Success with 'selenium_browser'. Found content (1115 words).
2026-08-21 04:43:56,730 - INFO - [Economic Times] Page content loaded.
2026-08-21 04:43:59,850 - ERROR - Error saving article Nike Promo Codes and Discounts: 30% for August 2026 | WIRED: Hrana: `stream error: `Error { message: "SQLite error: UNIQUE constraint failed: articles.url", code: "SQLITE_CONSTRAINT" }``
2026-08-21 04:43:59,912 - INFO - [Economic Times] Success with 'selenium_browser'. Found content (743 words).
2026-08-21 04:44:01,521 - INFO - [Wired] Article: https://www.wired.com/story/dell-coupon-code/
2026-08-21 04:44:01,999 - INFO - [Wired] Attempt 1/2: Trying with 'requests_browser' strategy...
2026-08-21 04:44:02,975 - ERROR - Error saving article Apple faces Indian engineer’s bias lawsuit - The Economic Times: Hrana: `stream error: `Error { message: "SQLite error: UNIQUE constraint failed: articles.url", code: "SQLITE_CONSTRAINT" }``
2026-08-21 04:44:02,975 - INFO - [Al Jazeera] Page content loaded.
2026-08-21 04:44:02,991 - ERROR - parsed tree length: 1, wrong data type or not valid HTML
2026-08-21 04:44:02,991 - ERROR - empty HTML tree: None
2026-08-21 04:44:02,991 - WARNING - discarding data: None
2026-08-21 04:44:02,991 - WARNING - [Wired] FAILED with 'requests_browser' (content was too short: 0 words).
2026-08-21 04:44:03,315 - WARNING - [Al Jazeera] FAILED with 'selenium_browser' (content was too short: 82 words).
2026-08-21 04:44:03,315 - ERROR - [Al Jazeera] All scrape strategies failed for https://www.aljazeera.com/video/newsfeed/2026/8/20/heartbreak-loss-on-lebanons-front-lines-the-story-of-a-first-responder?traffic_source=rss. Falling back to RSS description.
2026-08-21 04:44:03,315 - WARNING - SKIPPED (GLOBAL WORD LIMIT): Article 'Heartbreak, loss on Lebanon’s front lines, the story of a first responder' from Al Jazeera has only 12 words (Min: 90).
2026-08-21 04:44:03,886 - INFO - [Wired] Article: https://www.wired.com/story/dell-coupon-code/
2026-08-21 04:44:03,886 - INFO - [Wired] Attempt 2/2: Trying with 'selenium_browser' strategy...
2026-08-21 04:44:03,908 - INFO - [Al Jazeera] Article: https://www.aljazeera.com/video/newsfeed/2026/8/20/08-20-26-japan-railyway-crash-clip?traffic_source=rss
2026-08-21 04:44:03,908 - INFO - [Al Jazeera] Attempt 1/2: Trying with 'requests_browser' strategy...
2026-08-21 04:44:03,932 - INFO - [Economic Times] Article: https://economictimes.indiatimes.com/news/defence/despite-transatlantic-love-fest-eu-charts-third-way-in-ties-with-us-and-china/articleshow/81467467.cms
2026-08-21 04:44:03,932 - INFO - [Economic Times] Attempt 1/2: Trying with 'requests_browser' strategy...
2026-08-21 04:44:03,979 - WARNING - [Al Jazeera] FAILED with 'requests_browser' (content was too short: 64 words).
2026-08-21 04:44:04,272 - INFO - [Economic Times] Success with 'requests_browser'. Found content (799 words).
2026-08-21 04:44:05,872 - WARNING - [The Hindu] Page get timed out (7s). Proceeding to grab partial source anyway.
2026-08-21 04:44:05,873 - INFO - [Al Jazeera] Article: https://www.aljazeera.com/video/newsfeed/2026/8/20/08-20-26-japan-railyway-crash-clip?traffic_source=rss
2026-08-21 04:44:06,347 - INFO - [Al Jazeera] Attempt 2/2: Trying with 'selenium_browser' strategy...
2026-08-21 04:44:07,307 - ERROR - Error saving article Despite transatlantic 'love fest', EU charts third way in ties with US and China - The Economic Times: Hrana: `stream error: `Error { message: "SQLite error: UNIQUE constraint failed: articles.url", code: "SQLITE_CONSTRAINT" }``
2026-08-21 04:44:07,315 - INFO - [Wired] Page content loaded.
2026-08-21 04:44:07,844 - INFO - [Economic Times] Article: https://economictimes.indiatimes.com/tech/tech-bytes/twitters-india-policy-head-to-step-down-will-transition-in-march/articleshow/80732868.cms
2026-08-21 04:44:07,844 - INFO - [Economic Times] Attempt 1/2: Trying with 'requests_browser' strategy...
2026-08-21 04:44:07,882 - INFO - [Wired] Success with 'selenium_browser'. Found content (1705 words).
2026-08-21 04:44:08,071 - INFO - [Al Jazeera] Page content loaded.
2026-08-21 04:44:11,024 - ERROR - Error saving article Dell Coupon Codes: 20% Off for August 2026 | WIRED: Hrana: `stream error: `Error { message: "SQLite error: UNIQUE constraint failed: articles.url", code: "SQLITE_CONSTRAINT" }``
2026-08-21 04:44:11,032 - ERROR - parsed tree length: 1, wrong data type or not valid HTML
2026-08-21 04:44:11,032 - ERROR - empty HTML tree: None
2026-08-21 04:44:11,033 - WARNING - discarding data: None
2026-08-21 04:44:11,033 - WARNING - [Economic Times] FAILED with 'requests_browser' (content was too short: 0 words).
2026-08-21 04:44:11,048 - WARNING - [Al Jazeera] FAILED with 'selenium_browser' (content was too short: 68 words).
2026-08-21 04:44:11,048 - ERROR - [Al Jazeera] All scrape strategies failed for https://www.aljazeera.com/video/newsfeed/2026/8/20/08-20-26-japan-railyway-crash-clip?traffic_source=rss. Falling back to RSS description.
2026-08-21 04:44:11,048 - WARNING - SKIPPED (GLOBAL WORD LIMIT): Article 'Four railway workers killed by express train at station in Japan' from Al Jazeera has only 16 words (Min: 90).
2026-08-21 04:44:12,025 - INFO - [Economic Times] Article: https://economictimes.indiatimes.com/tech/tech-bytes/twitters-india-policy-head-to-step-down-will-transition-in-march/articleshow/80732868.cms
2026-08-21 04:44:12,025 - INFO - [Economic Times] Attempt 2/2: Trying with 'selenium_browser' strategy...
2026-08-21 04:44:12,211 - INFO - [Wired] Article: https://www.wired.com/story/chewy-promo-code/
2026-08-21 04:44:12,211 - INFO - [Wired] Attempt 1/2: Trying with 'requests_browser' strategy...
2026-08-21 04:44:12,449 - ERROR - parsed tree length: 1, wrong data type or not valid HTML
2026-08-21 04:44:12,450 - ERROR - empty HTML tree: None
2026-08-21 04:44:12,450 - WARNING - discarding data: None
2026-08-21 04:44:12,450 - WARNING - [Wired] FAILED with 'requests_browser' (content was too short: 0 words).
2026-08-21 04:44:12,466 - INFO - [Al Jazeera] Early skip: URL https://www.aljazeera.com/news/2026/8/20/dr-congo-to-receive-70000-doses-of-ervebo-vaccine-as-ebola-infections-surge?traffic_source=rss already exists.
2026-08-21 04:44:12,467 - INFO - [Al Jazeera] Article: https://www.aljazeera.com/video/newsfeed/2026/8/20/amputee-children-learn-to-swim-after-losing-limbs-in-israels-war-on-gaza?traffic_source=rss
2026-08-21 04:44:12,467 - INFO - [Al Jazeera] Attempt 1/2: Trying with 'requests_browser' strategy...
2026-08-21 04:44:12,567 - WARNING - [Al Jazeera] FAILED with 'requests_browser' (content was too short: 74 words).
2026-08-21 04:44:13,040 - INFO - [Wired] Article: https://www.wired.com/story/chewy-promo-code/
2026-08-21 04:44:13,041 - INFO - [Wired] Attempt 2/2: Trying with 'selenium_browser' strategy...
2026-08-21 04:44:13,371 - WARNING - [The Hindu] Page explicit wait timed out (3s). Proceeding anyway.
2026-08-21 04:44:13,545 - INFO - [Al Jazeera] Article: https://www.aljazeera.com/video/newsfeed/2026/8/20/amputee-children-learn-to-swim-after-losing-limbs-in-israels-war-on-gaza?traffic_source=rss
2026-08-21 04:44:13,545 - INFO - [Al Jazeera] Attempt 2/2: Trying with 'selenium_browser' strategy...
2026-08-21 04:44:14,376 - INFO - [Economic Times] Page content loaded.
2026-08-21 04:44:14,835 - INFO - [Economic Times] Success with 'selenium_browser'. Found content (615 words).
2026-08-21 04:44:17,115 - INFO - [Al Jazeera] Page content loaded.
2026-08-21 04:44:18,069 - ERROR - Error saving article Twitter's India policy head, Mahima Kaul, to step down; will transition in March - The Economic Times: Hrana: `stream error: `Error { message: "SQLite error: UNIQUE constraint failed: articles.url", code: "SQLITE_CONSTRAINT" }``
2026-08-21 04:44:18,118 - WARNING - [Al Jazeera] FAILED with 'selenium_browser' (content was too short: 78 words).
2026-08-21 04:44:18,119 - ERROR - [Al Jazeera] All scrape strategies failed for https://www.aljazeera.com/video/newsfeed/2026/8/20/amputee-children-learn-to-swim-after-losing-limbs-in-israels-war-on-gaza?traffic_source=rss. Falling back to RSS description.
2026-08-21 04:44:18,119 - WARNING - SKIPPED (GLOBAL WORD LIMIT): Article 'Amputee children learn to swim after losing limbs in Israel’s war on Gaza' from Al Jazeera has only 19 words (Min: 90).
2026-08-21 04:44:18,729 - INFO - [Economic Times] Article: https://economictimes.indiatimes.com/tech/tech-and-gadgets/govt-may-keep-rs-7500-cr-outlay-for-it-hardware-manufacturing-under-pli-scheme/articleshow/80333429.cms
2026-08-21 04:44:18,729 - INFO - [Economic Times] Attempt 1/2: Trying with 'requests_browser' strategy...
2026-08-21 04:44:18,856 - INFO - [Wired] Page content loaded.
2026-08-21 04:44:19,054 - ERROR - parsed tree length: 1, wrong data type or not valid HTML
2026-08-21 04:44:19,054 - ERROR - empty HTML tree: None
2026-08-21 04:44:19,054 - WARNING - discarding data: None
2026-08-21 04:44:19,054 - WARNING - [Economic Times] FAILED with 'requests_browser' (content was too short: 0 words).
2026-08-21 04:44:19,490 - INFO - [Al Jazeera] Early skip: URL https://www.aljazeera.com/features/2026/8/20/syrias-civil-society-navigates-post-assad-era-partnership-or-control?traffic_source=rss already exists.
2026-08-21 04:44:19,498 - INFO - [Al Jazeera] Early skip: URL https://www.aljazeera.com/sports/2026/8/20/brook-makes-pakistan-pay-for-dropped-catch-as-england-dominate-first-test?traffic_source=rss already exists.
2026-08-21 04:44:19,501 - INFO - [Al Jazeera] Early skip: URL https://www.aljazeera.com/video/inside-story/2026/8/20/could-us-sanctions-destroy-the-international-criminal-court?traffic_source=rss already exists.
2026-08-21 04:44:19,503 - INFO - [Al Jazeera] Early skip: URL https://www.aljazeera.com/economy/2026/8/20/walmart-sees-sales-drop-as-us-consumer-spending-retreats?traffic_source=rss already exists.
2026-08-21 04:44:19,508 - INFO - [Al Jazeera] Early skip: URL https://www.aljazeera.com/news/2026/8/20/university-suspends-us-academic-leading-jason-arday-plagiarism-accusations?traffic_source=rss already exists.
2026-08-21 04:44:19,510 - INFO - [Al Jazeera] (Thread) Finished. Attempting to shut down its Selenium driver.
2026-08-21 04:44:19,536 - INFO - [Wired] Success with 'selenium_browser'. Found content (1643 words).
2026-08-21 04:44:19,614 - INFO - [Economic Times] Article: https://economictimes.indiatimes.com/tech/tech-and-gadgets/govt-may-keep-rs-7500-cr-outlay-for-it-hardware-manufacturing-under-pli-scheme/articleshow/80333429.cms
2026-08-21 04:44:19,614 - INFO - [Economic Times] Attempt 2/2: Trying with 'selenium_browser' strategy...
2026-08-21 04:44:19,722 - INFO - [Al Jazeera] (Thread) driver.quit() successful.
2026-08-21 04:44:21,976 - ERROR - [The Hindu] Request failed for strategy 'selenium_browser' on URL https://www.thehindu.com/sci-tech/technology/ai-reshapes-indias-it-services-sector-contracts-as-clients-demand-more-for-less/article71372064.ece: Message: timeout: Timed out receiving message from renderer: 7.000
  (Session info: chrome=152.0.7977.54)
Stacktrace:
#0 0x563f29ae928a <unknown>
#1 0x563f2944dad9 <unknown>
#2 0x563f2943556b <unknown>
#3 0x563f294351e6 <unknown>
#4 0x563f29432dc8 <unknown>
#5 0x563f2943374f <unknown>
#6 0x563f29442810 <unknown>
#7 0x563f2945c767 <unknown>
#8 0x563f2946413b <unknown>
#9 0x563f29433ea9 <unknown>
#10 0x563f2945c4c2 <unknown>
#11 0x563f294eba96 <unknown>
#12 0x563f29496e6b <unknown>
#13 0x563f29497c51 <unknown>
#14 0x563f29aad7b0 <unknown>
#15 0x563f29aabe2a <unknown>
#16 0x563f29a96ba5 <unknown>
#17 0x563f29aacaea <unknown>
#18 0x563f29a7fdf0 <unknown>
#19 0x563f29ad4178 <unknown>
#20 0x563f29ad4315 <unknown>
#21 0x563f29ae7e13 <unknown>
#22 0x7f4b7d49cb84 <unknown>
#23 0x7f4b7d529d6c <unknown>

2026-08-21 04:44:21,977 - ERROR - [The Hindu] All scrape strategies failed for https://www.thehindu.com/sci-tech/technology/ai-reshapes-indias-it-services-sector-contracts-as-clients-demand-more-for-less/article71372064.ece. Falling back to RSS description.
2026-08-21 04:44:21,977 - WARNING - SKIPPED (GLOBAL WORD LIMIT): Article 'AI reshapes India's IT services sector contracts as clients demand more for less' from The Hindu has only 22 words (Min: 90).
2026-08-21 04:44:22,945 - INFO - [The Hindu] Article: https://www.thehindu.com/news/cities/mumbai/several-injured-as-crane-topples-onto-houses-in-mumbais-kurla-updates/article71372115.ece
2026-08-21 04:44:22,946 - INFO - [The Hindu] Attempt 1/1: Trying with 'selenium_browser' strategy...
2026-08-21 04:44:22,947 - ERROR - Error saving article Chewy Promo Codes: $20 Off August 2026 | WIRED: Hrana: `stream error: `Error { message: "SQLite error: UNIQUE constraint failed: articles.url", code: "SQLITE_CONSTRAINT" }``
2026-08-21 04:44:23,690 - INFO - [Wired] Article: https://www.wired.com/story/irobot-promo-code/
2026-08-21 04:44:23,690 - INFO - [Wired] Attempt 1/2: Trying with 'requests_browser' strategy...
2026-08-21 04:44:23,776 - INFO - [Economic Times] Page content loaded.
2026-08-21 04:44:23,954 - ERROR - parsed tree length: 1, wrong data type or not valid HTML
2026-08-21 04:44:23,955 - ERROR - empty HTML tree: None
2026-08-21 04:44:23,955 - WARNING - discarding data: None
2026-08-21 04:44:23,955 - WARNING - [Wired] FAILED with 'requests_browser' (content was too short: 0 words).
2026-08-21 04:44:24,069 - INFO - [Economic Times] Success with 'selenium_browser'. Found content (481 words).
2026-08-21 04:44:25,654 - INFO - [Wired] Article: https://www.wired.com/story/irobot-promo-code/
2026-08-21 04:44:26,118 - INFO - [Wired] Attempt 2/2: Trying with 'selenium_browser' strategy...
2026-08-21 04:44:27,098 - ERROR - Error saving article Govt may keep Rs 7,500 cr outlay for IT hardware manufacturing under PLI scheme - The Economic Times: Hrana: `stream error: `Error { message: "SQLite error: UNIQUE constraint failed: articles.url", code: "SQLITE_CONSTRAINT" }``
2026-08-21 04:44:28,013 - INFO - [Economic Times] Article: https://economictimes.indiatimes.com/tech/technology/indian-dating-apps-services-see-surge-of-paying-users-in-small-cities/articleshow/80063342.cms
2026-08-21 04:44:28,013 - INFO - [Economic Times] Attempt 1/2: Trying with 'requests_browser' strategy...
2026-08-21 04:44:28,405 - ERROR - parsed tree length: 1, wrong data type or not valid HTML
2026-08-21 04:44:28,405 - ERROR - empty HTML tree: None
2026-08-21 04:44:28,405 - WARNING - discarding data: None
2026-08-21 04:44:28,405 - WARNING - [Economic Times] FAILED with 'requests_browser' (content was too short: 0 words).
2026-08-21 04:44:29,203 - INFO - [Economic Times] Article: https://economictimes.indiatimes.com/tech/technology/indian-dating-apps-services-see-surge-of-paying-users-in-small-cities/articleshow/80063342.cms
2026-08-21 04:44:29,203 - INFO - [Economic Times] Attempt 2/2: Trying with 'selenium_browser' strategy...
2026-08-21 04:44:32,963 - INFO - [Wired] Page content loaded.
2026-08-21 04:44:33,541 - INFO - [Wired] Success with 'selenium_browser'. Found content (779 words).
2026-08-21 04:44:36,758 - ERROR - Error saving article iRobot Promo Code: 15% Off | WIRED: Hrana: `stream error: `Error { message: "SQLite error: UNIQUE constraint failed: articles.url", code: "SQLITE_CONSTRAINT" }``
2026-08-21 04:44:36,933 - INFO - [Economic Times] Page content loaded.
2026-08-21 04:44:37,005 - WARNING - [The Hindu] Page get timed out (7s). Proceeding to grab partial source anyway.
2026-08-21 04:44:37,067 - WARNING - [Economic Times] FAILED with 'selenium_browser' (content was too short: 84 words).
2026-08-21 04:44:37,067 - ERROR - [Economic Times] All scrape strategies failed for https://economictimes.indiatimes.com/tech/technology/indian-dating-apps-services-see-surge-of-paying-users-in-small-cities/articleshow/80063342.cms. Falling back to RSS description.
2026-08-21 04:44:37,067 - WARNING - SKIPPED (GLOBAL WORD LIMIT): Article 'Indian dating apps, services see surge of paying users in small cities ' from Economic Times has only 54 words (Min: 90).
2026-08-21 04:44:37,918 - INFO - [Wired] Article: https://www.wired.com/story/hr-block-coupon/
2026-08-21 04:44:37,918 - INFO - [Wired] Attempt 1/2: Trying with 'requests_browser' strategy...
2026-08-21 04:44:38,178 - INFO - [Wired] Success with 'requests_browser'. Found content (1719 words).
2026-08-21 04:44:39,736 - INFO - [Economic Times] Article: https://economictimes.indiatimes.com/tech/technology/time-for-govt-cos-to-adopt-ai-deloitte-india/articleshow/79981215.cms
2026-08-21 04:44:40,214 - INFO - [Economic Times] Attempt 1/2: Trying with 'requests_browser' strategy...
2026-08-21 04:44:41,721 - ERROR - Error saving article H&R Block Coupon: 25% Off DIY + Tax Pro Assist: Hrana: `stream error: `Error { message: "SQLite error: UNIQUE constraint failed: articles.url", code: "SQLITE_CONSTRAINT" }``
2026-08-21 04:44:41,728 - ERROR - parsed tree length: 1, wrong data type or not valid HTML
2026-08-21 04:44:41,728 - ERROR - empty HTML tree: None
2026-08-21 04:44:41,728 - WARNING - discarding data: None
2026-08-21 04:44:41,729 - WARNING - [Economic Times] FAILED with 'requests_browser' (content was too short: 0 words).
2026-08-21 04:44:42,327 - INFO - [Wired] Article: https://www.wired.com/story/t-mobile-business-promo-code/
2026-08-21 04:44:42,327 - INFO - [Wired] Attempt 1/2: Trying with 'requests_browser' strategy...
2026-08-21 04:44:42,526 - ERROR - parsed tree length: 1, wrong data type or not valid HTML
2026-08-21 04:44:42,526 - ERROR - empty HTML tree: None
2026-08-21 04:44:42,526 - WARNING - discarding data: None
2026-08-21 04:44:42,526 - WARNING - [Wired] FAILED with 'requests_browser' (content was too short: 0 words).
2026-08-21 04:44:42,708 - INFO - [Economic Times] Article: https://economictimes.indiatimes.com/tech/technology/time-for-govt-cos-to-adopt-ai-deloitte-india/articleshow/79981215.cms
2026-08-21 04:44:42,708 - INFO - [Economic Times] Attempt 2/2: Trying with 'selenium_browser' strategy...
2026-08-21 04:44:43,403 - INFO - [Wired] Article: https://www.wired.com/story/t-mobile-business-promo-code/
2026-08-21 04:44:43,403 - INFO - [Wired] Attempt 2/2: Trying with 'selenium_browser' strategy...
2026-08-21 04:44:43,783 - INFO - [Economic Times] Page content loaded.
2026-08-21 04:44:44,023 - WARNING - [The Hindu] Page explicit wait timed out (3s). Proceeding anyway.
2026-08-21 04:44:44,046 - WARNING - [Economic Times] FAILED with 'selenium_browser' (content was too short: 74 words).
2026-08-21 04:44:44,046 - ERROR - [Economic Times] All scrape strategies failed for https://economictimes.indiatimes.com/tech/technology/time-for-govt-cos-to-adopt-ai-deloitte-india/articleshow/79981215.cms. Falling back to RSS description.
2026-08-21 04:44:44,046 - WARNING - SKIPPED (GLOBAL WORD LIMIT): Article 'Time for government, companies to adopt artificial intelligence: Deloitte India ' from Economic Times has only 49 words (Min: 90).
2026-08-21 04:44:45,046 - INFO - [Wired] Page content loaded.
2026-08-21 04:44:45,538 - INFO - [Economic Times] Article: https://economictimes.indiatimes.com/news/international/world-news/trump-announces-a-deal-for-hamas-to-disarm-in-gaza-but-many-hurdles-and-uncertainty-remain/articleshow/132753009.cms
2026-08-21 04:44:45,538 - INFO - [Economic Times] Attempt 1/2: Trying with 'requests_browser' strategy...
2026-08-21 04:44:45,662 - INFO - [Wired] Success with 'selenium_browser'. Found content (1078 words).
2026-08-21 04:44:45,922 - INFO - [Economic Times] Success with 'requests_browser'. Found content (1285 words).
2026-08-21 04:44:48,910 - ERROR - Error saving article T-Mobile Promo Codes: 25% Off | August 2026 | WIRED: Hrana: `stream error: `Error { message: "SQLite error: UNIQUE constraint failed: articles.url", code: "SQLITE_CONSTRAINT" }``
2026-08-21 04:44:50,416 - INFO - [Wired] Article: https://www.wired.com/story/ebay-coupon-code/
2026-08-21 04:44:50,416 - INFO - [Wired] Attempt 1/2: Trying with 'requests_browser' strategy...
2026-08-21 04:44:51,845 - ERROR - [The Hindu] Request failed for strategy 'selenium_browser' on URL https://www.thehindu.com/news/cities/mumbai/several-injured-as-crane-topples-onto-houses-in-mumbais-kurla-updates/article71372115.ece: Message: timeout: Timed out receiving message from renderer: 7.000
  (Session info: chrome=152.0.7977.54)
Stacktrace:
#0 0x563f29ae928a <unknown>
#1 0x563f2944dad9 <unknown>
#2 0x563f2943556b <unknown>
#3 0x563f294351e6 <unknown>
#4 0x563f29432dc8 <unknown>
#5 0x563f2943374f <unknown>
#6 0x563f29442810 <unknown>
#7 0x563f2945c767 <unknown>
#8 0x563f2946413b <unknown>
#9 0x563f29433ea9 <unknown>
#10 0x563f2945c4c2 <unknown>
#11 0x563f294eba96 <unknown>
#12 0x563f29496e6b <unknown>
#13 0x563f29497c51 <unknown>
#14 0x563f29aad7b0 <unknown>
#15 0x563f29aabe2a <unknown>
#16 0x563f29a96ba5 <unknown>
#17 0x563f29aacaea <unknown>
#18 0x563f29a7fdf0 <unknown>
#19 0x563f29ad4178 <unknown>
#20 0x563f29ad4315 <unknown>
#21 0x563f29ae7e13 <unknown>
#22 0x7f4b7d49cb84 <unknown>
#23 0x7f4b7d529d6c <unknown>

2026-08-21 04:44:51,845 - ERROR - [The Hindu] All scrape strategies failed for https://www.thehindu.com/news/cities/mumbai/several-injured-as-crane-topples-onto-houses-in-mumbais-kurla-updates/article71372115.ece. Falling back to RSS description.
2026-08-21 04:44:51,846 - WARNING - SKIPPED (GLOBAL WORD LIMIT): Article 'Eight injured as crane topples onto houses in Mumbai’s Kurla' from The Hindu has only 18 words (Min: 90).
2026-08-21 04:44:51,846 - ERROR - Error saving article Trump announces a deal for Hamas to disarm in Gaza, but many hurdles and uncertainty remain - The Economic Times: Hrana: `stream error: `Error { message: "SQLite error: UNIQUE constraint failed: articles.url", code: "SQLITE_CONSTRAINT" }``
2026-08-21 04:44:51,857 - ERROR - parsed tree length: 1, wrong data type or not valid HTML
2026-08-21 04:44:51,857 - ERROR - empty HTML tree: None
2026-08-21 04:44:51,857 - WARNING - discarding data: None
2026-08-21 04:44:51,857 - WARNING - [Wired] FAILED with 'requests_browser' (content was too short: 0 words).
2026-08-21 04:44:52,423 - INFO - [Economic Times] Article: https://economictimes.indiatimes.com/news/new-updates/in-1943-us-built-an-entire-city-and-it-didnt-exist-on-a-single-map/articleshow/132659427.cms
2026-08-21 04:44:52,424 - INFO - [Economic Times] Attempt 1/2: Trying with 'requests_browser' strategy...
2026-08-21 04:44:52,573 - INFO - [Wired] Article: https://www.wired.com/story/ebay-coupon-code/
2026-08-21 04:44:52,573 - INFO - [Wired] Attempt 2/2: Trying with 'selenium_browser' strategy...
2026-08-21 04:44:52,762 - INFO - [Economic Times] Success with 'requests_browser'. Found content (688 words).
2026-08-21 04:44:52,885 - INFO - [The Hindu] Early skip: URL https://www.thehindu.com/news/national/kerala/annamalais-gujarat-company-remark-about-centre-resonates-with-keralams-ruling-front-and-opposition-over-north-south-disparities/article71368407.ece already exists.
2026-08-21 04:44:52,887 - INFO - [The Hindu] Early skip: URL https://www.thehindu.com/news/national/a-secular-republics-sacrilege-problem/article71360707.ece already exists.
2026-08-21 04:44:52,888 - INFO - [The Hindu] Article: https://www.thehindu.com/news/national/odisha/poet-ashutosh-parida-to-get-this-years-prestigious-sarala-puraskar/article71372090.ece
2026-08-21 04:44:52,888 - INFO - [The Hindu] Attempt 1/1: Trying with 'selenium_browser' strategy...
2026-08-21 04:44:55,744 - INFO - [Wired] Page content loaded.
2026-08-21 04:44:55,745 - ERROR - Error saving article In 1943, US built an entire city, and it didn't exist on a single map - The Economic Times: Hrana: `stream error: `Error { message: "SQLite error: UNIQUE constraint failed: articles.url", code: "SQLITE_CONSTRAINT" }``
2026-08-21 04:44:56,008 - INFO - [Wired] Success with 'selenium_browser'. Found content (1027 words).
2026-08-21 04:44:57,578 - INFO - [Economic Times] Article: https://economictimes.indiatimes.com/news/new-updates/humans-have-a-third-eye-in-the-brain-study-links-it-to-a-600-million-year-old-cyclops-ancestor/articleshow/132655441.cms
2026-08-21 04:44:58,059 - INFO - [Economic Times] Attempt 1/2: Trying with 'requests_browser' strategy...
2026-08-21 04:44:59,027 - ERROR - Error saving article eBay Coupons: 20% Off in August 2026 | WIRED: Hrana: `stream error: `Error { message: "SQLite error: UNIQUE constraint failed: articles.url", code: "SQLITE_CONSTRAINT" }``
2026-08-21 04:44:59,063 - INFO - [Economic Times] Success with 'requests_browser'. Found content (593 words).
2026-08-21 04:45:00,630 - INFO - [Wired] Article: https://www.wired.com/story/samsung-promo-codes/
2026-08-21 04:45:00,630 - INFO - [Wired] Attempt 1/2: Trying with 'requests_browser' strategy...
2026-08-21 04:45:02,095 - ERROR - Error saving article Humans have a 'third eye' in the brain: Study links it to a 600-million-year-old Cyclops ancestor - The Economic Times: Hrana: `stream error: `Error { message: "SQLite error: UNIQUE constraint failed: articles.url", code: "SQLITE_CONSTRAINT" }``
2026-08-21 04:45:02,109 - ERROR - parsed tree length: 1, wrong data type or not valid HTML
2026-08-21 04:45:02,109 - ERROR - empty HTML tree: None
2026-08-21 04:45:02,109 - WARNING - discarding data: None
2026-08-21 04:45:02,109 - WARNING - [Wired] FAILED with 'requests_browser' (content was too short: 0 words).
2026-08-21 04:45:02,726 - INFO - [Wired] Article: https://www.wired.com/story/samsung-promo-codes/
2026-08-21 04:45:02,727 - INFO - [Wired] Attempt 2/2: Trying with 'selenium_browser' strategy...
2026-08-21 04:45:03,422 - INFO - [Economic Times] Article: https://economictimes.indiatimes.com/news/new-updates/1500-ships-trapped-in-gulf-of-hormuz-is-quietly-multiplying-an-underwater-army-that-could-unleash-worlds-biggest-bioinvasion-event/articleshow/132595366.cms
2026-08-21 04:45:03,422 - INFO - [Economic Times] Attempt 1/2: Trying with 'requests_browser' strategy...
2026-08-21 04:45:03,774 - INFO - [Economic Times] Success with 'requests_browser'. Found content (687 words).
2026-08-21 04:45:05,876 - INFO - [Wired] Page content loaded.
2026-08-21 04:45:06,818 - ERROR - Error saving article 1,500 ships trapped in Gulf of Hormuz are quietly multiplying an underwater army that could unleash World's biggest bioinvasion event - The Economic Times: Hrana: `stream error: `Error { message: "SQLite error: UNIQUE constraint failed: articles.url", code: "SQLITE_CONSTRAINT" }``
2026-08-21 04:45:07,252 - INFO - [Wired] Success with 'selenium_browser'. Found content (1662 words).
2026-08-21 04:45:08,852 - INFO - [Economic Times] Article: https://economictimes.indiatimes.com/news/new-updates/argentina-vs-spain-fifa-world-cup-final-to-be-replayed-petition-for-a-rematch-crosses-60000-signatures/articleshow/132576024.cms
2026-08-21 04:45:08,852 - INFO - [Economic Times] Attempt 1/2: Trying with 'requests_browser' strategy...
2026-08-21 04:45:09,319 - WARNING - [The Hindu] Page get timed out (7s). Proceeding to grab partial source anyway.
2026-08-21 04:45:10,275 - ERROR - Error saving article 20% Off Samsung Promo Code | August 2026 | WIRED: Hrana: `stream error: `Error { message: "SQLite error: UNIQUE constraint failed: articles.url", code: "SQLITE_CONSTRAINT" }``
2026-08-21 04:45:10,375 - INFO - [Economic Times] Success with 'requests_browser'. Found content (228 words).
2026-08-21 04:45:11,973 - INFO - [Wired] Early skip: URL https://www.wired.com/story/elon-musk-is-expected-to-point-his-money-machine-at-texas/ already exists.
2026-08-21 04:45:13,424 - INFO - [Wired] Early skip: URL https://www.wired.com/story/generalist-ai-robots-learn-like-clever-toddlers/ already exists.
2026-08-21 04:45:13,424 - ERROR - Error saving article Argentina vs Spain FIFA World Cup Final to be replayed? Petition for a rematch crosses 60,000 signatures - The Economic Times: Hrana: `stream error: `Error { message: "SQLite error: UNIQUE constraint failed: articles.url", code: "SQLITE_CONSTRAINT" }``
2026-08-21 04:45:13,425 - INFO - [Wired] Early skip: URL https://www.wired.com/story/coders-say-they-already-found-workarounds-to-claudes-invisible-watermarks/ already exists.
2026-08-21 04:45:13,426 - INFO - [Wired] Early skip: URL https://www.wired.com/review/google-pixel-watch-5/ already exists.
2026-08-21 04:45:13,428 - INFO - [Wired] Early skip: URL https://www.wired.com/review/google-pixel-11-pro-and-pixel-11-pro-xl/ already exists.
2026-08-21 04:45:13,429 - INFO - [Wired] Early skip: URL https://www.wired.com/story/why-is-it-absolute-hell-to-buy-a-movie-ticket-now/ already exists.
2026-08-21 04:45:13,430 - INFO - [Wired] Article: https://www.wired.com/story/are-digital-wall-calendars-worth-it/
2026-08-21 04:45:13,430 - INFO - [Wired] Attempt 1/2: Trying with 'requests_browser' strategy...
2026-08-21 04:45:13,697 - ERROR - parsed tree length: 1, wrong data type or not valid HTML
2026-08-21 04:45:13,697 - ERROR - empty HTML tree: None
2026-08-21 04:45:13,698 - WARNING - discarding data: None
2026-08-21 04:45:13,698 - WARNING - [Wired] FAILED with 'requests_browser' (content was too short: 0 words).
2026-08-21 04:45:13,968 - INFO - [Economic Times] Article: https://economictimes.indiatimes.com/news/new-updates/he-baked-potato-in-aluminium-foil-and-ate-it-next-morning-after-microwaving-it-hours-later-he-was-paralysed-doctor-explains-why/articleshow/132574269.cms
2026-08-21 04:45:13,968 - INFO - [Economic Times] Attempt 1/2: Trying with 'requests_browser' strategy...
2026-08-21 04:45:14,304 - INFO - [Economic Times] Success with 'requests_browser'. Found content (558 words).
2026-08-21 04:45:14,580 - INFO - [Wired] Article: https://www.wired.com/story/are-digital-wall-calendars-worth-it/
2026-08-21 04:45:14,613 - INFO - [Wired] Attempt 2/2: Trying with 'selenium_browser' strategy...
2026-08-21 04:45:18,261 - WARNING - [The Hindu] Page explicit wait timed out (3s). Proceeding anyway.
2026-08-21 04:45:18,262 - ERROR - Error saving article He baked potato in aluminium foil, and ate it next morning after microwaving. Hours later, he was paralysed, doctor explains why - The Economic Times: Hrana: `stream error: `Error { message: "SQLite error: UNIQUE constraint failed: articles.url", code: "SQLITE_CONSTRAINT" }``
2026-08-21 04:45:19,096 - INFO - [Wired] Page content loaded.
2026-08-21 04:45:19,292 - INFO - [Economic Times] Article: https://economictimes.indiatimes.com/news/elections/assembly-elections/assam/done-deal-cm-himanta-biswa-sarma-on-nda-seat-sharing-for-assam-polls/articleshow/128678098.cms
2026-08-21 04:45:19,293 - INFO - [Economic Times] Attempt 1/2: Trying with 'requests_browser' strategy...
2026-08-21 04:45:19,748 - INFO - [Economic Times] Success with 'requests_browser'. Found content (518 words).
2026-08-21 04:45:23,038 - ERROR - Error saving article 'Done deal': CM Himanta Biswa Sarma on NDA seat-sharing for Assam polls - The Economic Times: Hrana: `stream error: `Error { message: "SQLite error: UNIQUE constraint failed: articles.url", code: "SQLITE_CONSTRAINT" }``
2026-08-21 04:45:23,053 - INFO - [Wired] Success with 'selenium_browser'. Found content (2811 words).
2026-08-21 04:45:24,673 - INFO - [Economic Times] Article: https://economictimes.indiatimes.com/news/elections/assembly-elections/bihar/rare-intensive-revision-in-bihar-four-months-before-polls/articleshow/122167501.cms
2026-08-21 04:45:25,136 - INFO - [Economic Times] Attempt 1/2: Trying with 'requests_browser' strategy...
2026-08-21 04:45:26,112 - ERROR - Error saving article The Best Digital Wall Calendar (2026): Skylight, Everblog, Apolosign | WIRED: Hrana: `stream error: `Error { message: "SQLite error: UNIQUE constraint failed: articles.url", code: "SQLITE_CONSTRAINT" }``
2026-08-21 04:45:26,113 - ERROR - [The Hindu] Request failed for strategy 'selenium_browser' on URL https://www.thehindu.com/news/national/odisha/poet-ashutosh-parida-to-get-this-years-prestigious-sarala-puraskar/article71372090.ece: Message: timeout: Timed out receiving message from renderer: 7.000
  (Session info: chrome=152.0.7977.54)
Stacktrace:
#0 0x563f29ae928a <unknown>
#1 0x563f2944dad9 <unknown>
#2 0x563f2943556b <unknown>
#3 0x563f294351e6 <unknown>
#4 0x563f29432dc8 <unknown>
#5 0x563f2943374f <unknown>
#6 0x563f29442810 <unknown>
#7 0x563f2945c767 <unknown>
#8 0x563f2946413b <unknown>
#9 0x563f29433ea9 <unknown>
#10 0x563f2945c4c2 <unknown>
#11 0x563f294eba96 <unknown>
#12 0x563f29496e6b <unknown>
#13 0x563f29497c51 <unknown>
#14 0x563f29aad7b0 <unknown>
#15 0x563f29aabe2a <unknown>
#16 0x563f29a96ba5 <unknown>
#17 0x563f29aacaea <unknown>
#18 0x563f29a7fdf0 <unknown>
#19 0x563f29ad4178 <unknown>
#20 0x563f29ad4315 <unknown>
#21 0x563f29ae7e13 <unknown>
#22 0x7f4b7d49cb84 <unknown>
#23 0x7f4b7d529d6c <unknown>

2026-08-21 04:45:26,113 - ERROR - [The Hindu] All scrape strategies failed for https://www.thehindu.com/news/national/odisha/poet-ashutosh-parida-to-get-this-years-prestigious-sarala-puraskar/article71372090.ece. Falling back to RSS description.
2026-08-21 04:45:26,113 - WARNING - SKIPPED (GLOBAL WORD LIMIT): Article 'Poet Ashutosh Parida to get this year’s prestigious Sarala Puraskar' from The Hindu has only 20 words (Min: 90).
2026-08-21 04:45:26,146 - INFO - [Economic Times] Success with 'requests_browser'. Found content (864 words).
2026-08-21 04:45:27,719 - INFO - [Wired] Early skip: URL https://www.wired.com/story/window-cleaning-robots-are-kinda-terrible/ already exists.
2026-08-21 04:45:28,192 - INFO - [Wired] Early skip: URL https://www.wired.com/story/your-excel-skills-suck-the-power-users-turning-spreadsheets-into-a-spectator-sport/ already exists.
2026-08-21 04:45:28,192 - INFO - [The Hindu] Article: https://www.thehindu.com/news/cities/Hyderabad/mystery-about-discovery-of-tunnel-sparks-excitement-in-500-year-old-golconda-fort-in-hyderabad/article71372065.ece
2026-08-21 04:45:28,192 - INFO - [The Hindu] Attempt 1/1: Trying with 'selenium_browser' strategy...
2026-08-21 04:45:29,175 - INFO - [Wired] Early skip: URL https://www.wired.com/story/we-bought-a-counterfeit-rolex-so-good-even-rolex-didnt-spot-it/ already exists.
2026-08-21 04:45:29,175 - ERROR - Error saving article Rare 'intensive' revision in Bihar four months before polls - The Economic Times: Hrana: `stream error: `Error { message: "SQLite error: UNIQUE constraint failed: articles.url", code: "SQLITE_CONSTRAINT" }``
2026-08-21 04:45:29,177 - INFO - [Wired] Early skip: URL https://www.wired.com/story/macbook-neo-vs-dell-xps-13/ already exists.
2026-08-21 04:45:29,178 - INFO - [Wired] Early skip: URL https://www.wired.com/story/theres-a-very-simple-reason-why-you-love-the-slate-truck/ already exists.
2026-08-21 04:45:29,179 - INFO - [Wired] Early skip: URL https://www.wired.com/story/reverse-lookup-service-exposed-millions-of-photos-of-peoples-faces/ already exists.
2026-08-21 04:45:29,180 - INFO - [Wired] Early skip: URL https://www.wired.com/story/hot-or-not-built-the-internet-were-still-swiping-through/ already exists.
2026-08-21 04:45:29,181 - INFO - [Wired] Early skip: URL https://www.wired.com/story/flock-safety-os-investigate/ already exists.
2026-08-21 04:45:29,183 - INFO - [Wired] Article: https://www.wired.com/story/uber-eats-promo-code/
2026-08-21 04:45:29,183 - INFO - [Wired] Attempt 1/2: Trying with 'requests_browser' strategy...
2026-08-21 04:45:29,392 - ERROR - parsed tree length: 1, wrong data type or not valid HTML
2026-08-21 04:45:29,392 - ERROR - empty HTML tree: None
2026-08-21 04:45:29,392 - WARNING - discarding data: None
2026-08-21 04:45:29,392 - WARNING - [Wired] FAILED with 'requests_browser' (content was too short: 0 words).
2026-08-21 04:45:29,985 - INFO - [Wired] Article: https://www.wired.com/story/uber-eats-promo-code/
2026-08-21 04:45:29,985 - INFO - [Wired] Attempt 2/2: Trying with 'selenium_browser' strategy...
2026-08-21 04:45:30,102 - INFO - [Economic Times] Article: https://economictimes.indiatimes.com/news/elections/assembly-elections/delhi/bjp-accuses-kejriwal-of-sending-voters-hoax-calls-to-mislead/articleshow/117579007.cms
2026-08-21 04:45:30,102 - INFO - [Economic Times] Attempt 1/2: Trying with 'requests_browser' strategy...
2026-08-21 04:45:30,424 - INFO - [Economic Times] Success with 'requests_browser'. Found content (550 words).
2026-08-21 04:45:33,371 - INFO - [Wired] Page content loaded.
2026-08-21 04:45:33,371 - ERROR - Error saving article BJP accuses Kejriwal of sending voters hoax calls to mislead - The Economic Times: Hrana: `stream error: `Error { message: "SQLite error: UNIQUE constraint failed: articles.url", code: "SQLITE_CONSTRAINT" }``
2026-08-21 04:45:33,631 - INFO - [Wired] Success with 'selenium_browser'. Found content (1215 words).
2026-08-21 04:45:35,185 - INFO - [Economic Times] Article: https://economictimes.indiatimes.com/news/elections/lok-sabha/india/lok-sabha-election-2024-maharashtra-get-interesting-after-splits-in-shiv-sena-ncp/articleshow/108559788.cms
2026-08-21 04:45:35,662 - INFO - [Economic Times] Attempt 1/2: Trying with 'requests_browser' strategy...
2026-08-21 04:45:36,611 - ERROR - Error saving article Uber Eats Promo Codes: $15 Off│August 2026 | WIRED: Hrana: `stream error: `Error { message: "SQLite error: UNIQUE constraint failed: articles.url", code: "SQLITE_CONSTRAINT" }``
2026-08-21 04:45:36,635 - INFO - [Economic Times] Success with 'requests_browser'. Found content (1442 words).
2026-08-21 04:45:39,073 - INFO - [Wired] Article: https://www.wired.com/story/hotels-com-coupon/
2026-08-21 04:45:39,543 - INFO - [Wired] Attempt 1/2: Trying with 'requests_browser' strategy...
2026-08-21 04:45:40,503 - ERROR - Error saving article Lok Sabha election 2024: Maharashtra get interesting after splits in Shiv Sena, NCP - The Economic Times: Hrana: `stream error: `Error { message: "SQLite error: UNIQUE constraint failed: articles.url", code: "SQLITE_CONSTRAINT" }``
2026-08-21 04:45:40,515 - ERROR - parsed tree length: 1, wrong data type or not valid HTML
2026-08-21 04:45:40,515 - ERROR - empty HTML tree: None
2026-08-21 04:45:40,515 - WARNING - discarding data: None
2026-08-21 04:45:40,515 - WARNING - [Wired] FAILED with 'requests_browser' (content was too short: 0 words).
2026-08-21 04:45:41,365 - INFO - [Wired] Article: https://www.wired.com/story/hotels-com-coupon/
2026-08-21 04:45:41,365 - INFO - [Wired] Attempt 2/2: Trying with 'selenium_browser' strategy...
2026-08-21 04:45:41,800 - INFO - [Economic Times] Article: https://economictimes.indiatimes.com/news/elections/lok-sabha/india/modi-charisma-key-factor-in-bjps-bid-to-retain-all-26-seats-in-gujarat/articleshow/108550858.cms
2026-08-21 04:45:41,800 - INFO - [Economic Times] Attempt 1/2: Trying with 'requests_browser' strategy...
2026-08-21 04:45:42,137 - INFO - [Economic Times] Success with 'requests_browser'. Found content (838 words).
2026-08-21 04:45:44,186 - WARNING - [The Hindu] Page get timed out (7s). Proceeding to grab partial source anyway.
2026-08-21 04:45:45,156 - INFO - [Wired] Page content loaded.
2026-08-21 04:45:45,157 - ERROR - Error saving article Modi charisma key factor in BJP's bid to retain all 26 seats in Gujarat - The Economic Times: Hrana: `stream error: `Error { message: "SQLite error: UNIQUE constraint failed: articles.url", code: "SQLITE_CONSTRAINT" }``
2026-08-21 04:45:45,412 - INFO - [Wired] Success with 'selenium_browser'. Found content (565 words).
2026-08-21 04:45:46,961 - INFO - [Economic Times] Article: https://economictimes.indiatimes.com/news/elections/lok-sabha/india/implementation-of-guarantees-decline-of-brs-favour-congress-in-telangana-bjp-aiming-for-better-show/articleshow/108548569.cms
2026-08-21 04:45:47,426 - INFO - [Economic Times] Attempt 1/2: Trying with 'requests_browser' strategy...
2026-08-21 04:45:48,403 - ERROR - Error saving article Hotels.com Coupon Codes for August 2026 | WIRED: Hrana: `stream error: `Error { message: "SQLite error: UNIQUE constraint failed: articles.url", code: "SQLITE_CONSTRAINT" }``
2026-08-21 04:45:48,429 - INFO - [Economic Times] Success with 'requests_browser'. Found content (1272 words).
2026-08-21 04:45:49,938 - INFO - [Wired] Article: https://www.wired.com/story/doordash-promo-code/
2026-08-21 04:45:50,402 - INFO - [Wired] Attempt 1/2: Trying with 'requests_browser' strategy...
2026-08-21 04:45:51,391 - WARNING - [The Hindu] Page explicit wait timed out (3s). Proceeding anyway.
2026-08-21 04:45:51,391 - ERROR - Error saving article Implementation of 'guarantees', decline of BRS favour Congress in Telangana, BJP aiming for better show - The Economic Times: Hrana: `stream error: `Error { message: "SQLite error: UNIQUE constraint failed: articles.url", code: "SQLITE_CONSTRAINT" }``
2026-08-21 04:45:51,402 - ERROR - parsed tree length: 1, wrong data type or not valid HTML
2026-08-21 04:45:51,402 - ERROR - empty HTML tree: None
2026-08-21 04:45:51,403 - WARNING - discarding data: None
2026-08-21 04:45:51,403 - WARNING - [Wired] FAILED with 'requests_browser' (content was too short: 0 words).
2026-08-21 04:45:52,115 - INFO - [Wired] Article: https://www.wired.com/story/doordash-promo-code/
2026-08-21 04:45:52,115 - INFO - [Wired] Attempt 2/2: Trying with 'selenium_browser' strategy...
2026-08-21 04:45:52,480 - INFO - [Economic Times] Article: https://economictimes.indiatimes.com/traders-bet-on-calendar-spread-as-nifty-moves-in-a-tight-range/articleshow/6302358.cms
2026-08-21 04:45:52,480 - INFO - [Economic Times] Attempt 1/2: Trying with 'requests_browser' strategy...
2026-08-21 04:45:52,785 - ERROR - parsed tree length: 1, wrong data type or not valid HTML
2026-08-21 04:45:52,786 - ERROR - empty HTML tree: None
2026-08-21 04:45:52,786 - WARNING - discarding data: None
2026-08-21 04:45:52,786 - WARNING - [Economic Times] FAILED with 'requests_browser' (content was too short: 0 words).
2026-08-21 04:45:53,381 - INFO - [Wired] Page content loaded.
2026-08-21 04:45:53,617 - INFO - [Economic Times] Article: https://economictimes.indiatimes.com/traders-bet-on-calendar-spread-as-nifty-moves-in-a-tight-range/articleshow/6302358.cms
2026-08-21 04:45:53,617 - INFO - [Economic Times] Attempt 2/2: Trying with 'selenium_browser' strategy...
2026-08-21 04:45:53,786 - INFO - [Wired] Success with 'selenium_browser'. Found content (1560 words).
2026-08-21 04:45:56,807 - ERROR - Error saving article 50% Off DoorDash Promo Code | August 2026 | WIRED: Hrana: `stream error: `Error { message: "SQLite error: UNIQUE constraint failed: articles.url", code: "SQLITE_CONSTRAINT" }``
2026-08-21 04:45:57,070 - INFO - [Economic Times] Page content loaded.
2026-08-21 04:45:57,238 - INFO - [Economic Times] Success with 'selenium_browser'. Found content (383 words).
2026-08-21 04:45:58,924 - ERROR - [The Hindu] Request failed for strategy 'selenium_browser' on URL https://www.thehindu.com/news/cities/Hyderabad/mystery-about-discovery-of-tunnel-sparks-excitement-in-500-year-old-golconda-fort-in-hyderabad/article71372065.ece: Message: timeout: Timed out receiving message from renderer: 7.000
  (Session info: chrome=152.0.7977.54)
Stacktrace:
#0 0x563f29ae928a <unknown>
#1 0x563f2944dad9 <unknown>
#2 0x563f2943556b <unknown>
#3 0x563f294351e6 <unknown>
#4 0x563f29432dc8 <unknown>
#5 0x563f2943374f <unknown>
#6 0x563f29442810 <unknown>
#7 0x563f2945c767 <unknown>
#8 0x563f2946413b <unknown>
#9 0x563f29433ea9 <unknown>
#10 0x563f2945c4c2 <unknown>
#11 0x563f294eba96 <unknown>
#12 0x563f29496e6b <unknown>
#13 0x563f29497c51 <unknown>
#14 0x563f29aad7b0 <unknown>
#15 0x563f29aabe2a <unknown>
#16 0x563f29a96ba5 <unknown>
#17 0x563f29aacaea <unknown>
#18 0x563f29a7fdf0 <unknown>
#19 0x563f29ad4178 <unknown>
#20 0x563f29ad4315 <unknown>
#21 0x563f29ae7e13 <unknown>
#22 0x7f4b7d49cb84 <unknown>
#23 0x7f4b7d529d6c <unknown>

2026-08-21 04:45:59,405 - ERROR - [The Hindu] All scrape strategies failed for https://www.thehindu.com/news/cities/Hyderabad/mystery-about-discovery-of-tunnel-sparks-excitement-in-500-year-old-golconda-fort-in-hyderabad/article71372065.ece. Falling back to RSS description.
2026-08-21 04:45:59,405 - WARNING - SKIPPED (GLOBAL WORD LIMIT): Article 'Mystery about discovery of tunnel sparks excitement in 500-year-old Golconda Fort in Hyderabad' from The Hindu has only 42 words (Min: 90).
2026-08-21 04:45:59,405 - INFO - [Wired] Article: https://www.wired.com/story/lg-promo-code/
2026-08-21 04:45:59,406 - INFO - [Wired] Attempt 1/2: Trying with 'requests_browser' strategy...
2026-08-21 04:46:00,406 - INFO - [The Hindu] Early skip: URL https://www.thehindu.com/news/national/telangana/partnership-in-crime-incubated-behind-bars-in-telangana/article71370799.ece already exists.
2026-08-21 04:46:00,407 - ERROR - Error saving article Traders bet on calendar spread as Nifty moves in a tight range - The Economic Times: Hrana: `stream error: `Error { message: "SQLite error: UNIQUE constraint failed: articles.url", code: "SQLITE_CONSTRAINT" }``
2026-08-21 04:46:00,408 - INFO - [The Hindu] Early skip: URL https://www.thehindu.com/news/national/rajasthan/local-body-polls-announced-in-rajasthan-congress-launches-panchayat-task-force-campaign/article71365559.ece already exists.
2026-08-21 04:46:00,409 - INFO - [The Hindu] Early skip: URL https://www.thehindu.com/news/national/government-allows-duty-free-import-of-10-lakh-tonnes-of-raw-sugar-until-october-31/article71370748.ece already exists.
2026-08-21 04:46:00,410 - INFO - [The Hindu] Early skip: URL https://www.thehindu.com/news/national/bihar/over-1118-lakh-permanent-houses-to-be-built-in-bihar-under-pmay-g-says-shivraj-singh-chouhan/article71369236.ece already exists.
2026-08-21 04:46:00,412 - INFO - [The Hindu] Early skip: URL https://www.thehindu.com/news/cities/Visakhapatnam/black-dust-chokes-lives-in-visakhapatnam/article71370758.ece already exists.
2026-08-21 04:46:00,413 - INFO - [The Hindu] Early skip: URL https://www.thehindu.com/news/national/uttar-pradesh/manifesting-modis-mantra-in-muzaffarnagar/article71372011.ece already exists.
2026-08-21 04:46:00,414 - INFO - [The Hindu] Early skip: URL https://www.thehindu.com/news/national/jammu-and-kashmir/in-pulwama-cricket-heals-wounds-of-the-past/article71370485.ece already exists.
2026-08-21 04:46:00,415 - INFO - [The Hindu] Early skip: URL https://www.thehindu.com/news/national/rajasthan/congress-mlas-boycott-first-days-proceedings-at-rajasthan-assembly-monsoon-session/article71369572.ece already exists.
2026-08-21 04:46:00,416 - INFO - [The Hindu] Early skip: URL https://www.thehindu.com/news/national/tharoor-calls-new-parliament-building-soulless-conference-centre-lacking-in-intimacy/article71372004.ece already exists.
2026-08-21 04:46:00,418 - INFO - [The Hindu] Article: https://www.thehindu.com/news/national/uttar-pradesh/bjp-mla-jai-devi-kaushal-alleges-caste-discrimination-at-uttar-pradesh-temple-event/article71370237.ece
2026-08-21 04:46:00,418 - INFO - [The Hindu] Attempt 1/1: Trying with 'selenium_browser' strategy...
2026-08-21 04:46:00,614 - ERROR - parsed tree length: 1, wrong data type or not valid HTML
2026-08-21 04:46:00,614 - ERROR - empty HTML tree: None
2026-08-21 04:46:00,614 - WARNING - discarding data: None
2026-08-21 04:46:00,614 - WARNING - [Wired] FAILED with 'requests_browser' (content was too short: 0 words).
2026-08-21 04:46:01,121 - INFO - [Economic Times] Article: https://economictimes.indiatimes.com/nifty-may-find-support-at-5300-level/articleshow/6296017.cms
2026-08-21 04:46:01,121 - INFO - [Economic Times] Attempt 1/2: Trying with 'requests_browser' strategy...
2026-08-21 04:46:01,358 - INFO - [Wired] Article: https://www.wired.com/story/lg-promo-code/
2026-08-21 04:46:01,358 - INFO - [Wired] Attempt 2/2: Trying with 'selenium_browser' strategy...
2026-08-21 04:46:01,467 - ERROR - parsed tree length: 1, wrong data type or not valid HTML
2026-08-21 04:46:01,468 - ERROR - empty HTML tree: None
2026-08-21 04:46:01,468 - WARNING - discarding data: None
2026-08-21 04:46:01,468 - WARNING - [Economic Times] FAILED with 'requests_browser' (content was too short: 0 words).
2026-08-21 04:46:02,047 - INFO - [Economic Times] Article: https://economictimes.indiatimes.com/nifty-may-find-support-at-5300-level/articleshow/6296017.cms
2026-08-21 04:46:02,047 - INFO - [Economic Times] Attempt 2/2: Trying with 'selenium_browser' strategy...
2026-08-21 04:46:06,682 - INFO - [Wired] Page content loaded.
2026-08-21 04:46:07,875 - INFO - [Wired] Success with 'selenium_browser'. Found content (925 words).
2026-08-21 04:46:11,075 - ERROR - Error saving article LG Promo Codes and Coupons for August 2026 | WIRED: Hrana: `stream error: `Error { message: "SQLite error: UNIQUE constraint failed: articles.url", code: "SQLITE_CONSTRAINT" }``
2026-08-21 04:46:11,686 - INFO - [Wired] Article: https://www.wired.com/story/loop-earplugs-discount-code/
2026-08-21 04:46:11,686 - INFO - [Wired] Attempt 1/2: Trying with 'requests_browser' strategy...
2026-08-21 04:46:11,914 - ERROR - parsed tree length: 1, wrong data type or not valid HTML
2026-08-21 04:46:11,914 - ERROR - empty HTML tree: None
2026-08-21 04:46:11,915 - WARNING - discarding data: None
2026-08-21 04:46:11,915 - WARNING - [Wired] FAILED with 'requests_browser' (content was too short: 0 words).
2026-08-21 04:46:12,610 - INFO - [Wired] Article: https://www.wired.com/story/loop-earplugs-discount-code/
2026-08-21 04:46:12,610 - INFO - [Wired] Attempt 2/2: Trying with 'selenium_browser' strategy...
2026-08-21 04:46:14,487 - WARNING - [The Hindu] Page get timed out (7s). Proceeding to grab partial source anyway.
2026-08-21 04:46:15,318 - INFO - [Wired] Page content loaded.
2026-08-21 04:46:15,858 - INFO - [Wired] Success with 'selenium_browser'. Found content (1351 words).
2026-08-21 04:46:18,031 - INFO - [Economic Times] Page content loaded.
2026-08-21 04:46:18,982 - ERROR - Error saving article Loop Earplugs Discount Codes: 40% Off | WIRED: Hrana: `stream error: `Error { message: "SQLite error: UNIQUE constraint failed: articles.url", code: "SQLITE_CONSTRAINT" }``
2026-08-21 04:46:19,064 - INFO - [Economic Times] Success with 'selenium_browser'. Found content (773 words).
2026-08-21 04:46:20,656 - INFO - [Wired] Article: https://www.wired.com/story/wayfair-promo-code/
2026-08-21 04:46:21,134 - INFO - [Wired] Attempt 1/2: Trying with 'requests_browser' strategy...
2026-08-21 04:46:22,090 - WARNING - [The Hindu] Page explicit wait timed out (3s). Proceeding anyway.
2026-08-21 04:46:22,090 - ERROR - Error saving article Nifty may find support at 5300 level - The Economic Times: Hrana: `stream error: `Error { message: "SQLite error: UNIQUE constraint failed: articles.url", code: "SQLITE_CONSTRAINT" }``
2026-08-21 04:46:22,136 - ERROR - parsed tree length: 1, wrong data type or not valid HTML
2026-08-21 04:46:22,137 - ERROR - empty HTML tree: None
2026-08-21 04:46:22,138 - WARNING - discarding data: None
2026-08-21 04:46:22,139 - WARNING - [Wired] FAILED with 'requests_browser' (content was too short: 0 words).
2026-08-21 04:46:22,732 - INFO - [Wired] Article: https://www.wired.com/story/wayfair-promo-code/
2026-08-21 04:46:22,732 - INFO - [Wired] Attempt 2/2: Trying with 'selenium_browser' strategy...
2026-08-21 04:46:23,030 - INFO - [Economic Times] Article: https://economictimes.indiatimes.com/seven-out-of-top-10-asian-small-cap-funds-are-indian/articleshow/6295976.cms
2026-08-21 04:46:23,030 - INFO - [Economic Times] Attempt 1/2: Trying with 'requests_browser' strategy...
2026-08-21 04:46:23,332 - ERROR - parsed tree length: 1, wrong data type or not valid HTML
2026-08-21 04:46:23,333 - ERROR - empty HTML tree: None
2026-08-21 04:46:23,333 - WARNING - discarding data: None
2026-08-21 04:46:23,333 - WARNING - [Economic Times] FAILED with 'requests_browser' (content was too short: 0 words).
2026-08-21 04:46:23,920 - INFO - [Economic Times] Article: https://economictimes.indiatimes.com/seven-out-of-top-10-asian-small-cap-funds-are-indian/articleshow/6295976.cms
2026-08-21 04:46:23,920 - INFO - [Economic Times] Attempt 2/2: Trying with 'selenium_browser' strategy...
2026-08-21 04:46:25,493 - INFO - [Wired] Page content loaded.
2026-08-21 04:46:25,602 - INFO - [Economic Times] Page content loaded.
2026-08-21 04:46:25,915 - INFO - [Economic Times] Success with 'selenium_browser'. Found content (607 words).
2026-08-21 04:46:26,279 - INFO - [Wired] Success with 'selenium_browser'. Found content (784 words).
2026-08-21 04:46:34,287 - ERROR - [The Hindu] Request failed for strategy 'selenium_browser' on URL https://www.thehindu.com/news/national/uttar-pradesh/bjp-mla-jai-devi-kaushal-alleges-caste-discrimination-at-uttar-pradesh-temple-event/article71370237.ece: Message: timeout: Timed out receiving message from renderer: 7.000
  (Session info: chrome=152.0.7977.54)
Stacktrace:
#0 0x563f29ae928a <unknown>
#1 0x563f2944dad9 <unknown>
#2 0x563f2943556b <unknown>
#3 0x563f294351e6 <unknown>
#4 0x563f29432dc8 <unknown>
#5 0x563f2943374f <unknown>
#6 0x563f29442810 <unknown>
#7 0x563f2945c767 <unknown>
#8 0x563f2946413b <unknown>
#9 0x563f29433ea9 <unknown>
#10 0x563f2945c4c2 <unknown>
#11 0x563f294eba96 <unknown>
#12 0x563f29496e6b <unknown>
#13 0x563f29497c51 <unknown>
#14 0x563f29aad7b0 <unknown>
#15 0x563f29aabe2a <unknown>
#16 0x563f29a96ba5 <unknown>
#17 0x563f29aacaea <unknown>
#18 0x563f29a7fdf0 <unknown>
#19 0x563f29ad4178 <unknown>
#20 0x563f29ad4315 <unknown>
#21 0x563f29ae7e13 <unknown>
#22 0x7f4b7d49cb84 <unknown>
#23 0x7f4b7d529d6c <unknown>

2026-08-21 04:46:34,293 - ERROR - [The Hindu] All scrape strategies failed for https://www.thehindu.com/news/national/uttar-pradesh/bjp-mla-jai-devi-kaushal-alleges-caste-discrimination-at-uttar-pradesh-temple-event/article71370237.ece. Falling back to RSS description.
2026-08-21 04:46:34,293 - WARNING - SKIPPED (GLOBAL WORD LIMIT): Article 'BJP MLA Jai Devi Kaushal alleges caste discrimination at Uttar Pradesh temple event' from The Hindu has only 20 words (Min: 90).
2026-08-21 04:46:35,800 - ERROR - Error saving article Seven out of top 10 Asian small-cap funds are Indian - The Economic Times: Hrana: `stream error: `Error { message: "SQLite error: UNIQUE constraint failed: articles.url", code: "SQLITE_CONSTRAINT" }``
2026-08-21 04:46:35,801 - INFO - [The Hindu] Early skip: URL https://www.thehindu.com/news/cities/Delhi/sajjan-kumar-former-congress-mp-convicted-in-anti-sikh-riots-case-passes-away/article71368388.ece already exists.
2026-08-21 04:46:35,806 - INFO - [The Hindu] Early skip: URL https://www.thehindu.com/news/national/lawyers-protest-outside-bci-office-demand-chairman-manan-mishras-resignation-amid-nalsar-row/article71368148.ece already exists.
2026-08-21 04:46:35,807 - INFO - [The Hindu] Early skip: URL https://www.thehindu.com/news/national/tarun-tejpal-appeals-in-supreme-court-against-10-year-term-in-2013-rape-case/article71368147.ece already exists.
2026-08-21 04:46:35,808 - INFO - [The Hindu] Early skip: URL https://www.thehindu.com/news/national/west-bengal/jadavpur-university-violence-abvp-and-sfi-supporters-clash/article71368039.ece already exists.
2026-08-21 04:46:35,809 - INFO - [The Hindu] Early skip: URL https://www.thehindu.com/news/national/supreme-court-upholds-definition-of-industry-as-per-industrial-relations-code-2020/article71367986.ece already exists.
2026-08-21 04:46:35,810 - INFO - [The Hindu] Early skip: URL https://www.thehindu.com/news/national/madhya-pradesh/gen-alpha-student-protest-in-madhya-pradesh-ujjain-school-mergers/article71368399.ece already exists.
2026-08-21 04:46:35,812 - INFO - [The Hindu] Early skip: URL https://www.thehindu.com/news/national/uttar-pradesh/bank-employee-kills-wife-sister-before-shooting-self-in-lucknow/article71368672.ece already exists.
2026-08-21 04:46:35,813 - INFO - [The Hindu] Early skip: URL https://www.thehindu.com/news/national/kerala/deliveries-at-keralams-kozhikode-government-women-and-childrens-hospital-decline/article71368209.ece already exists.
2026-08-21 04:46:35,814 - INFO - [The Hindu] Early skip: URL https://www.thehindu.com/news/national/jammu-and-kashmir/us-envoy-sergio-gors-jk-remarks-evoke-mixed-reactions/article71370329.ece already exists.
2026-08-21 04:46:35,815 - INFO - [The Hindu] Early skip: URL https://www.thehindu.com/news/national/jammu-and-kashmir/need-for-phones-with-8-gb-ram-raises-concern-among-census-enumerators-in-jk/article71370606.ece already exists.
2026-08-21 04:46:35,816 - INFO - [The Hindu] Early skip: URL https://www.thehindu.com/news/national/tamil-nadu/construction-activities-around-pallikaranai-marshland-can-be-regulated-not-banned-tnswa-tells-madras-high-court/article71369543.ece already exists.
2026-08-21 04:46:35,818 - INFO - [The Hindu] Article: https://www.thehindu.com/news/national/kerala/dpr-for-calicut-varsitys-ascent-project-to-be-ready-soon/article71365583.ece
2026-08-21 04:46:35,818 - INFO - [The Hindu] Attempt 1/1: Trying with 'selenium_browser' strategy...
2026-08-21 04:46:37,300 - INFO - [Economic Times] Article: https://economictimes.indiatimes.com/inflation-reflects-growth-dynamics-in-india-christopher-wood/articleshow/6274053.cms
2026-08-21 04:46:37,777 - INFO - [Economic Times] Attempt 1/2: Trying with 'requests_browser' strategy...
2026-08-21 04:46:38,799 - ERROR - Error saving article Wayfair Coupons: Up to 80% Off August 2026 | WIRED: Hrana: `stream error: `Error { message: "SQLite error: UNIQUE constraint failed: articles.url", code: "SQLITE_CONSTRAINT" }``
2026-08-21 04:46:38,806 - ERROR - parsed tree length: 1, wrong data type or not valid HTML
2026-08-21 04:46:38,806 - ERROR - empty HTML tree: None
2026-08-21 04:46:38,806 - WARNING - discarding data: None
2026-08-21 04:46:38,806 - WARNING - [Economic Times] FAILED with 'requests_browser' (content was too short: 0 words).
2026-08-21 04:46:39,726 - INFO - [Wired] Article: https://www.wired.com/story/ulta-coupon/
2026-08-21 04:46:39,726 - INFO - [Wired] Attempt 1/2: Trying with 'requests_browser' strategy...
2026-08-21 04:46:39,743 - INFO - [Economic Times] Article: https://economictimes.indiatimes.com/inflation-reflects-growth-dynamics-in-india-christopher-wood/articleshow/6274053.cms
2026-08-21 04:46:39,743 - INFO - [Economic Times] Attempt 2/2: Trying with 'selenium_browser' strategy...
2026-08-21 04:46:39,892 - ERROR - parsed tree length: 1, wrong data type or not valid HTML
2026-08-21 04:46:39,892 - ERROR - empty HTML tree: None
2026-08-21 04:46:39,892 - WARNING - discarding data: None
2026-08-21 04:46:39,892 - WARNING - [Wired] FAILED with 'requests_browser' (content was too short: 0 words).
2026-08-21 04:46:40,466 - INFO - [Wired] Article: https://www.wired.com/story/ulta-coupon/
2026-08-21 04:46:40,467 - INFO - [Wired] Attempt 2/2: Trying with 'selenium_browser' strategy...
2026-08-21 04:46:41,924 - INFO - [Economic Times] Page content loaded.
2026-08-21 04:46:42,683 - INFO - [Wired] Page content loaded.
2026-08-21 04:46:43,255 - INFO - [Economic Times] Success with 'selenium_browser'. Found content (4404 words).
2026-08-21 04:46:43,622 - INFO - [Wired] Success with 'selenium_browser'. Found content (1205 words).
2026-08-21 04:46:46,731 - ERROR - Error saving article Inflation reflects growth dynamics in India: Christopher Wood - The Economic Times: Hrana: `stream error: `Error { message: "SQLite error: UNIQUE constraint failed: articles.url", code: "SQLITE_CONSTRAINT" }``
2026-08-21 04:46:48,400 - INFO - [Economic Times] Article: https://economictimes.indiatimes.com/market-may-trade-in-a-range-but-fiis-seen-sold-on-india/articleshow/6277705.cms
2026-08-21 04:46:48,872 - INFO - [Economic Times] Attempt 1/2: Trying with 'requests_browser' strategy...
2026-08-21 04:46:49,821 - ERROR - Error saving article Ulta Promo Codes: Up to 20% Off in August 2026 | WIRED: Hrana: `stream error: `Error { message: "SQLite error: UNIQUE constraint failed: articles.url", code: "SQLITE_CONSTRAINT" }``
2026-08-21 04:46:49,827 - ERROR - parsed tree length: 1, wrong data type or not valid HTML
2026-08-21 04:46:49,827 - ERROR - empty HTML tree: None
2026-08-21 04:46:49,827 - WARNING - discarding data: None
2026-08-21 04:46:49,827 - WARNING - [Economic Times] FAILED with 'requests_browser' (content was too short: 0 words).
2026-08-21 04:46:49,877 - WARNING - [The Hindu] Page get timed out (7s). Proceeding to grab partial source anyway.
2026-08-21 04:46:50,705 - INFO - [Economic Times] Article: https://economictimes.indiatimes.com/market-may-trade-in-a-range-but-fiis-seen-sold-on-india/articleshow/6277705.cms
2026-08-21 04:46:50,705 - INFO - [Economic Times] Attempt 2/2: Trying with 'selenium_browser' strategy...
2026-08-21 04:46:50,971 - INFO - [Wired] Article: https://www.wired.com/story/newegg-promo-code/
2026-08-21 04:46:50,971 - INFO - [Wired] Attempt 1/2: Trying with 'requests_browser' strategy...
2026-08-21 04:46:51,235 - ERROR - parsed tree length: 1, wrong data type or not valid HTML
2026-08-21 04:46:51,235 - ERROR - empty HTML tree: None
2026-08-21 04:46:51,235 - WARNING - discarding data: None
2026-08-21 04:46:51,235 - WARNING - [Wired] FAILED with 'requests_browser' (content was too short: 0 words).
2026-08-21 04:46:51,795 - INFO - [Wired] Article: https://www.wired.com/story/newegg-promo-code/
2026-08-21 04:46:51,795 - INFO - [Wired] Attempt 2/2: Trying with 'selenium_browser' strategy...
2026-08-21 04:46:51,992 - INFO - [Economic Times] Page content loaded.
2026-08-21 04:46:52,159 - INFO - [Economic Times] Success with 'selenium_browser'. Found content (809 words).
2026-08-21 04:46:55,360 - INFO - [Wired] Page content loaded.
2026-08-21 04:46:55,361 - ERROR - Error saving article Market may trade in a range, but FIIs seen sold on India - The Economic Times: Hrana: `stream error: `Error { message: "SQLite error: UNIQUE constraint failed: articles.url", code: "SQLITE_CONSTRAINT" }``
2026-08-21 04:46:55,713 - INFO - [Wired] Success with 'selenium_browser'. Found content (1418 words).
2026-08-21 04:46:57,277 - INFO - [Economic Times] Article: https://economictimes.indiatimes.com/dont-bank-only-on-price-to-earning-ratio/articleshow/6278228.cms
2026-08-21 04:46:57,279 - INFO - [Economic Times] Attempt 1/2: Trying with 'requests_browser' strategy...
2026-08-21 04:46:57,279 - WARNING - [The Hindu] Page explicit wait timed out (3s). Proceeding anyway.
2026-08-21 04:46:58,744 - ERROR - Error saving article Newegg Promo Codes and Coupons for August 2026 | WIRED: Hrana: `stream error: `Error { message: "SQLite error: UNIQUE constraint failed: articles.url", code: "SQLITE_CONSTRAINT" }``
2026-08-21 04:46:58,750 - ERROR - parsed tree length: 1, wrong data type or not valid HTML
2026-08-21 04:46:58,751 - ERROR - empty HTML tree: None
2026-08-21 04:46:58,751 - WARNING - discarding data: None
2026-08-21 04:46:58,751 - WARNING - [Economic Times] FAILED with 'requests_browser' (content was too short: 0 words).
2026-08-21 04:46:59,714 - INFO - [Economic Times] Article: https://economictimes.indiatimes.com/dont-bank-only-on-price-to-earning-ratio/articleshow/6278228.cms
2026-08-21 04:46:59,714 - INFO - [Economic Times] Attempt 2/2: Trying with 'selenium_browser' strategy...
2026-08-21 04:46:59,808 - INFO - [Wired] Article: https://www.wired.com/story/whoop-promo-code/
2026-08-21 04:46:59,808 - INFO - [Wired] Attempt 1/2: Trying with 'requests_browser' strategy...
2026-08-21 04:46:59,968 - ERROR - parsed tree length: 1, wrong data type or not valid HTML
2026-08-21 04:46:59,968 - ERROR - empty HTML tree: None
2026-08-21 04:46:59,968 - WARNING - discarding data: None
2026-08-21 04:46:59,968 - WARNING - [Wired] FAILED with 'requests_browser' (content was too short: 0 words).
2026-08-21 04:47:00,810 - INFO - [Wired] Article: https://www.wired.com/story/whoop-promo-code/
2026-08-21 04:47:00,811 - INFO - [Wired] Attempt 2/2: Trying with 'selenium_browser' strategy...
2026-08-21 04:47:01,330 - INFO - [Economic Times] Page content loaded.
2026-08-21 04:47:01,587 - INFO - [Economic Times] Success with 'selenium_browser'. Found content (447 words).
2026-08-21 04:47:04,760 - INFO - [Wired] Page content loaded.
2026-08-21 04:47:04,760 - ERROR - Error saving article 'Don't bank only on price-to-earning ratio' - The Economic Times: Hrana: `stream error: `Error { message: "SQLite error: UNIQUE constraint failed: articles.url", code: "SQLITE_CONSTRAINT" }``
2026-08-21 04:47:04,761 - ERROR - [The Hindu] Request failed for strategy 'selenium_browser' on URL https://www.thehindu.com/news/national/kerala/dpr-for-calicut-varsitys-ascent-project-to-be-ready-soon/article71365583.ece: Message: timeout: Timed out receiving message from renderer: 7.000
  (Session info: chrome=152.0.7977.54)
Stacktrace:
#0 0x563f29ae928a <unknown>
#1 0x563f2944dad9 <unknown>
#2 0x563f29434205 <unknown>
#3 0x563f2945bfcb <unknown>
#4 0x563f294eba96 <unknown>
#5 0x563f29496e6b <unknown>
#6 0x563f29497c51 <unknown>
#7 0x563f29aad7b0 <unknown>
#8 0x563f29aabe2a <unknown>
#9 0x563f29a96ba5 <unknown>
#10 0x563f29aacaea <unknown>
#11 0x563f29a7fdf0 <unknown>
#12 0x563f29ad4178 <unknown>
#13 0x563f29ad4315 <unknown>
#14 0x563f29ae7e13 <unknown>
#15 0x7f4b7d49cb84 <unknown>
#16 0x7f4b7d529d6c <unknown>

2026-08-21 04:47:04,761 - ERROR - [The Hindu] All scrape strategies failed for https://www.thehindu.com/news/national/kerala/dpr-for-calicut-varsitys-ascent-project-to-be-ready-soon/article71365583.ece. Falling back to RSS description.
2026-08-21 04:47:04,761 - WARNING - SKIPPED (GLOBAL WORD LIMIT): Article 'DPR for Calicut varsity’s ASCENT project to be ready soon' from The Hindu has only 29 words (Min: 90).
2026-08-21 04:47:05,099 - INFO - [Wired] Success with 'selenium_browser'. Found content (958 words).
2026-08-21 04:47:06,684 - INFO - [Economic Times] Article: https://economictimes.indiatimes.com/markets/stocks/recos/prabhudas-lilladher-has-a-reduce-rating-on-infosys/articleshow/3798718.cms
2026-08-21 04:47:06,685 - INFO - [The Hindu] Early skip: URL https://www.thehindu.com/news/national/karnataka/barracuda-networks-opens-five-cybersecurity-coes-in-karnataka/article71369573.ece already exists.
2026-08-21 04:47:06,685 - INFO - [Economic Times] Attempt 1/2: Trying with 'requests_browser' strategy...
2026-08-21 04:47:06,689 - INFO - [The Hindu] Early skip: URL https://www.thehindu.com/news/national/uttar-pradesh/noida-workers-agitationplea-in-allahabad-high-court-to-club-multiple-firs/article71370787.ece already exists.
2026-08-21 04:47:07,160 - INFO - [The Hindu] Early skip: URL https://www.thehindu.com/news/national/tamil-nadu/nta-and-nep-have-only-helped-private-coaching-institutions-flourish-says-student-leader-neha-bora/article71370349.ece already exists.
2026-08-21 04:47:08,116 - INFO - [The Hindu] Early skip: URL https://www.thehindu.com/news/national/karnataka/job-card-mela-launched-across-mysuru-district-to-strengthen-vb-g-ram-g/article71370230.ece already exists.
2026-08-21 04:47:08,116 - ERROR - Error saving article Whoop Promo Codes: 20% Off This August 2026 | WIRED: Hrana: `stream error: `Error { message: "SQLite error: UNIQUE constraint failed: articles.url", code: "SQLITE_CONSTRAINT" }``
2026-08-21 04:47:08,117 - INFO - [The Hindu] Early skip: URL https://www.thehindu.com/news/national/wider-engagement-with-universities-and-youth-can-bring-new-unconventional-ideas-pm-modi/article71370829.ece already exists.
2026-08-21 04:47:08,120 - INFO - [The Hindu] Early skip: URL https://www.thehindu.com/news/national/kerala/when-adventurism-takes-a-dangerous-turn/article71366638.ece already exists.
2026-08-21 04:47:08,121 - INFO - [The Hindu] Early skip: URL https://www.thehindu.com/news/national/kerala/iuml-orders-probe-into-resolution-against-minister-basheer-jaleel-questions-ed-silence/article71369788.ece already exists.
2026-08-21 04:47:08,121 - ERROR - parsed tree length: 1, wrong data type or not valid HTML
2026-08-21 04:47:08,122 - ERROR - empty HTML tree: None
2026-08-21 04:47:08,122 - WARNING - discarding data: None
2026-08-21 04:47:08,122 - WARNING - [Economic Times] FAILED with 'requests_browser' (content was too short: 0 words).
2026-08-21 04:47:08,122 - INFO - [The Hindu] Early skip: URL https://www.thehindu.com/news/national/telangana/nearly-20-lakh-students-awaiting-fee-reimbursement/article71370331.ece already exists.
2026-08-21 04:47:08,124 - INFO - [The Hindu] Early skip: URL https://www.thehindu.com/news/national/kerala/150-mundakkai-chooralmala-families-to-get-2-lakh-livelihood-assistance/article71369627.ece already exists.
2026-08-21 04:47:08,125 - INFO - [The Hindu] Early skip: URL https://www.thehindu.com/news/national/telangana/ktr-backs-polytechnic-students-agitation/article71370534.ece already exists.
2026-08-21 04:47:08,126 - INFO - [The Hindu] Early skip: URL https://www.thehindu.com/news/national/maharashtra/cm-selling-mumbais-open-land-to-bjp-mlas-and-friend-aaditya-thackeray/article71369426.ece already exists.
2026-08-21 04:47:08,127 - INFO - [The Hindu] Early skip: URL https://www.thehindu.com/news/national/assam-meghalaya-cms-call-for-peace-after-rioting-in-shillong/article71370310.ece already exists.
2026-08-21 04:47:08,129 - INFO - [The Hindu] Early skip: URL https://www.thehindu.com/news/national/meghalaya/assam-transporters-blockade-meghalaya-vehicles-after-violence-at-shillong-students-rally/article71368845.ece already exists.
2026-08-21 04:47:08,130 - INFO - [The Hindu] Early skip: URL https://www.thehindu.com/news/cities/Visakhapatnam/ukg-student-dies-after-teacher-tries-to-strip-slaps-him-in-visakhapatnam-classroom/article71368713.ece already exists.
2026-08-21 04:47:08,131 - INFO - [The Hindu] Early skip: URL https://www.thehindu.com/news/national/karnataka/karnataka-third-highest-contributor-to-pollution-among-southern-states/article71366263.ece already exists.
2026-08-21 04:47:08,133 - INFO - [The Hindu] Early skip: URL https://www.thehindu.com/news/national/andhra-pradesh/public-hearing-on-visakhapatnams-czmp-on-september-2/article71368835.ece already exists.
2026-08-21 04:47:08,134 - INFO - [The Hindu] Early skip: URL https://www.thehindu.com/news/national/tamil-nadu/congress-will-return-to-power-at-centre-in-2029-says-kc-venugopal/article71370061.ece already exists.
2026-08-21 04:47:08,135 - INFO - [The Hindu] Early skip: URL https://www.thehindu.com/news/national/karnataka/caste-survey-report-figures-in-discussion-on-devaraja-urs/article71370239.ece already exists.
2026-08-21 04:47:08,136 - INFO - [The Hindu] Early skip: URL https://www.thehindu.com/news/national/andhra-pradesh/officials-review-logistics-security-for-brics-delegates/article71369893.ece already exists.
2026-08-21 04:47:08,138 - INFO - [The Hindu] Early skip: URL https://www.thehindu.com/news/national/andhra-pradesh/godavari-tragedy-second-body-recovered/article71370614.ece already exists.
2026-08-21 04:47:08,139 - INFO - [The Hindu] Early skip: URL https://www.thehindu.com/news/national/andhra-pradesh/gvmc-steps-up-preparations-for-corporation-elections/article71370025.ece already exists.
2026-08-21 04:47:08,140 - INFO - [The Hindu] Early skip: URL https://www.thehindu.com/news/national/karnataka/dubai-invests-93-billion-across-147-projects-in-india-over-10-years/article71370085.ece already exists.
2026-08-21 04:47:08,141 - INFO - [The Hindu] Early skip: URL https://www.thehindu.com/news/national/there-was-fire-everywhere-1984-riot-survivors-recall-the-horror-after-sajjan-kumars-death/article71369545.ece already exists.
2026-08-21 04:47:08,143 - INFO - [The Hindu] Early skip: URL https://www.thehindu.com/news/national/telangana/ap-rajya-sabha-mps-son-booked-after-aston-martin-fatally-hits-woman-near-inorbit-mall-in-hyderabad/article71370634.ece already exists.
2026-08-21 04:47:08,144 - INFO - [The Hindu] Early skip: URL https://www.thehindu.com/news/national/plea-in-supreme-court-seeks-cbi-probe-into-allegations-of-jharkhand-jpsc-exam-irregularities/article71370445.ece already exists.
2026-08-21 04:47:08,145 - INFO - [The Hindu] Early skip: URL https://www.thehindu.com/news/national/manipur/congress-seeks-postponement-of-census-in-manipur-cites-displacement/article71370414.ece already exists.
2026-08-21 04:47:08,146 - INFO - [The Hindu] Early skip: URL https://www.thehindu.com/news/national/opposition-accuses-government-of-pushing-rss-agenda-on-ncert-textbooks/article71370373.ece already exists.
2026-08-21 04:47:08,148 - INFO - [The Hindu] Early skip: URL https://www.thehindu.com/news/national/manipur/manipur-economy-set-back-by-a-decade-no-roads-investments-in-hill-districts-says-npf-mla/article71370311.ece already exists.
2026-08-21 04:47:08,149 - INFO - [The Hindu] (Thread) Finished. Attempting to shut down its Selenium driver.
2026-08-21 04:47:08,293 - INFO - [The Hindu] (Thread) driver.quit() successful.
2026-08-21 04:47:09,116 - INFO - [Economic Times] Article: https://economictimes.indiatimes.com/markets/stocks/recos/prabhudas-lilladher-has-a-reduce-rating-on-infosys/articleshow/3798718.cms
2026-08-21 04:47:09,116 - INFO - [Economic Times] Attempt 2/2: Trying with 'selenium_browser' strategy...
2026-08-21 04:47:09,599 - INFO - [Wired] Article: https://www.wired.com/story/att-promo-code/
2026-08-21 04:47:09,599 - INFO - [Wired] Attempt 1/2: Trying with 'requests_browser' strategy...
2026-08-21 04:47:09,788 - ERROR - parsed tree length: 1, wrong data type or not valid HTML
2026-08-21 04:47:09,788 - ERROR - empty HTML tree: None
2026-08-21 04:47:09,788 - WARNING - discarding data: None
2026-08-21 04:47:09,789 - WARNING - [Wired] FAILED with 'requests_browser' (content was too short: 0 words).
2026-08-21 04:47:10,370 - INFO - [Wired] Article: https://www.wired.com/story/att-promo-code/
2026-08-21 04:47:10,370 - INFO - [Wired] Attempt 2/2: Trying with 'selenium_browser' strategy...
2026-08-21 04:47:10,682 - INFO - [Economic Times] Page content loaded.
2026-08-21 04:47:10,973 - INFO - [Economic Times] Success with 'selenium_browser'. Found content (438 words).
2026-08-21 04:47:13,159 - INFO - [Wired] Page content loaded.
2026-08-21 04:47:14,114 - ERROR - Error saving article Prabhudas Lilladher has a ‘reduce’ rating on Infosys - The Economic Times: Hrana: `stream error: `Error { message: "SQLite error: UNIQUE constraint failed: articles.url", code: "SQLITE_CONSTRAINT" }``
2026-08-21 04:47:14,433 - INFO - [Wired] Success with 'selenium_browser'. Found content (1953 words).
2026-08-21 04:47:16,080 - INFO - [Economic Times] Article: https://economictimes.indiatimes.com/markets/stocks/recos/fin-crisis-too-late-and-too-little-done-in-us/articleshow/3794549.cms
2026-08-21 04:47:16,563 - INFO - [Economic Times] Attempt 1/2: Trying with 'requests_browser' strategy...
2026-08-21 04:47:17,572 - ERROR - Error saving article AT&T Promo Codes: $50 Off This August 2026 | WIRED: Hrana: `stream error: `Error { message: "SQLite error: UNIQUE constraint failed: articles.url", code: "SQLITE_CONSTRAINT" }``
2026-08-21 04:47:17,576 - ERROR - parsed tree length: 1, wrong data type or not valid HTML
2026-08-21 04:47:17,577 - ERROR - empty HTML tree: None
2026-08-21 04:47:17,577 - WARNING - discarding data: None
2026-08-21 04:47:17,577 - WARNING - [Economic Times] FAILED with 'requests_browser' (content was too short: 0 words).
2026-08-21 04:47:18,292 - INFO - [Economic Times] Article: https://economictimes.indiatimes.com/markets/stocks/recos/fin-crisis-too-late-and-too-little-done-in-us/articleshow/3794549.cms
2026-08-21 04:47:18,292 - INFO - [Economic Times] Attempt 2/2: Trying with 'selenium_browser' strategy...
2026-08-21 04:47:19,024 - INFO - [Wired] Article: https://www.wired.com/story/dyson-cordless-vacuum-promo-code/
2026-08-21 04:47:19,024 - INFO - [Wired] Attempt 1/2: Trying with 'requests_browser' strategy...
2026-08-21 04:47:19,228 - ERROR - parsed tree length: 1, wrong data type or not valid HTML
2026-08-21 04:47:19,229 - ERROR - empty HTML tree: None
2026-08-21 04:47:19,229 - WARNING - discarding data: None
2026-08-21 04:47:19,229 - WARNING - [Wired] FAILED with 'requests_browser' (content was too short: 0 words).
2026-08-21 04:47:19,780 - INFO - [Economic Times] Page content loaded.
2026-08-21 04:47:19,845 - INFO - [Wired] Article: https://www.wired.com/story/dyson-cordless-vacuum-promo-code/
2026-08-21 04:47:19,845 - INFO - [Wired] Attempt 2/2: Trying with 'selenium_browser' strategy...
2026-08-21 04:47:19,880 - INFO - [Economic Times] Success with 'selenium_browser'. Found content (868 words).
2026-08-21 04:47:22,974 - ERROR - Error saving article Fin Crisis: Too late and too little done in US - The Economic Times: Hrana: `stream error: `Error { message: "SQLite error: UNIQUE constraint failed: articles.url", code: "SQLITE_CONSTRAINT" }``
2026-08-21 04:47:23,200 - INFO - [Wired] Page content loaded.
2026-08-21 04:47:23,856 - INFO - [Wired] Success with 'selenium_browser'. Found content (1364 words).
2026-08-21 04:47:23,995 - INFO - [Economic Times] Article: https://economictimes.indiatimes.com/markets/forex/weak-rupee-takes-its-toll-on-cos-with-huge-foreign-debt/articleshow/3546158.cms
2026-08-21 04:47:24,000 - INFO - [Economic Times] Attempt 1/2: Trying with 'requests_browser' strategy...
2026-08-21 04:47:27,020 - ERROR - Error saving article Dyson Promo Codes: 25% Off in August 2026 | WIRED: Hrana: `stream error: `Error { message: "SQLite error: UNIQUE constraint failed: articles.url", code: "SQLITE_CONSTRAINT" }``
2026-08-21 04:47:27,020 - ERROR - parsed tree length: 1, wrong data type or not valid HTML
2026-08-21 04:47:27,020 - ERROR - empty HTML tree: None
2026-08-21 04:47:27,020 - WARNING - discarding data: None
2026-08-21 04:47:27,020 - WARNING - [Economic Times] FAILED with 'requests_browser' (content was too short: 0 words).
2026-08-21 04:47:27,733 - INFO - [Economic Times] Article: https://economictimes.indiatimes.com/markets/forex/weak-rupee-takes-its-toll-on-cos-with-huge-foreign-debt/articleshow/3546158.cms
2026-08-21 04:47:27,733 - INFO - [Economic Times] Attempt 2/2: Trying with 'selenium_browser' strategy...
2026-08-21 04:47:28,115 - INFO - [Wired] Early skip: URL https://www.wired.com/story/squeeze-more-juice-out-of-a-dead-battery/ already exists.
2026-08-21 04:47:28,117 - INFO - [Wired] Early skip: URL https://www.wired.com/story/garmin-deals-august-2026/ already exists.
2026-08-21 04:47:28,119 - INFO - [Wired] Early skip: URL https://www.wired.com/story/openai-overhauls-safety-protocols-after-its-ai-agents-went-rogue/ already exists.
2026-08-21 04:47:28,120 - INFO - [Wired] (Thread) Finished. Attempting to shut down its Selenium driver.
2026-08-21 04:47:28,225 - INFO - [Wired] (Thread) driver.quit() successful.
2026-08-21 04:47:29,283 - INFO - [Economic Times] Page content loaded.
2026-08-21 04:47:29,446 - INFO - [Economic Times] Success with 'selenium_browser'. Found content (482 words).
2026-08-21 04:47:32,438 - ERROR - Error saving article Weak rupee takes its toll on cos with huge foreign debt - The Economic Times: Hrana: `stream error: `Error { message: "SQLite error: UNIQUE constraint failed: articles.url", code: "SQLITE_CONSTRAINT" }``
2026-08-21 04:47:32,959 - INFO - [Economic Times] Article: https://economictimes.indiatimes.com/markets/stocks/recos/wait-for-more-signals-before-turning-positive/articleshow/3292640.cms
2026-08-21 04:47:32,960 - INFO - [Economic Times] Attempt 1/2: Trying with 'requests_browser' strategy...
2026-08-21 04:47:33,257 - ERROR - parsed tree length: 1, wrong data type or not valid HTML
2026-08-21 04:47:33,257 - ERROR - empty HTML tree: None
2026-08-21 04:47:33,257 - WARNING - discarding data: None
2026-08-21 04:47:33,257 - WARNING - [Economic Times] FAILED with 'requests_browser' (content was too short: 0 words).
2026-08-21 04:47:34,153 - INFO - [Economic Times] Article: https://economictimes.indiatimes.com/markets/stocks/recos/wait-for-more-signals-before-turning-positive/articleshow/3292640.cms
2026-08-21 04:47:34,153 - INFO - [Economic Times] Attempt 2/2: Trying with 'selenium_browser' strategy...
2026-08-21 04:47:36,254 - INFO - [Economic Times] Page content loaded.
2026-08-21 04:47:36,504 - INFO - [Economic Times] Success with 'selenium_browser'. Found content (761 words).
2026-08-21 04:47:39,663 - ERROR - Error saving article Wait for more signals before turning positive - The Economic Times: Hrana: `stream error: `Error { message: "SQLite error: UNIQUE constraint failed: articles.url", code: "SQLITE_CONSTRAINT" }``
2026-08-21 04:47:40,700 - INFO - [Economic Times] Article: https://economictimes.indiatimes.com/news/company/corporate-trends/six-indian-cos-among-businessweeks-top-100-infotech-firms/articleshow/3189334.cms
2026-08-21 04:47:40,700 - INFO - [Economic Times] Attempt 1/2: Trying with 'requests_browser' strategy...
2026-08-21 04:47:41,060 - INFO - [Economic Times] Success with 'requests_browser'. Found content (370 words).
2026-08-21 04:47:44,496 - ERROR - Error saving article Six Indian cos among BusinessWeek's top 100 Infotech firms - The Economic Times: Hrana: `stream error: `Error { message: "SQLite error: UNIQUE constraint failed: articles.url", code: "SQLITE_CONSTRAINT" }``
2026-08-21 04:47:45,007 - INFO - [Economic Times] Article: https://economictimes.indiatimes.com/news/company/corporate-trends/indian-firms-slip-in-global-ranking-four-move-out-of-top-500/articleshow/3177077.cms
2026-08-21 04:47:45,007 - INFO - [Economic Times] Attempt 1/2: Trying with 'requests_browser' strategy...
2026-08-21 04:47:45,336 - INFO - [Economic Times] Success with 'requests_browser'. Found content (1044 words).
2026-08-21 04:47:48,366 - ERROR - Error saving article Indian firms slip in global ranking; four move out of Top-500 - The Economic Times: Hrana: `stream error: `Error { message: "SQLite error: UNIQUE constraint failed: articles.url", code: "SQLITE_CONSTRAINT" }``
2026-08-21 04:47:49,622 - INFO - [Economic Times] Article: https://economictimes.indiatimes.com/markets/stocks/news/big-daddy-laps-up-cipla-after-q1-nos-beat-forecast/articleshow/6308646.cms
2026-08-21 04:47:49,623 - INFO - [Economic Times] Attempt 1/2: Trying with 'requests_browser' strategy...
2026-08-21 04:47:49,921 - ERROR - parsed tree length: 1, wrong data type or not valid HTML
2026-08-21 04:47:49,921 - ERROR - empty HTML tree: None
2026-08-21 04:47:49,921 - WARNING - discarding data: None
2026-08-21 04:47:49,921 - WARNING - [Economic Times] FAILED with 'requests_browser' (content was too short: 0 words).
2026-08-21 04:47:50,491 - INFO - [Economic Times] Article: https://economictimes.indiatimes.com/markets/stocks/news/big-daddy-laps-up-cipla-after-q1-nos-beat-forecast/articleshow/6308646.cms
2026-08-21 04:47:50,491 - INFO - [Economic Times] Attempt 2/2: Trying with 'selenium_browser' strategy...
2026-08-21 04:47:52,123 - INFO - [Economic Times] Page content loaded.
2026-08-21 04:47:52,436 - WARNING - [Economic Times] FAILED with 'selenium_browser' (content was too short: 83 words).
2026-08-21 04:47:52,436 - ERROR - [Economic Times] All scrape strategies failed for https://economictimes.indiatimes.com/markets/stocks/news/big-daddy-laps-up-cipla-after-q1-nos-beat-forecast/articleshow/6308646.cms. Falling back to RSS description.
2026-08-21 04:47:52,436 - WARNING - SKIPPED (GLOBAL WORD LIMIT): Article ''Big Daddy' laps up Cipla after Q1 nos beat forecast ' from Economic Times has only 20 words (Min: 90).
2026-08-21 04:47:53,729 - INFO - [Economic Times] Article: https://economictimes.indiatimes.com/markets/stocks/news/old-fox-has-dream-run-on-dalal-street/articleshow/6308631.cms
2026-08-21 04:47:53,729 - INFO - [Economic Times] Attempt 1/2: Trying with 'requests_browser' strategy...
2026-08-21 04:47:54,033 - ERROR - parsed tree length: 1, wrong data type or not valid HTML
2026-08-21 04:47:54,033 - ERROR - empty HTML tree: None
2026-08-21 04:47:54,033 - WARNING - discarding data: None
2026-08-21 04:47:54,034 - WARNING - [Economic Times] FAILED with 'requests_browser' (content was too short: 0 words).
2026-08-21 04:47:54,744 - INFO - [Economic Times] Article: https://economictimes.indiatimes.com/markets/stocks/news/old-fox-has-dream-run-on-dalal-street/articleshow/6308631.cms
2026-08-21 04:47:54,744 - INFO - [Economic Times] Attempt 2/2: Trying with 'selenium_browser' strategy...
2026-08-21 04:47:56,096 - INFO - [Economic Times] Page content loaded.
2026-08-21 04:47:56,567 - INFO - [Economic Times] Success with 'selenium_browser'. Found content (156 words).
2026-08-21 04:47:59,686 - ERROR - Error saving article Old Fox has dream run on Dalal Street - The Economic Times: Hrana: `stream error: `Error { message: "SQLite error: UNIQUE constraint failed: articles.url", code: "SQLITE_CONSTRAINT" }``
2026-08-21 04:48:01,038 - INFO - [Economic Times] Article: https://economictimes.indiatimes.com/markets/stocks/news/cairn-india-hits-record-high-on-bse-amid-stake-sale-talks/articleshow/6306679.cms
2026-08-21 04:48:01,038 - INFO - [Economic Times] Attempt 1/2: Trying with 'requests_browser' strategy...
2026-08-21 04:48:01,344 - ERROR - parsed tree length: 1, wrong data type or not valid HTML
2026-08-21 04:48:01,344 - ERROR - empty HTML tree: None
2026-08-21 04:48:01,344 - WARNING - discarding data: None
2026-08-21 04:48:01,345 - WARNING - [Economic Times] FAILED with 'requests_browser' (content was too short: 0 words).
2026-08-21 04:48:02,246 - INFO - [Economic Times] Article: https://economictimes.indiatimes.com/markets/stocks/news/cairn-india-hits-record-high-on-bse-amid-stake-sale-talks/articleshow/6306679.cms
2026-08-21 04:48:02,246 - INFO - [Economic Times] Attempt 2/2: Trying with 'selenium_browser' strategy...
2026-08-21 04:48:03,900 - INFO - [Economic Times] Page content loaded.
2026-08-21 04:48:04,054 - INFO - [Economic Times] Success with 'selenium_browser'. Found content (363 words).
2026-08-21 04:48:07,071 - ERROR - Error saving article Cairn India hits record high on BSE amid stake sale talks - The Economic Times: Hrana: `stream error: `Error { message: "SQLite error: UNIQUE constraint failed: articles.url", code: "SQLITE_CONSTRAINT" }``
2026-08-21 04:48:07,773 - INFO - [Economic Times] Article: https://economictimes.indiatimes.com/markets/stocks/news/vedanta-plunges-5-59-per-cent-on-lse-amid-talks-to-buy-cairn-stake/articleshow/6306526.cms
2026-08-21 04:48:07,773 - INFO - [Economic Times] Attempt 1/2: Trying with 'requests_browser' strategy...
2026-08-21 04:48:08,063 - ERROR - parsed tree length: 1, wrong data type or not valid HTML
2026-08-21 04:48:08,063 - ERROR - empty HTML tree: None
2026-08-21 04:48:08,063 - WARNING - discarding data: None
2026-08-21 04:48:08,063 - WARNING - [Economic Times] FAILED with 'requests_browser' (content was too short: 0 words).
2026-08-21 04:48:08,957 - INFO - [Economic Times] Article: https://economictimes.indiatimes.com/markets/stocks/news/vedanta-plunges-5-59-per-cent-on-lse-amid-talks-to-buy-cairn-stake/articleshow/6306526.cms
2026-08-21 04:48:08,957 - INFO - [Economic Times] Attempt 2/2: Trying with 'selenium_browser' strategy...
2026-08-21 04:48:11,347 - INFO - [Economic Times] Page content loaded.
2026-08-21 04:48:11,486 - INFO - [Economic Times] Success with 'selenium_browser'. Found content (397 words).
2026-08-21 04:48:14,556 - ERROR - Error saving article Cairn: Vedanta plunges 5.59 per cent on LSE amid talks to buy Cairn stake - The Economic Times: Hrana: `stream error: `Error { message: "SQLite error: UNIQUE constraint failed: articles.url", code: "SQLITE_CONSTRAINT" }``
2026-08-21 04:48:15,739 - INFO - [Economic Times] Article: https://economictimes.indiatimes.com/markets/stocks/news/sbi-shares-on-gaining-spree-hit-record-high/articleshow/6306241.cms
2026-08-21 04:48:15,739 - INFO - [Economic Times] Attempt 1/2: Trying with 'requests_browser' strategy...
2026-08-21 04:48:16,054 - ERROR - parsed tree length: 1, wrong data type or not valid HTML
2026-08-21 04:48:16,054 - ERROR - empty HTML tree: None
2026-08-21 04:48:16,054 - WARNING - discarding data: None
2026-08-21 04:48:16,055 - WARNING - [Economic Times] FAILED with 'requests_browser' (content was too short: 0 words).
2026-08-21 04:48:16,603 - INFO - [Economic Times] Article: https://economictimes.indiatimes.com/markets/stocks/news/sbi-shares-on-gaining-spree-hit-record-high/articleshow/6306241.cms
2026-08-21 04:48:16,603 - INFO - [Economic Times] Attempt 2/2: Trying with 'selenium_browser' strategy...
2026-08-21 04:48:18,324 - INFO - [Economic Times] Page content loaded.
2026-08-21 04:48:18,566 - WARNING - [Economic Times] FAILED with 'selenium_browser' (content was too short: 87 words).
2026-08-21 04:48:18,566 - ERROR - [Economic Times] All scrape strategies failed for https://economictimes.indiatimes.com/markets/stocks/news/sbi-shares-on-gaining-spree-hit-record-high/articleshow/6306241.cms. Falling back to RSS description.
2026-08-21 04:48:18,566 - WARNING - SKIPPED (GLOBAL WORD LIMIT): Article 'SBI shares on gaining spree; hit record high ' from Economic Times has only 28 words (Min: 90).
2026-08-21 04:48:19,673 - INFO - [Economic Times] Article: https://economictimes.indiatimes.com/fm-must-rethink/articleshow/5645094.cms
2026-08-21 04:48:19,673 - INFO - [Economic Times] Attempt 1/2: Trying with 'requests_browser' strategy...
2026-08-21 04:48:19,987 - ERROR - parsed tree length: 1, wrong data type or not valid HTML
2026-08-21 04:48:19,987 - ERROR - empty HTML tree: None
2026-08-21 04:48:19,987 - WARNING - discarding data: None
2026-08-21 04:48:19,987 - WARNING - [Economic Times] FAILED with 'requests_browser' (content was too short: 0 words).
2026-08-21 04:48:20,593 - INFO - [Economic Times] Article: https://economictimes.indiatimes.com/fm-must-rethink/articleshow/5645094.cms
2026-08-21 04:48:20,593 - INFO - [Economic Times] Attempt 2/2: Trying with 'selenium_browser' strategy...
2026-08-21 04:48:21,902 - INFO - [Economic Times] Page content loaded.
2026-08-21 04:48:22,026 - INFO - [Economic Times] Success with 'selenium_browser'. Found content (138 words).
2026-08-21 04:48:25,018 - ERROR - Error saving article FM must rethink - The Economic Times: Hrana: `stream error: `Error { message: "SQLite error: UNIQUE constraint failed: articles.url", code: "SQLITE_CONSTRAINT" }``
2026-08-21 04:48:26,065 - INFO - [Economic Times] Article: https://economictimes.indiatimes.com/amalgamate-banks/articleshow/5645086.cms
2026-08-21 04:48:26,065 - INFO - [Economic Times] Attempt 1/2: Trying with 'requests_browser' strategy...
2026-08-21 04:48:26,372 - ERROR - parsed tree length: 1, wrong data type or not valid HTML
2026-08-21 04:48:26,372 - ERROR - empty HTML tree: None
2026-08-21 04:48:26,373 - WARNING - discarding data: None
2026-08-21 04:48:26,373 - WARNING - [Economic Times] FAILED with 'requests_browser' (content was too short: 0 words).
2026-08-21 04:48:26,904 - INFO - [Economic Times] Article: https://economictimes.indiatimes.com/amalgamate-banks/articleshow/5645086.cms
2026-08-21 04:48:26,904 - INFO - [Economic Times] Attempt 2/2: Trying with 'selenium_browser' strategy...
2026-08-21 04:48:28,764 - INFO - [Economic Times] Page content loaded.
2026-08-21 04:48:28,944 - INFO - [Economic Times] Success with 'selenium_browser'. Found content (243 words).
2026-08-21 04:48:31,971 - ERROR - Error saving article Amalgamate banks - The Economic Times: Hrana: `stream error: `Error { message: "SQLite error: UNIQUE constraint failed: articles.url", code: "SQLITE_CONSTRAINT" }``
2026-08-21 04:48:33,125 - INFO - [Economic Times] Article: https://economictimes.indiatimes.com/managing-data/articleshow/5117958.cms
2026-08-21 04:48:33,125 - INFO - [Economic Times] Attempt 1/2: Trying with 'requests_browser' strategy...
2026-08-21 04:48:33,423 - ERROR - parsed tree length: 1, wrong data type or not valid HTML
2026-08-21 04:48:33,423 - ERROR - empty HTML tree: None
2026-08-21 04:48:33,424 - WARNING - discarding data: None
2026-08-21 04:48:33,424 - WARNING - [Economic Times] FAILED with 'requests_browser' (content was too short: 0 words).
2026-08-21 04:48:34,010 - INFO - [Economic Times] Article: https://economictimes.indiatimes.com/managing-data/articleshow/5117958.cms
2026-08-21 04:48:34,010 - INFO - [Economic Times] Attempt 2/2: Trying with 'selenium_browser' strategy...
2026-08-21 04:48:35,877 - INFO - [Economic Times] Page content loaded.
2026-08-21 04:48:35,994 - INFO - [Economic Times] Success with 'selenium_browser'. Found content (119 words).
2026-08-21 04:48:39,080 - ERROR - Error saving article Managing data - The Economic Times: Hrana: `stream error: `Error { message: "SQLite error: UNIQUE constraint failed: articles.url", code: "SQLITE_CONSTRAINT" }``
2026-08-21 04:48:39,777 - INFO - [Economic Times] Article: https://economictimes.indiatimes.com/right-technology/articleshow/5117957.cms
2026-08-21 04:48:39,777 - INFO - [Economic Times] Attempt 1/2: Trying with 'requests_browser' strategy...
2026-08-21 04:48:40,085 - ERROR - parsed tree length: 1, wrong data type or not valid HTML
2026-08-21 04:48:40,085 - ERROR - empty HTML tree: None
2026-08-21 04:48:40,085 - WARNING - discarding data: None
2026-08-21 04:48:40,087 - WARNING - [Economic Times] FAILED with 'requests_browser' (content was too short: 0 words).
2026-08-21 04:48:41,030 - INFO - [Economic Times] Article: https://economictimes.indiatimes.com/right-technology/articleshow/5117957.cms
2026-08-21 04:48:41,030 - INFO - [Economic Times] Attempt 2/2: Trying with 'selenium_browser' strategy...
2026-08-21 04:48:42,859 - INFO - [Economic Times] Page content loaded.
2026-08-21 04:48:43,091 - INFO - [Economic Times] Success with 'selenium_browser'. Found content (114 words).
2026-08-21 04:48:46,104 - ERROR - Error saving article Right technology - The Economic Times: Hrana: `stream error: `Error { message: "SQLite error: UNIQUE constraint failed: articles.url", code: "SQLITE_CONSTRAINT" }``
2026-08-21 04:48:46,760 - INFO - [Economic Times] Article: https://economictimes.indiatimes.com/et-search/articleshow/21646857.cms
2026-08-21 04:48:46,760 - INFO - [Economic Times] Attempt 1/2: Trying with 'requests_browser' strategy...
2026-08-21 04:48:47,057 - ERROR - parsed tree length: 1, wrong data type or not valid HTML
2026-08-21 04:48:47,057 - ERROR - empty HTML tree: None
2026-08-21 04:48:47,057 - WARNING - discarding data: None
2026-08-21 04:48:47,057 - WARNING - [Economic Times] FAILED with 'requests_browser' (content was too short: 0 words).
2026-08-21 04:48:48,031 - INFO - [Economic Times] Article: https://economictimes.indiatimes.com/et-search/articleshow/21646857.cms
2026-08-21 04:48:48,031 - INFO - [Economic Times] Attempt 2/2: Trying with 'selenium_browser' strategy...
2026-08-21 04:48:49,939 - INFO - [Economic Times] Page content loaded.
2026-08-21 04:48:50,071 - WARNING - [Economic Times] FAILED with 'selenium_browser' (content was too short: 44 words).
2026-08-21 04:48:50,072 - ERROR - [Economic Times] All scrape strategies failed for https://economictimes.indiatimes.com/et-search/articleshow/21646857.cms. Falling back to RSS description.
2026-08-21 04:48:50,072 - WARNING - SKIPPED (GLOBAL WORD LIMIT): Article 'ET Search ' from Economic Times has only 3 words (Min: 90).
2026-08-21 04:48:50,933 - INFO - [Economic Times] Article: https://economictimes.indiatimes.com/after-the-oscars-whats-next-for-silent-stars-of-the-artist/articleshow/12075465.cms
2026-08-21 04:48:50,934 - INFO - [Economic Times] Attempt 1/2: Trying with 'requests_browser' strategy...
2026-08-21 04:48:51,237 - ERROR - parsed tree length: 1, wrong data type or not valid HTML
2026-08-21 04:48:51,237 - ERROR - empty HTML tree: None
2026-08-21 04:48:51,237 - WARNING - discarding data: None
2026-08-21 04:48:51,237 - WARNING - [Economic Times] FAILED with 'requests_browser' (content was too short: 0 words).
2026-08-21 04:48:51,793 - INFO - [Economic Times] Article: https://economictimes.indiatimes.com/after-the-oscars-whats-next-for-silent-stars-of-the-artist/articleshow/12075465.cms
2026-08-21 04:48:51,793 - INFO - [Economic Times] Attempt 2/2: Trying with 'selenium_browser' strategy...
2026-08-21 04:48:53,079 - INFO - [Economic Times] Page content loaded.
2026-08-21 04:48:53,223 - INFO - [Economic Times] Success with 'selenium_browser'. Found content (699 words).
2026-08-21 04:48:56,282 - ERROR - Error saving article After the Oscars, what's next for silent stars of The Artist? - The Economic Times: Hrana: `stream error: `Error { message: "SQLite error: UNIQUE constraint failed: articles.url", code: "SQLITE_CONSTRAINT" }``
2026-08-21 04:48:57,432 - INFO - [Economic Times] Article: https://economictimes.indiatimes.com/delhi-world-book-fair-a-fair-like-no-other/articleshow/12028630.cms
2026-08-21 04:48:57,432 - INFO - [Economic Times] Attempt 1/2: Trying with 'requests_browser' strategy...
2026-08-21 04:48:57,727 - ERROR - parsed tree length: 1, wrong data type or not valid HTML
2026-08-21 04:48:57,727 - ERROR - empty HTML tree: None
2026-08-21 04:48:57,727 - WARNING - discarding data: None
2026-08-21 04:48:57,727 - WARNING - [Economic Times] FAILED with 'requests_browser' (content was too short: 0 words).
2026-08-21 04:48:58,360 - INFO - [Economic Times] Article: https://economictimes.indiatimes.com/delhi-world-book-fair-a-fair-like-no-other/articleshow/12028630.cms
2026-08-21 04:48:58,360 - INFO - [Economic Times] Attempt 2/2: Trying with 'selenium_browser' strategy...
2026-08-21 04:49:00,474 - INFO - [Economic Times] Page content loaded.
2026-08-21 04:49:00,689 - INFO - [Economic Times] Success with 'selenium_browser'. Found content (1911 words).
2026-08-21 04:49:03,744 - ERROR - Error saving article Delhi World Book fair: A fair like no other - The Economic Times: Hrana: `stream error: `Error { message: "SQLite error: UNIQUE constraint failed: articles.url", code: "SQLITE_CONSTRAINT" }``
2026-08-21 04:49:05,240 - INFO - [Economic Times] Article: https://economictimes.indiatimes.com/lk-advanis-gift-makes-its-way-to-state-department-exhibition-hall/articleshow/12017534.cms
2026-08-21 04:49:05,240 - INFO - [Economic Times] Attempt 1/2: Trying with 'requests_browser' strategy...
2026-08-21 04:49:05,542 - ERROR - parsed tree length: 1, wrong data type or not valid HTML
2026-08-21 04:49:05,542 - ERROR - empty HTML tree: None
2026-08-21 04:49:05,542 - WARNING - discarding data: None
2026-08-21 04:49:05,543 - WARNING - [Economic Times] FAILED with 'requests_browser' (content was too short: 0 words).
2026-08-21 04:49:06,142 - INFO - [Economic Times] Article: https://economictimes.indiatimes.com/lk-advanis-gift-makes-its-way-to-state-department-exhibition-hall/articleshow/12017534.cms
2026-08-21 04:49:06,142 - INFO - [Economic Times] Attempt 2/2: Trying with 'selenium_browser' strategy...
2026-08-21 04:49:07,686 - CRITICAL - --- TIMEOUT: 1 scrape jobs did not complete in 420s. ---
2026-08-21 04:49:07,686 - ERROR - A thread has timed out and will be abandoned.
2026-08-21 04:49:07,686 - INFO - Shutting down thread pool (wait=False)...
2026-08-21 04:49:07,686 - INFO - Scraped: 0 TechCrunch, 3 NDTV, 3 The Hindu, 1 Al Jazeera, 0 Indian Express, 0 Wired, 2 BBC, 1 Times of India, 1 Timed_Out_Jobs articles. (Total saved: 10)
2026-08-21 04:49:07,686 - INFO - --- Scraping job finished ---
2026-08-21 04:49:07,686 - INFO - --- Scraper service stopped. ---
2026-08-21 04:49:07,686 - INFO - --- Main thread finished. Forcing process exit to kill zombie threads. ---
