2026-07-28 16:47:56,509 - INFO - Loading AI Semantic Model (all-MiniLM-L6-v2)...
2026-07-28 16:47:56,509 - INFO - No device provided, using cpu
2026-07-28 16:47:56,675 - INFO - HTTP Request: GET https://huggingface.co/api/agent-harnesses "HTTP/1.1 200 OK"
2026-07-28 16:47:56,735 - INFO - HTTP Request: HEAD https://huggingface.co/sentence-transformers/all-MiniLM-L6-v2/resolve/main/modules.json "HTTP/1.1 307 Temporary Redirect"
2026-07-28 16:47:56,736 - WARNING - Warning: You are sending unauthenticated requests to the HF Hub. Please set a HF_TOKEN to enable higher rate limits and faster downloads.
2026-07-28 16:47:56,757 - INFO - HTTP Request: HEAD https://huggingface.co/api/resolve-cache/models/sentence-transformers/all-MiniLM-L6-v2/1110a243fdf4706b3f48f1d95db1a4f5529b4d41/modules.json "HTTP/1.1 200 OK"
2026-07-28 16:47:56,830 - INFO - HTTP Request: HEAD https://huggingface.co/sentence-transformers/all-MiniLM-L6-v2/resolve/main/config_sentence_transformers.json "HTTP/1.1 307 Temporary Redirect"
2026-07-28 16:47:56,852 - INFO - HTTP Request: HEAD https://huggingface.co/api/resolve-cache/models/sentence-transformers/all-MiniLM-L6-v2/1110a243fdf4706b3f48f1d95db1a4f5529b4d41/config_sentence_transformers.json "HTTP/1.1 200 OK"
2026-07-28 16:47:56,853 - INFO - Loading SentenceTransformer model from sentence-transformers/all-MiniLM-L6-v2.
2026-07-28 16:47:56,951 - INFO - HTTP Request: HEAD https://huggingface.co/sentence-transformers/all-MiniLM-L6-v2/resolve/main/config_sentence_transformers.json "HTTP/1.1 307 Temporary Redirect"
2026-07-28 16:47:56,972 - INFO - HTTP Request: HEAD https://huggingface.co/api/resolve-cache/models/sentence-transformers/all-MiniLM-L6-v2/1110a243fdf4706b3f48f1d95db1a4f5529b4d41/config_sentence_transformers.json "HTTP/1.1 200 OK"
2026-07-28 16:47:57,045 - INFO - HTTP Request: HEAD https://huggingface.co/sentence-transformers/all-MiniLM-L6-v2/resolve/main/README.md "HTTP/1.1 307 Temporary Redirect"
2026-07-28 16:47:57,066 - INFO - HTTP Request: HEAD https://huggingface.co/api/resolve-cache/models/sentence-transformers/all-MiniLM-L6-v2/1110a243fdf4706b3f48f1d95db1a4f5529b4d41/README.md "HTTP/1.1 200 OK"
2026-07-28 16:47:57,088 - INFO - HTTP Request: GET https://huggingface.co/api/resolve-cache/models/sentence-transformers/all-MiniLM-L6-v2/1110a243fdf4706b3f48f1d95db1a4f5529b4d41/README.md "HTTP/1.1 200 OK"
2026-07-28 16:47:57,188 - INFO - HTTP Request: HEAD https://huggingface.co/sentence-transformers/all-MiniLM-L6-v2/resolve/main/modules.json "HTTP/1.1 307 Temporary Redirect"
2026-07-28 16:47:57,209 - INFO - HTTP Request: HEAD https://huggingface.co/api/resolve-cache/models/sentence-transformers/all-MiniLM-L6-v2/1110a243fdf4706b3f48f1d95db1a4f5529b4d41/modules.json "HTTP/1.1 200 OK"
2026-07-28 16:47:57,269 - INFO - HTTP Request: HEAD https://huggingface.co/sentence-transformers/all-MiniLM-L6-v2/resolve/main/sentence_bert_config.json "HTTP/1.1 307 Temporary Redirect"
2026-07-28 16:47:57,291 - INFO - HTTP Request: HEAD https://huggingface.co/api/resolve-cache/models/sentence-transformers/all-MiniLM-L6-v2/1110a243fdf4706b3f48f1d95db1a4f5529b4d41/sentence_bert_config.json "HTTP/1.1 200 OK"
2026-07-28 16:47:57,354 - INFO - HTTP Request: HEAD https://huggingface.co/sentence-transformers/all-MiniLM-L6-v2/resolve/main/adapter_config.json "HTTP/1.1 404 Not Found"
2026-07-28 16:47:57,416 - INFO - HTTP Request: HEAD https://huggingface.co/sentence-transformers/all-MiniLM-L6-v2/resolve/main/config.json "HTTP/1.1 307 Temporary Redirect"
2026-07-28 16:47:57,438 - INFO - HTTP Request: HEAD https://huggingface.co/api/resolve-cache/models/sentence-transformers/all-MiniLM-L6-v2/1110a243fdf4706b3f48f1d95db1a4f5529b4d41/config.json "HTTP/1.1 200 OK"
2026-07-28 16:47:57,548 - INFO - HTTP Request: HEAD https://huggingface.co/sentence-transformers/all-MiniLM-L6-v2/resolve/main/model.safetensors "HTTP/1.1 302 Found"
2026-07-28 16:47:57,735 - INFO - HTTP Request: HEAD https://huggingface.co/sentence-transformers/all-MiniLM-L6-v2/resolve/main/processor_config.json "HTTP/1.1 404 Not Found"
2026-07-28 16:47:57,848 - INFO - HTTP Request: HEAD https://huggingface.co/sentence-transformers/all-MiniLM-L6-v2/resolve/main/preprocessor_config.json "HTTP/1.1 404 Not Found"
2026-07-28 16:47:57,910 - INFO - HTTP Request: HEAD https://huggingface.co/sentence-transformers/all-MiniLM-L6-v2/resolve/main/video_preprocessor_config.json "HTTP/1.1 404 Not Found"
2026-07-28 16:47:57,979 - INFO - HTTP Request: HEAD https://huggingface.co/sentence-transformers/all-MiniLM-L6-v2/resolve/main/preprocessor_config.json "HTTP/1.1 404 Not Found"
2026-07-28 16:47:58,056 - INFO - HTTP Request: HEAD https://huggingface.co/sentence-transformers/all-MiniLM-L6-v2/resolve/main/tokenizer_config.json "HTTP/1.1 307 Temporary Redirect"
2026-07-28 16:47:58,077 - INFO - HTTP Request: HEAD https://huggingface.co/api/resolve-cache/models/sentence-transformers/all-MiniLM-L6-v2/1110a243fdf4706b3f48f1d95db1a4f5529b4d41/tokenizer_config.json "HTTP/1.1 200 OK"
2026-07-28 16:47:58,140 - INFO - HTTP Request: HEAD https://huggingface.co/sentence-transformers/all-MiniLM-L6-v2/resolve/main/config.json "HTTP/1.1 307 Temporary Redirect"
2026-07-28 16:47:58,161 - INFO - HTTP Request: HEAD https://huggingface.co/api/resolve-cache/models/sentence-transformers/all-MiniLM-L6-v2/1110a243fdf4706b3f48f1d95db1a4f5529b4d41/config.json "HTTP/1.1 200 OK"
2026-07-28 16:47:58,224 - INFO - HTTP Request: HEAD https://huggingface.co/sentence-transformers/all-MiniLM-L6-v2/resolve/main/config.json "HTTP/1.1 307 Temporary Redirect"
2026-07-28 16:47:58,246 - INFO - HTTP Request: HEAD https://huggingface.co/api/resolve-cache/models/sentence-transformers/all-MiniLM-L6-v2/1110a243fdf4706b3f48f1d95db1a4f5529b4d41/config.json "HTTP/1.1 200 OK"
2026-07-28 16:47:58,344 - INFO - HTTP Request: HEAD https://huggingface.co/sentence-transformers/all-MiniLM-L6-v2/resolve/main/tokenizer_config.json "HTTP/1.1 307 Temporary Redirect"
2026-07-28 16:47:58,365 - INFO - HTTP Request: HEAD https://huggingface.co/api/resolve-cache/models/sentence-transformers/all-MiniLM-L6-v2/1110a243fdf4706b3f48f1d95db1a4f5529b4d41/tokenizer_config.json "HTTP/1.1 200 OK"
2026-07-28 16:47:58,430 - INFO - HTTP Request: GET https://huggingface.co/api/models/sentence-transformers/all-MiniLM-L6-v2/tree/main/additional_chat_templates?recursive=false&expand=false "HTTP/1.1 404 Not Found"
2026-07-28 16:47:58,495 - INFO - HTTP Request: GET https://huggingface.co/api/models/sentence-transformers/all-MiniLM-L6-v2/tree/main?recursive=true&expand=false "HTTP/1.1 200 OK"
2026-07-28 16:47:58,558 - INFO - HTTP Request: HEAD https://huggingface.co/sentence-transformers/all-MiniLM-L6-v2/resolve/main/vocab.txt "HTTP/1.1 307 Temporary Redirect"
2026-07-28 16:47:58,580 - INFO - HTTP Request: HEAD https://huggingface.co/api/resolve-cache/models/sentence-transformers/all-MiniLM-L6-v2/1110a243fdf4706b3f48f1d95db1a4f5529b4d41/vocab.txt "HTTP/1.1 200 OK"
2026-07-28 16:47:58,642 - INFO - HTTP Request: HEAD https://huggingface.co/sentence-transformers/all-MiniLM-L6-v2/resolve/main/tokenizer.json "HTTP/1.1 307 Temporary Redirect"
2026-07-28 16:47:58,664 - INFO - HTTP Request: HEAD https://huggingface.co/api/resolve-cache/models/sentence-transformers/all-MiniLM-L6-v2/1110a243fdf4706b3f48f1d95db1a4f5529b4d41/tokenizer.json "HTTP/1.1 200 OK"
2026-07-28 16:47:58,723 - INFO - HTTP Request: HEAD https://huggingface.co/sentence-transformers/all-MiniLM-L6-v2/resolve/main/added_tokens.json "HTTP/1.1 404 Not Found"
2026-07-28 16:47:58,789 - INFO - HTTP Request: HEAD https://huggingface.co/sentence-transformers/all-MiniLM-L6-v2/resolve/main/special_tokens_map.json "HTTP/1.1 307 Temporary Redirect"
2026-07-28 16:47:58,811 - INFO - HTTP Request: HEAD https://huggingface.co/api/resolve-cache/models/sentence-transformers/all-MiniLM-L6-v2/1110a243fdf4706b3f48f1d95db1a4f5529b4d41/special_tokens_map.json "HTTP/1.1 200 OK"
2026-07-28 16:47:58,874 - INFO - HTTP Request: HEAD https://huggingface.co/sentence-transformers/all-MiniLM-L6-v2/resolve/main/chat_template.jinja "HTTP/1.1 404 Not Found"
2026-07-28 16:47:58,970 - INFO - HTTP Request: HEAD https://huggingface.co/sentence-transformers/all-MiniLM-L6-v2/resolve/main/1_Pooling/config.json "HTTP/1.1 307 Temporary Redirect"
2026-07-28 16:47:58,992 - INFO - HTTP Request: HEAD https://huggingface.co/api/resolve-cache/models/sentence-transformers/all-MiniLM-L6-v2/1110a243fdf4706b3f48f1d95db1a4f5529b4d41/1_Pooling%2Fconfig.json "HTTP/1.1 200 OK"
2026-07-28 16:47:59,056 - INFO - HTTP Request: GET https://huggingface.co/api/models/sentence-transformers/all-MiniLM-L6-v2 "HTTP/1.1 200 OK"
2026-07-28 16:47:59,059 - INFO - AI Model loaded successfully.
2026-07-28 16:47:59,059 - INFO - --- Scraper service started (CI Mode: Run Once) ---
2026-07-28 16:47:59,059 - INFO - --- Starting new scraping job (Parallel Mode) ---
2026-07-28 16:47:59,059 - INFO - Connecting to SQLite database...
2026-07-28 16:48:04,844 - INFO - Pre-calculating embeddings for 389 cached articles...
2026-07-28 16:48:27,716 - INFO - Cache built: 6421 URLs. Current MAX_ID: 92567
2026-07-28 16:48:27,717 - INFO - Creating new robust session with 3 retries on 5xx/connection/read errors.
2026-07-28 16:48:27,717 - INFO - Proxy is DISABLED.
2026-07-28 16:48:27,717 - INFO - [BBC] (Thread) requires Selenium. Initializing driver...
2026-07-28 16:48:27,718 - INFO - [Times of India] (Thread) requires Selenium. Initializing driver...
2026-07-28 16:48:27,718 - INFO - [The Hindu] (Thread) requires Selenium. Initializing driver...
2026-07-28 16:48:27,719 - INFO - [Al Jazeera] (Thread) requires Selenium. Initializing driver...
2026-07-28 16:48:27,719 - INFO - Starting scrape for TechCrunch RSS feed: https://techcrunch.com/feed/
2026-07-28 16:48:27,719 - INFO - [Economic Times] (Thread) requires Selenium. Initializing driver...
2026-07-28 16:48:27,721 - INFO - [Wired] (Thread) requires Selenium. Initializing driver...
2026-07-28 16:48:27,722 - INFO - [NDTV] (Thread) requires Selenium. Initializing driver...
2026-07-28 16:48:27,723 - INFO - [Indian Express] (Thread) requires Selenium. Initializing driver...
2026-07-28 16:48:27,723 - INFO - Submitted 9 jobs to thread pool. Waiting up to 420s for completion...
2026-07-28 16:48:28,914 - INFO - Found 0 articles in TechCrunch RSS feed. Processing until 8 new articles are saved.
2026-07-28 16:48:30,871 - INFO - Selenium driver initialized successfully (Eager load strategy, 7s timeout).
2026-07-28 16:48:30,871 - INFO - Starting scrape for Times of India RSS feed: https://timesofindia.indiatimes.com/rssfeeds/296589292.cms
2026-07-28 16:48:31,189 - INFO - Found 20 articles in Times of India RSS feed. Processing until 20 new articles are saved.
2026-07-28 16:48:31,190 - INFO - [Times of India] Article: https://timesofindia.indiatimes.com/world/china/once-known-as-the-sea-of-death-chinas-taklamakan-desert-is-turning-greener-with-drone-technology/articleshow/132684491.cms
2026-07-28 16:48:31,190 - INFO - [Times of India] Attempt 1/1: Trying with 'selenium_browser' strategy...
2026-07-28 16:48:31,242 - INFO - Selenium driver initialized successfully (Eager load strategy, 7s timeout).
2026-07-28 16:48:31,242 - INFO - Starting scrape for Wired RSS feed: https://www.wired.com/feed/rss
2026-07-28 16:48:31,435 - INFO - Selenium driver initialized successfully (Eager load strategy, 7s timeout).
2026-07-28 16:48:31,441 - INFO - Starting scrape for Economic Times RSS feed: https://economictimes.indiatimes.com/rssfeedsdefault.cms
2026-07-28 16:48:31,578 - INFO - Selenium driver initialized successfully (Eager load strategy, 7s timeout).
2026-07-28 16:48:31,578 - INFO - Starting scrape for The Hindu RSS feed: https://www.thehindu.com/news/national/feeder/default.rss
2026-07-28 16:48:31,587 - INFO - Selenium driver initialized successfully (Eager load strategy, 7s timeout).
2026-07-28 16:48:31,588 - INFO - Starting scrape for BBC RSS feed: http://feeds.bbci.co.uk/news/world/rss.xml
2026-07-28 16:48:31,594 - INFO - Selenium driver initialized successfully (Eager load strategy, 7s timeout).
2026-07-28 16:48:31,594 - INFO - Starting scrape for NDTV RSS feed: https://feeds.feedburner.com/ndtvnews-top-stories
2026-07-28 16:48:31,599 - INFO - Selenium driver initialized successfully (Eager load strategy, 7s timeout).
2026-07-28 16:48:31,599 - INFO - Starting scrape for Indian Express RSS feed: https://indianexpress.com/feed/
2026-07-28 16:48:31,617 - INFO - Selenium driver initialized successfully (Eager load strategy, 7s timeout).
2026-07-28 16:48:31,617 - INFO - Starting scrape for Al Jazeera RSS feed: https://www.aljazeera.com/xml/rss/all.xml
2026-07-28 16:48:31,777 - INFO - Found 50 articles in Wired RSS feed. Processing until 10 new articles are saved.
2026-07-28 16:48:31,777 - INFO - [Wired] Early skip: URL https://www.wired.com/story/is-the-electric-trike-the-next-big-thing-in-shared-micromobility-veo-rover/ already exists.
2026-07-28 16:48:31,778 - INFO - [Wired] Early skip: URL https://www.wired.com/story/best-gifts-for-mom-2026/ already exists.
2026-07-28 16:48:31,779 - INFO - [Wired] Early skip: URL https://www.wired.com/gallery/best-apple-watch/ already exists.
2026-07-28 16:48:31,781 - INFO - [Wired] Early skip: URL https://www.wired.com/gallery/awesome-gifts-for-hikers-backpackers-outdoorsy-people/ already exists.
2026-07-28 16:48:31,782 - INFO - [Wired] Early skip: URL https://www.wired.com/story/a-two-person-startup-has-fixed-one-of-the-most-hated-sounds-in-modern-life/ already exists.
2026-07-28 16:48:31,783 - INFO - [Wired] Early skip: URL https://www.wired.com/story/the-big-interview-podcast-a-g-sulzberger-new-york-times/ already exists.
2026-07-28 16:48:31,785 - INFO - [Wired] Early skip: URL https://www.wired.com/story/nonprofits-are-getting-ready-for-the-funding-anthropalypse/ already exists.
2026-07-28 16:48:31,786 - INFO - [Wired] Early skip: URL https://www.wired.com/review/dyson-v16-piston-animal-submarine/ already exists.
2026-07-28 16:48:31,787 - INFO - [Wired] Early skip: URL https://www.wired.com/story/7-oh-users-brace-for-dea-ban/ already exists.
2026-07-28 16:48:31,789 - INFO - [Wired] Early skip: URL https://www.wired.com/story/an-extreme-solar-storm-may-be-even-more-devastating-than-previously-imagined/ already exists.
2026-07-28 16:48:31,790 - INFO - [Wired] Early skip: URL https://www.wired.com/story/hugging-face-has-a-nonconsensual-deepfakes-problem/ already exists.
2026-07-28 16:48:31,795 - INFO - [Wired] Article: https://www.wired.com/story/ulta-coupon/
2026-07-28 16:48:31,795 - INFO - [Wired] Attempt 1/2: Trying with 'requests_browser' strategy...
2026-07-28 16:48:31,934 - INFO - Found 25 articles in Al Jazeera RSS feed. Processing until 8 new articles are saved.
2026-07-28 16:48:31,935 - INFO - [Al Jazeera] Article: https://www.aljazeera.com/news/2026/7/28/is-netanyahus-trump-card-losing-its-power-in-israel?traffic_source=rss
2026-07-28 16:48:31,935 - INFO - [Al Jazeera] Attempt 1/2: Trying with 'requests_browser' strategy...
2026-07-28 16:48:31,956 - INFO - Found 60 articles in The Hindu RSS feed. Processing until 20 new articles are saved.
2026-07-28 16:48:31,956 - INFO - [The Hindu] Early skip: URL https://www.thehindu.com/news/national/parliament-monsoon-lok-sabha-live-updates-2026-july-28-2026-exam-amendment-bill-news/article71275442.ece already exists.
2026-07-28 16:48:31,957 - INFO - [The Hindu] Article: https://www.thehindu.com/news/national/kerala/kochi-corporation-among-communicable-disease-hotspots/article71277748.ece
2026-07-28 16:48:31,957 - INFO - [The Hindu] Attempt 1/1: Trying with 'selenium_browser' strategy...
2026-07-28 16:48:32,109 - ERROR - parsed tree length: 1, wrong data type or not valid HTML
2026-07-28 16:48:32,109 - ERROR - empty HTML tree: None
2026-07-28 16:48:32,109 - WARNING - discarding data: None
2026-07-28 16:48:32,109 - WARNING - [Wired] FAILED with 'requests_browser' (content was too short: 0 words).
2026-07-28 16:48:32,111 - INFO - Found 20 articles in NDTV RSS feed. Processing until 10 new articles are saved.
2026-07-28 16:48:32,112 - INFO - [NDTV] Article: https://www.ndtv.com/india-news/shimla-agreement-the-1972-treaty-that-defines-how-india-pak-talk-to-each-other-11834479#publisher=newsstand
2026-07-28 16:48:32,112 - INFO - [NDTV] Attempt 1/2: Trying with 'requests_browser' strategy...
2026-07-28 16:48:32,116 - INFO - Found 76 articles in Economic Times RSS feed. Processing until 20 new articles are saved.
2026-07-28 16:48:32,117 - INFO - [Economic Times] Article: https://economictimes.indiatimes.com/markets/us-stocks/wall-street-guide/coca-cola-shares-surge-7-as-earnings-beat-lifts-outlook/articleshow/132688358.cms
2026-07-28 16:48:32,117 - INFO - [Economic Times] Attempt 1/2: Trying with 'requests_browser' strategy...
2026-07-28 16:48:32,190 - INFO - Found 29 articles in BBC RSS feed. Processing until 10 new articles are saved.
2026-07-28 16:48:32,190 - INFO - [BBC] Early skip: URL https://www.bbc.co.uk/news/articles/c5yd8gly1ydo?at_medium=RSS&at_campaign=rss already exists.
2026-07-28 16:48:32,194 - INFO - [BBC] Article: https://www.bbc.co.uk/sport/football/articles/c8xng9894z0o?at_medium=RSS&at_campaign=rss
2026-07-28 16:48:32,194 - INFO - [BBC] Attempt 1/2: Trying with 'requests_browser' strategy...
2026-07-28 16:48:32,245 - INFO - Found 200 articles in Indian Express RSS feed. Processing until 10 new articles are saved.
2026-07-28 16:48:32,246 - INFO - [Indian Express] Article: https://indianexpress.com/article/business/india-curtails-8133-gwh-solar-power-grid-transmission-bottlenecks-mnre-10807909/
2026-07-28 16:48:32,246 - INFO - [Indian Express] Attempt 1/1: Trying with 'selenium_browser' strategy...
2026-07-28 16:48:32,250 - INFO - [Al Jazeera] Success with 'requests_browser'. Found content (986 words).
2026-07-28 16:48:32,324 - ERROR - [NDTV] Request failed for strategy 'requests_browser' on URL https://www.ndtv.com/india-news/shimla-agreement-the-1972-treaty-that-defines-how-india-pak-talk-to-each-other-11834479#publisher=newsstand: 403 Client Error: Forbidden for url: https://www.ndtv.com/india-news/shimla-agreement-the-1972-treaty-that-defines-how-india-pak-talk-to-each-other-11834479#publisher=newsstand
2026-07-28 16:48:32,411 - INFO - DEDUPLICATION: Found match (Score: 0.84). Linking to Cluster ID: a840f844-1c17-4bbf-9937-0653fa6919ea
2026-07-28 16:48:34,007 - INFO - [NDTV] Article: https://www.ndtv.com/india-news/shimla-agreement-the-1972-treaty-that-defines-how-india-pak-talk-to-each-other-11834479#publisher=newsstand
2026-07-28 16:48:34,007 - INFO - [NDTV] Attempt 2/2: Trying with 'selenium_browser' strategy...
2026-07-28 16:48:34,521 - INFO - [Wired] Article: https://www.wired.com/story/ulta-coupon/
2026-07-28 16:48:34,521 - INFO - [Wired] Attempt 2/2: Trying with 'selenium_browser' strategy...
2026-07-28 16:48:35,902 - ERROR - parsed tree length: 1, wrong data type or not valid HTML
2026-07-28 16:48:35,902 - ERROR - empty HTML tree: None
2026-07-28 16:48:35,902 - WARNING - discarding data: None
2026-07-28 16:48:35,902 - WARNING - [Economic Times] FAILED with 'requests_browser' (content was too short: 0 words).
2026-07-28 16:48:35,914 - INFO - >>> SUCCESSFULLY SAVED [ID: 92568] - Is Netanyahu’s Trump card losing its power in Israel? | Benjamin Netanyahu News | Al Jazeera from Al Jazeera (986 words)
2026-07-28 16:48:36,206 - INFO - [BBC] Success with 'requests_browser'. Found content (447 words).
2026-07-28 16:48:36,486 - INFO - [Al Jazeera] Article: https://www.aljazeera.com/video/newsfeed/2026/7/28/iran-rejects-trump-frozen-funds-plan-warns-ships-of-hormuz-transit-ban?traffic_source=rss
2026-07-28 16:48:36,488 - INFO - [Al Jazeera] Attempt 1/2: Trying with 'requests_browser' strategy...
2026-07-28 16:48:36,565 - INFO - [The Hindu] Page content loaded.
2026-07-28 16:48:36,727 - WARNING - [Al Jazeera] FAILED with 'requests_browser' (content was too short: 71 words).
2026-07-28 16:48:36,836 - INFO - [Economic Times] Article: https://economictimes.indiatimes.com/markets/us-stocks/wall-street-guide/coca-cola-shares-surge-7-as-earnings-beat-lifts-outlook/articleshow/132688358.cms
2026-07-28 16:48:36,854 - INFO - [Economic Times] Attempt 2/2: Trying with 'selenium_browser' strategy...
2026-07-28 16:48:37,358 - INFO - [The Hindu] Success with 'selenium_browser'. Found content (401 words).
2026-07-28 16:48:37,669 - INFO - [Al Jazeera] Article: https://www.aljazeera.com/video/newsfeed/2026/7/28/iran-rejects-trump-frozen-funds-plan-warns-ships-of-hormuz-transit-ban?traffic_source=rss
2026-07-28 16:48:37,669 - INFO - [Al Jazeera] Attempt 2/2: Trying with 'selenium_browser' strategy...
2026-07-28 16:48:41,287 - INFO - [NDTV] Page content loaded.
2026-07-28 16:48:41,287 - INFO - >>> SUCCESSFULLY SAVED [ID: 92569] - World Cup: Uefa furious at reports Fifa plan to sell stakes in tournament - BBC Sport from BBC (447 words)
2026-07-28 16:48:43,166 - INFO - [BBC] Article: https://www.bbc.co.uk/news/articles/c3w0d7yeqlxo?at_medium=RSS&at_campaign=rss
2026-07-28 16:48:43,166 - INFO - [BBC] Attempt 1/2: Trying with 'requests_browser' strategy...
2026-07-28 16:48:43,169 - WARNING - [Wired] Page get timed out (7s). Proceeding to grab partial source anyway.
2026-07-28 16:48:45,085 - INFO - >>> SUCCESSFULLY SAVED [ID: 92570] - Kochi Corporation among communicable disease hotspots - The Hindu from The Hindu (401 words)
2026-07-28 16:48:45,489 - INFO - [BBC] Success with 'requests_browser'. Found content (296 words).
2026-07-28 16:48:45,725 - INFO - [NDTV] Success with 'selenium_browser'. Found content (737 words).
2026-07-28 16:48:45,982 - INFO - [Al Jazeera] Page content loaded.
2026-07-28 16:48:46,295 - INFO - [The Hindu] Article: https://www.thehindu.com/news/national/kerala/adgp-mr-ajith-kumar-challenges-his-suspension-before-central-administrative-tribunal/article71278270.ece
2026-07-28 16:48:46,313 - INFO - [The Hindu] Attempt 1/1: Trying with 'selenium_browser' strategy...
2026-07-28 16:48:50,923 - INFO - >>> SUCCESSFULLY SAVED [ID: 92571] - Amboseli elephant deaths: Kenya Wildlife Service launches urgent inquiry after 14 carcasses found - BBC News from BBC (296 words)
2026-07-28 16:48:50,924 - WARNING - [Times of India] Page explicit wait timed out (3s). Proceeding anyway.
2026-07-28 16:48:51,826 - INFO - [BBC] Early skip: URL https://www.bbc.co.uk/news/articles/cdx7n1r54nno?at_medium=RSS&at_campaign=rss already exists.
2026-07-28 16:48:51,831 - INFO - [BBC] Early skip: URL https://www.bbc.co.uk/news/articles/c87nj3w9gxjo?at_medium=RSS&at_campaign=rss already exists.
2026-07-28 16:48:51,842 - INFO - [BBC] Early skip: URL https://www.bbc.co.uk/news/articles/cvgv7m5z4n0o?at_medium=RSS&at_campaign=rss already exists.
2026-07-28 16:48:51,849 - INFO - [BBC] Early skip: URL https://www.bbc.co.uk/news/articles/cgewg57rq2ro?at_medium=RSS&at_campaign=rss already exists.
2026-07-28 16:48:51,862 - INFO - [BBC] Early skip: URL https://www.bbc.co.uk/news/articles/cy4ker2y1mko?at_medium=RSS&at_campaign=rss already exists.
2026-07-28 16:48:51,876 - INFO - [BBC] Early skip: URL https://www.bbc.co.uk/news/articles/cpd74e0yy12o?at_medium=RSS&at_campaign=rss already exists.
2026-07-28 16:48:51,881 - INFO - [BBC] Early skip: URL https://www.bbc.co.uk/news/articles/cd692n215ndo?at_medium=RSS&at_campaign=rss already exists.
2026-07-28 16:48:51,887 - INFO - [BBC] Early skip: URL https://www.bbc.co.uk/sport/football/articles/c0ly412r412o?at_medium=RSS&at_campaign=rss already exists.
2026-07-28 16:48:51,893 - WARNING - [Al Jazeera] FAILED with 'selenium_browser' (content was too short: 71 words).
2026-07-28 16:48:51,893 - ERROR - [Al Jazeera] All scrape strategies failed for https://www.aljazeera.com/video/newsfeed/2026/7/28/iran-rejects-trump-frozen-funds-plan-warns-ships-of-hormuz-transit-ban?traffic_source=rss. Falling back to RSS description.
2026-07-28 16:48:51,893 - WARNING - SKIPPED (GLOBAL WORD LIMIT): Article 'Iran rejects Trump frozen funds plan, warns ships of Hormuz transit ban' from Al Jazeera has only 19 words (Min: 90).
2026-07-28 16:48:51,893 - INFO - [BBC] Early skip: URL https://www.bbc.co.uk/news/articles/clyqnz52rp6o?at_medium=RSS&at_campaign=rss already exists.
2026-07-28 16:48:51,897 - INFO - [BBC] Early skip: URL https://www.bbc.co.uk/news/articles/c1l1de9gjj6o?at_medium=RSS&at_campaign=rss already exists.
2026-07-28 16:48:51,898 - INFO - [BBC] Early skip: URL https://www.bbc.co.uk/news/articles/cwyq7e5d1gko?at_medium=RSS&at_campaign=rss already exists.
2026-07-28 16:48:51,899 - INFO - [BBC] Early skip: URL https://www.bbc.co.uk/sport/football/articles/cpd741qn2y9o?at_medium=RSS&at_campaign=rss already exists.
2026-07-28 16:48:51,900 - INFO - [BBC] Early skip: URL https://www.bbc.co.uk/news/articles/c70gkg62w0ro?at_medium=RSS&at_campaign=rss already exists.
2026-07-28 16:48:51,902 - INFO - [BBC] Early skip: URL https://www.bbc.co.uk/news/articles/c78gjyx4q2yo?at_medium=RSS&at_campaign=rss already exists.
2026-07-28 16:48:51,905 - INFO - [BBC] Early skip: URL https://www.bbc.co.uk/news/articles/ckgvnw44rz9o?at_medium=RSS&at_campaign=rss already exists.
2026-07-28 16:48:51,907 - INFO - [BBC] Article: https://www.bbc.co.uk/news/articles/cgewgxlpj3po?at_medium=RSS&at_campaign=rss
2026-07-28 16:48:51,907 - INFO - [BBC] Attempt 1/2: Trying with 'requests_browser' strategy...
2026-07-28 16:48:52,194 - INFO - [BBC] Success with 'requests_browser'. Found content (499 words).
2026-07-28 16:48:54,027 - INFO - [Al Jazeera] Article: https://www.aljazeera.com/news/2026/7/28/trump-expresses-frustration-with-netanyahu-before-white-house-meeting?traffic_source=rss
2026-07-28 16:48:54,027 - INFO - [Al Jazeera] Attempt 1/2: Trying with 'requests_browser' strategy...
2026-07-28 16:48:54,541 - INFO - [Wired] Page content loaded.
2026-07-28 16:48:55,861 - INFO - >>> SUCCESSFULLY SAVED [ID: 92572] - Shimla Agreement: The 1972 Treaty That Defines How India, Pak Talk To Each Other from NDTV (737 words)
2026-07-28 16:48:56,175 - INFO - [Al Jazeera] Success with 'requests_browser'. Found content (646 words).
2026-07-28 16:48:56,661 - INFO - [NDTV] Article: https://www.ndtv.com/india-news/bansuri-swaraj-shrikant-shinde-tejasvi-surya-delulu-clock-it-gen-z-lingo-reaches-lok-sabha-during-paper-leak-debate-11834472#publisher=newsstand
2026-07-28 16:48:56,662 - INFO - [NDTV] Attempt 1/2: Trying with 'requests_browser' strategy...
2026-07-28 16:49:00,183 - INFO - [Economic Times] Page content loaded.
2026-07-28 16:49:00,473 - ERROR - [NDTV] Request failed for strategy 'requests_browser' on URL https://www.ndtv.com/india-news/bansuri-swaraj-shrikant-shinde-tejasvi-surya-delulu-clock-it-gen-z-lingo-reaches-lok-sabha-during-paper-leak-debate-11834472#publisher=newsstand: 403 Client Error: Forbidden for url: https://www.ndtv.com/india-news/bansuri-swaraj-shrikant-shinde-tejasvi-surya-delulu-clock-it-gen-z-lingo-reaches-lok-sabha-during-paper-leak-debate-11834472#publisher=newsstand
2026-07-28 16:49:00,521 - INFO - >>> SUCCESSFULLY SAVED [ID: 92573] - Japan earthquake: What we know so far - BBC News from BBC (499 words)
2026-07-28 16:49:00,555 - INFO - [Times of India] Success with 'selenium_browser'. Found content (562 words).
2026-07-28 16:49:01,360 - INFO - [NDTV] Article: https://www.ndtv.com/india-news/bansuri-swaraj-shrikant-shinde-tejasvi-surya-delulu-clock-it-gen-z-lingo-reaches-lok-sabha-during-paper-leak-debate-11834472#publisher=newsstand
2026-07-28 16:49:01,361 - INFO - [NDTV] Attempt 2/2: Trying with 'selenium_browser' strategy...
2026-07-28 16:49:01,382 - INFO - DEDUPLICATION: Found match (Score: 0.85). Linking to Cluster ID: a840f844-1c17-4bbf-9937-0653fa6919ea
2026-07-28 16:49:02,957 - INFO - [Economic Times] Success with 'selenium_browser'. Found content (397 words).
2026-07-28 16:49:02,982 - INFO - [BBC] Early skip: URL https://www.bbc.co.uk/news/articles/c235m71mrreo?at_medium=RSS&at_campaign=rss already exists.
2026-07-28 16:49:02,991 - INFO - [BBC] Early skip: URL https://www.bbc.co.uk/news/articles/c36d79nd5w8o?at_medium=RSS&at_campaign=rss already exists.
2026-07-28 16:49:04,825 - INFO - [BBC] Early skip: URL https://www.bbc.co.uk/news/articles/c0qvnk2ezp7o?at_medium=RSS&at_campaign=rss already exists.
2026-07-28 16:49:04,834 - INFO - >>> SUCCESSFULLY SAVED [ID: 92574] - Trump expresses frustration with Netanyahu before White House meeting | Donald Trump News | Al Jazeera from Al Jazeera (646 words)
2026-07-28 16:49:04,834 - INFO - [BBC] Early skip: URL https://www.bbc.co.uk/news/articles/cx27mjvxgg1o?at_medium=RSS&at_campaign=rss already exists.
2026-07-28 16:49:04,836 - INFO - [BBC] Early skip: URL https://www.bbc.co.uk/news/articles/cj638jx0l53o?at_medium=RSS&at_campaign=rss already exists.
2026-07-28 16:49:04,913 - INFO - [BBC] Early skip: URL https://www.bbc.co.uk/news/videos/c98v94dmmz0o?at_medium=RSS&at_campaign=rss already exists.
2026-07-28 16:49:04,970 - INFO - [BBC] Early skip: URL https://www.bbc.co.uk/news/videos/c1l1d429m8eo?at_medium=RSS&at_campaign=rss already exists.
2026-07-28 16:49:05,046 - INFO - [BBC] Article: https://www.bbc.co.uk/news/videos/cy745x171rjo?at_medium=RSS&at_campaign=rss
2026-07-28 16:49:05,046 - INFO - [BBC] Attempt 1/2: Trying with 'requests_browser' strategy...
2026-07-28 16:49:06,267 - WARNING - [BBC] FAILED with 'requests_browser' (content was too short: 71 words).
2026-07-28 16:49:06,355 - INFO - [Al Jazeera] Article: https://www.aljazeera.com/news/2026/7/28/german-investigators-find-apparent-motive-after-berlin-pride-attack?traffic_source=rss
2026-07-28 16:49:06,355 - INFO - [Al Jazeera] Attempt 1/2: Trying with 'requests_browser' strategy...
2026-07-28 16:49:07,036 - INFO - [BBC] Article: https://www.bbc.co.uk/news/videos/cy745x171rjo?at_medium=RSS&at_campaign=rss
2026-07-28 16:49:07,036 - INFO - [BBC] Attempt 2/2: Trying with 'selenium_browser' strategy...
2026-07-28 16:49:07,088 - WARNING - [The Hindu] Page get timed out (7s). Proceeding to grab partial source anyway.
2026-07-28 16:49:07,467 - INFO - [The Hindu] Page content loaded.
2026-07-28 16:49:07,614 - INFO - [Al Jazeera] Success with 'requests_browser'. Found content (390 words).
2026-07-28 16:49:08,465 - INFO - [Wired] Success with 'selenium_browser'. Found content (1270 words).
2026-07-28 16:49:10,284 - INFO - [The Hindu] Success with 'selenium_browser'. Found content (406 words).
2026-07-28 16:49:12,336 - INFO - >>> SUCCESSFULLY SAVED [ID: 92575] - Once known as the 'Sea of Death', China's Taklamakan Desert is turning greener with drone technology | World News - The Times of India from Times of India (562 words)
2026-07-28 16:49:12,530 - INFO - [NDTV] Page content loaded.
2026-07-28 16:49:15,119 - INFO - [Times of India] Article: https://timesofindia.indiatimes.com/world/rest-of-world/divers-once-believed-the-great-blue-hole-was-bottomless-then-explorers-discovered-human-remains-deep-inside/articleshow/132681719.cms
2026-07-28 16:49:15,130 - INFO - [Times of India] Attempt 1/1: Trying with 'selenium_browser' strategy...
2026-07-28 16:49:16,688 - INFO - [BBC] Page content loaded.
2026-07-28 16:49:17,010 - INFO - >>> SUCCESSFULLY SAVED [ID: 92576] - Coca-Cola shares surge 7% as earnings beat lifts outlook - The Economic Times from Economic Times (397 words)
2026-07-28 16:49:17,441 - INFO - [NDTV] Success with 'selenium_browser'. Found content (761 words).
2026-07-28 16:49:19,755 - INFO - [Economic Times] Article: https://economictimes.indiatimes.com/markets/us-stocks/wall-street-guide/glass-maker-corning-shares-plunge-20-on-lower-sales-forecast/articleshow/132687070.cms
2026-07-28 16:49:19,755 - INFO - [Economic Times] Attempt 1/2: Trying with 'requests_browser' strategy...
2026-07-28 16:49:21,096 - INFO - >>> SUCCESSFULLY SAVED [ID: 92577] - German investigators find apparent motive after Berlin Pride attack | Police News | Al Jazeera from Al Jazeera (390 words)
2026-07-28 16:49:21,601 - ERROR - parsed tree length: 1, wrong data type or not valid HTML
2026-07-28 16:49:21,601 - ERROR - empty HTML tree: None
2026-07-28 16:49:21,601 - WARNING - discarding data: None
2026-07-28 16:49:21,601 - WARNING - [Economic Times] FAILED with 'requests_browser' (content was too short: 0 words).
2026-07-28 16:49:23,714 - INFO - [Al Jazeera] Article: https://www.aljazeera.com/sports/2026/7/28/fifa-world-cup-for-india-football-qualification-is-still-just-a-distant-dream?traffic_source=rss
2026-07-28 16:49:23,714 - INFO - [Al Jazeera] Attempt 1/2: Trying with 'requests_browser' strategy...
2026-07-28 16:49:23,723 - INFO - [Economic Times] Article: https://economictimes.indiatimes.com/markets/us-stocks/wall-street-guide/glass-maker-corning-shares-plunge-20-on-lower-sales-forecast/articleshow/132687070.cms
2026-07-28 16:49:23,723 - INFO - [Economic Times] Attempt 2/2: Trying with 'selenium_browser' strategy...
2026-07-28 16:49:25,250 - ERROR - Error saving article Ulta Promo Codes: Up to 50% Off in July 2026 | WIRED: Hrana: `stream error: `Error { message: "SQLite error: UNIQUE constraint failed: articles.url", code: "SQLITE_CONSTRAINT" }``
2026-07-28 16:49:25,388 - WARNING - [BBC] FAILED with 'selenium_browser' (content was too short: 71 words).
2026-07-28 16:49:25,392 - ERROR - [BBC] All scrape strategies failed for https://www.bbc.co.uk/news/videos/cy745x171rjo?at_medium=RSS&at_campaign=rss. Falling back to RSS description.
2026-07-28 16:49:25,393 - WARNING - SKIPPED (GLOBAL WORD LIMIT): Article 'BBC outside court as judge rules singer D4vd will face murder trial' from BBC has only 21 words (Min: 90).
2026-07-28 16:49:25,496 - INFO - [Al Jazeera] Success with 'requests_browser'. Found content (793 words).
2026-07-28 16:49:27,255 - INFO - [Wired] Article: https://www.wired.com/story/bh-photo-coupon/
2026-07-28 16:49:27,256 - INFO - [Wired] Attempt 1/2: Trying with 'requests_browser' strategy...
2026-07-28 16:49:27,278 - INFO - [Times of India] Page content loaded.
2026-07-28 16:49:27,282 - INFO - [BBC] Early skip: URL https://www.bbc.co.uk/news/videos/cd0xlnz2yk1o?at_medium=RSS&at_campaign=rss already exists.
2026-07-28 16:49:27,787 - INFO - [BBC] Early skip: URL https://www.bbc.co.uk/news/videos/c1l1d429m8eo?at_medium=RSS&at_campaign=rss already exists.
2026-07-28 16:49:27,788 - INFO - [BBC] (Thread) Finished. Attempting to shut down its Selenium driver.
2026-07-28 16:49:29,076 - INFO - >>> SUCCESSFULLY SAVED [ID: 92579] - ADGP M.R. Ajith Kumar challenges his suspension before Central Administrative Tribunal - The Hindu from The Hindu (406 words)
2026-07-28 16:49:29,139 - INFO - [BBC] (Thread) driver.quit() successful.
2026-07-28 16:49:29,188 - ERROR - parsed tree length: 1, wrong data type or not valid HTML
2026-07-28 16:49:29,188 - ERROR - empty HTML tree: None
2026-07-28 16:49:29,188 - WARNING - discarding data: None
2026-07-28 16:49:29,188 - WARNING - [Wired] FAILED with 'requests_browser' (content was too short: 0 words).
2026-07-28 16:49:31,051 - INFO - [Wired] Article: https://www.wired.com/story/bh-photo-coupon/
2026-07-28 16:49:31,053 - INFO - [Wired] Attempt 2/2: Trying with 'selenium_browser' strategy...
2026-07-28 16:49:31,053 - INFO - [The Hindu] Article: https://www.thehindu.com/news/national/delhi-police-attempted-to-arrest-aishe-ghosh-alleges-sfi/article71277452.ece
2026-07-28 16:49:32,537 - INFO - [The Hindu] Attempt 1/1: Trying with 'selenium_browser' strategy...
2026-07-28 16:49:32,817 - INFO - >>> SUCCESSFULLY SAVED [ID: 92580] - Bansuri Swaraj Shrikant Shinde Tejasvi Surya 'Delulu', 'Clock It': Gen Z Lingo Reaches Lok Sabha During Paper Leak Debate from NDTV (761 words)
2026-07-28 16:49:35,130 - INFO - [NDTV] Article: https://www.ndtv.com/india-news/assam-floods-why-extreme-rainfall-turns-into-a-recurring-disaster-11834463#publisher=newsstand
2026-07-28 16:49:35,130 - INFO - [NDTV] Attempt 1/2: Trying with 'requests_browser' strategy...
2026-07-28 16:49:36,939 - INFO - >>> SUCCESSFULLY SAVED [ID: 92581] - FIFA World Cup: For India, qualification is still just a distant dream | Football News | Al Jazeera from Al Jazeera (793 words)
2026-07-28 16:49:37,102 - ERROR - [NDTV] Request failed for strategy 'requests_browser' on URL https://www.ndtv.com/india-news/assam-floods-why-extreme-rainfall-turns-into-a-recurring-disaster-11834463#publisher=newsstand: 403 Client Error: Forbidden for url: https://www.ndtv.com/india-news/assam-floods-why-extreme-rainfall-turns-into-a-recurring-disaster-11834463#publisher=newsstand
2026-07-28 16:49:37,130 - INFO - [Times of India] Success with 'selenium_browser'. Found content (738 words).
2026-07-28 16:49:37,652 - INFO - [NDTV] Article: https://www.ndtv.com/india-news/assam-floods-why-extreme-rainfall-turns-into-a-recurring-disaster-11834463#publisher=newsstand
2026-07-28 16:49:37,652 - INFO - [NDTV] Attempt 2/2: Trying with 'selenium_browser' strategy...
2026-07-28 16:49:39,525 - INFO - [Indian Express] Page content loaded.
2026-07-28 16:49:39,527 - INFO - [Al Jazeera] Early skip: URL https://www.aljazeera.com/economy/2026/7/28/iraqi-pm-visits-turkiye-to-boost-ties-despite-complex-challenges?traffic_source=rss already exists.
2026-07-28 16:49:39,533 - INFO - [Al Jazeera] Early skip: URL https://www.aljazeera.com/news/2026/7/28/france-and-spain-brace-for-heatwave-that-could-worsen-raging-wildfires?traffic_source=rss already exists.
2026-07-28 16:49:40,020 - INFO - [Al Jazeera] Early skip: URL https://www.aljazeera.com/sports/2026/7/28/mancini-to-become-italy-head-coach-for-second-time-source-says?traffic_source=rss already exists.
2026-07-28 16:49:41,080 - INFO - [Al Jazeera] Article: https://www.aljazeera.com/video/newsfeed/2026/7/28/israeli-soldier-runs-marathon-around-gaza-outpost?traffic_source=rss
2026-07-28 16:49:41,082 - INFO - [Al Jazeera] Attempt 1/2: Trying with 'requests_browser' strategy...
2026-07-28 16:49:41,373 - INFO - >>> SUCCESSFULLY SAVED [ID: 92582] - Divers once believed the Great Blue Hole was bottomless; then explorers discovered human remains deep inside | World News - The Times of India from Times of India (738 words)
2026-07-28 16:49:41,631 - WARNING - [Al Jazeera] FAILED with 'requests_browser' (content was too short: 59 words).
2026-07-28 16:49:41,745 - INFO - [Indian Express] Success with 'selenium_browser'. Found content (503 words).
2026-07-28 16:49:42,189 - INFO - [Al Jazeera] Article: https://www.aljazeera.com/video/newsfeed/2026/7/28/israeli-soldier-runs-marathon-around-gaza-outpost?traffic_source=rss
2026-07-28 16:49:42,189 - INFO - [Al Jazeera] Attempt 2/2: Trying with 'selenium_browser' strategy...
2026-07-28 16:49:42,221 - INFO - [Times of India] Article: https://timesofindia.indiatimes.com/world/europe/remains-of-five-infants-found-in-french-couples-home-partner-made-discovery/articleshow/132689486.cms
2026-07-28 16:49:42,221 - INFO - [Times of India] Attempt 1/1: Trying with 'selenium_browser' strategy...
2026-07-28 16:49:42,489 - INFO - [Economic Times] Page content loaded.
2026-07-28 16:49:44,117 - INFO - [NDTV] Page content loaded.
2026-07-28 16:49:46,015 - INFO - [Wired] Page content loaded.
2026-07-28 16:49:46,017 - INFO - >>> SUCCESSFULLY SAVED [ID: 92583] - India Curtailed 8,133 GWh of Solar Power in 3 Months Equal to 1.5 Days of Nation’s Electricity Use from Indian Express (503 words)
2026-07-28 16:49:46,289 - INFO - [Economic Times] Success with 'selenium_browser'. Found content (290 words).
2026-07-28 16:49:46,301 - INFO - [NDTV] Success with 'selenium_browser'. Found content (600 words).
2026-07-28 16:49:46,904 - INFO - [Indian Express] Article: https://indianexpress.com/article/sports/football/italy-turn-back-to-roberto-mancini-to-end-world-cup-exile-10807874/
2026-07-28 16:49:46,905 - INFO - [Indian Express] Attempt 1/1: Trying with 'selenium_browser' strategy...
2026-07-28 16:49:48,759 - WARNING - [The Hindu] Page get timed out (7s). Proceeding to grab partial source anyway.
2026-07-28 16:49:50,636 - INFO - >>> SUCCESSFULLY SAVED [ID: 92584] - Glass-maker Corning shares plunge 20% on lower sales forecast - The Economic Times from Economic Times (290 words)
2026-07-28 16:49:51,178 - INFO - [Economic Times] Article: https://economictimes.indiatimes.com/markets/stocks/news/nithin-kamath-warns-closing-auction-session-may-hit-zerodhas-revenue-from-august-3/articleshow/132686172.cms
2026-07-28 16:49:51,178 - INFO - [Economic Times] Attempt 1/2: Trying with 'requests_browser' strategy...
2026-07-28 16:49:51,212 - INFO - [Wired] Success with 'selenium_browser'. Found content (720 words).
2026-07-28 16:49:51,417 - INFO - DEDUPLICATION: Found match (Score: 0.88). Linking to Cluster ID: cdb5a440-98e9-4bf0-bcfe-862c365104a7
2026-07-28 16:49:54,617 - INFO - [Al Jazeera] Page content loaded.
2026-07-28 16:49:54,620 - ERROR - parsed tree length: 1, wrong data type or not valid HTML
2026-07-28 16:49:54,620 - ERROR - empty HTML tree: None
2026-07-28 16:49:54,622 - WARNING - discarding data: None
2026-07-28 16:49:54,895 - WARNING - [Economic Times] FAILED with 'requests_browser' (content was too short: 0 words).
2026-07-28 16:49:54,895 - INFO - >>> SUCCESSFULLY SAVED [ID: 92585] - Assam Floods: Why Extreme Rainfall Turns Into A Recurring Disaster from NDTV (600 words)
2026-07-28 16:49:55,165 - WARNING - [Al Jazeera] FAILED with 'selenium_browser' (content was too short: 63 words).
2026-07-28 16:49:55,166 - ERROR - [Al Jazeera] All scrape strategies failed for https://www.aljazeera.com/video/newsfeed/2026/7/28/israeli-soldier-runs-marathon-around-gaza-outpost?traffic_source=rss. Falling back to RSS description.
2026-07-28 16:49:55,166 - WARNING - SKIPPED (GLOBAL WORD LIMIT): Article 'Israeli soldier runs marathon around Gaza outpost' from Al Jazeera has only 14 words (Min: 90).
2026-07-28 16:49:55,452 - INFO - [Economic Times] Article: https://economictimes.indiatimes.com/markets/stocks/news/nithin-kamath-warns-closing-auction-session-may-hit-zerodhas-revenue-from-august-3/articleshow/132686172.cms
2026-07-28 16:49:55,452 - INFO - [Economic Times] Attempt 2/2: Trying with 'selenium_browser' strategy...
2026-07-28 16:49:57,035 - INFO - [NDTV] Article: https://www.ndtv.com/india-news/priyanka-gandhi-v-kamakoti-gaumutra-lok-sabha-priyanka-gandhi-vs-anurag-thakur-over-cow-urine-expert-jab-at-iit-professor-11834389#publisher=newsstand
2026-07-28 16:49:57,035 - INFO - [NDTV] Attempt 1/2: Trying with 'requests_browser' strategy...
2026-07-28 16:49:57,037 - WARNING - [The Hindu] Page explicit wait timed out (3s). Proceeding anyway.
2026-07-28 16:49:57,038 - INFO - [Al Jazeera] Early skip: URL https://www.aljazeera.com/news/2026/7/28/tate-brothers-face-at-least-two-more-weeks-in-us-jail-as-bail-bid-reviewed?traffic_source=rss already exists.
2026-07-28 16:49:57,528 - INFO - [Al Jazeera] Early skip: URL https://www.aljazeera.com/news/2026/7/28/trump-says-good-chance-of-progress-in-iran-talks-what-we-know?traffic_source=rss already exists.
2026-07-28 16:49:58,584 - ERROR - Error saving article B&H Photo Promo Codes and Deals This July 2026 | WIRED: Hrana: `stream error: `Error { message: "SQLite error: UNIQUE constraint failed: articles.url", code: "SQLITE_CONSTRAINT" }``
2026-07-28 16:49:58,585 - INFO - [Al Jazeera] Article: https://www.aljazeera.com/video/newsfeed/2026/7/28/pregnant-palestinian-woman-loses-baby-after-israeli-checkpoint-stop?traffic_source=rss
2026-07-28 16:49:58,586 - INFO - [Al Jazeera] Attempt 1/2: Trying with 'requests_browser' strategy...
2026-07-28 16:49:59,313 - WARNING - [Al Jazeera] FAILED with 'requests_browser' (content was too short: 60 words).
2026-07-28 16:49:59,316 - INFO - [Indian Express] Page content loaded.
2026-07-28 16:49:59,359 - ERROR - [NDTV] Request failed for strategy 'requests_browser' on URL https://www.ndtv.com/india-news/priyanka-gandhi-v-kamakoti-gaumutra-lok-sabha-priyanka-gandhi-vs-anurag-thakur-over-cow-urine-expert-jab-at-iit-professor-11834389#publisher=newsstand: 403 Client Error: Forbidden for url: https://www.ndtv.com/india-news/priyanka-gandhi-v-kamakoti-gaumutra-lok-sabha-priyanka-gandhi-vs-anurag-thakur-over-cow-urine-expert-jab-at-iit-professor-11834389#publisher=newsstand
2026-07-28 16:49:59,768 - INFO - [Wired] Article: https://www.wired.com/story/airdoctor-coupon-code/
2026-07-28 16:49:59,768 - INFO - [Wired] Attempt 1/2: Trying with 'requests_browser' strategy...
2026-07-28 16:49:59,896 - INFO - [Al Jazeera] Article: https://www.aljazeera.com/video/newsfeed/2026/7/28/pregnant-palestinian-woman-loses-baby-after-israeli-checkpoint-stop?traffic_source=rss
2026-07-28 16:49:59,896 - INFO - [Al Jazeera] Attempt 2/2: Trying with 'selenium_browser' strategy...
2026-07-28 16:50:00,000 - ERROR - parsed tree length: 1, wrong data type or not valid HTML
2026-07-28 16:50:00,006 - ERROR - empty HTML tree: None
2026-07-28 16:50:00,006 - WARNING - discarding data: None
2026-07-28 16:50:00,007 - WARNING - [Wired] FAILED with 'requests_browser' (content was too short: 0 words).
2026-07-28 16:50:00,172 - INFO - [NDTV] Article: https://www.ndtv.com/india-news/priyanka-gandhi-v-kamakoti-gaumutra-lok-sabha-priyanka-gandhi-vs-anurag-thakur-over-cow-urine-expert-jab-at-iit-professor-11834389#publisher=newsstand
2026-07-28 16:50:00,173 - INFO - [NDTV] Attempt 2/2: Trying with 'selenium_browser' strategy...
2026-07-28 16:50:00,218 - INFO - [Indian Express] Success with 'selenium_browser'. Found content (354 words).
2026-07-28 16:50:00,780 - WARNING - [Times of India] Page explicit wait timed out (3s). Proceeding anyway.
2026-07-28 16:50:00,837 - INFO - [Wired] Article: https://www.wired.com/story/airdoctor-coupon-code/
2026-07-28 16:50:00,837 - INFO - [Wired] Attempt 2/2: Trying with 'selenium_browser' strategy...
2026-07-28 16:50:00,916 - INFO - DEDUPLICATION: Found match (Score: 0.89). Linking to Cluster ID: e9bb1274-5f75-4abd-9e52-f41a24e6be2d
2026-07-28 16:50:04,215 - ERROR - [The Hindu] Request failed for strategy 'selenium_browser' on URL https://www.thehindu.com/news/national/delhi-police-attempted-to-arrest-aishe-ghosh-alleges-sfi/article71277452.ece: Message: timeout: Timed out receiving message from renderer: 7.000
  (Session info: chrome=151.0.7922.47)
Stacktrace:
#0 0x559c0075475a <unknown>
#1 0x559c000c7f49 <unknown>
#2 0x559c000af9af <unknown>
#3 0x559c000af626 <unknown>
#4 0x559c000ad208 <unknown>
#5 0x559c000adb8f <unknown>
#6 0x559c000bccf0 <unknown>
#7 0x559c000d6cb7 <unknown>
#8 0x559c000de68b <unknown>
#9 0x559c000ae2e9 <unknown>
#10 0x559c000d6a12 <unknown>
#11 0x559c00165fe6 <unknown>
#12 0x559c00110cb2 <unknown>
#13 0x559c00111b31 <unknown>
#14 0x559c00719ae0 <unknown>
#15 0x559c0071815a <unknown>
#16 0x559c00702b85 <unknown>
#17 0x559c00718e1a <unknown>
#18 0x559c006eaa80 <unknown>
#19 0x559c00740138 <unknown>
#20 0x559c007402d5 <unknown>
#21 0x559c0075330e <unknown>
#22 0x7f2ba129caa4 <unknown>
#23 0x7f2ba1329c6c <unknown>

2026-07-28 16:50:04,243 - ERROR - [The Hindu] All scrape strategies failed for https://www.thehindu.com/news/national/delhi-police-attempted-to-arrest-aishe-ghosh-alleges-sfi/article71277452.ece. Falling back to RSS description.
2026-07-28 16:50:04,243 - WARNING - SKIPPED (GLOBAL WORD LIMIT): Article 'Delhi Police attempted to arrest Aishe Ghosh, alleges SFI' from The Hindu has only 32 words (Min: 90).
2026-07-28 16:50:04,243 - INFO - [NDTV] Page content loaded.
2026-07-28 16:50:04,518 - INFO - >>> SUCCESSFULLY SAVED [ID: 92587] - Italy turn back to Roberto Mancini to end World Cup exile from Indian Express (354 words)
2026-07-28 16:50:05,083 - INFO - [Al Jazeera] Page content loaded.
2026-07-28 16:50:05,114 - INFO - [The Hindu] Article: https://www.thehindu.com/news/national/akhilesh-yadav-compares-police-action-at-delhi-protest-to-emergency-says-pradhans-exit-saved-pm/article71277852.ece
2026-07-28 16:50:05,114 - INFO - [The Hindu] Attempt 1/1: Trying with 'selenium_browser' strategy...
2026-07-28 16:50:05,283 - INFO - [Times of India] Success with 'selenium_browser'. Found content (484 words).
2026-07-28 16:50:05,286 - INFO - [NDTV] Success with 'selenium_browser'. Found content (739 words).
2026-07-28 16:50:05,511 - WARNING - [Al Jazeera] FAILED with 'selenium_browser' (content was too short: 64 words).
2026-07-28 16:50:05,511 - ERROR - [Al Jazeera] All scrape strategies failed for https://www.aljazeera.com/video/newsfeed/2026/7/28/pregnant-palestinian-woman-loses-baby-after-israeli-checkpoint-stop?traffic_source=rss. Falling back to RSS description.
2026-07-28 16:50:05,511 - WARNING - SKIPPED (GLOBAL WORD LIMIT): Article 'Pregnant Palestinian woman loses baby after Israeli checkpoint stop' from Al Jazeera has only 9 words (Min: 90).
2026-07-28 16:50:05,989 - INFO - [Indian Express] Article: https://indianexpress.com/article/lifestyle/destination-of-the-week/6-incredible-coastal-airports-you-should-see-at-least-once-10801747/
2026-07-28 16:50:05,989 - INFO - [Indian Express] Attempt 1/1: Trying with 'selenium_browser' strategy...
2026-07-28 16:50:06,478 - INFO - [Al Jazeera] Article: https://www.aljazeera.com/video/newsfeed/2026/7/28/moment-canadian-politician-accidentally-reads-ai-prompt-during-speech?traffic_source=rss
2026-07-28 16:50:06,478 - INFO - [Al Jazeera] Attempt 1/2: Trying with 'requests_browser' strategy...
2026-07-28 16:50:09,929 - INFO - >>> SUCCESSFULLY SAVED [ID: 92588] - Remains of five infants found in French couple's home; partner made discovery - The Times of India from Times of India (484 words)
2026-07-28 16:50:09,973 - WARNING - [Al Jazeera] FAILED with 'requests_browser' (content was too short: 61 words).
2026-07-28 16:50:10,104 - INFO - [Indian Express] Page content loaded.
2026-07-28 16:50:10,196 - INFO - [Economic Times] Page content loaded.
2026-07-28 16:50:12,324 - INFO - [Al Jazeera] Article: https://www.aljazeera.com/video/newsfeed/2026/7/28/moment-canadian-politician-accidentally-reads-ai-prompt-during-speech?traffic_source=rss
2026-07-28 16:50:12,324 - INFO - [Al Jazeera] Attempt 2/2: Trying with 'selenium_browser' strategy...
2026-07-28 16:50:13,408 - INFO - [Times of India] Article: https://timesofindia.indiatimes.com/world/rest-of-world/the-clothing-mountain-visible-from-space-how-60000-tonnes-of-discarded-clothes-ended-up-in-chiles-atacama-desert/articleshow/132689467.cms
2026-07-28 16:50:13,408 - INFO - [Times of India] Attempt 1/1: Trying with 'selenium_browser' strategy...
2026-07-28 16:50:13,702 - INFO - >>> SUCCESSFULLY SAVED [ID: 92589] - Priyanka Gandhi V Kamakoti Gaumutra Lok Sabha: Priyanka Gandhi vs Anurag Thakur Over "Cow Urine Expert" Jab At IIT Professor from NDTV (739 words)
2026-07-28 16:50:14,169 - INFO - [Economic Times] Success with 'selenium_browser'. Found content (825 words).
2026-07-28 16:50:14,224 - INFO - [Indian Express] Success with 'selenium_browser'. Found content (378 words).
2026-07-28 16:50:14,758 - INFO - [NDTV] Article: https://www.ndtv.com/india-news/in-poll-postmortem-cpms-biggest-admission-is-about-hindutva-11834381#publisher=newsstand
2026-07-28 16:50:14,758 - INFO - [NDTV] Attempt 1/2: Trying with 'requests_browser' strategy...
2026-07-28 16:50:15,152 - ERROR - [NDTV] Request failed for strategy 'requests_browser' on URL https://www.ndtv.com/india-news/in-poll-postmortem-cpms-biggest-admission-is-about-hindutva-11834381#publisher=newsstand: 403 Client Error: Forbidden for url: https://www.ndtv.com/india-news/in-poll-postmortem-cpms-biggest-admission-is-about-hindutva-11834381#publisher=newsstand
2026-07-28 16:50:17,430 - INFO - [NDTV] Article: https://www.ndtv.com/india-news/in-poll-postmortem-cpms-biggest-admission-is-about-hindutva-11834381#publisher=newsstand
2026-07-28 16:50:17,430 - INFO - [NDTV] Attempt 2/2: Trying with 'selenium_browser' strategy...
2026-07-28 16:50:18,482 - INFO - [Wired] Page content loaded.
2026-07-28 16:50:18,758 - INFO - >>> SUCCESSFULLY SAVED [ID: 92590] - Nithin Kamath warns closing auction session may hit Zerodha’s revenue from August 3 - The Economic Times from Economic Times (825 words)
2026-07-28 16:50:20,675 - INFO - [Al Jazeera] Page content loaded.
2026-07-28 16:50:20,676 - WARNING - [The Hindu] Page get timed out (7s). Proceeding to grab partial source anyway.
2026-07-28 16:50:20,677 - INFO - [Economic Times] Article: https://economictimes.indiatimes.com/markets/stocks/earnings/lt-q1-results-net-profit-rises-14-yoy-to-rs-4123-crore-revenue-up-7/articleshow/132684207.cms
2026-07-28 16:50:20,677 - INFO - [Economic Times] Attempt 1/2: Trying with 'requests_browser' strategy...
2026-07-28 16:50:22,533 - INFO - >>> SUCCESSFULLY SAVED [ID: 92591] - 6 Coastal Airports Around the World With Jaw-Dropping Take-offs and Landings from Indian Express (378 words)
2026-07-28 16:50:22,569 - INFO - [NDTV] Page content loaded.
2026-07-28 16:50:22,601 - WARNING - [Al Jazeera] FAILED with 'selenium_browser' (content was too short: 65 words).
2026-07-28 16:50:22,601 - ERROR - [Al Jazeera] All scrape strategies failed for https://www.aljazeera.com/video/newsfeed/2026/7/28/moment-canadian-politician-accidentally-reads-ai-prompt-during-speech?traffic_source=rss. Falling back to RSS description.
2026-07-28 16:50:22,601 - WARNING - SKIPPED (GLOBAL WORD LIMIT): Article 'Moment Canadian politician accidentally reads AI prompt during speech' from Al Jazeera has only 9 words (Min: 90).
2026-07-28 16:50:22,746 - INFO - [Wired] Success with 'selenium_browser'. Found content (767 words).
2026-07-28 16:50:22,875 - ERROR - parsed tree length: 1, wrong data type or not valid HTML
2026-07-28 16:50:22,875 - ERROR - empty HTML tree: None
2026-07-28 16:50:22,886 - WARNING - discarding data: None
2026-07-28 16:50:22,886 - WARNING - [Economic Times] FAILED with 'requests_browser' (content was too short: 0 words).
2026-07-28 16:50:23,072 - INFO - [NDTV] Success with 'selenium_browser'. Found content (667 words).
2026-07-28 16:50:23,320 - INFO - [Al Jazeera] Early skip: URL https://www.aljazeera.com/features/2026/7/28/were-here-to-stay-west-bank-palestinians-defy-israeli-attacks?traffic_source=rss already exists.
2026-07-28 16:50:23,331 - INFO - [Al Jazeera] Article: https://www.aljazeera.com/video/newsfeed/2026/7/28/us-walks-out-on-france-at-un-over-north-korea-russia-comparison?traffic_source=rss
2026-07-28 16:50:23,331 - INFO - [Al Jazeera] Attempt 1/2: Trying with 'requests_browser' strategy...
2026-07-28 16:50:25,475 - INFO - [Indian Express] Article: https://indianexpress.com/article/pune/sppu-probes-official-ramesh-mukhekar-fake-degree-scam-3-lakh-rickshaw-driver-mahesh-kadam-son-10807905/
2026-07-28 16:50:26,488 - INFO - [Indian Express] Attempt 1/1: Trying with 'selenium_browser' strategy...
2026-07-28 16:50:25,475 - INFO - [Economic Times] Article: https://economictimes.indiatimes.com/markets/stocks/earnings/lt-q1-results-net-profit-rises-14-yoy-to-rs-4123-crore-revenue-up-7/articleshow/132684207.cms
2026-07-28 16:50:26,489 - INFO - [Economic Times] Attempt 2/2: Trying with 'selenium_browser' strategy...
2026-07-28 16:50:26,489 - ERROR - Error saving article AirDoctor Coupon Codes: 40% Off | July 2026 | WIRED: Hrana: `stream error: `Error { message: "SQLite error: UNIQUE constraint failed: articles.url", code: "SQLITE_CONSTRAINT" }``
2026-07-28 16:50:26,501 - WARNING - [Al Jazeera] FAILED with 'requests_browser' (content was too short: 69 words).
2026-07-28 16:50:28,287 - INFO - [Wired] Article: https://www.wired.com/story/google-workspace-promo-code/
2026-07-28 16:50:28,779 - INFO - [Wired] Attempt 1/2: Trying with 'requests_browser' strategy...
2026-07-28 16:50:28,779 - INFO - [Times of India] Page content loaded.
2026-07-28 16:50:28,781 - INFO - [Al Jazeera] Article: https://www.aljazeera.com/video/newsfeed/2026/7/28/us-walks-out-on-france-at-un-over-north-korea-russia-comparison?traffic_source=rss
2026-07-28 16:50:28,782 - INFO - [Al Jazeera] Attempt 2/2: Trying with 'selenium_browser' strategy...
2026-07-28 16:50:29,832 - WARNING - [The Hindu] Page explicit wait timed out (3s). Proceeding anyway.
2026-07-28 16:50:30,147 - INFO - >>> SUCCESSFULLY SAVED [ID: 92593] - In Poll Postmortem, CPM's Biggest Admission Is About Hindutva from NDTV (667 words)
2026-07-28 16:50:30,203 - ERROR - parsed tree length: 1, wrong data type or not valid HTML
2026-07-28 16:50:30,203 - ERROR - empty HTML tree: None
2026-07-28 16:50:30,203 - WARNING - discarding data: None
2026-07-28 16:50:30,203 - WARNING - [Wired] FAILED with 'requests_browser' (content was too short: 0 words).
2026-07-28 16:50:30,585 - INFO - [Indian Express] Page content loaded.
2026-07-28 16:50:30,962 - INFO - [Wired] Article: https://www.wired.com/story/google-workspace-promo-code/
2026-07-28 16:50:30,963 - INFO - [Wired] Attempt 2/2: Trying with 'selenium_browser' strategy...
2026-07-28 16:50:31,380 - INFO - [NDTV] Article: https://www.ndtv.com/india-news/cjp-protest-cjp-sourav-das-supreme-court-supreme-court-order-2-days-2-warnings-cjp-threatens-to-restart-protest-if-agitators-face-action-11834201#publisher=newsstand
2026-07-28 16:50:31,381 - INFO - [NDTV] Attempt 1/2: Trying with 'requests_browser' strategy...
2026-07-28 16:50:31,971 - INFO - [Indian Express] Success with 'selenium_browser'. Found content (296 words).
2026-07-28 16:50:31,996 - ERROR - [NDTV] Request failed for strategy 'requests_browser' on URL https://www.ndtv.com/india-news/cjp-protest-cjp-sourav-das-supreme-court-supreme-court-order-2-days-2-warnings-cjp-threatens-to-restart-protest-if-agitators-face-action-11834201#publisher=newsstand: 403 Client Error: Forbidden for url: https://www.ndtv.com/india-news/cjp-protest-cjp-sourav-das-supreme-court-supreme-court-order-2-days-2-warnings-cjp-threatens-to-restart-protest-if-agitators-face-action-11834201#publisher=newsstand
2026-07-28 16:50:32,726 - INFO - [NDTV] Article: https://www.ndtv.com/india-news/cjp-protest-cjp-sourav-das-supreme-court-supreme-court-order-2-days-2-warnings-cjp-threatens-to-restart-protest-if-agitators-face-action-11834201#publisher=newsstand
2026-07-28 16:50:32,726 - INFO - [NDTV] Attempt 2/2: Trying with 'selenium_browser' strategy...
2026-07-28 16:50:36,198 - INFO - >>> SUCCESSFULLY SAVED [ID: 92594] - Pune’s SPPU employee accused of selling fake degree for Rs 3 lakh, probe launched | The Indian Express from Indian Express (296 words)
2026-07-28 16:50:36,918 - ERROR - [The Hindu] Request failed for strategy 'selenium_browser' on URL https://www.thehindu.com/news/national/akhilesh-yadav-compares-police-action-at-delhi-protest-to-emergency-says-pradhans-exit-saved-pm/article71277852.ece: Message: timeout: Timed out receiving message from renderer: 7.000
  (Session info: chrome=151.0.7922.47)
Stacktrace:
#0 0x559c0075475a <unknown>
#1 0x559c000c7f49 <unknown>
#2 0x559c000af9af <unknown>
#3 0x559c000af626 <unknown>
#4 0x559c000ad208 <unknown>
#5 0x559c000adb8f <unknown>
#6 0x559c000bccf0 <unknown>
#7 0x559c000d6cb7 <unknown>
#8 0x559c000de68b <unknown>
#9 0x559c000ae2e9 <unknown>
#10 0x559c000d6a12 <unknown>
#11 0x559c00165fe6 <unknown>
#12 0x559c00110cb2 <unknown>
#13 0x559c00111b31 <unknown>
#14 0x559c00719ae0 <unknown>
#15 0x559c0071815a <unknown>
#16 0x559c00702b85 <unknown>
#17 0x559c00718e1a <unknown>
#18 0x559c006eaa80 <unknown>
#19 0x559c00740138 <unknown>
#20 0x559c007402d5 <unknown>
#21 0x559c0075330e <unknown>
#22 0x7f2ba129caa4 <unknown>
#23 0x7f2ba1329c6c <unknown>

2026-07-28 16:50:36,918 - ERROR - [The Hindu] All scrape strategies failed for https://www.thehindu.com/news/national/akhilesh-yadav-compares-police-action-at-delhi-protest-to-emergency-says-pradhans-exit-saved-pm/article71277852.ece. Falling back to RSS description.
2026-07-28 16:50:36,918 - WARNING - SKIPPED (GLOBAL WORD LIMIT): Article 'Akhilesh Yadav compares police action at Delhi protest to Emergency, says Pradhan’s exit saved PM' from The Hindu has only 27 words (Min: 90).
2026-07-28 16:50:37,600 - INFO - [Indian Express] Article: https://indianexpress.com/article/entertainment/i-was-trembling-kajal-aggarwal-recalls-assistant-director-removing-shirt-to-show-tattoo-10807889/
2026-07-28 16:50:37,600 - INFO - [Indian Express] Attempt 1/1: Trying with 'selenium_browser' strategy...
2026-07-28 16:50:37,707 - INFO - [The Hindu] Article: https://www.thehindu.com/news/national/kerala/mariners-families-seek-protection-amid-west-asia-conflict/article71277679.ece
2026-07-28 16:50:37,707 - INFO - [The Hindu] Attempt 1/1: Trying with 'selenium_browser' strategy...
2026-07-28 16:50:38,198 - INFO - [Al Jazeera] Page content loaded.
2026-07-28 16:50:38,815 - WARNING - [Al Jazeera] FAILED with 'selenium_browser' (content was too short: 73 words).
2026-07-28 16:50:38,815 - ERROR - [Al Jazeera] All scrape strategies failed for https://www.aljazeera.com/video/newsfeed/2026/7/28/us-walks-out-on-france-at-un-over-north-korea-russia-comparison?traffic_source=rss. Falling back to RSS description.
2026-07-28 16:50:38,815 - WARNING - SKIPPED (GLOBAL WORD LIMIT): Article 'US walks out on France at UN over North Korea, Russia comparison' from Al Jazeera has only 20 words (Min: 90).
2026-07-28 16:50:39,322 - INFO - [NDTV] Page content loaded.
2026-07-28 16:50:39,897 - INFO - [Al Jazeera] Early skip: URL https://www.aljazeera.com/economy/2026/7/28/why-has-irans-economy-not-collapsed-under-us-war-pressure?traffic_source=rss already exists.
2026-07-28 16:50:39,899 - INFO - [Al Jazeera] Early skip: URL https://www.aljazeera.com/video/this-is-america/2026/7/28/fatal-shooting-in-ice-operations?traffic_source=rss already exists.
2026-07-28 16:50:39,900 - INFO - [Al Jazeera] Article: https://www.aljazeera.com/video/newsfeed/2026/7/28/tates-attorney-says-allegations-puts-a-target-on-their?traffic_source=rss
2026-07-28 16:50:39,900 - INFO - [Al Jazeera] Attempt 1/2: Trying with 'requests_browser' strategy...
2026-07-28 16:50:40,071 - WARNING - [Al Jazeera] FAILED with 'requests_browser' (content was too short: 66 words).
2026-07-28 16:50:40,398 - INFO - [NDTV] Success with 'selenium_browser'. Found content (817 words).
2026-07-28 16:50:40,865 - INFO - [Al Jazeera] Article: https://www.aljazeera.com/video/newsfeed/2026/7/28/tates-attorney-says-allegations-puts-a-target-on-their?traffic_source=rss
2026-07-28 16:50:40,865 - INFO - [Al Jazeera] Attempt 2/2: Trying with 'selenium_browser' strategy...
2026-07-28 16:50:44,539 - INFO - >>> SUCCESSFULLY SAVED [ID: 92595] - CJP Protest, CJP, Sourav Das, Supreme Court, Supreme Court Order: 2 Days, 2 Warnings: CJP Threatens To Restart Protest If Agitators Face Action from NDTV (817 words)
2026-07-28 16:50:45,593 - INFO - [Indian Express] Page content loaded.
2026-07-28 16:50:45,871 - INFO - [NDTV] Article: https://www.ndtv.com/world-news/where-to-kill-melania-trump-video-threat-from-iran-warning-for-son-barron-trump-11834369#publisher=newsstand
2026-07-28 16:50:45,871 - INFO - [NDTV] Attempt 1/2: Trying with 'requests_browser' strategy...
2026-07-28 16:50:46,211 - INFO - [Economic Times] Page content loaded.
2026-07-28 16:50:46,317 - ERROR - [NDTV] Request failed for strategy 'requests_browser' on URL https://www.ndtv.com/world-news/where-to-kill-melania-trump-video-threat-from-iran-warning-for-son-barron-trump-11834369#publisher=newsstand: 403 Client Error: Forbidden for url: https://www.ndtv.com/world-news/where-to-kill-melania-trump-video-threat-from-iran-warning-for-son-barron-trump-11834369#publisher=newsstand
2026-07-28 16:50:46,697 - INFO - [Indian Express] Success with 'selenium_browser'. Found content (676 words).
2026-07-28 16:50:47,279 - INFO - [NDTV] Article: https://www.ndtv.com/world-news/where-to-kill-melania-trump-video-threat-from-iran-warning-for-son-barron-trump-11834369#publisher=newsstand
2026-07-28 16:50:47,280 - INFO - [NDTV] Attempt 2/2: Trying with 'selenium_browser' strategy...
2026-07-28 16:50:47,857 - INFO - [Wired] Page content loaded.
2026-07-28 16:50:51,260 - INFO - [Al Jazeera] Page content loaded.
2026-07-28 16:50:51,526 - INFO - >>> SUCCESSFULLY SAVED [ID: 92596] - ‘I was trembling’: Kajal Aggarwal recalls assistant director removing shirt to show tattoo | Entertainment News - The Indian Express from Indian Express (676 words)
2026-07-28 16:50:51,881 - WARNING - [The Hindu] Page get timed out (7s). Proceeding to grab partial source anyway.
2026-07-28 16:50:52,221 - INFO - [Wired] Success with 'selenium_browser'. Found content (1205 words).
2026-07-28 16:50:52,243 - INFO - [Indian Express] Article: https://indianexpress.com/article/india/nirav-modi-deported-legal-proceedings-conclude-mea-10807903/
2026-07-28 16:50:52,243 - INFO - [Indian Express] Attempt 1/1: Trying with 'selenium_browser' strategy...
2026-07-28 16:50:52,419 - INFO - [NDTV] Page content loaded.
2026-07-28 16:50:53,206 - WARNING - [Al Jazeera] FAILED with 'selenium_browser' (content was too short: 70 words).
2026-07-28 16:50:53,210 - ERROR - [Al Jazeera] All scrape strategies failed for https://www.aljazeera.com/video/newsfeed/2026/7/28/tates-attorney-says-allegations-puts-a-target-on-their?traffic_source=rss. Falling back to RSS description.
2026-07-28 16:50:53,210 - WARNING - SKIPPED (GLOBAL WORD LIMIT): Article 'Tate’s attorney says allegations ‘puts a target on their backs’' from Al Jazeera has only 10 words (Min: 90).
2026-07-28 16:50:53,600 - INFO - [NDTV] Success with 'selenium_browser'. Found content (592 words).
2026-07-28 16:50:55,773 - INFO - [Al Jazeera] Article: https://www.aljazeera.com/video/newsfeed/2026/7/28/authorities-open-fire-amid-election-unrest-in-pakistan-administered-kashmir?traffic_source=rss
2026-07-28 16:50:55,773 - INFO - [Al Jazeera] Attempt 1/2: Trying with 'requests_browser' strategy...
2026-07-28 16:50:56,842 - ERROR - Error saving article Google Workspace Promo Codes: 14% Off for July | WIRED: Hrana: `stream error: `Error { message: "SQLite error: UNIQUE constraint failed: articles.url", code: "SQLITE_CONSTRAINT" }``
2026-07-28 16:50:57,337 - WARNING - [Al Jazeera] FAILED with 'requests_browser' (content was too short: 53 words).
2026-07-28 16:50:59,075 - INFO - [Al Jazeera] Article: https://www.aljazeera.com/video/newsfeed/2026/7/28/authorities-open-fire-amid-election-unrest-in-pakistan-administered-kashmir?traffic_source=rss
2026-07-28 16:50:59,075 - INFO - [Al Jazeera] Attempt 2/2: Trying with 'selenium_browser' strategy...
2026-07-28 16:50:59,077 - WARNING - [The Hindu] Page explicit wait timed out (3s). Proceeding anyway.
2026-07-28 16:50:59,078 - INFO - [Wired] Article: https://www.wired.com/story/birdfy-discount-code/
2026-07-28 16:50:59,078 - INFO - [Wired] Attempt 1/2: Trying with 'requests_browser' strategy...
2026-07-28 16:51:00,960 - INFO - >>> SUCCESSFULLY SAVED [ID: 92598] - 'Where To Kill Melania Trump': Video Threat From Iran, Warning For Son Barron Trump from NDTV (592 words)
2026-07-28 16:51:01,023 - ERROR - parsed tree length: 1, wrong data type or not valid HTML
2026-07-28 16:51:01,025 - ERROR - empty HTML tree: None
2026-07-28 16:51:01,025 - WARNING - discarding data: None
2026-07-28 16:51:01,025 - WARNING - [Wired] FAILED with 'requests_browser' (content was too short: 0 words).
2026-07-28 16:51:01,978 - INFO - [Wired] Article: https://www.wired.com/story/birdfy-discount-code/
2026-07-28 16:51:01,978 - INFO - [Wired] Attempt 2/2: Trying with 'selenium_browser' strategy...
2026-07-28 16:51:02,219 - INFO - [NDTV] Early skip: URL https://www.ndtv.com/india-news/cjp-protests-dharmendra-pradhan-paper-leak-protest-neet-protest-bjp-defender-of-rapists-is-education-minister-rahul-gandhi-slams-pralhad-joshi-11833464#publisher=newsstand already exists.
2026-07-28 16:51:02,223 - INFO - [NDTV] Article: https://www.ndtv.com/india-news/pregnant-women-lured-newborns-sold-cops-bust-trafficking-racket-in-kerala-11834225#publisher=newsstand
2026-07-28 16:51:02,223 - INFO - [NDTV] Attempt 1/2: Trying with 'requests_browser' strategy...
2026-07-28 16:51:02,512 - ERROR - [NDTV] Request failed for strategy 'requests_browser' on URL https://www.ndtv.com/india-news/pregnant-women-lured-newborns-sold-cops-bust-trafficking-racket-in-kerala-11834225#publisher=newsstand: 403 Client Error: Forbidden for url: https://www.ndtv.com/india-news/pregnant-women-lured-newborns-sold-cops-bust-trafficking-racket-in-kerala-11834225#publisher=newsstand
2026-07-28 16:51:03,388 - INFO - [NDTV] Article: https://www.ndtv.com/india-news/pregnant-women-lured-newborns-sold-cops-bust-trafficking-racket-in-kerala-11834225#publisher=newsstand
2026-07-28 16:51:03,389 - INFO - [NDTV] Attempt 2/2: Trying with 'selenium_browser' strategy...
2026-07-28 16:51:06,154 - ERROR - [The Hindu] Request failed for strategy 'selenium_browser' on URL https://www.thehindu.com/news/national/kerala/mariners-families-seek-protection-amid-west-asia-conflict/article71277679.ece: Message: timeout: Timed out receiving message from renderer: 7.000
  (Session info: chrome=151.0.7922.47)
Stacktrace:
#0 0x559c0075475a <unknown>
#1 0x559c000c7f49 <unknown>
#2 0x559c000af9af <unknown>
#3 0x559c000af626 <unknown>
#4 0x559c000ad208 <unknown>
#5 0x559c000adb8f <unknown>
#6 0x559c000bccf0 <unknown>
#7 0x559c000d6cb7 <unknown>
#8 0x559c000de68b <unknown>
#9 0x559c000ae2e9 <unknown>
#10 0x559c000d6a12 <unknown>
#11 0x559c00165fe6 <unknown>
#12 0x559c00110cb2 <unknown>
#13 0x559c00111b31 <unknown>
#14 0x559c00719ae0 <unknown>
#15 0x559c0071815a <unknown>
#16 0x559c00702b85 <unknown>
#17 0x559c00718e1a <unknown>
#18 0x559c006eaa80 <unknown>
#19 0x559c00740138 <unknown>
#20 0x559c007402d5 <unknown>
#21 0x559c0075330e <unknown>
#22 0x7f2ba129caa4 <unknown>
#23 0x7f2ba1329c6c <unknown>

2026-07-28 16:51:06,154 - ERROR - [The Hindu] All scrape strategies failed for https://www.thehindu.com/news/national/kerala/mariners-families-seek-protection-amid-west-asia-conflict/article71277679.ece. Falling back to RSS description.
2026-07-28 16:51:06,154 - WARNING - SKIPPED (GLOBAL WORD LIMIT): Article 'Mariners, families seek protection amid West Asia conflict' from The Hindu has only 13 words (Min: 90).
2026-07-28 16:51:06,241 - INFO - [Al Jazeera] Page content loaded.
2026-07-28 16:51:07,222 - WARNING - [Al Jazeera] FAILED with 'selenium_browser' (content was too short: 57 words).
2026-07-28 16:51:07,222 - ERROR - [Al Jazeera] All scrape strategies failed for https://www.aljazeera.com/video/newsfeed/2026/7/28/authorities-open-fire-amid-election-unrest-in-pakistan-administered-kashmir?traffic_source=rss. Falling back to RSS description.
2026-07-28 16:51:07,222 - WARNING - SKIPPED (GLOBAL WORD LIMIT): Article 'Authorities open fire amid election unrest in Pakistan-administered Kashmir' from Al Jazeera has only 14 words (Min: 90).
2026-07-28 16:51:07,362 - INFO - [The Hindu] Article: https://www.thehindu.com/news/national/kerala/kerala-police-intensify-probe-into-loan-app-racket-targeting-american-citizens-hunt-on-for-kingpin/article71277943.ece
2026-07-28 16:51:07,362 - INFO - [The Hindu] Attempt 1/1: Trying with 'selenium_browser' strategy...
2026-07-28 16:51:07,651 - INFO - [NDTV] Page content loaded.
2026-07-28 16:51:08,419 - INFO - [Al Jazeera] Article: https://www.aljazeera.com/video/newsfeed/2026/7/28/israeli-settler-attack-on-at-tuwani?traffic_source=rss
2026-07-28 16:51:08,419 - INFO - [Al Jazeera] Attempt 1/2: Trying with 'requests_browser' strategy...
2026-07-28 16:51:08,639 - WARNING - [Al Jazeera] FAILED with 'requests_browser' (content was too short: 58 words).
2026-07-28 16:51:08,724 - INFO - [NDTV] Success with 'selenium_browser'. Found content (471 words).
2026-07-28 16:51:09,506 - INFO - [Al Jazeera] Article: https://www.aljazeera.com/video/newsfeed/2026/7/28/israeli-settler-attack-on-at-tuwani?traffic_source=rss
2026-07-28 16:51:09,506 - INFO - [Al Jazeera] Attempt 2/2: Trying with 'selenium_browser' strategy...
2026-07-28 16:51:10,538 - INFO - [Indian Express] Page content loaded.
2026-07-28 16:51:14,337 - INFO - >>> SUCCESSFULLY SAVED [ID: 92599] - Pregnant Women Lured, Newborns Sold: Cops Bust Trafficking Racket In Kerala from NDTV (471 words)
2026-07-28 16:51:15,515 - INFO - [NDTV] Article: https://www.ndtv.com/india-news/cjp-protests-jantar-mantar-ear-was-almost-severed-woman-recounts-police-crackdown-during-cjp-protest-11834046#publisher=newsstand
2026-07-28 16:51:15,515 - INFO - [NDTV] Attempt 1/2: Trying with 'requests_browser' strategy...
2026-07-28 16:51:15,966 - ERROR - [NDTV] Request failed for strategy 'requests_browser' on URL https://www.ndtv.com/india-news/cjp-protests-jantar-mantar-ear-was-almost-severed-woman-recounts-police-crackdown-during-cjp-protest-11834046#publisher=newsstand: 403 Client Error: Forbidden for url: https://www.ndtv.com/india-news/cjp-protests-jantar-mantar-ear-was-almost-severed-woman-recounts-police-crackdown-during-cjp-protest-11834046#publisher=newsstand
2026-07-28 16:51:16,670 - INFO - [NDTV] Article: https://www.ndtv.com/india-news/cjp-protests-jantar-mantar-ear-was-almost-severed-woman-recounts-police-crackdown-during-cjp-protest-11834046#publisher=newsstand
2026-07-28 16:51:16,671 - INFO - [NDTV] Attempt 2/2: Trying with 'selenium_browser' strategy...
2026-07-28 16:51:19,117 - INFO - [Al Jazeera] Page content loaded.
2026-07-28 16:51:19,707 - WARNING - [Al Jazeera] FAILED with 'selenium_browser' (content was too short: 62 words).
2026-07-28 16:51:19,707 - ERROR - [Al Jazeera] All scrape strategies failed for https://www.aljazeera.com/video/newsfeed/2026/7/28/israeli-settler-attack-on-at-tuwani?traffic_source=rss. Falling back to RSS description.
2026-07-28 16:51:19,707 - WARNING - SKIPPED (GLOBAL WORD LIMIT): Article 'Israeli settler attack on at-Tuwani' from Al Jazeera has only 11 words (Min: 90).
2026-07-28 16:51:20,951 - INFO - [Al Jazeera] Early skip: URL https://www.aljazeera.com/news/2026/7/28/why-londons-hackney-council-wants-to-repeal-its-twin-status-with-haifa?traffic_source=rss already exists.
2026-07-28 16:51:20,952 - INFO - [Al Jazeera] Early skip: URL https://www.aljazeera.com/news/2026/7/28/magnitude-7-1-earthquake-shakes-southern-japan-tsunami-warning-issued?traffic_source=rss already exists.
2026-07-28 16:51:20,955 - INFO - [Al Jazeera] Early skip: URL https://www.aljazeera.com/news/2026/7/28/trump-flouts-political-risk-to-host-netanyahus-seventh-white-house-visit?traffic_source=rss already exists.
2026-07-28 16:51:20,959 - INFO - [Al Jazeera] Article: https://www.aljazeera.com/video/newsfeed/2026/7/28/moment-7-1-magnitude-earthquake-rocks-southern-japan?traffic_source=rss
2026-07-28 16:51:20,959 - INFO - [Al Jazeera] Attempt 1/2: Trying with 'requests_browser' strategy...
2026-07-28 16:51:21,165 - WARNING - [Al Jazeera] FAILED with 'requests_browser' (content was too short: 47 words).
2026-07-28 16:51:21,579 - WARNING - [The Hindu] Page get timed out (7s). Proceeding to grab partial source anyway.
2026-07-28 16:51:21,937 - INFO - [NDTV] Page content loaded.
2026-07-28 16:51:22,163 - INFO - [Al Jazeera] Article: https://www.aljazeera.com/video/newsfeed/2026/7/28/moment-7-1-magnitude-earthquake-rocks-southern-japan?traffic_source=rss
2026-07-28 16:51:22,163 - INFO - [Al Jazeera] Attempt 2/2: Trying with 'selenium_browser' strategy...
2026-07-28 16:51:23,215 - INFO - [NDTV] Success with 'selenium_browser'. Found content (498 words).
2026-07-28 16:51:23,274 - INFO - [Wired] Page content loaded.
2026-07-28 16:51:27,661 - INFO - [Indian Express] Success with 'selenium_browser'. Found content (259 words).
2026-07-28 16:51:27,733 - INFO - [Wired] Success with 'selenium_browser'. Found content (584 words).
2026-07-28 16:51:28,697 - WARNING - [The Hindu] Page explicit wait timed out (3s). Proceeding anyway.
2026-07-28 16:51:32,364 - INFO - [Al Jazeera] Page content loaded.
2026-07-28 16:51:32,366 - INFO - >>> SUCCESSFULLY SAVED [ID: 92600] - CJP Protests Jantar Mantar: "Ear Was Almost Severed": Woman Recounts Police Crackdown During CJP Protest from NDTV (498 words)
2026-07-28 16:51:34,179 - INFO - [NDTV] Article: https://www.ndtv.com/india-news/surat-locker-operator-steals-customers-jewellery-worth-rs-2-67-crore-11834181#publisher=newsstand
2026-07-28 16:51:34,179 - INFO - [NDTV] Attempt 1/2: Trying with 'requests_browser' strategy...
2026-07-28 16:51:35,952 - ERROR - [The Hindu] Request failed for strategy 'selenium_browser' on URL https://www.thehindu.com/news/national/kerala/kerala-police-intensify-probe-into-loan-app-racket-targeting-american-citizens-hunt-on-for-kingpin/article71277943.ece: Message: timeout: Timed out receiving message from renderer: 7.000
  (Session info: chrome=151.0.7922.47)
Stacktrace:
#0 0x559c0075475a <unknown>
#1 0x559c000c7f49 <unknown>
#2 0x559c000ae645 <unknown>
#3 0x559c000d651b <unknown>
#4 0x559c00165fe6 <unknown>
#5 0x559c00110cb2 <unknown>
#6 0x559c00111b31 <unknown>
#7 0x559c00719ae0 <unknown>
#8 0x559c0071815a <unknown>
#9 0x559c00702b85 <unknown>
#10 0x559c00718e1a <unknown>
#11 0x559c006eaa80 <unknown>
#12 0x559c00740138 <unknown>
#13 0x559c007402d5 <unknown>
#14 0x559c0075330e <unknown>
#15 0x7f2ba129caa4 <unknown>
#16 0x7f2ba1329c6c <unknown>

2026-07-28 16:51:35,957 - ERROR - [The Hindu] All scrape strategies failed for https://www.thehindu.com/news/national/kerala/kerala-police-intensify-probe-into-loan-app-racket-targeting-american-citizens-hunt-on-for-kingpin/article71277943.ece. Falling back to RSS description.
2026-07-28 16:51:35,958 - WARNING - SKIPPED (GLOBAL WORD LIMIT): Article 'Kerala police intensify probe into loan app racket targeting American citizens; hunt on for kingpin' from The Hindu has only 3 words (Min: 90).
2026-07-28 16:51:36,229 - INFO - >>> SUCCESSFULLY SAVED [ID: 92601] - Nirav Modi to be deported once legal proceedings conclude: MEA | India News - The Indian Express from Indian Express (259 words)
2026-07-28 16:51:36,282 - WARNING - [Al Jazeera] FAILED with 'selenium_browser' (content was too short: 51 words).
2026-07-28 16:51:36,282 - ERROR - [Al Jazeera] All scrape strategies failed for https://www.aljazeera.com/video/newsfeed/2026/7/28/moment-7-1-magnitude-earthquake-rocks-southern-japan?traffic_source=rss. Falling back to RSS description.
2026-07-28 16:51:36,282 - WARNING - SKIPPED (GLOBAL WORD LIMIT): Article 'Moment 7.1-magnitude earthquake rocks southern Japan' from Al Jazeera has only 13 words (Min: 90).
2026-07-28 16:51:36,430 - ERROR - [NDTV] Request failed for strategy 'requests_browser' on URL https://www.ndtv.com/india-news/surat-locker-operator-steals-customers-jewellery-worth-rs-2-67-crore-11834181#publisher=newsstand: 403 Client Error: Forbidden for url: https://www.ndtv.com/india-news/surat-locker-operator-steals-customers-jewellery-worth-rs-2-67-crore-11834181#publisher=newsstand
2026-07-28 16:51:37,974 - INFO - [Al Jazeera] Early skip: URL https://www.aljazeera.com/sports/2026/7/28/zidane-named-new-france-head-coach-after-fifa-world-cup-2026?traffic_source=rss already exists.
2026-07-28 16:51:37,975 - INFO - [The Hindu] Article: https://www.thehindu.com/news/national/kerala/three-construction-workers-trapped-in-landslip-in-keralas-kasaragod-rescued/article71277338.ece
2026-07-28 16:51:37,975 - INFO - [NDTV] Article: https://www.ndtv.com/india-news/surat-locker-operator-steals-customers-jewellery-worth-rs-2-67-crore-11834181#publisher=newsstand
2026-07-28 16:51:39,445 - INFO - [NDTV] Attempt 2/2: Trying with 'selenium_browser' strategy...
2026-07-28 16:51:37,975 - INFO - [Indian Express] Article: https://indianexpress.com/article/sports/football/breel-embolo-red-vs-argentina-world-cup-quarterfinal-wrong-ifab-10807895/
2026-07-28 16:51:39,446 - INFO - [Indian Express] Attempt 1/1: Trying with 'selenium_browser' strategy...
2026-07-28 16:51:39,446 - INFO - [Al Jazeera] (Thread) Finished. Attempting to shut down its Selenium driver.
2026-07-28 16:51:39,447 - ERROR - Error saving article Birdfy Discount Codes: 15% Off Sitewide | WIRED: Hrana: `stream error: `Error { message: "SQLite error: UNIQUE constraint failed: articles.url", code: "SQLITE_CONSTRAINT" }``
2026-07-28 16:51:38,473 - INFO - [The Hindu] Attempt 1/1: Trying with 'selenium_browser' strategy...
2026-07-28 16:51:39,751 - INFO - [Al Jazeera] (Thread) driver.quit() successful.
2026-07-28 16:51:40,534 - INFO - [Wired] Article: https://www.wired.com/story/priceline-promo-code/
2026-07-28 16:51:40,534 - INFO - [Wired] Attempt 1/2: Trying with 'requests_browser' strategy...
2026-07-28 16:51:40,754 - ERROR - parsed tree length: 1, wrong data type or not valid HTML
2026-07-28 16:51:40,754 - ERROR - empty HTML tree: None
2026-07-28 16:51:40,754 - WARNING - discarding data: None
2026-07-28 16:51:40,754 - WARNING - [Wired] FAILED with 'requests_browser' (content was too short: 0 words).
2026-07-28 16:51:41,615 - INFO - [Wired] Article: https://www.wired.com/story/priceline-promo-code/
2026-07-28 16:51:41,616 - INFO - [Wired] Attempt 2/2: Trying with 'selenium_browser' strategy...
2026-07-28 16:51:41,822 - INFO - [Indian Express] Page content loaded.
2026-07-28 16:51:42,124 - INFO - [NDTV] Page content loaded.
2026-07-28 16:51:42,328 - INFO - [Indian Express] Success with 'selenium_browser'. Found content (331 words).
2026-07-28 16:51:42,802 - INFO - [Economic Times] Success with 'selenium_browser'. Found content (462 words).
2026-07-28 16:51:43,086 - INFO - [NDTV] Success with 'selenium_browser'. Found content (386 words).
2026-07-28 16:51:46,767 - INFO - >>> SUCCESSFULLY SAVED [ID: 92603] - Embolo's red vs Argentina in World Cup quarterfinal wrong, says IFAB from Indian Express (331 words)
2026-07-28 16:51:48,497 - INFO - [Indian Express] Article: https://indianexpress.com/article/cities/mumbai/massive-search-tet-leak-mastermind-bihar-recover-evidence-police-10807885/
2026-07-28 16:51:48,497 - INFO - [Indian Express] Attempt 1/1: Trying with 'selenium_browser' strategy...
2026-07-28 16:51:49,012 - INFO - [Wired] Page content loaded.
2026-07-28 16:51:50,246 - INFO - >>> SUCCESSFULLY SAVED [ID: 92604] - L&T Q1 Results: Net profit rises 14% YoY to Rs 4,123 crore, revenue up 7% - The Economic Times from Economic Times (462 words)
2026-07-28 16:51:50,510 - INFO - [Wired] Success with 'selenium_browser'. Found content (1446 words).
2026-07-28 16:51:53,778 - INFO - >>> SUCCESSFULLY SAVED [ID: 92605] - Surat Locker Operator Steals Customers' Jewellery Worth Rs 2.67 Crore from NDTV (386 words)
2026-07-28 16:51:53,784 - INFO - [Economic Times] Article: https://economictimes.indiatimes.com/markets/stocks/news/vedanta-aluminium-shares-in-a-sweet-spot-says-icici-securities-initiates-coverage-with-buy-rating/articleshow/132682352.cms
2026-07-28 16:51:53,795 - INFO - [Economic Times] Attempt 1/2: Trying with 'requests_browser' strategy...
2026-07-28 16:51:53,811 - WARNING - [The Hindu] Page get timed out (7s). Proceeding to grab partial source anyway.
2026-07-28 16:51:54,040 - INFO - [Times of India] Success with 'selenium_browser'. Found content (1185 words).
2026-07-28 16:51:54,159 - ERROR - parsed tree length: 1, wrong data type or not valid HTML
2026-07-28 16:51:54,159 - ERROR - empty HTML tree: None
2026-07-28 16:51:54,159 - WARNING - discarding data: None
2026-07-28 16:51:54,159 - WARNING - [Economic Times] FAILED with 'requests_browser' (content was too short: 0 words).
2026-07-28 16:51:55,795 - INFO - [NDTV] Target reached: Successfully saved 10 new articles.
2026-07-28 16:51:55,797 - INFO - [NDTV] (Thread) Finished. Attempting to shut down its Selenium driver.
2026-07-28 16:51:55,798 - INFO - [Indian Express] Page content loaded.
2026-07-28 16:51:55,799 - INFO - [Economic Times] Article: https://economictimes.indiatimes.com/markets/stocks/news/vedanta-aluminium-shares-in-a-sweet-spot-says-icici-securities-initiates-coverage-with-buy-rating/articleshow/132682352.cms
2026-07-28 16:51:55,799 - INFO - [Economic Times] Attempt 2/2: Trying with 'selenium_browser' strategy...
2026-07-28 16:51:57,300 - ERROR - Error saving article Priceline Promo Codes & Coupons: 10% Off July | WIRED: Hrana: `stream error: `Error { message: "SQLite error: UNIQUE constraint failed: articles.url", code: "SQLITE_CONSTRAINT" }``
2026-07-28 16:51:57,445 - INFO - [NDTV] (Thread) driver.quit() successful.
2026-07-28 16:51:59,092 - INFO - [Wired] Article: https://www.wired.com/story/booking-com-promo-code/
2026-07-28 16:51:59,092 - INFO - [Wired] Attempt 1/2: Trying with 'requests_browser' strategy...
2026-07-28 16:52:00,864 - INFO - >>> SUCCESSFULLY SAVED [ID: 92607] - The clothing mountain visible from space: How 60,000 tonnes of discarded clothes ended up in Chile’s Atacama Desert | World News - The Times of India from Times of India (1185 words)
2026-07-28 16:52:00,865 - WARNING - [The Hindu] Page explicit wait timed out (3s). Proceeding anyway.
2026-07-28 16:52:00,873 - ERROR - parsed tree length: 1, wrong data type or not valid HTML
2026-07-28 16:52:00,874 - ERROR - empty HTML tree: None
2026-07-28 16:52:00,874 - WARNING - discarding data: None
2026-07-28 16:52:00,875 - WARNING - [Wired] FAILED with 'requests_browser' (content was too short: 0 words).
2026-07-28 16:52:01,115 - INFO - [Indian Express] Success with 'selenium_browser'. Found content (592 words).
2026-07-28 16:52:02,738 - INFO - [Wired] Article: https://www.wired.com/story/booking-com-promo-code/
2026-07-28 16:52:02,738 - INFO - [Wired] Attempt 2/2: Trying with 'selenium_browser' strategy...
2026-07-28 16:52:02,740 - INFO - [Times of India] Article: https://timesofindia.indiatimes.com/world/us/if-you-have-no-criminal-record-us-senator-wants-green-card-for-immigrants-after-7-years-of-residency-gets-called-out-as-traitor/articleshow/132689508.cms
2026-07-28 16:52:02,740 - INFO - [Times of India] Attempt 1/1: Trying with 'selenium_browser' strategy...
2026-07-28 16:52:04,507 - INFO - >>> SUCCESSFULLY SAVED [ID: 92608] - Held after massive search, TET leak ‘mastermind’ taken to Bihar to recover evidence: police from Indian Express (592 words)
2026-07-28 16:52:05,300 - INFO - [Indian Express] Article: https://indianexpress.com/article/cities/ahmedabad/gujarat-cabinet-cc-roads-municipalities-ahmedabad-surat-flood-aid-10807884/
2026-07-28 16:52:05,300 - INFO - [Indian Express] Attempt 1/1: Trying with 'selenium_browser' strategy...
2026-07-28 16:52:05,408 - INFO - [Economic Times] Page content loaded.
2026-07-28 16:52:06,088 - INFO - [Economic Times] Success with 'selenium_browser'. Found content (494 words).
2026-07-28 16:52:08,876 - ERROR - [The Hindu] Request failed for strategy 'selenium_browser' on URL https://www.thehindu.com/news/national/kerala/three-construction-workers-trapped-in-landslip-in-keralas-kasaragod-rescued/article71277338.ece: Message: timeout: Timed out receiving message from renderer: 7.000
  (Session info: chrome=151.0.7922.47)
Stacktrace:
#0 0x559c0075475a <unknown>
#1 0x559c000c7f49 <unknown>
#2 0x559c000af9af <unknown>
#3 0x559c000af626 <unknown>
#4 0x559c000ad208 <unknown>
#5 0x559c000adb8f <unknown>
#6 0x559c000bccf0 <unknown>
#7 0x559c000d6cb7 <unknown>
#8 0x559c000de68b <unknown>
#9 0x559c000ae2e9 <unknown>
#10 0x559c000d6a12 <unknown>
#11 0x559c00165fe6 <unknown>
#12 0x559c00110cb2 <unknown>
#13 0x559c00111b31 <unknown>
#14 0x559c00719ae0 <unknown>
#15 0x559c0071815a <unknown>
#16 0x559c00702b85 <unknown>
#17 0x559c00718e1a <unknown>
#18 0x559c006eaa80 <unknown>
#19 0x559c00740138 <unknown>
#20 0x559c007402d5 <unknown>
#21 0x559c0075330e <unknown>
#22 0x7f2ba129caa4 <unknown>
#23 0x7f2ba1329c6c <unknown>

2026-07-28 16:52:08,877 - ERROR - [The Hindu] All scrape strategies failed for https://www.thehindu.com/news/national/kerala/three-construction-workers-trapped-in-landslip-in-keralas-kasaragod-rescued/article71277338.ece. Falling back to RSS description.
2026-07-28 16:52:08,877 - WARNING - SKIPPED (GLOBAL WORD LIMIT): Article 'Three construction workers trapped in landslip in Kerala’s Kasaragod rescued' from The Hindu has only 3 words (Min: 90).
2026-07-28 16:52:09,837 - INFO - [The Hindu] Article: https://www.thehindu.com/news/national/tamil-nadu/tamil-nadu-earmarks-50-crore-revolving-fund-for-disaster-preparedness-minister/article71277285.ece
2026-07-28 16:52:09,837 - INFO - [The Hindu] Attempt 1/1: Trying with 'selenium_browser' strategy...
2026-07-28 16:52:10,113 - INFO - >>> SUCCESSFULLY SAVED [ID: 92609] - Vedanta Aluminium shares in a sweet spot, says ICICI Securities; initiates coverage with Buy rating - The Economic Times from Economic Times (494 words)
2026-07-28 16:52:10,372 - INFO - [Indian Express] Page content loaded.
2026-07-28 16:52:11,102 - INFO - [Economic Times] Article: https://economictimes.indiatimes.com/markets/stocks/earnings/tata-capital-q1-results-net-profit-jumps-56-yoy-to-rs-1547-crore-revenue-up-15/articleshow/132682221.cms
2026-07-28 16:52:11,102 - INFO - [Economic Times] Attempt 1/2: Trying with 'requests_browser' strategy...
2026-07-28 16:52:11,333 - INFO - [Indian Express] Success with 'selenium_browser'. Found content (873 words).
2026-07-28 16:52:11,467 - ERROR - parsed tree length: 1, wrong data type or not valid HTML
2026-07-28 16:52:11,467 - ERROR - empty HTML tree: None
2026-07-28 16:52:11,467 - WARNING - discarding data: None
2026-07-28 16:52:11,467 - WARNING - [Economic Times] FAILED with 'requests_browser' (content was too short: 0 words).
2026-07-28 16:52:11,998 - INFO - [Economic Times] Article: https://economictimes.indiatimes.com/markets/stocks/earnings/tata-capital-q1-results-net-profit-jumps-56-yoy-to-rs-1547-crore-revenue-up-15/articleshow/132682221.cms
2026-07-28 16:52:11,998 - INFO - [Economic Times] Attempt 2/2: Trying with 'selenium_browser' strategy...
2026-07-28 16:52:13,869 - INFO - [Wired] Page content loaded.
2026-07-28 16:52:15,652 - INFO - >>> SUCCESSFULLY SAVED [ID: 92610] - Cement-concrete roads to replace asphalt in Gujarat cities: Government | Ahmedabad News - The Indian Express from Indian Express (873 words)
2026-07-28 16:52:15,816 - INFO - [Wired] Success with 'selenium_browser'. Found content (1201 words).
2026-07-28 16:52:17,543 - INFO - [Indian Express] Article: https://indianexpress.com/article/cities/mumbai/santacruz-chembur-link-road-extension-inauguration-10807877/
2026-07-28 16:52:18,018 - INFO - [Indian Express] Attempt 1/1: Trying with 'selenium_browser' strategy...
2026-07-28 16:52:18,019 - INFO - [Times of India] Page content loaded.
2026-07-28 16:52:19,004 - ERROR - Error saving article Booking.com Promo Codes: 20% Off | July 2026 | WIRED: Hrana: `stream error: `Error { message: "SQLite error: UNIQUE constraint failed: articles.url", code: "SQLITE_CONSTRAINT" }``
2026-07-28 16:52:19,278 - INFO - [Times of India] Success with 'selenium_browser'. Found content (413 words).
2026-07-28 16:52:21,429 - INFO - [Wired] Early skip: URL https://www.wired.com/story/ray-ban-promo-code/ already exists.
2026-07-28 16:52:22,929 - INFO - [Wired] Article: https://www.wired.com/story/uber-eats-promo-code/
2026-07-28 16:52:22,929 - INFO - [Wired] Attempt 1/2: Trying with 'requests_browser' strategy...
2026-07-28 16:52:23,214 - INFO - >>> SUCCESSFULLY SAVED [ID: 92612] - 'If you have no criminal record...' US senator wants Green Card for immigrants after 7 years of residency, gets called out as 'traitor' - The Times of India from Times of India (413 words)
2026-07-28 16:52:23,281 - ERROR - parsed tree length: 1, wrong data type or not valid HTML
2026-07-28 16:52:23,281 - ERROR - empty HTML tree: None
2026-07-28 16:52:23,281 - WARNING - discarding data: None
2026-07-28 16:52:23,281 - WARNING - [Wired] FAILED with 'requests_browser' (content was too short: 0 words).
2026-07-28 16:52:23,998 - INFO - [Wired] Article: https://www.wired.com/story/uber-eats-promo-code/
2026-07-28 16:52:23,999 - INFO - [Wired] Attempt 2/2: Trying with 'selenium_browser' strategy...
2026-07-28 16:52:24,236 - INFO - [Times of India] Article: https://timesofindia.indiatimes.com/world/us/trumps-two-front-challenge-shades-of-1914-as-zelenskyy-and-netanyahu-converge-on-washington/articleshow/132689027.cms
2026-07-28 16:52:24,236 - INFO - [Times of India] Attempt 1/1: Trying with 'selenium_browser' strategy...
2026-07-28 16:52:25,216 - INFO - [Economic Times] Page content loaded.
2026-07-28 16:52:26,109 - WARNING - [The Hindu] Page get timed out (7s). Proceeding to grab partial source anyway.
2026-07-28 16:52:31,438 - INFO - [Economic Times] Success with 'selenium_browser'. Found content (630 words).
2026-07-28 16:52:31,520 - INFO - [Indian Express] Page content loaded.
2026-07-28 16:52:32,128 - INFO - [Times of India] Page content loaded.
2026-07-28 16:52:32,426 - INFO - [Indian Express] Success with 'selenium_browser'. Found content (334 words).
2026-07-28 16:52:33,229 - WARNING - [The Hindu] Page explicit wait timed out (3s). Proceeding anyway.
2026-07-28 16:52:35,378 - INFO - [Wired] Page content loaded.
2026-07-28 16:52:37,209 - INFO - >>> SUCCESSFULLY SAVED [ID: 92613] - Tata Capital Q1 Results: Net profit jumps 56% YoY to Rs 1,547 crore, revenue up 15% - The Economic Times from Economic Times (630 words)
2026-07-28 16:52:37,547 - INFO - [Wired] Success with 'selenium_browser'. Found content (1030 words).
2026-07-28 16:52:39,064 - INFO - [Economic Times] Early skip: URL https://economictimes.indiatimes.com/news/economy/foreign-trade/india-uk-ceta-takes-effect-first-zero-duty-indian-coffee-jewellery-consignments-reach-uk-shores/articleshow/132442764.cms already exists.
2026-07-28 16:52:39,073 - INFO - [Economic Times] Article: https://economictimes.indiatimes.com/news/economy/foreign-trade/from-oman-to-tanzania-how-the-iran-war-is-redrawing-indias-trade-map/articleshow/131762760.cms
2026-07-28 16:52:39,073 - INFO - [Economic Times] Attempt 1/2: Trying with 'requests_browser' strategy...
2026-07-28 16:52:40,591 - ERROR - [The Hindu] Request failed for strategy 'selenium_browser' on URL https://www.thehindu.com/news/national/tamil-nadu/tamil-nadu-earmarks-50-crore-revolving-fund-for-disaster-preparedness-minister/article71277285.ece: Message: timeout: Timed out receiving message from renderer: 7.000
  (Session info: chrome=151.0.7922.47)
Stacktrace:
#0 0x559c0075475a <unknown>
#1 0x559c000c7f49 <unknown>
#2 0x559c000af9af <unknown>
#3 0x559c000af626 <unknown>
#4 0x559c000ad208 <unknown>
#5 0x559c000adb8f <unknown>
#6 0x559c000bccf0 <unknown>
#7 0x559c000d6cb7 <unknown>
#8 0x559c000de68b <unknown>
#9 0x559c000ae2e9 <unknown>
#10 0x559c000d6a12 <unknown>
#11 0x559c00165fe6 <unknown>
#12 0x559c00110cb2 <unknown>
#13 0x559c00111b31 <unknown>
#14 0x559c00719ae0 <unknown>
#15 0x559c0071815a <unknown>
#16 0x559c00702b85 <unknown>
#17 0x559c00718e1a <unknown>
#18 0x559c006eaa80 <unknown>
#19 0x559c00740138 <unknown>
#20 0x559c007402d5 <unknown>
#21 0x559c0075330e <unknown>
#22 0x7f2ba129caa4 <unknown>
#23 0x7f2ba1329c6c <unknown>

2026-07-28 16:52:40,591 - ERROR - [The Hindu] All scrape strategies failed for https://www.thehindu.com/news/national/tamil-nadu/tamil-nadu-earmarks-50-crore-revolving-fund-for-disaster-preparedness-minister/article71277285.ece. Falling back to RSS description.
2026-07-28 16:52:40,591 - WARNING - SKIPPED (GLOBAL WORD LIMIT): Article 'Tamil Nadu earmarks ₹50 crore revolving fund for disaster preparedness: Minister' from The Hindu has only 3 words (Min: 90).
2026-07-28 16:52:40,883 - INFO - >>> SUCCESSFULLY SAVED [ID: 92614] - Santacruz-Chembur Link Road extension ready, awaits inauguration from Indian Express (334 words)
2026-07-28 16:52:41,228 - INFO - [Times of India] Success with 'selenium_browser'. Found content (752 words).
2026-07-28 16:52:41,291 - INFO - [Economic Times] Success with 'requests_browser'. Found content (385 words).
2026-07-28 16:52:41,330 - INFO - [The Hindu] Article: https://www.thehindu.com/news/cities/Hyderabad/evening-rains-drench-multiple-parts-of-hyderabad-on-july-28/article71277051.ece
2026-07-28 16:52:41,347 - INFO - [The Hindu] Attempt 1/1: Trying with 'selenium_browser' strategy...
2026-07-28 16:52:43,186 - INFO - [Indian Express] Target reached: Successfully saved 10 new articles.
2026-07-28 16:52:43,187 - INFO - [Indian Express] (Thread) Finished. Attempting to shut down its Selenium driver.
2026-07-28 16:52:44,643 - ERROR - Error saving article Uber Eats Promo Codes: $15 Off│July 2026 | WIRED: Hrana: `stream error: `Error { message: "SQLite error: UNIQUE constraint failed: articles.url", code: "SQLITE_CONSTRAINT" }``
2026-07-28 16:52:44,649 - INFO - [Indian Express] (Thread) driver.quit() successful.
2026-07-28 16:52:46,204 - INFO - [Wired] Article: https://www.wired.com/story/corsair-coupon/
2026-07-28 16:52:46,205 - INFO - [Wired] Attempt 1/2: Trying with 'requests_browser' strategy...
2026-07-28 16:52:47,680 - ERROR - Error saving article From Oman to Tanzania: How the Iran war is redrawing India’s trade map - The Economic Times: Hrana: `stream error: `Error { message: "SQLite error: UNIQUE constraint failed: articles.url", code: "SQLITE_CONSTRAINT" }``
2026-07-28 16:52:47,696 - ERROR - parsed tree length: 1, wrong data type or not valid HTML
2026-07-28 16:52:47,696 - ERROR - empty HTML tree: None
2026-07-28 16:52:47,696 - WARNING - discarding data: None
2026-07-28 16:52:47,696 - WARNING - [Wired] FAILED with 'requests_browser' (content was too short: 0 words).
2026-07-28 16:52:49,230 - INFO - [Economic Times] Article: https://economictimes.indiatimes.com/news/economy/policy/fm-sitharaman-flags-global-crisis-spillovers-unfair-burden-on-developing-nations/articleshow/131668427.cms
2026-07-28 16:52:50,968 - INFO - [Economic Times] Attempt 1/2: Trying with 'requests_browser' strategy...
2026-07-28 16:52:49,720 - INFO - [Wired] Article: https://www.wired.com/story/corsair-coupon/
2026-07-28 16:52:50,971 - INFO - [Wired] Attempt 2/2: Trying with 'selenium_browser' strategy...
2026-07-28 16:52:50,971 - INFO - >>> SUCCESSFULLY SAVED [ID: 92617] - Trump’s two-front challenge: Shades of 1914 as Zelenskyy and Netanyahu converge on Washington - The Times of India from Times of India (752 words)
2026-07-28 16:52:51,300 - INFO - [Economic Times] Success with 'requests_browser'. Found content (317 words).
2026-07-28 16:52:52,962 - INFO - [Times of India] Article: https://timesofindia.indiatimes.com/world/us/new-york-city-flash-floods-heavy-rain-triggers-warnings-hundreds-of-flights-canceled/articleshow/132687858.cms
2026-07-28 16:52:53,455 - INFO - [Times of India] Attempt 1/1: Trying with 'selenium_browser' strategy...
2026-07-28 16:52:54,471 - ERROR - Error saving article FM Sitharaman flags global crisis spillovers, unfair burden on developing nations - The Economic Times: Hrana: `stream error: `Error { message: "SQLite error: UNIQUE constraint failed: articles.url", code: "SQLITE_CONSTRAINT" }``
2026-07-28 16:52:54,482 - INFO - [Wired] Page content loaded.
2026-07-28 16:52:54,939 - INFO - [Wired] Success with 'selenium_browser'. Found content (770 words).
2026-07-28 16:52:56,590 - INFO - [Economic Times] Article: https://economictimes.indiatimes.com/news/economy/indicators/world-bank-raises-indias-fy27-growth-forecast-to-6-6/articleshow/131666828.cms
2026-07-28 16:52:56,590 - INFO - [Economic Times] Attempt 1/2: Trying with 'requests_browser' strategy...
2026-07-28 16:52:57,083 - INFO - [Times of India] Page content loaded.
2026-07-28 16:52:57,085 - WARNING - [The Hindu] Page get timed out (7s). Proceeding to grab partial source anyway.
2026-07-28 16:52:58,080 - ERROR - Error saving article Corsair Discount Code: Up to 50% Off for July 2026 | WIRED: Hrana: `stream error: `Error { message: "SQLite error: UNIQUE constraint failed: articles.url", code: "SQLITE_CONSTRAINT" }``
2026-07-28 16:52:58,147 - INFO - [Economic Times] Success with 'requests_browser'. Found content (209 words).
2026-07-28 16:52:59,829 - INFO - [Wired] Article: https://www.wired.com/story/adidas-promo-code/
2026-07-28 16:53:00,320 - INFO - [Wired] Attempt 1/2: Trying with 'requests_browser' strategy...
2026-07-28 16:53:01,325 - ERROR - Error saving article World Bank Raises India's FY27 Growth Forecast to 6.6% - The Economic Times: Hrana: `stream error: `Error { message: "SQLite error: UNIQUE constraint failed: articles.url", code: "SQLITE_CONSTRAINT" }``
2026-07-28 16:53:01,367 - ERROR - parsed tree length: 1, wrong data type or not valid HTML
2026-07-28 16:53:01,367 - ERROR - empty HTML tree: None
2026-07-28 16:53:01,368 - WARNING - discarding data: None
2026-07-28 16:53:01,368 - WARNING - [Wired] FAILED with 'requests_browser' (content was too short: 0 words).
2026-07-28 16:53:01,489 - INFO - [Times of India] Success with 'selenium_browser'. Found content (437 words).
2026-07-28 16:53:03,214 - INFO - [Economic Times] Article: https://economictimes.indiatimes.com/news/economy/indicators/india-defies-west-asia-war-concerns-as-q4-gdp-growth-hits-7-8-risks-remain-ahead/articleshow/131540155.cms
2026-07-28 16:53:03,215 - INFO - [Wired] Article: https://www.wired.com/story/adidas-promo-code/
2026-07-28 16:53:03,705 - INFO - [Economic Times] Attempt 1/2: Trying with 'requests_browser' strategy...
2026-07-28 16:53:03,705 - INFO - [Wired] Attempt 2/2: Trying with 'selenium_browser' strategy...
2026-07-28 16:53:04,928 - INFO - >>> SUCCESSFULLY SAVED [ID: 92621] - New York City flash floods: Heavy rain triggers warnings, hundreds of flights canceled - The Times of India from Times of India (437 words)
2026-07-28 16:53:04,929 - WARNING - [The Hindu] Page explicit wait timed out (3s). Proceeding anyway.
2026-07-28 16:53:05,017 - INFO - [Economic Times] Success with 'requests_browser'. Found content (520 words).
2026-07-28 16:53:06,665 - INFO - [Times of India] Early skip: URL https://timesofindia.indiatimes.com/world/us-streamers/is-whistlindiesel-dead-or-alive-the-truth-behind-the-viral-accident-rumours/articleshow/132633416.cms already exists.
2026-07-28 16:53:07,157 - INFO - [Times of India] Early skip: URL https://timesofindia.indiatimes.com/world/rest-of-world/only-thing-keeping-me-in-canada-is-the-amount-redditor-says-getting-residency-looks-remote-decent-job-not-enough/articleshow/132687328.cms already exists.
2026-07-28 16:53:07,159 - INFO - [Times of India] Early skip: URL https://timesofindia.indiatimes.com/world/rest-of-world/a-17-year-old-student-proposed-a-hybrid-nuclear-energy-system-that-could-reduce-an-antarctic-bases-carbon-emissions-by-3254-tons-annually/articleshow/132682749.cms already exists.
2026-07-28 16:53:08,168 - ERROR - Error saving article India defies West Asia war concerns as Q4 GDP growth hits 7.8%; risks remain ahead - The Economic Times: Hrana: `stream error: `Error { message: "SQLite error: UNIQUE constraint failed: articles.url", code: "SQLITE_CONSTRAINT" }``
2026-07-28 16:53:08,168 - INFO - [Times of India] Article: https://timesofindia.indiatimes.com/world/us/indian-origin-postal-worker-collapses-during-shift-in-texas-probe-announced-to-find-out-if-it-was-due-to-heatwave/articleshow/132685748.cms
2026-07-28 16:53:08,169 - INFO - [Times of India] Attempt 1/1: Trying with 'selenium_browser' strategy...
2026-07-28 16:53:08,180 - INFO - [Wired] Page content loaded.
2026-07-28 16:53:08,530 - INFO - [Wired] Success with 'selenium_browser'. Found content (1359 words).
2026-07-28 16:53:10,288 - INFO - [Economic Times] Article: https://economictimes.indiatimes.com/news/economy/policy/central-bank-turns-piper-to-draw-in-foreign-capital-leaves-repo-rate-at-5-25-keeps-stance-neutral/articleshow/131540001.cms
2026-07-28 16:53:11,718 - INFO - [Economic Times] Attempt 1/2: Trying with 'requests_browser' strategy...
2026-07-28 16:53:11,719 - ERROR - Error saving article 25% Off Adidas Promo Code | July 2026 | WIRED: Hrana: `stream error: `Error { message: "SQLite error: UNIQUE constraint failed: articles.url", code: "SQLITE_CONSTRAINT" }``
2026-07-28 16:53:11,952 - ERROR - [The Hindu] Request failed for strategy 'selenium_browser' on URL https://www.thehindu.com/news/cities/Hyderabad/evening-rains-drench-multiple-parts-of-hyderabad-on-july-28/article71277051.ece: Message: timeout: Timed out receiving message from renderer: 7.000
  (Session info: chrome=151.0.7922.47)
Stacktrace:
#0 0x559c0075475a <unknown>
#1 0x559c000c7f49 <unknown>
#2 0x559c000af9af <unknown>
#3 0x559c000af626 <unknown>
#4 0x559c000ad208 <unknown>
#5 0x559c000adb8f <unknown>
#6 0x559c000bccf0 <unknown>
#7 0x559c000d6cb7 <unknown>
#8 0x559c000de68b <unknown>
#9 0x559c000ae2e9 <unknown>
#10 0x559c000d6a12 <unknown>
#11 0x559c00165fe6 <unknown>
#12 0x559c00110cb2 <unknown>
#13 0x559c00111b31 <unknown>
#14 0x559c00719ae0 <unknown>
#15 0x559c0071815a <unknown>
#16 0x559c00702b85 <unknown>
#17 0x559c00718e1a <unknown>
#18 0x559c006eaa80 <unknown>
#19 0x559c00740138 <unknown>
#20 0x559c007402d5 <unknown>
#21 0x559c0075330e <unknown>
#22 0x7f2ba129caa4 <unknown>
#23 0x7f2ba1329c6c <unknown>

2026-07-28 16:53:11,952 - ERROR - [The Hindu] All scrape strategies failed for https://www.thehindu.com/news/cities/Hyderabad/evening-rains-drench-multiple-parts-of-hyderabad-on-july-28/article71277051.ece. Falling back to RSS description.
2026-07-28 16:53:11,952 - WARNING - SKIPPED (GLOBAL WORD LIMIT): Article 'Heavy rain triggers waterlogging, cripples traffic across Hyderabad during peak hours on July 28' from The Hindu has only 3 words (Min: 90).
2026-07-28 16:53:11,972 - INFO - [Times of India] Page content loaded.
2026-07-28 16:53:12,072 - INFO - [Economic Times] Success with 'requests_browser'. Found content (611 words).
2026-07-28 16:53:14,214 - INFO - [Wired] Article: https://www.wired.com/story/herman-miller-promo-code/
2026-07-28 16:53:14,214 - INFO - [Wired] Attempt 1/2: Trying with 'requests_browser' strategy...
2026-07-28 16:53:14,227 - INFO - [The Hindu] Article: https://www.thehindu.com/news/national/lok-sabha-debates-anti-paper-leak-bill-opposition-terms-it-admission-of-failure/article71277498.ece
2026-07-28 16:53:15,415 - INFO - [The Hindu] Attempt 1/1: Trying with 'selenium_browser' strategy...
2026-07-28 16:53:15,415 - ERROR - Error saving article Central bank turns piper to draw in foreign capital; leaves repo rate at 5.25, keeps stance neutral - The Economic Times: Hrana: `stream error: `Error { message: "SQLite error: UNIQUE constraint failed: articles.url", code: "SQLITE_CONSTRAINT" }``
2026-07-28 16:53:15,455 - ERROR - parsed tree length: 1, wrong data type or not valid HTML
2026-07-28 16:53:15,456 - ERROR - empty HTML tree: None
2026-07-28 16:53:15,457 - WARNING - discarding data: None
2026-07-28 16:53:15,457 - WARNING - [Wired] FAILED with 'requests_browser' (content was too short: 0 words).
2026-07-28 16:53:15,485 - INFO - [Times of India] Success with 'selenium_browser'. Found content (256 words).
2026-07-28 16:53:17,179 - INFO - [Economic Times] Article: https://economictimes.indiatimes.com/tech/technology/apple-faces-indian-engineers-bias-lawsuit/articleshow/81694292.cms
2026-07-28 16:53:17,179 - INFO - [Wired] Article: https://www.wired.com/story/herman-miller-promo-code/
2026-07-28 16:53:18,636 - INFO - [Wired] Attempt 2/2: Trying with 'selenium_browser' strategy...
2026-07-28 16:53:17,650 - INFO - [Economic Times] Attempt 1/2: Trying with 'requests_browser' strategy...
2026-07-28 16:53:18,894 - INFO - >>> SUCCESSFULLY SAVED [ID: 92625] - Indian-origin postal worker collapses during shift in Texas, probe announced to find out if it was due to heatwave - The Times of India from Times of India (256 words)
2026-07-28 16:53:19,272 - ERROR - parsed tree length: 1, wrong data type or not valid HTML
2026-07-28 16:53:19,272 - ERROR - empty HTML tree: None
2026-07-28 16:53:19,272 - WARNING - discarding data: None
2026-07-28 16:53:19,272 - WARNING - [Economic Times] FAILED with 'requests_browser' (content was too short: 0 words).
2026-07-28 16:53:20,012 - INFO - [Times of India] Early skip: URL https://timesofindia.indiatimes.com/world/rest-of-world/collared-peccaries-vanished-from-uruguay-after-the-1800s-a-17-year-breeding-effort-returned-them-to-forests-where-a-new-generation-has-now-been-born/articleshow/132685706.cms already exists.
2026-07-28 16:53:20,015 - INFO - [Times of India] Early skip: URL https://timesofindia.indiatimes.com/world/rest-of-world/heres-a-more-natural-flowing-version-canada-politician-accidentally-reads-ai-reply-in-his-speech-remains-oblivious-and-continues/articleshow/132684827.cms already exists.
2026-07-28 16:53:20,016 - INFO - [Times of India] Article: https://timesofindia.indiatimes.com/world/us/sexiest-man-alive-five-big-revelations-from-dr-anthony-faucis-covid-diary/articleshow/132684195.cms
2026-07-28 16:53:20,017 - INFO - [Times of India] Attempt 1/1: Trying with 'selenium_browser' strategy...
2026-07-28 16:53:20,077 - INFO - [Economic Times] Article: https://economictimes.indiatimes.com/tech/technology/apple-faces-indian-engineers-bias-lawsuit/articleshow/81694292.cms
2026-07-28 16:53:20,077 - INFO - [Economic Times] Attempt 2/2: Trying with 'selenium_browser' strategy...
2026-07-28 16:53:20,526 - INFO - [Wired] Page content loaded.
2026-07-28 16:53:21,273 - INFO - [Wired] Success with 'selenium_browser'. Found content (752 words).
2026-07-28 16:53:24,534 - ERROR - Error saving article Herman Miller Promo Codes: 40% Off July 2026 | WIRED: Hrana: `stream error: `Error { message: "SQLite error: UNIQUE constraint failed: articles.url", code: "SQLITE_CONSTRAINT" }``
2026-07-28 16:53:24,755 - INFO - [Times of India] Page content loaded.
2026-07-28 16:53:25,206 - INFO - [Times of India] Success with 'selenium_browser'. Found content (1933 words).
2026-07-28 16:53:25,330 - INFO - [Wired] Article: https://www.wired.com/story/altra-promo-code/
2026-07-28 16:53:25,330 - INFO - [Wired] Attempt 1/2: Trying with 'requests_browser' strategy...
2026-07-28 16:53:25,360 - INFO - [Economic Times] Page content loaded.
2026-07-28 16:53:28,829 - ERROR - parsed tree length: 1, wrong data type or not valid HTML
2026-07-28 16:53:28,836 - ERROR - empty HTML tree: None
2026-07-28 16:53:28,836 - WARNING - discarding data: None
2026-07-28 16:53:28,836 - WARNING - [Wired] FAILED with 'requests_browser' (content was too short: 0 words).
2026-07-28 16:53:28,835 - INFO - >>> SUCCESSFULLY SAVED [ID: 92627] - 'Sexiest Man Alive': Five big revelations from Dr Anthony Fauci's Covid diary | World News - The Times of India from Times of India (1933 words)
2026-07-28 16:53:28,870 - INFO - [Economic Times] Success with 'selenium_browser'. Found content (743 words).
2026-07-28 16:53:30,544 - INFO - [Wired] Article: https://www.wired.com/story/altra-promo-code/
2026-07-28 16:53:30,545 - INFO - [Times of India] Early skip: URL https://timesofindia.indiatimes.com/business/international-business/boeing-posts-bigger-than-expected-q2-loss-as-air-force-one-costs-rise-by-280-million/articleshow/132684612.cms already exists.
2026-07-28 16:53:31,034 - INFO - [Wired] Attempt 2/2: Trying with 'selenium_browser' strategy...
2026-07-28 16:53:31,034 - WARNING - [The Hindu] Page get timed out (7s). Proceeding to grab partial source anyway.
2026-07-28 16:53:31,992 - ERROR - Error saving article Apple faces Indian engineer’s bias lawsuit - The Economic Times: Hrana: `stream error: `Error { message: "SQLite error: UNIQUE constraint failed: articles.url", code: "SQLITE_CONSTRAINT" }``
2026-07-28 16:53:31,993 - INFO - [Times of India] Early skip: URL https://timesofindia.indiatimes.com/science/how-planets-blue-forests-mangroves-protect-coastlines-support-wildlife-and-store-up-to-four-times-more-carbon-than-tropical-rainforests/articleshow/132684176.cms already exists.
2026-07-28 16:53:31,995 - INFO - [Times of India] Early skip: URL https://timesofindia.indiatimes.com/science/scientists-are-planting-30-million-oysters-in-the-chesapeake-bay-to-restore-water-quality-and-marine-life-in-one-of-americas-largest-restoration-projects/articleshow/132681830.cms already exists.
2026-07-28 16:53:31,996 - INFO - [Times of India] Early skip: URL https://timesofindia.indiatimes.com/science/scientists-are-turning-seawater-into-a-blood-test-that-could-reveal-coral-reef-damage-before-it-becomes-visible/articleshow/132682241.cms already exists.
2026-07-28 16:53:31,998 - INFO - [Times of India] Early skip: URL https://timesofindia.indiatimes.com/real-estate/news/will-smith-once-used-this-2-5-million-1200-square-foot-motorhome-on-film-sets-the-two-storey-vehicle-is-now-a-luxury-stay-near-austin-why-it-remains-so-special/articleshow/132682994.cms already exists.
2026-07-28 16:53:31,999 - INFO - [Times of India] Early skip: URL https://timesofindia.indiatimes.com/science/scientists-filmed-this-rare-arctic-squid-in-the-wild-for-the-first-time-guarding-its-eggs-in-sub-zero-water-inside-the-worlds-largest-national-park/articleshow/132683258.cms already exists.
2026-07-28 16:53:32,002 - INFO - [Times of India] (Thread) Finished. Attempting to shut down its Selenium driver.
2026-07-28 16:53:32,165 - INFO - [Times of India] (Thread) driver.quit() successful.
2026-07-28 16:53:32,779 - INFO - [Economic Times] Article: https://economictimes.indiatimes.com/news/defence/despite-transatlantic-love-fest-eu-charts-third-way-in-ties-with-us-and-china/articleshow/81467467.cms
2026-07-28 16:53:32,779 - INFO - [Economic Times] Attempt 1/2: Trying with 'requests_browser' strategy...
2026-07-28 16:53:33,131 - INFO - [Economic Times] Success with 'requests_browser'. Found content (799 words).
2026-07-28 16:53:35,088 - INFO - [Wired] Page content loaded.
2026-07-28 16:53:36,544 - ERROR - Error saving article Despite transatlantic 'love fest', EU charts third way in ties with US and China - The Economic Times: Hrana: `stream error: `Error { message: "SQLite error: UNIQUE constraint failed: articles.url", code: "SQLITE_CONSTRAINT" }``
2026-07-28 16:53:36,592 - INFO - [Wired] Success with 'selenium_browser'. Found content (810 words).
2026-07-28 16:53:38,168 - INFO - [Economic Times] Article: https://economictimes.indiatimes.com/tech/tech-bytes/twitters-india-policy-head-to-step-down-will-transition-in-march/articleshow/80732868.cms
2026-07-28 16:53:38,655 - INFO - [Economic Times] Attempt 1/2: Trying with 'requests_browser' strategy...
2026-07-28 16:53:39,648 - ERROR - Error saving article Altra Running Promo Codes: 10% Off July 2026 | WIRED: Hrana: `stream error: `Error { message: "SQLite error: UNIQUE constraint failed: articles.url", code: "SQLITE_CONSTRAINT" }``
2026-07-28 16:53:39,648 - WARNING - [The Hindu] Page explicit wait timed out (3s). Proceeding anyway.
2026-07-28 16:53:39,657 - ERROR - parsed tree length: 1, wrong data type or not valid HTML
2026-07-28 16:53:39,657 - ERROR - empty HTML tree: None
2026-07-28 16:53:39,657 - WARNING - discarding data: None
2026-07-28 16:53:39,657 - WARNING - [Economic Times] FAILED with 'requests_browser' (content was too short: 0 words).
2026-07-28 16:53:40,466 - INFO - [Wired] Article: https://www.wired.com/story/newegg-promo-code/
2026-07-28 16:53:40,466 - INFO - [Wired] Attempt 1/2: Trying with 'requests_browser' strategy...
2026-07-28 16:53:40,626 - INFO - [Economic Times] Article: https://economictimes.indiatimes.com/tech/tech-bytes/twitters-india-policy-head-to-step-down-will-transition-in-march/articleshow/80732868.cms
2026-07-28 16:53:40,626 - INFO - [Economic Times] Attempt 2/2: Trying with 'selenium_browser' strategy...
2026-07-28 16:53:40,762 - ERROR - parsed tree length: 1, wrong data type or not valid HTML
2026-07-28 16:53:40,762 - ERROR - empty HTML tree: None
2026-07-28 16:53:40,762 - WARNING - discarding data: None
2026-07-28 16:53:40,762 - WARNING - [Wired] FAILED with 'requests_browser' (content was too short: 0 words).
2026-07-28 16:53:41,312 - INFO - [Wired] Article: https://www.wired.com/story/newegg-promo-code/
2026-07-28 16:53:41,312 - INFO - [Wired] Attempt 2/2: Trying with 'selenium_browser' strategy...
2026-07-28 16:53:41,691 - INFO - [Economic Times] Page content loaded.
2026-07-28 16:53:41,982 - INFO - [Economic Times] Success with 'selenium_browser'. Found content (615 words).
2026-07-28 16:53:45,039 - INFO - [Wired] Page content loaded.
2026-07-28 16:53:45,040 - ERROR - Error saving article Twitter's India policy head, Mahima Kaul, to step down; will transition in March - The Economic Times: Hrana: `stream error: `Error { message: "SQLite error: UNIQUE constraint failed: articles.url", code: "SQLITE_CONSTRAINT" }``
2026-07-28 16:53:45,362 - INFO - [Wired] Success with 'selenium_browser'. Found content (1237 words).
2026-07-28 16:53:47,024 - INFO - [Economic Times] Article: https://economictimes.indiatimes.com/tech/tech-and-gadgets/govt-may-keep-rs-7500-cr-outlay-for-it-hardware-manufacturing-under-pli-scheme/articleshow/80333429.cms
2026-07-28 16:53:47,024 - INFO - [Economic Times] Attempt 1/2: Trying with 'requests_browser' strategy...
2026-07-28 16:53:47,026 - ERROR - [The Hindu] Request failed for strategy 'selenium_browser' on URL https://www.thehindu.com/news/national/lok-sabha-debates-anti-paper-leak-bill-opposition-terms-it-admission-of-failure/article71277498.ece: Message: timeout: Timed out receiving message from renderer: 7.000
  (Session info: chrome=151.0.7922.47)
Stacktrace:
#0 0x559c0075475a <unknown>
#1 0x559c000c7f49 <unknown>
#2 0x559c000af9af <unknown>
#3 0x559c000af626 <unknown>
#4 0x559c000ad208 <unknown>
#5 0x559c000adb8f <unknown>
#6 0x559c000bccf0 <unknown>
#7 0x559c000d6cb7 <unknown>
#8 0x559c000de68b <unknown>
#9 0x559c000ae2e9 <unknown>
#10 0x559c000d6a12 <unknown>
#11 0x559c00165fe6 <unknown>
#12 0x559c00110cb2 <unknown>
#13 0x559c00111b31 <unknown>
#14 0x559c00719ae0 <unknown>
#15 0x559c0071815a <unknown>
#16 0x559c00702b85 <unknown>
#17 0x559c00718e1a <unknown>
#18 0x559c006eaa80 <unknown>
#19 0x559c00740138 <unknown>
#20 0x559c007402d5 <unknown>
#21 0x559c0075330e <unknown>
#22 0x7f2ba129caa4 <unknown>
#23 0x7f2ba1329c6c <unknown>

2026-07-28 16:53:47,026 - ERROR - [The Hindu] All scrape strategies failed for https://www.thehindu.com/news/national/lok-sabha-debates-anti-paper-leak-bill-opposition-terms-it-admission-of-failure/article71277498.ece. Falling back to RSS description.
2026-07-28 16:53:47,026 - WARNING - SKIPPED (GLOBAL WORD LIMIT): Article 'Lok Sabha debates anti-paper leak Bill, Opposition terms it ‘admission of failure’' from The Hindu has only 22 words (Min: 90).
2026-07-28 16:53:48,496 - ERROR - Error saving article Newegg Promo Codes and Coupons for July 2026 | WIRED: Hrana: `stream error: `Error { message: "SQLite error: UNIQUE constraint failed: articles.url", code: "SQLITE_CONSTRAINT" }``
2026-07-28 16:53:48,497 - INFO - [The Hindu] Article: https://www.thehindu.com/news/national/raf-fired-pellet-gun-at-protesters-on-the-directions-of-a-delhi-police-officer-document-shows/article71275391.ece
2026-07-28 16:53:48,497 - INFO - [The Hindu] Attempt 1/1: Trying with 'selenium_browser' strategy...
2026-07-28 16:53:48,504 - ERROR - parsed tree length: 1, wrong data type or not valid HTML
2026-07-28 16:53:48,505 - ERROR - empty HTML tree: None
2026-07-28 16:53:48,505 - WARNING - discarding data: None
2026-07-28 16:53:48,505 - WARNING - [Economic Times] FAILED with 'requests_browser' (content was too short: 0 words).
2026-07-28 16:53:49,022 - INFO - [Wired] Article: https://www.wired.com/story/samsung-promo-codes/
2026-07-28 16:53:49,023 - INFO - [Wired] Attempt 1/2: Trying with 'requests_browser' strategy...
2026-07-28 16:53:49,207 - ERROR - parsed tree length: 1, wrong data type or not valid HTML
2026-07-28 16:53:49,208 - ERROR - empty HTML tree: None
2026-07-28 16:53:49,208 - WARNING - discarding data: None
2026-07-28 16:53:49,208 - WARNING - [Wired] FAILED with 'requests_browser' (content was too short: 0 words).
2026-07-28 16:53:49,405 - INFO - [Economic Times] Article: https://economictimes.indiatimes.com/tech/tech-and-gadgets/govt-may-keep-rs-7500-cr-outlay-for-it-hardware-manufacturing-under-pli-scheme/articleshow/80333429.cms
2026-07-28 16:53:49,405 - INFO - [Economic Times] Attempt 2/2: Trying with 'selenium_browser' strategy...
2026-07-28 16:53:50,115 - INFO - [Wired] Article: https://www.wired.com/story/samsung-promo-codes/
2026-07-28 16:53:50,116 - INFO - [Wired] Attempt 2/2: Trying with 'selenium_browser' strategy...
2026-07-28 16:53:50,624 - INFO - [Economic Times] Page content loaded.
2026-07-28 16:53:50,833 - INFO - [Economic Times] Success with 'selenium_browser'. Found content (481 words).
2026-07-28 16:53:53,917 - INFO - [Wired] Page content loaded.
2026-07-28 16:53:53,917 - ERROR - Error saving article Govt may keep Rs 7,500 cr outlay for IT hardware manufacturing under PLI scheme - The Economic Times: Hrana: `stream error: `Error { message: "SQLite error: UNIQUE constraint failed: articles.url", code: "SQLITE_CONSTRAINT" }``
2026-07-28 16:53:54,182 - INFO - [Wired] Success with 'selenium_browser'. Found content (1565 words).
2026-07-28 16:53:55,824 - INFO - [Economic Times] Article: https://economictimes.indiatimes.com/tech/technology/indian-dating-apps-services-see-surge-of-paying-users-in-small-cities/articleshow/80063342.cms
2026-07-28 16:53:55,824 - INFO - [Economic Times] Attempt 1/2: Trying with 'requests_browser' strategy...
2026-07-28 16:53:57,366 - ERROR - Error saving article 30% Off Samsung Promo Code | July 2026 | WIRED: Hrana: `stream error: `Error { message: "SQLite error: UNIQUE constraint failed: articles.url", code: "SQLITE_CONSTRAINT" }``
2026-07-28 16:53:57,372 - ERROR - parsed tree length: 1, wrong data type or not valid HTML
2026-07-28 16:53:57,372 - ERROR - empty HTML tree: None
2026-07-28 16:53:57,372 - WARNING - discarding data: None
2026-07-28 16:53:57,373 - WARNING - [Economic Times] FAILED with 'requests_browser' (content was too short: 0 words).
2026-07-28 16:53:57,949 - INFO - [Economic Times] Article: https://economictimes.indiatimes.com/tech/technology/indian-dating-apps-services-see-surge-of-paying-users-in-small-cities/articleshow/80063342.cms
2026-07-28 16:53:57,949 - INFO - [Economic Times] Attempt 2/2: Trying with 'selenium_browser' strategy...
2026-07-28 16:53:58,071 - INFO - [Wired] Article: https://www.wired.com/story/pura-promo-code/
2026-07-28 16:53:58,071 - INFO - [Wired] Attempt 1/2: Trying with 'requests_browser' strategy...
2026-07-28 16:53:58,261 - ERROR - parsed tree length: 1, wrong data type or not valid HTML
2026-07-28 16:53:58,261 - ERROR - empty HTML tree: None
2026-07-28 16:53:58,261 - WARNING - discarding data: None
2026-07-28 16:53:58,261 - WARNING - [Wired] FAILED with 'requests_browser' (content was too short: 0 words).
2026-07-28 16:53:58,947 - INFO - [Wired] Article: https://www.wired.com/story/pura-promo-code/
2026-07-28 16:53:58,947 - INFO - [Wired] Attempt 2/2: Trying with 'selenium_browser' strategy...
2026-07-28 16:53:59,223 - INFO - [Economic Times] Page content loaded.
2026-07-28 16:53:59,443 - WARNING - [Economic Times] FAILED with 'selenium_browser' (content was too short: 84 words).
2026-07-28 16:53:59,443 - ERROR - [Economic Times] All scrape strategies failed for https://economictimes.indiatimes.com/tech/technology/indian-dating-apps-services-see-surge-of-paying-users-in-small-cities/articleshow/80063342.cms. Falling back to RSS description.
2026-07-28 16:53:59,444 - WARNING - SKIPPED (GLOBAL WORD LIMIT): Article 'Indian dating apps, services see surge of paying users in small cities ' from Economic Times has only 54 words (Min: 90).
2026-07-28 16:54:00,451 - INFO - [Economic Times] Article: https://economictimes.indiatimes.com/tech/technology/time-for-govt-cos-to-adopt-ai-deloitte-india/articleshow/79981215.cms
2026-07-28 16:54:00,451 - INFO - [Economic Times] Attempt 1/2: Trying with 'requests_browser' strategy...
2026-07-28 16:54:00,708 - INFO - [Wired] Page content loaded.
2026-07-28 16:54:00,777 - ERROR - parsed tree length: 1, wrong data type or not valid HTML
2026-07-28 16:54:00,777 - ERROR - empty HTML tree: None
2026-07-28 16:54:00,777 - WARNING - discarding data: None
2026-07-28 16:54:00,777 - WARNING - [Economic Times] FAILED with 'requests_browser' (content was too short: 0 words).
2026-07-28 16:54:01,117 - INFO - [Wired] Success with 'selenium_browser'. Found content (660 words).
2026-07-28 16:54:02,802 - INFO - [Economic Times] Article: https://economictimes.indiatimes.com/tech/technology/time-for-govt-cos-to-adopt-ai-deloitte-india/articleshow/79981215.cms
2026-07-28 16:54:02,802 - INFO - [Economic Times] Attempt 2/2: Trying with 'selenium_browser' strategy...
2026-07-28 16:54:03,298 - WARNING - [The Hindu] Page get timed out (7s). Proceeding to grab partial source anyway.
2026-07-28 16:54:04,320 - ERROR - Error saving article Pura Promo Codes: $20 Off July 2026 | WIRED: Hrana: `stream error: `Error { message: "SQLite error: UNIQUE constraint failed: articles.url", code: "SQLITE_CONSTRAINT" }``
2026-07-28 16:54:04,428 - INFO - [Economic Times] Page content loaded.
2026-07-28 16:54:04,604 - WARNING - [Economic Times] FAILED with 'selenium_browser' (content was too short: 74 words).
2026-07-28 16:54:04,605 - ERROR - [Economic Times] All scrape strategies failed for https://economictimes.indiatimes.com/tech/technology/time-for-govt-cos-to-adopt-ai-deloitte-india/articleshow/79981215.cms. Falling back to RSS description.
2026-07-28 16:54:04,605 - WARNING - SKIPPED (GLOBAL WORD LIMIT): Article 'Time for government, companies to adopt artificial intelligence: Deloitte India ' from Economic Times has only 49 words (Min: 90).
2026-07-28 16:54:05,353 - INFO - [Economic Times] Early skip: URL https://economictimes.indiatimes.com/news/new-updates/in-1943-us-built-an-entire-city-and-it-didnt-exist-on-a-single-map/articleshow/132659427.cms already exists.
2026-07-28 16:54:05,354 - INFO - [Economic Times] Early skip: URL https://economictimes.indiatimes.com/news/new-updates/humans-have-a-third-eye-in-the-brain-study-links-it-to-a-600-million-year-old-cyclops-ancestor/articleshow/132655441.cms already exists.
2026-07-28 16:54:05,355 - INFO - [Economic Times] Early skip: URL https://economictimes.indiatimes.com/news/new-updates/1500-ships-trapped-in-gulf-of-hormuz-is-quietly-multiplying-an-underwater-army-that-could-unleash-worlds-biggest-bioinvasion-event/articleshow/132595366.cms already exists.
2026-07-28 16:54:05,356 - INFO - [Economic Times] Early skip: URL https://economictimes.indiatimes.com/news/new-updates/argentina-vs-spain-fifa-world-cup-final-to-be-replayed-petition-for-a-rematch-crosses-60000-signatures/articleshow/132576024.cms already exists.
2026-07-28 16:54:05,358 - INFO - [Economic Times] Early skip: URL https://economictimes.indiatimes.com/news/new-updates/he-baked-potato-in-aluminium-foil-and-ate-it-next-morning-after-microwaving-it-hours-later-he-was-paralysed-doctor-explains-why/articleshow/132574269.cms already exists.
2026-07-28 16:54:05,359 - INFO - [Economic Times] Early skip: URL https://economictimes.indiatimes.com/news/new-updates/what-is-a-dystopian-nightmare-the-psychology-behind-the-viral-trend/articleshow/132573003.cms already exists.
2026-07-28 16:54:05,360 - INFO - [Economic Times] Article: https://economictimes.indiatimes.com/news/elections/assembly-elections/assam/done-deal-cm-himanta-biswa-sarma-on-nda-seat-sharing-for-assam-polls/articleshow/128678098.cms
2026-07-28 16:54:05,360 - INFO - [Economic Times] Attempt 1/2: Trying with 'requests_browser' strategy...
2026-07-28 16:54:05,546 - INFO - [Wired] Early skip: URL https://www.wired.com/story/france-records-first-pyrocumulonimbus-cloud-wildfires/ already exists.
2026-07-28 16:54:05,548 - INFO - [Wired] Early skip: URL https://www.wired.com/story/firefighting-technologies-battle-wildfires-france-spain/ already exists.
2026-07-28 16:54:05,549 - INFO - [Wired] Early skip: URL https://www.wired.com/story/dhs-official-resigns-citing-war-on-immigrants/ already exists.
2026-07-28 16:54:05,550 - INFO - [Wired] Early skip: URL https://www.wired.com/story/private-claude-chats-exposed-in-google-and-bing-search-results/ already exists.
2026-07-28 16:54:05,552 - INFO - [Wired] Early skip: URL https://www.wired.com/story/inside-the-wild-rescue-mission-that-took-4-beluga-whales-to-chicago/ already exists.
2026-07-28 16:54:05,553 - INFO - [Wired] Early skip: URL https://www.wired.com/gallery/the-best-handheld-vacuum/ already exists.
2026-07-28 16:54:05,554 - INFO - [Wired] Early skip: URL https://www.wired.com/story/wellness-influencers-are-pushing-natural-and-unproven-alternatives-to-adderall/ already exists.
2026-07-28 16:54:05,555 - INFO - [Wired] Early skip: URL https://www.wired.com/gallery/best-smart-rings/ already exists.
2026-07-28 16:54:05,556 - INFO - [Wired] Early skip: URL https://www.wired.com/story/this-is-donald-trumps-ai-brain-trust/ already exists.
2026-07-28 16:54:05,558 - INFO - [Wired] Article: https://www.wired.com/story/best-college-laptops/
2026-07-28 16:54:05,558 - INFO - [Wired] Attempt 1/2: Trying with 'requests_browser' strategy...
2026-07-28 16:54:05,673 - INFO - [Economic Times] Success with 'requests_browser'. Found content (518 words).
2026-07-28 16:54:08,753 - ERROR - Error saving article 'Done deal': CM Himanta Biswa Sarma on NDA seat-sharing for Assam polls - The Economic Times: Hrana: `stream error: `Error { message: "SQLite error: UNIQUE constraint failed: articles.url", code: "SQLITE_CONSTRAINT" }``
2026-07-28 16:54:08,757 - ERROR - parsed tree length: 1, wrong data type or not valid HTML
2026-07-28 16:54:08,757 - ERROR - empty HTML tree: None
2026-07-28 16:54:08,757 - WARNING - discarding data: None
2026-07-28 16:54:08,757 - WARNING - [Wired] FAILED with 'requests_browser' (content was too short: 0 words).
2026-07-28 16:54:09,557 - INFO - [Wired] Article: https://www.wired.com/story/best-college-laptops/
2026-07-28 16:54:09,557 - INFO - [Wired] Attempt 2/2: Trying with 'selenium_browser' strategy...
2026-07-28 16:54:09,658 - INFO - [Economic Times] Article: https://economictimes.indiatimes.com/news/elections/assembly-elections/bihar/rare-intensive-revision-in-bihar-four-months-before-polls/articleshow/122167501.cms
2026-07-28 16:54:09,659 - INFO - [Economic Times] Attempt 1/2: Trying with 'requests_browser' strategy...
2026-07-28 16:54:10,025 - INFO - [Economic Times] Success with 'requests_browser'. Found content (862 words).
2026-07-28 16:54:13,176 - WARNING - [The Hindu] Page explicit wait timed out (3s). Proceeding anyway.
2026-07-28 16:54:13,177 - ERROR - Error saving article Rare 'intensive' revision in Bihar four months before polls - The Economic Times: Hrana: `stream error: `Error { message: "SQLite error: UNIQUE constraint failed: articles.url", code: "SQLITE_CONSTRAINT" }``
2026-07-28 16:54:13,814 - INFO - [Economic Times] Article: https://economictimes.indiatimes.com/news/elections/assembly-elections/delhi/bjp-accuses-kejriwal-of-sending-voters-hoax-calls-to-mislead/articleshow/117579007.cms
2026-07-28 16:54:13,814 - INFO - [Economic Times] Attempt 1/2: Trying with 'requests_browser' strategy...
2026-07-28 16:54:14,020 - INFO - [Wired] Page content loaded.
2026-07-28 16:54:14,141 - INFO - [Economic Times] Success with 'requests_browser'. Found content (550 words).
2026-07-28 16:54:17,322 - ERROR - Error saving article BJP accuses Kejriwal of sending voters hoax calls to mislead - The Economic Times: Hrana: `stream error: `Error { message: "SQLite error: UNIQUE constraint failed: articles.url", code: "SQLITE_CONSTRAINT" }``
2026-07-28 16:54:17,416 - INFO - [Wired] Success with 'selenium_browser'. Found content (2817 words).
2026-07-28 16:54:19,066 - INFO - [Economic Times] Article: https://economictimes.indiatimes.com/news/elections/lok-sabha/india/lok-sabha-election-2024-maharashtra-get-interesting-after-splits-in-shiv-sena-ncp/articleshow/108559788.cms
2026-07-28 16:54:19,563 - INFO - [Economic Times] Attempt 1/2: Trying with 'requests_browser' strategy...
2026-07-28 16:54:20,536 - ERROR - Error saving article Best Laptops for College Students (2026): MacBooks and Beyond | WIRED: Hrana: `stream error: `Error { message: "SQLite error: UNIQUE constraint failed: articles.url", code: "SQLITE_CONSTRAINT" }``
2026-07-28 16:54:20,538 - ERROR - [The Hindu] Request failed for strategy 'selenium_browser' on URL https://www.thehindu.com/news/national/raf-fired-pellet-gun-at-protesters-on-the-directions-of-a-delhi-police-officer-document-shows/article71275391.ece: Message: timeout: Timed out receiving message from renderer: 7.000
  (Session info: chrome=151.0.7922.47)
Stacktrace:
#0 0x559c0075475a <unknown>
#1 0x559c000c7f49 <unknown>
#2 0x559c000af9af <unknown>
#3 0x559c000af626 <unknown>
#4 0x559c000ad208 <unknown>
#5 0x559c000adb8f <unknown>
#6 0x559c000bccf0 <unknown>
#7 0x559c000d6cb7 <unknown>
#8 0x559c000de68b <unknown>
#9 0x559c000ae2e9 <unknown>
#10 0x559c000d6a12 <unknown>
#11 0x559c00165fe6 <unknown>
#12 0x559c00110cb2 <unknown>
#13 0x559c00111b31 <unknown>
#14 0x559c00719ae0 <unknown>
#15 0x559c0071815a <unknown>
#16 0x559c00702b85 <unknown>
#17 0x559c00718e1a <unknown>
#18 0x559c006eaa80 <unknown>
#19 0x559c00740138 <unknown>
#20 0x559c007402d5 <unknown>
#21 0x559c0075330e <unknown>
#22 0x7f2ba129caa4 <unknown>
#23 0x7f2ba1329c6c <unknown>

2026-07-28 16:54:20,538 - ERROR - [The Hindu] All scrape strategies failed for https://www.thehindu.com/news/national/raf-fired-pellet-gun-at-protesters-on-the-directions-of-a-delhi-police-officer-document-shows/article71275391.ece. Falling back to RSS description.
2026-07-28 16:54:20,538 - WARNING - SKIPPED (GLOBAL WORD LIMIT): Article 'Delhi Police authorised pellet gun use against protestors on July 20: RAF general diary entry' from The Hindu has only 48 words (Min: 90).
2026-07-28 16:54:20,558 - INFO - [Economic Times] Success with 'requests_browser'. Found content (1442 words).
2026-07-28 16:54:22,151 - INFO - [The Hindu] Article: https://www.thehindu.com/news/cities/Madurai/former-palani-mla-moves-high-court-for-cbi-probe-into-fraudulent-registration-of-math-land/article71277490.ece
2026-07-28 16:54:22,151 - INFO - [Wired] Early skip: URL https://www.wired.com/story/measles-treatments-soon-needed/ already exists.
2026-07-28 16:54:22,640 - INFO - [The Hindu] Attempt 1/1: Trying with 'selenium_browser' strategy...
2026-07-28 16:54:23,617 - ERROR - Error saving article Lok Sabha election 2024: Maharashtra get interesting after splits in Shiv Sena, NCP - The Economic Times: Hrana: `stream error: `Error { message: "SQLite error: UNIQUE constraint failed: articles.url", code: "SQLITE_CONSTRAINT" }``
2026-07-28 16:54:23,618 - INFO - [Wired] Early skip: URL https://www.wired.com/story/its-becoming-clear-why-black-holes-never-run-out-of-fuel/ already exists.
2026-07-28 16:54:23,619 - INFO - [Wired] Early skip: URL https://www.wired.com/review/soundcore-nebula-p1i-projector/ already exists.
2026-07-28 16:54:23,620 - INFO - [Wired] Early skip: URL https://www.wired.com/gallery/best-backpacking-sleeping-pad/ already exists.
2026-07-28 16:54:23,621 - INFO - [Wired] Early skip: URL https://www.wired.com/story/all-the-ways-you-can-make-reading-easier-on-your-phone/ already exists.
2026-07-28 16:54:23,623 - INFO - [Wired] Early skip: URL https://www.wired.com/story/ev-bidirectional-charging-solution-to-power-grid-woes/ already exists.
2026-07-28 16:54:23,624 - INFO - [Wired] Early skip: URL https://www.wired.com/story/best-motorola-phones/ already exists.
2026-07-28 16:54:23,625 - INFO - [Wired] Early skip: URL https://www.wired.com/story/best-subscription-free-security-cameras/ already exists.
2026-07-28 16:54:23,626 - INFO - [Wired] Early skip: URL https://www.wired.com/gallery/best-gopro-hero-camera/ already exists.
2026-07-28 16:54:23,627 - INFO - [Wired] Early skip: URL https://www.wired.com/story/cricut-explore-5-vs-siser-romeo/ already exists.
2026-07-28 16:54:23,628 - INFO - [Wired] Early skip: URL https://www.wired.com/story/3-clever-things-you-can-do-with-an-old-amazon-kindle/ already exists.
2026-07-28 16:54:23,630 - INFO - [Wired] Early skip: URL https://www.wired.com/story/leatherology-totes-for-carrying-tech/ already exists.
2026-07-28 16:54:23,631 - INFO - [Wired] Early skip: URL https://www.wired.com/story/security-news-this-week-the-openai-models-that-hacked-hugging-face-were-active-on-the-internet-for-days/ already exists.
2026-07-28 16:54:23,632 - INFO - [Wired] (Thread) Finished. Attempting to shut down its Selenium driver.
2026-07-28 16:54:23,708 - INFO - [Wired] (Thread) driver.quit() successful.
2026-07-28 16:54:24,446 - INFO - [Economic Times] Article: https://economictimes.indiatimes.com/news/elections/lok-sabha/india/modi-charisma-key-factor-in-bjps-bid-to-retain-all-26-seats-in-gujarat/articleshow/108550858.cms
2026-07-28 16:54:24,446 - INFO - [Economic Times] Attempt 1/2: Trying with 'requests_browser' strategy...
2026-07-28 16:54:24,775 - INFO - [Economic Times] Success with 'requests_browser'. Found content (838 words).
2026-07-28 16:54:27,868 - ERROR - Error saving article Modi charisma key factor in BJP's bid to retain all 26 seats in Gujarat - The Economic Times: Hrana: `stream error: `Error { message: "SQLite error: UNIQUE constraint failed: articles.url", code: "SQLITE_CONSTRAINT" }``
2026-07-28 16:54:28,417 - INFO - [Economic Times] Article: https://economictimes.indiatimes.com/news/elections/lok-sabha/india/implementation-of-guarantees-decline-of-brs-favour-congress-in-telangana-bjp-aiming-for-better-show/articleshow/108548569.cms
2026-07-28 16:54:28,418 - INFO - [Economic Times] Attempt 1/2: Trying with 'requests_browser' strategy...
2026-07-28 16:54:28,738 - INFO - [Economic Times] Success with 'requests_browser'. Found content (1272 words).
2026-07-28 16:54:31,742 - ERROR - Error saving article Implementation of 'guarantees', decline of BRS favour Congress in Telangana, BJP aiming for better show - The Economic Times: Hrana: `stream error: `Error { message: "SQLite error: UNIQUE constraint failed: articles.url", code: "SQLITE_CONSTRAINT" }``
2026-07-28 16:54:33,044 - INFO - [Economic Times] Article: https://economictimes.indiatimes.com/traders-bet-on-calendar-spread-as-nifty-moves-in-a-tight-range/articleshow/6302358.cms
2026-07-28 16:54:33,044 - INFO - [Economic Times] Attempt 1/2: Trying with 'requests_browser' strategy...
2026-07-28 16:54:33,358 - ERROR - parsed tree length: 1, wrong data type or not valid HTML
2026-07-28 16:54:33,359 - ERROR - empty HTML tree: None
2026-07-28 16:54:33,359 - WARNING - discarding data: None
2026-07-28 16:54:33,359 - WARNING - [Economic Times] FAILED with 'requests_browser' (content was too short: 0 words).
2026-07-28 16:54:34,083 - INFO - [Economic Times] Article: https://economictimes.indiatimes.com/traders-bet-on-calendar-spread-as-nifty-moves-in-a-tight-range/articleshow/6302358.cms
2026-07-28 16:54:34,083 - INFO - [Economic Times] Attempt 2/2: Trying with 'selenium_browser' strategy...
2026-07-28 16:54:35,237 - INFO - [Economic Times] Page content loaded.
2026-07-28 16:54:35,387 - INFO - [Economic Times] Success with 'selenium_browser'. Found content (411 words).
2026-07-28 16:54:38,526 - WARNING - [The Hindu] Page get timed out (7s). Proceeding to grab partial source anyway.
2026-07-28 16:54:38,527 - ERROR - Error saving article Traders bet on calendar spread as Nifty moves in a tight range - The Economic Times: Hrana: `stream error: `Error { message: "SQLite error: UNIQUE constraint failed: articles.url", code: "SQLITE_CONSTRAINT" }``
2026-07-28 16:54:39,044 - INFO - [Economic Times] Article: https://economictimes.indiatimes.com/nifty-may-find-support-at-5300-level/articleshow/6296017.cms
2026-07-28 16:54:39,044 - INFO - [Economic Times] Attempt 1/2: Trying with 'requests_browser' strategy...
2026-07-28 16:54:39,338 - ERROR - parsed tree length: 1, wrong data type or not valid HTML
2026-07-28 16:54:39,338 - ERROR - empty HTML tree: None
2026-07-28 16:54:39,338 - WARNING - discarding data: None
2026-07-28 16:54:39,338 - WARNING - [Economic Times] FAILED with 'requests_browser' (content was too short: 0 words).
2026-07-28 16:54:39,960 - INFO - [Economic Times] Article: https://economictimes.indiatimes.com/nifty-may-find-support-at-5300-level/articleshow/6296017.cms
2026-07-28 16:54:39,961 - INFO - [Economic Times] Attempt 2/2: Trying with 'selenium_browser' strategy...
2026-07-28 16:54:41,097 - INFO - [Economic Times] Page content loaded.
2026-07-28 16:54:41,232 - INFO - [Economic Times] Success with 'selenium_browser'. Found content (773 words).
2026-07-28 16:54:44,397 - ERROR - Error saving article Nifty may find support at 5300 level - The Economic Times: Hrana: `stream error: `Error { message: "SQLite error: UNIQUE constraint failed: articles.url", code: "SQLITE_CONSTRAINT" }``
2026-07-28 16:54:45,398 - INFO - [Economic Times] Article: https://economictimes.indiatimes.com/seven-out-of-top-10-asian-small-cap-funds-are-indian/articleshow/6295976.cms
2026-07-28 16:54:45,398 - INFO - [Economic Times] Attempt 1/2: Trying with 'requests_browser' strategy...
2026-07-28 16:54:45,545 - WARNING - [The Hindu] Page explicit wait timed out (3s). Proceeding anyway.
2026-07-28 16:54:45,728 - ERROR - parsed tree length: 1, wrong data type or not valid HTML
2026-07-28 16:54:45,728 - ERROR - empty HTML tree: None
2026-07-28 16:54:45,728 - WARNING - discarding data: None
2026-07-28 16:54:45,728 - WARNING - [Economic Times] FAILED with 'requests_browser' (content was too short: 0 words).
2026-07-28 16:54:46,409 - INFO - [Economic Times] Article: https://economictimes.indiatimes.com/seven-out-of-top-10-asian-small-cap-funds-are-indian/articleshow/6295976.cms
2026-07-28 16:54:46,409 - INFO - [Economic Times] Attempt 2/2: Trying with 'selenium_browser' strategy...
2026-07-28 16:54:47,756 - INFO - [Economic Times] Page content loaded.
2026-07-28 16:54:47,889 - INFO - [Economic Times] Success with 'selenium_browser'. Found content (607 words).
2026-07-28 16:54:51,478 - ERROR - Error saving article Seven out of top 10 Asian small-cap funds are Indian - The Economic Times: Hrana: `stream error: `Error { message: "SQLite error: UNIQUE constraint failed: articles.url", code: "SQLITE_CONSTRAINT" }``
2026-07-28 16:54:52,507 - INFO - [Economic Times] Article: https://economictimes.indiatimes.com/inflation-reflects-growth-dynamics-in-india-christopher-wood/articleshow/6274053.cms
2026-07-28 16:54:52,508 - INFO - [Economic Times] Attempt 1/2: Trying with 'requests_browser' strategy...
2026-07-28 16:54:52,569 - ERROR - [The Hindu] Request failed for strategy 'selenium_browser' on URL https://www.thehindu.com/news/cities/Madurai/former-palani-mla-moves-high-court-for-cbi-probe-into-fraudulent-registration-of-math-land/article71277490.ece: Message: timeout: Timed out receiving message from renderer: 7.000
  (Session info: chrome=151.0.7922.47)
Stacktrace:
#0 0x559c0075475a <unknown>
#1 0x559c000c7f49 <unknown>
#2 0x559c000af9af <unknown>
#3 0x559c000af626 <unknown>
#4 0x559c000ad208 <unknown>
#5 0x559c000adb8f <unknown>
#6 0x559c000bccf0 <unknown>
#7 0x559c000d6cb7 <unknown>
#8 0x559c000de68b <unknown>
#9 0x559c000ae2e9 <unknown>
#10 0x559c000d6a12 <unknown>
#11 0x559c00165fe6 <unknown>
#12 0x559c00110cb2 <unknown>
#13 0x559c00111b31 <unknown>
#14 0x559c00719ae0 <unknown>
#15 0x559c0071815a <unknown>
#16 0x559c00702b85 <unknown>
#17 0x559c00718e1a <unknown>
#18 0x559c006eaa80 <unknown>
#19 0x559c00740138 <unknown>
#20 0x559c007402d5 <unknown>
#21 0x559c0075330e <unknown>
#22 0x7f2ba129caa4 <unknown>
#23 0x7f2ba1329c6c <unknown>

2026-07-28 16:54:52,569 - ERROR - [The Hindu] All scrape strategies failed for https://www.thehindu.com/news/cities/Madurai/former-palani-mla-moves-high-court-for-cbi-probe-into-fraudulent-registration-of-math-land/article71277490.ece. Falling back to RSS description.
2026-07-28 16:54:52,569 - WARNING - SKIPPED (GLOBAL WORD LIMIT): Article 'Former Palani MLA moves High Court for CBI probe into fraudulent registration of math land' from The Hindu has only 50 words (Min: 90).
2026-07-28 16:54:52,836 - ERROR - parsed tree length: 1, wrong data type or not valid HTML
2026-07-28 16:54:52,836 - ERROR - empty HTML tree: None
2026-07-28 16:54:52,836 - WARNING - discarding data: None
2026-07-28 16:54:52,836 - WARNING - [Economic Times] FAILED with 'requests_browser' (content was too short: 0 words).
2026-07-28 16:54:53,320 - INFO - [The Hindu] Article: https://www.thehindu.com/news/cities/Hyderabad/us-firm-sonatype-to-add-100-seats-in-hyderabad/article71278154.ece
2026-07-28 16:54:53,320 - INFO - [The Hindu] Attempt 1/1: Trying with 'selenium_browser' strategy...
2026-07-28 16:54:53,485 - INFO - [Economic Times] Article: https://economictimes.indiatimes.com/inflation-reflects-growth-dynamics-in-india-christopher-wood/articleshow/6274053.cms
2026-07-28 16:54:53,485 - INFO - [Economic Times] Attempt 2/2: Trying with 'selenium_browser' strategy...
2026-07-28 16:54:54,843 - INFO - [Economic Times] Page content loaded.
2026-07-28 16:54:55,052 - INFO - [Economic Times] Success with 'selenium_browser'. Found content (4520 words).
2026-07-28 16:54:58,245 - ERROR - Error saving article Inflation reflects growth dynamics in India: Christopher Wood - The Economic Times: Hrana: `stream error: `Error { message: "SQLite error: UNIQUE constraint failed: articles.url", code: "SQLITE_CONSTRAINT" }``
2026-07-28 16:54:59,171 - INFO - [Economic Times] Article: https://economictimes.indiatimes.com/market-may-trade-in-a-range-but-fiis-seen-sold-on-india/articleshow/6277705.cms
2026-07-28 16:54:59,171 - INFO - [Economic Times] Attempt 1/2: Trying with 'requests_browser' strategy...
2026-07-28 16:54:59,498 - ERROR - parsed tree length: 1, wrong data type or not valid HTML
2026-07-28 16:54:59,498 - ERROR - empty HTML tree: None
2026-07-28 16:54:59,498 - WARNING - discarding data: None
2026-07-28 16:54:59,498 - WARNING - [Economic Times] FAILED with 'requests_browser' (content was too short: 0 words).
2026-07-28 16:55:00,329 - INFO - [Economic Times] Article: https://economictimes.indiatimes.com/market-may-trade-in-a-range-but-fiis-seen-sold-on-india/articleshow/6277705.cms
2026-07-28 16:55:00,329 - INFO - [Economic Times] Attempt 2/2: Trying with 'selenium_browser' strategy...
2026-07-28 16:55:01,783 - INFO - [Economic Times] Page content loaded.
2026-07-28 16:55:01,913 - INFO - [Economic Times] Success with 'selenium_browser'. Found content (809 words).
2026-07-28 16:55:05,043 - ERROR - Error saving article Market may trade in a range, but FIIs seen sold on India - The Economic Times: Hrana: `stream error: `Error { message: "SQLite error: UNIQUE constraint failed: articles.url", code: "SQLITE_CONSTRAINT" }``
2026-07-28 16:55:06,436 - INFO - [Economic Times] Article: https://economictimes.indiatimes.com/dont-bank-only-on-price-to-earning-ratio/articleshow/6278228.cms
2026-07-28 16:55:06,436 - INFO - [Economic Times] Attempt 1/2: Trying with 'requests_browser' strategy...
2026-07-28 16:55:06,779 - ERROR - parsed tree length: 1, wrong data type or not valid HTML
2026-07-28 16:55:06,779 - ERROR - empty HTML tree: None
2026-07-28 16:55:06,780 - WARNING - discarding data: None
2026-07-28 16:55:06,780 - WARNING - [Economic Times] FAILED with 'requests_browser' (content was too short: 0 words).
2026-07-28 16:55:07,352 - WARNING - [The Hindu] Page get timed out (7s). Proceeding to grab partial source anyway.
2026-07-28 16:55:07,549 - INFO - [Economic Times] Article: https://economictimes.indiatimes.com/dont-bank-only-on-price-to-earning-ratio/articleshow/6278228.cms
2026-07-28 16:55:07,549 - INFO - [Economic Times] Attempt 2/2: Trying with 'selenium_browser' strategy...
2026-07-28 16:55:08,839 - INFO - [Economic Times] Page content loaded.
2026-07-28 16:55:08,998 - INFO - [Economic Times] Success with 'selenium_browser'. Found content (447 words).
2026-07-28 16:55:12,172 - ERROR - Error saving article 'Don't bank only on price-to-earning ratio' - The Economic Times: Hrana: `stream error: `Error { message: "SQLite error: UNIQUE constraint failed: articles.url", code: "SQLITE_CONSTRAINT" }``
2026-07-28 16:55:13,009 - INFO - [Economic Times] Article: https://economictimes.indiatimes.com/markets/stocks/recos/prabhudas-lilladher-has-a-reduce-rating-on-infosys/articleshow/3798718.cms
2026-07-28 16:55:13,009 - INFO - [Economic Times] Attempt 1/2: Trying with 'requests_browser' strategy...
2026-07-28 16:55:13,362 - ERROR - parsed tree length: 1, wrong data type or not valid HTML
2026-07-28 16:55:13,363 - ERROR - empty HTML tree: None
2026-07-28 16:55:13,363 - WARNING - discarding data: None
2026-07-28 16:55:13,363 - WARNING - [Economic Times] FAILED with 'requests_browser' (content was too short: 0 words).
2026-07-28 16:55:14,140 - INFO - [Economic Times] Article: https://economictimes.indiatimes.com/markets/stocks/recos/prabhudas-lilladher-has-a-reduce-rating-on-infosys/articleshow/3798718.cms
2026-07-28 16:55:14,140 - INFO - [Economic Times] Attempt 2/2: Trying with 'selenium_browser' strategy...
2026-07-28 16:55:14,363 - WARNING - [The Hindu] Page explicit wait timed out (3s). Proceeding anyway.
2026-07-28 16:55:15,532 - INFO - [Economic Times] Page content loaded.
2026-07-28 16:55:15,776 - INFO - [Economic Times] Success with 'selenium_browser'. Found content (438 words).
2026-07-28 16:55:19,039 - ERROR - Error saving article Prabhudas Lilladher has a ‘reduce’ rating on Infosys - The Economic Times: Hrana: `stream error: `Error { message: "SQLite error: UNIQUE constraint failed: articles.url", code: "SQLITE_CONSTRAINT" }``
2026-07-28 16:55:20,429 - INFO - [Economic Times] Article: https://economictimes.indiatimes.com/markets/stocks/recos/fin-crisis-too-late-and-too-little-done-in-us/articleshow/3794549.cms
2026-07-28 16:55:20,429 - INFO - [Economic Times] Attempt 1/2: Trying with 'requests_browser' strategy...
2026-07-28 16:55:20,762 - ERROR - parsed tree length: 1, wrong data type or not valid HTML
2026-07-28 16:55:20,762 - ERROR - empty HTML tree: None
2026-07-28 16:55:20,762 - WARNING - discarding data: None
2026-07-28 16:55:20,762 - WARNING - [Economic Times] FAILED with 'requests_browser' (content was too short: 0 words).
2026-07-28 16:55:21,373 - ERROR - [The Hindu] Request failed for strategy 'selenium_browser' on URL https://www.thehindu.com/news/cities/Hyderabad/us-firm-sonatype-to-add-100-seats-in-hyderabad/article71278154.ece: Message: timeout: Timed out receiving message from renderer: 7.000
  (Session info: chrome=151.0.7922.47)
Stacktrace:
#0 0x559c0075475a <unknown>
#1 0x559c000c7f49 <unknown>
#2 0x559c000af9af <unknown>
#3 0x559c000af626 <unknown>
#4 0x559c000ad208 <unknown>
#5 0x559c000adb8f <unknown>
#6 0x559c000bccf0 <unknown>
#7 0x559c000d6cb7 <unknown>
#8 0x559c000de68b <unknown>
#9 0x559c000ae2e9 <unknown>
#10 0x559c000d6a12 <unknown>
#11 0x559c00165fe6 <unknown>
#12 0x559c00110cb2 <unknown>
#13 0x559c00111b31 <unknown>
#14 0x559c00719ae0 <unknown>
#15 0x559c0071815a <unknown>
#16 0x559c00702b85 <unknown>
#17 0x559c00718e1a <unknown>
#18 0x559c006eaa80 <unknown>
#19 0x559c00740138 <unknown>
#20 0x559c007402d5 <unknown>
#21 0x559c0075330e <unknown>
#22 0x7f2ba129caa4 <unknown>
#23 0x7f2ba1329c6c <unknown>

2026-07-28 16:55:21,373 - ERROR - [The Hindu] All scrape strategies failed for https://www.thehindu.com/news/cities/Hyderabad/us-firm-sonatype-to-add-100-seats-in-hyderabad/article71278154.ece. Falling back to RSS description.
2026-07-28 16:55:21,373 - WARNING - SKIPPED (GLOBAL WORD LIMIT): Article 'U.S. firm Sonatype to add 100 seats in Hyderabad' from The Hindu has only 3 words (Min: 90).
2026-07-28 16:55:21,597 - INFO - [Economic Times] Article: https://economictimes.indiatimes.com/markets/stocks/recos/fin-crisis-too-late-and-too-little-done-in-us/articleshow/3794549.cms
2026-07-28 16:55:21,597 - INFO - [Economic Times] Attempt 2/2: Trying with 'selenium_browser' strategy...
2026-07-28 16:55:22,309 - INFO - [The Hindu] Article: https://www.thehindu.com/news/national//article71277079.ece
2026-07-28 16:55:22,309 - INFO - [The Hindu] Attempt 1/1: Trying with 'selenium_browser' strategy...
2026-07-28 16:55:22,803 - INFO - [Economic Times] Page content loaded.
2026-07-28 16:55:22,900 - INFO - [Economic Times] Success with 'selenium_browser'. Found content (868 words).
2026-07-28 16:55:25,967 - ERROR - Error saving article Fin Crisis: Too late and too little done in US - The Economic Times: Hrana: `stream error: `Error { message: "SQLite error: UNIQUE constraint failed: articles.url", code: "SQLITE_CONSTRAINT" }``
2026-07-28 16:55:26,911 - INFO - [Economic Times] Article: https://economictimes.indiatimes.com/markets/forex/weak-rupee-takes-its-toll-on-cos-with-huge-foreign-debt/articleshow/3546158.cms
2026-07-28 16:55:26,911 - INFO - [Economic Times] Attempt 1/2: Trying with 'requests_browser' strategy...
2026-07-28 16:55:27,254 - ERROR - parsed tree length: 1, wrong data type or not valid HTML
2026-07-28 16:55:27,254 - ERROR - empty HTML tree: None
2026-07-28 16:55:27,254 - WARNING - discarding data: None
2026-07-28 16:55:27,254 - WARNING - [Economic Times] FAILED with 'requests_browser' (content was too short: 0 words).
2026-07-28 16:55:27,723 - CRITICAL - --- TIMEOUT: 2 scrape jobs did not complete in 420s. ---
2026-07-28 16:55:27,723 - ERROR - A thread has timed out and will be abandoned.
2026-07-28 16:55:27,723 - ERROR - A thread has timed out and will be abandoned.
2026-07-28 16:55:27,723 - INFO - Shutting down thread pool (wait=False)...
2026-07-28 16:55:27,723 - INFO - Scraped: 0 Wired, 10 Indian Express, 4 Al Jazeera, 0 TechCrunch, 9 Times of India, 10 NDTV, 3 BBC, 2 Timed_Out_Jobs articles. (Total saved: 36)
2026-07-28 16:55:27,723 - INFO - --- Scraping job finished ---
2026-07-28 16:55:27,723 - INFO - --- Scraper service stopped. ---
2026-07-28 16:55:27,724 - INFO - --- Main thread finished. Forcing process exit to kill zombie threads. ---
