2026-08-16 23:23:24,885 - INFO - Loading AI Semantic Model (all-MiniLM-L6-v2)...
2026-08-16 23:23:24,885 - INFO - No device provided, using cpu
2026-08-16 23:23:24,959 - INFO - HTTP Request: GET https://huggingface.co/api/agent-harnesses "HTTP/1.1 200 OK"
2026-08-16 23:23:24,977 - INFO - HTTP Request: HEAD https://huggingface.co/sentence-transformers/all-MiniLM-L6-v2/resolve/main/modules.json "HTTP/1.1 307 Temporary Redirect"
2026-08-16 23:23:24,977 - WARNING - Warning: You are sending unauthenticated requests to the HF Hub. Please set a HF_TOKEN to enable higher rate limits and faster downloads.
2026-08-16 23:23:24,982 - INFO - HTTP Request: HEAD https://huggingface.co/api/resolve-cache/models/sentence-transformers/all-MiniLM-L6-v2/1110a243fdf4706b3f48f1d95db1a4f5529b4d41/modules.json "HTTP/1.1 200 OK"
2026-08-16 23:23:25,003 - INFO - HTTP Request: HEAD https://huggingface.co/sentence-transformers/all-MiniLM-L6-v2/resolve/main/config_sentence_transformers.json "HTTP/1.1 307 Temporary Redirect"
2026-08-16 23:23:25,008 - INFO - HTTP Request: HEAD https://huggingface.co/api/resolve-cache/models/sentence-transformers/all-MiniLM-L6-v2/1110a243fdf4706b3f48f1d95db1a4f5529b4d41/config_sentence_transformers.json "HTTP/1.1 200 OK"
2026-08-16 23:23:25,009 - INFO - Loading SentenceTransformer model from sentence-transformers/all-MiniLM-L6-v2.
2026-08-16 23:23:25,026 - INFO - HTTP Request: HEAD https://huggingface.co/sentence-transformers/all-MiniLM-L6-v2/resolve/main/config_sentence_transformers.json "HTTP/1.1 307 Temporary Redirect"
2026-08-16 23:23:25,031 - INFO - HTTP Request: HEAD https://huggingface.co/api/resolve-cache/models/sentence-transformers/all-MiniLM-L6-v2/1110a243fdf4706b3f48f1d95db1a4f5529b4d41/config_sentence_transformers.json "HTTP/1.1 200 OK"
2026-08-16 23:23:25,048 - INFO - HTTP Request: HEAD https://huggingface.co/sentence-transformers/all-MiniLM-L6-v2/resolve/main/README.md "HTTP/1.1 307 Temporary Redirect"
2026-08-16 23:23:25,053 - INFO - HTTP Request: HEAD https://huggingface.co/api/resolve-cache/models/sentence-transformers/all-MiniLM-L6-v2/1110a243fdf4706b3f48f1d95db1a4f5529b4d41/README.md "HTTP/1.1 200 OK"
2026-08-16 23:23:25,058 - INFO - HTTP Request: GET https://huggingface.co/api/resolve-cache/models/sentence-transformers/all-MiniLM-L6-v2/1110a243fdf4706b3f48f1d95db1a4f5529b4d41/README.md "HTTP/1.1 200 OK"
2026-08-16 23:23:25,075 - INFO - HTTP Request: HEAD https://huggingface.co/sentence-transformers/all-MiniLM-L6-v2/resolve/main/modules.json "HTTP/1.1 307 Temporary Redirect"
2026-08-16 23:23:25,081 - INFO - HTTP Request: HEAD https://huggingface.co/api/resolve-cache/models/sentence-transformers/all-MiniLM-L6-v2/1110a243fdf4706b3f48f1d95db1a4f5529b4d41/modules.json "HTTP/1.1 200 OK"
2026-08-16 23:23:25,097 - INFO - HTTP Request: HEAD https://huggingface.co/sentence-transformers/all-MiniLM-L6-v2/resolve/main/sentence_bert_config.json "HTTP/1.1 307 Temporary Redirect"
2026-08-16 23:23:25,104 - INFO - HTTP Request: HEAD https://huggingface.co/api/resolve-cache/models/sentence-transformers/all-MiniLM-L6-v2/1110a243fdf4706b3f48f1d95db1a4f5529b4d41/sentence_bert_config.json "HTTP/1.1 200 OK"
2026-08-16 23:23:25,127 - INFO - HTTP Request: HEAD https://huggingface.co/sentence-transformers/all-MiniLM-L6-v2/resolve/main/adapter_config.json "HTTP/1.1 404 Not Found"
2026-08-16 23:23:25,152 - INFO - HTTP Request: HEAD https://huggingface.co/sentence-transformers/all-MiniLM-L6-v2/resolve/main/config.json "HTTP/1.1 307 Temporary Redirect"
2026-08-16 23:23:25,157 - INFO - HTTP Request: HEAD https://huggingface.co/api/resolve-cache/models/sentence-transformers/all-MiniLM-L6-v2/1110a243fdf4706b3f48f1d95db1a4f5529b4d41/config.json "HTTP/1.1 200 OK"
2026-08-16 23:23:25,224 - INFO - HTTP Request: HEAD https://huggingface.co/sentence-transformers/all-MiniLM-L6-v2/resolve/main/model.safetensors "HTTP/1.1 302 Found"
2026-08-16 23:23:25,367 - INFO - HTTP Request: HEAD https://huggingface.co/sentence-transformers/all-MiniLM-L6-v2/resolve/main/processor_config.json "HTTP/1.1 404 Not Found"
2026-08-16 23:23:25,386 - INFO - HTTP Request: HEAD https://huggingface.co/sentence-transformers/all-MiniLM-L6-v2/resolve/main/preprocessor_config.json "HTTP/1.1 404 Not Found"
2026-08-16 23:23:25,408 - INFO - HTTP Request: HEAD https://huggingface.co/sentence-transformers/all-MiniLM-L6-v2/resolve/main/video_preprocessor_config.json "HTTP/1.1 404 Not Found"
2026-08-16 23:23:25,431 - INFO - HTTP Request: HEAD https://huggingface.co/sentence-transformers/all-MiniLM-L6-v2/resolve/main/preprocessor_config.json "HTTP/1.1 404 Not Found"
2026-08-16 23:23:25,448 - INFO - HTTP Request: HEAD https://huggingface.co/sentence-transformers/all-MiniLM-L6-v2/resolve/main/tokenizer_config.json "HTTP/1.1 307 Temporary Redirect"
2026-08-16 23:23:25,453 - INFO - HTTP Request: HEAD https://huggingface.co/api/resolve-cache/models/sentence-transformers/all-MiniLM-L6-v2/1110a243fdf4706b3f48f1d95db1a4f5529b4d41/tokenizer_config.json "HTTP/1.1 200 OK"
2026-08-16 23:23:25,474 - INFO - HTTP Request: HEAD https://huggingface.co/sentence-transformers/all-MiniLM-L6-v2/resolve/main/config.json "HTTP/1.1 307 Temporary Redirect"
2026-08-16 23:23:25,480 - INFO - HTTP Request: HEAD https://huggingface.co/api/resolve-cache/models/sentence-transformers/all-MiniLM-L6-v2/1110a243fdf4706b3f48f1d95db1a4f5529b4d41/config.json "HTTP/1.1 200 OK"
2026-08-16 23:23:25,502 - INFO - HTTP Request: HEAD https://huggingface.co/sentence-transformers/all-MiniLM-L6-v2/resolve/main/config.json "HTTP/1.1 307 Temporary Redirect"
2026-08-16 23:23:25,507 - INFO - HTTP Request: HEAD https://huggingface.co/api/resolve-cache/models/sentence-transformers/all-MiniLM-L6-v2/1110a243fdf4706b3f48f1d95db1a4f5529b4d41/config.json "HTTP/1.1 200 OK"
2026-08-16 23:23:25,526 - INFO - HTTP Request: HEAD https://huggingface.co/sentence-transformers/all-MiniLM-L6-v2/resolve/main/tokenizer_config.json "HTTP/1.1 307 Temporary Redirect"
2026-08-16 23:23:25,534 - INFO - HTTP Request: HEAD https://huggingface.co/api/resolve-cache/models/sentence-transformers/all-MiniLM-L6-v2/1110a243fdf4706b3f48f1d95db1a4f5529b4d41/tokenizer_config.json "HTTP/1.1 200 OK"
2026-08-16 23:23:25,553 - INFO - HTTP Request: GET https://huggingface.co/api/models/sentence-transformers/all-MiniLM-L6-v2/tree/main/additional_chat_templates?recursive=false&expand=false "HTTP/1.1 404 Not Found"
2026-08-16 23:23:25,572 - INFO - HTTP Request: GET https://huggingface.co/api/models/sentence-transformers/all-MiniLM-L6-v2/tree/main?recursive=true&expand=false "HTTP/1.1 200 OK"
2026-08-16 23:23:25,588 - INFO - HTTP Request: HEAD https://huggingface.co/sentence-transformers/all-MiniLM-L6-v2/resolve/main/vocab.txt "HTTP/1.1 307 Temporary Redirect"
2026-08-16 23:23:25,594 - INFO - HTTP Request: HEAD https://huggingface.co/api/resolve-cache/models/sentence-transformers/all-MiniLM-L6-v2/1110a243fdf4706b3f48f1d95db1a4f5529b4d41/vocab.txt "HTTP/1.1 200 OK"
2026-08-16 23:23:25,612 - INFO - HTTP Request: HEAD https://huggingface.co/sentence-transformers/all-MiniLM-L6-v2/resolve/main/tokenizer.json "HTTP/1.1 307 Temporary Redirect"
2026-08-16 23:23:25,618 - INFO - HTTP Request: HEAD https://huggingface.co/api/resolve-cache/models/sentence-transformers/all-MiniLM-L6-v2/1110a243fdf4706b3f48f1d95db1a4f5529b4d41/tokenizer.json "HTTP/1.1 200 OK"
2026-08-16 23:23:25,641 - INFO - HTTP Request: HEAD https://huggingface.co/sentence-transformers/all-MiniLM-L6-v2/resolve/main/added_tokens.json "HTTP/1.1 404 Not Found"
2026-08-16 23:23:25,658 - INFO - HTTP Request: HEAD https://huggingface.co/sentence-transformers/all-MiniLM-L6-v2/resolve/main/special_tokens_map.json "HTTP/1.1 307 Temporary Redirect"
2026-08-16 23:23:25,665 - INFO - HTTP Request: HEAD https://huggingface.co/api/resolve-cache/models/sentence-transformers/all-MiniLM-L6-v2/1110a243fdf4706b3f48f1d95db1a4f5529b4d41/special_tokens_map.json "HTTP/1.1 200 OK"
2026-08-16 23:23:25,682 - INFO - HTTP Request: HEAD https://huggingface.co/sentence-transformers/all-MiniLM-L6-v2/resolve/main/chat_template.jinja "HTTP/1.1 404 Not Found"
2026-08-16 23:23:25,749 - INFO - HTTP Request: HEAD https://huggingface.co/sentence-transformers/all-MiniLM-L6-v2/resolve/main/1_Pooling/config.json "HTTP/1.1 307 Temporary Redirect"
2026-08-16 23:23:25,755 - INFO - HTTP Request: HEAD https://huggingface.co/api/resolve-cache/models/sentence-transformers/all-MiniLM-L6-v2/1110a243fdf4706b3f48f1d95db1a4f5529b4d41/1_Pooling%2Fconfig.json "HTTP/1.1 200 OK"
2026-08-16 23:23:25,775 - INFO - HTTP Request: GET https://huggingface.co/api/models/sentence-transformers/all-MiniLM-L6-v2 "HTTP/1.1 200 OK"
2026-08-16 23:23:25,778 - INFO - AI Model loaded successfully.
2026-08-16 23:23:25,778 - INFO - --- Scraper service started (CI Mode: Run Once) ---
2026-08-16 23:23:25,778 - INFO - --- Starting new scraping job (Parallel Mode) ---
2026-08-16 23:23:25,778 - INFO - Connecting to SQLite database...
2026-08-16 23:23:30,327 - INFO - Pre-calculating embeddings for 348 cached articles...
2026-08-16 23:23:50,470 - INFO - Cache built: 5680 URLs. Current MAX_ID: 106148
2026-08-16 23:23:50,470 - INFO - Creating new robust session with 3 retries on 5xx/connection/read errors.
2026-08-16 23:23:50,470 - INFO - Proxy is DISABLED.
2026-08-16 23:23:50,471 - INFO - [BBC] (Thread) requires Selenium. Initializing driver...
2026-08-16 23:23:50,471 - INFO - [Times of India] (Thread) requires Selenium. Initializing driver...
2026-08-16 23:23:50,471 - INFO - [The Hindu] (Thread) requires Selenium. Initializing driver...
2026-08-16 23:23:50,472 - INFO - [Al Jazeera] (Thread) requires Selenium. Initializing driver...
2026-08-16 23:23:50,472 - INFO - Starting scrape for TechCrunch RSS feed: https://techcrunch.com/feed/
2026-08-16 23:23:50,473 - INFO - [Economic Times] (Thread) requires Selenium. Initializing driver...
2026-08-16 23:23:50,474 - INFO - [Wired] (Thread) requires Selenium. Initializing driver...
2026-08-16 23:23:50,475 - INFO - [NDTV] (Thread) requires Selenium. Initializing driver...
2026-08-16 23:23:50,476 - INFO - [Indian Express] (Thread) requires Selenium. Initializing driver...
2026-08-16 23:23:50,476 - INFO - Submitted 9 jobs to thread pool. Waiting up to 420s for completion...
2026-08-16 23:23:51,870 - INFO - Found 0 articles in TechCrunch RSS feed. Processing until 8 new articles are saved.
2026-08-16 23:23:54,191 - INFO - Selenium driver initialized successfully (Eager load strategy, 7s timeout).
2026-08-16 23:23:54,191 - INFO - Starting scrape for NDTV RSS feed: https://feeds.feedburner.com/ndtvnews-top-stories
2026-08-16 23:23:54,327 - INFO - Selenium driver initialized successfully (Eager load strategy, 7s timeout).
2026-08-16 23:23:54,327 - INFO - Starting scrape for Indian Express RSS feed: https://indianexpress.com/feed/
2026-08-16 23:23:54,558 - INFO - Selenium driver initialized successfully (Eager load strategy, 7s timeout).
2026-08-16 23:23:54,558 - INFO - Starting scrape for Times of India RSS feed: https://timesofindia.indiatimes.com/rssfeeds/296589292.cms
2026-08-16 23:23:54,596 - INFO - Selenium driver initialized successfully (Eager load strategy, 7s timeout).
2026-08-16 23:23:54,596 - INFO - Starting scrape for BBC RSS feed: http://feeds.bbci.co.uk/news/world/rss.xml
2026-08-16 23:23:54,691 - INFO - Selenium driver initialized successfully (Eager load strategy, 7s timeout).
2026-08-16 23:23:54,714 - INFO - Starting scrape for The Hindu RSS feed: https://www.thehindu.com/news/national/feeder/default.rss
2026-08-16 23:23:54,757 - INFO - Found 20 articles in NDTV RSS feed. Processing until 10 new articles are saved.
2026-08-16 23:23:54,757 - INFO - [NDTV] Early skip: URL https://www.ndtv.com/india-news/one-family-one-ticket-row-grows-as-bjps-ravneet-bittu-targets-congress-11918531#publisher=newsstand already exists.
2026-08-16 23:23:54,764 - INFO - [NDTV] Early skip: URL https://www.ndtv.com/india-news/ips-officers-mother-found-murdered-in-up-home-jewellery-looted-11918457#publisher=newsstand already exists.
2026-08-16 23:23:54,767 - INFO - [NDTV] Early skip: URL https://www.ndtv.com/india-news/model-strips-in-train-over-seat-spat-attacks-railway-cops-with-blade-11918298#publisher=newsstand already exists.
2026-08-16 23:23:54,769 - INFO - [NDTV] Early skip: URL https://www.ndtv.com/india-news/nlsiu-surya-kant-manan-kumar-mishra-bar-council-after-nalsar-another-top-law-college-opposes-invite-to-chief-justice-11917819#publisher=newsstand already exists.
2026-08-16 23:23:54,773 - INFO - [NDTV] Early skip: URL https://www.ndtv.com/world-news/would-rather-die-moroccan-migrants-protest-in-spains-ceuta-seek-asylum-11918482#publisher=newsstand already exists.
2026-08-16 23:23:54,774 - INFO - [NDTV] Early skip: URL https://www.ndtv.com/world-news/trump-envoy-meets-hamas-leaders-over-gaza-plan-will-see-netanyahu-next-11918450#publisher=newsstand already exists.
2026-08-16 23:23:54,778 - INFO - [NDTV] Early skip: URL https://www.ndtv.com/world-news/1-killed-children-among-4-injured-in-shooting-at-park-in-us-kentucky-11918445#publisher=newsstand already exists.
2026-08-16 23:23:54,781 - INFO - [NDTV] Early skip: URL https://www.ndtv.com/world-news/disaster-4-renaissance-era-paintings-stolen-from-italian-museum-11918415#publisher=newsstand already exists.
2026-08-16 23:23:54,783 - INFO - [NDTV] Early skip: URL https://www.ndtv.com/india-news/jharkhand-government-invites-student-protesters-for-fresh-talks-on-monday-11918410#publisher=newsstand already exists.
2026-08-16 23:23:54,784 - INFO - [NDTV] Early skip: URL https://www.ndtv.com/india-news/vijay-condemns-killing-of-suspected-poachers-of-tamil-origin-killed-in-karnataka-11918134#publisher=newsstand already exists.
2026-08-16 23:23:54,786 - INFO - [NDTV] Early skip: URL https://www.ndtv.com/india-news/murder-in-noida-arrest-in-bihar-how-5-litres-of-liquor-led-cops-to-killer-11918395#publisher=newsstand already exists.
2026-08-16 23:23:54,792 - INFO - [NDTV] Early skip: URL https://www.ndtv.com/world-news/iran-us-war-israel-netanyahu-made-big-claim-about-irans-nuclear-plan-his-source-was-a-fake-post-11918376#publisher=newsstand already exists.
2026-08-16 23:23:54,796 - INFO - [NDTV] Early skip: URL https://www.ndtv.com/india-news/terror-plot-averted-cops-find-bomb-timer-in-suspicious-packet-in-amritsar-11918221#publisher=newsstand already exists.
2026-08-16 23:23:54,797 - INFO - [NDTV] Early skip: URL https://www.ndtv.com/india-news/chaos-in-delhi-metro-after-paramilitary-official-allegedly-takes-womans-pic-11917699#publisher=newsstand already exists.
2026-08-16 23:23:54,798 - INFO - [NDTV] Early skip: URL https://www.ndtv.com/india-news/noida-water-crisis-in-noida-risky-gamble-with-water-ends-but-400-families-left-without-a-drop-11918021#publisher=newsstand already exists.
2026-08-16 23:23:54,803 - INFO - [NDTV] Early skip: URL https://www.ndtv.com/india-news/150-stitches-on-sukhbir-badal-attack-wifes-nia-probe-demand-11918028#publisher=newsstand already exists.
2026-08-16 23:23:54,806 - INFO - [NDTV] Early skip: URL https://www.ndtv.com/india-news/toddler-critical-after-falling-from-3rd-floor-of-building-in-bengaluru-11918070#publisher=newsstand already exists.
2026-08-16 23:23:54,815 - INFO - [NDTV] Early skip: URL https://www.ndtv.com/world-news/us-iran-war-kill-a-us-soldier-get-30-000-iran-announces-bounty-double-pay-for-women-11917992#publisher=newsstand already exists.
2026-08-16 23:23:54,817 - INFO - [NDTV] Early skip: URL https://www.ndtv.com/india-news/congress-only-sings-party-song-kiren-rijijus-dig-on-vande-mataram-row-11917929#publisher=newsstand already exists.
2026-08-16 23:23:54,818 - INFO - [NDTV] Early skip: URL https://www.ndtv.com/india-news/suvendu-adhikari-after-cjp-charge-over-bengal-death-no-bjp-connection-11917780#publisher=newsstand already exists.
2026-08-16 23:23:54,819 - INFO - [NDTV] (Thread) Finished. Attempting to shut down its Selenium driver.
2026-08-16 23:23:54,826 - INFO - Selenium driver initialized successfully (Eager load strategy, 7s timeout).
2026-08-16 23:23:54,826 - INFO - Starting scrape for Wired RSS feed: https://www.wired.com/feed/rss
2026-08-16 23:23:54,858 - INFO - Selenium driver initialized successfully (Eager load strategy, 7s timeout).
2026-08-16 23:23:54,859 - INFO - Starting scrape for Al Jazeera RSS feed: https://www.aljazeera.com/xml/rss/all.xml
2026-08-16 23:23:54,864 - INFO - Selenium driver initialized successfully (Eager load strategy, 7s timeout).
2026-08-16 23:23:54,864 - INFO - Starting scrape for Economic Times RSS feed: https://economictimes.indiatimes.com/rssfeedsdefault.cms
2026-08-16 23:23:54,940 - ERROR - Failed to fetch Indian Express RSS feed: 403 Client Error: Forbidden for url: https://indianexpress.com/feed/
2026-08-16 23:23:54,941 - INFO - [Indian Express] (Thread) Finished. Attempting to shut down its Selenium driver.
2026-08-16 23:23:55,042 - INFO - Found 20 articles in Times of India RSS feed. Processing until 20 new articles are saved.
2026-08-16 23:23:55,073 - INFO - [Times of India] Early skip: URL https://timesofindia.indiatimes.com/world/rest-of-world/in-1993-chile-adopted-an-indigenous-law-that-enabled-land-restitution-by-2023-more-than-510000-acres-had-been-returned-to-mapuche-communities-but-native-forest-cover-had-barely-changed/articleshow/133281918.cms already exists.
2026-08-16 23:23:55,076 - INFO - [Times of India] Early skip: URL https://timesofindia.indiatimes.com/world/uk/in-1988-an-english-farmer-stopped-cultivating-his-entire-377-acre-wheat-farm-35-years-later-it-became-one-of-central-englands-biggest-refuges-for-scrub-woodland-and-rare-wildlife/articleshow/133280872.cms already exists.
2026-08-16 23:23:55,082 - INFO - [NDTV] (Thread) driver.quit() successful.
2026-08-16 23:23:55,084 - INFO - [Times of India] Early skip: URL https://timesofindia.indiatimes.com/world/uk/petition-for-public-inquiry-into-jason-ardays-media-harassment-gathers-31000-signatures/articleshow/133280350.cms already exists.
2026-08-16 23:23:55,085 - INFO - [Times of India] Early skip: URL https://timesofindia.indiatimes.com/world/china/from-hospitals-to-schools-china-expands-scrutiny-of-religious-beliefs-in-chengdu/articleshow/133279998.cms already exists.
2026-08-16 23:23:55,085 - INFO - [Indian Express] (Thread) driver.quit() successful.
2026-08-16 23:23:55,092 - INFO - [Times of India] Early skip: URL https://timesofindia.indiatimes.com/world/uk/uk-man55-dies-after-dog-bite-during-footpath-altercation-owner-arrested-on-murder-suspicion/articleshow/133279669.cms already exists.
2026-08-16 23:23:55,095 - INFO - [Times of India] Early skip: URL https://timesofindia.indiatimes.com/world/us-streamers/is-clavicular-really-trying-for-a-baby-with-lily-snyder-influencer-reveals-plans-despite-past-infertility-claims/articleshow/133278262.cms already exists.
2026-08-16 23:23:55,105 - INFO - [Times of India] Early skip: URL https://timesofindia.indiatimes.com/world/us/at-15-lynne-cox-broke-the-english-channel-record-for-men-and-women-at-30-after-an-11-year-wait-for-permission-she-swam-through-38f-water-from-alaska-to-the-soviet-union/articleshow/133277843.cms already exists.
2026-08-16 23:23:55,112 - INFO - [Times of India] Early skip: URL https://timesofindia.indiatimes.com/world/europe/3000-hectares-up-in-flames-belgium-battles-its-biggest-wildfire-on-record/articleshow/133279101.cms already exists.
2026-08-16 23:23:55,116 - INFO - [Times of India] Early skip: URL https://timesofindia.indiatimes.com/world/us/they-were-indian-so-we-didnt-count-them-us-cleaning-business-owner-faces-scrutiny-over-racial-profiling/articleshow/133277678.cms already exists.
2026-08-16 23:23:55,118 - INFO - [Times of India] Early skip: URL https://timesofindia.indiatimes.com/world/rest-of-world/princess-iman-welcomes-twin-daughters-talia-and-rania-with-husband-jameel-alexander-thermiotis-names-newborns-after-queen-rania-jordanian-royal-family-celebrates/articleshow/133278153.cms already exists.
2026-08-16 23:23:55,127 - INFO - [Times of India] Early skip: URL https://timesofindia.indiatimes.com/world/us/in-1953-emma-gatewood-tried-hiking-the-appalachian-trail-got-lost-and-was-rescued-two-years-later-at-67-she-walked-all-2190-miles-alone-and-made-history/articleshow/133277358.cms already exists.
2026-08-16 23:23:55,127 - INFO - Found 31 articles in BBC RSS feed. Processing until 10 new articles are saved.
2026-08-16 23:23:55,127 - INFO - [BBC] Early skip: URL https://www.bbc.co.uk/news/articles/cx2lll7zvn0o?at_medium=RSS&at_campaign=rss already exists.
2026-08-16 23:23:55,128 - INFO - [Times of India] Early skip: URL https://timesofindia.indiatimes.com/world/us-streamers/from-streaming-to-landing-one-of-marvels-biggest-roles-inde-navarrettes-journey-from-twitch-to-marvels-rogue/articleshow/133270431.cms already exists.
2026-08-16 23:23:55,129 - INFO - [BBC] Early skip: URL https://www.bbc.co.uk/news/articles/c77gg5vn44yo?at_medium=RSS&at_campaign=rss already exists.
2026-08-16 23:23:55,129 - INFO - [Times of India] Early skip: URL https://timesofindia.indiatimes.com/world/middle-east/iran-moves-to-criminalise-interviews-with-us-israeli-media-with-prison-terms-up-to-30-years/articleshow/133277296.cms already exists.
2026-08-16 23:23:55,132 - INFO - [Times of India] Early skip: URL https://timesofindia.indiatimes.com/world/us/in-1933-lincolns-crooked-house-was-marked-for-demolition-work-revealed-a-hidden-timber-framed-building-behind-its-brick-faade-and-saved-it-today-it-is-one-of-the-cathedral-quarters-most-photographed-buildings/articleshow/133277131.cms already exists.
2026-08-16 23:23:55,132 - INFO - [BBC] Early skip: URL https://www.bbc.co.uk/news/articles/c1411pgje8xo?at_medium=RSS&at_campaign=rss already exists.
2026-08-16 23:23:55,136 - INFO - [BBC] Early skip: URL https://www.bbc.co.uk/news/articles/c87nnwlpe5no?at_medium=RSS&at_campaign=rss already exists.
2026-08-16 23:23:55,136 - INFO - [Times of India] Early skip: URL https://timesofindia.indiatimes.com/etimes/animals/8-year-old-boy-catches-a-piranha-while-fishing-with-dad-at-pennsylvania-lake/articleshow/133276885.cms already exists.
2026-08-16 23:23:55,137 - INFO - [BBC] Early skip: URL https://www.bbc.co.uk/news/articles/cqjxx2gzd9qo?at_medium=RSS&at_campaign=rss already exists.
2026-08-16 23:23:55,138 - INFO - [Times of India] Early skip: URL https://timesofindia.indiatimes.com/world/europe/four-renaissance-masterpieces-stolen-from-sicily-museum-in-art-heist/articleshow/133276825.cms already exists.
2026-08-16 23:23:55,139 - INFO - [BBC] Early skip: URL https://www.bbc.co.uk/news/articles/c3v00w5ylw9o?at_medium=RSS&at_campaign=rss already exists.
2026-08-16 23:23:55,139 - INFO - [Times of India] Early skip: URL https://timesofindia.indiatimes.com/world/us/a-maine-oyster-farm-is-testing-a-solar-powered-floating-conveyor-that-moves-oyster-baskets-through-water-and-air-one-raft-is-designed-for-125000-oysters-a-year/articleshow/133275300.cms already exists.
2026-08-16 23:23:55,142 - INFO - [Times of India] Early skip: URL https://timesofindia.indiatimes.com/world/rest-of-world/south-africa-is-mining-lithium-for-the-green-energy-transition-prospecting-rights-now-cover-73000-hectares-117-farms-and-land-supporting-30000-jobs/articleshow/133275909.cms already exists.
2026-08-16 23:23:55,143 - INFO - [BBC] Early skip: URL https://www.bbc.co.uk/news/articles/ceqeeendz42o?at_medium=RSS&at_campaign=rss already exists.
2026-08-16 23:23:55,144 - INFO - [Times of India] Early skip: URL https://timesofindia.indiatimes.com/life-style/travel/news/new-york-city-has-a-grave-of-secrets-where-thousands-of-people-come-to-share-their-innermost-emotions-and-why/articleshow/133276159.cms already exists.
2026-08-16 23:23:55,152 - INFO - [BBC] Early skip: URL https://www.bbc.co.uk/news/articles/c0l5583903yo?at_medium=RSS&at_campaign=rss already exists.
2026-08-16 23:23:55,153 - INFO - [Times of India] Early skip: URL https://timesofindia.indiatimes.com/science/san-diegos-leanne-fan-18-built-a-device-to-simulate-microgravity-and-tested-red-light-on-injured-flatworms-tissue-regeneration-sped-up-by-95-2-helping-her-win-80000/articleshow/133273293.cms already exists.
2026-08-16 23:23:55,157 - INFO - [BBC] Early skip: URL https://www.bbc.co.uk/news/articles/ckg4424zd7go?at_medium=RSS&at_campaign=rss already exists.
2026-08-16 23:23:55,158 - INFO - [BBC] Early skip: URL https://www.bbc.co.uk/news/articles/crmrr7kjy9vo?at_medium=RSS&at_campaign=rss already exists.
2026-08-16 23:23:55,158 - INFO - [Times of India] (Thread) Finished. Attempting to shut down its Selenium driver.
2026-08-16 23:23:55,159 - INFO - [BBC] Early skip: URL https://www.bbc.co.uk/news/articles/cn5nnlq2pwpo?at_medium=RSS&at_campaign=rss already exists.
2026-08-16 23:23:55,157 - INFO - Found 60 articles in The Hindu RSS feed. Processing until 20 new articles are saved.
2026-08-16 23:23:55,165 - INFO - [The Hindu] Early skip: URL https://www.thehindu.com/news/national/uttar-pradesh/contaminated-groundwater-in-uttar-pradesh-poses-health-risks/article71322801.ece already exists.
2026-08-16 23:23:55,165 - INFO - [BBC] Early skip: URL https://www.bbc.co.uk/news/articles/cj4kk8kz271o?at_medium=RSS&at_campaign=rss already exists.
2026-08-16 23:23:55,167 - INFO - [BBC] Early skip: URL https://www.bbc.co.uk/news/articles/cp8eex1nmpvo?at_medium=RSS&at_campaign=rss already exists.
2026-08-16 23:23:55,169 - INFO - [BBC] Early skip: URL https://www.bbc.co.uk/news/articles/ckg44x2ey1ro?at_medium=RSS&at_campaign=rss already exists.
2026-08-16 23:23:55,169 - INFO - [The Hindu] Early skip: URL https://www.thehindu.com/news/national/uttar-pradesh/ips-officers-mother-killed-in-ups-ambedkar-nagar-jewellery-missing-probe-underway/article71353942.ece already exists.
2026-08-16 23:23:55,170 - INFO - [BBC] Early skip: URL https://www.bbc.co.uk/news/articles/cn9nnxrxg4qo?at_medium=RSS&at_campaign=rss already exists.
2026-08-16 23:23:55,171 - INFO - [The Hindu] Article: https://www.thehindu.com/news/national/haryana/five-member-panel-to-hold-talks-with-haryana-cm-over-jeevan-kundu-murder/article71353382.ece
2026-08-16 23:23:55,171 - INFO - [The Hindu] Attempt 1/1: Trying with 'selenium_browser' strategy...
2026-08-16 23:23:55,172 - INFO - [BBC] Early skip: URL https://www.bbc.co.uk/news/articles/c4gjygx4gjeo?at_medium=RSS&at_campaign=rss already exists.
2026-08-16 23:23:55,174 - INFO - [BBC] Early skip: URL https://www.bbc.co.uk/news/articles/cgjee21eenvo?at_medium=RSS&at_campaign=rss already exists.
2026-08-16 23:23:55,176 - INFO - [BBC] Early skip: URL https://www.bbc.co.uk/news/articles/cy0j60p0d29o?at_medium=RSS&at_campaign=rss already exists.
2026-08-16 23:23:55,178 - INFO - [BBC] Early skip: URL https://www.bbc.co.uk/news/articles/cd69ely319eo?at_medium=RSS&at_campaign=rss already exists.
2026-08-16 23:23:55,184 - INFO - [BBC] Early skip: URL https://www.bbc.co.uk/news/articles/cevml4701emo?at_medium=RSS&at_campaign=rss already exists.
2026-08-16 23:23:55,186 - INFO - [BBC] Article: https://www.bbc.co.uk/news/articles/cy0j2r15dr1o?at_medium=RSS&at_campaign=rss
2026-08-16 23:23:55,187 - INFO - [BBC] Attempt 1/2: Trying with 'requests_browser' strategy...
2026-08-16 23:23:55,244 - INFO - [Times of India] (Thread) driver.quit() successful.
2026-08-16 23:23:55,259 - INFO - Found 50 articles in Wired RSS feed. Processing until 10 new articles are saved.
2026-08-16 23:23:55,259 - INFO - [Wired] Early skip: URL https://www.wired.com/review/samsung-galaxy-z-fold8-and-z-fold8-ultra/ already exists.
2026-08-16 23:23:55,263 - INFO - [Wired] Early skip: URL https://www.wired.com/story/black-hole-stars-are-becoming-less-hypothetical/ already exists.
2026-08-16 23:23:55,265 - INFO - [Wired] Early skip: URL https://www.wired.com/story/its-never-too-early-to-start-planning-for-the-next-two-solar-eclipses/ already exists.
2026-08-16 23:23:55,266 - INFO - [Wired] Early skip: URL https://www.wired.com/story/easydmg-finally-fixed-installing-apps-on-a-mac/ already exists.
2026-08-16 23:23:55,268 - INFO - [Wired] Early skip: URL https://www.wired.com/review/terramow-v1000/ already exists.
2026-08-16 23:23:55,269 - INFO - [Wired] Early skip: URL https://www.wired.com/story/inside-experimental-traps-scientists-set-for-neutrinos/ already exists.
2026-08-16 23:23:55,270 - INFO - Found 25 articles in Al Jazeera RSS feed. Processing until 8 new articles are saved.
2026-08-16 23:23:55,271 - INFO - [Al Jazeera] Early skip: URL https://www.aljazeera.com/video/inside-story/2026/8/16/what-could-stop-israeli-settler-attacks-on-palestinians?traffic_source=rss already exists.
2026-08-16 23:23:55,271 - INFO - [Wired] Early skip: URL https://www.wired.com/gallery/best-cat-water-fountains/ already exists.
2026-08-16 23:23:55,272 - INFO - [Wired] Early skip: URL https://www.wired.com/review/retrospec-joe-rev-2/ already exists.
2026-08-16 23:23:55,272 - INFO - [Al Jazeera] Early skip: URL https://www.aljazeera.com/news/2026/8/16/hundreds-of-migrants-arrested-near-ceuta-border-in-latest-crackdown?traffic_source=rss already exists.
2026-08-16 23:23:55,273 - INFO - [Wired] Early skip: URL https://www.wired.com/story/this-beautifully-weird-necklace-is-secretly-a-usb-drive/ already exists.
2026-08-16 23:23:55,274 - INFO - [Al Jazeera] Early skip: URL https://www.aljazeera.com/video/the-india-report/2026/8/16/anwar-ibrahim-malaysia-between-the-superpowers?traffic_source=rss already exists.
2026-08-16 23:23:55,275 - INFO - [Wired] Early skip: URL https://www.wired.com/story/instapaper-the-original-read-it-later-app-just-got-a-huge-upgrade/ already exists.
2026-08-16 23:23:55,275 - INFO - [Al Jazeera] Early skip: URL https://www.aljazeera.com/news/2026/8/16/death-toll-rises-to-84-from-capsized-ferry-in-zimbabwe?traffic_source=rss already exists.
2026-08-16 23:23:55,276 - INFO - [Wired] Early skip: URL https://www.wired.com/story/best-apple-watch-accessories/ already exists.
2026-08-16 23:23:55,277 - INFO - [Al Jazeera] Article: https://www.aljazeera.com/video/newsfeed/2026/8/16/israelis-harass-palestinian-owned-cafe-in-iceland-tear-down-palestine-map?traffic_source=rss
2026-08-16 23:23:55,277 - INFO - [Al Jazeera] Attempt 1/2: Trying with 'requests_browser' strategy...
2026-08-16 23:23:55,278 - INFO - [Wired] Early skip: URL https://www.wired.com/review/auk-mini-2-indoor-smart-garden/ already exists.
2026-08-16 23:23:55,280 - INFO - [Wired] Early skip: URL https://www.wired.com/story/a-young-bodybuilders-rise-preceded-the-looksmaxxing-movement-his-legacy-feels-more-relevant-than-ever/ already exists.
2026-08-16 23:23:55,281 - INFO - [Wired] Early skip: URL https://www.wired.com/story/best-apple-watch-bands/ already exists.
2026-08-16 23:23:55,282 - INFO - [Wired] Early skip: URL https://www.wired.com/story/puerto-rico-is-rationing-water-it-could-avoid-it-by-harvesting-rainwater/ already exists.
2026-08-16 23:23:55,284 - INFO - [Wired] Early skip: URL https://www.wired.com/story/amazon-uses-your-twitch-content-to-train-its-ai-how-to-opt-out/ already exists.
2026-08-16 23:23:55,285 - INFO - [Wired] Article: https://www.wired.com/story/google-workspace-promo-code/
2026-08-16 23:23:55,285 - INFO - [Wired] Attempt 1/2: Trying with 'requests_browser' strategy...
2026-08-16 23:23:55,328 - WARNING - [Al Jazeera] FAILED with 'requests_browser' (content was too short: 76 words).
2026-08-16 23:23:55,443 - ERROR - parsed tree length: 1, wrong data type or not valid HTML
2026-08-16 23:23:55,444 - ERROR - empty HTML tree: None
2026-08-16 23:23:55,444 - WARNING - discarding data: None
2026-08-16 23:23:55,444 - WARNING - [Wired] FAILED with 'requests_browser' (content was too short: 0 words).
2026-08-16 23:23:55,451 - INFO - Found 76 articles in Economic Times RSS feed. Processing until 20 new articles are saved.
2026-08-16 23:23:55,451 - INFO - [Economic Times] Early skip: URL https://economictimes.indiatimes.com/markets/stocks/news/ahead-of-market-10-things-that-will-decide-stock-market-action-on-monday/articleshow/133273600.cms already exists.
2026-08-16 23:23:55,453 - INFO - [Economic Times] Early skip: URL https://economictimes.indiatimes.com/markets/stocks/news/big-bulls-magic-how-rakesh-jhunjhunwala-turned-rs-1-crore-into-rs-20-crore-overnight-after-the-1989-budget/articleshow/133272063.cms already exists.
2026-08-16 23:23:55,454 - INFO - [Economic Times] Early skip: URL https://economictimes.indiatimes.com/mf/analysis/ppfas-mutual-fund-among-6-mfs-holding-over-rs-10000-crore-in-cash-in-july/slideshow/133271353.cms already exists.
2026-08-16 23:23:55,455 - INFO - [Economic Times] Early skip: URL https://economictimes.indiatimes.com/markets/stocks/news/9-penny-stocks-surge-up-to-325-in-2026-so-far-3-turn-multibaggers-did-you-own-any/slideshow/133271258.cms already exists.
2026-08-16 23:23:55,457 - INFO - [Economic Times] Early skip: URL https://economictimes.indiatimes.com/markets/stocks/news/will-sensex-nifty-continue-to-bleed-on-monday-4-factors-which-will-drive-d-street-action-this-week/articleshow/133270103.cms already exists.
2026-08-16 23:23:55,459 - INFO - [Economic Times] Early skip: URL https://economictimes.indiatimes.com/mf/analysis/physicswallah-among-top-5-smallcap-stocks-facing-highest-mutual-fund-selling-in-july/slideshow/133270081.cms already exists.
2026-08-16 23:23:55,461 - INFO - [Economic Times] Article: https://economictimes.indiatimes.com/news/economy/policy/rbi-special-windows-seen-big-enough-to-bring-in-100b/articleshow/132813309.cms
2026-08-16 23:23:55,461 - INFO - [Economic Times] Attempt 1/2: Trying with 'requests_browser' strategy...
2026-08-16 23:23:55,500 - INFO - [BBC] Success with 'requests_browser'. Found content (1688 words).
2026-08-16 23:23:56,987 - INFO - [Wired] Article: https://www.wired.com/story/google-workspace-promo-code/
2026-08-16 23:23:57,397 - INFO - [Wired] Attempt 2/2: Trying with 'selenium_browser' strategy...
2026-08-16 23:23:56,987 - INFO - [Al Jazeera] Article: https://www.aljazeera.com/video/newsfeed/2026/8/16/israelis-harass-palestinian-owned-cafe-in-iceland-tear-down-palestine-map?traffic_source=rss
2026-08-16 23:23:58,462 - INFO - [Al Jazeera] Attempt 2/2: Trying with 'selenium_browser' strategy...
2026-08-16 23:23:58,462 - INFO - >>> SUCCESSFULLY SAVED [ID: 106149] - Slavery reparations: Why Ghana is leading the demand for compensation - BBC News from BBC (1688 words)
2026-08-16 23:23:58,213 - INFO - [The Hindu] Page content loaded.
2026-08-16 23:23:59,424 - INFO - [Economic Times] Success with 'requests_browser'. Found content (322 words).
2026-08-16 23:23:59,732 - INFO - [BBC] Early skip: URL https://www.bbc.co.uk/news/articles/c8jnwnw22ngo?at_medium=RSS&at_campaign=rss already exists.
2026-08-16 23:23:59,739 - INFO - [BBC] Early skip: URL https://www.bbc.co.uk/news/articles/cm2gp5g0xngo?at_medium=RSS&at_campaign=rss already exists.
2026-08-16 23:23:59,741 - INFO - [BBC] Early skip: URL https://www.bbc.co.uk/news/articles/cp3rprx2wl4o?at_medium=RSS&at_campaign=rss already exists.
2026-08-16 23:23:59,742 - INFO - [BBC] Early skip: URL https://www.bbc.co.uk/news/articles/c4gkyez7195o?at_medium=RSS&at_campaign=rss already exists.
2026-08-16 23:23:59,750 - INFO - [BBC] Early skip: URL https://www.bbc.co.uk/news/articles/c4gxy0wqqd9o?at_medium=RSS&at_campaign=rss already exists.
2026-08-16 23:23:59,751 - INFO - [BBC] Early skip: URL https://www.bbc.co.uk/news/videos/c8dnn05e90lo?at_medium=RSS&at_campaign=rss already exists.
2026-08-16 23:23:59,754 - INFO - [BBC] Early skip: URL https://www.bbc.co.uk/news/videos/c62e1v8p07go?at_medium=RSS&at_campaign=rss already exists.
2026-08-16 23:23:59,755 - INFO - [BBC] Early skip: URL https://www.bbc.co.uk/news/videos/c39eekgv79ko?at_medium=RSS&at_campaign=rss already exists.
2026-08-16 23:23:59,756 - INFO - [BBC] Early skip: URL https://www.bbc.co.uk/news/videos/cj4kg74ndggo?at_medium=RSS&at_campaign=rss already exists.
2026-08-16 23:23:59,758 - INFO - [BBC] Early skip: URL https://www.bbc.co.uk/news/videos/c7vg06pjdmqo?at_medium=RSS&at_campaign=rss already exists.
2026-08-16 23:23:59,759 - INFO - [BBC] (Thread) Finished. Attempting to shut down its Selenium driver.
2026-08-16 23:23:59,897 - INFO - [The Hindu] Success with 'selenium_browser'. Found content (433 words).
2026-08-16 23:23:59,925 - INFO - [BBC] (Thread) driver.quit() successful.
2026-08-16 23:24:02,644 - ERROR - Error saving article RBI special windows seen big enough to bring in $100B - The Economic Times: Hrana: `stream error: `Error { message: "SQLite error: UNIQUE constraint failed: articles.url", code: "SQLITE_CONSTRAINT" }``
2026-08-16 23:24:02,922 - INFO - [Al Jazeera] Page content loaded.
2026-08-16 23:24:04,355 - INFO - [Economic Times] Article: https://economictimes.indiatimes.com/news/economy/foreign-trade/india-canada-aim-to-conclude-cepa-trade-pact-by-end-2026-mea/articleshow/132813105.cms
2026-08-16 23:24:04,355 - INFO - [Economic Times] Attempt 1/2: Trying with 'requests_browser' strategy...
2026-08-16 23:24:05,842 - INFO - >>> SUCCESSFULLY SAVED [ID: 106151] - Five-member panel to hold talks with Haryana CM Over Jeevan Kundu murder - The Hindu from The Hindu (433 words)
2026-08-16 23:24:05,987 - WARNING - [Al Jazeera] FAILED with 'selenium_browser' (content was too short: 76 words).
2026-08-16 23:24:05,994 - ERROR - [Al Jazeera] All scrape strategies failed for https://www.aljazeera.com/video/newsfeed/2026/8/16/israelis-harass-palestinian-owned-cafe-in-iceland-tear-down-palestine-map?traffic_source=rss. Falling back to RSS description.
2026-08-16 23:24:05,994 - WARNING - SKIPPED (GLOBAL WORD LIMIT): Article 'Israelis harass Palestinian-owned cafe in Iceland, tear down Palestine map' from Al Jazeera has only 20 words (Min: 90).
2026-08-16 23:24:06,410 - INFO - [The Hindu] Early skip: URL https://www.thehindu.com/news/national/jharkhand/after-jharkhand-protesters-burn-soren-rahul-effigies-state-government-calls-them-for-fourth-round-of-talks/article71353578.ece already exists.
2026-08-16 23:24:06,447 - INFO - [The Hindu] Early skip: URL https://www.thehindu.com/news/national/jharkhand/jharkhand-students-demand-congress-to-withdraw-support-from-jmm-coalition-cm-sorens-resignation/article71350761.ece already exists.
2026-08-16 23:24:06,457 - INFO - [The Hindu] Early skip: URL https://www.thehindu.com/news/national/kerala/sabari-rail-project-delay-leaves-landowners-in-limbo/article71353248.ece already exists.
2026-08-16 23:24:06,466 - INFO - [The Hindu] Early skip: URL https://www.thehindu.com/news/national/bihar/questions-raised-over-hospital-dustbin-procurement-in-bihar/article71352922.ece already exists.
2026-08-16 23:24:06,476 - INFO - [The Hindu] Early skip: URL https://www.thehindu.com/news/national/karnataka/congress-protests-in-kalaburagi-against-purification-ritual-at-kharges-rally-venue-in-uttarakhand/article71353343.ece already exists.
2026-08-16 23:24:06,484 - INFO - [The Hindu] Early skip: URL https://www.thehindu.com/news/national/karnataka/karnataka-government-has-failed-to-mitigate-drought-says-kumaraswamy-opens-handloom-products-market/article71353661.ece already exists.
2026-08-16 23:24:06,495 - INFO - [The Hindu] Early skip: URL https://www.thehindu.com/news/national/army-chief-dhiraj-seth-nepal-visit-defence-and-military-ties/article71353111.ece already exists.
2026-08-16 23:24:06,505 - INFO - [The Hindu] Early skip: URL https://www.thehindu.com/news/national/andhra-pradesh/junior-doctors-in-ap-to-withdraw-emergency-services-from-monday-demanding-stipend-hike/article71352771.ece already exists.
2026-08-16 23:24:06,506 - INFO - [Economic Times] Success with 'requests_browser'. Found content (202 words).
2026-08-16 23:24:06,512 - INFO - [The Hindu] Early skip: URL https://www.thehindu.com/news/national/tamil-nadu/oxygen-depletion-kills-a-large-number-of-jalebi-fish-in-palar-river-near-ambur/article71352812.ece already exists.
2026-08-16 23:24:06,521 - INFO - [The Hindu] Early skip: URL https://www.thehindu.com/news/national/tamil-nadu/man-held-for-fatally-attacking-his-father-in-law-in-tiruvannamalai/article71352799.ece already exists.
2026-08-16 23:24:06,527 - INFO - [The Hindu] Early skip: URL https://www.thehindu.com/news/national/kerala/man-held-for-alleged-loan-fraud-in-kochi/article71353654.ece already exists.
2026-08-16 23:24:06,535 - INFO - [The Hindu] Early skip: URL https://www.thehindu.com/news/national/kerala/four-sfi-activists-held-over-protest-at-ssus/article71353617.ece already exists.
2026-08-16 23:24:06,544 - INFO - [The Hindu] Early skip: URL https://www.thehindu.com/news/cities/Kochi/ailu-demands-resignation-of-bci-chairman/article71353235.ece already exists.
2026-08-16 23:24:06,551 - INFO - [The Hindu] Early skip: URL https://www.thehindu.com/news/national/tamil-nadu/research-achieves-its-highest-purpose-when-it-serves-society-vice-president/article71352903.ece already exists.
2026-08-16 23:24:06,561 - INFO - [The Hindu] Early skip: URL https://www.thehindu.com/news/national/tamil-nadu/house-of-aiadmk-functionary-burgled-near-arakkonam/article71352802.ece already exists.
2026-08-16 23:24:06,567 - INFO - [The Hindu] Early skip: URL https://www.thehindu.com/news/national/tamil-nadu/two-escape-unhurt-after-car-catches-fire-in-vellore/article71352806.ece already exists.
2026-08-16 23:24:06,575 - INFO - [The Hindu] Early skip: URL https://www.thehindu.com/news/national/karnataka/72-year-old-man-falls-to-death-from-18th-floor-of-his-apartment/article71353667.ece already exists.
2026-08-16 23:24:06,582 - INFO - [The Hindu] Early skip: URL https://www.thehindu.com/news/national/andhra-pradesh/third-leg-of-seaside-festival-held-in-vizag/article71353712.ece already exists.
2026-08-16 23:24:06,592 - INFO - [The Hindu] Early skip: URL https://www.thehindu.com/news/national/tamil-nadu/woman-held-for-stealing-gold-jewellery-in-cuddalore/article71352674.ece already exists.
2026-08-16 23:24:06,606 - INFO - [The Hindu] Early skip: URL https://www.thehindu.com/news/national/karnataka/civil-police-recruitment-exam-141-omr-sheets-go-missing-from-vijayapura-exam-centre/article71345257.ece already exists.
2026-08-16 23:24:06,606 - INFO - [Al Jazeera] Article: https://www.aljazeera.com/video/newsfeed/2026/8/16/16-08-clip-erdogan-gaza-tr?traffic_source=rss
2026-08-16 23:24:06,606 - INFO - [Al Jazeera] Attempt 1/2: Trying with 'requests_browser' strategy...
2026-08-16 23:24:06,619 - INFO - [The Hindu] Early skip: URL https://www.thehindu.com/news/national/kerala/22000-lawyers-on-keralas-bar-council-rolls-unaccounted-for/article71353162.ece already exists.
2026-08-16 23:24:06,628 - INFO - [The Hindu] Early skip: URL https://www.thehindu.com/news/national/west-bengal/three-arrested-after-bengal-cjp-volunteers-father-dies-in-attack/article71353154.ece already exists.
2026-08-16 23:24:06,644 - INFO - [The Hindu] Early skip: URL https://www.thehindu.com/news/national/andhra-pradesh/cpim-stages-black-day-protest-over-closure-of-vizag-airport/article71352616.ece already exists.
2026-08-16 23:24:06,671 - INFO - [The Hindu] Early skip: URL https://www.thehindu.com/news/national/uttar-pradesh/bjp-plans-to-provide-stolen-money-to-women-as-allowance-akhilesh-yadav/article71353081.ece already exists.
2026-08-16 23:24:06,682 - INFO - [The Hindu] Early skip: URL https://www.thehindu.com/news/national/karnataka/child-seriously-injured-after-falling-from-second-floor/article71352431.ece already exists.
2026-08-16 23:24:06,685 - INFO - [The Hindu] Early skip: URL https://www.thehindu.com/news/national/bihar/sir-helped-bihar-achieve-record-poll-turnout-says-cec-gyanesh-kumar/article71353671.ece already exists.
2026-08-16 23:24:06,694 - INFO - [The Hindu] Early skip: URL https://www.thehindu.com/news/national/tamil-nadu/student-death-over-drugs-very-painful-vice-president/article71353071.ece already exists.
2026-08-16 23:24:06,705 - INFO - [The Hindu] Early skip: URL https://www.thehindu.com/news/national/andhra-pradesh/imd-predicts-heavy-rainfall-in-5-districts-yanam-today/article71353350.ece already exists.
2026-08-16 23:24:06,725 - INFO - [The Hindu] Early skip: URL https://www.thehindu.com/news/national/only-those-who-support-maoists-separatists-are-dimagi-naxals-rijiju-after-oppositions-criticism/article71353198.ece already exists.
2026-08-16 23:24:06,732 - INFO - [The Hindu] Early skip: URL https://www.thehindu.com/news/national/congress-rejects-shahs-vande-mataram-charge-calls-it-a-political-diversion/article71353192.ece already exists.
2026-08-16 23:24:06,748 - INFO - [The Hindu] Early skip: URL https://www.thehindu.com/news/national/kerala/crisis-deepens-as-service-shortage-hits-rail-passengers-from-north-kerala/article71352472.ece already exists.
2026-08-16 23:24:06,757 - INFO - [The Hindu] Early skip: URL https://www.thehindu.com/news/national/kerala/police-launch-probe-after-national-anthem-vande-mataram-sung-simultaneously-at-kozhikode-corporation/article71352720.ece already exists.
2026-08-16 23:24:06,768 - INFO - [The Hindu] Early skip: URL https://www.thehindu.com/news/national/kerala/malayalam-varsity-student-launches-protest-over-alleged-cast-discrimination/article71353254.ece already exists.
2026-08-16 23:24:06,775 - INFO - [The Hindu] Early skip: URL https://www.thehindu.com/news/national/tamil-nadu/tn-cm-vijay-condemns-killing-of-three-tamils-by-karnataka-forest-dept-personnel/article71353665.ece already exists.
2026-08-16 23:24:06,784 - INFO - [The Hindu] Early skip: URL https://www.thehindu.com/news/national/tamil-nadu/a-uniform-50-increase-in-ls-seats-is-pulling-the-wool-over-someones-eyes-says-praveen-chakravarty/article71353328.ece already exists.
2026-08-16 23:24:06,795 - INFO - [The Hindu] Early skip: URL https://www.thehindu.com/news/national/jammu-and-kashmir/many-pdp-leaders-detained-for-bid-to-protest-seeking-insurance-for-hail-hit-apple-orchards-in-kashmir/article71353623.ece already exists.
2026-08-16 23:24:06,797 - INFO - [The Hindu] Early skip: URL https://www.thehindu.com/news/national/jammu-and-kashmir/no-private-data-sought-id-details-only-if-available-jk-ladakh-census-chief/article71353316.ece already exists.
2026-08-16 23:24:06,805 - INFO - [The Hindu] Early skip: URL https://www.thehindu.com/news/national/tamil-nadu/rejuvenation-of-irrigation-channels-ponds-to-begin-in-tamil-nadu-under-vb-g-ram-g-scheme/article71352224.ece already exists.
2026-08-16 23:24:06,806 - INFO - [The Hindu] Early skip: URL https://www.thehindu.com/news/national/cyber-crime-emerging-as-the-biggest-challenge-facing-police-senior-ips-officer/article71353369.ece already exists.
2026-08-16 23:24:06,808 - INFO - [The Hindu] Early skip: URL https://www.thehindu.com/news/national/west-bengal/congress-leaders-son-killed-in-nadia-district-of-west-bengal/article71353610.ece already exists.
2026-08-16 23:24:06,817 - INFO - [The Hindu] Early skip: URL https://www.thehindu.com/news/national/congress-holds-focus-group-discussions-with-students/article71353068.ece already exists.
2026-08-16 23:24:06,824 - INFO - [The Hindu] Early skip: URL https://www.thehindu.com/news/national/tamil-nadu/annamalailevels-graft-charges-against-some-tamil-nadu-ministers-claims-to-have-audio-clip/article71353265.ece already exists.
2026-08-16 23:24:06,826 - INFO - [The Hindu] Early skip: URL https://www.thehindu.com/news/national/telangana/devadula-phase-vi-will-be-completed-by-dec-2028-to-benefit-tungaturthi-uttam-kumar-reddy/article71349515.ece already exists.
2026-08-16 23:24:06,827 - INFO - [The Hindu] Early skip: URL https://www.thehindu.com/news/national/telangana/residents-protest-delay-in-teegalaguttapalli-rob-works-in-karimnagar/article71353587.ece already exists.
2026-08-16 23:24:06,842 - INFO - [The Hindu] Early skip: URL https://www.thehindu.com/news/national/tamil-nadu/many-initiatives-in-the-pipeline-to-transform-tourism-sector-in-tamil-nadu-say-ministers/article71353558.ece already exists.
2026-08-16 23:24:06,860 - INFO - [The Hindu] Early skip: URL https://www.thehindu.com/news/cities/Delhi/jnu-vice-chancellor-terms-allegations-of-irregularities-in-recruitment-a-malicious-campaign/article71353126.ece already exists.
2026-08-16 23:24:06,870 - WARNING - [Al Jazeera] FAILED with 'requests_browser' (content was too short: 79 words).
2026-08-16 23:24:06,872 - INFO - [The Hindu] Early skip: URL https://www.thehindu.com/news/national/andhra-pradesh/eleven/article71353615.ece already exists.
2026-08-16 23:24:06,880 - INFO - [The Hindu] Early skip: URL https://www.thehindu.com/news/national/telangana/new-coal-blocks-to-further-strengthen-sccl-says-cmd/article71350382.ece already exists.
2026-08-16 23:24:06,893 - INFO - [The Hindu] Early skip: URL https://www.thehindu.com/news/cities/Visakhapatnam/why-the-visakhapatnam-airport-shut-and-what-still-flies-from-ins-dega/article71352471.ece already exists.
2026-08-16 23:24:06,901 - INFO - [The Hindu] Early skip: URL https://www.thehindu.com/news/national/telangana/traffic-around-kbr-park-goes-one-way-with-10-u-turn-points-and-13-exits-from-august-18/article71353309.ece already exists.
2026-08-16 23:24:06,902 - INFO - [The Hindu] Early skip: URL https://www.thehindu.com/news/cities/Hyderabad/we-were-never-seen-as-a-mind-only-as-a-vote-neha-bora-on-indias-student-resistance-and-the-fight-for-democracy/article71353537.ece already exists.
2026-08-16 23:24:06,903 - INFO - [The Hindu] Early skip: URL https://www.thehindu.com/news/national/telangana/khammam-ccs-police-arrest-two-for-tampering-with-forest-permits/article71353250.ece already exists.
2026-08-16 23:24:06,905 - INFO - [The Hindu] Early skip: URL https://www.thehindu.com/news/national/karnataka/bjp-demands-judicial-inquiry-into-killing-of-three-persons/article71353197.ece already exists.
2026-08-16 23:24:06,906 - INFO - [The Hindu] Early skip: URL https://www.thehindu.com/news/national/telangana/two-of-pardhi-gang-arrested-for-11-house-burglaries-across-telangana/article71353175.ece already exists.
2026-08-16 23:24:06,908 - INFO - [The Hindu] Early skip: URL https://www.thehindu.com/news/national/andhra-pradesh/ysrcp-demands-immediate-reinstatement-of-suspended-teachers/article71352983.ece already exists.
2026-08-16 23:24:06,911 - INFO - [The Hindu] Early skip: URL https://www.thehindu.com/news/national/andhra-pradesh/state-draws-inspiration-from-freedom-fighter-gouthu-latchannas-ideals-say-ministers/article71353454.ece already exists.
2026-08-16 23:24:06,913 - INFO - [The Hindu] Early skip: URL https://www.thehindu.com/news/national/telangana/nmdc-marks-5315-mt-production-targets-60-mt-in-fy27-and-100-mt-by-2030/article71353118.ece already exists.
2026-08-16 23:24:06,914 - INFO - [The Hindu] (Thread) Finished. Attempting to shut down its Selenium driver.
2026-08-16 23:24:07,184 - INFO - [The Hindu] (Thread) driver.quit() successful.
2026-08-16 23:24:08,557 - INFO - [Al Jazeera] Article: https://www.aljazeera.com/video/newsfeed/2026/8/16/16-08-clip-erdogan-gaza-tr?traffic_source=rss
2026-08-16 23:24:08,557 - INFO - [Al Jazeera] Attempt 2/2: Trying with 'selenium_browser' strategy...
2026-08-16 23:24:09,785 - INFO - [Wired] Page content loaded.
2026-08-16 23:24:09,786 - ERROR - Error saving article India, Canada aim to conclude CEPA trade pact by end-2026: MEA - The Economic Times: Hrana: `stream error: `Error { message: "SQLite error: UNIQUE constraint failed: articles.url", code: "SQLITE_CONSTRAINT" }``
2026-08-16 23:24:10,592 - INFO - [Wired] Success with 'selenium_browser'. Found content (1140 words).
2026-08-16 23:24:10,686 - INFO - [Economic Times] Article: https://economictimes.indiatimes.com/news/economy/infrastructure/govts-urban-reset-centre-divides-ministry-of-housing-and-urban-affairs-into-two-specialised-verticals/articleshow/132812900.cms
2026-08-16 23:24:10,692 - INFO - [Economic Times] Attempt 1/2: Trying with 'requests_browser' strategy...
2026-08-16 23:24:13,422 - ERROR - Error saving article Google Workspace Promo Codes: 14% Off for August 2026 | WIRED: Hrana: `stream error: `Error { message: "SQLite error: UNIQUE constraint failed: articles.url", code: "SQLITE_CONSTRAINT" }``
2026-08-16 23:24:13,693 - INFO - [Economic Times] Success with 'requests_browser'. Found content (244 words).
2026-08-16 23:24:15,271 - INFO - [Wired] Early skip: URL https://www.wired.com/story/new-york-city-lawmakers-push-to-ban-the-scan-at-msg/ already exists.
2026-08-16 23:24:15,676 - INFO - [Wired] Article: https://www.wired.com/story/the-8-best-movies-to-stream-right-now/
2026-08-16 23:24:15,676 - INFO - [Wired] Attempt 1/2: Trying with 'requests_browser' strategy...
2026-08-16 23:24:16,500 - ERROR - Error saving article Govt's urban reset: Centre divides ministry of Housing and Urban Affairs into two specialised verticals - The Economic Times: Hrana: `stream error: `Error { message: "SQLite error: UNIQUE constraint failed: articles.url", code: "SQLITE_CONSTRAINT" }``
2026-08-16 23:24:16,613 - ERROR - parsed tree length: 1, wrong data type or not valid HTML
2026-08-16 23:24:16,614 - ERROR - empty HTML tree: None
2026-08-16 23:24:16,614 - WARNING - discarding data: None
2026-08-16 23:24:16,614 - WARNING - [Wired] FAILED with 'requests_browser' (content was too short: 0 words).
2026-08-16 23:24:17,152 - INFO - [Wired] Article: https://www.wired.com/story/the-8-best-movies-to-stream-right-now/
2026-08-16 23:24:17,152 - INFO - [Wired] Attempt 2/2: Trying with 'selenium_browser' strategy...
2026-08-16 23:24:17,940 - INFO - [Economic Times] Article: https://economictimes.indiatimes.com/news/economy/foreign-trade/india-uk-ceta-takes-effect-first-zero-duty-indian-coffee-jewellery-consignments-reach-uk-shores/articleshow/132442764.cms
2026-08-16 23:24:17,940 - INFO - [Economic Times] Attempt 1/2: Trying with 'requests_browser' strategy...
2026-08-16 23:24:18,407 - INFO - [Economic Times] Success with 'requests_browser'. Found content (946 words).
2026-08-16 23:24:21,120 - ERROR - Error saving article India-UK CETA takes effect: First zero-duty Indian coffee, jewellery consignments reach UK shores - The Economic Times: Hrana: `stream error: `Error { message: "SQLite error: UNIQUE constraint failed: articles.url", code: "SQLITE_CONSTRAINT" }``
2026-08-16 23:24:21,561 - INFO - [Al Jazeera] Page content loaded.
2026-08-16 23:24:21,990 - WARNING - [Al Jazeera] FAILED with 'selenium_browser' (content was too short: 79 words).
2026-08-16 23:24:21,990 - ERROR - [Al Jazeera] All scrape strategies failed for https://www.aljazeera.com/video/newsfeed/2026/8/16/16-08-clip-erdogan-gaza-tr?traffic_source=rss. Falling back to RSS description.
2026-08-16 23:24:21,991 - WARNING - SKIPPED (GLOBAL WORD LIMIT): Article 'Erdogan says Hamas acted sincerely, criticises Israeli attacks' from Al Jazeera has only 16 words (Min: 90).
2026-08-16 23:24:22,416 - INFO - [Economic Times] Article: https://economictimes.indiatimes.com/news/economy/foreign-trade/from-oman-to-tanzania-how-the-iran-war-is-redrawing-indias-trade-map/articleshow/131762760.cms
2026-08-16 23:24:22,416 - INFO - [Economic Times] Attempt 1/2: Trying with 'requests_browser' strategy...
2026-08-16 23:24:22,517 - INFO - [Wired] Page content loaded.
2026-08-16 23:24:22,691 - INFO - [Al Jazeera] Early skip: URL https://www.aljazeera.com/news/2026/8/16/us-admiral-praises-uss-lincoln-crew-amid-reported-mental-health-concerns?traffic_source=rss already exists.
2026-08-16 23:24:22,695 - INFO - [Al Jazeera] Early skip: URL https://www.aljazeera.com/news/2026/8/16/brazil-lula-bolsonaro-return-to-strongholds-to-launch-runs-for-president?traffic_source=rss already exists.
2026-08-16 23:24:22,698 - INFO - [Al Jazeera] Early skip: URL https://www.aljazeera.com/news/2026/8/16/us-iran-mou-is-set-to-expire-what-to-know?traffic_source=rss already exists.
2026-08-16 23:24:22,700 - INFO - [Al Jazeera] Article: https://www.aljazeera.com/video/newsfeed/2026/8/16/16-08-sv-senegal-boat-tradition-sn?traffic_source=rss
2026-08-16 23:24:22,700 - INFO - [Al Jazeera] Attempt 1/2: Trying with 'requests_browser' strategy...
2026-08-16 23:24:22,790 - WARNING - [Al Jazeera] FAILED with 'requests_browser' (content was too short: 44 words).
2026-08-16 23:24:22,876 - INFO - [Economic Times] Success with 'requests_browser'. Found content (385 words).
2026-08-16 23:24:24,383 - INFO - [Al Jazeera] Article: https://www.aljazeera.com/video/newsfeed/2026/8/16/16-08-sv-senegal-boat-tradition-sn?traffic_source=rss
2026-08-16 23:24:24,383 - INFO - [Al Jazeera] Attempt 2/2: Trying with 'selenium_browser' strategy...
2026-08-16 23:24:25,687 - ERROR - Error saving article From Oman to Tanzania: How the Iran war is redrawing India’s trade map - The Economic Times: Hrana: `stream error: `Error { message: "SQLite error: UNIQUE constraint failed: articles.url", code: "SQLITE_CONSTRAINT" }``
2026-08-16 23:24:25,794 - INFO - [Wired] Success with 'selenium_browser'. Found content (251 words).
2026-08-16 23:24:27,196 - INFO - [Economic Times] Article: https://economictimes.indiatimes.com/news/economy/policy/fm-sitharaman-flags-global-crisis-spillovers-unfair-burden-on-developing-nations/articleshow/131668427.cms
2026-08-16 23:24:27,196 - INFO - [Economic Times] Attempt 1/2: Trying with 'requests_browser' strategy...
2026-08-16 23:24:28,416 - ERROR - Error saving article The Best Movies to Stream This Month (August 2026) | WIRED: Hrana: `stream error: `Error { message: "SQLite error: UNIQUE constraint failed: articles.url", code: "SQLITE_CONSTRAINT" }``
2026-08-16 23:24:28,425 - INFO - [Al Jazeera] Page content loaded.
2026-08-16 23:24:28,469 - INFO - [Economic Times] Success with 'requests_browser'. Found content (317 words).
2026-08-16 23:24:28,568 - WARNING - [Al Jazeera] FAILED with 'selenium_browser' (content was too short: 44 words).
2026-08-16 23:24:28,568 - ERROR - [Al Jazeera] All scrape strategies failed for https://www.aljazeera.com/video/newsfeed/2026/8/16/16-08-sv-senegal-boat-tradition-sn?traffic_source=rss. Falling back to RSS description.
2026-08-16 23:24:28,569 - WARNING - SKIPPED (GLOBAL WORD LIMIT): Article 'Senegal’s Saint-Louis Regatta keeps centuries of tradition alive' from Al Jazeera has only 9 words (Min: 90).
2026-08-16 23:24:29,825 - INFO - [Wired] Early skip: URL https://www.wired.com/story/unitree-influencer-4-foot-robot-from-china/ already exists.
2026-08-16 23:24:29,825 - INFO - [Al Jazeera] Article: https://www.aljazeera.com/video/newsfeed/2026/8/16/anti-corruption-raids-in-baghdad-as-dozens-of-officials-arrested?traffic_source=rss
2026-08-16 23:24:30,229 - INFO - [Al Jazeera] Attempt 1/2: Trying with 'requests_browser' strategy...
2026-08-16 23:24:30,231 - INFO - [Wired] Early skip: URL https://www.wired.com/story/tech-visionary-says-the-big-ai-labs-dont-get-what-people-want/ already exists.
2026-08-16 23:24:31,037 - ERROR - Error saving article FM Sitharaman flags global crisis spillovers, unfair burden on developing nations - The Economic Times: Hrana: `stream error: `Error { message: "SQLite error: UNIQUE constraint failed: articles.url", code: "SQLITE_CONSTRAINT" }``
2026-08-16 23:24:31,038 - INFO - [Wired] Article: https://www.wired.com/gallery/best-wireless-chargers/
2026-08-16 23:24:31,039 - INFO - [Wired] Attempt 1/2: Trying with 'requests_browser' strategy...
2026-08-16 23:24:31,057 - WARNING - [Al Jazeera] FAILED with 'requests_browser' (content was too short: 57 words).
2026-08-16 23:24:31,157 - ERROR - parsed tree length: 1, wrong data type or not valid HTML
2026-08-16 23:24:31,158 - ERROR - empty HTML tree: None
2026-08-16 23:24:31,158 - WARNING - discarding data: None
2026-08-16 23:24:31,158 - WARNING - [Wired] FAILED with 'requests_browser' (content was too short: 0 words).
2026-08-16 23:24:31,799 - INFO - [Al Jazeera] Article: https://www.aljazeera.com/video/newsfeed/2026/8/16/anti-corruption-raids-in-baghdad-as-dozens-of-officials-arrested?traffic_source=rss
2026-08-16 23:24:31,800 - INFO - [Al Jazeera] Attempt 2/2: Trying with 'selenium_browser' strategy...
2026-08-16 23:24:31,967 - INFO - [Wired] Article: https://www.wired.com/gallery/best-wireless-chargers/
2026-08-16 23:24:31,967 - INFO - [Wired] Attempt 2/2: Trying with 'selenium_browser' strategy...
2026-08-16 23:24:32,206 - INFO - [Economic Times] Article: https://economictimes.indiatimes.com/tech/technology/apple-faces-indian-engineers-bias-lawsuit/articleshow/81694292.cms
2026-08-16 23:24:32,206 - INFO - [Economic Times] Attempt 1/2: Trying with 'requests_browser' strategy...
2026-08-16 23:24:32,483 - INFO - [Al Jazeera] Page content loaded.
2026-08-16 23:24:32,591 - ERROR - parsed tree length: 1, wrong data type or not valid HTML
2026-08-16 23:24:32,593 - ERROR - empty HTML tree: None
2026-08-16 23:24:32,593 - WARNING - discarding data: None
2026-08-16 23:24:32,593 - WARNING - [Economic Times] FAILED with 'requests_browser' (content was too short: 0 words).
2026-08-16 23:24:32,637 - WARNING - [Al Jazeera] FAILED with 'selenium_browser' (content was too short: 57 words).
2026-08-16 23:24:32,637 - ERROR - [Al Jazeera] All scrape strategies failed for https://www.aljazeera.com/video/newsfeed/2026/8/16/anti-corruption-raids-in-baghdad-as-dozens-of-officials-arrested?traffic_source=rss. Falling back to RSS description.
2026-08-16 23:24:32,638 - WARNING - SKIPPED (GLOBAL WORD LIMIT): Article 'Anti-corruption raids in Baghdad as dozens of officials arrested' from Al Jazeera has only 17 words (Min: 90).
2026-08-16 23:24:33,114 - INFO - [Economic Times] Article: https://economictimes.indiatimes.com/tech/technology/apple-faces-indian-engineers-bias-lawsuit/articleshow/81694292.cms
2026-08-16 23:24:33,115 - INFO - [Economic Times] Attempt 2/2: Trying with 'selenium_browser' strategy...
2026-08-16 23:24:33,922 - INFO - [Al Jazeera] Article: https://www.aljazeera.com/video/newsfeed/2026/8/16/erdogan-says-israeli-attacks-on-lebanon-are-a-serious-concern-for-turkiye?traffic_source=rss
2026-08-16 23:24:33,922 - INFO - [Al Jazeera] Attempt 1/2: Trying with 'requests_browser' strategy...
2026-08-16 23:24:34,001 - WARNING - [Al Jazeera] FAILED with 'requests_browser' (content was too short: 62 words).
2026-08-16 23:24:34,796 - INFO - [Al Jazeera] Article: https://www.aljazeera.com/video/newsfeed/2026/8/16/erdogan-says-israeli-attacks-on-lebanon-are-a-serious-concern-for-turkiye?traffic_source=rss
2026-08-16 23:24:34,796 - INFO - [Al Jazeera] Attempt 2/2: Trying with 'selenium_browser' strategy...
2026-08-16 23:24:34,827 - INFO - [Economic Times] Page content loaded.
2026-08-16 23:24:35,294 - INFO - [Economic Times] Success with 'selenium_browser'. Found content (743 words).
2026-08-16 23:24:35,319 - INFO - [Wired] Page content loaded.
2026-08-16 23:24:37,963 - INFO - [Al Jazeera] Page content loaded.
2026-08-16 23:24:37,979 - ERROR - Error saving article Apple faces Indian engineer’s bias lawsuit - The Economic Times: Hrana: `stream error: `Error { message: "SQLite error: UNIQUE constraint failed: articles.url", code: "SQLITE_CONSTRAINT" }``
2026-08-16 23:24:38,189 - WARNING - [Al Jazeera] FAILED with 'selenium_browser' (content was too short: 62 words).
2026-08-16 23:24:38,189 - ERROR - [Al Jazeera] All scrape strategies failed for https://www.aljazeera.com/video/newsfeed/2026/8/16/erdogan-says-israeli-attacks-on-lebanon-are-a-serious-concern-for-turkiye?traffic_source=rss. Falling back to RSS description.
2026-08-16 23:24:38,189 - WARNING - SKIPPED (GLOBAL WORD LIMIT): Article 'Erdogan says Israeli attacks on Lebanon are a serious concern for Türkiye' from Al Jazeera has only 17 words (Min: 90).
2026-08-16 23:24:38,512 - INFO - [Wired] Success with 'selenium_browser'. Found content (2184 words).
2026-08-16 23:24:38,994 - INFO - [Economic Times] Article: https://economictimes.indiatimes.com/news/defence/despite-transatlantic-love-fest-eu-charts-third-way-in-ties-with-us-and-china/articleshow/81467467.cms
2026-08-16 23:24:38,994 - INFO - [Economic Times] Attempt 1/2: Trying with 'requests_browser' strategy...
2026-08-16 23:24:39,166 - INFO - [Al Jazeera] Early skip: URL https://www.aljazeera.com/news/2026/8/16/kushner-meets-hamas-in-egypt-to-push-trumps-gaza-plan?traffic_source=rss already exists.
2026-08-16 23:24:39,167 - INFO - [Al Jazeera] Article: https://www.aljazeera.com/video/newsfeed/2026/8/16/16-08-clip-erdogan-hormuz-tr?traffic_source=rss
2026-08-16 23:24:39,169 - INFO - [Al Jazeera] Attempt 1/2: Trying with 'requests_browser' strategy...
2026-08-16 23:24:39,305 - WARNING - [Al Jazeera] FAILED with 'requests_browser' (content was too short: 68 words).
2026-08-16 23:24:41,288 - INFO - [Al Jazeera] Article: https://www.aljazeera.com/video/newsfeed/2026/8/16/16-08-clip-erdogan-hormuz-tr?traffic_source=rss
2026-08-16 23:24:41,288 - INFO - [Al Jazeera] Attempt 2/2: Trying with 'selenium_browser' strategy...
2026-08-16 23:24:42,195 - ERROR - Error saving article Best Wireless Chargers (2026): My Picks After Testing 100+ | WIRED: Hrana: `stream error: `Error { message: "SQLite error: UNIQUE constraint failed: articles.url", code: "SQLITE_CONSTRAINT" }``
2026-08-16 23:24:42,479 - INFO - [Economic Times] Success with 'requests_browser'. Found content (799 words).
2026-08-16 23:24:44,638 - INFO - [Wired] Early skip: URL https://www.wired.com/story/best-paper-planners/ already exists.
2026-08-16 23:24:45,042 - INFO - [Wired] Early skip: URL https://www.wired.com/story/ftc-strikes-deals-to-ignore-unlawful-credit-discrimination/ already exists.
2026-08-16 23:24:45,947 - INFO - [Al Jazeera] Page content loaded.
2026-08-16 23:24:45,949 - INFO - [Wired] Early skip: URL https://www.wired.com/story/these-masturbation-consultants-were-hired-to-pleasure-themselves-using-ai/ already exists.
2026-08-16 23:24:45,949 - ERROR - Error saving article Despite transatlantic 'love fest', EU charts third way in ties with US and China - The Economic Times: Hrana: `stream error: `Error { message: "SQLite error: UNIQUE constraint failed: articles.url", code: "SQLITE_CONSTRAINT" }``
2026-08-16 23:24:45,950 - INFO - [Wired] Early skip: URL https://www.wired.com/gallery/best-pixel-10-cases-and-accessories/ already exists.
2026-08-16 23:24:45,951 - INFO - [Wired] Early skip: URL https://www.wired.com/story/i-wore-a-pepper-electrical-muscle-stimulation-body-suit-to-zap-myself-into-fitness/ already exists.
2026-08-16 23:24:45,953 - INFO - [Wired] Early skip: URL https://www.wired.com/story/people-are-marrying-chatbots-these-lawmakers-want-to-stop-them/ already exists.
2026-08-16 23:24:45,954 - INFO - [Wired] Early skip: URL https://www.wired.com/galaxy-brain/ already exists.
2026-08-16 23:24:45,956 - INFO - [Wired] Early skip: URL https://www.wired.com/story/best-monitors/ already exists.
2026-08-16 23:24:45,957 - INFO - [Wired] Early skip: URL https://www.wired.com/story/brain-focused-ultrasound/ already exists.
2026-08-16 23:24:45,958 - INFO - [Wired] Early skip: URL https://www.wired.com/story/this-art-project-slows-down-citi-bikes-to-make-nycs-rent-crisis-feel-real/ already exists.
2026-08-16 23:24:45,962 - INFO - [Wired] Early skip: URL https://www.wired.com/review/dell-xps-13-2026/ already exists.
2026-08-16 23:24:45,967 - INFO - [Wired] Early skip: URL https://www.wired.com/story/real-reason-data-center-gas-power-plants-are-so-dirty/ already exists.
2026-08-16 23:24:45,969 - INFO - [Wired] Article: https://www.wired.com/story/layla-sleep-coupon/
2026-08-16 23:24:45,969 - INFO - [Wired] Attempt 1/2: Trying with 'requests_browser' strategy...
2026-08-16 23:24:46,125 - ERROR - parsed tree length: 1, wrong data type or not valid HTML
2026-08-16 23:24:46,125 - ERROR - empty HTML tree: None
2026-08-16 23:24:46,125 - WARNING - discarding data: None
2026-08-16 23:24:46,125 - WARNING - [Wired] FAILED with 'requests_browser' (content was too short: 0 words).
2026-08-16 23:24:46,661 - INFO - [Economic Times] Article: https://economictimes.indiatimes.com/tech/tech-bytes/twitters-india-policy-head-to-step-down-will-transition-in-march/articleshow/80732868.cms
2026-08-16 23:24:46,661 - INFO - [Economic Times] Attempt 1/2: Trying with 'requests_browser' strategy...
2026-08-16 23:24:46,860 - WARNING - [Al Jazeera] FAILED with 'selenium_browser' (content was too short: 68 words).
2026-08-16 23:24:46,863 - ERROR - [Al Jazeera] All scrape strategies failed for https://www.aljazeera.com/video/newsfeed/2026/8/16/16-08-clip-erdogan-hormuz-tr?traffic_source=rss. Falling back to RSS description.
2026-08-16 23:24:46,863 - WARNING - SKIPPED (GLOBAL WORD LIMIT): Article 'Erdogan calls for Strait of Hormuz reopening amid oil disruption' from Al Jazeera has only 14 words (Min: 90).
2026-08-16 23:24:47,012 - INFO - [Wired] Article: https://www.wired.com/story/layla-sleep-coupon/
2026-08-16 23:24:47,012 - INFO - [Wired] Attempt 2/2: Trying with 'selenium_browser' strategy...
2026-08-16 23:24:47,116 - ERROR - parsed tree length: 1, wrong data type or not valid HTML
2026-08-16 23:24:47,116 - ERROR - empty HTML tree: None
2026-08-16 23:24:47,116 - WARNING - discarding data: None
2026-08-16 23:24:47,116 - WARNING - [Economic Times] FAILED with 'requests_browser' (content was too short: 0 words).
2026-08-16 23:24:47,799 - INFO - [Economic Times] Article: https://economictimes.indiatimes.com/tech/tech-bytes/twitters-india-policy-head-to-step-down-will-transition-in-march/articleshow/80732868.cms
2026-08-16 23:24:47,799 - INFO - [Economic Times] Attempt 2/2: Trying with 'selenium_browser' strategy...
2026-08-16 23:24:48,278 - INFO - [Al Jazeera] Article: https://www.aljazeera.com/video/newsfeed/2026/8/16/former-israeli-captive-asks-ben-gvir-to-let-him-execute-palestinian-prisone?traffic_source=rss
2026-08-16 23:24:48,278 - INFO - [Al Jazeera] Attempt 1/2: Trying with 'requests_browser' strategy...
2026-08-16 23:24:48,440 - WARNING - [Al Jazeera] FAILED with 'requests_browser' (content was too short: 71 words).
2026-08-16 23:24:49,085 - INFO - [Al Jazeera] Article: https://www.aljazeera.com/video/newsfeed/2026/8/16/former-israeli-captive-asks-ben-gvir-to-let-him-execute-palestinian-prisone?traffic_source=rss
2026-08-16 23:24:49,085 - INFO - [Al Jazeera] Attempt 2/2: Trying with 'selenium_browser' strategy...
2026-08-16 23:24:51,043 - INFO - [Wired] Page content loaded.
2026-08-16 23:24:51,066 - INFO - [Al Jazeera] Page content loaded.
2026-08-16 23:24:51,180 - WARNING - [Al Jazeera] FAILED with 'selenium_browser' (content was too short: 71 words).
2026-08-16 23:24:51,180 - ERROR - [Al Jazeera] All scrape strategies failed for https://www.aljazeera.com/video/newsfeed/2026/8/16/former-israeli-captive-asks-ben-gvir-to-let-him-execute-palestinian-prisone?traffic_source=rss. Falling back to RSS description.
2026-08-16 23:24:51,180 - WARNING - SKIPPED (GLOBAL WORD LIMIT): Article 'Former Israeli captive asks Ben-Gvir to let him execute Palestinian prisone' from Al Jazeera has only 17 words (Min: 90).
2026-08-16 23:24:51,821 - INFO - [Wired] Success with 'selenium_browser'. Found content (482 words).
2026-08-16 23:24:52,152 - INFO - [Economic Times] Page content loaded.
2026-08-16 23:24:53,485 - INFO - [Al Jazeera] Article: https://www.aljazeera.com/video/newsfeed/2026/8/16/israeli-army-besieges-palestinian-homes-in-occupied-west-bank?traffic_source=rss
2026-08-16 23:24:53,892 - INFO - [Al Jazeera] Attempt 1/2: Trying with 'requests_browser' strategy...
2026-08-16 23:24:54,738 - ERROR - Error saving article Layla Sleep Coupon: Save Up to $600 in August 2026 | WIRED: Hrana: `stream error: `Error { message: "SQLite error: UNIQUE constraint failed: articles.url", code: "SQLITE_CONSTRAINT" }``
2026-08-16 23:24:54,792 - INFO - [Economic Times] Success with 'selenium_browser'. Found content (615 words).
2026-08-16 23:24:54,870 - WARNING - [Al Jazeera] FAILED with 'requests_browser' (content was too short: 64 words).
2026-08-16 23:24:56,282 - INFO - [Wired] Article: https://www.wired.com/story/office-depot-promo-codes/
2026-08-16 23:24:56,283 - INFO - [Al Jazeera] Article: https://www.aljazeera.com/video/newsfeed/2026/8/16/israeli-army-besieges-palestinian-homes-in-occupied-west-bank?traffic_source=rss
2026-08-16 23:24:56,686 - INFO - [Wired] Attempt 1/2: Trying with 'requests_browser' strategy...
2026-08-16 23:24:57,520 - INFO - [Al Jazeera] Attempt 2/2: Trying with 'selenium_browser' strategy...
2026-08-16 23:24:57,521 - ERROR - Error saving article Twitter's India policy head, Mahima Kaul, to step down; will transition in March - The Economic Times: Hrana: `stream error: `Error { message: "SQLite error: UNIQUE constraint failed: articles.url", code: "SQLITE_CONSTRAINT" }``
2026-08-16 23:24:57,620 - ERROR - parsed tree length: 1, wrong data type or not valid HTML
2026-08-16 23:24:57,620 - ERROR - empty HTML tree: None
2026-08-16 23:24:57,620 - WARNING - discarding data: None
2026-08-16 23:24:57,620 - WARNING - [Wired] FAILED with 'requests_browser' (content was too short: 0 words).
2026-08-16 23:24:58,181 - INFO - [Wired] Article: https://www.wired.com/story/office-depot-promo-codes/
2026-08-16 23:24:58,182 - INFO - [Wired] Attempt 2/2: Trying with 'selenium_browser' strategy...
2026-08-16 23:24:58,391 - INFO - [Al Jazeera] Page content loaded.
2026-08-16 23:24:58,503 - WARNING - [Al Jazeera] FAILED with 'selenium_browser' (content was too short: 64 words).
2026-08-16 23:24:58,503 - ERROR - [Al Jazeera] All scrape strategies failed for https://www.aljazeera.com/video/newsfeed/2026/8/16/israeli-army-besieges-palestinian-homes-in-occupied-west-bank?traffic_source=rss. Falling back to RSS description.
2026-08-16 23:24:58,503 - WARNING - SKIPPED (GLOBAL WORD LIMIT): Article 'Israeli army besieges Palestinian homes in occupied West Bank' from Al Jazeera has only 16 words (Min: 90).
2026-08-16 23:24:58,776 - INFO - [Economic Times] Article: https://economictimes.indiatimes.com/tech/tech-and-gadgets/govt-may-keep-rs-7500-cr-outlay-for-it-hardware-manufacturing-under-pli-scheme/articleshow/80333429.cms
2026-08-16 23:24:58,776 - INFO - [Economic Times] Attempt 1/2: Trying with 'requests_browser' strategy...
2026-08-16 23:24:59,198 - INFO - [Al Jazeera] Early skip: URL https://www.aljazeera.com/video/the-bottom-line/2026/8/16/why-are-sandwiches-more-regulated-than-ai?traffic_source=rss already exists.
2026-08-16 23:24:59,202 - INFO - [Al Jazeera] Early skip: URL https://www.aljazeera.com/news/2026/8/16/water-and-salt-qusra-residents-trapped-in-israeli-settler-siege?traffic_source=rss already exists.
2026-08-16 23:24:59,204 - INFO - [Al Jazeera] Early skip: URL https://www.aljazeera.com/sports/2026/8/16/cristiano-ronaldo-hints-at-retirement-at-the-end-of-the-football-season?traffic_source=rss already exists.
2026-08-16 23:24:59,207 - INFO - [Al Jazeera] Early skip: URL https://www.aljazeera.com/sports/2026/8/16/arsenal-cruise-to-3-0-win-over-manchester-city-in-community-shield?traffic_source=rss already exists.
2026-08-16 23:24:59,208 - INFO - [Al Jazeera] Article: https://www.aljazeera.com/video/newsfeed/2026/8/16/moroccan-migrants-stage-sit-in-as-thousands-remain-stranded-in-ceuta?traffic_source=rss
2026-08-16 23:24:59,209 - INFO - [Al Jazeera] Attempt 1/2: Trying with 'requests_browser' strategy...
2026-08-16 23:24:59,263 - ERROR - parsed tree length: 1, wrong data type or not valid HTML
2026-08-16 23:24:59,263 - ERROR - empty HTML tree: None
2026-08-16 23:24:59,263 - WARNING - discarding data: None
2026-08-16 23:24:59,263 - WARNING - [Economic Times] FAILED with 'requests_browser' (content was too short: 0 words).
2026-08-16 23:24:59,283 - WARNING - [Al Jazeera] FAILED with 'requests_browser' (content was too short: 60 words).
2026-08-16 23:24:59,867 - INFO - [Wired] Page content loaded.
2026-08-16 23:25:00,051 - INFO - [Economic Times] Article: https://economictimes.indiatimes.com/tech/tech-and-gadgets/govt-may-keep-rs-7500-cr-outlay-for-it-hardware-manufacturing-under-pli-scheme/articleshow/80333429.cms
2026-08-16 23:25:00,051 - INFO - [Economic Times] Attempt 2/2: Trying with 'selenium_browser' strategy...
2026-08-16 23:25:00,102 - INFO - [Al Jazeera] Article: https://www.aljazeera.com/video/newsfeed/2026/8/16/moroccan-migrants-stage-sit-in-as-thousands-remain-stranded-in-ceuta?traffic_source=rss
2026-08-16 23:25:00,104 - INFO - [Al Jazeera] Attempt 2/2: Trying with 'selenium_browser' strategy...
2026-08-16 23:25:00,402 - INFO - [Wired] Success with 'selenium_browser'. Found content (1098 words).
2026-08-16 23:25:03,228 - ERROR - Error saving article Office Depot Coupons: Save With Promo Codes in August 2026 | WIRED: Hrana: `stream error: `Error { message: "SQLite error: UNIQUE constraint failed: articles.url", code: "SQLITE_CONSTRAINT" }``
2026-08-16 23:25:03,258 - INFO - [Al Jazeera] Page content loaded.
2026-08-16 23:25:03,340 - WARNING - [Al Jazeera] FAILED with 'selenium_browser' (content was too short: 60 words).
2026-08-16 23:25:03,341 - ERROR - [Al Jazeera] All scrape strategies failed for https://www.aljazeera.com/video/newsfeed/2026/8/16/moroccan-migrants-stage-sit-in-as-thousands-remain-stranded-in-ceuta?traffic_source=rss. Falling back to RSS description.
2026-08-16 23:25:03,342 - WARNING - SKIPPED (GLOBAL WORD LIMIT): Article 'Moroccan migrants stage sit-in as thousands remain stranded in Ceuta' from Al Jazeera has only 17 words (Min: 90).
2026-08-16 23:25:03,355 - INFO - [Economic Times] Page content loaded.
2026-08-16 23:25:03,603 - INFO - [Economic Times] Success with 'selenium_browser'. Found content (481 words).
2026-08-16 23:25:04,989 - INFO - [Wired] Article: https://www.wired.com/story/hellofresh-coupon/
2026-08-16 23:25:04,989 - INFO - [Wired] Attempt 1/2: Trying with 'requests_browser' strategy...
2026-08-16 23:25:04,991 - INFO - [Al Jazeera] Article: https://www.aljazeera.com/video/newsfeed/2026/8/16/16-08-sv-ukraine-largest-drone-attack-russia-ua?traffic_source=rss
2026-08-16 23:25:05,398 - INFO - [Al Jazeera] Attempt 1/2: Trying with 'requests_browser' strategy...
2026-08-16 23:25:06,280 - ERROR - Error saving article Govt may keep Rs 7,500 cr outlay for IT hardware manufacturing under PLI scheme - The Economic Times: Hrana: `stream error: `Error { message: "SQLite error: UNIQUE constraint failed: articles.url", code: "SQLITE_CONSTRAINT" }``
2026-08-16 23:25:06,298 - WARNING - [Al Jazeera] FAILED with 'requests_browser' (content was too short: 56 words).
2026-08-16 23:25:06,373 - ERROR - parsed tree length: 1, wrong data type or not valid HTML
2026-08-16 23:25:06,373 - ERROR - empty HTML tree: None
2026-08-16 23:25:06,373 - WARNING - discarding data: None
2026-08-16 23:25:06,373 - WARNING - [Wired] FAILED with 'requests_browser' (content was too short: 0 words).
2026-08-16 23:25:06,958 - INFO - [Al Jazeera] Article: https://www.aljazeera.com/video/newsfeed/2026/8/16/16-08-sv-ukraine-largest-drone-attack-russia-ua?traffic_source=rss
2026-08-16 23:25:06,959 - INFO - [Al Jazeera] Attempt 2/2: Trying with 'selenium_browser' strategy...
2026-08-16 23:25:07,306 - INFO - [Wired] Article: https://www.wired.com/story/hellofresh-coupon/
2026-08-16 23:25:07,306 - INFO - [Wired] Attempt 2/2: Trying with 'selenium_browser' strategy...
2026-08-16 23:25:07,578 - INFO - [Economic Times] Article: https://economictimes.indiatimes.com/tech/technology/indian-dating-apps-services-see-surge-of-paying-users-in-small-cities/articleshow/80063342.cms
2026-08-16 23:25:07,578 - INFO - [Economic Times] Attempt 1/2: Trying with 'requests_browser' strategy...
2026-08-16 23:25:07,664 - INFO - [Al Jazeera] Page content loaded.
2026-08-16 23:25:07,804 - WARNING - [Al Jazeera] FAILED with 'selenium_browser' (content was too short: 56 words).
2026-08-16 23:25:07,804 - ERROR - [Al Jazeera] All scrape strategies failed for https://www.aljazeera.com/video/newsfeed/2026/8/16/16-08-sv-ukraine-largest-drone-attack-russia-ua?traffic_source=rss. Falling back to RSS description.
2026-08-16 23:25:07,804 - WARNING - SKIPPED (GLOBAL WORD LIMIT): Article 'Largest Ukrainian drone attack on Russia, Moscow says 822 drones shot down' from Al Jazeera has only 18 words (Min: 90).
2026-08-16 23:25:08,023 - ERROR - parsed tree length: 1, wrong data type or not valid HTML
2026-08-16 23:25:08,023 - ERROR - empty HTML tree: None
2026-08-16 23:25:08,023 - WARNING - discarding data: None
2026-08-16 23:25:08,023 - WARNING - [Economic Times] FAILED with 'requests_browser' (content was too short: 0 words).
2026-08-16 23:25:08,440 - INFO - [Al Jazeera] Early skip: URL https://www.aljazeera.com/news/2026/8/16/hurricane-lala-weakens-to-a-tropical-storm-but-flooding-persists-in-hawaii?traffic_source=rss already exists.
2026-08-16 23:25:08,442 - INFO - [Al Jazeera] Early skip: URL https://www.aljazeera.com/video/talk-to-al-jazeera/2026/8/16/the-mediterranean-is-a-bridge-not-a?traffic_source=rss already exists.
2026-08-16 23:25:08,444 - INFO - [Al Jazeera] Article: https://www.aljazeera.com/video/newsfeed/2026/8/16/ben-gvir-calls-for-nightly-killings-of-palestinians-in-gaza?traffic_source=rss
2026-08-16 23:25:08,444 - INFO - [Al Jazeera] Attempt 1/2: Trying with 'requests_browser' strategy...
2026-08-16 23:25:08,507 - WARNING - [Al Jazeera] FAILED with 'requests_browser' (content was too short: 65 words).
2026-08-16 23:25:08,551 - INFO - [Economic Times] Article: https://economictimes.indiatimes.com/tech/technology/indian-dating-apps-services-see-surge-of-paying-users-in-small-cities/articleshow/80063342.cms
2026-08-16 23:25:08,551 - INFO - [Economic Times] Attempt 2/2: Trying with 'selenium_browser' strategy...
2026-08-16 23:25:09,081 - INFO - [Al Jazeera] Article: https://www.aljazeera.com/video/newsfeed/2026/8/16/ben-gvir-calls-for-nightly-killings-of-palestinians-in-gaza?traffic_source=rss
2026-08-16 23:25:09,081 - INFO - [Al Jazeera] Attempt 2/2: Trying with 'selenium_browser' strategy...
2026-08-16 23:25:09,826 - INFO - [Wired] Page content loaded.
2026-08-16 23:25:10,285 - INFO - [Wired] Success with 'selenium_browser'. Found content (1253 words).
2026-08-16 23:25:12,982 - INFO - [Al Jazeera] Page content loaded.
2026-08-16 23:25:12,982 - ERROR - Error saving article HelloFresh Promo Codes: 55% Off for August 2026 | WIRED: Hrana: `stream error: `Error { message: "SQLite error: UNIQUE constraint failed: articles.url", code: "SQLITE_CONSTRAINT" }``
2026-08-16 23:25:12,983 - INFO - [Economic Times] Page content loaded.
2026-08-16 23:25:13,058 - WARNING - [Al Jazeera] FAILED with 'selenium_browser' (content was too short: 65 words).
2026-08-16 23:25:13,059 - ERROR - [Al Jazeera] All scrape strategies failed for https://www.aljazeera.com/video/newsfeed/2026/8/16/ben-gvir-calls-for-nightly-killings-of-palestinians-in-gaza?traffic_source=rss. Falling back to RSS description.
2026-08-16 23:25:13,059 - WARNING - SKIPPED (GLOBAL WORD LIMIT): Article 'Ben-Gvir calls for nightly killings of Palestinians in Gaza' from Al Jazeera has only 14 words (Min: 90).
2026-08-16 23:25:13,279 - WARNING - [Economic Times] FAILED with 'selenium_browser' (content was too short: 84 words).
2026-08-16 23:25:13,279 - ERROR - [Economic Times] All scrape strategies failed for https://economictimes.indiatimes.com/tech/technology/indian-dating-apps-services-see-surge-of-paying-users-in-small-cities/articleshow/80063342.cms. Falling back to RSS description.
2026-08-16 23:25:13,279 - WARNING - SKIPPED (GLOBAL WORD LIMIT): Article 'Indian dating apps, services see surge of paying users in small cities ' from Economic Times has only 54 words (Min: 90).
2026-08-16 23:25:13,693 - INFO - [Wired] Article: https://www.wired.com/story/columbia-promo-code/
2026-08-16 23:25:13,693 - INFO - [Wired] Attempt 1/2: Trying with 'requests_browser' strategy...
2026-08-16 23:25:13,796 - ERROR - parsed tree length: 1, wrong data type or not valid HTML
2026-08-16 23:25:13,796 - ERROR - empty HTML tree: None
2026-08-16 23:25:13,796 - WARNING - discarding data: None
2026-08-16 23:25:13,796 - WARNING - [Wired] FAILED with 'requests_browser' (content was too short: 0 words).
2026-08-16 23:25:13,886 - INFO - [Economic Times] Article: https://economictimes.indiatimes.com/tech/technology/time-for-govt-cos-to-adopt-ai-deloitte-india/articleshow/79981215.cms
2026-08-16 23:25:13,886 - INFO - [Economic Times] Attempt 1/2: Trying with 'requests_browser' strategy...
2026-08-16 23:25:14,113 - INFO - [Al Jazeera] (Thread) Finished. Attempting to shut down its Selenium driver.
2026-08-16 23:25:14,252 - ERROR - parsed tree length: 1, wrong data type or not valid HTML
2026-08-16 23:25:14,254 - ERROR - empty HTML tree: None
2026-08-16 23:25:14,262 - WARNING - discarding data: None
2026-08-16 23:25:14,262 - WARNING - [Economic Times] FAILED with 'requests_browser' (content was too short: 0 words).
2026-08-16 23:25:14,291 - INFO - [Al Jazeera] (Thread) driver.quit() successful.
2026-08-16 23:25:14,584 - INFO - [Wired] Article: https://www.wired.com/story/columbia-promo-code/
2026-08-16 23:25:14,584 - INFO - [Wired] Attempt 2/2: Trying with 'selenium_browser' strategy...
2026-08-16 23:25:14,780 - INFO - [Economic Times] Article: https://economictimes.indiatimes.com/tech/technology/time-for-govt-cos-to-adopt-ai-deloitte-india/articleshow/79981215.cms
2026-08-16 23:25:14,780 - INFO - [Economic Times] Attempt 2/2: Trying with 'selenium_browser' strategy...
2026-08-16 23:25:15,577 - INFO - [Economic Times] Page content loaded.
2026-08-16 23:25:15,819 - WARNING - [Economic Times] FAILED with 'selenium_browser' (content was too short: 74 words).
2026-08-16 23:25:15,819 - ERROR - [Economic Times] All scrape strategies failed for https://economictimes.indiatimes.com/tech/technology/time-for-govt-cos-to-adopt-ai-deloitte-india/articleshow/79981215.cms. Falling back to RSS description.
2026-08-16 23:25:15,819 - WARNING - SKIPPED (GLOBAL WORD LIMIT): Article 'Time for government, companies to adopt artificial intelligence: Deloitte India ' from Economic Times has only 49 words (Min: 90).
2026-08-16 23:25:16,212 - INFO - [Wired] Page content loaded.
2026-08-16 23:25:16,925 - INFO - [Wired] Success with 'selenium_browser'. Found content (682 words).
2026-08-16 23:25:16,994 - INFO - [Economic Times] Article: https://economictimes.indiatimes.com/news/international/world-news/trump-announces-a-deal-for-hamas-to-disarm-in-gaza-but-many-hurdles-and-uncertainty-remain/articleshow/132753009.cms
2026-08-16 23:25:17,002 - INFO - [Economic Times] Attempt 1/2: Trying with 'requests_browser' strategy...
2026-08-16 23:25:19,608 - ERROR - Error saving article Columbia Promo Codes: 15% Off | August 2026 | WIRED: Hrana: `stream error: `Error { message: "SQLite error: UNIQUE constraint failed: articles.url", code: "SQLITE_CONSTRAINT" }``
2026-08-16 23:25:19,635 - INFO - [Economic Times] Success with 'requests_browser'. Found content (1285 words).
2026-08-16 23:25:20,964 - INFO - [Wired] Article: https://www.wired.com/story/pura-promo-code/
2026-08-16 23:25:21,368 - INFO - [Wired] Attempt 1/2: Trying with 'requests_browser' strategy...
2026-08-16 23:25:22,183 - ERROR - Error saving article Trump announces a deal for Hamas to disarm in Gaza, but many hurdles and uncertainty remain - The Economic Times: Hrana: `stream error: `Error { message: "SQLite error: UNIQUE constraint failed: articles.url", code: "SQLITE_CONSTRAINT" }``
2026-08-16 23:25:22,194 - ERROR - parsed tree length: 1, wrong data type or not valid HTML
2026-08-16 23:25:22,194 - ERROR - empty HTML tree: None
2026-08-16 23:25:22,194 - WARNING - discarding data: None
2026-08-16 23:25:22,194 - WARNING - [Wired] FAILED with 'requests_browser' (content was too short: 0 words).
2026-08-16 23:25:23,104 - INFO - [Wired] Article: https://www.wired.com/story/pura-promo-code/
2026-08-16 23:25:23,104 - INFO - [Wired] Attempt 2/2: Trying with 'selenium_browser' strategy...
2026-08-16 23:25:23,288 - INFO - [Economic Times] Article: https://economictimes.indiatimes.com/news/new-updates/in-1943-us-built-an-entire-city-and-it-didnt-exist-on-a-single-map/articleshow/132659427.cms
2026-08-16 23:25:23,288 - INFO - [Economic Times] Attempt 1/2: Trying with 'requests_browser' strategy...
2026-08-16 23:25:23,848 - INFO - [Economic Times] Success with 'requests_browser'. Found content (688 words).
2026-08-16 23:25:26,439 - INFO - [Wired] Page content loaded.
2026-08-16 23:25:26,439 - ERROR - Error saving article In 1943, US built an entire city, and it didn't exist on a single map - The Economic Times: Hrana: `stream error: `Error { message: "SQLite error: UNIQUE constraint failed: articles.url", code: "SQLITE_CONSTRAINT" }``
2026-08-16 23:25:26,701 - INFO - [Wired] Success with 'selenium_browser'. Found content (582 words).
2026-08-16 23:25:28,047 - INFO - [Economic Times] Article: https://economictimes.indiatimes.com/news/new-updates/humans-have-a-third-eye-in-the-brain-study-links-it-to-a-600-million-year-old-cyclops-ancestor/articleshow/132655441.cms
2026-08-16 23:25:28,451 - INFO - [Economic Times] Attempt 1/2: Trying with 'requests_browser' strategy...
2026-08-16 23:25:29,262 - ERROR - Error saving article Pura Promo Codes: $20 Off August 2026 | WIRED: Hrana: `stream error: `Error { message: "SQLite error: UNIQUE constraint failed: articles.url", code: "SQLITE_CONSTRAINT" }``
2026-08-16 23:25:29,526 - INFO - [Economic Times] Success with 'requests_browser'. Found content (593 words).
2026-08-16 23:25:30,892 - INFO - [Wired] Article: https://www.wired.com/story/babbel-promo-code/
2026-08-16 23:25:31,294 - INFO - [Wired] Attempt 1/2: Trying with 'requests_browser' strategy...
2026-08-16 23:25:32,112 - ERROR - Error saving article Humans have a 'third eye' in the brain: Study links it to a 600-million-year-old Cyclops ancestor - The Economic Times: Hrana: `stream error: `Error { message: "SQLite error: UNIQUE constraint failed: articles.url", code: "SQLITE_CONSTRAINT" }``
2026-08-16 23:25:32,124 - ERROR - parsed tree length: 1, wrong data type or not valid HTML
2026-08-16 23:25:32,124 - ERROR - empty HTML tree: None
2026-08-16 23:25:32,124 - WARNING - discarding data: None
2026-08-16 23:25:32,124 - WARNING - [Wired] FAILED with 'requests_browser' (content was too short: 0 words).
2026-08-16 23:25:32,783 - INFO - [Economic Times] Article: https://economictimes.indiatimes.com/news/new-updates/1500-ships-trapped-in-gulf-of-hormuz-is-quietly-multiplying-an-underwater-army-that-could-unleash-worlds-biggest-bioinvasion-event/articleshow/132595366.cms
2026-08-16 23:25:32,783 - INFO - [Economic Times] Attempt 1/2: Trying with 'requests_browser' strategy...
2026-08-16 23:25:32,865 - INFO - [Wired] Article: https://www.wired.com/story/babbel-promo-code/
2026-08-16 23:25:32,865 - INFO - [Wired] Attempt 2/2: Trying with 'selenium_browser' strategy...
2026-08-16 23:25:33,162 - INFO - [Economic Times] Success with 'requests_browser'. Found content (687 words).
2026-08-16 23:25:35,752 - INFO - [Wired] Page content loaded.
2026-08-16 23:25:35,752 - ERROR - Error saving article 1,500 ships trapped in Gulf of Hormuz are quietly multiplying an underwater army that could unleash World's biggest bioinvasion event - The Economic Times: Hrana: `stream error: `Error { message: "SQLite error: UNIQUE constraint failed: articles.url", code: "SQLITE_CONSTRAINT" }``
2026-08-16 23:25:36,007 - INFO - [Wired] Success with 'selenium_browser'. Found content (727 words).
2026-08-16 23:25:37,340 - INFO - [Economic Times] Article: https://economictimes.indiatimes.com/news/new-updates/argentina-vs-spain-fifa-world-cup-final-to-be-replayed-petition-for-a-rematch-crosses-60000-signatures/articleshow/132576024.cms
2026-08-16 23:25:37,340 - INFO - [Economic Times] Attempt 1/2: Trying with 'requests_browser' strategy...
2026-08-16 23:25:38,582 - ERROR - Error saving article Babbel Promo Code: Up to 65% Off in August 2026 | WIRED: Hrana: `stream error: `Error { message: "SQLite error: UNIQUE constraint failed: articles.url", code: "SQLITE_CONSTRAINT" }``
2026-08-16 23:25:38,683 - INFO - [Economic Times] Success with 'requests_browser'. Found content (228 words).
2026-08-16 23:25:40,018 - INFO - [Wired] Article: https://www.wired.com/story/acer-promo-code/
2026-08-16 23:25:40,420 - INFO - [Wired] Attempt 1/2: Trying with 'requests_browser' strategy...
2026-08-16 23:25:41,258 - ERROR - Error saving article Argentina vs Spain FIFA World Cup Final to be replayed? Petition for a rematch crosses 60,000 signatures - The Economic Times: Hrana: `stream error: `Error { message: "SQLite error: UNIQUE constraint failed: articles.url", code: "SQLITE_CONSTRAINT" }``
2026-08-16 23:25:41,270 - ERROR - parsed tree length: 1, wrong data type or not valid HTML
2026-08-16 23:25:41,271 - ERROR - empty HTML tree: None
2026-08-16 23:25:41,271 - WARNING - discarding data: None
2026-08-16 23:25:41,271 - WARNING - [Wired] FAILED with 'requests_browser' (content was too short: 0 words).
2026-08-16 23:25:41,866 - INFO - [Economic Times] Article: https://economictimes.indiatimes.com/news/new-updates/he-baked-potato-in-aluminium-foil-and-ate-it-next-morning-after-microwaving-it-hours-later-he-was-paralysed-doctor-explains-why/articleshow/132574269.cms
2026-08-16 23:25:41,866 - INFO - [Economic Times] Attempt 1/2: Trying with 'requests_browser' strategy...
2026-08-16 23:25:42,220 - INFO - [Economic Times] Success with 'requests_browser'. Found content (558 words).
2026-08-16 23:25:42,253 - INFO - [Wired] Article: https://www.wired.com/story/acer-promo-code/
2026-08-16 23:25:42,253 - INFO - [Wired] Attempt 2/2: Trying with 'selenium_browser' strategy...
2026-08-16 23:25:44,804 - ERROR - Error saving article He baked potato in aluminium foil, and ate it next morning after microwaving. Hours later, he was paralysed, doctor explains why - The Economic Times: Hrana: `stream error: `Error { message: "SQLite error: UNIQUE constraint failed: articles.url", code: "SQLITE_CONSTRAINT" }``
2026-08-16 23:25:44,804 - INFO - [Wired] Page content loaded.
2026-08-16 23:25:45,090 - INFO - [Wired] Success with 'selenium_browser'. Found content (835 words).
2026-08-16 23:25:46,434 - INFO - [Economic Times] Article: https://economictimes.indiatimes.com/news/elections/assembly-elections/assam/done-deal-cm-himanta-biswa-sarma-on-nda-seat-sharing-for-assam-polls/articleshow/128678098.cms
2026-08-16 23:25:46,837 - INFO - [Economic Times] Attempt 1/2: Trying with 'requests_browser' strategy...
2026-08-16 23:25:47,648 - ERROR - Error saving article Acer Promo Codes: 40% Off | WIRED: Hrana: `stream error: `Error { message: "SQLite error: UNIQUE constraint failed: articles.url", code: "SQLITE_CONSTRAINT" }``
2026-08-16 23:25:47,671 - INFO - [Economic Times] Success with 'requests_browser'. Found content (518 words).
2026-08-16 23:25:49,069 - INFO - [Wired] Early skip: URL https://www.wired.com/story/openai-safety-security-ai-agents-culture/ already exists.
2026-08-16 23:25:50,353 - INFO - [Wired] Early skip: URL https://www.wired.com/story/mark-zuckerbergs-ai-manifesto-is-6500-words-and-barely-says-anything/ already exists.
2026-08-16 23:25:50,353 - ERROR - Error saving article 'Done deal': CM Himanta Biswa Sarma on NDA seat-sharing for Assam polls - The Economic Times: Hrana: `stream error: `Error { message: "SQLite error: UNIQUE constraint failed: articles.url", code: "SQLITE_CONSTRAINT" }``
2026-08-16 23:25:50,354 - INFO - [Wired] Early skip: URL https://www.wired.com/story/the-painful-truth-of-exactly-how-ice-new-shock-gloves-actually-work/ already exists.
2026-08-16 23:25:50,355 - INFO - [Wired] Early skip: URL https://www.wired.com/story/novig-says-its-not-like-those-other-prediction-markets/ already exists.
2026-08-16 23:25:50,357 - INFO - [Wired] Early skip: URL https://www.wired.com/gallery/best-samsung-s26-cases-and-accessories/ already exists.
2026-08-16 23:25:50,358 - INFO - [Wired] Early skip: URL https://www.wired.com/story/google-pixelsnap-charger-and-stand-50-percent-off/ already exists.
2026-08-16 23:25:50,359 - INFO - [Wired] Early skip: URL https://www.wired.com/story/heat-wave-schizophrenia/ already exists.
2026-08-16 23:25:50,360 - INFO - [Wired] Early skip: URL https://www.wired.com/story/the-best-android-tablets/ already exists.
2026-08-16 23:25:50,361 - INFO - [Wired] Early skip: URL https://www.wired.com/gallery/best-cooling-mattress/ already exists.
2026-08-16 23:25:50,363 - INFO - [Wired] (Thread) Finished. Attempting to shut down its Selenium driver.
2026-08-16 23:25:50,440 - INFO - [Wired] (Thread) driver.quit() successful.
2026-08-16 23:25:51,382 - INFO - [Economic Times] Article: https://economictimes.indiatimes.com/news/elections/assembly-elections/bihar/rare-intensive-revision-in-bihar-four-months-before-polls/articleshow/122167501.cms
2026-08-16 23:25:51,382 - INFO - [Economic Times] Attempt 1/2: Trying with 'requests_browser' strategy...
2026-08-16 23:25:51,775 - INFO - [Economic Times] Success with 'requests_browser'. Found content (864 words).
2026-08-16 23:25:54,336 - ERROR - Error saving article Rare 'intensive' revision in Bihar four months before polls - The Economic Times: Hrana: `stream error: `Error { message: "SQLite error: UNIQUE constraint failed: articles.url", code: "SQLITE_CONSTRAINT" }``
2026-08-16 23:25:55,248 - INFO - [Economic Times] Article: https://economictimes.indiatimes.com/news/elections/assembly-elections/delhi/bjp-accuses-kejriwal-of-sending-voters-hoax-calls-to-mislead/articleshow/117579007.cms
2026-08-16 23:25:55,248 - INFO - [Economic Times] Attempt 1/2: Trying with 'requests_browser' strategy...
2026-08-16 23:25:55,606 - INFO - [Economic Times] Success with 'requests_browser'. Found content (550 words).
2026-08-16 23:25:58,167 - ERROR - Error saving article BJP accuses Kejriwal of sending voters hoax calls to mislead - The Economic Times: Hrana: `stream error: `Error { message: "SQLite error: UNIQUE constraint failed: articles.url", code: "SQLITE_CONSTRAINT" }``
2026-08-16 23:25:59,591 - INFO - [Economic Times] Article: https://economictimes.indiatimes.com/news/elections/lok-sabha/india/lok-sabha-election-2024-maharashtra-get-interesting-after-splits-in-shiv-sena-ncp/articleshow/108559788.cms
2026-08-16 23:25:59,591 - INFO - [Economic Times] Attempt 1/2: Trying with 'requests_browser' strategy...
2026-08-16 23:25:59,914 - INFO - [Economic Times] Success with 'requests_browser'. Found content (1442 words).
2026-08-16 23:26:02,449 - ERROR - Error saving article Lok Sabha election 2024: Maharashtra get interesting after splits in Shiv Sena, NCP - The Economic Times: Hrana: `stream error: `Error { message: "SQLite error: UNIQUE constraint failed: articles.url", code: "SQLITE_CONSTRAINT" }``
2026-08-16 23:26:03,014 - INFO - [Economic Times] Article: https://economictimes.indiatimes.com/news/elections/lok-sabha/india/modi-charisma-key-factor-in-bjps-bid-to-retain-all-26-seats-in-gujarat/articleshow/108550858.cms
2026-08-16 23:26:03,014 - INFO - [Economic Times] Attempt 1/2: Trying with 'requests_browser' strategy...
2026-08-16 23:26:03,421 - INFO - [Economic Times] Success with 'requests_browser'. Found content (838 words).
2026-08-16 23:26:05,987 - ERROR - Error saving article Modi charisma key factor in BJP's bid to retain all 26 seats in Gujarat - The Economic Times: Hrana: `stream error: `Error { message: "SQLite error: UNIQUE constraint failed: articles.url", code: "SQLITE_CONSTRAINT" }``
2026-08-16 23:26:07,476 - INFO - [Economic Times] Article: https://economictimes.indiatimes.com/news/elections/lok-sabha/india/implementation-of-guarantees-decline-of-brs-favour-congress-in-telangana-bjp-aiming-for-better-show/articleshow/108548569.cms
2026-08-16 23:26:07,476 - INFO - [Economic Times] Attempt 1/2: Trying with 'requests_browser' strategy...
2026-08-16 23:26:07,908 - INFO - [Economic Times] Success with 'requests_browser'. Found content (1272 words).
2026-08-16 23:26:10,448 - ERROR - Error saving article Implementation of 'guarantees', decline of BRS favour Congress in Telangana, BJP aiming for better show - The Economic Times: Hrana: `stream error: `Error { message: "SQLite error: UNIQUE constraint failed: articles.url", code: "SQLITE_CONSTRAINT" }``
2026-08-16 23:26:11,111 - INFO - [Economic Times] Article: https://economictimes.indiatimes.com/traders-bet-on-calendar-spread-as-nifty-moves-in-a-tight-range/articleshow/6302358.cms
2026-08-16 23:26:11,112 - INFO - [Economic Times] Attempt 1/2: Trying with 'requests_browser' strategy...
2026-08-16 23:26:11,435 - ERROR - parsed tree length: 1, wrong data type or not valid HTML
2026-08-16 23:26:11,435 - ERROR - empty HTML tree: None
2026-08-16 23:26:11,435 - WARNING - discarding data: None
2026-08-16 23:26:11,435 - WARNING - [Economic Times] FAILED with 'requests_browser' (content was too short: 0 words).
2026-08-16 23:26:12,363 - INFO - [Economic Times] Article: https://economictimes.indiatimes.com/traders-bet-on-calendar-spread-as-nifty-moves-in-a-tight-range/articleshow/6302358.cms
2026-08-16 23:26:12,363 - INFO - [Economic Times] Attempt 2/2: Trying with 'selenium_browser' strategy...
2026-08-16 23:26:13,425 - INFO - [Economic Times] Page content loaded.
2026-08-16 23:26:13,554 - INFO - [Economic Times] Success with 'selenium_browser'. Found content (411 words).
2026-08-16 23:26:16,177 - ERROR - Error saving article Traders bet on calendar spread as Nifty moves in a tight range - The Economic Times: Hrana: `stream error: `Error { message: "SQLite error: UNIQUE constraint failed: articles.url", code: "SQLITE_CONSTRAINT" }``
2026-08-16 23:26:17,199 - INFO - [Economic Times] Article: https://economictimes.indiatimes.com/nifty-may-find-support-at-5300-level/articleshow/6296017.cms
2026-08-16 23:26:17,200 - INFO - [Economic Times] Attempt 1/2: Trying with 'requests_browser' strategy...
2026-08-16 23:26:17,526 - ERROR - parsed tree length: 1, wrong data type or not valid HTML
2026-08-16 23:26:17,526 - ERROR - empty HTML tree: None
2026-08-16 23:26:17,526 - WARNING - discarding data: None
2026-08-16 23:26:17,527 - WARNING - [Economic Times] FAILED with 'requests_browser' (content was too short: 0 words).
2026-08-16 23:26:18,177 - INFO - [Economic Times] Article: https://economictimes.indiatimes.com/nifty-may-find-support-at-5300-level/articleshow/6296017.cms
2026-08-16 23:26:18,177 - INFO - [Economic Times] Attempt 2/2: Trying with 'selenium_browser' strategy...
2026-08-16 23:26:33,670 - INFO - [Economic Times] Page content loaded.
2026-08-16 23:26:33,838 - INFO - [Economic Times] Success with 'selenium_browser'. Found content (773 words).
2026-08-16 23:26:36,567 - ERROR - Error saving article Nifty may find support at 5300 level - The Economic Times: Hrana: `stream error: `Error { message: "SQLite error: UNIQUE constraint failed: articles.url", code: "SQLITE_CONSTRAINT" }``
2026-08-16 23:26:37,293 - INFO - [Economic Times] Article: https://economictimes.indiatimes.com/seven-out-of-top-10-asian-small-cap-funds-are-indian/articleshow/6295976.cms
2026-08-16 23:26:37,293 - INFO - [Economic Times] Attempt 1/2: Trying with 'requests_browser' strategy...
2026-08-16 23:26:37,876 - ERROR - parsed tree length: 1, wrong data type or not valid HTML
2026-08-16 23:26:37,876 - ERROR - empty HTML tree: None
2026-08-16 23:26:37,876 - WARNING - discarding data: None
2026-08-16 23:26:37,876 - WARNING - [Economic Times] FAILED with 'requests_browser' (content was too short: 0 words).
2026-08-16 23:26:38,431 - INFO - [Economic Times] Article: https://economictimes.indiatimes.com/seven-out-of-top-10-asian-small-cap-funds-are-indian/articleshow/6295976.cms
2026-08-16 23:26:38,431 - INFO - [Economic Times] Attempt 2/2: Trying with 'selenium_browser' strategy...
2026-08-16 23:26:39,795 - INFO - [Economic Times] Page content loaded.
2026-08-16 23:26:39,954 - INFO - [Economic Times] Success with 'selenium_browser'. Found content (607 words).
2026-08-16 23:26:42,611 - ERROR - Error saving article Seven out of top 10 Asian small-cap funds are Indian - The Economic Times: Hrana: `stream error: `Error { message: "SQLite error: UNIQUE constraint failed: articles.url", code: "SQLITE_CONSTRAINT" }``
2026-08-16 23:26:43,907 - INFO - [Economic Times] Article: https://economictimes.indiatimes.com/inflation-reflects-growth-dynamics-in-india-christopher-wood/articleshow/6274053.cms
2026-08-16 23:26:43,907 - INFO - [Economic Times] Attempt 1/2: Trying with 'requests_browser' strategy...
2026-08-16 23:26:44,292 - ERROR - parsed tree length: 1, wrong data type or not valid HTML
2026-08-16 23:26:44,292 - ERROR - empty HTML tree: None
2026-08-16 23:26:44,292 - WARNING - discarding data: None
2026-08-16 23:26:44,292 - WARNING - [Economic Times] FAILED with 'requests_browser' (content was too short: 0 words).
2026-08-16 23:26:44,904 - INFO - [Economic Times] Article: https://economictimes.indiatimes.com/inflation-reflects-growth-dynamics-in-india-christopher-wood/articleshow/6274053.cms
2026-08-16 23:26:44,904 - INFO - [Economic Times] Attempt 2/2: Trying with 'selenium_browser' strategy...
2026-08-16 23:26:46,486 - INFO - [Economic Times] Page content loaded.
2026-08-16 23:26:46,655 - INFO - [Economic Times] Success with 'selenium_browser'. Found content (4520 words).
2026-08-16 23:26:49,631 - ERROR - Error saving article Inflation reflects growth dynamics in India: Christopher Wood - The Economic Times: Hrana: `stream error: `Error { message: "SQLite error: UNIQUE constraint failed: articles.url", code: "SQLITE_CONSTRAINT" }``
2026-08-16 23:26:51,087 - INFO - [Economic Times] Article: https://economictimes.indiatimes.com/market-may-trade-in-a-range-but-fiis-seen-sold-on-india/articleshow/6277705.cms
2026-08-16 23:26:51,087 - INFO - [Economic Times] Attempt 1/2: Trying with 'requests_browser' strategy...
2026-08-16 23:26:51,506 - ERROR - parsed tree length: 1, wrong data type or not valid HTML
2026-08-16 23:26:51,506 - ERROR - empty HTML tree: None
2026-08-16 23:26:51,506 - WARNING - discarding data: None
2026-08-16 23:26:51,506 - WARNING - [Economic Times] FAILED with 'requests_browser' (content was too short: 0 words).
2026-08-16 23:26:52,199 - INFO - [Economic Times] Article: https://economictimes.indiatimes.com/market-may-trade-in-a-range-but-fiis-seen-sold-on-india/articleshow/6277705.cms
2026-08-16 23:26:52,199 - INFO - [Economic Times] Attempt 2/2: Trying with 'selenium_browser' strategy...
2026-08-16 23:26:53,465 - INFO - [Economic Times] Page content loaded.
2026-08-16 23:26:53,589 - INFO - [Economic Times] Success with 'selenium_browser'. Found content (809 words).
2026-08-16 23:26:56,318 - ERROR - Error saving article Market may trade in a range, but FIIs seen sold on India - The Economic Times: Hrana: `stream error: `Error { message: "SQLite error: UNIQUE constraint failed: articles.url", code: "SQLITE_CONSTRAINT" }``
2026-08-16 23:26:57,556 - INFO - [Economic Times] Article: https://economictimes.indiatimes.com/dont-bank-only-on-price-to-earning-ratio/articleshow/6278228.cms
2026-08-16 23:26:57,556 - INFO - [Economic Times] Attempt 1/2: Trying with 'requests_browser' strategy...
2026-08-16 23:26:57,933 - ERROR - parsed tree length: 1, wrong data type or not valid HTML
2026-08-16 23:26:57,934 - ERROR - empty HTML tree: None
2026-08-16 23:26:57,934 - WARNING - discarding data: None
2026-08-16 23:26:57,934 - WARNING - [Economic Times] FAILED with 'requests_browser' (content was too short: 0 words).
2026-08-16 23:26:58,679 - INFO - [Economic Times] Article: https://economictimes.indiatimes.com/dont-bank-only-on-price-to-earning-ratio/articleshow/6278228.cms
2026-08-16 23:26:58,679 - INFO - [Economic Times] Attempt 2/2: Trying with 'selenium_browser' strategy...
2026-08-16 23:27:00,020 - INFO - [Economic Times] Page content loaded.
2026-08-16 23:27:00,144 - INFO - [Economic Times] Success with 'selenium_browser'. Found content (447 words).
2026-08-16 23:27:02,831 - ERROR - Error saving article 'Don't bank only on price-to-earning ratio' - The Economic Times: Hrana: `stream error: `Error { message: "SQLite error: UNIQUE constraint failed: articles.url", code: "SQLITE_CONSTRAINT" }``
2026-08-16 23:27:03,704 - INFO - [Economic Times] Article: https://economictimes.indiatimes.com/markets/stocks/recos/prabhudas-lilladher-has-a-reduce-rating-on-infosys/articleshow/3798718.cms
2026-08-16 23:27:03,704 - INFO - [Economic Times] Attempt 1/2: Trying with 'requests_browser' strategy...
2026-08-16 23:27:04,090 - ERROR - parsed tree length: 1, wrong data type or not valid HTML
2026-08-16 23:27:04,090 - ERROR - empty HTML tree: None
2026-08-16 23:27:04,090 - WARNING - discarding data: None
2026-08-16 23:27:04,090 - WARNING - [Economic Times] FAILED with 'requests_browser' (content was too short: 0 words).
2026-08-16 23:27:05,087 - INFO - [Economic Times] Article: https://economictimes.indiatimes.com/markets/stocks/recos/prabhudas-lilladher-has-a-reduce-rating-on-infosys/articleshow/3798718.cms
2026-08-16 23:27:05,087 - INFO - [Economic Times] Attempt 2/2: Trying with 'selenium_browser' strategy...
2026-08-16 23:27:06,618 - INFO - [Economic Times] Page content loaded.
2026-08-16 23:27:06,782 - INFO - [Economic Times] Success with 'selenium_browser'. Found content (259 words).
2026-08-16 23:27:09,465 - ERROR - Error saving article Prabhudas Lilladher has a ‘reduce’ rating on Infosys - The Economic Times: Hrana: `stream error: `Error { message: "SQLite error: UNIQUE constraint failed: articles.url", code: "SQLITE_CONSTRAINT" }``
2026-08-16 23:27:10,902 - INFO - [Economic Times] Article: https://economictimes.indiatimes.com/markets/stocks/recos/fin-crisis-too-late-and-too-little-done-in-us/articleshow/3794549.cms
2026-08-16 23:27:10,902 - INFO - [Economic Times] Attempt 1/2: Trying with 'requests_browser' strategy...
2026-08-16 23:27:11,253 - ERROR - parsed tree length: 1, wrong data type or not valid HTML
2026-08-16 23:27:11,253 - ERROR - empty HTML tree: None
2026-08-16 23:27:11,253 - WARNING - discarding data: None
2026-08-16 23:27:11,253 - WARNING - [Economic Times] FAILED with 'requests_browser' (content was too short: 0 words).
2026-08-16 23:27:11,775 - INFO - [Economic Times] Article: https://economictimes.indiatimes.com/markets/stocks/recos/fin-crisis-too-late-and-too-little-done-in-us/articleshow/3794549.cms
2026-08-16 23:27:11,775 - INFO - [Economic Times] Attempt 2/2: Trying with 'selenium_browser' strategy...
2026-08-16 23:27:13,294 - INFO - [Economic Times] Page content loaded.
2026-08-16 23:27:13,460 - INFO - [Economic Times] Success with 'selenium_browser'. Found content (452 words).
2026-08-16 23:27:16,120 - ERROR - Error saving article Fin Crisis: Too late and too little done in US - The Economic Times: Hrana: `stream error: `Error { message: "SQLite error: UNIQUE constraint failed: articles.url", code: "SQLITE_CONSTRAINT" }``
2026-08-16 23:27:16,781 - INFO - [Economic Times] Article: https://economictimes.indiatimes.com/markets/forex/weak-rupee-takes-its-toll-on-cos-with-huge-foreign-debt/articleshow/3546158.cms
2026-08-16 23:27:16,781 - INFO - [Economic Times] Attempt 1/2: Trying with 'requests_browser' strategy...
2026-08-16 23:27:17,271 - ERROR - parsed tree length: 1, wrong data type or not valid HTML
2026-08-16 23:27:17,271 - ERROR - empty HTML tree: None
2026-08-16 23:27:17,271 - WARNING - discarding data: None
2026-08-16 23:27:17,271 - WARNING - [Economic Times] FAILED with 'requests_browser' (content was too short: 0 words).
2026-08-16 23:27:18,164 - INFO - [Economic Times] Article: https://economictimes.indiatimes.com/markets/forex/weak-rupee-takes-its-toll-on-cos-with-huge-foreign-debt/articleshow/3546158.cms
2026-08-16 23:27:18,164 - INFO - [Economic Times] Attempt 2/2: Trying with 'selenium_browser' strategy...
2026-08-16 23:27:19,651 - INFO - [Economic Times] Page content loaded.
2026-08-16 23:27:19,813 - INFO - [Economic Times] Success with 'selenium_browser'. Found content (482 words).
2026-08-16 23:27:22,522 - ERROR - Error saving article Weak rupee takes its toll on cos with huge foreign debt - The Economic Times: Hrana: `stream error: `Error { message: "SQLite error: UNIQUE constraint failed: articles.url", code: "SQLITE_CONSTRAINT" }``
2026-08-16 23:27:24,007 - INFO - [Economic Times] Article: https://economictimes.indiatimes.com/markets/stocks/recos/wait-for-more-signals-before-turning-positive/articleshow/3292640.cms
2026-08-16 23:27:24,007 - INFO - [Economic Times] Attempt 1/2: Trying with 'requests_browser' strategy...
2026-08-16 23:27:24,895 - ERROR - parsed tree length: 1, wrong data type or not valid HTML
2026-08-16 23:27:24,895 - ERROR - empty HTML tree: None
2026-08-16 23:27:24,895 - WARNING - discarding data: None
2026-08-16 23:27:24,895 - WARNING - [Economic Times] FAILED with 'requests_browser' (content was too short: 0 words).
2026-08-16 23:27:25,791 - INFO - [Economic Times] Article: https://economictimes.indiatimes.com/markets/stocks/recos/wait-for-more-signals-before-turning-positive/articleshow/3292640.cms
2026-08-16 23:27:25,791 - INFO - [Economic Times] Attempt 2/2: Trying with 'selenium_browser' strategy...
2026-08-16 23:27:27,250 - INFO - [Economic Times] Page content loaded.
2026-08-16 23:27:27,418 - INFO - [Economic Times] Success with 'selenium_browser'. Found content (392 words).
2026-08-16 23:27:30,042 - ERROR - Error saving article Wait for more signals before turning positive - The Economic Times: Hrana: `stream error: `Error { message: "SQLite error: UNIQUE constraint failed: articles.url", code: "SQLITE_CONSTRAINT" }``
2026-08-16 23:27:31,469 - INFO - [Economic Times] Article: https://economictimes.indiatimes.com/news/company/corporate-trends/six-indian-cos-among-businessweeks-top-100-infotech-firms/articleshow/3189334.cms
2026-08-16 23:27:31,469 - INFO - [Economic Times] Attempt 1/2: Trying with 'requests_browser' strategy...
2026-08-16 23:27:31,918 - INFO - [Economic Times] Success with 'requests_browser'. Found content (370 words).
2026-08-16 23:27:34,504 - ERROR - Error saving article Six Indian cos among BusinessWeek's top 100 Infotech firms - The Economic Times: Hrana: `stream error: `Error { message: "SQLite error: UNIQUE constraint failed: articles.url", code: "SQLITE_CONSTRAINT" }``
2026-08-16 23:27:35,893 - INFO - [Economic Times] Article: https://economictimes.indiatimes.com/news/company/corporate-trends/indian-firms-slip-in-global-ranking-four-move-out-of-top-500/articleshow/3177077.cms
2026-08-16 23:27:35,893 - INFO - [Economic Times] Attempt 1/2: Trying with 'requests_browser' strategy...
2026-08-16 23:27:36,278 - INFO - [Economic Times] Success with 'requests_browser'. Found content (1044 words).
2026-08-16 23:27:38,841 - ERROR - Error saving article Indian firms slip in global ranking; four move out of Top-500 - The Economic Times: Hrana: `stream error: `Error { message: "SQLite error: UNIQUE constraint failed: articles.url", code: "SQLITE_CONSTRAINT" }``
2026-08-16 23:27:40,044 - INFO - [Economic Times] Article: https://economictimes.indiatimes.com/markets/stocks/news/big-daddy-laps-up-cipla-after-q1-nos-beat-forecast/articleshow/6308646.cms
2026-08-16 23:27:40,044 - INFO - [Economic Times] Attempt 1/2: Trying with 'requests_browser' strategy...
2026-08-16 23:27:40,353 - ERROR - parsed tree length: 1, wrong data type or not valid HTML
2026-08-16 23:27:40,354 - ERROR - empty HTML tree: None
2026-08-16 23:27:40,354 - WARNING - discarding data: None
2026-08-16 23:27:40,354 - WARNING - [Economic Times] FAILED with 'requests_browser' (content was too short: 0 words).
2026-08-16 23:27:41,204 - INFO - [Economic Times] Article: https://economictimes.indiatimes.com/markets/stocks/news/big-daddy-laps-up-cipla-after-q1-nos-beat-forecast/articleshow/6308646.cms
2026-08-16 23:27:41,204 - INFO - [Economic Times] Attempt 2/2: Trying with 'selenium_browser' strategy...
2026-08-16 23:27:42,771 - INFO - [Economic Times] Page content loaded.
2026-08-16 23:27:43,002 - WARNING - [Economic Times] FAILED with 'selenium_browser' (content was too short: 83 words).
2026-08-16 23:27:43,002 - ERROR - [Economic Times] All scrape strategies failed for https://economictimes.indiatimes.com/markets/stocks/news/big-daddy-laps-up-cipla-after-q1-nos-beat-forecast/articleshow/6308646.cms. Falling back to RSS description.
2026-08-16 23:27:43,003 - WARNING - SKIPPED (GLOBAL WORD LIMIT): Article ''Big Daddy' laps up Cipla after Q1 nos beat forecast ' from Economic Times has only 20 words (Min: 90).
2026-08-16 23:27:43,946 - INFO - [Economic Times] Article: https://economictimes.indiatimes.com/markets/stocks/news/old-fox-has-dream-run-on-dalal-street/articleshow/6308631.cms
2026-08-16 23:27:43,946 - INFO - [Economic Times] Attempt 1/2: Trying with 'requests_browser' strategy...
2026-08-16 23:27:44,307 - ERROR - parsed tree length: 1, wrong data type or not valid HTML
2026-08-16 23:27:44,307 - ERROR - empty HTML tree: None
2026-08-16 23:27:44,307 - WARNING - discarding data: None
2026-08-16 23:27:44,307 - WARNING - [Economic Times] FAILED with 'requests_browser' (content was too short: 0 words).
2026-08-16 23:27:45,104 - INFO - [Economic Times] Article: https://economictimes.indiatimes.com/markets/stocks/news/old-fox-has-dream-run-on-dalal-street/articleshow/6308631.cms
2026-08-16 23:27:45,104 - INFO - [Economic Times] Attempt 2/2: Trying with 'selenium_browser' strategy...
2026-08-16 23:27:46,454 - INFO - [Economic Times] Page content loaded.
2026-08-16 23:27:46,694 - INFO - [Economic Times] Success with 'selenium_browser'. Found content (629 words).
2026-08-16 23:27:49,403 - ERROR - Error saving article Old Fox has dream run on Dalal Street - The Economic Times: Hrana: `stream error: `Error { message: "SQLite error: UNIQUE constraint failed: articles.url", code: "SQLITE_CONSTRAINT" }``
2026-08-16 23:27:50,076 - INFO - [Economic Times] Article: https://economictimes.indiatimes.com/markets/stocks/news/cairn-india-hits-record-high-on-bse-amid-stake-sale-talks/articleshow/6306679.cms
2026-08-16 23:27:50,076 - INFO - [Economic Times] Attempt 1/2: Trying with 'requests_browser' strategy...
2026-08-16 23:27:50,399 - ERROR - parsed tree length: 1, wrong data type or not valid HTML
2026-08-16 23:27:50,400 - ERROR - empty HTML tree: None
2026-08-16 23:27:50,400 - WARNING - discarding data: None
2026-08-16 23:27:50,400 - WARNING - [Economic Times] FAILED with 'requests_browser' (content was too short: 0 words).
2026-08-16 23:27:51,262 - INFO - [Economic Times] Article: https://economictimes.indiatimes.com/markets/stocks/news/cairn-india-hits-record-high-on-bse-amid-stake-sale-talks/articleshow/6306679.cms
2026-08-16 23:27:51,262 - INFO - [Economic Times] Attempt 2/2: Trying with 'selenium_browser' strategy...
2026-08-16 23:27:52,763 - INFO - [Economic Times] Page content loaded.
2026-08-16 23:27:52,883 - INFO - [Economic Times] Success with 'selenium_browser'. Found content (363 words).
2026-08-16 23:27:55,523 - ERROR - Error saving article Cairn India hits record high on BSE amid stake sale talks - The Economic Times: Hrana: `stream error: `Error { message: "SQLite error: UNIQUE constraint failed: articles.url", code: "SQLITE_CONSTRAINT" }``
2026-08-16 23:27:56,418 - INFO - [Economic Times] Article: https://economictimes.indiatimes.com/markets/stocks/news/vedanta-plunges-5-59-per-cent-on-lse-amid-talks-to-buy-cairn-stake/articleshow/6306526.cms
2026-08-16 23:27:56,418 - INFO - [Economic Times] Attempt 1/2: Trying with 'requests_browser' strategy...
2026-08-16 23:27:56,919 - ERROR - parsed tree length: 1, wrong data type or not valid HTML
2026-08-16 23:27:56,919 - ERROR - empty HTML tree: None
2026-08-16 23:27:56,919 - WARNING - discarding data: None
2026-08-16 23:27:56,919 - WARNING - [Economic Times] FAILED with 'requests_browser' (content was too short: 0 words).
2026-08-16 23:27:57,903 - INFO - [Economic Times] Article: https://economictimes.indiatimes.com/markets/stocks/news/vedanta-plunges-5-59-per-cent-on-lse-amid-talks-to-buy-cairn-stake/articleshow/6306526.cms
2026-08-16 23:27:57,903 - INFO - [Economic Times] Attempt 2/2: Trying with 'selenium_browser' strategy...
2026-08-16 23:27:59,276 - INFO - [Economic Times] Page content loaded.
2026-08-16 23:27:59,440 - INFO - [Economic Times] Success with 'selenium_browser'. Found content (397 words).
2026-08-16 23:28:02,069 - ERROR - Error saving article Cairn: Vedanta plunges 5.59 per cent on LSE amid talks to buy Cairn stake - The Economic Times: Hrana: `stream error: `Error { message: "SQLite error: UNIQUE constraint failed: articles.url", code: "SQLITE_CONSTRAINT" }``
2026-08-16 23:28:03,249 - INFO - [Economic Times] Article: https://economictimes.indiatimes.com/markets/stocks/news/sbi-shares-on-gaining-spree-hit-record-high/articleshow/6306241.cms
2026-08-16 23:28:03,249 - INFO - [Economic Times] Attempt 1/2: Trying with 'requests_browser' strategy...
2026-08-16 23:28:03,722 - ERROR - parsed tree length: 1, wrong data type or not valid HTML
2026-08-16 23:28:03,723 - ERROR - empty HTML tree: None
2026-08-16 23:28:03,723 - WARNING - discarding data: None
2026-08-16 23:28:03,723 - WARNING - [Economic Times] FAILED with 'requests_browser' (content was too short: 0 words).
2026-08-16 23:28:04,662 - INFO - [Economic Times] Article: https://economictimes.indiatimes.com/markets/stocks/news/sbi-shares-on-gaining-spree-hit-record-high/articleshow/6306241.cms
2026-08-16 23:28:04,663 - INFO - [Economic Times] Attempt 2/2: Trying with 'selenium_browser' strategy...
2026-08-16 23:28:05,818 - INFO - [Economic Times] Page content loaded.
2026-08-16 23:28:06,007 - WARNING - [Economic Times] FAILED with 'selenium_browser' (content was too short: 87 words).
2026-08-16 23:28:06,007 - ERROR - [Economic Times] All scrape strategies failed for https://economictimes.indiatimes.com/markets/stocks/news/sbi-shares-on-gaining-spree-hit-record-high/articleshow/6306241.cms. Falling back to RSS description.
2026-08-16 23:28:06,007 - WARNING - SKIPPED (GLOBAL WORD LIMIT): Article 'SBI shares on gaining spree; hit record high ' from Economic Times has only 28 words (Min: 90).
2026-08-16 23:28:07,473 - INFO - [Economic Times] Article: https://economictimes.indiatimes.com/fm-must-rethink/articleshow/5645094.cms
2026-08-16 23:28:07,473 - INFO - [Economic Times] Attempt 1/2: Trying with 'requests_browser' strategy...
2026-08-16 23:28:07,945 - ERROR - parsed tree length: 1, wrong data type or not valid HTML
2026-08-16 23:28:07,945 - ERROR - empty HTML tree: None
2026-08-16 23:28:07,945 - WARNING - discarding data: None
2026-08-16 23:28:07,945 - WARNING - [Economic Times] FAILED with 'requests_browser' (content was too short: 0 words).
2026-08-16 23:28:08,546 - INFO - [Economic Times] Article: https://economictimes.indiatimes.com/fm-must-rethink/articleshow/5645094.cms
2026-08-16 23:28:08,546 - INFO - [Economic Times] Attempt 2/2: Trying with 'selenium_browser' strategy...
2026-08-16 23:28:09,759 - INFO - [Economic Times] Page content loaded.
2026-08-16 23:28:09,842 - INFO - [Economic Times] Success with 'selenium_browser'. Found content (138 words).
2026-08-16 23:28:12,473 - ERROR - Error saving article FM must rethink - The Economic Times: Hrana: `stream error: `Error { message: "SQLite error: UNIQUE constraint failed: articles.url", code: "SQLITE_CONSTRAINT" }``
2026-08-16 23:28:13,440 - INFO - [Economic Times] Article: https://economictimes.indiatimes.com/amalgamate-banks/articleshow/5645086.cms
2026-08-16 23:28:13,440 - INFO - [Economic Times] Attempt 1/2: Trying with 'requests_browser' strategy...
2026-08-16 23:28:13,803 - ERROR - parsed tree length: 1, wrong data type or not valid HTML
2026-08-16 23:28:13,803 - ERROR - empty HTML tree: None
2026-08-16 23:28:13,803 - WARNING - discarding data: None
2026-08-16 23:28:13,803 - WARNING - [Economic Times] FAILED with 'requests_browser' (content was too short: 0 words).
2026-08-16 23:28:14,610 - INFO - [Economic Times] Article: https://economictimes.indiatimes.com/amalgamate-banks/articleshow/5645086.cms
2026-08-16 23:28:14,611 - INFO - [Economic Times] Attempt 2/2: Trying with 'selenium_browser' strategy...
2026-08-16 23:28:16,474 - INFO - [Economic Times] Page content loaded.
2026-08-16 23:28:16,543 - INFO - [Economic Times] Success with 'selenium_browser'. Found content (243 words).
2026-08-16 23:28:19,154 - ERROR - Error saving article Amalgamate banks - The Economic Times: Hrana: `stream error: `Error { message: "SQLite error: UNIQUE constraint failed: articles.url", code: "SQLITE_CONSTRAINT" }``
2026-08-16 23:28:19,780 - INFO - [Economic Times] Article: https://economictimes.indiatimes.com/managing-data/articleshow/5117958.cms
2026-08-16 23:28:19,780 - INFO - [Economic Times] Attempt 1/2: Trying with 'requests_browser' strategy...
2026-08-16 23:28:20,138 - ERROR - parsed tree length: 1, wrong data type or not valid HTML
2026-08-16 23:28:20,138 - ERROR - empty HTML tree: None
2026-08-16 23:28:20,138 - WARNING - discarding data: None
2026-08-16 23:28:20,138 - WARNING - [Economic Times] FAILED with 'requests_browser' (content was too short: 0 words).
2026-08-16 23:28:20,992 - INFO - [Economic Times] Article: https://economictimes.indiatimes.com/managing-data/articleshow/5117958.cms
2026-08-16 23:28:20,992 - INFO - [Economic Times] Attempt 2/2: Trying with 'selenium_browser' strategy...
2026-08-16 23:28:22,875 - INFO - [Economic Times] Page content loaded.
2026-08-16 23:28:22,944 - INFO - [Economic Times] Success with 'selenium_browser'. Found content (119 words).
2026-08-16 23:28:25,884 - ERROR - Error saving article Managing data - The Economic Times: Hrana: `stream error: `Error { message: "SQLite error: UNIQUE constraint failed: articles.url", code: "SQLITE_CONSTRAINT" }``
2026-08-16 23:28:27,249 - INFO - [Economic Times] Article: https://economictimes.indiatimes.com/right-technology/articleshow/5117957.cms
2026-08-16 23:28:27,249 - INFO - [Economic Times] Attempt 1/2: Trying with 'requests_browser' strategy...
2026-08-16 23:28:27,541 - ERROR - parsed tree length: 1, wrong data type or not valid HTML
2026-08-16 23:28:27,541 - ERROR - empty HTML tree: None
2026-08-16 23:28:27,541 - WARNING - discarding data: None
2026-08-16 23:28:27,541 - WARNING - [Economic Times] FAILED with 'requests_browser' (content was too short: 0 words).
2026-08-16 23:28:28,079 - INFO - [Economic Times] Article: https://economictimes.indiatimes.com/right-technology/articleshow/5117957.cms
2026-08-16 23:28:28,080 - INFO - [Economic Times] Attempt 2/2: Trying with 'selenium_browser' strategy...
2026-08-16 23:28:29,959 - INFO - [Economic Times] Page content loaded.
2026-08-16 23:28:30,032 - INFO - [Economic Times] Success with 'selenium_browser'. Found content (114 words).
2026-08-16 23:28:32,665 - ERROR - Error saving article Right technology - The Economic Times: Hrana: `stream error: `Error { message: "SQLite error: UNIQUE constraint failed: articles.url", code: "SQLITE_CONSTRAINT" }``
2026-08-16 23:28:33,831 - INFO - [Economic Times] Article: https://economictimes.indiatimes.com/et-search/articleshow/21646857.cms
2026-08-16 23:28:33,831 - INFO - [Economic Times] Attempt 1/2: Trying with 'requests_browser' strategy...
2026-08-16 23:28:34,107 - ERROR - parsed tree length: 1, wrong data type or not valid HTML
2026-08-16 23:28:34,107 - ERROR - empty HTML tree: None
2026-08-16 23:28:34,107 - WARNING - discarding data: None
2026-08-16 23:28:34,107 - WARNING - [Economic Times] FAILED with 'requests_browser' (content was too short: 0 words).
2026-08-16 23:28:34,839 - INFO - [Economic Times] Article: https://economictimes.indiatimes.com/et-search/articleshow/21646857.cms
2026-08-16 23:28:34,839 - INFO - [Economic Times] Attempt 2/2: Trying with 'selenium_browser' strategy...
2026-08-16 23:28:36,643 - INFO - [Economic Times] Page content loaded.
2026-08-16 23:28:36,816 - WARNING - [Economic Times] FAILED with 'selenium_browser' (content was too short: 44 words).
2026-08-16 23:28:36,816 - ERROR - [Economic Times] All scrape strategies failed for https://economictimes.indiatimes.com/et-search/articleshow/21646857.cms. Falling back to RSS description.
2026-08-16 23:28:36,816 - WARNING - SKIPPED (GLOBAL WORD LIMIT): Article 'ET Search ' from Economic Times has only 3 words (Min: 90).
2026-08-16 23:28:37,377 - INFO - [Economic Times] Article: https://economictimes.indiatimes.com/after-the-oscars-whats-next-for-silent-stars-of-the-artist/articleshow/12075465.cms
2026-08-16 23:28:37,377 - INFO - [Economic Times] Attempt 1/2: Trying with 'requests_browser' strategy...
2026-08-16 23:28:37,655 - ERROR - parsed tree length: 1, wrong data type or not valid HTML
2026-08-16 23:28:37,658 - ERROR - empty HTML tree: None
2026-08-16 23:28:37,658 - WARNING - discarding data: None
2026-08-16 23:28:37,658 - WARNING - [Economic Times] FAILED with 'requests_browser' (content was too short: 0 words).
2026-08-16 23:28:38,294 - INFO - [Economic Times] Article: https://economictimes.indiatimes.com/after-the-oscars-whats-next-for-silent-stars-of-the-artist/articleshow/12075465.cms
2026-08-16 23:28:38,294 - INFO - [Economic Times] Attempt 2/2: Trying with 'selenium_browser' strategy...
2026-08-16 23:28:39,491 - INFO - [Economic Times] Page content loaded.
2026-08-16 23:28:39,642 - INFO - [Economic Times] Success with 'selenium_browser'. Found content (699 words).
2026-08-16 23:28:42,284 - ERROR - Error saving article After the Oscars, what's next for silent stars of The Artist? - The Economic Times: Hrana: `stream error: `Error { message: "SQLite error: UNIQUE constraint failed: articles.url", code: "SQLITE_CONSTRAINT" }``
2026-08-16 23:28:43,304 - INFO - [Economic Times] Article: https://economictimes.indiatimes.com/delhi-world-book-fair-a-fair-like-no-other/articleshow/12028630.cms
2026-08-16 23:28:43,304 - INFO - [Economic Times] Attempt 1/2: Trying with 'requests_browser' strategy...
2026-08-16 23:28:43,590 - ERROR - parsed tree length: 1, wrong data type or not valid HTML
2026-08-16 23:28:43,590 - ERROR - empty HTML tree: None
2026-08-16 23:28:43,590 - WARNING - discarding data: None
2026-08-16 23:28:43,590 - WARNING - [Economic Times] FAILED with 'requests_browser' (content was too short: 0 words).
2026-08-16 23:28:44,580 - INFO - [Economic Times] Article: https://economictimes.indiatimes.com/delhi-world-book-fair-a-fair-like-no-other/articleshow/12028630.cms
2026-08-16 23:28:44,581 - INFO - [Economic Times] Attempt 2/2: Trying with 'selenium_browser' strategy...
2026-08-16 23:28:46,266 - INFO - [Economic Times] Page content loaded.
2026-08-16 23:28:46,348 - INFO - [Economic Times] Success with 'selenium_browser'. Found content (1911 words).
2026-08-16 23:28:49,006 - ERROR - Error saving article Delhi World Book fair: A fair like no other - The Economic Times: Hrana: `stream error: `Error { message: "SQLite error: UNIQUE constraint failed: articles.url", code: "SQLITE_CONSTRAINT" }``
2026-08-16 23:28:50,108 - INFO - [Economic Times] Article: https://economictimes.indiatimes.com/lk-advanis-gift-makes-its-way-to-state-department-exhibition-hall/articleshow/12017534.cms
2026-08-16 23:28:50,108 - INFO - [Economic Times] Attempt 1/2: Trying with 'requests_browser' strategy...
2026-08-16 23:28:50,440 - ERROR - parsed tree length: 1, wrong data type or not valid HTML
2026-08-16 23:28:50,440 - ERROR - empty HTML tree: None
2026-08-16 23:28:50,440 - WARNING - discarding data: None
2026-08-16 23:28:50,441 - WARNING - [Economic Times] FAILED with 'requests_browser' (content was too short: 0 words).
2026-08-16 23:28:51,325 - INFO - [Economic Times] Article: https://economictimes.indiatimes.com/lk-advanis-gift-makes-its-way-to-state-department-exhibition-hall/articleshow/12017534.cms
2026-08-16 23:28:51,325 - INFO - [Economic Times] Attempt 2/2: Trying with 'selenium_browser' strategy...
2026-08-16 23:28:53,262 - INFO - [Economic Times] Page content loaded.
2026-08-16 23:28:53,354 - INFO - [Economic Times] Success with 'selenium_browser'. Found content (488 words).
2026-08-16 23:28:55,963 - ERROR - Error saving article LK Advani's 'gift' makes its way to State Department exhibition hall - The Economic Times: Hrana: `stream error: `Error { message: "SQLite error: UNIQUE constraint failed: articles.url", code: "SQLITE_CONSTRAINT" }``
2026-08-16 23:28:56,695 - INFO - [Economic Times] Article: https://economictimes.indiatimes.com/india-meteorological-department-to-use-dynamic-models-for-forecasts/articleshow/11983844.cms
2026-08-16 23:28:56,695 - INFO - [Economic Times] Attempt 1/2: Trying with 'requests_browser' strategy...
2026-08-16 23:28:56,997 - ERROR - parsed tree length: 1, wrong data type or not valid HTML
2026-08-16 23:28:56,997 - ERROR - empty HTML tree: None
2026-08-16 23:28:57,000 - WARNING - discarding data: None
2026-08-16 23:28:57,001 - WARNING - [Economic Times] FAILED with 'requests_browser' (content was too short: 0 words).
2026-08-16 23:28:57,947 - INFO - [Economic Times] Article: https://economictimes.indiatimes.com/india-meteorological-department-to-use-dynamic-models-for-forecasts/articleshow/11983844.cms
2026-08-16 23:28:57,947 - INFO - [Economic Times] Attempt 2/2: Trying with 'selenium_browser' strategy...
2026-08-16 23:28:59,704 - INFO - [Economic Times] Page content loaded.
2026-08-16 23:28:59,896 - INFO - [Economic Times] Success with 'selenium_browser'. Found content (187 words).
2026-08-16 23:29:02,573 - ERROR - Error saving article India Meteorological Department to use dynamic models for forecasts - The Economic Times: Hrana: `stream error: `Error { message: "SQLite error: UNIQUE constraint failed: articles.url", code: "SQLITE_CONSTRAINT" }``
2026-08-16 23:29:03,166 - INFO - [Economic Times] Article: https://economictimes.indiatimes.com/documents-reveal-contents-of-the-first-telegraph-message-between-india-england/articleshow/11976488.cms
2026-08-16 23:29:03,166 - INFO - [Economic Times] Attempt 1/2: Trying with 'requests_browser' strategy...
2026-08-16 23:29:03,473 - ERROR - parsed tree length: 1, wrong data type or not valid HTML
2026-08-16 23:29:03,473 - ERROR - empty HTML tree: None
2026-08-16 23:29:03,474 - WARNING - discarding data: None
2026-08-16 23:29:03,474 - WARNING - [Economic Times] FAILED with 'requests_browser' (content was too short: 0 words).
2026-08-16 23:29:03,998 - INFO - [Economic Times] Article: https://economictimes.indiatimes.com/documents-reveal-contents-of-the-first-telegraph-message-between-india-england/articleshow/11976488.cms
2026-08-16 23:29:03,999 - INFO - [Economic Times] Attempt 2/2: Trying with 'selenium_browser' strategy...
2026-08-16 23:29:05,476 - INFO - [Economic Times] Page content loaded.
2026-08-16 23:29:05,583 - INFO - [Economic Times] Success with 'selenium_browser'. Found content (1449 words).
2026-08-16 23:29:08,224 - ERROR - Error saving article Documents reveal contents of the first telegraph message between India & England - The Economic Times: Hrana: `stream error: `Error { message: "SQLite error: UNIQUE constraint failed: articles.url", code: "SQLITE_CONSTRAINT" }``
2026-08-16 23:29:09,252 - INFO - [Economic Times] Article: https://economictimes.indiatimes.com/worried-amitabh-bachchan-fans-pray-to-lord-shiva-for-his-recovery/articleshow/11963187.cms
2026-08-16 23:29:09,252 - INFO - [Economic Times] Attempt 1/2: Trying with 'requests_browser' strategy...
2026-08-16 23:29:09,723 - ERROR - parsed tree length: 1, wrong data type or not valid HTML
2026-08-16 23:29:09,723 - ERROR - empty HTML tree: None
2026-08-16 23:29:09,723 - WARNING - discarding data: None
2026-08-16 23:29:09,723 - WARNING - [Economic Times] FAILED with 'requests_browser' (content was too short: 0 words).
2026-08-16 23:29:10,330 - INFO - [Economic Times] Article: https://economictimes.indiatimes.com/worried-amitabh-bachchan-fans-pray-to-lord-shiva-for-his-recovery/articleshow/11963187.cms
2026-08-16 23:29:10,331 - INFO - [Economic Times] Attempt 2/2: Trying with 'selenium_browser' strategy...
2026-08-16 23:29:12,594 - INFO - [Economic Times] Page content loaded.
2026-08-16 23:29:12,788 - INFO - [Economic Times] Success with 'selenium_browser'. Found content (453 words).
2026-08-16 23:29:15,454 - ERROR - Error saving article Worried Amitabh Bachchan fans pray to Lord Shiva for his recovery - The Economic Times: Hrana: `stream error: `Error { message: "SQLite error: UNIQUE constraint failed: articles.url", code: "SQLITE_CONSTRAINT" }``
2026-08-16 23:29:16,311 - INFO - [Economic Times] Article: https://economictimes.indiatimes.com/opinion/interviews/every-decision-of-government-neednt-be-a-big-reform-anand-mahindra/articleshow/35919571.cms
2026-08-16 23:29:16,311 - INFO - [Economic Times] Attempt 1/2: Trying with 'requests_browser' strategy...
2026-08-16 23:29:16,898 - ERROR - parsed tree length: 1, wrong data type or not valid HTML
2026-08-16 23:29:16,898 - ERROR - empty HTML tree: None
2026-08-16 23:29:16,898 - WARNING - discarding data: None
2026-08-16 23:29:16,898 - WARNING - [Economic Times] FAILED with 'requests_browser' (content was too short: 0 words).
2026-08-16 23:29:17,770 - INFO - [Economic Times] Article: https://economictimes.indiatimes.com/opinion/interviews/every-decision-of-government-neednt-be-a-big-reform-anand-mahindra/articleshow/35919571.cms
2026-08-16 23:29:17,770 - INFO - [Economic Times] Attempt 2/2: Trying with 'selenium_browser' strategy...
2026-08-16 23:29:20,013 - INFO - [Economic Times] Page content loaded.
2026-08-16 23:29:20,206 - INFO - [Economic Times] Success with 'selenium_browser'. Found content (2167 words).
2026-08-16 23:29:22,810 - ERROR - Error saving article Every decision of government needn’t be a big reform: Anand Mahindra - The Economic Times: Hrana: `stream error: `Error { message: "SQLite error: UNIQUE constraint failed: articles.url", code: "SQLITE_CONSTRAINT" }``
2026-08-16 23:29:23,453 - INFO - [Economic Times] Article: https://economictimes.indiatimes.com/opinion/interviews/narendra-modi-has-his-eyes-set-on-boosting-business-joao-cravinho-eu-ambassador/articleshow/35973824.cms
2026-08-16 23:29:23,453 - INFO - [Economic Times] Attempt 1/2: Trying with 'requests_browser' strategy...
2026-08-16 23:29:23,793 - ERROR - parsed tree length: 1, wrong data type or not valid HTML
2026-08-16 23:29:23,793 - ERROR - empty HTML tree: None
2026-08-16 23:29:23,793 - WARNING - discarding data: None
2026-08-16 23:29:23,793 - WARNING - [Economic Times] FAILED with 'requests_browser' (content was too short: 0 words).
2026-08-16 23:29:24,615 - INFO - [Economic Times] Article: https://economictimes.indiatimes.com/opinion/interviews/narendra-modi-has-his-eyes-set-on-boosting-business-joao-cravinho-eu-ambassador/articleshow/35973824.cms
2026-08-16 23:29:24,615 - INFO - [Economic Times] Attempt 2/2: Trying with 'selenium_browser' strategy...
2026-08-16 23:29:25,787 - INFO - [Economic Times] Page content loaded.
2026-08-16 23:29:26,009 - INFO - [Economic Times] Success with 'selenium_browser'. Found content (898 words).
2026-08-16 23:29:28,579 - ERROR - Error saving article Narendra Modi has his eyes set on boosting business: Joao Cravinho, EU Ambassador - The Economic Times: Hrana: `stream error: `Error { message: "SQLite error: UNIQUE constraint failed: articles.url", code: "SQLITE_CONSTRAINT" }``
2026-08-16 23:29:29,498 - INFO - [Economic Times] Article: https://economictimes.indiatimes.com/opinion/interviews/confidence-level-of-industry-improving-kv-kamath-icici-bank/articleshow/35945669.cms
2026-08-16 23:29:29,498 - INFO - [Economic Times] Attempt 1/2: Trying with 'requests_browser' strategy...
2026-08-16 23:29:29,869 - ERROR - parsed tree length: 1, wrong data type or not valid HTML
2026-08-16 23:29:29,870 - ERROR - empty HTML tree: None
2026-08-16 23:29:29,870 - WARNING - discarding data: None
2026-08-16 23:29:29,870 - WARNING - [Economic Times] FAILED with 'requests_browser' (content was too short: 0 words).
2026-08-16 23:29:30,572 - INFO - [Economic Times] Article: https://economictimes.indiatimes.com/opinion/interviews/confidence-level-of-industry-improving-kv-kamath-icici-bank/articleshow/35945669.cms
2026-08-16 23:29:30,572 - INFO - [Economic Times] Attempt 2/2: Trying with 'selenium_browser' strategy...
2026-08-16 23:29:31,886 - INFO - [Economic Times] Page content loaded.
2026-08-16 23:29:32,070 - INFO - [Economic Times] Success with 'selenium_browser'. Found content (1746 words).
2026-08-16 23:29:34,658 - ERROR - Error saving article Confidence level of industry improving: KV Kamath, ICICI Bank - The Economic Times: Hrana: `stream error: `Error { message: "SQLite error: UNIQUE constraint failed: articles.url", code: "SQLITE_CONSTRAINT" }``
2026-08-16 23:29:35,544 - INFO - [Economic Times] Article: https://economictimes.indiatimes.com/opinion/interviews/we-may-see-rapid-growth-over-the-next-few-years-raamdeo-agrawal/articleshow/35831378.cms
2026-08-16 23:29:35,545 - INFO - [Economic Times] Attempt 1/2: Trying with 'requests_browser' strategy...
2026-08-16 23:29:35,834 - ERROR - parsed tree length: 1, wrong data type or not valid HTML
2026-08-16 23:29:35,834 - ERROR - empty HTML tree: None
2026-08-16 23:29:35,834 - WARNING - discarding data: None
2026-08-16 23:29:35,834 - WARNING - [Economic Times] FAILED with 'requests_browser' (content was too short: 0 words).
2026-08-16 23:29:36,579 - INFO - [Economic Times] Article: https://economictimes.indiatimes.com/opinion/interviews/we-may-see-rapid-growth-over-the-next-few-years-raamdeo-agrawal/articleshow/35831378.cms
2026-08-16 23:29:36,579 - INFO - [Economic Times] Attempt 2/2: Trying with 'selenium_browser' strategy...
2026-08-16 23:29:38,119 - INFO - [Economic Times] Page content loaded.
2026-08-16 23:29:38,294 - INFO - [Economic Times] Success with 'selenium_browser'. Found content (1086 words).
2026-08-16 23:29:40,897 - ERROR - Error saving article Raamdeo Agarwal: We may see rapid growth over the next few years: Raamdeo Agrawal - The Economic Times: Hrana: `stream error: `Error { message: "SQLite error: UNIQUE constraint failed: articles.url", code: "SQLITE_CONSTRAINT" }``
2026-08-16 23:29:41,727 - INFO - [Economic Times] Article: https://economictimes.indiatimes.com/opinion/interviews/our-commitment-for-press-freedom-and-autonomy-of-public-broadcast-is-absolute-prakash-javadekar/articleshow/35803396.cms
2026-08-16 23:29:41,727 - INFO - [Economic Times] Attempt 1/2: Trying with 'requests_browser' strategy...
2026-08-16 23:29:42,015 - ERROR - parsed tree length: 1, wrong data type or not valid HTML
2026-08-16 23:29:42,015 - ERROR - empty HTML tree: None
2026-08-16 23:29:42,015 - WARNING - discarding data: None
2026-08-16 23:29:42,015 - WARNING - [Economic Times] FAILED with 'requests_browser' (content was too short: 0 words).
2026-08-16 23:29:42,597 - INFO - [Economic Times] Article: https://economictimes.indiatimes.com/opinion/interviews/our-commitment-for-press-freedom-and-autonomy-of-public-broadcast-is-absolute-prakash-javadekar/articleshow/35803396.cms
2026-08-16 23:29:42,597 - INFO - [Economic Times] Attempt 2/2: Trying with 'selenium_browser' strategy...
2026-08-16 23:29:43,964 - INFO - [Economic Times] Page content loaded.
2026-08-16 23:29:44,130 - INFO - [Economic Times] Success with 'selenium_browser'. Found content (1176 words).
2026-08-16 23:29:46,766 - ERROR - Error saving article Our commitment for press freedom, and autonomy of public broadcast is absolute: Prakash Javadekar - The Economic Times: Hrana: `stream error: `Error { message: "SQLite error: UNIQUE constraint failed: articles.url", code: "SQLITE_CONSTRAINT" }``
2026-08-16 23:29:47,944 - INFO - [Economic Times] Article: https://economictimes.indiatimes.com/opinion/interviews/there-is-a-leadership-vacuum-in-infosys-time-to-get-nandan-nilekani-back-mohandas-pai/articleshow/35716682.cms
2026-08-16 23:29:47,944 - INFO - [Economic Times] Attempt 1/2: Trying with 'requests_browser' strategy...
2026-08-16 23:29:48,267 - ERROR - parsed tree length: 1, wrong data type or not valid HTML
2026-08-16 23:29:48,267 - ERROR - empty HTML tree: None
2026-08-16 23:29:48,267 - WARNING - discarding data: None
2026-08-16 23:29:48,267 - WARNING - [Economic Times] FAILED with 'requests_browser' (content was too short: 0 words).
2026-08-16 23:29:49,007 - INFO - [Economic Times] Article: https://economictimes.indiatimes.com/opinion/interviews/there-is-a-leadership-vacuum-in-infosys-time-to-get-nandan-nilekani-back-mohandas-pai/articleshow/35716682.cms
2026-08-16 23:29:49,007 - INFO - [Economic Times] Attempt 2/2: Trying with 'selenium_browser' strategy...
2026-08-16 23:29:50,377 - INFO - [Economic Times] Page content loaded.
2026-08-16 23:29:50,533 - INFO - [Economic Times] Success with 'selenium_browser'. Found content (1800 words).
2026-08-16 23:29:53,114 - ERROR - Error saving article There is a leadership vacuum in Infosys, time to get Nandan Nilekani back: Mohandas Pai - The Economic Times: Hrana: `stream error: `Error { message: "SQLite error: UNIQUE constraint failed: articles.url", code: "SQLITE_CONSTRAINT" }``
2026-08-16 23:29:54,245 - INFO - [Economic Times] Early skip: URL https://economictimes.indiatimes.com/markets/stocks/news/mcap-of-four-of-top-10-most-valued-firms-jumps-rs-1-43-lakh-cr-state-bank-biggest-winner/articleshow/133062390.cms already exists.
2026-08-16 23:29:54,246 - INFO - [Economic Times] Early skip: URL https://economictimes.indiatimes.com/markets/stocks/news/foreign-investors-continue-buying-spree-pour-rs-12921-cr-in-first-week-of-aug/articleshow/133062370.cms already exists.
2026-08-16 23:29:54,248 - INFO - [Economic Times] Article: https://economictimes.indiatimes.com/markets/stocks/news/bonus-dividends-and-stock-splits-bharti-airtel-hero-motocorp-among-88-stocks-turning-ex-date-this-week-do-you-own-any/articleshow/132491671.cms
2026-08-16 23:29:54,248 - INFO - [Economic Times] Attempt 1/2: Trying with 'requests_browser' strategy...
2026-08-16 23:29:54,777 - ERROR - parsed tree length: 1, wrong data type or not valid HTML
2026-08-16 23:29:54,777 - ERROR - empty HTML tree: None
2026-08-16 23:29:54,777 - WARNING - discarding data: None
2026-08-16 23:29:54,777 - WARNING - [Economic Times] FAILED with 'requests_browser' (content was too short: 0 words).
2026-08-16 23:29:55,651 - INFO - [Economic Times] Article: https://economictimes.indiatimes.com/markets/stocks/news/bonus-dividends-and-stock-splits-bharti-airtel-hero-motocorp-among-88-stocks-turning-ex-date-this-week-do-you-own-any/articleshow/132491671.cms
2026-08-16 23:29:55,651 - INFO - [Economic Times] Attempt 2/2: Trying with 'selenium_browser' strategy...
2026-08-16 23:29:57,294 - INFO - [Economic Times] Page content loaded.
2026-08-16 23:29:57,419 - INFO - [Economic Times] Success with 'selenium_browser'. Found content (1254 words).
2026-08-16 23:30:00,137 - ERROR - Error saving article Bonus, dividends and stock splits: Bharti Airtel, Hero MotoCorp among 88 stocks turning ex-date this week. Do you own any? - The Economic Times: Hrana: `stream error: `Error { message: "SQLite error: UNIQUE constraint failed: articles.url", code: "SQLITE_CONSTRAINT" }``
2026-08-16 23:30:00,779 - INFO - [Economic Times] Article: https://economictimes.indiatimes.com/markets/stocks/news/will-sensex-nifty-extend-gains-on-monday-q1-earnings-global-tech-selloff-among-6-factors-to-steer-d-st-this-week/articleshow/132489722.cms
2026-08-16 23:30:00,779 - INFO - [Economic Times] Attempt 1/2: Trying with 'requests_browser' strategy...
2026-08-16 23:30:01,229 - ERROR - parsed tree length: 1, wrong data type or not valid HTML
2026-08-16 23:30:01,229 - ERROR - empty HTML tree: None
2026-08-16 23:30:01,229 - WARNING - discarding data: None
2026-08-16 23:30:01,229 - WARNING - [Economic Times] FAILED with 'requests_browser' (content was too short: 0 words).
2026-08-16 23:30:02,108 - INFO - [Economic Times] Article: https://economictimes.indiatimes.com/markets/stocks/news/will-sensex-nifty-extend-gains-on-monday-q1-earnings-global-tech-selloff-among-6-factors-to-steer-d-st-this-week/articleshow/132489722.cms
2026-08-16 23:30:02,109 - INFO - [Economic Times] Attempt 2/2: Trying with 'selenium_browser' strategy...
2026-08-16 23:30:03,765 - INFO - [Economic Times] Page content loaded.
2026-08-16 23:30:03,898 - INFO - [Economic Times] Success with 'selenium_browser'. Found content (1080 words).
2026-08-16 23:30:07,770 - ERROR - Error saving article Will Sensex, Nifty extend gains on Monday? Q1 earnings, global tech selloff among 6 factors to steer D-St this week - The Economic Times: Hrana: `stream error: `Error { message: "SQLite error: UNIQUE constraint failed: articles.url", code: "SQLITE_CONSTRAINT" }``
2026-08-16 23:30:08,558 - INFO - [Economic Times] Article: https://economictimes.indiatimes.com/markets/stocks/news/fpis-pull-out-rs-27000-cr-in-may-2026-outflows-hit-rs-2-2-lakh-cr-mark/articleshow/131149440.cms
2026-08-16 23:30:08,558 - INFO - [Economic Times] Attempt 1/2: Trying with 'requests_browser' strategy...
2026-08-16 23:30:08,891 - ERROR - parsed tree length: 1, wrong data type or not valid HTML
2026-08-16 23:30:08,891 - ERROR - empty HTML tree: None
2026-08-16 23:30:08,891 - WARNING - discarding data: None
2026-08-16 23:30:08,891 - WARNING - [Economic Times] FAILED with 'requests_browser' (content was too short: 0 words).
2026-08-16 23:30:09,756 - INFO - [Economic Times] Article: https://economictimes.indiatimes.com/markets/stocks/news/fpis-pull-out-rs-27000-cr-in-may-2026-outflows-hit-rs-2-2-lakh-cr-mark/articleshow/131149440.cms
2026-08-16 23:30:09,756 - INFO - [Economic Times] Attempt 2/2: Trying with 'selenium_browser' strategy...
2026-08-16 23:30:10,995 - INFO - [Economic Times] Page content loaded.
2026-08-16 23:30:11,114 - INFO - [Economic Times] Success with 'selenium_browser'. Found content (448 words).
2026-08-16 23:30:13,719 - ERROR - Error saving article FPIs pull out Rs 27,000 cr in May; 2026 outflows hit Rs 2.2 lakh cr-mark - The Economic Times: Hrana: `stream error: `Error { message: "SQLite error: UNIQUE constraint failed: articles.url", code: "SQLITE_CONSTRAINT" }``
2026-08-16 23:30:14,963 - INFO - [Economic Times] Article: https://economictimes.indiatimes.com/markets/stocks/news/oil-prices-to-hit-150-how-indian-stock-markets-may-react-as-iran-war-rages-on/articleshow/129587020.cms
2026-08-16 23:30:14,963 - INFO - [Economic Times] Attempt 1/2: Trying with 'requests_browser' strategy...
2026-08-16 23:30:15,326 - ERROR - parsed tree length: 1, wrong data type or not valid HTML
2026-08-16 23:30:15,326 - ERROR - empty HTML tree: None
2026-08-16 23:30:15,326 - WARNING - discarding data: None
2026-08-16 23:30:15,326 - WARNING - [Economic Times] FAILED with 'requests_browser' (content was too short: 0 words).
2026-08-16 23:30:15,962 - INFO - [Economic Times] Article: https://economictimes.indiatimes.com/markets/stocks/news/oil-prices-to-hit-150-how-indian-stock-markets-may-react-as-iran-war-rages-on/articleshow/129587020.cms
2026-08-16 23:30:15,962 - INFO - [Economic Times] Attempt 2/2: Trying with 'selenium_browser' strategy...
2026-08-16 23:30:17,406 - INFO - [Economic Times] Page content loaded.
2026-08-16 23:30:17,541 - INFO - [Economic Times] Success with 'selenium_browser'. Found content (939 words).
2026-08-16 23:30:20,205 - ERROR - Error saving article Oil prices to hit $150? How Indian stock markets may react as Iran war rages on - The Economic Times: Hrana: `stream error: `Error { message: "SQLite error: UNIQUE constraint failed: articles.url", code: "SQLITE_CONSTRAINT" }``
2026-08-16 23:30:21,320 - INFO - [Economic Times] Article: https://economictimes.indiatimes.com/markets/stocks/news/alfa-laval-raises-delisting-price-to-rs-2850-a-share/articleshow/11437373.cms
2026-08-16 23:30:21,320 - INFO - [Economic Times] Attempt 1/2: Trying with 'requests_browser' strategy...
2026-08-16 23:30:21,668 - ERROR - parsed tree length: 1, wrong data type or not valid HTML
2026-08-16 23:30:21,668 - ERROR - empty HTML tree: None
2026-08-16 23:30:21,668 - WARNING - discarding data: None
2026-08-16 23:30:21,668 - WARNING - [Economic Times] FAILED with 'requests_browser' (content was too short: 0 words).
2026-08-16 23:30:22,541 - INFO - [Economic Times] Article: https://economictimes.indiatimes.com/markets/stocks/news/alfa-laval-raises-delisting-price-to-rs-2850-a-share/articleshow/11437373.cms
2026-08-16 23:30:22,542 - INFO - [Economic Times] Attempt 2/2: Trying with 'selenium_browser' strategy...
2026-08-16 23:30:23,977 - INFO - [Economic Times] Page content loaded.
2026-08-16 23:30:24,085 - INFO - [Economic Times] Success with 'selenium_browser'. Found content (291 words).
2026-08-16 23:30:26,780 - ERROR - Error saving article Alfa Laval raises delisting price to Rs 2,850 a share - The Economic Times: Hrana: `stream error: `Error { message: "SQLite error: UNIQUE constraint failed: articles.url", code: "SQLITE_CONSTRAINT" }``
2026-08-16 23:30:28,231 - INFO - [Economic Times] Article: https://economictimes.indiatimes.com/markets/stocks/news/db-realty-unitech-stocks-rose-after-top-executives-granted-bail-in-2g-scam/articleshow/10925114.cms
2026-08-16 23:30:28,231 - INFO - [Economic Times] Attempt 1/2: Trying with 'requests_browser' strategy...
2026-08-16 23:30:28,659 - ERROR - parsed tree length: 1, wrong data type or not valid HTML
2026-08-16 23:30:28,659 - ERROR - empty HTML tree: None
2026-08-16 23:30:28,660 - WARNING - discarding data: None
2026-08-16 23:30:28,660 - WARNING - [Economic Times] FAILED with 'requests_browser' (content was too short: 0 words).
2026-08-16 23:30:29,417 - INFO - [Economic Times] Article: https://economictimes.indiatimes.com/markets/stocks/news/db-realty-unitech-stocks-rose-after-top-executives-granted-bail-in-2g-scam/articleshow/10925114.cms
2026-08-16 23:30:29,417 - INFO - [Economic Times] Attempt 2/2: Trying with 'selenium_browser' strategy...
2026-08-16 23:30:30,641 - INFO - [Economic Times] Page content loaded.
2026-08-16 23:30:30,791 - INFO - [Economic Times] Success with 'selenium_browser'. Found content (482 words).
2026-08-16 23:30:33,446 - ERROR - Error saving article DB Realty, Unitech stocks rose after top executives granted bail in 2G scam - The Economic Times: Hrana: `stream error: `Error { message: "SQLite error: UNIQUE constraint failed: articles.url", code: "SQLITE_CONSTRAINT" }``
2026-08-16 23:30:34,662 - INFO - [Economic Times] Article: https://economictimes.indiatimes.com/markets/stocks/news/fitch-withdraws-reliance-capital-ratings/articleshow/10430814.cms
2026-08-16 23:30:34,662 - INFO - [Economic Times] Attempt 1/2: Trying with 'requests_browser' strategy...
2026-08-16 23:30:34,977 - ERROR - parsed tree length: 1, wrong data type or not valid HTML
2026-08-16 23:30:34,977 - ERROR - empty HTML tree: None
2026-08-16 23:30:34,977 - WARNING - discarding data: None
2026-08-16 23:30:34,977 - WARNING - [Economic Times] FAILED with 'requests_browser' (content was too short: 0 words).
2026-08-16 23:30:35,618 - INFO - [Economic Times] Article: https://economictimes.indiatimes.com/markets/stocks/news/fitch-withdraws-reliance-capital-ratings/articleshow/10430814.cms
2026-08-16 23:30:35,618 - INFO - [Economic Times] Attempt 2/2: Trying with 'selenium_browser' strategy...
2026-08-16 23:30:37,628 - INFO - [Economic Times] Page content loaded.
2026-08-16 23:30:37,766 - INFO - [Economic Times] Success with 'selenium_browser'. Found content (152 words).
2026-08-16 23:30:40,346 - ERROR - Error saving article Fitch withdraws Reliance Capital ratings - The Economic Times: Hrana: `stream error: `Error { message: "SQLite error: UNIQUE constraint failed: articles.url", code: "SQLITE_CONSTRAINT" }``
2026-08-16 23:30:41,183 - INFO - [Economic Times] Article: https://economictimes.indiatimes.com/markets/stocks/news/discoms-poor-financial-health-poses-risks-for-power-traders-fitch/articleshow/10430186.cms
2026-08-16 23:30:41,183 - INFO - [Economic Times] Attempt 1/2: Trying with 'requests_browser' strategy...
2026-08-16 23:30:41,507 - ERROR - parsed tree length: 1, wrong data type or not valid HTML
2026-08-16 23:30:41,507 - ERROR - empty HTML tree: None
2026-08-16 23:30:41,507 - WARNING - discarding data: None
2026-08-16 23:30:41,507 - WARNING - [Economic Times] FAILED with 'requests_browser' (content was too short: 0 words).
2026-08-16 23:30:42,218 - INFO - [Economic Times] Article: https://economictimes.indiatimes.com/markets/stocks/news/discoms-poor-financial-health-poses-risks-for-power-traders-fitch/articleshow/10430186.cms
2026-08-16 23:30:42,218 - INFO - [Economic Times] Attempt 2/2: Trying with 'selenium_browser' strategy...
2026-08-16 23:30:43,657 - INFO - [Economic Times] Page content loaded.
2026-08-16 23:30:43,745 - INFO - [Economic Times] Success with 'selenium_browser'. Found content (818 words).
2026-08-16 23:30:46,396 - ERROR - Error saving article Discoms' poor financial health poses risks for power traders: Fitch - The Economic Times: Hrana: `stream error: `Error { message: "SQLite error: UNIQUE constraint failed: articles.url", code: "SQLITE_CONSTRAINT" }``
2026-08-16 23:30:47,022 - INFO - [Economic Times] Article: https://economictimes.indiatimes.com/markets/stocks/news/cigarette-companies-price-hikes-with-higher-volumes-hold-promise/articleshow/9277179.cms
2026-08-16 23:30:47,022 - INFO - [Economic Times] Attempt 1/2: Trying with 'requests_browser' strategy...
2026-08-16 23:30:47,489 - ERROR - parsed tree length: 1, wrong data type or not valid HTML
2026-08-16 23:30:47,489 - ERROR - empty HTML tree: None
2026-08-16 23:30:47,489 - WARNING - discarding data: None
2026-08-16 23:30:47,489 - WARNING - [Economic Times] FAILED with 'requests_browser' (content was too short: 0 words).
2026-08-16 23:30:48,231 - INFO - [Economic Times] Article: https://economictimes.indiatimes.com/markets/stocks/news/cigarette-companies-price-hikes-with-higher-volumes-hold-promise/articleshow/9277179.cms
2026-08-16 23:30:48,231 - INFO - [Economic Times] Attempt 2/2: Trying with 'selenium_browser' strategy...
2026-08-16 23:30:49,597 - INFO - [Economic Times] Page content loaded.
2026-08-16 23:30:49,736 - INFO - [Economic Times] Success with 'selenium_browser'. Found content (318 words).
2026-08-16 23:30:51,163 - CRITICAL - --- TIMEOUT: 1 scrape jobs did not complete in 420s. ---
2026-08-16 23:30:51,567 - ERROR - A thread has timed out and will be abandoned.
2026-08-16 23:30:51,567 - INFO - Shutting down thread pool (wait=False)...
2026-08-16 23:30:51,567 - INFO - Scraped: 1 The Hindu, 1 BBC, 0 NDTV, 0 Wired, 0 Al Jazeera, 0 TechCrunch, 0 Times of India, 0 Indian Express, 1 Timed_Out_Jobs articles. (Total saved: 2)
2026-08-16 23:30:51,567 - INFO - --- Scraping job finished ---
2026-08-16 23:30:51,568 - INFO - --- Scraper service stopped. ---
2026-08-16 23:30:51,568 - INFO - --- Main thread finished. Forcing process exit to kill zombie threads. ---
