2026-08-15 17:48:04,825 - INFO - Loading AI Semantic Model (all-MiniLM-L6-v2)...
2026-08-15 17:48:04,826 - INFO - No device provided, using cpu
2026-08-15 17:48:05,005 - INFO - HTTP Request: GET https://huggingface.co/api/agent-harnesses "HTTP/1.1 200 OK"
2026-08-15 17:48:05,068 - INFO - HTTP Request: HEAD https://huggingface.co/sentence-transformers/all-MiniLM-L6-v2/resolve/main/modules.json "HTTP/1.1 307 Temporary Redirect"
2026-08-15 17:48:05,069 - WARNING - Warning: You are sending unauthenticated requests to the HF Hub. Please set a HF_TOKEN to enable higher rate limits and faster downloads.
2026-08-15 17:48:05,090 - INFO - HTTP Request: HEAD https://huggingface.co/api/resolve-cache/models/sentence-transformers/all-MiniLM-L6-v2/1110a243fdf4706b3f48f1d95db1a4f5529b4d41/modules.json "HTTP/1.1 200 OK"
2026-08-15 17:48:05,157 - INFO - HTTP Request: HEAD https://huggingface.co/sentence-transformers/all-MiniLM-L6-v2/resolve/main/config_sentence_transformers.json "HTTP/1.1 307 Temporary Redirect"
2026-08-15 17:48:05,180 - INFO - HTTP Request: HEAD https://huggingface.co/api/resolve-cache/models/sentence-transformers/all-MiniLM-L6-v2/1110a243fdf4706b3f48f1d95db1a4f5529b4d41/config_sentence_transformers.json "HTTP/1.1 200 OK"
2026-08-15 17:48:05,181 - INFO - Loading SentenceTransformer model from sentence-transformers/all-MiniLM-L6-v2.
2026-08-15 17:48:05,242 - INFO - HTTP Request: HEAD https://huggingface.co/sentence-transformers/all-MiniLM-L6-v2/resolve/main/config_sentence_transformers.json "HTTP/1.1 307 Temporary Redirect"
2026-08-15 17:48:05,264 - INFO - HTTP Request: HEAD https://huggingface.co/api/resolve-cache/models/sentence-transformers/all-MiniLM-L6-v2/1110a243fdf4706b3f48f1d95db1a4f5529b4d41/config_sentence_transformers.json "HTTP/1.1 200 OK"
2026-08-15 17:48:05,326 - INFO - HTTP Request: HEAD https://huggingface.co/sentence-transformers/all-MiniLM-L6-v2/resolve/main/README.md "HTTP/1.1 307 Temporary Redirect"
2026-08-15 17:48:05,349 - INFO - HTTP Request: HEAD https://huggingface.co/api/resolve-cache/models/sentence-transformers/all-MiniLM-L6-v2/1110a243fdf4706b3f48f1d95db1a4f5529b4d41/README.md "HTTP/1.1 200 OK"
2026-08-15 17:48:05,371 - INFO - HTTP Request: GET https://huggingface.co/api/resolve-cache/models/sentence-transformers/all-MiniLM-L6-v2/1110a243fdf4706b3f48f1d95db1a4f5529b4d41/README.md "HTTP/1.1 200 OK"
2026-08-15 17:48:05,433 - INFO - HTTP Request: HEAD https://huggingface.co/sentence-transformers/all-MiniLM-L6-v2/resolve/main/modules.json "HTTP/1.1 307 Temporary Redirect"
2026-08-15 17:48:05,456 - INFO - HTTP Request: HEAD https://huggingface.co/api/resolve-cache/models/sentence-transformers/all-MiniLM-L6-v2/1110a243fdf4706b3f48f1d95db1a4f5529b4d41/modules.json "HTTP/1.1 200 OK"
2026-08-15 17:48:05,516 - INFO - HTTP Request: HEAD https://huggingface.co/sentence-transformers/all-MiniLM-L6-v2/resolve/main/sentence_bert_config.json "HTTP/1.1 307 Temporary Redirect"
2026-08-15 17:48:05,538 - INFO - HTTP Request: HEAD https://huggingface.co/api/resolve-cache/models/sentence-transformers/all-MiniLM-L6-v2/1110a243fdf4706b3f48f1d95db1a4f5529b4d41/sentence_bert_config.json "HTTP/1.1 200 OK"
2026-08-15 17:48:05,605 - INFO - HTTP Request: HEAD https://huggingface.co/sentence-transformers/all-MiniLM-L6-v2/resolve/main/adapter_config.json "HTTP/1.1 404 Not Found"
2026-08-15 17:48:05,667 - INFO - HTTP Request: HEAD https://huggingface.co/sentence-transformers/all-MiniLM-L6-v2/resolve/main/config.json "HTTP/1.1 307 Temporary Redirect"
2026-08-15 17:48:05,690 - INFO - HTTP Request: HEAD https://huggingface.co/api/resolve-cache/models/sentence-transformers/all-MiniLM-L6-v2/1110a243fdf4706b3f48f1d95db1a4f5529b4d41/config.json "HTTP/1.1 200 OK"
2026-08-15 17:48:05,792 - INFO - HTTP Request: HEAD https://huggingface.co/sentence-transformers/all-MiniLM-L6-v2/resolve/main/model.safetensors "HTTP/1.1 302 Found"
2026-08-15 17:48:05,967 - INFO - HTTP Request: HEAD https://huggingface.co/sentence-transformers/all-MiniLM-L6-v2/resolve/main/processor_config.json "HTTP/1.1 404 Not Found"
2026-08-15 17:48:06,037 - INFO - HTTP Request: HEAD https://huggingface.co/sentence-transformers/all-MiniLM-L6-v2/resolve/main/preprocessor_config.json "HTTP/1.1 404 Not Found"
2026-08-15 17:48:06,172 - INFO - HTTP Request: HEAD https://huggingface.co/sentence-transformers/all-MiniLM-L6-v2/resolve/main/video_preprocessor_config.json "HTTP/1.1 404 Not Found"
2026-08-15 17:48:06,239 - INFO - HTTP Request: HEAD https://huggingface.co/sentence-transformers/all-MiniLM-L6-v2/resolve/main/preprocessor_config.json "HTTP/1.1 404 Not Found"
2026-08-15 17:48:06,303 - INFO - HTTP Request: HEAD https://huggingface.co/sentence-transformers/all-MiniLM-L6-v2/resolve/main/tokenizer_config.json "HTTP/1.1 307 Temporary Redirect"
2026-08-15 17:48:06,331 - INFO - HTTP Request: HEAD https://huggingface.co/api/resolve-cache/models/sentence-transformers/all-MiniLM-L6-v2/1110a243fdf4706b3f48f1d95db1a4f5529b4d41/tokenizer_config.json "HTTP/1.1 200 OK"
2026-08-15 17:48:06,396 - INFO - HTTP Request: HEAD https://huggingface.co/sentence-transformers/all-MiniLM-L6-v2/resolve/main/config.json "HTTP/1.1 307 Temporary Redirect"
2026-08-15 17:48:06,418 - INFO - HTTP Request: HEAD https://huggingface.co/api/resolve-cache/models/sentence-transformers/all-MiniLM-L6-v2/1110a243fdf4706b3f48f1d95db1a4f5529b4d41/config.json "HTTP/1.1 200 OK"
2026-08-15 17:48:06,481 - INFO - HTTP Request: HEAD https://huggingface.co/sentence-transformers/all-MiniLM-L6-v2/resolve/main/config.json "HTTP/1.1 307 Temporary Redirect"
2026-08-15 17:48:06,503 - INFO - HTTP Request: HEAD https://huggingface.co/api/resolve-cache/models/sentence-transformers/all-MiniLM-L6-v2/1110a243fdf4706b3f48f1d95db1a4f5529b4d41/config.json "HTTP/1.1 200 OK"
2026-08-15 17:48:06,568 - INFO - HTTP Request: HEAD https://huggingface.co/sentence-transformers/all-MiniLM-L6-v2/resolve/main/tokenizer_config.json "HTTP/1.1 307 Temporary Redirect"
2026-08-15 17:48:06,590 - INFO - HTTP Request: HEAD https://huggingface.co/api/resolve-cache/models/sentence-transformers/all-MiniLM-L6-v2/1110a243fdf4706b3f48f1d95db1a4f5529b4d41/tokenizer_config.json "HTTP/1.1 200 OK"
2026-08-15 17:48:06,659 - INFO - HTTP Request: GET https://huggingface.co/api/models/sentence-transformers/all-MiniLM-L6-v2/tree/main/additional_chat_templates?recursive=false&expand=false "HTTP/1.1 404 Not Found"
2026-08-15 17:48:06,730 - INFO - HTTP Request: GET https://huggingface.co/api/models/sentence-transformers/all-MiniLM-L6-v2/tree/main?recursive=true&expand=false "HTTP/1.1 200 OK"
2026-08-15 17:48:06,805 - INFO - HTTP Request: HEAD https://huggingface.co/sentence-transformers/all-MiniLM-L6-v2/resolve/main/vocab.txt "HTTP/1.1 307 Temporary Redirect"
2026-08-15 17:48:06,827 - INFO - HTTP Request: HEAD https://huggingface.co/api/resolve-cache/models/sentence-transformers/all-MiniLM-L6-v2/1110a243fdf4706b3f48f1d95db1a4f5529b4d41/vocab.txt "HTTP/1.1 200 OK"
2026-08-15 17:48:06,889 - INFO - HTTP Request: HEAD https://huggingface.co/sentence-transformers/all-MiniLM-L6-v2/resolve/main/tokenizer.json "HTTP/1.1 307 Temporary Redirect"
2026-08-15 17:48:06,911 - INFO - HTTP Request: HEAD https://huggingface.co/api/resolve-cache/models/sentence-transformers/all-MiniLM-L6-v2/1110a243fdf4706b3f48f1d95db1a4f5529b4d41/tokenizer.json "HTTP/1.1 200 OK"
2026-08-15 17:48:06,974 - INFO - HTTP Request: HEAD https://huggingface.co/sentence-transformers/all-MiniLM-L6-v2/resolve/main/added_tokens.json "HTTP/1.1 404 Not Found"
2026-08-15 17:48:07,039 - INFO - HTTP Request: HEAD https://huggingface.co/sentence-transformers/all-MiniLM-L6-v2/resolve/main/special_tokens_map.json "HTTP/1.1 307 Temporary Redirect"
2026-08-15 17:48:07,061 - INFO - HTTP Request: HEAD https://huggingface.co/api/resolve-cache/models/sentence-transformers/all-MiniLM-L6-v2/1110a243fdf4706b3f48f1d95db1a4f5529b4d41/special_tokens_map.json "HTTP/1.1 200 OK"
2026-08-15 17:48:07,124 - INFO - HTTP Request: HEAD https://huggingface.co/sentence-transformers/all-MiniLM-L6-v2/resolve/main/chat_template.jinja "HTTP/1.1 404 Not Found"
2026-08-15 17:48:07,221 - INFO - HTTP Request: HEAD https://huggingface.co/sentence-transformers/all-MiniLM-L6-v2/resolve/main/1_Pooling/config.json "HTTP/1.1 307 Temporary Redirect"
2026-08-15 17:48:07,244 - INFO - HTTP Request: HEAD https://huggingface.co/api/resolve-cache/models/sentence-transformers/all-MiniLM-L6-v2/1110a243fdf4706b3f48f1d95db1a4f5529b4d41/1_Pooling%2Fconfig.json "HTTP/1.1 200 OK"
2026-08-15 17:48:07,312 - INFO - HTTP Request: GET https://huggingface.co/api/models/sentence-transformers/all-MiniLM-L6-v2 "HTTP/1.1 200 OK"
2026-08-15 17:48:07,315 - INFO - AI Model loaded successfully.
2026-08-15 17:48:07,315 - INFO - --- Scraper service started (CI Mode: Run Once) ---
2026-08-15 17:48:07,315 - INFO - --- Starting new scraping job (Parallel Mode) ---
2026-08-15 17:48:07,315 - INFO - Connecting to SQLite database...
2026-08-15 17:48:13,867 - INFO - Pre-calculating embeddings for 480 cached articles...
2026-08-15 17:48:32,382 - INFO - Cache built: 5619 URLs. Current MAX_ID: 105199
2026-08-15 17:48:32,382 - INFO - Creating new robust session with 3 retries on 5xx/connection/read errors.
2026-08-15 17:48:32,383 - INFO - Proxy is DISABLED.
2026-08-15 17:48:32,383 - INFO - [BBC] (Thread) requires Selenium. Initializing driver...
2026-08-15 17:48:32,383 - INFO - [Times of India] (Thread) requires Selenium. Initializing driver...
2026-08-15 17:48:32,384 - INFO - [The Hindu] (Thread) requires Selenium. Initializing driver...
2026-08-15 17:48:32,384 - INFO - [Al Jazeera] (Thread) requires Selenium. Initializing driver...
2026-08-15 17:48:32,384 - INFO - Starting scrape for TechCrunch RSS feed: https://techcrunch.com/feed/
2026-08-15 17:48:32,385 - INFO - [Economic Times] (Thread) requires Selenium. Initializing driver...
2026-08-15 17:48:32,386 - INFO - [Wired] (Thread) requires Selenium. Initializing driver...
2026-08-15 17:48:32,387 - INFO - [NDTV] (Thread) requires Selenium. Initializing driver...
2026-08-15 17:48:32,388 - INFO - [Indian Express] (Thread) requires Selenium. Initializing driver...
2026-08-15 17:48:32,388 - INFO - Submitted 9 jobs to thread pool. Waiting up to 420s for completion...
2026-08-15 17:48:34,174 - INFO - Found 0 articles in TechCrunch RSS feed. Processing until 8 new articles are saved.
2026-08-15 17:48:34,464 - INFO - Selenium driver initialized successfully (Eager load strategy, 7s timeout).
2026-08-15 17:48:34,464 - INFO - Starting scrape for Economic Times RSS feed: https://economictimes.indiatimes.com/rssfeedsdefault.cms
2026-08-15 17:48:34,688 - INFO - Selenium driver initialized successfully (Eager load strategy, 7s timeout).
2026-08-15 17:48:34,688 - INFO - Starting scrape for Al Jazeera RSS feed: https://www.aljazeera.com/xml/rss/all.xml
2026-08-15 17:48:34,800 - INFO - Selenium driver initialized successfully (Eager load strategy, 7s timeout).
2026-08-15 17:48:34,800 - INFO - Starting scrape for NDTV RSS feed: https://feeds.feedburner.com/ndtvnews-top-stories
2026-08-15 17:48:34,837 - INFO - Selenium driver initialized successfully (Eager load strategy, 7s timeout).
2026-08-15 17:48:34,843 - INFO - Selenium driver initialized successfully (Eager load strategy, 7s timeout).
2026-08-15 17:48:34,852 - INFO - Starting scrape for Wired RSS feed: https://www.wired.com/feed/rss
2026-08-15 17:48:34,852 - INFO - Starting scrape for The Hindu RSS feed: https://www.thehindu.com/news/national/feeder/default.rss
2026-08-15 17:48:34,950 - INFO - Selenium driver initialized successfully (Eager load strategy, 7s timeout).
2026-08-15 17:48:34,950 - INFO - Starting scrape for Indian Express RSS feed: https://indianexpress.com/feed/
2026-08-15 17:48:34,967 - INFO - Selenium driver initialized successfully (Eager load strategy, 7s timeout).
2026-08-15 17:48:34,967 - INFO - Starting scrape for BBC RSS feed: http://feeds.bbci.co.uk/news/world/rss.xml
2026-08-15 17:48:34,993 - INFO - Selenium driver initialized successfully (Eager load strategy, 7s timeout).
2026-08-15 17:48:34,993 - INFO - Starting scrape for Times of India RSS feed: https://timesofindia.indiatimes.com/rssfeeds/296589292.cms
2026-08-15 17:48:35,219 - INFO - Found 25 articles in Al Jazeera RSS feed. Processing until 8 new articles are saved.
2026-08-15 17:48:35,219 - INFO - [Al Jazeera] Early skip: URL https://www.aljazeera.com/news/2026/8/15/erdogan-says-egypt-could-join-turkiye-saudi-pakistan-defence-pact?traffic_source=rss already exists.
2026-08-15 17:48:35,225 - INFO - Found 20 articles in NDTV RSS feed. Processing until 10 new articles are saved.
2026-08-15 17:48:35,245 - INFO - [NDTV] Early skip: URL https://www.ndtv.com/india-news/chamoli-tunnel-uttarakhand-tunnel-tragedy-leak-debris-were-reported-got-no-response-uttarakhand-tunnel-workers-11915291#publisher=newsstand already exists.
2026-08-15 17:48:35,227 - INFO - [Al Jazeera] Article: https://www.aljazeera.com/video/newsfeed/2026/8/15/one-killed-dozens-injured-after-wildfire-hits-croatian-coast?traffic_source=rss
2026-08-15 17:48:35,249 - INFO - [Al Jazeera] Attempt 1/2: Trying with 'requests_browser' strategy...
2026-08-15 17:48:35,249 - INFO - [NDTV] Early skip: URL https://www.ndtv.com/india-news/bengaluru-man-hits-techie-wifes-face-suffocates-her-then-dies-by-suicide-11914711#publisher=newsstand already exists.
2026-08-15 17:48:35,257 - INFO - [NDTV] Early skip: URL https://www.ndtv.com/india-news/yellow-silk-dhotis-new-dress-code-for-ayodhya-ram-temple-priests-11915227#publisher=newsstand already exists.
2026-08-15 17:48:35,261 - INFO - [NDTV] Early skip: URL https://www.ndtv.com/india-news/echoes-across-the-radcliffe-line-the-battle-for-punjabiyat-in-pakistan-11915168#publisher=newsstand already exists.
2026-08-15 17:48:35,263 - INFO - [NDTV] Early skip: URL https://www.ndtv.com/india-news/congress-signals-support-for-sikh-prisoners-release-amid-bandi-sikh-politics-11915167#publisher=newsstand already exists.
2026-08-15 17:48:35,268 - INFO - [NDTV] Early skip: URL https://www.ndtv.com/world-news/japan-pm-takaichi-skips-visit-to-disputed-shrine-on-world-war-ii-anniversary-11915181#publisher=newsstand already exists.
2026-08-15 17:48:35,293 - INFO - [NDTV] Early skip: URL https://www.ndtv.com/india-news/in-congress-vs-congress-punjab-chiefs-ticket-stance-publicly-contradicted-11915035#publisher=newsstand already exists.
2026-08-15 17:48:35,297 - INFO - Found 76 articles in Economic Times RSS feed. Processing until 20 new articles are saved.
2026-08-15 17:48:35,298 - INFO - [Economic Times] Early skip: URL https://economictimes.indiatimes.com/markets/expert-view/etmarkets-management-talk-man-industries-eyes-bigger-saudi-footprint-region-could-contribute-3540-of-revenue-in-3-years-nikhil-mansukhani/articleshow/133257522.cms already exists.
2026-08-15 17:48:35,298 - INFO - [NDTV] Early skip: URL https://www.ndtv.com/india-news/raipur-murder-parampreet-singh-man-climbs-car-roof-to-stop-girlfriend-her-lover-runs-him-over-11915066#publisher=newsstand already exists.
2026-08-15 17:48:35,303 - INFO - [NDTV] Early skip: URL https://www.ndtv.com/world-news/a-week-of-extreme-heatwave-in-europe-shot-up-deaths-by-16-000-11915044#publisher=newsstand already exists.
2026-08-15 17:48:35,308 - INFO - [NDTV] Early skip: URL https://www.ndtv.com/world-news/5-shot-at-virginia-state-university-1-critical-as-police-probe-multiple-shooters-11915022#publisher=newsstand already exists.
2026-08-15 17:48:35,308 - INFO - [Economic Times] Early skip: URL https://economictimes.indiatimes.com/markets/stocks/news/madhusudan-kelas-portfolio-7-stocks-rally-up-to-135-in-cy26/slideshow/133259821.cms already exists.
2026-08-15 17:48:35,311 - INFO - [NDTV] Early skip: URL https://www.ndtv.com/world-news/in-this-country-women-can-now-inherit-royal-throne-for-1st-time-in-centuries-11915009#publisher=newsstand already exists.
2026-08-15 17:48:35,311 - INFO - [Economic Times] Early skip: URL https://economictimes.indiatimes.com/markets/cryptocurrency/crypto-news/bitcoin-near-63000-as-weaker-etf-demand-and-cancelled-sec-meeting-dampen-crypto-sentiment/articleshow/133259389.cms already exists.
2026-08-15 17:48:35,314 - INFO - Found 50 articles in Wired RSS feed. Processing until 10 new articles are saved.
2026-08-15 17:48:35,314 - INFO - [Wired] Early skip: URL https://www.wired.com/review/retrospec-joe-rev-2/ already exists.
2026-08-15 17:48:35,314 - INFO - [NDTV] Early skip: URL https://www.ndtv.com/india-news/man-stops-on-bridge-for-selfie-with-infant-daughter-throws-her-into-yamuna-11914922#publisher=newsstand already exists.
2026-08-15 17:48:35,317 - INFO - [Economic Times] Early skip: URL https://economictimes.indiatimes.com/mf/mf-news/monarch-mutual-fund-set-to-enter-mf-space-with-maiden-overnight-fund-files-draft-with-sebi/articleshow/133259237.cms already exists.
2026-08-15 17:48:35,318 - INFO - [NDTV] Early skip: URL https://www.ndtv.com/world-news/ukraine-strikes-russian-rocket-centre-supporting-starlink-style-network-11914921#publisher=newsstand already exists.
2026-08-15 17:48:35,319 - INFO - [Economic Times] Early skip: URL https://economictimes.indiatimes.com/markets/expert-view/fo-talk-nifty-consolidation-to-continue-says-sudeep-shah-gives-tata-motors-lenskart-honasa-strategy/articleshow/133259043.cms already exists.
2026-08-15 17:48:35,319 - INFO - [Wired] Early skip: URL https://www.wired.com/story/this-beautifully-weird-necklace-is-secretly-a-usb-drive/ already exists.
2026-08-15 17:48:35,320 - INFO - [Economic Times] Early skip: URL https://economictimes.indiatimes.com/markets/ipos/fpos/ipo-rush-5-companies-to-raise-rs-5499-crore-next-week-shiprocket-4-others-to-list/articleshow/133258703.cms already exists.
2026-08-15 17:48:35,320 - INFO - [Wired] Early skip: URL https://www.wired.com/story/best-apple-watch-accessories/ already exists.
2026-08-15 17:48:35,321 - INFO - [Economic Times] Early skip: URL https://economictimes.indiatimes.com/news/economy/policy/rbi-special-windows-seen-big-enough-to-bring-in-100b/articleshow/132813309.cms already exists.
2026-08-15 17:48:35,321 - INFO - [Wired] Early skip: URL https://www.wired.com/story/instapaper-the-original-read-it-later-app-just-got-a-huge-upgrade/ already exists.
2026-08-15 17:48:35,325 - INFO - Found 60 articles in The Hindu RSS feed. Processing until 20 new articles are saved.
2026-08-15 17:48:35,326 - INFO - [The Hindu] Article: https://www.thehindu.com/news/national/kerala/vande-mataram-skipped-at-state-level-independence-day-function-in-kerala/article71350252.ece
2026-08-15 17:48:35,325 - INFO - [NDTV] Early skip: URL https://www.ndtv.com/world-news/iran-demands-release-of-3-pilots-captured-in-qatar-during-middle-east-war-11914787#publisher=newsstand already exists.
2026-08-15 17:48:35,325 - INFO - [Wired] Early skip: URL https://www.wired.com/review/auk-mini-2-indoor-smart-garden/ already exists.
2026-08-15 17:48:35,325 - INFO - [Economic Times] Early skip: URL https://economictimes.indiatimes.com/news/economy/foreign-trade/india-canada-aim-to-conclude-cepa-trade-pact-by-end-2026-mea/articleshow/132813105.cms already exists.
2026-08-15 17:48:35,326 - INFO - [The Hindu] Attempt 1/1: Trying with 'selenium_browser' strategy...
2026-08-15 17:48:35,327 - INFO - [Economic Times] Early skip: URL https://economictimes.indiatimes.com/news/economy/infrastructure/govts-urban-reset-centre-divides-ministry-of-housing-and-urban-affairs-into-two-specialised-verticals/articleshow/132812900.cms already exists.
2026-08-15 17:48:35,327 - INFO - [Wired] Early skip: URL https://www.wired.com/story/a-young-bodybuilders-rise-preceded-the-looksmaxxing-movement-his-legacy-feels-more-relevant-than-ever/ already exists.
2026-08-15 17:48:35,327 - INFO - [NDTV] Early skip: URL https://www.ndtv.com/world-news/6-9-magnitude-earthquake-strikes-indonesia-second-in-a-day-11914450#publisher=newsstand already exists.
2026-08-15 17:48:35,329 - INFO - [Economic Times] Article: https://economictimes.indiatimes.com/news/economy/foreign-trade/india-uk-ceta-takes-effect-first-zero-duty-indian-coffee-jewellery-consignments-reach-uk-shores/articleshow/132442764.cms
2026-08-15 17:48:35,329 - INFO - [Economic Times] Attempt 1/2: Trying with 'requests_browser' strategy...
2026-08-15 17:48:35,330 - INFO - [NDTV] Early skip: URL https://www.ndtv.com/india-news/tamil-nadu-after-vijays-father-remark-row-over-bjp-leaders-ask-mother-comment-11914709#publisher=newsstand already exists.
2026-08-15 17:48:35,331 - INFO - [Wired] Early skip: URL https://www.wired.com/story/best-apple-watch-bands/ already exists.
2026-08-15 17:48:35,332 - INFO - [Wired] Early skip: URL https://www.wired.com/story/puerto-rico-is-rationing-water-it-could-avoid-it-by-harvesting-rainwater/ already exists.
2026-08-15 17:48:35,332 - INFO - [NDTV] Early skip: URL https://www.ndtv.com/india-news/python-enters-up-meat-shop-to-hunt-goat-drunk-man-wraps-it-around-his-neck-11914795#publisher=newsstand already exists.
2026-08-15 17:48:35,335 - INFO - [Wired] Early skip: URL https://www.wired.com/story/amazon-uses-your-twitch-content-to-train-its-ai-how-to-opt-out/ already exists.
2026-08-15 17:48:35,335 - INFO - [NDTV] Early skip: URL https://www.ndtv.com/world-news/chinas-new-arctic-route-is-a-20-day-voyage-to-europe-but-theres-a-catch-11914723#publisher=newsstand already exists.
2026-08-15 17:48:35,336 - INFO - [Wired] Article: https://www.wired.com/story/google-workspace-promo-code/
2026-08-15 17:48:35,336 - INFO - [Wired] Attempt 1/2: Trying with 'requests_browser' strategy...
2026-08-15 17:48:35,338 - INFO - [NDTV] Early skip: URL https://www.ndtv.com/india-news/action-by-haryana-cops-in-plainclothes-raises-questions-over-court-order-11914609#publisher=newsstand already exists.
2026-08-15 17:48:35,340 - INFO - [NDTV] Early skip: URL https://www.ndtv.com/world-news/taliban-marks-5-years-in-power-in-afghanistan-as-rights-groups-sound-alarm-11914552#publisher=newsstand already exists.
2026-08-15 17:48:35,342 - INFO - [NDTV] (Thread) Finished. Attempting to shut down its Selenium driver.
2026-08-15 17:48:35,363 - INFO - Found 20 articles in Times of India RSS feed. Processing until 20 new articles are saved.
2026-08-15 17:48:35,372 - ERROR - Failed to fetch Indian Express RSS feed: 403 Client Error: Forbidden for url: https://indianexpress.com/feed/
2026-08-15 17:48:35,374 - INFO - [Indian Express] (Thread) Finished. Attempting to shut down its Selenium driver.
2026-08-15 17:48:35,374 - INFO - [Times of India] Article: https://timesofindia.indiatimes.com/world/rest-of-world/if-i-leave-i-lose-everything-indian-student-in-canada-seeks-discharge-to-avoid-deportation-after-supermarket-fraud-conviction/articleshow/133266325.cms
2026-08-15 17:48:35,377 - INFO - [Times of India] Attempt 1/1: Trying with 'selenium_browser' strategy...
2026-08-15 17:48:35,429 - INFO - [NDTV] (Thread) driver.quit() successful.
2026-08-15 17:48:35,451 - INFO - [Indian Express] (Thread) driver.quit() successful.
2026-08-15 17:48:35,525 - ERROR - parsed tree length: 1, wrong data type or not valid HTML
2026-08-15 17:48:35,525 - ERROR - empty HTML tree: None
2026-08-15 17:48:35,525 - WARNING - discarding data: None
2026-08-15 17:48:35,525 - WARNING - [Wired] FAILED with 'requests_browser' (content was too short: 0 words).
2026-08-15 17:48:35,541 - WARNING - [Al Jazeera] FAILED with 'requests_browser' (content was too short: 68 words).
2026-08-15 17:48:35,624 - INFO - Found 28 articles in BBC RSS feed. Processing until 10 new articles are saved.
2026-08-15 17:48:35,624 - INFO - [BBC] Early skip: URL https://www.bbc.co.uk/news/articles/c5y0zz63gero?at_medium=RSS&at_campaign=rss already exists.
2026-08-15 17:48:35,626 - INFO - [BBC] Early skip: URL https://www.bbc.co.uk/news/articles/c4gjygx4gjeo?at_medium=RSS&at_campaign=rss already exists.
2026-08-15 17:48:35,627 - INFO - [BBC] Early skip: URL https://www.bbc.co.uk/news/articles/cd69ely319eo?at_medium=RSS&at_campaign=rss already exists.
2026-08-15 17:48:35,629 - INFO - [BBC] Early skip: URL https://www.bbc.co.uk/news/articles/c171yp5zdrxo?at_medium=RSS&at_campaign=rss already exists.
2026-08-15 17:48:35,630 - INFO - [BBC] Early skip: URL https://www.bbc.co.uk/news/articles/c8en2z9jp2xo?at_medium=RSS&at_campaign=rss already exists.
2026-08-15 17:48:35,631 - INFO - [BBC] Early skip: URL https://www.bbc.co.uk/news/articles/cy0j60p0d29o?at_medium=RSS&at_campaign=rss already exists.
2026-08-15 17:48:35,633 - INFO - [BBC] Early skip: URL https://www.bbc.co.uk/news/articles/c0l5583903yo?at_medium=RSS&at_campaign=rss already exists.
2026-08-15 17:48:35,634 - INFO - [BBC] Early skip: URL https://www.bbc.co.uk/news/articles/cx2vj433xqlo?at_medium=RSS&at_campaign=rss already exists.
2026-08-15 17:48:35,635 - INFO - [BBC] Early skip: URL https://www.bbc.co.uk/news/articles/clyje43dz4eo?at_medium=RSS&at_campaign=rss already exists.
2026-08-15 17:48:35,637 - INFO - [BBC] Early skip: URL https://www.bbc.co.uk/news/articles/c1w1ylw0p3no?at_medium=RSS&at_campaign=rss already exists.
2026-08-15 17:48:35,639 - INFO - [BBC] Early skip: URL https://www.bbc.co.uk/news/articles/c9342wn2x27o?at_medium=RSS&at_campaign=rss already exists.
2026-08-15 17:48:35,645 - INFO - [BBC] Early skip: URL https://www.bbc.co.uk/news/articles/c5ydzg0dnz7o?at_medium=RSS&at_campaign=rss already exists.
2026-08-15 17:48:35,646 - INFO - [BBC] Early skip: URL https://www.bbc.co.uk/news/articles/cq561gpen8lo?at_medium=RSS&at_campaign=rss already exists.
2026-08-15 17:48:35,648 - INFO - [BBC] Early skip: URL https://www.bbc.co.uk/news/articles/c89n20wj9kko?at_medium=RSS&at_campaign=rss already exists.
2026-08-15 17:48:35,649 - INFO - [BBC] Early skip: URL https://www.bbc.co.uk/news/articles/c5yr8r04edvo?at_medium=RSS&at_campaign=rss already exists.
2026-08-15 17:48:35,650 - INFO - [BBC] Early skip: URL https://www.bbc.co.uk/news/articles/c8jnwnw22ngo?at_medium=RSS&at_campaign=rss already exists.
2026-08-15 17:48:35,652 - INFO - [BBC] Early skip: URL https://www.bbc.co.uk/news/articles/cm2gp5g0xngo?at_medium=RSS&at_campaign=rss already exists.
2026-08-15 17:48:35,653 - INFO - [BBC] Early skip: URL https://www.bbc.co.uk/news/articles/cp3rprx2wl4o?at_medium=RSS&at_campaign=rss already exists.
2026-08-15 17:48:35,654 - INFO - [BBC] Early skip: URL https://www.bbc.co.uk/news/articles/c4gkyez7195o?at_medium=RSS&at_campaign=rss already exists.
2026-08-15 17:48:35,656 - INFO - [BBC] Early skip: URL https://www.bbc.co.uk/news/articles/c4gxy0wqqd9o?at_medium=RSS&at_campaign=rss already exists.
2026-08-15 17:48:35,659 - INFO - [BBC] Early skip: URL https://www.bbc.co.uk/news/articles/cd0xk82mrpyo?at_medium=RSS&at_campaign=rss already exists.
2026-08-15 17:48:35,661 - INFO - [BBC] Early skip: URL https://www.bbc.co.uk/news/articles/c87nwq9qe24o?at_medium=RSS&at_campaign=rss already exists.
2026-08-15 17:48:35,663 - INFO - [BBC] Early skip: URL https://www.bbc.co.uk/news/videos/c39eekgv79ko?at_medium=RSS&at_campaign=rss already exists.
2026-08-15 17:48:35,664 - INFO - [BBC] Early skip: URL https://www.bbc.co.uk/news/videos/cj4kg74ndggo?at_medium=RSS&at_campaign=rss already exists.
2026-08-15 17:48:35,666 - INFO - [BBC] Early skip: URL https://www.bbc.co.uk/news/videos/c7vg06pjdmqo?at_medium=RSS&at_campaign=rss already exists.
2026-08-15 17:48:35,668 - INFO - [BBC] Early skip: URL https://www.bbc.co.uk/news/videos/cly58dnde5yo?at_medium=RSS&at_campaign=rss already exists.
2026-08-15 17:48:35,684 - INFO - [BBC] Early skip: URL https://www.bbc.co.uk/news/videos/cddjlrzd26eo?at_medium=RSS&at_campaign=rss already exists.
2026-08-15 17:48:35,686 - INFO - [BBC] Early skip: URL https://www.bbc.co.uk/news/videos/c36dyep3k1ko?at_medium=RSS&at_campaign=rss already exists.
2026-08-15 17:48:35,688 - INFO - [BBC] (Thread) Finished. Attempting to shut down its Selenium driver.
2026-08-15 17:48:35,701 - INFO - [Economic Times] Success with 'requests_browser'. Found content (946 words).
2026-08-15 17:48:35,794 - INFO - [BBC] (Thread) driver.quit() successful.
2026-08-15 17:48:37,373 - INFO - [Al Jazeera] Article: https://www.aljazeera.com/video/newsfeed/2026/8/15/one-killed-dozens-injured-after-wildfire-hits-croatian-coast?traffic_source=rss
2026-08-15 17:48:37,871 - INFO - [Al Jazeera] Attempt 2/2: Trying with 'selenium_browser' strategy...
2026-08-15 17:48:37,373 - INFO - [Wired] Article: https://www.wired.com/story/google-workspace-promo-code/
2026-08-15 17:48:37,872 - INFO - [Wired] Attempt 2/2: Trying with 'selenium_browser' strategy...
2026-08-15 17:48:38,896 - ERROR - Error saving article India-UK CETA takes effect: First zero-duty Indian coffee, jewellery consignments reach UK shores - The Economic Times: Hrana: `stream error: `Error { message: "SQLite error: UNIQUE constraint failed: articles.url", code: "SQLITE_CONSTRAINT" }``
2026-08-15 17:48:39,073 - INFO - [The Hindu] Page content loaded.
2026-08-15 17:48:39,717 - INFO - [The Hindu] Success with 'selenium_browser'. Found content (399 words).
2026-08-15 17:48:39,905 - INFO - [Economic Times] Article: https://economictimes.indiatimes.com/news/economy/foreign-trade/from-oman-to-tanzania-how-the-iran-war-is-redrawing-indias-trade-map/articleshow/131762760.cms
2026-08-15 17:48:39,905 - INFO - [Economic Times] Attempt 1/2: Trying with 'requests_browser' strategy...
2026-08-15 17:48:39,968 - INFO - DEDUPLICATION: Found match (Score: 0.83). Linking to Cluster ID: c6bc0c42-863b-4047-855f-12ce3f1bb874
2026-08-15 17:48:43,331 - INFO - >>> SUCCESSFULLY SAVED [ID: 105201] - Vande Mataram skipped at State-level Independence Day function in Kerala - The Hindu from The Hindu (399 words)
2026-08-15 17:48:43,453 - INFO - [Economic Times] Success with 'requests_browser'. Found content (385 words).
2026-08-15 17:48:45,372 - INFO - [Al Jazeera] Page content loaded.
2026-08-15 17:48:45,373 - INFO - [The Hindu] Article: https://www.thehindu.com/news/national/andhra-pradesh/several-police-correctional-services-officers-receive-psm-and-msm-medals/article71350175.ece
2026-08-15 17:48:45,373 - INFO - [The Hindu] Attempt 1/1: Trying with 'selenium_browser' strategy...
2026-08-15 17:48:46,861 - ERROR - Error saving article From Oman to Tanzania: How the Iran war is redrawing India’s trade map - The Economic Times: Hrana: `stream error: `Error { message: "SQLite error: UNIQUE constraint failed: articles.url", code: "SQLITE_CONSTRAINT" }``
2026-08-15 17:48:46,931 - WARNING - [Al Jazeera] FAILED with 'selenium_browser' (content was too short: 68 words).
2026-08-15 17:48:46,931 - ERROR - [Al Jazeera] All scrape strategies failed for https://www.aljazeera.com/video/newsfeed/2026/8/15/one-killed-dozens-injured-after-wildfire-hits-croatian-coast?traffic_source=rss. Falling back to RSS description.
2026-08-15 17:48:46,931 - WARNING - SKIPPED (GLOBAL WORD LIMIT): Article 'One killed, dozens injured after wildfire hits Croatian coast' from Al Jazeera has only 22 words (Min: 90).
2026-08-15 17:48:47,536 - INFO - [Economic Times] Article: https://economictimes.indiatimes.com/news/economy/policy/fm-sitharaman-flags-global-crisis-spillovers-unfair-burden-on-developing-nations/articleshow/131668427.cms
2026-08-15 17:48:47,536 - INFO - [Economic Times] Attempt 1/2: Trying with 'requests_browser' strategy...
2026-08-15 17:48:47,890 - INFO - [Al Jazeera] Early skip: URL https://www.aljazeera.com/news/2026/8/15/sudans-al-burhan-pledges-immunity-for-dialogue-rules-out-hemedti-return?traffic_source=rss already exists.
2026-08-15 17:48:47,900 - INFO - [Al Jazeera] Early skip: URL https://www.aljazeera.com/news/2026/8/15/ukraine-hits-russian-starlink-style-network-moscow-tracks-arms-package?traffic_source=rss already exists.
2026-08-15 17:48:47,906 - INFO - [Al Jazeera] Article: https://www.aljazeera.com/video/newsfeed/2026/8/15/15-08-reported-nour-west-bank-ps?traffic_source=rss
2026-08-15 17:48:47,907 - INFO - [Al Jazeera] Attempt 1/2: Trying with 'requests_browser' strategy...
2026-08-15 17:48:47,981 - INFO - [Economic Times] Success with 'requests_browser'. Found content (317 words).
2026-08-15 17:48:48,094 - WARNING - [Al Jazeera] FAILED with 'requests_browser' (content was too short: 64 words).
2026-08-15 17:48:49,682 - INFO - [Al Jazeera] Article: https://www.aljazeera.com/video/newsfeed/2026/8/15/15-08-reported-nour-west-bank-ps?traffic_source=rss
2026-08-15 17:48:49,682 - INFO - [Al Jazeera] Attempt 2/2: Trying with 'selenium_browser' strategy...
2026-08-15 17:48:51,198 - ERROR - Error saving article FM Sitharaman flags global crisis spillovers, unfair burden on developing nations - The Economic Times: Hrana: `stream error: `Error { message: "SQLite error: UNIQUE constraint failed: articles.url", code: "SQLITE_CONSTRAINT" }``
2026-08-15 17:48:51,615 - INFO - [The Hindu] Page content loaded.
2026-08-15 17:48:52,531 - INFO - [Economic Times] Article: https://economictimes.indiatimes.com/tech/technology/apple-faces-indian-engineers-bias-lawsuit/articleshow/81694292.cms
2026-08-15 17:48:52,532 - INFO - [Economic Times] Attempt 1/2: Trying with 'requests_browser' strategy...
2026-08-15 17:48:52,898 - ERROR - parsed tree length: 1, wrong data type or not valid HTML
2026-08-15 17:48:52,899 - ERROR - empty HTML tree: None
2026-08-15 17:48:52,899 - WARNING - discarding data: None
2026-08-15 17:48:52,899 - WARNING - [Economic Times] FAILED with 'requests_browser' (content was too short: 0 words).
2026-08-15 17:48:53,719 - INFO - [Economic Times] Article: https://economictimes.indiatimes.com/tech/technology/apple-faces-indian-engineers-bias-lawsuit/articleshow/81694292.cms
2026-08-15 17:48:53,720 - INFO - [Economic Times] Attempt 2/2: Trying with 'selenium_browser' strategy...
2026-08-15 17:48:58,657 - ERROR - [The Hindu] Request failed for strategy 'selenium_browser' on URL https://www.thehindu.com/news/national/andhra-pradesh/several-police-correctional-services-officers-receive-psm-and-msm-medals/article71350175.ece: Message: timeout: Timed out receiving message from renderer: 7.000
  (Session info: chrome=152.0.7977.42)
Stacktrace:
#0 0x560bced962ca <unknown>
#1 0x560bce6f9b39 <unknown>
#2 0x560bce6e15bb <unknown>
#3 0x560bce6e1236 <unknown>
#4 0x560bce6dee18 <unknown>
#5 0x560bce6df79f <unknown>
#6 0x560bce6ee880 <unknown>
#7 0x560bce7087b7 <unknown>
#8 0x560bce71019b <unknown>
#9 0x560bce6dfef9 <unknown>
#10 0x560bce708512 <unknown>
#11 0x560bce797b26 <unknown>
#12 0x560bce742ecb <unknown>
#13 0x560bce743cb1 <unknown>
#14 0x560bced5a7f0 <unknown>
#15 0x560bced58e6a <unknown>
#16 0x560bced43bb5 <unknown>
#17 0x560bced59b2a <unknown>
#18 0x560bced2cdf0 <unknown>
#19 0x560bced81238 <unknown>
#20 0x560bced813d5 <unknown>
#21 0x560bced94e53 <unknown>
#22 0x7f4097a9cb84 <unknown>
#23 0x7f4097b29d6c <unknown>

2026-08-15 17:48:58,682 - ERROR - [The Hindu] All scrape strategies failed for https://www.thehindu.com/news/national/andhra-pradesh/several-police-correctional-services-officers-receive-psm-and-msm-medals/article71350175.ece. Falling back to RSS description.
2026-08-15 17:48:58,682 - WARNING - SKIPPED (GLOBAL WORD LIMIT): Article 'Several police, correctional services officers receive PSM and MSM medals' from The Hindu has only 15 words (Min: 90).
2026-08-15 17:48:59,089 - INFO - [Economic Times] Page content loaded.
2026-08-15 17:48:59,202 - INFO - [Wired] Page content loaded.
2026-08-15 17:48:59,922 - INFO - [Economic Times] Success with 'selenium_browser'. Found content (743 words).
2026-08-15 17:48:59,957 - INFO - [The Hindu] Early skip: URL https://www.thehindu.com/news/national/andhra-pradesh/chief-minister-naidu-high-court-chief-justice-lisa-gill-attend-at-home-hosted-by-governor-abdul-nazeer/article71350188.ece already exists.
2026-08-15 17:48:59,972 - INFO - [The Hindu] Early skip: URL https://www.thehindu.com/business/Economy/government-rolls-out-foreign-asset-disclosure-scheme-for-small-taxpayers/article71350429.ece already exists.
2026-08-15 17:48:59,983 - INFO - [The Hindu] Early skip: URL https://www.thehindu.com/news/national/tamil-nadu/ngt-directs-tnpcb-to-set-timeline-for-iit-ms-comprehensive-study-on-pollution-issues-in-neyveli/article71349303.ece already exists.
2026-08-15 17:48:59,991 - INFO - [The Hindu] Early skip: URL https://www.thehindu.com/news/national/dipke-set-to-launch-school-thik-karo-campaign-accuses-parties-of-neglecting-govt-run-schools/article71348483.ece already exists.
2026-08-15 17:49:00,000 - INFO - [The Hindu] Early skip: URL https://www.thehindu.com/news/national/bci-chairman-apologises-to-law-students-amid-enrolment-ban-controversy/article71350433.ece already exists.
2026-08-15 17:49:00,012 - INFO - [The Hindu] Early skip: URL https://www.thehindu.com/news/national/ramdev-express-concern-over-growing-youth-unrest-on-education-recruitment-issues/article71349413.ece already exists.
2026-08-15 17:49:00,023 - INFO - [The Hindu] Early skip: URL https://www.thehindu.com/business/Economy/even-as-government-considers-mdr-charge-on-upi-data-shows-cash-usage-quickening-in-economy/article71345365.ece already exists.
2026-08-15 17:49:00,031 - INFO - [The Hindu] Early skip: URL https://www.thehindu.com/news/national/pm-modi-lays-out-seven-point-sapta-dhara-framework-for-viksit-bharat/article71348519.ece already exists.
2026-08-15 17:49:00,039 - INFO - [The Hindu] Article: https://www.thehindu.com/news/national/tamil-nadu/engineers-in-rural-development-and-panchayat-raj-department-complain-over-lack-of-promotion-opportunities/article71349194.ece
2026-08-15 17:49:00,039 - INFO - [The Hindu] Attempt 1/1: Trying with 'selenium_browser' strategy...
2026-08-15 17:49:03,675 - ERROR - Error saving article Apple faces Indian engineer’s bias lawsuit - The Economic Times: Hrana: `stream error: `Error { message: "SQLite error: UNIQUE constraint failed: articles.url", code: "SQLITE_CONSTRAINT" }``
2026-08-15 17:49:04,240 - INFO - [Wired] Success with 'selenium_browser'. Found content (1140 words).
2026-08-15 17:49:04,942 - INFO - [Economic Times] Article: https://economictimes.indiatimes.com/news/defence/despite-transatlantic-love-fest-eu-charts-third-way-in-ties-with-us-and-china/articleshow/81467467.cms
2026-08-15 17:49:04,942 - INFO - [Economic Times] Attempt 1/2: Trying with 'requests_browser' strategy...
2026-08-15 17:49:08,254 - ERROR - Error saving article Google Workspace Promo Codes: 14% Off for August 2026 | WIRED: Hrana: `stream error: `Error { message: "SQLite error: UNIQUE constraint failed: articles.url", code: "SQLITE_CONSTRAINT" }``
2026-08-15 17:49:08,576 - INFO - [Economic Times] Success with 'requests_browser'. Found content (799 words).
2026-08-15 17:49:10,531 - INFO - [Wired] Early skip: URL https://www.wired.com/story/new-york-city-lawmakers-push-to-ban-the-scan-at-msg/ already exists.
2026-08-15 17:49:11,019 - INFO - [Wired] Article: https://www.wired.com/story/the-8-best-movies-to-stream-right-now/
2026-08-15 17:49:11,019 - INFO - [Wired] Attempt 1/2: Trying with 'requests_browser' strategy...
2026-08-15 17:49:12,050 - ERROR - Error saving article Despite transatlantic 'love fest', EU charts third way in ties with US and China - The Economic Times: Hrana: `stream error: `Error { message: "SQLite error: UNIQUE constraint failed: articles.url", code: "SQLITE_CONSTRAINT" }``
2026-08-15 17:49:12,380 - ERROR - parsed tree length: 1, wrong data type or not valid HTML
2026-08-15 17:49:12,397 - ERROR - empty HTML tree: None
2026-08-15 17:49:12,397 - WARNING - discarding data: None
2026-08-15 17:49:12,397 - WARNING - [Wired] FAILED with 'requests_browser' (content was too short: 0 words).
2026-08-15 17:49:13,233 - INFO - [Economic Times] Article: https://economictimes.indiatimes.com/tech/tech-bytes/twitters-india-policy-head-to-step-down-will-transition-in-march/articleshow/80732868.cms
2026-08-15 17:49:13,233 - INFO - [Economic Times] Attempt 1/2: Trying with 'requests_browser' strategy...
2026-08-15 17:49:13,258 - INFO - [Wired] Article: https://www.wired.com/story/the-8-best-movies-to-stream-right-now/
2026-08-15 17:49:13,258 - INFO - [Wired] Attempt 2/2: Trying with 'selenium_browser' strategy...
2026-08-15 17:49:13,624 - ERROR - parsed tree length: 1, wrong data type or not valid HTML
2026-08-15 17:49:13,624 - ERROR - empty HTML tree: None
2026-08-15 17:49:13,624 - WARNING - discarding data: None
2026-08-15 17:49:13,624 - WARNING - [Economic Times] FAILED with 'requests_browser' (content was too short: 0 words).
2026-08-15 17:49:14,489 - INFO - [Economic Times] Article: https://economictimes.indiatimes.com/tech/tech-bytes/twitters-india-policy-head-to-step-down-will-transition-in-march/articleshow/80732868.cms
2026-08-15 17:49:14,495 - INFO - [Economic Times] Attempt 2/2: Trying with 'selenium_browser' strategy...
2026-08-15 17:49:21,870 - INFO - [Times of India] Page content loaded.
2026-08-15 17:49:24,064 - INFO - [Times of India] Success with 'selenium_browser'. Found content (566 words).
2026-08-15 17:49:29,159 - INFO - >>> SUCCESSFULLY SAVED [ID: 105207] - ‘If I leave, I lose everything’: Indian student in Canada seeks discharge to avoid deportation after supermarket fraud conviction from Times of India (566 words)
2026-08-15 17:49:30,416 - INFO - [Wired] Page content loaded.
2026-08-15 17:49:30,594 - INFO - [Times of India] Article: https://timesofindia.indiatimes.com/world/rest-of-world/indonesia-rocked-by-3-major-quakes-and-more-than-230-aftershocks-in-24-hours/articleshow/133266309.cms
2026-08-15 17:49:30,594 - INFO - [Times of India] Attempt 1/1: Trying with 'selenium_browser' strategy...
2026-08-15 17:49:36,197 - WARNING - [The Hindu] Page get timed out (7s). Proceeding to grab partial source anyway.
2026-08-15 17:49:38,851 - INFO - [Wired] Success with 'selenium_browser'. Found content (1589 words).
2026-08-15 17:49:41,272 - WARNING - [Al Jazeera] Page get timed out (7s). Proceeding to grab partial source anyway.
2026-08-15 17:49:42,774 - INFO - [Al Jazeera] Page content loaded.
2026-08-15 17:49:42,777 - ERROR - Error saving article The Best Movies to Stream This Month (August 2026) | WIRED: Hrana: `stream error: `Error { message: "SQLite error: UNIQUE constraint failed: articles.url", code: "SQLITE_CONSTRAINT" }``
2026-08-15 17:49:43,089 - WARNING - [Al Jazeera] FAILED with 'selenium_browser' (content was too short: 68 words).
2026-08-15 17:49:43,092 - ERROR - [Al Jazeera] All scrape strategies failed for https://www.aljazeera.com/video/newsfeed/2026/8/15/15-08-reported-nour-west-bank-ps?traffic_source=rss. Falling back to RSS description.
2026-08-15 17:49:43,092 - WARNING - SKIPPED (GLOBAL WORD LIMIT): Article 'Israeli settlers besiege Palestinian families in occupied West Bank' from Al Jazeera has only 20 words (Min: 90).
2026-08-15 17:49:43,216 - WARNING - [The Hindu] Page explicit wait timed out (3s). Proceeding anyway.
2026-08-15 17:49:43,446 - INFO - [Economic Times] Page content loaded.
2026-08-15 17:49:43,790 - INFO - [Wired] Early skip: URL https://www.wired.com/story/unitree-influencer-4-foot-robot-from-china/ already exists.
2026-08-15 17:49:43,795 - INFO - [Wired] Early skip: URL https://www.wired.com/story/tech-visionary-says-the-big-ai-labs-dont-get-what-people-want/ already exists.
2026-08-15 17:49:43,799 - INFO - [Wired] Article: https://www.wired.com/gallery/best-wireless-chargers/
2026-08-15 17:49:43,799 - INFO - [Wired] Attempt 1/2: Trying with 'requests_browser' strategy...
2026-08-15 17:49:43,982 - INFO - [Times of India] Page content loaded.
2026-08-15 17:49:44,074 - ERROR - parsed tree length: 1, wrong data type or not valid HTML
2026-08-15 17:49:44,100 - ERROR - empty HTML tree: None
2026-08-15 17:49:44,100 - WARNING - discarding data: None
2026-08-15 17:49:44,100 - WARNING - [Wired] FAILED with 'requests_browser' (content was too short: 0 words).
2026-08-15 17:49:44,350 - INFO - [Al Jazeera] Early skip: URL https://www.aljazeera.com/features/2026/8/15/sedition-to-anthem-many-lives-of-aazadi-chants-in-indias-youth-protests?traffic_source=rss already exists.
2026-08-15 17:49:44,354 - INFO - [Al Jazeera] Early skip: URL https://www.aljazeera.com/news/longform/2026/8/15/how-blind-football-is-helping-women-overcome-barriers-in-mexico?traffic_source=rss already exists.
2026-08-15 17:49:44,356 - INFO - [Al Jazeera] Early skip: URL https://www.aljazeera.com/features/2026/8/15/the-next-yemen-war-might-be-different?traffic_source=rss already exists.
2026-08-15 17:49:44,361 - INFO - [Al Jazeera] Article: https://www.aljazeera.com/video/newsfeed/2026/8/15/afghans-mark-five-years-of-taliban-rule?traffic_source=rss
2026-08-15 17:49:44,361 - INFO - [Al Jazeera] Attempt 1/2: Trying with 'requests_browser' strategy...
2026-08-15 17:49:44,516 - INFO - [Economic Times] Success with 'selenium_browser'. Found content (615 words).
2026-08-15 17:49:44,601 - WARNING - [Al Jazeera] FAILED with 'requests_browser' (content was too short: 58 words).
2026-08-15 17:49:46,244 - INFO - [Wired] Article: https://www.wired.com/gallery/best-wireless-chargers/
2026-08-15 17:49:46,244 - INFO - [Wired] Attempt 2/2: Trying with 'selenium_browser' strategy...
2026-08-15 17:49:46,266 - INFO - [Al Jazeera] Article: https://www.aljazeera.com/video/newsfeed/2026/8/15/afghans-mark-five-years-of-taliban-rule?traffic_source=rss
2026-08-15 17:49:46,266 - INFO - [Al Jazeera] Attempt 2/2: Trying with 'selenium_browser' strategy...
2026-08-15 17:49:47,793 - ERROR - Error saving article Twitter's India policy head, Mahima Kaul, to step down; will transition in March - The Economic Times: Hrana: `stream error: `Error { message: "SQLite error: UNIQUE constraint failed: articles.url", code: "SQLITE_CONSTRAINT" }``
2026-08-15 17:49:47,969 - INFO - [Times of India] Success with 'selenium_browser'. Found content (260 words).
2026-08-15 17:49:48,266 - INFO - DEDUPLICATION: Found match (Score: 0.82). Linking to Cluster ID: 58f9e8a5-1cd4-435e-b186-21a6bc7c28e1
2026-08-15 17:49:49,813 - INFO - [Economic Times] Article: https://economictimes.indiatimes.com/tech/tech-and-gadgets/govt-may-keep-rs-7500-cr-outlay-for-it-hardware-manufacturing-under-pli-scheme/articleshow/80333429.cms
2026-08-15 17:49:49,813 - INFO - [Economic Times] Attempt 1/2: Trying with 'requests_browser' strategy...
2026-08-15 17:49:50,314 - ERROR - [The Hindu] Request failed for strategy 'selenium_browser' on URL https://www.thehindu.com/news/national/tamil-nadu/engineers-in-rural-development-and-panchayat-raj-department-complain-over-lack-of-promotion-opportunities/article71349194.ece: Message: timeout: Timed out receiving message from renderer: 7.000
  (Session info: chrome=152.0.7977.42)
Stacktrace:
#0 0x560bced962ca <unknown>
#1 0x560bce6f9b39 <unknown>
#2 0x560bce6e15bb <unknown>
#3 0x560bce6e1236 <unknown>
#4 0x560bce6dee18 <unknown>
#5 0x560bce6df79f <unknown>
#6 0x560bce6ee880 <unknown>
#7 0x560bce7087b7 <unknown>
#8 0x560bce71019b <unknown>
#9 0x560bce6dfef9 <unknown>
#10 0x560bce708512 <unknown>
#11 0x560bce797b26 <unknown>
#12 0x560bce742ecb <unknown>
#13 0x560bce743cb1 <unknown>
#14 0x560bced5a7f0 <unknown>
#15 0x560bced58e6a <unknown>
#16 0x560bced43bb5 <unknown>
#17 0x560bced59b2a <unknown>
#18 0x560bced2cdf0 <unknown>
#19 0x560bced81238 <unknown>
#20 0x560bced813d5 <unknown>
#21 0x560bced94e53 <unknown>
#22 0x7f4097a9cb84 <unknown>
#23 0x7f4097b29d6c <unknown>

2026-08-15 17:49:50,317 - ERROR - [The Hindu] All scrape strategies failed for https://www.thehindu.com/news/national/tamil-nadu/engineers-in-rural-development-and-panchayat-raj-department-complain-over-lack-of-promotion-opportunities/article71349194.ece. Falling back to RSS description.
2026-08-15 17:49:50,317 - WARNING - SKIPPED (GLOBAL WORD LIMIT): Article 'Engineers in Rural Development and Panchayat Raj Department complain over lack of promotion opportunities' from The Hindu has only 27 words (Min: 90).
2026-08-15 17:49:51,334 - INFO - [The Hindu] Early skip: URL https://www.thehindu.com/news/national/attempt-to-stigmatise-dissent-opposition-hits-out-at-pm-modi-over-dimagi-naxal-jibe/article71349200.ece already exists.
2026-08-15 17:49:51,638 - INFO - [The Hindu] Early skip: URL https://www.thehindu.com/news/national/pm-modis-i-day-speech-will-be-a-milestone-towards-viksit-bharat-journey-amit-shah/article71350057.ece already exists.
2026-08-15 17:49:51,640 - INFO - >>> SUCCESSFULLY SAVED [ID: 105210] - Indonesia rocked by 3 major quakes and more than 230 aftershocks in 24 hours from Times of India (260 words)
2026-08-15 17:49:51,640 - INFO - [The Hindu] Early skip: URL https://www.thehindu.com/news/national/telangana/hc-cj-appeal-to-legal-fraternity/article71350462.ece already exists.
2026-08-15 17:49:51,641 - INFO - [The Hindu] Early skip: URL https://www.thehindu.com/news/cities/Coimbatore/msmes-in-coimbatore-to-explore-green-hydrogen-sector/article71350498.ece already exists.
2026-08-15 17:49:51,643 - INFO - [The Hindu] Early skip: URL https://www.thehindu.com/news/national/jharkhand/jharkhand-tiranga-march-job-exam-stir-day-22-devendra-mahta-fast/article71348936.ece already exists.
2026-08-15 17:49:51,646 - INFO - [The Hindu] Article: https://www.thehindu.com/news/national/telangana/man-held-for-cheating-property-owners-of-10-crore-in-loan-fraud/article71349611.ece
2026-08-15 17:49:51,647 - INFO - [The Hindu] Attempt 1/1: Trying with 'selenium_browser' strategy...
2026-08-15 17:49:51,660 - ERROR - parsed tree length: 1, wrong data type or not valid HTML
2026-08-15 17:49:51,660 - ERROR - empty HTML tree: None
2026-08-15 17:49:51,660 - WARNING - discarding data: None
2026-08-15 17:49:51,660 - WARNING - [Economic Times] FAILED with 'requests_browser' (content was too short: 0 words).
2026-08-15 17:49:52,041 - INFO - [Al Jazeera] Page content loaded.
2026-08-15 17:49:52,166 - INFO - [Economic Times] Article: https://economictimes.indiatimes.com/tech/tech-and-gadgets/govt-may-keep-rs-7500-cr-outlay-for-it-hardware-manufacturing-under-pli-scheme/articleshow/80333429.cms
2026-08-15 17:49:52,167 - INFO - [Economic Times] Attempt 2/2: Trying with 'selenium_browser' strategy...
2026-08-15 17:49:52,364 - WARNING - [Al Jazeera] FAILED with 'selenium_browser' (content was too short: 62 words).
2026-08-15 17:49:52,374 - ERROR - [Al Jazeera] All scrape strategies failed for https://www.aljazeera.com/video/newsfeed/2026/8/15/afghans-mark-five-years-of-taliban-rule?traffic_source=rss. Falling back to RSS description.
2026-08-15 17:49:52,374 - WARNING - SKIPPED (GLOBAL WORD LIMIT): Article 'Afghans mark five years of Taliban rule' from Al Jazeera has only 15 words (Min: 90).
2026-08-15 17:49:52,648 - INFO - [Times of India] Early skip: URL https://timesofindia.indiatimes.com/world/uk/meet-jamie-bell-the-18-year-old-london-teen-who-started-selling-old-lego-at-13-and-generated-over-400000-in-annual-sales-with-nearly-68000-profit/articleshow/133264961.cms already exists.
2026-08-15 17:49:52,653 - INFO - [Times of India] Early skip: URL https://timesofindia.indiatimes.com/world/europe/magnitude-5-earthquake-strikes-near-spains-granada-damages-homes-and-cars/articleshow/133265541.cms already exists.
2026-08-15 17:49:52,656 - INFO - [Times of India] Early skip: URL https://timesofindia.indiatimes.com/world/europe/quote-of-the-day-by-plato-the-heaviest-penalty-for-declining-to-rule-is-the-ancient-lesson-about-choosing-who-leads/articleshow/133265252.cms already exists.
2026-08-15 17:49:52,660 - INFO - [Times of India] Early skip: URL https://timesofindia.indiatimes.com/world/rest-of-world/quote-of-the-day-by-khalil-gibran-your-pain-is-the-breaking-of-the-shell-that-encloses-your-understanding/articleshow/133264802.cms already exists.
2026-08-15 17:49:52,661 - INFO - [Times of India] Early skip: URL https://timesofindia.indiatimes.com/world/us/in-1958-the-us-moved-25-caribou-to-an-alaska-island-as-emergency-food-for-military-personnel-by-2005-their-herd-had-grown-to-2750/articleshow/133264577.cms already exists.
2026-08-15 17:49:52,663 - INFO - [Times of India] Early skip: URL https://timesofindia.indiatimes.com/world/us/in-1923-wardens-began-protecting-a-35-acre-texas-island-where-the-states-last-reddish-egrets-survived-one-family-lived-there-full-time-in-a-two-room-hut-and-today-it-holds-the-worlds-largest-nesting-colony/articleshow/133264273.cms already exists.
2026-08-15 17:49:52,664 - INFO - [Times of India] Early skip: URL https://timesofindia.indiatimes.com/world/rest-of-world/in-1975-chantal-doecke-was-evacuated-from-vietnam-to-australia-as-a-newborn-49-years-later-a-dna-test-revealed-the-twin-brother-she-never-knew-existed/articleshow/133262892.cms already exists.
2026-08-15 17:49:52,666 - INFO - [Times of India] Early skip: URL https://timesofindia.indiatimes.com/world/europe/i-dont-feel-rooted-here-indian-couple-in-ireland-to-return-to-pune-after-11-years-citing-ai-pressure-and-job-stress/articleshow/133262947.cms already exists.
2026-08-15 17:49:52,670 - INFO - [Times of India] Early skip: URL https://timesofindia.indiatimes.com/world/us/doom-board-lowers-the-boom-on-indian-american-ceo-who-fired-900-employees-over-zoom/articleshow/133263198.cms already exists.
2026-08-15 17:49:52,671 - INFO - [Times of India] Early skip: URL https://timesofindia.indiatimes.com/world/us/us-used-dioxin-laden-oil-for-dust-control-in-a-town-with-2000-residents-years-later-it-spent-33-1-million-for-their-relocation-in-order-to-protect-their-lives/articleshow/133262118.cms already exists.
2026-08-15 17:49:52,672 - INFO - [Times of India] Early skip: URL https://timesofindia.indiatimes.com/science/by-2060-discarded-solar-panels-could-total-297-to-402-million-tonnes-worldwide-recycling-them-could-generate-almost-1-trillion-in-economic-benefits/articleshow/133262577.cms already exists.
2026-08-15 17:49:52,675 - INFO - [Times of India] Early skip: URL https://timesofindia.indiatimes.com/world/europe/ukraine-offers-black-sea-shipping-truce-russia-yet-to-respond-report/articleshow/133262655.cms already exists.
2026-08-15 17:49:52,676 - INFO - [Times of India] Early skip: URL https://timesofindia.indiatimes.com/world/us/266-days-deployed-uss-abraham-lincoln-to-return-home-amid-rising-scrutiny-over-sailor-welfare/articleshow/133261442.cms already exists.
2026-08-15 17:49:52,677 - INFO - [Times of India] Early skip: URL https://timesofindia.indiatimes.com/world/us/father-of-four-derrick-moore-jumped-into-a-myrtle-beach-rip-current-to-save-a-10-year-old-girl-she-survived-but-he-was-swept-away/articleshow/133261101.cms already exists.
2026-08-15 17:49:52,683 - INFO - [Times of India] Early skip: URL https://timesofindia.indiatimes.com/science/organisms-living-inside-the-gut-of-psychopaths-could-be-the-drivers-of-bad-sinful-behaviour-and-conduct-claim-scientists/articleshow/133260343.cms already exists.
2026-08-15 17:49:52,685 - INFO - [Times of India] Early skip: URL https://timesofindia.indiatimes.com/science/newfoundland-introduced-moose-in-1878-today-the-population-of-11000-is-on-the-verge-of-eradicating-the-islands-forests/articleshow/133259962.cms already exists.
2026-08-15 17:49:52,686 - INFO - [Times of India] Early skip: URL https://timesofindia.indiatimes.com/world/china/china-completes-installation-of-15927-mirrors-concentrating-heat-at-1040-f-at-worlds-highest-solar-thermal-plant-will-power-50000-homes-while-saving-60000-tons-of-coal-annually/articleshow/133258203.cms already exists.
2026-08-15 17:49:52,688 - INFO - [Times of India] Early skip: URL https://timesofindia.indiatimes.com/world/uk/tragedy-on-so-many-levels-pm-burnham-on-death-of-former-cambridge-professor-jason-arday/articleshow/133260971.cms already exists.
2026-08-15 17:49:52,689 - INFO - [Times of India] (Thread) Finished. Attempting to shut down its Selenium driver.
2026-08-15 17:49:52,970 - INFO - [Times of India] (Thread) driver.quit() successful.
2026-08-15 17:49:53,761 - INFO - [Al Jazeera] Article: https://www.aljazeera.com/video/newsfeed/2026/8/15/black-professor-at-centre-of-cambridge-plagiarism-row-found-dead?traffic_source=rss
2026-08-15 17:49:53,761 - INFO - [Al Jazeera] Attempt 1/2: Trying with 'requests_browser' strategy...
2026-08-15 17:49:53,918 - WARNING - [Al Jazeera] FAILED with 'requests_browser' (content was too short: 68 words).
2026-08-15 17:49:54,525 - INFO - [Al Jazeera] Article: https://www.aljazeera.com/video/newsfeed/2026/8/15/black-professor-at-centre-of-cambridge-plagiarism-row-found-dead?traffic_source=rss
2026-08-15 17:49:54,525 - INFO - [Al Jazeera] Attempt 2/2: Trying with 'selenium_browser' strategy...
2026-08-15 17:49:57,190 - INFO - [Al Jazeera] Page content loaded.
2026-08-15 17:49:57,523 - WARNING - [Al Jazeera] FAILED with 'selenium_browser' (content was too short: 72 words).
2026-08-15 17:49:57,523 - ERROR - [Al Jazeera] All scrape strategies failed for https://www.aljazeera.com/video/newsfeed/2026/8/15/black-professor-at-centre-of-cambridge-plagiarism-row-found-dead?traffic_source=rss. Falling back to RSS description.
2026-08-15 17:49:57,523 - WARNING - SKIPPED (GLOBAL WORD LIMIT): Article 'Black professor at centre of Cambridge plagiarism row found dead' from Al Jazeera has only 17 words (Min: 90).
2026-08-15 17:49:58,709 - INFO - [Al Jazeera] Article: https://www.aljazeera.com/video/newsfeed/2026/8/15/vienna-woman-sues-city-for-discrimination-over-toilet-fees?traffic_source=rss
2026-08-15 17:49:58,709 - INFO - [Al Jazeera] Attempt 1/2: Trying with 'requests_browser' strategy...
2026-08-15 17:49:58,902 - WARNING - [Al Jazeera] FAILED with 'requests_browser' (content was too short: 56 words).
2026-08-15 17:49:59,536 - INFO - [Al Jazeera] Article: https://www.aljazeera.com/video/newsfeed/2026/8/15/vienna-woman-sues-city-for-discrimination-over-toilet-fees?traffic_source=rss
2026-08-15 17:49:59,536 - INFO - [Al Jazeera] Attempt 2/2: Trying with 'selenium_browser' strategy...
2026-08-15 17:50:01,659 - INFO - [Al Jazeera] Page content loaded.
2026-08-15 17:50:01,931 - WARNING - [Al Jazeera] FAILED with 'selenium_browser' (content was too short: 60 words).
2026-08-15 17:50:01,932 - ERROR - [Al Jazeera] All scrape strategies failed for https://www.aljazeera.com/video/newsfeed/2026/8/15/vienna-woman-sues-city-for-discrimination-over-toilet-fees?traffic_source=rss. Falling back to RSS description.
2026-08-15 17:50:01,932 - WARNING - SKIPPED (GLOBAL WORD LIMIT): Article 'Vienna woman sues city for discrimination over toilet fees' from Al Jazeera has only 13 words (Min: 90).
2026-08-15 17:50:03,326 - INFO - [Al Jazeera] Early skip: URL https://www.aljazeera.com/news/2026/8/15/five-wounded-in-shooting-at-virginia-state?traffic_source=rss already exists.
2026-08-15 17:50:03,334 - INFO - [Al Jazeera] Early skip: URL https://www.aljazeera.com/news/2026/8/15/five-years-on-how-will-taliban-deal-with-armed-opposition?traffic_source=rss already exists.
2026-08-15 17:50:03,337 - INFO - [Al Jazeera] Early skip: URL https://www.aljazeera.com/news/2026/8/15/afghan-refugees-face-uncertain-future-as-europe-shifts-to-the-right?traffic_source=rss already exists.
2026-08-15 17:50:03,340 - INFO - [Al Jazeera] Early skip: URL https://www.aljazeera.com/video/101-east/2026/8/15/is-china-seeking-to-copy-irans-strait-of-hormuz-blockade-around-taiwan?traffic_source=rss already exists.
2026-08-15 17:50:03,343 - INFO - [Al Jazeera] Early skip: URL https://www.aljazeera.com/news/2026/8/15/modi-threatens-to-target-intellectual-naxals-in-independence-day-speech?traffic_source=rss already exists.
2026-08-15 17:50:03,346 - INFO - [Al Jazeera] Article: https://www.aljazeera.com/video/newsfeed/2026/8/15/aftermath-of-deadly-indonesia-earthquake?traffic_source=rss
2026-08-15 17:50:03,346 - INFO - [Al Jazeera] Attempt 1/2: Trying with 'requests_browser' strategy...
2026-08-15 17:50:03,546 - WARNING - [Al Jazeera] FAILED with 'requests_browser' (content was too short: 51 words).
2026-08-15 17:50:04,088 - INFO - [Al Jazeera] Article: https://www.aljazeera.com/video/newsfeed/2026/8/15/aftermath-of-deadly-indonesia-earthquake?traffic_source=rss
2026-08-15 17:50:04,088 - INFO - [Al Jazeera] Attempt 2/2: Trying with 'selenium_browser' strategy...
2026-08-15 17:50:05,687 - WARNING - [The Hindu] Page get timed out (7s). Proceeding to grab partial source anyway.
2026-08-15 17:50:05,742 - INFO - [Al Jazeera] Page content loaded.
2026-08-15 17:50:06,030 - WARNING - [Al Jazeera] FAILED with 'selenium_browser' (content was too short: 55 words).
2026-08-15 17:50:06,030 - ERROR - [Al Jazeera] All scrape strategies failed for https://www.aljazeera.com/video/newsfeed/2026/8/15/aftermath-of-deadly-indonesia-earthquake?traffic_source=rss. Falling back to RSS description.
2026-08-15 17:50:06,030 - WARNING - SKIPPED (GLOBAL WORD LIMIT): Article 'Aftermath of deadly Indonesia earthquake' from Al Jazeera has only 14 words (Min: 90).
2026-08-15 17:50:06,844 - INFO - [Al Jazeera] Early skip: URL https://www.aljazeera.com/news/2026/8/15/japanese-minister-visits-shrine-to-war-dead-angering-china-south-korea?traffic_source=rss already exists.
2026-08-15 17:50:06,848 - INFO - [Al Jazeera] Early skip: URL https://www.aljazeera.com/opinions/2026/8/15/what-the-taliban-achieved-and-failed-to-achieve-in-five-years?traffic_source=rss already exists.
2026-08-15 17:50:06,850 - INFO - [Al Jazeera] Early skip: URL https://www.aljazeera.com/sports/2026/8/15/world-cup-winner-ferran-torres-joins-paris-saint-germain-from-barcelona?traffic_source=rss already exists.
2026-08-15 17:50:06,853 - INFO - [Al Jazeera] Early skip: URL https://www.aljazeera.com/sports/2026/8/15/arsenal-vs-manchester-city-community-shield-prediction-lineups-teams?traffic_source=rss already exists.
2026-08-15 17:50:06,856 - INFO - [Al Jazeera] Article: https://www.aljazeera.com/video/newsfeed/2026/8/15/at-scene-of-deadly-israeli-strike-on-lebanon-home?traffic_source=rss
2026-08-15 17:50:06,856 - INFO - [Al Jazeera] Attempt 1/2: Trying with 'requests_browser' strategy...
2026-08-15 17:50:07,072 - WARNING - [Al Jazeera] FAILED with 'requests_browser' (content was too short: 62 words).
2026-08-15 17:50:07,166 - INFO - [Wired] Page content loaded.
2026-08-15 17:50:08,070 - INFO - [Al Jazeera] Article: https://www.aljazeera.com/video/newsfeed/2026/8/15/at-scene-of-deadly-israeli-strike-on-lebanon-home?traffic_source=rss
2026-08-15 17:50:08,071 - INFO - [Al Jazeera] Attempt 2/2: Trying with 'selenium_browser' strategy...
2026-08-15 17:50:08,704 - INFO - [Economic Times] Page content loaded.
2026-08-15 17:50:09,429 - INFO - [Economic Times] Success with 'selenium_browser'. Found content (481 words).
2026-08-15 17:50:09,525 - INFO - [Wired] Success with 'selenium_browser'. Found content (2184 words).
2026-08-15 17:50:11,674 - INFO - [Al Jazeera] Page content loaded.
2026-08-15 17:50:13,175 - WARNING - [The Hindu] Page explicit wait timed out (3s). Proceeding anyway.
2026-08-15 17:50:13,188 - ERROR - Error saving article Govt may keep Rs 7,500 cr outlay for IT hardware manufacturing under PLI scheme - The Economic Times: Hrana: `stream error: `Error { message: "SQLite error: UNIQUE constraint failed: articles.url", code: "SQLITE_CONSTRAINT" }``
2026-08-15 17:50:13,394 - WARNING - [Al Jazeera] FAILED with 'selenium_browser' (content was too short: 66 words).
2026-08-15 17:50:13,394 - ERROR - [Al Jazeera] All scrape strategies failed for https://www.aljazeera.com/video/newsfeed/2026/8/15/at-scene-of-deadly-israeli-strike-on-lebanon-home?traffic_source=rss. Falling back to RSS description.
2026-08-15 17:50:13,394 - WARNING - SKIPPED (GLOBAL WORD LIMIT): Article 'At scene of deadly Israeli strike on Lebanon home' from Al Jazeera has only 17 words (Min: 90).
2026-08-15 17:50:15,120 - INFO - [Economic Times] Article: https://economictimes.indiatimes.com/tech/technology/indian-dating-apps-services-see-surge-of-paying-users-in-small-cities/articleshow/80063342.cms
2026-08-15 17:50:15,120 - INFO - [Al Jazeera] Early skip: URL https://www.aljazeera.com/sports/2026/8/15/bangladesh-rock-australia-as-historic-test-win-in-sight?traffic_source=rss already exists.
2026-08-15 17:50:15,609 - INFO - [Economic Times] Attempt 1/2: Trying with 'requests_browser' strategy...
2026-08-15 17:50:16,612 - INFO - [Al Jazeera] Early skip: URL https://www.aljazeera.com/sports/2026/8/15/coe-cites-olympics-and-fifa-world-cup-in-warning-on-interference-in-sport?traffic_source=rss already exists.
2026-08-15 17:50:16,612 - ERROR - Error saving article Best Wireless Chargers (2026): My Picks After Testing 100+ | WIRED: Hrana: `stream error: `Error { message: "SQLite error: UNIQUE constraint failed: articles.url", code: "SQLITE_CONSTRAINT" }``
2026-08-15 17:50:16,616 - INFO - [Al Jazeera] Early skip: URL https://www.aljazeera.com/sports/2026/8/15/venus-williams-hits-13-game-tennis-losing-streak-with-cincinnati-open-exit?traffic_source=rss already exists.
2026-08-15 17:50:16,617 - INFO - [Al Jazeera] (Thread) Finished. Attempting to shut down its Selenium driver.
2026-08-15 17:50:16,702 - INFO - [Al Jazeera] (Thread) driver.quit() successful.
2026-08-15 17:50:16,931 - ERROR - parsed tree length: 1, wrong data type or not valid HTML
2026-08-15 17:50:16,931 - ERROR - empty HTML tree: None
2026-08-15 17:50:16,931 - WARNING - discarding data: None
2026-08-15 17:50:16,931 - WARNING - [Economic Times] FAILED with 'requests_browser' (content was too short: 0 words).
2026-08-15 17:50:17,437 - INFO - [Economic Times] Article: https://economictimes.indiatimes.com/tech/technology/indian-dating-apps-services-see-surge-of-paying-users-in-small-cities/articleshow/80063342.cms
2026-08-15 17:50:17,437 - INFO - [Economic Times] Attempt 2/2: Trying with 'selenium_browser' strategy...
2026-08-15 17:50:17,908 - INFO - [Wired] Early skip: URL https://www.wired.com/story/best-paper-planners/ already exists.
2026-08-15 17:50:17,910 - INFO - [Wired] Early skip: URL https://www.wired.com/story/ftc-strikes-deals-to-ignore-unlawful-credit-discrimination/ already exists.
2026-08-15 17:50:17,911 - INFO - [Wired] Early skip: URL https://www.wired.com/story/these-masturbation-consultants-were-hired-to-pleasure-themselves-using-ai/ already exists.
2026-08-15 17:50:17,913 - INFO - [Wired] Early skip: URL https://www.wired.com/gallery/best-pixel-10-cases-and-accessories/ already exists.
2026-08-15 17:50:17,914 - INFO - [Wired] Early skip: URL https://www.wired.com/story/i-wore-a-pepper-electrical-muscle-stimulation-body-suit-to-zap-myself-into-fitness/ already exists.
2026-08-15 17:50:17,916 - INFO - [Wired] Early skip: URL https://www.wired.com/story/people-are-marrying-chatbots-these-lawmakers-want-to-stop-them/ already exists.
2026-08-15 17:50:17,917 - INFO - [Wired] Early skip: URL https://www.wired.com/story/best-monitors/ already exists.
2026-08-15 17:50:17,919 - INFO - [Wired] Early skip: URL https://www.wired.com/galaxy-brain/ already exists.
2026-08-15 17:50:17,921 - INFO - [Wired] Early skip: URL https://www.wired.com/story/brain-focused-ultrasound/ already exists.
2026-08-15 17:50:17,925 - INFO - [Wired] Early skip: URL https://www.wired.com/story/this-art-project-slows-down-citi-bikes-to-make-nycs-rent-crisis-feel-real/ already exists.
2026-08-15 17:50:17,928 - INFO - [Wired] Early skip: URL https://www.wired.com/review/dell-xps-13-2026/ already exists.
2026-08-15 17:50:17,930 - INFO - [Wired] Early skip: URL https://www.wired.com/story/real-reason-data-center-gas-power-plants-are-so-dirty/ already exists.
2026-08-15 17:50:17,932 - INFO - [Wired] Article: https://www.wired.com/story/layla-sleep-coupon/
2026-08-15 17:50:17,932 - INFO - [Wired] Attempt 1/2: Trying with 'requests_browser' strategy...
2026-08-15 17:50:18,081 - ERROR - parsed tree length: 1, wrong data type or not valid HTML
2026-08-15 17:50:18,081 - ERROR - empty HTML tree: None
2026-08-15 17:50:18,081 - WARNING - discarding data: None
2026-08-15 17:50:18,081 - WARNING - [Wired] FAILED with 'requests_browser' (content was too short: 0 words).
2026-08-15 17:50:18,965 - INFO - [Wired] Article: https://www.wired.com/story/layla-sleep-coupon/
2026-08-15 17:50:18,965 - INFO - [Wired] Attempt 2/2: Trying with 'selenium_browser' strategy...
2026-08-15 17:50:19,197 - INFO - [Economic Times] Page content loaded.
2026-08-15 17:50:19,431 - WARNING - [Economic Times] FAILED with 'selenium_browser' (content was too short: 84 words).
2026-08-15 17:50:19,431 - ERROR - [Economic Times] All scrape strategies failed for https://economictimes.indiatimes.com/tech/technology/indian-dating-apps-services-see-surge-of-paying-users-in-small-cities/articleshow/80063342.cms. Falling back to RSS description.
2026-08-15 17:50:19,431 - WARNING - SKIPPED (GLOBAL WORD LIMIT): Article 'Indian dating apps, services see surge of paying users in small cities ' from Economic Times has only 54 words (Min: 90).
2026-08-15 17:50:20,201 - ERROR - [The Hindu] Request failed for strategy 'selenium_browser' on URL https://www.thehindu.com/news/national/telangana/man-held-for-cheating-property-owners-of-10-crore-in-loan-fraud/article71349611.ece: Message: timeout: Timed out receiving message from renderer: 7.000
  (Session info: chrome=152.0.7977.42)
Stacktrace:
#0 0x560bced962ca <unknown>
#1 0x560bce6f9b39 <unknown>
#2 0x560bce6e0255 <unknown>
#3 0x560bce70801b <unknown>
#4 0x560bce797b26 <unknown>
#5 0x560bce742ecb <unknown>
#6 0x560bce743cb1 <unknown>
#7 0x560bced5a7f0 <unknown>
#8 0x560bced58e6a <unknown>
#9 0x560bced43bb5 <unknown>
#10 0x560bced59b2a <unknown>
#11 0x560bced2cdf0 <unknown>
#12 0x560bced81238 <unknown>
#13 0x560bced813d5 <unknown>
#14 0x560bced94e53 <unknown>
#15 0x7f4097a9cb84 <unknown>
#16 0x7f4097b29d6c <unknown>

2026-08-15 17:50:20,201 - ERROR - [The Hindu] All scrape strategies failed for https://www.thehindu.com/news/national/telangana/man-held-for-cheating-property-owners-of-10-crore-in-loan-fraud/article71349611.ece. Falling back to RSS description.
2026-08-15 17:50:20,201 - WARNING - SKIPPED (GLOBAL WORD LIMIT): Article 'Man held for cheating property owners of ₹10 crore in loan fraud' from The Hindu has only 3 words (Min: 90).
2026-08-15 17:50:20,696 - INFO - [Wired] Page content loaded.
2026-08-15 17:50:20,914 - INFO - [Economic Times] Article: https://economictimes.indiatimes.com/tech/technology/time-for-govt-cos-to-adopt-ai-deloitte-india/articleshow/79981215.cms
2026-08-15 17:50:20,914 - INFO - [Economic Times] Attempt 1/2: Trying with 'requests_browser' strategy...
2026-08-15 17:50:21,196 - INFO - [Wired] Success with 'selenium_browser'. Found content (482 words).
2026-08-15 17:50:21,245 - ERROR - parsed tree length: 1, wrong data type or not valid HTML
2026-08-15 17:50:21,245 - ERROR - empty HTML tree: None
2026-08-15 17:50:21,245 - WARNING - discarding data: None
2026-08-15 17:50:21,245 - WARNING - [Economic Times] FAILED with 'requests_browser' (content was too short: 0 words).
2026-08-15 17:50:21,266 - INFO - [The Hindu] Early skip: URL https://www.thehindu.com/news/national/tamil-nadu/tasmac-halts-sale-of-11-enrica-liquor-brands-in-tn-following-fssai-inspection/article71346570.ece already exists.
2026-08-15 17:50:21,273 - INFO - [The Hindu] Article: https://www.thehindu.com/news/national/rahul-gandhi-demands-justice-for-woman-killed-at-uttarakhand-resort/article71350262.ece
2026-08-15 17:50:21,273 - INFO - [The Hindu] Attempt 1/1: Trying with 'selenium_browser' strategy...
2026-08-15 17:50:22,884 - INFO - [Economic Times] Article: https://economictimes.indiatimes.com/tech/technology/time-for-govt-cos-to-adopt-ai-deloitte-india/articleshow/79981215.cms
2026-08-15 17:50:23,391 - INFO - [Economic Times] Attempt 2/2: Trying with 'selenium_browser' strategy...
2026-08-15 17:50:24,381 - ERROR - Error saving article Layla Sleep Coupon: Save Up to $600 in August 2026 | WIRED: Hrana: `stream error: `Error { message: "SQLite error: UNIQUE constraint failed: articles.url", code: "SQLITE_CONSTRAINT" }``
2026-08-15 17:50:25,597 - INFO - [Economic Times] Page content loaded.
2026-08-15 17:50:25,732 - INFO - [Wired] Article: https://www.wired.com/story/office-depot-promo-codes/
2026-08-15 17:50:25,732 - INFO - [Wired] Attempt 1/2: Trying with 'requests_browser' strategy...
2026-08-15 17:50:25,843 - WARNING - [Economic Times] FAILED with 'selenium_browser' (content was too short: 74 words).
2026-08-15 17:50:25,843 - ERROR - [Economic Times] All scrape strategies failed for https://economictimes.indiatimes.com/tech/technology/time-for-govt-cos-to-adopt-ai-deloitte-india/articleshow/79981215.cms. Falling back to RSS description.
2026-08-15 17:50:25,843 - WARNING - SKIPPED (GLOBAL WORD LIMIT): Article 'Time for government, companies to adopt artificial intelligence: Deloitte India ' from Economic Times has only 49 words (Min: 90).
2026-08-15 17:50:25,889 - ERROR - parsed tree length: 1, wrong data type or not valid HTML
2026-08-15 17:50:25,889 - ERROR - empty HTML tree: None
2026-08-15 17:50:25,889 - WARNING - discarding data: None
2026-08-15 17:50:25,889 - WARNING - [Wired] FAILED with 'requests_browser' (content was too short: 0 words).
2026-08-15 17:50:26,533 - INFO - [Wired] Article: https://www.wired.com/story/office-depot-promo-codes/
2026-08-15 17:50:26,533 - INFO - [Wired] Attempt 2/2: Trying with 'selenium_browser' strategy...
2026-08-15 17:50:26,752 - INFO - [Economic Times] Article: https://economictimes.indiatimes.com/news/international/world-news/trump-announces-a-deal-for-hamas-to-disarm-in-gaza-but-many-hurdles-and-uncertainty-remain/articleshow/132753009.cms
2026-08-15 17:50:26,752 - INFO - [Economic Times] Attempt 1/2: Trying with 'requests_browser' strategy...
2026-08-15 17:50:27,086 - INFO - [Economic Times] Success with 'requests_browser'. Found content (1285 words).
2026-08-15 17:50:30,983 - ERROR - Error saving article Trump announces a deal for Hamas to disarm in Gaza, but many hurdles and uncertainty remain - The Economic Times: Hrana: `stream error: `Error { message: "SQLite error: UNIQUE constraint failed: articles.url", code: "SQLITE_CONSTRAINT" }``
2026-08-15 17:50:31,020 - INFO - [Wired] Page content loaded.
2026-08-15 17:50:31,453 - INFO - [Wired] Success with 'selenium_browser'. Found content (1098 words).
2026-08-15 17:50:33,328 - INFO - [Economic Times] Article: https://economictimes.indiatimes.com/news/new-updates/in-1943-us-built-an-entire-city-and-it-didnt-exist-on-a-single-map/articleshow/132659427.cms
2026-08-15 17:50:33,908 - INFO - [Economic Times] Attempt 1/2: Trying with 'requests_browser' strategy...
2026-08-15 17:50:36,212 - ERROR - Error saving article Office Depot Coupons: Save With Promo Codes in August 2026 | WIRED: Hrana: `stream error: `Error { message: "SQLite error: UNIQUE constraint failed: articles.url", code: "SQLITE_CONSTRAINT" }``
2026-08-15 17:50:36,532 - INFO - [Economic Times] Success with 'requests_browser'. Found content (688 words).
2026-08-15 17:50:38,358 - WARNING - [The Hindu] Page get timed out (7s). Proceeding to grab partial source anyway.
2026-08-15 17:50:38,358 - INFO - [Wired] Article: https://www.wired.com/story/hellofresh-coupon/
2026-08-15 17:50:38,934 - INFO - [Wired] Attempt 1/2: Trying with 'requests_browser' strategy...
2026-08-15 17:50:40,106 - ERROR - Error saving article In 1943, US built an entire city, and it didn't exist on a single map - The Economic Times: Hrana: `stream error: `Error { message: "SQLite error: UNIQUE constraint failed: articles.url", code: "SQLITE_CONSTRAINT" }``
2026-08-15 17:50:40,119 - ERROR - parsed tree length: 1, wrong data type or not valid HTML
2026-08-15 17:50:40,119 - ERROR - empty HTML tree: None
2026-08-15 17:50:40,119 - WARNING - discarding data: None
2026-08-15 17:50:40,119 - WARNING - [Wired] FAILED with 'requests_browser' (content was too short: 0 words).
2026-08-15 17:50:40,810 - INFO - [Economic Times] Article: https://economictimes.indiatimes.com/news/new-updates/humans-have-a-third-eye-in-the-brain-study-links-it-to-a-600-million-year-old-cyclops-ancestor/articleshow/132655441.cms
2026-08-15 17:50:40,810 - INFO - [Economic Times] Attempt 1/2: Trying with 'requests_browser' strategy...
2026-08-15 17:50:40,839 - INFO - [Wired] Article: https://www.wired.com/story/hellofresh-coupon/
2026-08-15 17:50:40,840 - INFO - [Wired] Attempt 2/2: Trying with 'selenium_browser' strategy...
2026-08-15 17:50:41,156 - INFO - [Economic Times] Success with 'requests_browser'. Found content (593 words).
2026-08-15 17:50:44,397 - ERROR - Error saving article Humans have a 'third eye' in the brain: Study links it to a 600-million-year-old Cyclops ancestor - The Economic Times: Hrana: `stream error: `Error { message: "SQLite error: UNIQUE constraint failed: articles.url", code: "SQLITE_CONSTRAINT" }``
2026-08-15 17:50:44,402 - INFO - [Wired] Page content loaded.
2026-08-15 17:50:44,664 - INFO - [Wired] Success with 'selenium_browser'. Found content (1253 words).
2026-08-15 17:50:46,782 - INFO - [Economic Times] Article: https://economictimes.indiatimes.com/news/new-updates/1500-ships-trapped-in-gulf-of-hormuz-is-quietly-multiplying-an-underwater-army-that-could-unleash-worlds-biggest-bioinvasion-event/articleshow/132595366.cms
2026-08-15 17:50:46,782 - WARNING - [The Hindu] Page explicit wait timed out (3s). Proceeding anyway.
2026-08-15 17:50:46,782 - INFO - [Economic Times] Attempt 1/2: Trying with 'requests_browser' strategy...
2026-08-15 17:50:48,561 - ERROR - Error saving article HelloFresh Promo Codes: 55% Off for August 2026 | WIRED: Hrana: `stream error: `Error { message: "SQLite error: UNIQUE constraint failed: articles.url", code: "SQLITE_CONSTRAINT" }``
2026-08-15 17:50:48,879 - INFO - [Economic Times] Success with 'requests_browser'. Found content (687 words).
2026-08-15 17:50:50,477 - INFO - [Wired] Article: https://www.wired.com/story/columbia-promo-code/
2026-08-15 17:50:50,979 - INFO - [Wired] Attempt 1/2: Trying with 'requests_browser' strategy...
2026-08-15 17:50:52,073 - ERROR - Error saving article 1,500 ships trapped in Gulf of Hormuz are quietly multiplying an underwater army that could unleash World's biggest bioinvasion event - The Economic Times: Hrana: `stream error: `Error { message: "SQLite error: UNIQUE constraint failed: articles.url", code: "SQLITE_CONSTRAINT" }``
2026-08-15 17:50:52,273 - ERROR - parsed tree length: 1, wrong data type or not valid HTML
2026-08-15 17:50:52,273 - ERROR - empty HTML tree: None
2026-08-15 17:50:52,273 - WARNING - discarding data: None
2026-08-15 17:50:52,274 - WARNING - [Wired] FAILED with 'requests_browser' (content was too short: 0 words).
2026-08-15 17:50:52,848 - INFO - [Economic Times] Article: https://economictimes.indiatimes.com/news/new-updates/argentina-vs-spain-fifa-world-cup-final-to-be-replayed-petition-for-a-rematch-crosses-60000-signatures/articleshow/132576024.cms
2026-08-15 17:50:52,849 - INFO - [Economic Times] Attempt 1/2: Trying with 'requests_browser' strategy...
2026-08-15 17:50:52,888 - INFO - [Wired] Article: https://www.wired.com/story/columbia-promo-code/
2026-08-15 17:50:52,888 - INFO - [Wired] Attempt 2/2: Trying with 'selenium_browser' strategy...
2026-08-15 17:50:53,419 - INFO - [Economic Times] Success with 'requests_browser'. Found content (228 words).
2026-08-15 17:50:55,298 - ERROR - [The Hindu] Request failed for strategy 'selenium_browser' on URL https://www.thehindu.com/news/national/rahul-gandhi-demands-justice-for-woman-killed-at-uttarakhand-resort/article71350262.ece: Message: timeout: Timed out receiving message from renderer: 7.000
  (Session info: chrome=152.0.7977.42)
Stacktrace:
#0 0x560bced962ca <unknown>
#1 0x560bce6f9b39 <unknown>
#2 0x560bce6e15bb <unknown>
#3 0x560bce6e1236 <unknown>
#4 0x560bce6dee18 <unknown>
#5 0x560bce6df79f <unknown>
#6 0x560bce6ee880 <unknown>
#7 0x560bce7087b7 <unknown>
#8 0x560bce71019b <unknown>
#9 0x560bce6dfef9 <unknown>
#10 0x560bce708512 <unknown>
#11 0x560bce797b26 <unknown>
#12 0x560bce742ecb <unknown>
#13 0x560bce743cb1 <unknown>
#14 0x560bced5a7f0 <unknown>
#15 0x560bced58e6a <unknown>
#16 0x560bced43bb5 <unknown>
#17 0x560bced59b2a <unknown>
#18 0x560bced2cdf0 <unknown>
#19 0x560bced81238 <unknown>
#20 0x560bced813d5 <unknown>
#21 0x560bced94e53 <unknown>
#22 0x7f4097a9cb84 <unknown>
#23 0x7f4097b29d6c <unknown>

2026-08-15 17:50:55,885 - ERROR - [The Hindu] All scrape strategies failed for https://www.thehindu.com/news/national/rahul-gandhi-demands-justice-for-woman-killed-at-uttarakhand-resort/article71350262.ece. Falling back to RSS description.
2026-08-15 17:50:56,919 - WARNING - SKIPPED (GLOBAL WORD LIMIT): Article 'Rahul Gandhi demands justice for woman killed at Uttarakhand resort' from The Hindu has only 20 words (Min: 90).
2026-08-15 17:50:56,919 - ERROR - Error saving article Argentina vs Spain FIFA World Cup Final to be replayed? Petition for a rematch crosses 60,000 signatures - The Economic Times: Hrana: `stream error: `Error { message: "SQLite error: UNIQUE constraint failed: articles.url", code: "SQLITE_CONSTRAINT" }``
2026-08-15 17:50:56,927 - INFO - [Wired] Page content loaded.
2026-08-15 17:50:57,183 - INFO - [Wired] Success with 'selenium_browser'. Found content (682 words).
2026-08-15 17:50:59,055 - INFO - [Economic Times] Article: https://economictimes.indiatimes.com/news/new-updates/he-baked-potato-in-aluminium-foil-and-ate-it-next-morning-after-microwaving-it-hours-later-he-was-paralysed-doctor-explains-why/articleshow/132574269.cms
2026-08-15 17:50:59,636 - INFO - [Economic Times] Attempt 1/2: Trying with 'requests_browser' strategy...
2026-08-15 17:50:59,056 - INFO - [The Hindu] Early skip: URL https://www.thehindu.com/news/national/kerala/kerala-university-v-cs-vande-mataram-remark-kicks-up-row/article71350340.ece already exists.
2026-08-15 17:51:00,805 - ERROR - Error saving article Columbia Promo Codes: 15% Off | August 2026 | WIRED: Hrana: `stream error: `Error { message: "SQLite error: UNIQUE constraint failed: articles.url", code: "SQLITE_CONSTRAINT" }``
2026-08-15 17:51:00,807 - INFO - [The Hindu] Article: https://www.thehindu.com/news/national/andhra-pradesh/three-persons-drown-in-krishna-river-in-vijayawada/article71350408.ece
2026-08-15 17:51:00,808 - INFO - [The Hindu] Attempt 1/1: Trying with 'selenium_browser' strategy...
2026-08-15 17:51:00,844 - INFO - [Economic Times] Success with 'requests_browser'. Found content (558 words).
2026-08-15 17:51:02,501 - INFO - [Wired] Article: https://www.wired.com/story/pura-promo-code/
2026-08-15 17:51:03,009 - INFO - [Wired] Attempt 1/2: Trying with 'requests_browser' strategy...
2026-08-15 17:51:04,047 - ERROR - Error saving article He baked potato in aluminium foil, and ate it next morning after microwaving. Hours later, he was paralysed, doctor explains why - The Economic Times: Hrana: `stream error: `Error { message: "SQLite error: UNIQUE constraint failed: articles.url", code: "SQLITE_CONSTRAINT" }``
2026-08-15 17:51:04,201 - ERROR - parsed tree length: 1, wrong data type or not valid HTML
2026-08-15 17:51:04,201 - ERROR - empty HTML tree: None
2026-08-15 17:51:04,201 - WARNING - discarding data: None
2026-08-15 17:51:04,202 - WARNING - [Wired] FAILED with 'requests_browser' (content was too short: 0 words).
2026-08-15 17:51:04,565 - INFO - [Economic Times] Article: https://economictimes.indiatimes.com/news/elections/assembly-elections/assam/done-deal-cm-himanta-biswa-sarma-on-nda-seat-sharing-for-assam-polls/articleshow/128678098.cms
2026-08-15 17:51:04,565 - INFO - [Economic Times] Attempt 1/2: Trying with 'requests_browser' strategy...
2026-08-15 17:51:04,881 - INFO - [Economic Times] Success with 'requests_browser'. Found content (518 words).
2026-08-15 17:51:04,913 - INFO - [Wired] Article: https://www.wired.com/story/pura-promo-code/
2026-08-15 17:51:04,915 - INFO - [Wired] Attempt 2/2: Trying with 'selenium_browser' strategy...
2026-08-15 17:51:08,170 - ERROR - Error saving article 'Done deal': CM Himanta Biswa Sarma on NDA seat-sharing for Assam polls - The Economic Times: Hrana: `stream error: `Error { message: "SQLite error: UNIQUE constraint failed: articles.url", code: "SQLITE_CONSTRAINT" }``
2026-08-15 17:51:08,411 - INFO - [Wired] Page content loaded.
2026-08-15 17:51:08,688 - INFO - [Wired] Success with 'selenium_browser'. Found content (582 words).
2026-08-15 17:51:10,553 - INFO - [Economic Times] Article: https://economictimes.indiatimes.com/news/elections/assembly-elections/bihar/rare-intensive-revision-in-bihar-four-months-before-polls/articleshow/122167501.cms
2026-08-15 17:51:11,133 - INFO - [Economic Times] Attempt 1/2: Trying with 'requests_browser' strategy...
2026-08-15 17:51:12,195 - ERROR - Error saving article Pura Promo Codes: $20 Off August 2026 | WIRED: Hrana: `stream error: `Error { message: "SQLite error: UNIQUE constraint failed: articles.url", code: "SQLITE_CONSTRAINT" }``
2026-08-15 17:51:12,594 - INFO - [Economic Times] Success with 'requests_browser'. Found content (864 words).
2026-08-15 17:51:14,200 - INFO - [Wired] Article: https://www.wired.com/story/babbel-promo-code/
2026-08-15 17:51:14,700 - INFO - [Wired] Attempt 1/2: Trying with 'requests_browser' strategy...
2026-08-15 17:51:15,864 - WARNING - [The Hindu] Page get timed out (7s). Proceeding to grab partial source anyway.
2026-08-15 17:51:15,866 - ERROR - Error saving article Rare 'intensive' revision in Bihar four months before polls - The Economic Times: Hrana: `stream error: `Error { message: "SQLite error: UNIQUE constraint failed: articles.url", code: "SQLITE_CONSTRAINT" }``
2026-08-15 17:51:15,878 - ERROR - parsed tree length: 1, wrong data type or not valid HTML
2026-08-15 17:51:15,878 - ERROR - empty HTML tree: None
2026-08-15 17:51:15,878 - WARNING - discarding data: None
2026-08-15 17:51:15,878 - WARNING - [Wired] FAILED with 'requests_browser' (content was too short: 0 words).
2026-08-15 17:51:16,676 - INFO - [Wired] Article: https://www.wired.com/story/babbel-promo-code/
2026-08-15 17:51:16,677 - INFO - [Wired] Attempt 2/2: Trying with 'selenium_browser' strategy...
2026-08-15 17:51:16,995 - INFO - [Economic Times] Article: https://economictimes.indiatimes.com/news/elections/assembly-elections/delhi/bjp-accuses-kejriwal-of-sending-voters-hoax-calls-to-mislead/articleshow/117579007.cms
2026-08-15 17:51:16,995 - INFO - [Economic Times] Attempt 1/2: Trying with 'requests_browser' strategy...
2026-08-15 17:51:17,319 - INFO - [Economic Times] Success with 'requests_browser'. Found content (550 words).
2026-08-15 17:51:20,513 - ERROR - Error saving article BJP accuses Kejriwal of sending voters hoax calls to mislead - The Economic Times: Hrana: `stream error: `Error { message: "SQLite error: UNIQUE constraint failed: articles.url", code: "SQLITE_CONSTRAINT" }``
2026-08-15 17:51:20,518 - INFO - [Wired] Page content loaded.
2026-08-15 17:51:20,749 - INFO - [Wired] Success with 'selenium_browser'. Found content (727 words).
2026-08-15 17:51:22,571 - INFO - [Economic Times] Article: https://economictimes.indiatimes.com/news/elections/lok-sabha/india/lok-sabha-election-2024-maharashtra-get-interesting-after-splits-in-shiv-sena-ncp/articleshow/108559788.cms
2026-08-15 17:51:23,149 - WARNING - [The Hindu] Page explicit wait timed out (3s). Proceeding anyway.
2026-08-15 17:51:23,149 - INFO - [Economic Times] Attempt 1/2: Trying with 'requests_browser' strategy...
2026-08-15 17:51:24,293 - ERROR - Error saving article Babbel Promo Code: Up to 65% Off in August 2026 | WIRED: Hrana: `stream error: `Error { message: "SQLite error: UNIQUE constraint failed: articles.url", code: "SQLITE_CONSTRAINT" }``
2026-08-15 17:51:24,317 - INFO - [Economic Times] Success with 'requests_browser'. Found content (1442 words).
2026-08-15 17:51:25,951 - INFO - [Wired] Article: https://www.wired.com/story/acer-promo-code/
2026-08-15 17:51:26,450 - INFO - [Wired] Attempt 1/2: Trying with 'requests_browser' strategy...
2026-08-15 17:51:27,486 - ERROR - Error saving article Lok Sabha election 2024: Maharashtra get interesting after splits in Shiv Sena, NCP - The Economic Times: Hrana: `stream error: `Error { message: "SQLite error: UNIQUE constraint failed: articles.url", code: "SQLITE_CONSTRAINT" }``
2026-08-15 17:51:27,631 - ERROR - parsed tree length: 1, wrong data type or not valid HTML
2026-08-15 17:51:27,631 - ERROR - empty HTML tree: None
2026-08-15 17:51:27,631 - WARNING - discarding data: None
2026-08-15 17:51:27,631 - WARNING - [Wired] FAILED with 'requests_browser' (content was too short: 0 words).
2026-08-15 17:51:28,149 - INFO - [Wired] Article: https://www.wired.com/story/acer-promo-code/
2026-08-15 17:51:28,149 - INFO - [Wired] Attempt 2/2: Trying with 'selenium_browser' strategy...
2026-08-15 17:51:28,733 - INFO - [Economic Times] Article: https://economictimes.indiatimes.com/news/elections/lok-sabha/india/modi-charisma-key-factor-in-bjps-bid-to-retain-all-26-seats-in-gujarat/articleshow/108550858.cms
2026-08-15 17:51:28,733 - INFO - [Economic Times] Attempt 1/2: Trying with 'requests_browser' strategy...
2026-08-15 17:51:29,061 - INFO - [Economic Times] Success with 'requests_browser'. Found content (838 words).
2026-08-15 17:51:31,491 - ERROR - [The Hindu] Request failed for strategy 'selenium_browser' on URL https://www.thehindu.com/news/national/andhra-pradesh/three-persons-drown-in-krishna-river-in-vijayawada/article71350408.ece: Message: timeout: Timed out receiving message from renderer: 7.000
  (Session info: chrome=152.0.7977.42)
Stacktrace:
#0 0x560bced962ca <unknown>
#1 0x560bce6f9b39 <unknown>
#2 0x560bce6e15bb <unknown>
#3 0x560bce6e1236 <unknown>
#4 0x560bce6dee18 <unknown>
#5 0x560bce6df79f <unknown>
#6 0x560bce6ee880 <unknown>
#7 0x560bce7087b7 <unknown>
#8 0x560bce71019b <unknown>
#9 0x560bce6dfef9 <unknown>
#10 0x560bce708512 <unknown>
#11 0x560bce797b26 <unknown>
#12 0x560bce742ecb <unknown>
#13 0x560bce743cb1 <unknown>
#14 0x560bced5a7f0 <unknown>
#15 0x560bced58e6a <unknown>
#16 0x560bced43bb5 <unknown>
#17 0x560bced59b2a <unknown>
#18 0x560bced2cdf0 <unknown>
#19 0x560bced81238 <unknown>
#20 0x560bced813d5 <unknown>
#21 0x560bced94e53 <unknown>
#22 0x7f4097a9cb84 <unknown>
#23 0x7f4097b29d6c <unknown>

2026-08-15 17:51:32,531 - INFO - [Wired] Page content loaded.
2026-08-15 17:51:32,531 - ERROR - [The Hindu] All scrape strategies failed for https://www.thehindu.com/news/national/andhra-pradesh/three-persons-drown-in-krishna-river-in-vijayawada/article71350408.ece. Falling back to RSS description.
2026-08-15 17:51:32,531 - ERROR - Error saving article Modi charisma key factor in BJP's bid to retain all 26 seats in Gujarat - The Economic Times: Hrana: `stream error: `Error { message: "SQLite error: UNIQUE constraint failed: articles.url", code: "SQLITE_CONSTRAINT" }``
2026-08-15 17:51:32,532 - WARNING - SKIPPED (GLOBAL WORD LIMIT): Article 'Three persons drown in Krishna River in Vijayawada' from The Hindu has only 3 words (Min: 90).
2026-08-15 17:51:32,818 - INFO - [Wired] Success with 'selenium_browser'. Found content (835 words).
2026-08-15 17:51:34,459 - INFO - [The Hindu] Early skip: URL https://www.thehindu.com/news/national/rajasthan/after-rajasthan-school-students-protest-gets-cjp-boost-authorities-promise-action/article71349992.ece already exists.
2026-08-15 17:51:34,460 - INFO - [Economic Times] Article: https://economictimes.indiatimes.com/news/elections/lok-sabha/india/implementation-of-guarantees-decline-of-brs-favour-congress-in-telangana-bjp-aiming-for-better-show/articleshow/108548569.cms
2026-08-15 17:51:35,963 - INFO - [Economic Times] Attempt 1/2: Trying with 'requests_browser' strategy...
2026-08-15 17:51:35,963 - INFO - [The Hindu] Early skip: URL https://www.thehindu.com/news/national/karnataka/mysuru-congress-protests-purification-ritual-after-kharge-rally/article71350228.ece already exists.
2026-08-15 17:51:35,963 - ERROR - Error saving article Acer Promo Codes: 40% Off | WIRED: Hrana: `stream error: `Error { message: "SQLite error: UNIQUE constraint failed: articles.url", code: "SQLITE_CONSTRAINT" }``
2026-08-15 17:51:35,966 - INFO - [The Hindu] Early skip: URL https://www.thehindu.com/news/national/andhra-pradesh/patriotic-celebrations-marked-the-80th-independence-day-in-south-coastal-andhra/article71350265.ece already exists.
2026-08-15 17:51:35,967 - INFO - [The Hindu] Early skip: URL https://www.thehindu.com/news/national/telangana/charges-of-corruption-on-govt-by-ruling-party-leaders-indicate-ground-reality-ktr/article71349752.ece already exists.
2026-08-15 17:51:35,968 - INFO - [The Hindu] Early skip: URL https://www.thehindu.com/news/national/maharashtra/fadnavis-backs-modis-intellectual-naxals-remark/article71349884.ece already exists.
2026-08-15 17:51:35,969 - INFO - [The Hindu] Early skip: URL https://www.thehindu.com/news/national/kerala/72-inter-state-tourist-buses-booked-in-ernakulam-for-tax-evasion/article71350125.ece already exists.
2026-08-15 17:51:35,970 - INFO - [The Hindu] Early skip: URL https://www.thehindu.com/news/national/karnataka/twin-cities-celebrate-independence-day-with-fervour/article71349827.ece already exists.
2026-08-15 17:51:35,971 - INFO - [The Hindu] Early skip: URL https://www.thehindu.com/news/national/telangana/congress-govt-committed-to-ensure-welfare-of-the-poor-says-bhatti/article71349750.ece already exists.
2026-08-15 17:51:35,973 - INFO - [The Hindu] Early skip: URL https://www.thehindu.com/news/national/karnataka/vijayanagara-celebrates-independence-day-with-focus-on-constitutional-values-development/article71350137.ece already exists.
2026-08-15 17:51:35,974 - INFO - [The Hindu] Article: https://www.thehindu.com/news/national/leading-countries-extend-greetings-to-india-on-80th-independence-day/article71350060.ece
2026-08-15 17:51:35,974 - INFO - [The Hindu] Attempt 1/1: Trying with 'selenium_browser' strategy...
2026-08-15 17:51:36,295 - INFO - [Economic Times] Success with 'requests_browser'. Found content (1272 words).
2026-08-15 17:51:38,985 - INFO - [Wired] Early skip: URL https://www.wired.com/story/openai-safety-security-ai-agents-culture/ already exists.
2026-08-15 17:51:40,719 - INFO - [Wired] Early skip: URL https://www.wired.com/story/mark-zuckerbergs-ai-manifesto-is-6500-words-and-barely-says-anything/ already exists.
2026-08-15 17:51:40,719 - ERROR - Error saving article Implementation of 'guarantees', decline of BRS favour Congress in Telangana, BJP aiming for better show - The Economic Times: Hrana: `stream error: `Error { message: "SQLite error: UNIQUE constraint failed: articles.url", code: "SQLITE_CONSTRAINT" }``
2026-08-15 17:51:40,721 - INFO - [Wired] Early skip: URL https://www.wired.com/story/the-painful-truth-of-exactly-how-ice-new-shock-gloves-actually-work/ already exists.
2026-08-15 17:51:40,722 - INFO - [Wired] Early skip: URL https://www.wired.com/story/novig-says-its-not-like-those-other-prediction-markets/ already exists.
2026-08-15 17:51:40,723 - INFO - [Wired] Early skip: URL https://www.wired.com/gallery/best-samsung-s26-cases-and-accessories/ already exists.
2026-08-15 17:51:40,724 - INFO - [Wired] Early skip: URL https://www.wired.com/story/google-pixelsnap-charger-and-stand-50-percent-off/ already exists.
2026-08-15 17:51:40,725 - INFO - [Wired] Early skip: URL https://www.wired.com/story/heat-wave-schizophrenia/ already exists.
2026-08-15 17:51:40,727 - INFO - [Wired] Early skip: URL https://www.wired.com/story/the-best-android-tablets/ already exists.
2026-08-15 17:51:40,728 - INFO - [Wired] Early skip: URL https://www.wired.com/gallery/best-cooling-mattress/ already exists.
2026-08-15 17:51:40,729 - INFO - [Wired] Early skip: URL https://www.wired.com/story/cbp-workers-allegedly-used-government-databases-to-spy-on-exes-crushes-and-colleagues/ already exists.
2026-08-15 17:51:40,730 - INFO - [Wired] Early skip: URL https://www.wired.com/story/fatty-liver-disease-ai-detection-cancer/ already exists.
2026-08-15 17:51:40,731 - INFO - [Wired] Early skip: URL https://www.wired.com/gallery/the-best-cooling-mattresses-for-hot-sleepers-1/ already exists.
2026-08-15 17:51:40,733 - INFO - [Wired] Article: https://www.wired.com/story/priceline-promo-code/
2026-08-15 17:51:40,733 - INFO - [Wired] Attempt 1/2: Trying with 'requests_browser' strategy...
2026-08-15 17:51:40,872 - ERROR - parsed tree length: 1, wrong data type or not valid HTML
2026-08-15 17:51:40,872 - ERROR - empty HTML tree: None
2026-08-15 17:51:40,872 - WARNING - discarding data: None
2026-08-15 17:51:40,872 - WARNING - [Wired] FAILED with 'requests_browser' (content was too short: 0 words).
2026-08-15 17:51:41,323 - INFO - [Economic Times] Article: https://economictimes.indiatimes.com/traders-bet-on-calendar-spread-as-nifty-moves-in-a-tight-range/articleshow/6302358.cms
2026-08-15 17:51:41,323 - INFO - [Economic Times] Attempt 1/2: Trying with 'requests_browser' strategy...
2026-08-15 17:51:41,403 - INFO - [Wired] Article: https://www.wired.com/story/priceline-promo-code/
2026-08-15 17:51:41,403 - INFO - [Wired] Attempt 2/2: Trying with 'selenium_browser' strategy...
2026-08-15 17:51:41,686 - ERROR - parsed tree length: 1, wrong data type or not valid HTML
2026-08-15 17:51:41,686 - ERROR - empty HTML tree: None
2026-08-15 17:51:41,686 - WARNING - discarding data: None
2026-08-15 17:51:41,686 - WARNING - [Economic Times] FAILED with 'requests_browser' (content was too short: 0 words).
2026-08-15 17:51:42,476 - INFO - [Economic Times] Article: https://economictimes.indiatimes.com/traders-bet-on-calendar-spread-as-nifty-moves-in-a-tight-range/articleshow/6302358.cms
2026-08-15 17:51:42,476 - INFO - [Economic Times] Attempt 2/2: Trying with 'selenium_browser' strategy...
2026-08-15 17:51:42,741 - INFO - [Wired] Page content loaded.
2026-08-15 17:51:43,195 - INFO - [Wired] Success with 'selenium_browser'. Found content (1332 words).
2026-08-15 17:51:46,662 - ERROR - Error saving article Priceline Promo Codes & Coupons: 10% Off August 2026 | WIRED: Hrana: `stream error: `Error { message: "SQLite error: UNIQUE constraint failed: articles.url", code: "SQLITE_CONSTRAINT" }``
2026-08-15 17:51:46,782 - INFO - [Economic Times] Page content loaded.
2026-08-15 17:51:46,959 - INFO - [Economic Times] Success with 'selenium_browser'. Found content (411 words).
2026-08-15 17:51:48,811 - INFO - [Wired] Article: https://www.wired.com/story/naturepedic-promo-code/
2026-08-15 17:51:49,380 - INFO - [Wired] Attempt 1/2: Trying with 'requests_browser' strategy...
2026-08-15 17:51:50,427 - WARNING - [The Hindu] Page get timed out (7s). Proceeding to grab partial source anyway.
2026-08-15 17:51:50,431 - ERROR - Error saving article Traders bet on calendar spread as Nifty moves in a tight range - The Economic Times: Hrana: `stream error: `Error { message: "SQLite error: UNIQUE constraint failed: articles.url", code: "SQLITE_CONSTRAINT" }``
2026-08-15 17:51:50,690 - ERROR - parsed tree length: 1, wrong data type or not valid HTML
2026-08-15 17:51:50,690 - ERROR - empty HTML tree: None
2026-08-15 17:51:50,690 - WARNING - discarding data: None
2026-08-15 17:51:50,690 - WARNING - [Wired] FAILED with 'requests_browser' (content was too short: 0 words).
2026-08-15 17:51:51,587 - INFO - [Wired] Article: https://www.wired.com/story/naturepedic-promo-code/
2026-08-15 17:51:51,587 - INFO - [Wired] Attempt 2/2: Trying with 'selenium_browser' strategy...
2026-08-15 17:51:51,727 - INFO - [Economic Times] Article: https://economictimes.indiatimes.com/nifty-may-find-support-at-5300-level/articleshow/6296017.cms
2026-08-15 17:51:51,727 - INFO - [Economic Times] Attempt 1/2: Trying with 'requests_browser' strategy...
2026-08-15 17:51:52,062 - ERROR - parsed tree length: 1, wrong data type or not valid HTML
2026-08-15 17:51:52,062 - ERROR - empty HTML tree: None
2026-08-15 17:51:52,062 - WARNING - discarding data: None
2026-08-15 17:51:52,062 - WARNING - [Economic Times] FAILED with 'requests_browser' (content was too short: 0 words).
2026-08-15 17:51:52,578 - INFO - [Economic Times] Article: https://economictimes.indiatimes.com/nifty-may-find-support-at-5300-level/articleshow/6296017.cms
2026-08-15 17:51:52,579 - INFO - [Economic Times] Attempt 2/2: Trying with 'selenium_browser' strategy...
2026-08-15 17:51:56,527 - INFO - [Wired] Page content loaded.
2026-08-15 17:51:57,245 - INFO - [Wired] Success with 'selenium_browser'. Found content (633 words).
2026-08-15 17:51:57,972 - WARNING - [The Hindu] Page explicit wait timed out (3s). Proceeding anyway.
2026-08-15 17:52:01,701 - ERROR - Error saving article Naturepedic Promo Codes: Get 20% Off Plus Free Pillows | WIRED: Hrana: `stream error: `Error { message: "SQLite error: UNIQUE constraint failed: articles.url", code: "SQLITE_CONSTRAINT" }``
2026-08-15 17:52:02,314 - INFO - [Economic Times] Page content loaded.
2026-08-15 17:52:02,396 - INFO - [Economic Times] Success with 'selenium_browser'. Found content (773 words).
2026-08-15 17:52:04,045 - INFO - [Wired] Article: https://www.wired.com/story/bose-coupon-code/
2026-08-15 17:52:04,544 - INFO - [Wired] Attempt 1/2: Trying with 'requests_browser' strategy...
2026-08-15 17:52:05,598 - ERROR - Error saving article Nifty may find support at 5300 level - The Economic Times: Hrana: `stream error: `Error { message: "SQLite error: UNIQUE constraint failed: articles.url", code: "SQLITE_CONSTRAINT" }``
2026-08-15 17:52:05,599 - ERROR - [The Hindu] Request failed for strategy 'selenium_browser' on URL https://www.thehindu.com/news/national/leading-countries-extend-greetings-to-india-on-80th-independence-day/article71350060.ece: Message: timeout: Timed out receiving message from renderer: 7.000
  (Session info: chrome=152.0.7977.42)
Stacktrace:
#0 0x560bced962ca <unknown>
#1 0x560bce6f9b39 <unknown>
#2 0x560bce6e15bb <unknown>
#3 0x560bce6e1236 <unknown>
#4 0x560bce6dee18 <unknown>
#5 0x560bce6df79f <unknown>
#6 0x560bce6ee880 <unknown>
#7 0x560bce7087b7 <unknown>
#8 0x560bce71019b <unknown>
#9 0x560bce6dfef9 <unknown>
#10 0x560bce708512 <unknown>
#11 0x560bce797b26 <unknown>
#12 0x560bce742ecb <unknown>
#13 0x560bce743cb1 <unknown>
#14 0x560bced5a7f0 <unknown>
#15 0x560bced58e6a <unknown>
#16 0x560bced43bb5 <unknown>
#17 0x560bced59b2a <unknown>
#18 0x560bced2cdf0 <unknown>
#19 0x560bced81238 <unknown>
#20 0x560bced813d5 <unknown>
#21 0x560bced94e53 <unknown>
#22 0x7f4097a9cb84 <unknown>
#23 0x7f4097b29d6c <unknown>

2026-08-15 17:52:05,599 - ERROR - [The Hindu] All scrape strategies failed for https://www.thehindu.com/news/national/leading-countries-extend-greetings-to-india-on-80th-independence-day/article71350060.ece. Falling back to RSS description.
2026-08-15 17:52:05,599 - WARNING - SKIPPED (GLOBAL WORD LIMIT): Article 'Leading countries extend greetings to India on 80th Independence Day' from The Hindu has only 29 words (Min: 90).
2026-08-15 17:52:05,790 - ERROR - parsed tree length: 1, wrong data type or not valid HTML
2026-08-15 17:52:05,790 - ERROR - empty HTML tree: None
2026-08-15 17:52:05,790 - WARNING - discarding data: None
2026-08-15 17:52:05,790 - WARNING - [Wired] FAILED with 'requests_browser' (content was too short: 0 words).
2026-08-15 17:52:06,133 - INFO - [The Hindu] Early skip: URL https://www.thehindu.com/news/national/karnataka/memorable-independence-day-celebrations-for-students-of-govt-school-at-kade-nandihalli-in-shivamogga/article71349803.ece already exists.
2026-08-15 17:52:06,135 - INFO - [The Hindu] Early skip: URL https://www.thehindu.com/news/national/kerala/train-passengers-to-stage-stand-up-protest-in-kozhikode-on-august-16/article71350147.ece already exists.
2026-08-15 17:52:06,136 - INFO - [The Hindu] Early skip: URL https://www.thehindu.com/news/national/karnataka/karnatakas-guarantee-schemes-model-for-country-tangadagi/article71349533.ece already exists.
2026-08-15 17:52:06,137 - INFO - [The Hindu] Early skip: URL https://www.thehindu.com/news/national/telangana/eflu-clash-leaves-three-students-with-serious-head-injuries-14-booked/article71350297.ece already exists.
2026-08-15 17:52:06,138 - INFO - [The Hindu] Early skip: URL https://www.thehindu.com/news/national/west-bengal/mahua-moitra-seeks-lok-sabha-speakers-intervention-over-alleged-eviction-bid-from-circuit-house/article71350066.ece already exists.
2026-08-15 17:52:06,139 - INFO - [The Hindu] Early skip: URL https://www.thehindu.com/news/national/kerala/avenues-of-professional-reward-opening-up-for-artistes-from-tribal-communities-in-kerala/article71349630.ece already exists.
2026-08-15 17:52:06,141 - INFO - [The Hindu] Early skip: URL https://www.thehindu.com/news/national/jharkhand/soren-promises-systemic-change-amid-ongoing-student-protest-in-jharkhand/article71349382.ece already exists.
2026-08-15 17:52:06,142 - INFO - [The Hindu] Early skip: URL https://www.thehindu.com/news/national/kerala/kochi-youth-reported-missing-from-japanese-ship-anxious-kin-seek-govt-help/article71349317.ece already exists.
2026-08-15 17:52:06,143 - INFO - [The Hindu] Early skip: URL https://www.thehindu.com/news/national/andhra-pradesh/ttd-gearing-up-for-twin-brahmotsavams-this-year-chairman-br-naidu/article71349684.ece already exists.
2026-08-15 17:52:06,144 - INFO - [The Hindu] Early skip: URL https://www.thehindu.com/news/national/kerala/kerala-opposition-leader-pinarayi-flays-congress-for-singing-vande-mataram-in-full-at-aicc-hq-several-states/article71350130.ece already exists.
2026-08-15 17:52:06,145 - INFO - [The Hindu] Article: https://www.thehindu.com/news/national/karnataka//article71349285.ece
2026-08-15 17:52:06,145 - INFO - [The Hindu] Attempt 1/1: Trying with 'selenium_browser' strategy...
2026-08-15 17:52:06,304 - INFO - [Wired] Article: https://www.wired.com/story/bose-coupon-code/
2026-08-15 17:52:06,304 - INFO - [Wired] Attempt 2/2: Trying with 'selenium_browser' strategy...
2026-08-15 17:52:06,669 - INFO - [Economic Times] Article: https://economictimes.indiatimes.com/seven-out-of-top-10-asian-small-cap-funds-are-indian/articleshow/6295976.cms
2026-08-15 17:52:06,669 - INFO - [Economic Times] Attempt 1/2: Trying with 'requests_browser' strategy...
2026-08-15 17:52:07,015 - ERROR - parsed tree length: 1, wrong data type or not valid HTML
2026-08-15 17:52:07,016 - ERROR - empty HTML tree: None
2026-08-15 17:52:07,016 - WARNING - discarding data: None
2026-08-15 17:52:07,016 - WARNING - [Economic Times] FAILED with 'requests_browser' (content was too short: 0 words).
2026-08-15 17:52:07,882 - INFO - [Economic Times] Article: https://economictimes.indiatimes.com/seven-out-of-top-10-asian-small-cap-funds-are-indian/articleshow/6295976.cms
2026-08-15 17:52:07,882 - INFO - [Economic Times] Attempt 2/2: Trying with 'selenium_browser' strategy...
2026-08-15 17:52:08,839 - INFO - [Wired] Page content loaded.
2026-08-15 17:52:09,280 - INFO - [Wired] Success with 'selenium_browser'. Found content (649 words).
2026-08-15 17:52:12,923 - ERROR - Error saving article Bose Promo Code: 40% Off for August 2026 | WIRED: Hrana: `stream error: `Error { message: "SQLite error: UNIQUE constraint failed: articles.url", code: "SQLITE_CONSTRAINT" }``
2026-08-15 17:52:12,932 - INFO - [Economic Times] Page content loaded.
2026-08-15 17:52:13,068 - INFO - [Economic Times] Success with 'selenium_browser'. Found content (607 words).
2026-08-15 17:52:14,701 - INFO - [Wired] Article: https://www.wired.com/story/castlery-promo-code/
2026-08-15 17:52:15,201 - INFO - [Wired] Attempt 1/2: Trying with 'requests_browser' strategy...
2026-08-15 17:52:16,272 - ERROR - Error saving article Seven out of top 10 Asian small-cap funds are Indian - The Economic Times: Hrana: `stream error: `Error { message: "SQLite error: UNIQUE constraint failed: articles.url", code: "SQLITE_CONSTRAINT" }``
2026-08-15 17:52:16,285 - ERROR - parsed tree length: 1, wrong data type or not valid HTML
2026-08-15 17:52:16,285 - ERROR - empty HTML tree: None
2026-08-15 17:52:16,285 - WARNING - discarding data: None
2026-08-15 17:52:16,285 - WARNING - [Wired] FAILED with 'requests_browser' (content was too short: 0 words).
2026-08-15 17:52:17,106 - INFO - [Wired] Article: https://www.wired.com/story/castlery-promo-code/
2026-08-15 17:52:17,106 - INFO - [Wired] Attempt 2/2: Trying with 'selenium_browser' strategy...
2026-08-15 17:52:17,466 - INFO - [Economic Times] Article: https://economictimes.indiatimes.com/inflation-reflects-growth-dynamics-in-india-christopher-wood/articleshow/6274053.cms
2026-08-15 17:52:17,466 - INFO - [Economic Times] Attempt 1/2: Trying with 'requests_browser' strategy...
2026-08-15 17:52:17,784 - ERROR - parsed tree length: 1, wrong data type or not valid HTML
2026-08-15 17:52:17,784 - ERROR - empty HTML tree: None
2026-08-15 17:52:17,784 - WARNING - discarding data: None
2026-08-15 17:52:17,784 - WARNING - [Economic Times] FAILED with 'requests_browser' (content was too short: 0 words).
2026-08-15 17:52:18,665 - INFO - [Wired] Page content loaded.
2026-08-15 17:52:18,670 - INFO - [Economic Times] Article: https://economictimes.indiatimes.com/inflation-reflects-growth-dynamics-in-india-christopher-wood/articleshow/6274053.cms
2026-08-15 17:52:18,670 - INFO - [Economic Times] Attempt 2/2: Trying with 'selenium_browser' strategy...
2026-08-15 17:52:19,266 - INFO - [Wired] Success with 'selenium_browser'. Found content (800 words).
2026-08-15 17:52:20,826 - WARNING - [The Hindu] Page get timed out (7s). Proceeding to grab partial source anyway.
2026-08-15 17:52:22,471 - ERROR - Error saving article Castlery Promo Codes: 15% Off for August 2026 | WIRED: Hrana: `stream error: `Error { message: "SQLite error: UNIQUE constraint failed: articles.url", code: "SQLITE_CONSTRAINT" }``
2026-08-15 17:52:22,487 - INFO - [Economic Times] Page content loaded.
2026-08-15 17:52:22,619 - INFO - [Economic Times] Success with 'selenium_browser'. Found content (4520 words).
2026-08-15 17:52:24,286 - INFO - [Wired] (Thread) Finished. Attempting to shut down its Selenium driver.
2026-08-15 17:52:25,992 - ERROR - Error saving article Inflation reflects growth dynamics in India: Christopher Wood - The Economic Times: Hrana: `stream error: `Error { message: "SQLite error: UNIQUE constraint failed: articles.url", code: "SQLITE_CONSTRAINT" }``
2026-08-15 17:52:25,996 - INFO - [Wired] (Thread) driver.quit() successful.
2026-08-15 17:52:27,108 - INFO - [Economic Times] Article: https://economictimes.indiatimes.com/market-may-trade-in-a-range-but-fiis-seen-sold-on-india/articleshow/6277705.cms
2026-08-15 17:52:27,108 - INFO - [Economic Times] Attempt 1/2: Trying with 'requests_browser' strategy...
2026-08-15 17:52:27,430 - ERROR - parsed tree length: 1, wrong data type or not valid HTML
2026-08-15 17:52:27,430 - ERROR - empty HTML tree: None
2026-08-15 17:52:27,430 - WARNING - discarding data: None
2026-08-15 17:52:27,430 - WARNING - [Economic Times] FAILED with 'requests_browser' (content was too short: 0 words).
2026-08-15 17:52:28,314 - WARNING - [The Hindu] Page explicit wait timed out (3s). Proceeding anyway.
2026-08-15 17:52:28,374 - INFO - [Economic Times] Article: https://economictimes.indiatimes.com/market-may-trade-in-a-range-but-fiis-seen-sold-on-india/articleshow/6277705.cms
2026-08-15 17:52:28,374 - INFO - [Economic Times] Attempt 2/2: Trying with 'selenium_browser' strategy...
2026-08-15 17:52:29,626 - INFO - [Economic Times] Page content loaded.
2026-08-15 17:52:29,768 - INFO - [Economic Times] Success with 'selenium_browser'. Found content (809 words).
2026-08-15 17:52:33,311 - ERROR - Error saving article Market may trade in a range, but FIIs seen sold on India - The Economic Times: Hrana: `stream error: `Error { message: "SQLite error: UNIQUE constraint failed: articles.url", code: "SQLITE_CONSTRAINT" }``
2026-08-15 17:52:34,625 - INFO - [Economic Times] Article: https://economictimes.indiatimes.com/dont-bank-only-on-price-to-earning-ratio/articleshow/6278228.cms
2026-08-15 17:52:34,625 - INFO - [Economic Times] Attempt 1/2: Trying with 'requests_browser' strategy...
2026-08-15 17:52:34,936 - ERROR - parsed tree length: 1, wrong data type or not valid HTML
2026-08-15 17:52:34,936 - ERROR - empty HTML tree: None
2026-08-15 17:52:34,936 - WARNING - discarding data: None
2026-08-15 17:52:34,936 - WARNING - [Economic Times] FAILED with 'requests_browser' (content was too short: 0 words).
2026-08-15 17:52:35,321 - ERROR - [The Hindu] Request failed for strategy 'selenium_browser' on URL https://www.thehindu.com/news/national/karnataka//article71349285.ece: Message: timeout: Timed out receiving message from renderer: 7.000
  (Session info: chrome=152.0.7977.42)
Stacktrace:
#0 0x560bced962ca <unknown>
#1 0x560bce6f9b39 <unknown>
#2 0x560bce6e15bb <unknown>
#3 0x560bce6e1236 <unknown>
#4 0x560bce6dee18 <unknown>
#5 0x560bce6df79f <unknown>
#6 0x560bce6ee880 <unknown>
#7 0x560bce7087b7 <unknown>
#8 0x560bce71019b <unknown>
#9 0x560bce6dfef9 <unknown>
#10 0x560bce708512 <unknown>
#11 0x560bce797b26 <unknown>
#12 0x560bce742ecb <unknown>
#13 0x560bce743cb1 <unknown>
#14 0x560bced5a7f0 <unknown>
#15 0x560bced58e6a <unknown>
#16 0x560bced43bb5 <unknown>
#17 0x560bced59b2a <unknown>
#18 0x560bced2cdf0 <unknown>
#19 0x560bced81238 <unknown>
#20 0x560bced813d5 <unknown>
#21 0x560bced94e53 <unknown>
#22 0x7f4097a9cb84 <unknown>
#23 0x7f4097b29d6c <unknown>

2026-08-15 17:52:35,321 - ERROR - [The Hindu] All scrape strategies failed for https://www.thehindu.com/news/national/karnataka//article71349285.ece. Falling back to RSS description.
2026-08-15 17:52:35,321 - WARNING - SKIPPED (GLOBAL WORD LIMIT): Article 'Youth’s role in country’s progress is crucial, says Santosh Lad' from The Hindu has only 3 words (Min: 90).
2026-08-15 17:52:35,618 - INFO - [Economic Times] Article: https://economictimes.indiatimes.com/dont-bank-only-on-price-to-earning-ratio/articleshow/6278228.cms
2026-08-15 17:52:35,618 - INFO - [Economic Times] Attempt 2/2: Trying with 'selenium_browser' strategy...
2026-08-15 17:52:36,190 - INFO - [The Hindu] Early skip: URL https://www.thehindu.com/news/national/telangana/brs-faults-ap-officials-letter-to-krmb-on-telanganas-water-share/article71349848.ece already exists.
2026-08-15 17:52:36,191 - INFO - [The Hindu] Early skip: URL https://www.thehindu.com/news/national/andhra-pradesh/ap-teachers-to-undergo-training-in-finland-from-august-17/article71350144.ece already exists.
2026-08-15 17:52:36,192 - INFO - [The Hindu] Early skip: URL https://www.thehindu.com/news/national/kerala/onam-cycle-rally-to-be-held-in-thiruvananthapuram-on-sunday/article71350170.ece already exists.
2026-08-15 17:52:36,193 - INFO - [The Hindu] Early skip: URL https://www.thehindu.com/news/national/karnataka/80-of-crops-damaged-in-gadag-district-says-basavaraj-rayareddi/article71349334.ece already exists.
2026-08-15 17:52:36,194 - INFO - [The Hindu] Early skip: URL https://www.thehindu.com/news/national/kerala/ernakulam-bengaluru-vande-bharat-gets-16-coaches/article71350184.ece already exists.
2026-08-15 17:52:36,196 - INFO - [The Hindu] Early skip: URL https://www.thehindu.com/news/national/andhra-pradesh/new-bus-service-launched-to-palakondaraya-temple-for-sravanam-month/article71349395.ece already exists.
2026-08-15 17:52:36,197 - INFO - [The Hindu] Early skip: URL https://www.thehindu.com/news/national/andhra-pradesh/ttd-urges-employees-to-enhance-devotee-services/article71349799.ece already exists.
2026-08-15 17:52:36,198 - INFO - [The Hindu] Early skip: URL https://www.thehindu.com/news/national/kerala/cut-in-life-mission-allocation-kerala-govt-has-deceived-poor-homeless-people-says-pinarayi-vijayan/article71350128.ece already exists.
2026-08-15 17:52:36,199 - INFO - [The Hindu] Early skip: URL https://www.thehindu.com/news/national/kerala/man-stabs-parents-to-death-in-keralas-idukki/article71350048.ece already exists.
2026-08-15 17:52:36,200 - INFO - [The Hindu] Early skip: URL https://www.thehindu.com/news/national/karnataka/no-permanent-enemies-in-politics-says-satish-jarkiholi/article71349404.ece already exists.
2026-08-15 17:52:36,201 - INFO - [The Hindu] Early skip: URL https://www.thehindu.com/news/national/india-80th-independence-day-2026-live-updates-on-august-15-pm-modi-speech-red-fort/article71348349.ece already exists.
2026-08-15 17:52:36,203 - INFO - [The Hindu] Early skip: URL https://www.thehindu.com/news/national/karnataka/karnataka-has-begun-process-to-procure-15000-new-buses-transport-minister/article71350115.ece already exists.
2026-08-15 17:52:36,204 - INFO - [The Hindu] Early skip: URL https://www.thehindu.com/news/national/karnataka/three-suspected-poachers-killed-in-hanur-shoot-out-probe-ordered-amid-tension/article71350106.ece already exists.
2026-08-15 17:52:36,205 - INFO - [The Hindu] Early skip: URL https://www.thehindu.com/news/national/andhra-pradesh/apiic-tableau-bags-first-prize-at-i-day-celebrations-in-tirupati/article71349352.ece already exists.
2026-08-15 17:52:36,206 - INFO - [The Hindu] Early skip: URL https://www.thehindu.com/news/national/karnataka/bengaluru-namma-metro-inducts-15th-yellow-line-train-peak-hour-services-down-to-six-minutes/article71349951.ece already exists.
2026-08-15 17:52:36,207 - INFO - [The Hindu] Early skip: URL https://www.thehindu.com/news/national/kerala/complaint-filed-over-unauthorised-independence-day-programme-at-thekkinkadu-maidan/article71349980.ece already exists.
2026-08-15 17:52:36,208 - INFO - [The Hindu] Early skip: URL https://www.thehindu.com/news/national/karnataka/grs-talent-star-2026-at-kalamandira-on-august-22/article71349782.ece already exists.
2026-08-15 17:52:36,209 - INFO - [The Hindu] Early skip: URL https://www.thehindu.com/news/national/kerala/hml-uses-drone-seeding-to-restore-15-acres-of-eucalyptus-land-in-idukki/article71350064.ece already exists.
2026-08-15 17:52:36,210 - INFO - [The Hindu] (Thread) Finished. Attempting to shut down its Selenium driver.
2026-08-15 17:52:36,331 - INFO - [The Hindu] (Thread) driver.quit() successful.
2026-08-15 17:52:37,390 - INFO - [Economic Times] Page content loaded.
2026-08-15 17:52:37,510 - INFO - [Economic Times] Success with 'selenium_browser'. Found content (447 words).
2026-08-15 17:52:41,003 - ERROR - Error saving article 'Don't bank only on price-to-earning ratio' - The Economic Times: Hrana: `stream error: `Error { message: "SQLite error: UNIQUE constraint failed: articles.url", code: "SQLITE_CONSTRAINT" }``
2026-08-15 17:52:42,421 - INFO - [Economic Times] Article: https://economictimes.indiatimes.com/markets/stocks/recos/prabhudas-lilladher-has-a-reduce-rating-on-infosys/articleshow/3798718.cms
2026-08-15 17:52:42,421 - INFO - [Economic Times] Attempt 1/2: Trying with 'requests_browser' strategy...
2026-08-15 17:52:42,744 - ERROR - parsed tree length: 1, wrong data type or not valid HTML
2026-08-15 17:52:42,744 - ERROR - empty HTML tree: None
2026-08-15 17:52:42,744 - WARNING - discarding data: None
2026-08-15 17:52:42,745 - WARNING - [Economic Times] FAILED with 'requests_browser' (content was too short: 0 words).
2026-08-15 17:52:43,318 - INFO - [Economic Times] Article: https://economictimes.indiatimes.com/markets/stocks/recos/prabhudas-lilladher-has-a-reduce-rating-on-infosys/articleshow/3798718.cms
2026-08-15 17:52:43,319 - INFO - [Economic Times] Attempt 2/2: Trying with 'selenium_browser' strategy...
2026-08-15 17:52:44,654 - INFO - [Economic Times] Page content loaded.
2026-08-15 17:52:44,761 - INFO - [Economic Times] Success with 'selenium_browser'. Found content (438 words).
2026-08-15 17:52:47,924 - ERROR - Error saving article Prabhudas Lilladher has a ‘reduce’ rating on Infosys - The Economic Times: Hrana: `stream error: `Error { message: "SQLite error: UNIQUE constraint failed: articles.url", code: "SQLITE_CONSTRAINT" }``
2026-08-15 17:52:48,963 - INFO - [Economic Times] Article: https://economictimes.indiatimes.com/markets/stocks/recos/fin-crisis-too-late-and-too-little-done-in-us/articleshow/3794549.cms
2026-08-15 17:52:48,963 - INFO - [Economic Times] Attempt 1/2: Trying with 'requests_browser' strategy...
2026-08-15 17:52:49,273 - ERROR - parsed tree length: 1, wrong data type or not valid HTML
2026-08-15 17:52:49,273 - ERROR - empty HTML tree: None
2026-08-15 17:52:49,273 - WARNING - discarding data: None
2026-08-15 17:52:49,273 - WARNING - [Economic Times] FAILED with 'requests_browser' (content was too short: 0 words).
2026-08-15 17:52:49,935 - INFO - [Economic Times] Article: https://economictimes.indiatimes.com/markets/stocks/recos/fin-crisis-too-late-and-too-little-done-in-us/articleshow/3794549.cms
2026-08-15 17:52:49,936 - INFO - [Economic Times] Attempt 2/2: Trying with 'selenium_browser' strategy...
2026-08-15 17:52:51,075 - INFO - [Economic Times] Page content loaded.
2026-08-15 17:52:51,175 - INFO - [Economic Times] Success with 'selenium_browser'. Found content (868 words).
2026-08-15 17:52:54,816 - ERROR - Error saving article Fin Crisis: Too late and too little done in US - The Economic Times: Hrana: `stream error: `Error { message: "SQLite error: UNIQUE constraint failed: articles.url", code: "SQLITE_CONSTRAINT" }``
2026-08-15 17:52:55,661 - INFO - [Economic Times] Article: https://economictimes.indiatimes.com/markets/forex/weak-rupee-takes-its-toll-on-cos-with-huge-foreign-debt/articleshow/3546158.cms
2026-08-15 17:52:55,661 - INFO - [Economic Times] Attempt 1/2: Trying with 'requests_browser' strategy...
2026-08-15 17:52:55,968 - ERROR - parsed tree length: 1, wrong data type or not valid HTML
2026-08-15 17:52:55,969 - ERROR - empty HTML tree: None
2026-08-15 17:52:55,969 - WARNING - discarding data: None
2026-08-15 17:52:55,969 - WARNING - [Economic Times] FAILED with 'requests_browser' (content was too short: 0 words).
2026-08-15 17:52:56,499 - INFO - [Economic Times] Article: https://economictimes.indiatimes.com/markets/forex/weak-rupee-takes-its-toll-on-cos-with-huge-foreign-debt/articleshow/3546158.cms
2026-08-15 17:52:56,499 - INFO - [Economic Times] Attempt 2/2: Trying with 'selenium_browser' strategy...
2026-08-15 17:52:57,891 - INFO - [Economic Times] Page content loaded.
2026-08-15 17:52:58,065 - INFO - [Economic Times] Success with 'selenium_browser'. Found content (482 words).
2026-08-15 17:53:01,242 - ERROR - Error saving article Weak rupee takes its toll on cos with huge foreign debt - The Economic Times: Hrana: `stream error: `Error { message: "SQLite error: UNIQUE constraint failed: articles.url", code: "SQLITE_CONSTRAINT" }``
2026-08-15 17:53:01,871 - INFO - [Economic Times] Article: https://economictimes.indiatimes.com/markets/stocks/recos/wait-for-more-signals-before-turning-positive/articleshow/3292640.cms
2026-08-15 17:53:01,871 - INFO - [Economic Times] Attempt 1/2: Trying with 'requests_browser' strategy...
2026-08-15 17:53:02,250 - ERROR - parsed tree length: 1, wrong data type or not valid HTML
2026-08-15 17:53:02,251 - ERROR - empty HTML tree: None
2026-08-15 17:53:02,251 - WARNING - discarding data: None
2026-08-15 17:53:02,251 - WARNING - [Economic Times] FAILED with 'requests_browser' (content was too short: 0 words).
2026-08-15 17:53:03,000 - INFO - [Economic Times] Article: https://economictimes.indiatimes.com/markets/stocks/recos/wait-for-more-signals-before-turning-positive/articleshow/3292640.cms
2026-08-15 17:53:03,000 - INFO - [Economic Times] Attempt 2/2: Trying with 'selenium_browser' strategy...
2026-08-15 17:53:04,330 - INFO - [Economic Times] Page content loaded.
2026-08-15 17:53:04,522 - INFO - [Economic Times] Success with 'selenium_browser'. Found content (761 words).
2026-08-15 17:53:07,874 - ERROR - Error saving article Wait for more signals before turning positive - The Economic Times: Hrana: `stream error: `Error { message: "SQLite error: UNIQUE constraint failed: articles.url", code: "SQLITE_CONSTRAINT" }``
2026-08-15 17:53:09,196 - INFO - [Economic Times] Article: https://economictimes.indiatimes.com/news/company/corporate-trends/six-indian-cos-among-businessweeks-top-100-infotech-firms/articleshow/3189334.cms
2026-08-15 17:53:09,196 - INFO - [Economic Times] Attempt 1/2: Trying with 'requests_browser' strategy...
2026-08-15 17:53:09,516 - INFO - [Economic Times] Success with 'requests_browser'. Found content (370 words).
2026-08-15 17:53:12,963 - ERROR - Error saving article Six Indian cos among BusinessWeek's top 100 Infotech firms - The Economic Times: Hrana: `stream error: `Error { message: "SQLite error: UNIQUE constraint failed: articles.url", code: "SQLITE_CONSTRAINT" }``
2026-08-15 17:53:14,000 - INFO - [Economic Times] Article: https://economictimes.indiatimes.com/news/company/corporate-trends/indian-firms-slip-in-global-ranking-four-move-out-of-top-500/articleshow/3177077.cms
2026-08-15 17:53:14,000 - INFO - [Economic Times] Attempt 1/2: Trying with 'requests_browser' strategy...
2026-08-15 17:53:14,317 - INFO - [Economic Times] Success with 'requests_browser'. Found content (1044 words).
2026-08-15 17:53:17,353 - ERROR - Error saving article Indian firms slip in global ranking; four move out of Top-500 - The Economic Times: Hrana: `stream error: `Error { message: "SQLite error: UNIQUE constraint failed: articles.url", code: "SQLITE_CONSTRAINT" }``
2026-08-15 17:53:18,683 - INFO - [Economic Times] Article: https://economictimes.indiatimes.com/markets/stocks/news/big-daddy-laps-up-cipla-after-q1-nos-beat-forecast/articleshow/6308646.cms
2026-08-15 17:53:18,683 - INFO - [Economic Times] Attempt 1/2: Trying with 'requests_browser' strategy...
2026-08-15 17:53:19,054 - ERROR - parsed tree length: 1, wrong data type or not valid HTML
2026-08-15 17:53:19,054 - ERROR - empty HTML tree: None
2026-08-15 17:53:19,054 - WARNING - discarding data: None
2026-08-15 17:53:19,054 - WARNING - [Economic Times] FAILED with 'requests_browser' (content was too short: 0 words).
2026-08-15 17:53:19,679 - INFO - [Economic Times] Article: https://economictimes.indiatimes.com/markets/stocks/news/big-daddy-laps-up-cipla-after-q1-nos-beat-forecast/articleshow/6308646.cms
2026-08-15 17:53:19,680 - INFO - [Economic Times] Attempt 2/2: Trying with 'selenium_browser' strategy...
2026-08-15 17:53:20,949 - INFO - [Economic Times] Page content loaded.
2026-08-15 17:53:21,528 - WARNING - [Economic Times] FAILED with 'selenium_browser' (content was too short: 83 words).
2026-08-15 17:53:21,530 - ERROR - [Economic Times] All scrape strategies failed for https://economictimes.indiatimes.com/markets/stocks/news/big-daddy-laps-up-cipla-after-q1-nos-beat-forecast/articleshow/6308646.cms. Falling back to RSS description.
2026-08-15 17:53:21,530 - WARNING - SKIPPED (GLOBAL WORD LIMIT): Article ''Big Daddy' laps up Cipla after Q1 nos beat forecast ' from Economic Times has only 20 words (Min: 90).
2026-08-15 17:53:22,382 - INFO - [Economic Times] Article: https://economictimes.indiatimes.com/markets/stocks/news/old-fox-has-dream-run-on-dalal-street/articleshow/6308631.cms
2026-08-15 17:53:22,382 - INFO - [Economic Times] Attempt 1/2: Trying with 'requests_browser' strategy...
2026-08-15 17:53:22,717 - ERROR - parsed tree length: 1, wrong data type or not valid HTML
2026-08-15 17:53:22,717 - ERROR - empty HTML tree: None
2026-08-15 17:53:22,717 - WARNING - discarding data: None
2026-08-15 17:53:22,717 - WARNING - [Economic Times] FAILED with 'requests_browser' (content was too short: 0 words).
2026-08-15 17:53:23,506 - INFO - [Economic Times] Article: https://economictimes.indiatimes.com/markets/stocks/news/old-fox-has-dream-run-on-dalal-street/articleshow/6308631.cms
2026-08-15 17:53:23,506 - INFO - [Economic Times] Attempt 2/2: Trying with 'selenium_browser' strategy...
2026-08-15 17:53:24,702 - INFO - [Economic Times] Page content loaded.
2026-08-15 17:53:24,922 - INFO - [Economic Times] Success with 'selenium_browser'. Found content (156 words).
2026-08-15 17:53:28,405 - ERROR - Error saving article Old Fox has dream run on Dalal Street - The Economic Times: Hrana: `stream error: `Error { message: "SQLite error: UNIQUE constraint failed: articles.url", code: "SQLITE_CONSTRAINT" }``
2026-08-15 17:53:29,593 - INFO - [Economic Times] Article: https://economictimes.indiatimes.com/markets/stocks/news/cairn-india-hits-record-high-on-bse-amid-stake-sale-talks/articleshow/6306679.cms
2026-08-15 17:53:29,593 - INFO - [Economic Times] Attempt 1/2: Trying with 'requests_browser' strategy...
2026-08-15 17:53:29,933 - ERROR - parsed tree length: 1, wrong data type or not valid HTML
2026-08-15 17:53:29,933 - ERROR - empty HTML tree: None
2026-08-15 17:53:29,933 - WARNING - discarding data: None
2026-08-15 17:53:29,933 - WARNING - [Economic Times] FAILED with 'requests_browser' (content was too short: 0 words).
2026-08-15 17:53:30,697 - INFO - [Economic Times] Article: https://economictimes.indiatimes.com/markets/stocks/news/cairn-india-hits-record-high-on-bse-amid-stake-sale-talks/articleshow/6306679.cms
2026-08-15 17:53:30,697 - INFO - [Economic Times] Attempt 2/2: Trying with 'selenium_browser' strategy...
2026-08-15 17:53:31,961 - INFO - [Economic Times] Page content loaded.
2026-08-15 17:53:32,052 - INFO - [Economic Times] Success with 'selenium_browser'. Found content (363 words).
2026-08-15 17:53:35,370 - ERROR - Error saving article Cairn India hits record high on BSE amid stake sale talks - The Economic Times: Hrana: `stream error: `Error { message: "SQLite error: UNIQUE constraint failed: articles.url", code: "SQLITE_CONSTRAINT" }``
2026-08-15 17:53:36,656 - INFO - [Economic Times] Article: https://economictimes.indiatimes.com/markets/stocks/news/vedanta-plunges-5-59-per-cent-on-lse-amid-talks-to-buy-cairn-stake/articleshow/6306526.cms
2026-08-15 17:53:36,656 - INFO - [Economic Times] Attempt 1/2: Trying with 'requests_browser' strategy...
2026-08-15 17:53:36,995 - ERROR - parsed tree length: 1, wrong data type or not valid HTML
2026-08-15 17:53:36,995 - ERROR - empty HTML tree: None
2026-08-15 17:53:36,996 - WARNING - discarding data: None
2026-08-15 17:53:36,996 - WARNING - [Economic Times] FAILED with 'requests_browser' (content was too short: 0 words).
2026-08-15 17:53:37,550 - INFO - [Economic Times] Article: https://economictimes.indiatimes.com/markets/stocks/news/vedanta-plunges-5-59-per-cent-on-lse-amid-talks-to-buy-cairn-stake/articleshow/6306526.cms
2026-08-15 17:53:37,550 - INFO - [Economic Times] Attempt 2/2: Trying with 'selenium_browser' strategy...
2026-08-15 17:53:38,886 - INFO - [Economic Times] Page content loaded.
2026-08-15 17:53:39,009 - INFO - [Economic Times] Success with 'selenium_browser'. Found content (397 words).
2026-08-15 17:53:42,480 - ERROR - Error saving article Cairn: Vedanta plunges 5.59 per cent on LSE amid talks to buy Cairn stake - The Economic Times: Hrana: `stream error: `Error { message: "SQLite error: UNIQUE constraint failed: articles.url", code: "SQLITE_CONSTRAINT" }``
2026-08-15 17:53:43,405 - INFO - [Economic Times] Article: https://economictimes.indiatimes.com/markets/stocks/news/sbi-shares-on-gaining-spree-hit-record-high/articleshow/6306241.cms
2026-08-15 17:53:43,405 - INFO - [Economic Times] Attempt 1/2: Trying with 'requests_browser' strategy...
2026-08-15 17:53:43,697 - ERROR - parsed tree length: 1, wrong data type or not valid HTML
2026-08-15 17:53:43,697 - ERROR - empty HTML tree: None
2026-08-15 17:53:43,697 - WARNING - discarding data: None
2026-08-15 17:53:43,697 - WARNING - [Economic Times] FAILED with 'requests_browser' (content was too short: 0 words).
2026-08-15 17:53:44,441 - INFO - [Economic Times] Article: https://economictimes.indiatimes.com/markets/stocks/news/sbi-shares-on-gaining-spree-hit-record-high/articleshow/6306241.cms
2026-08-15 17:53:44,441 - INFO - [Economic Times] Attempt 2/2: Trying with 'selenium_browser' strategy...
2026-08-15 17:53:45,725 - INFO - [Economic Times] Page content loaded.
2026-08-15 17:53:45,976 - WARNING - [Economic Times] FAILED with 'selenium_browser' (content was too short: 87 words).
2026-08-15 17:53:45,977 - ERROR - [Economic Times] All scrape strategies failed for https://economictimes.indiatimes.com/markets/stocks/news/sbi-shares-on-gaining-spree-hit-record-high/articleshow/6306241.cms. Falling back to RSS description.
2026-08-15 17:53:45,977 - WARNING - SKIPPED (GLOBAL WORD LIMIT): Article 'SBI shares on gaining spree; hit record high ' from Economic Times has only 28 words (Min: 90).
2026-08-15 17:53:47,399 - INFO - [Economic Times] Article: https://economictimes.indiatimes.com/fm-must-rethink/articleshow/5645094.cms
2026-08-15 17:53:47,399 - INFO - [Economic Times] Attempt 1/2: Trying with 'requests_browser' strategy...
2026-08-15 17:53:47,713 - ERROR - parsed tree length: 1, wrong data type or not valid HTML
2026-08-15 17:53:47,713 - ERROR - empty HTML tree: None
2026-08-15 17:53:47,713 - WARNING - discarding data: None
2026-08-15 17:53:47,713 - WARNING - [Economic Times] FAILED with 'requests_browser' (content was too short: 0 words).
2026-08-15 17:53:48,503 - INFO - [Economic Times] Article: https://economictimes.indiatimes.com/fm-must-rethink/articleshow/5645094.cms
2026-08-15 17:53:48,503 - INFO - [Economic Times] Attempt 2/2: Trying with 'selenium_browser' strategy...
2026-08-15 17:53:49,553 - INFO - [Economic Times] Page content loaded.
2026-08-15 17:53:49,646 - INFO - [Economic Times] Success with 'selenium_browser'. Found content (138 words).
2026-08-15 17:53:52,709 - ERROR - Error saving article FM must rethink - The Economic Times: Hrana: `stream error: `Error { message: "SQLite error: UNIQUE constraint failed: articles.url", code: "SQLITE_CONSTRAINT" }``
2026-08-15 17:53:53,849 - INFO - [Economic Times] Article: https://economictimes.indiatimes.com/amalgamate-banks/articleshow/5645086.cms
2026-08-15 17:53:53,849 - INFO - [Economic Times] Attempt 1/2: Trying with 'requests_browser' strategy...
2026-08-15 17:53:54,171 - ERROR - parsed tree length: 1, wrong data type or not valid HTML
2026-08-15 17:53:54,172 - ERROR - empty HTML tree: None
2026-08-15 17:53:54,172 - WARNING - discarding data: None
2026-08-15 17:53:54,172 - WARNING - [Economic Times] FAILED with 'requests_browser' (content was too short: 0 words).
2026-08-15 17:53:54,961 - INFO - [Economic Times] Article: https://economictimes.indiatimes.com/amalgamate-banks/articleshow/5645086.cms
2026-08-15 17:53:54,961 - INFO - [Economic Times] Attempt 2/2: Trying with 'selenium_browser' strategy...
2026-08-15 17:53:56,339 - INFO - [Economic Times] Page content loaded.
2026-08-15 17:53:56,517 - INFO - [Economic Times] Success with 'selenium_browser'. Found content (243 words).
2026-08-15 17:53:59,650 - ERROR - Error saving article Amalgamate banks - The Economic Times: Hrana: `stream error: `Error { message: "SQLite error: UNIQUE constraint failed: articles.url", code: "SQLITE_CONSTRAINT" }``
2026-08-15 17:54:00,273 - INFO - [Economic Times] Article: https://economictimes.indiatimes.com/managing-data/articleshow/5117958.cms
2026-08-15 17:54:00,273 - INFO - [Economic Times] Attempt 1/2: Trying with 'requests_browser' strategy...
2026-08-15 17:54:00,667 - ERROR - parsed tree length: 1, wrong data type or not valid HTML
2026-08-15 17:54:00,667 - ERROR - empty HTML tree: None
2026-08-15 17:54:00,667 - WARNING - discarding data: None
2026-08-15 17:54:00,667 - WARNING - [Economic Times] FAILED with 'requests_browser' (content was too short: 0 words).
2026-08-15 17:54:01,472 - INFO - [Economic Times] Article: https://economictimes.indiatimes.com/managing-data/articleshow/5117958.cms
2026-08-15 17:54:01,472 - INFO - [Economic Times] Attempt 2/2: Trying with 'selenium_browser' strategy...
2026-08-15 17:54:02,868 - INFO - [Economic Times] Page content loaded.
2026-08-15 17:54:02,981 - INFO - [Economic Times] Success with 'selenium_browser'. Found content (119 words).
2026-08-15 17:54:06,669 - ERROR - Error saving article Managing data - The Economic Times: Hrana: `stream error: `Error { message: "SQLite error: UNIQUE constraint failed: articles.url", code: "SQLITE_CONSTRAINT" }``
2026-08-15 17:54:07,676 - INFO - [Economic Times] Article: https://economictimes.indiatimes.com/right-technology/articleshow/5117957.cms
2026-08-15 17:54:07,677 - INFO - [Economic Times] Attempt 1/2: Trying with 'requests_browser' strategy...
2026-08-15 17:54:08,009 - ERROR - parsed tree length: 1, wrong data type or not valid HTML
2026-08-15 17:54:08,010 - ERROR - empty HTML tree: None
2026-08-15 17:54:08,010 - WARNING - discarding data: None
2026-08-15 17:54:08,010 - WARNING - [Economic Times] FAILED with 'requests_browser' (content was too short: 0 words).
2026-08-15 17:54:08,604 - INFO - [Economic Times] Article: https://economictimes.indiatimes.com/right-technology/articleshow/5117957.cms
2026-08-15 17:54:08,604 - INFO - [Economic Times] Attempt 2/2: Trying with 'selenium_browser' strategy...
2026-08-15 17:54:09,979 - INFO - [Economic Times] Page content loaded.
2026-08-15 17:54:10,152 - INFO - [Economic Times] Success with 'selenium_browser'. Found content (114 words).
2026-08-15 17:54:13,457 - ERROR - Error saving article Right technology - The Economic Times: Hrana: `stream error: `Error { message: "SQLite error: UNIQUE constraint failed: articles.url", code: "SQLITE_CONSTRAINT" }``
2026-08-15 17:54:14,221 - INFO - [Economic Times] Article: https://economictimes.indiatimes.com/et-search/articleshow/21646857.cms
2026-08-15 17:54:14,221 - INFO - [Economic Times] Attempt 1/2: Trying with 'requests_browser' strategy...
2026-08-15 17:54:14,538 - ERROR - parsed tree length: 1, wrong data type or not valid HTML
2026-08-15 17:54:14,539 - ERROR - empty HTML tree: None
2026-08-15 17:54:14,539 - WARNING - discarding data: None
2026-08-15 17:54:14,539 - WARNING - [Economic Times] FAILED with 'requests_browser' (content was too short: 0 words).
2026-08-15 17:54:15,149 - INFO - [Economic Times] Article: https://economictimes.indiatimes.com/et-search/articleshow/21646857.cms
2026-08-15 17:54:15,149 - INFO - [Economic Times] Attempt 2/2: Trying with 'selenium_browser' strategy...
2026-08-15 17:54:16,580 - INFO - [Economic Times] Page content loaded.
2026-08-15 17:54:16,687 - WARNING - [Economic Times] FAILED with 'selenium_browser' (content was too short: 44 words).
2026-08-15 17:54:16,688 - ERROR - [Economic Times] All scrape strategies failed for https://economictimes.indiatimes.com/et-search/articleshow/21646857.cms. Falling back to RSS description.
2026-08-15 17:54:16,688 - WARNING - SKIPPED (GLOBAL WORD LIMIT): Article 'ET Search ' from Economic Times has only 3 words (Min: 90).
2026-08-15 17:54:17,630 - INFO - [Economic Times] Article: https://economictimes.indiatimes.com/after-the-oscars-whats-next-for-silent-stars-of-the-artist/articleshow/12075465.cms
2026-08-15 17:54:17,630 - INFO - [Economic Times] Attempt 1/2: Trying with 'requests_browser' strategy...
2026-08-15 17:54:17,939 - ERROR - parsed tree length: 1, wrong data type or not valid HTML
2026-08-15 17:54:17,939 - ERROR - empty HTML tree: None
2026-08-15 17:54:17,939 - WARNING - discarding data: None
2026-08-15 17:54:17,939 - WARNING - [Economic Times] FAILED with 'requests_browser' (content was too short: 0 words).
2026-08-15 17:54:18,737 - INFO - [Economic Times] Article: https://economictimes.indiatimes.com/after-the-oscars-whats-next-for-silent-stars-of-the-artist/articleshow/12075465.cms
2026-08-15 17:54:18,737 - INFO - [Economic Times] Attempt 2/2: Trying with 'selenium_browser' strategy...
2026-08-15 17:54:20,226 - INFO - [Economic Times] Page content loaded.
2026-08-15 17:54:20,321 - INFO - [Economic Times] Success with 'selenium_browser'. Found content (699 words).
2026-08-15 17:54:23,895 - ERROR - Error saving article After the Oscars, what's next for silent stars of The Artist? - The Economic Times: Hrana: `stream error: `Error { message: "SQLite error: UNIQUE constraint failed: articles.url", code: "SQLITE_CONSTRAINT" }``
2026-08-15 17:54:25,193 - INFO - [Economic Times] Article: https://economictimes.indiatimes.com/delhi-world-book-fair-a-fair-like-no-other/articleshow/12028630.cms
2026-08-15 17:54:25,193 - INFO - [Economic Times] Attempt 1/2: Trying with 'requests_browser' strategy...
2026-08-15 17:54:25,553 - ERROR - parsed tree length: 1, wrong data type or not valid HTML
2026-08-15 17:54:25,553 - ERROR - empty HTML tree: None
2026-08-15 17:54:25,553 - WARNING - discarding data: None
2026-08-15 17:54:25,553 - WARNING - [Economic Times] FAILED with 'requests_browser' (content was too short: 0 words).
2026-08-15 17:54:26,193 - INFO - [Economic Times] Article: https://economictimes.indiatimes.com/delhi-world-book-fair-a-fair-like-no-other/articleshow/12028630.cms
2026-08-15 17:54:26,193 - INFO - [Economic Times] Attempt 2/2: Trying with 'selenium_browser' strategy...
2026-08-15 17:54:27,549 - INFO - [Economic Times] Page content loaded.
2026-08-15 17:54:27,738 - INFO - [Economic Times] Success with 'selenium_browser'. Found content (1911 words).
2026-08-15 17:54:31,266 - ERROR - Error saving article Delhi World Book fair: A fair like no other - The Economic Times: Hrana: `stream error: `Error { message: "SQLite error: UNIQUE constraint failed: articles.url", code: "SQLITE_CONSTRAINT" }``
2026-08-15 17:54:32,618 - INFO - [Economic Times] Article: https://economictimes.indiatimes.com/lk-advanis-gift-makes-its-way-to-state-department-exhibition-hall/articleshow/12017534.cms
2026-08-15 17:54:32,618 - INFO - [Economic Times] Attempt 1/2: Trying with 'requests_browser' strategy...
2026-08-15 17:54:32,930 - ERROR - parsed tree length: 1, wrong data type or not valid HTML
2026-08-15 17:54:32,930 - ERROR - empty HTML tree: None
2026-08-15 17:54:32,931 - WARNING - discarding data: None
2026-08-15 17:54:32,931 - WARNING - [Economic Times] FAILED with 'requests_browser' (content was too short: 0 words).
2026-08-15 17:54:33,681 - INFO - [Economic Times] Article: https://economictimes.indiatimes.com/lk-advanis-gift-makes-its-way-to-state-department-exhibition-hall/articleshow/12017534.cms
2026-08-15 17:54:33,681 - INFO - [Economic Times] Attempt 2/2: Trying with 'selenium_browser' strategy...
2026-08-15 17:54:35,060 - INFO - [Economic Times] Page content loaded.
2026-08-15 17:54:35,166 - INFO - [Economic Times] Success with 'selenium_browser'. Found content (488 words).
2026-08-15 17:54:38,686 - ERROR - Error saving article LK Advani's 'gift' makes its way to State Department exhibition hall - The Economic Times: Hrana: `stream error: `Error { message: "SQLite error: UNIQUE constraint failed: articles.url", code: "SQLITE_CONSTRAINT" }``
2026-08-15 17:54:40,009 - INFO - [Economic Times] Article: https://economictimes.indiatimes.com/india-meteorological-department-to-use-dynamic-models-for-forecasts/articleshow/11983844.cms
2026-08-15 17:54:40,009 - INFO - [Economic Times] Attempt 1/2: Trying with 'requests_browser' strategy...
2026-08-15 17:54:40,332 - ERROR - parsed tree length: 1, wrong data type or not valid HTML
2026-08-15 17:54:40,332 - ERROR - empty HTML tree: None
2026-08-15 17:54:40,332 - WARNING - discarding data: None
2026-08-15 17:54:40,332 - WARNING - [Economic Times] FAILED with 'requests_browser' (content was too short: 0 words).
2026-08-15 17:54:41,039 - INFO - [Economic Times] Article: https://economictimes.indiatimes.com/india-meteorological-department-to-use-dynamic-models-for-forecasts/articleshow/11983844.cms
2026-08-15 17:54:41,039 - INFO - [Economic Times] Attempt 2/2: Trying with 'selenium_browser' strategy...
2026-08-15 17:54:42,490 - INFO - [Economic Times] Page content loaded.
2026-08-15 17:54:42,705 - INFO - [Economic Times] Success with 'selenium_browser'. Found content (187 words).
2026-08-15 17:54:46,455 - ERROR - Error saving article India Meteorological Department to use dynamic models for forecasts - The Economic Times: Hrana: `stream error: `Error { message: "SQLite error: UNIQUE constraint failed: articles.url", code: "SQLITE_CONSTRAINT" }``
2026-08-15 17:54:47,888 - INFO - [Economic Times] Article: https://economictimes.indiatimes.com/documents-reveal-contents-of-the-first-telegraph-message-between-india-england/articleshow/11976488.cms
2026-08-15 17:54:47,888 - INFO - [Economic Times] Attempt 1/2: Trying with 'requests_browser' strategy...
2026-08-15 17:54:48,277 - ERROR - parsed tree length: 1, wrong data type or not valid HTML
2026-08-15 17:54:48,278 - ERROR - empty HTML tree: None
2026-08-15 17:54:48,278 - WARNING - discarding data: None
2026-08-15 17:54:48,278 - WARNING - [Economic Times] FAILED with 'requests_browser' (content was too short: 0 words).
2026-08-15 17:54:48,854 - INFO - [Economic Times] Article: https://economictimes.indiatimes.com/documents-reveal-contents-of-the-first-telegraph-message-between-india-england/articleshow/11976488.cms
2026-08-15 17:54:48,855 - INFO - [Economic Times] Attempt 2/2: Trying with 'selenium_browser' strategy...
2026-08-15 17:54:50,080 - INFO - [Economic Times] Page content loaded.
2026-08-15 17:54:50,177 - INFO - [Economic Times] Success with 'selenium_browser'. Found content (1449 words).
2026-08-15 17:54:53,308 - ERROR - Error saving article Documents reveal contents of the first telegraph message between India & England - The Economic Times: Hrana: `stream error: `Error { message: "SQLite error: UNIQUE constraint failed: articles.url", code: "SQLITE_CONSTRAINT" }``
2026-08-15 17:54:54,089 - INFO - [Economic Times] Article: https://economictimes.indiatimes.com/worried-amitabh-bachchan-fans-pray-to-lord-shiva-for-his-recovery/articleshow/11963187.cms
2026-08-15 17:54:54,089 - INFO - [Economic Times] Attempt 1/2: Trying with 'requests_browser' strategy...
2026-08-15 17:54:54,414 - ERROR - parsed tree length: 1, wrong data type or not valid HTML
2026-08-15 17:54:54,415 - ERROR - empty HTML tree: None
2026-08-15 17:54:54,415 - WARNING - discarding data: None
2026-08-15 17:54:54,415 - WARNING - [Economic Times] FAILED with 'requests_browser' (content was too short: 0 words).
2026-08-15 17:54:55,381 - INFO - [Economic Times] Article: https://economictimes.indiatimes.com/worried-amitabh-bachchan-fans-pray-to-lord-shiva-for-his-recovery/articleshow/11963187.cms
2026-08-15 17:54:55,381 - INFO - [Economic Times] Attempt 2/2: Trying with 'selenium_browser' strategy...
2026-08-15 17:54:56,799 - INFO - [Economic Times] Page content loaded.
2026-08-15 17:54:57,006 - INFO - [Economic Times] Success with 'selenium_browser'. Found content (453 words).
2026-08-15 17:55:00,664 - ERROR - Error saving article Worried Amitabh Bachchan fans pray to Lord Shiva for his recovery - The Economic Times: Hrana: `stream error: `Error { message: "SQLite error: UNIQUE constraint failed: articles.url", code: "SQLITE_CONSTRAINT" }``
2026-08-15 17:55:01,948 - INFO - [Economic Times] Article: https://economictimes.indiatimes.com/opinion/interviews/every-decision-of-government-neednt-be-a-big-reform-anand-mahindra/articleshow/35919571.cms
2026-08-15 17:55:01,948 - INFO - [Economic Times] Attempt 1/2: Trying with 'requests_browser' strategy...
2026-08-15 17:55:02,325 - ERROR - parsed tree length: 1, wrong data type or not valid HTML
2026-08-15 17:55:02,325 - ERROR - empty HTML tree: None
2026-08-15 17:55:02,325 - WARNING - discarding data: None
2026-08-15 17:55:02,325 - WARNING - [Economic Times] FAILED with 'requests_browser' (content was too short: 0 words).
2026-08-15 17:55:03,128 - INFO - [Economic Times] Article: https://economictimes.indiatimes.com/opinion/interviews/every-decision-of-government-neednt-be-a-big-reform-anand-mahindra/articleshow/35919571.cms
2026-08-15 17:55:03,128 - INFO - [Economic Times] Attempt 2/2: Trying with 'selenium_browser' strategy...
2026-08-15 17:55:04,648 - INFO - [Economic Times] Page content loaded.
2026-08-15 17:55:04,826 - INFO - [Economic Times] Success with 'selenium_browser'. Found content (2167 words).
2026-08-15 17:55:08,010 - ERROR - Error saving article Every decision of government needn’t be a big reform: Anand Mahindra - The Economic Times: Hrana: `stream error: `Error { message: "SQLite error: UNIQUE constraint failed: articles.url", code: "SQLITE_CONSTRAINT" }``
2026-08-15 17:55:09,396 - INFO - [Economic Times] Article: https://economictimes.indiatimes.com/opinion/interviews/narendra-modi-has-his-eyes-set-on-boosting-business-joao-cravinho-eu-ambassador/articleshow/35973824.cms
2026-08-15 17:55:09,396 - INFO - [Economic Times] Attempt 1/2: Trying with 'requests_browser' strategy...
2026-08-15 17:55:09,730 - ERROR - parsed tree length: 1, wrong data type or not valid HTML
2026-08-15 17:55:09,730 - ERROR - empty HTML tree: None
2026-08-15 17:55:09,730 - WARNING - discarding data: None
2026-08-15 17:55:09,730 - WARNING - [Economic Times] FAILED with 'requests_browser' (content was too short: 0 words).
2026-08-15 17:55:10,705 - INFO - [Economic Times] Article: https://economictimes.indiatimes.com/opinion/interviews/narendra-modi-has-his-eyes-set-on-boosting-business-joao-cravinho-eu-ambassador/articleshow/35973824.cms
2026-08-15 17:55:10,705 - INFO - [Economic Times] Attempt 2/2: Trying with 'selenium_browser' strategy...
2026-08-15 17:55:11,737 - INFO - [Economic Times] Page content loaded.
2026-08-15 17:55:11,969 - INFO - [Economic Times] Success with 'selenium_browser'. Found content (898 words).
2026-08-15 17:55:15,609 - ERROR - Error saving article Narendra Modi has his eyes set on boosting business: Joao Cravinho, EU Ambassador - The Economic Times: Hrana: `stream error: `Error { message: "SQLite error: UNIQUE constraint failed: articles.url", code: "SQLITE_CONSTRAINT" }``
2026-08-15 17:55:16,981 - INFO - [Economic Times] Article: https://economictimes.indiatimes.com/opinion/interviews/confidence-level-of-industry-improving-kv-kamath-icici-bank/articleshow/35945669.cms
2026-08-15 17:55:16,981 - INFO - [Economic Times] Attempt 1/2: Trying with 'requests_browser' strategy...
2026-08-15 17:55:17,345 - ERROR - parsed tree length: 1, wrong data type or not valid HTML
2026-08-15 17:55:17,345 - ERROR - empty HTML tree: None
2026-08-15 17:55:17,345 - WARNING - discarding data: None
2026-08-15 17:55:17,346 - WARNING - [Economic Times] FAILED with 'requests_browser' (content was too short: 0 words).
2026-08-15 17:55:18,318 - INFO - [Economic Times] Article: https://economictimes.indiatimes.com/opinion/interviews/confidence-level-of-industry-improving-kv-kamath-icici-bank/articleshow/35945669.cms
2026-08-15 17:55:18,318 - INFO - [Economic Times] Attempt 2/2: Trying with 'selenium_browser' strategy...
2026-08-15 17:55:19,522 - INFO - [Economic Times] Page content loaded.
2026-08-15 17:55:20,040 - INFO - [Economic Times] Success with 'selenium_browser'. Found content (1746 words).
2026-08-15 17:55:23,283 - ERROR - Error saving article Confidence level of industry improving: KV Kamath, ICICI Bank - The Economic Times: Hrana: `stream error: `Error { message: "SQLite error: UNIQUE constraint failed: articles.url", code: "SQLITE_CONSTRAINT" }``
2026-08-15 17:55:24,507 - INFO - [Economic Times] Article: https://economictimes.indiatimes.com/opinion/interviews/we-may-see-rapid-growth-over-the-next-few-years-raamdeo-agrawal/articleshow/35831378.cms
2026-08-15 17:55:24,507 - INFO - [Economic Times] Attempt 1/2: Trying with 'requests_browser' strategy...
2026-08-15 17:55:24,840 - ERROR - parsed tree length: 1, wrong data type or not valid HTML
2026-08-15 17:55:24,840 - ERROR - empty HTML tree: None
2026-08-15 17:55:24,840 - WARNING - discarding data: None
2026-08-15 17:55:24,840 - WARNING - [Economic Times] FAILED with 'requests_browser' (content was too short: 0 words).
2026-08-15 17:55:25,744 - INFO - [Economic Times] Article: https://economictimes.indiatimes.com/opinion/interviews/we-may-see-rapid-growth-over-the-next-few-years-raamdeo-agrawal/articleshow/35831378.cms
2026-08-15 17:55:25,745 - INFO - [Economic Times] Attempt 2/2: Trying with 'selenium_browser' strategy...
2026-08-15 17:55:27,032 - INFO - [Economic Times] Page content loaded.
2026-08-15 17:55:27,253 - INFO - [Economic Times] Success with 'selenium_browser'. Found content (1086 words).
2026-08-15 17:55:30,408 - ERROR - Error saving article Raamdeo Agarwal: We may see rapid growth over the next few years: Raamdeo Agrawal - The Economic Times: Hrana: `stream error: `Error { message: "SQLite error: UNIQUE constraint failed: articles.url", code: "SQLITE_CONSTRAINT" }``
2026-08-15 17:55:31,493 - INFO - [Economic Times] Article: https://economictimes.indiatimes.com/opinion/interviews/our-commitment-for-press-freedom-and-autonomy-of-public-broadcast-is-absolute-prakash-javadekar/articleshow/35803396.cms
2026-08-15 17:55:31,493 - INFO - [Economic Times] Attempt 1/2: Trying with 'requests_browser' strategy...
2026-08-15 17:55:31,876 - ERROR - parsed tree length: 1, wrong data type or not valid HTML
2026-08-15 17:55:31,876 - ERROR - empty HTML tree: None
2026-08-15 17:55:31,876 - WARNING - discarding data: None
2026-08-15 17:55:31,876 - WARNING - [Economic Times] FAILED with 'requests_browser' (content was too short: 0 words).
2026-08-15 17:55:32,388 - CRITICAL - --- TIMEOUT: 1 scrape jobs did not complete in 420s. ---
2026-08-15 17:55:32,388 - ERROR - A thread has timed out and will be abandoned.
2026-08-15 17:55:32,388 - INFO - Shutting down thread pool (wait=False)...
2026-08-15 17:55:32,388 - INFO - Scraped: 0 Al Jazeera, 0 BBC, 0 NDTV, 0 Wired, 0 TechCrunch, 0 Indian Express, 1 The Hindu, 2 Times of India, 1 Timed_Out_Jobs articles. (Total saved: 3)
2026-08-15 17:55:32,388 - INFO - --- Scraping job finished ---
2026-08-15 17:55:32,389 - INFO - --- Scraper service stopped. ---
2026-08-15 17:55:32,389 - INFO - --- Main thread finished. Forcing process exit to kill zombie threads. ---
