2026-08-20 23:34:02,022 - INFO - Loading AI Semantic Model (all-MiniLM-L6-v2)...
2026-08-20 23:34:02,022 - INFO - No device provided, using cpu
2026-08-20 23:34:02,167 - INFO - HTTP Request: GET https://huggingface.co/api/agent-harnesses "HTTP/1.1 200 OK"
2026-08-20 23:34:02,231 - INFO - HTTP Request: HEAD https://huggingface.co/sentence-transformers/all-MiniLM-L6-v2/resolve/main/modules.json "HTTP/1.1 307 Temporary Redirect"
2026-08-20 23:34:02,253 - INFO - HTTP Request: HEAD https://huggingface.co/api/resolve-cache/models/sentence-transformers/all-MiniLM-L6-v2/1110a243fdf4706b3f48f1d95db1a4f5529b4d41/modules.json "HTTP/1.1 200 OK"
2026-08-20 23:34:02,317 - INFO - HTTP Request: HEAD https://huggingface.co/sentence-transformers/all-MiniLM-L6-v2/resolve/main/config_sentence_transformers.json "HTTP/1.1 307 Temporary Redirect"
2026-08-20 23:34:02,318 - WARNING - Warning: You are sending unauthenticated requests to the HF Hub. Please set a HF_TOKEN to enable higher rate limits and faster downloads.
2026-08-20 23:34:02,340 - INFO - HTTP Request: HEAD https://huggingface.co/api/resolve-cache/models/sentence-transformers/all-MiniLM-L6-v2/1110a243fdf4706b3f48f1d95db1a4f5529b4d41/config_sentence_transformers.json "HTTP/1.1 200 OK"
2026-08-20 23:34:02,341 - INFO - Loading SentenceTransformer model from sentence-transformers/all-MiniLM-L6-v2.
2026-08-20 23:34:02,403 - INFO - HTTP Request: HEAD https://huggingface.co/sentence-transformers/all-MiniLM-L6-v2/resolve/main/config_sentence_transformers.json "HTTP/1.1 307 Temporary Redirect"
2026-08-20 23:34:02,425 - INFO - HTTP Request: HEAD https://huggingface.co/api/resolve-cache/models/sentence-transformers/all-MiniLM-L6-v2/1110a243fdf4706b3f48f1d95db1a4f5529b4d41/config_sentence_transformers.json "HTTP/1.1 200 OK"
2026-08-20 23:34:02,491 - INFO - HTTP Request: HEAD https://huggingface.co/sentence-transformers/all-MiniLM-L6-v2/resolve/main/README.md "HTTP/1.1 307 Temporary Redirect"
2026-08-20 23:34:02,513 - INFO - HTTP Request: HEAD https://huggingface.co/api/resolve-cache/models/sentence-transformers/all-MiniLM-L6-v2/1110a243fdf4706b3f48f1d95db1a4f5529b4d41/README.md "HTTP/1.1 200 OK"
2026-08-20 23:34:02,535 - INFO - HTTP Request: GET https://huggingface.co/api/resolve-cache/models/sentence-transformers/all-MiniLM-L6-v2/1110a243fdf4706b3f48f1d95db1a4f5529b4d41/README.md "HTTP/1.1 200 OK"
2026-08-20 23:34:02,598 - INFO - HTTP Request: HEAD https://huggingface.co/sentence-transformers/all-MiniLM-L6-v2/resolve/main/modules.json "HTTP/1.1 307 Temporary Redirect"
2026-08-20 23:34:02,621 - INFO - HTTP Request: HEAD https://huggingface.co/api/resolve-cache/models/sentence-transformers/all-MiniLM-L6-v2/1110a243fdf4706b3f48f1d95db1a4f5529b4d41/modules.json "HTTP/1.1 200 OK"
2026-08-20 23:34:02,683 - INFO - HTTP Request: HEAD https://huggingface.co/sentence-transformers/all-MiniLM-L6-v2/resolve/main/sentence_bert_config.json "HTTP/1.1 307 Temporary Redirect"
2026-08-20 23:34:02,706 - INFO - HTTP Request: HEAD https://huggingface.co/api/resolve-cache/models/sentence-transformers/all-MiniLM-L6-v2/1110a243fdf4706b3f48f1d95db1a4f5529b4d41/sentence_bert_config.json "HTTP/1.1 200 OK"
2026-08-20 23:34:02,770 - INFO - HTTP Request: HEAD https://huggingface.co/sentence-transformers/all-MiniLM-L6-v2/resolve/main/adapter_config.json "HTTP/1.1 404 Not Found"
2026-08-20 23:34:02,833 - INFO - HTTP Request: HEAD https://huggingface.co/sentence-transformers/all-MiniLM-L6-v2/resolve/main/config.json "HTTP/1.1 307 Temporary Redirect"
2026-08-20 23:34:02,861 - INFO - HTTP Request: HEAD https://huggingface.co/api/resolve-cache/models/sentence-transformers/all-MiniLM-L6-v2/1110a243fdf4706b3f48f1d95db1a4f5529b4d41/config.json "HTTP/1.1 200 OK"
2026-08-20 23:34:02,970 - INFO - HTTP Request: HEAD https://huggingface.co/sentence-transformers/all-MiniLM-L6-v2/resolve/main/model.safetensors "HTTP/1.1 302 Found"
2026-08-20 23:34:03,166 - INFO - HTTP Request: HEAD https://huggingface.co/sentence-transformers/all-MiniLM-L6-v2/resolve/main/processor_config.json "HTTP/1.1 404 Not Found"
2026-08-20 23:34:03,229 - INFO - HTTP Request: HEAD https://huggingface.co/sentence-transformers/all-MiniLM-L6-v2/resolve/main/preprocessor_config.json "HTTP/1.1 404 Not Found"
2026-08-20 23:34:03,296 - INFO - HTTP Request: HEAD https://huggingface.co/sentence-transformers/all-MiniLM-L6-v2/resolve/main/video_preprocessor_config.json "HTTP/1.1 404 Not Found"
2026-08-20 23:34:03,362 - INFO - HTTP Request: HEAD https://huggingface.co/sentence-transformers/all-MiniLM-L6-v2/resolve/main/preprocessor_config.json "HTTP/1.1 404 Not Found"
2026-08-20 23:34:03,427 - INFO - HTTP Request: HEAD https://huggingface.co/sentence-transformers/all-MiniLM-L6-v2/resolve/main/tokenizer_config.json "HTTP/1.1 307 Temporary Redirect"
2026-08-20 23:34:03,450 - INFO - HTTP Request: HEAD https://huggingface.co/api/resolve-cache/models/sentence-transformers/all-MiniLM-L6-v2/1110a243fdf4706b3f48f1d95db1a4f5529b4d41/tokenizer_config.json "HTTP/1.1 200 OK"
2026-08-20 23:34:03,512 - INFO - HTTP Request: HEAD https://huggingface.co/sentence-transformers/all-MiniLM-L6-v2/resolve/main/config.json "HTTP/1.1 307 Temporary Redirect"
2026-08-20 23:34:03,533 - INFO - HTTP Request: HEAD https://huggingface.co/api/resolve-cache/models/sentence-transformers/all-MiniLM-L6-v2/1110a243fdf4706b3f48f1d95db1a4f5529b4d41/config.json "HTTP/1.1 200 OK"
2026-08-20 23:34:03,602 - INFO - HTTP Request: HEAD https://huggingface.co/sentence-transformers/all-MiniLM-L6-v2/resolve/main/config.json "HTTP/1.1 307 Temporary Redirect"
2026-08-20 23:34:03,625 - INFO - HTTP Request: HEAD https://huggingface.co/api/resolve-cache/models/sentence-transformers/all-MiniLM-L6-v2/1110a243fdf4706b3f48f1d95db1a4f5529b4d41/config.json "HTTP/1.1 200 OK"
2026-08-20 23:34:03,705 - INFO - HTTP Request: HEAD https://huggingface.co/sentence-transformers/all-MiniLM-L6-v2/resolve/main/tokenizer_config.json "HTTP/1.1 307 Temporary Redirect"
2026-08-20 23:34:03,726 - INFO - HTTP Request: HEAD https://huggingface.co/api/resolve-cache/models/sentence-transformers/all-MiniLM-L6-v2/1110a243fdf4706b3f48f1d95db1a4f5529b4d41/tokenizer_config.json "HTTP/1.1 200 OK"
2026-08-20 23:34:03,797 - INFO - HTTP Request: GET https://huggingface.co/api/models/sentence-transformers/all-MiniLM-L6-v2/tree/main/additional_chat_templates?recursive=false&expand=false "HTTP/1.1 404 Not Found"
2026-08-20 23:34:03,865 - INFO - HTTP Request: GET https://huggingface.co/api/models/sentence-transformers/all-MiniLM-L6-v2/tree/main?recursive=true&expand=false "HTTP/1.1 200 OK"
2026-08-20 23:34:03,934 - INFO - HTTP Request: HEAD https://huggingface.co/sentence-transformers/all-MiniLM-L6-v2/resolve/main/vocab.txt "HTTP/1.1 307 Temporary Redirect"
2026-08-20 23:34:03,956 - INFO - HTTP Request: HEAD https://huggingface.co/api/resolve-cache/models/sentence-transformers/all-MiniLM-L6-v2/1110a243fdf4706b3f48f1d95db1a4f5529b4d41/vocab.txt "HTTP/1.1 200 OK"
2026-08-20 23:34:04,018 - INFO - HTTP Request: HEAD https://huggingface.co/sentence-transformers/all-MiniLM-L6-v2/resolve/main/tokenizer.json "HTTP/1.1 307 Temporary Redirect"
2026-08-20 23:34:04,039 - INFO - HTTP Request: HEAD https://huggingface.co/api/resolve-cache/models/sentence-transformers/all-MiniLM-L6-v2/1110a243fdf4706b3f48f1d95db1a4f5529b4d41/tokenizer.json "HTTP/1.1 200 OK"
2026-08-20 23:34:04,104 - INFO - HTTP Request: HEAD https://huggingface.co/sentence-transformers/all-MiniLM-L6-v2/resolve/main/added_tokens.json "HTTP/1.1 404 Not Found"
2026-08-20 23:34:04,168 - INFO - HTTP Request: HEAD https://huggingface.co/sentence-transformers/all-MiniLM-L6-v2/resolve/main/special_tokens_map.json "HTTP/1.1 307 Temporary Redirect"
2026-08-20 23:34:04,192 - INFO - HTTP Request: HEAD https://huggingface.co/api/resolve-cache/models/sentence-transformers/all-MiniLM-L6-v2/1110a243fdf4706b3f48f1d95db1a4f5529b4d41/special_tokens_map.json "HTTP/1.1 200 OK"
2026-08-20 23:34:04,257 - INFO - HTTP Request: HEAD https://huggingface.co/sentence-transformers/all-MiniLM-L6-v2/resolve/main/chat_template.jinja "HTTP/1.1 404 Not Found"
2026-08-20 23:34:04,362 - INFO - HTTP Request: HEAD https://huggingface.co/sentence-transformers/all-MiniLM-L6-v2/resolve/main/1_Pooling/config.json "HTTP/1.1 307 Temporary Redirect"
2026-08-20 23:34:04,383 - INFO - HTTP Request: HEAD https://huggingface.co/api/resolve-cache/models/sentence-transformers/all-MiniLM-L6-v2/1110a243fdf4706b3f48f1d95db1a4f5529b4d41/1_Pooling%2Fconfig.json "HTTP/1.1 200 OK"
2026-08-20 23:34:04,449 - INFO - HTTP Request: HEAD https://huggingface.co/sentence-transformers/all-MiniLM-L6-v2/resolve/main/2_Normalize/config.json "HTTP/1.1 404 Not Found"
2026-08-20 23:34:04,517 - INFO - HTTP Request: GET https://huggingface.co/api/models/sentence-transformers/all-MiniLM-L6-v2 "HTTP/1.1 200 OK"
2026-08-20 23:34:04,521 - INFO - AI Model loaded successfully.
2026-08-20 23:34:04,521 - INFO - --- Scraper service started (CI Mode: Run Once) ---
2026-08-20 23:34:04,521 - INFO - --- Starting new scraping job (Parallel Mode) ---
2026-08-20 23:34:04,521 - INFO - Connecting to SQLite database...
2026-08-20 23:34:10,258 - INFO - Pre-calculating embeddings for 429 cached articles...
2026-08-20 23:34:35,523 - INFO - Cache built: 6201 URLs. Current MAX_ID: 109699
2026-08-20 23:34:35,524 - INFO - Creating new robust session with 3 retries on 5xx/connection/read errors.
2026-08-20 23:34:35,524 - INFO - Proxy is DISABLED.
2026-08-20 23:34:35,524 - INFO - [BBC] (Thread) requires Selenium. Initializing driver...
2026-08-20 23:34:35,524 - INFO - [Times of India] (Thread) requires Selenium. Initializing driver...
2026-08-20 23:34:35,525 - INFO - [The Hindu] (Thread) requires Selenium. Initializing driver...
2026-08-20 23:34:35,525 - INFO - [Al Jazeera] (Thread) requires Selenium. Initializing driver...
2026-08-20 23:34:35,525 - INFO - Starting scrape for TechCrunch RSS feed: https://techcrunch.com/feed/
2026-08-20 23:34:35,526 - INFO - [Economic Times] (Thread) requires Selenium. Initializing driver...
2026-08-20 23:34:35,528 - INFO - [Wired] (Thread) requires Selenium. Initializing driver...
2026-08-20 23:34:35,528 - INFO - [NDTV] (Thread) requires Selenium. Initializing driver...
2026-08-20 23:34:35,529 - INFO - [Indian Express] (Thread) requires Selenium. Initializing driver...
2026-08-20 23:34:35,529 - INFO - Submitted 9 jobs to thread pool. Waiting up to 420s for completion...
2026-08-20 23:34:36,696 - INFO - Found 0 articles in TechCrunch RSS feed. Processing until 8 new articles are saved.
2026-08-20 23:34:37,599 - INFO - Selenium driver initialized successfully (Eager load strategy, 7s timeout).
2026-08-20 23:34:37,599 - INFO - Starting scrape for Al Jazeera RSS feed: https://www.aljazeera.com/xml/rss/all.xml
2026-08-20 23:34:37,850 - INFO - Selenium driver initialized successfully (Eager load strategy, 7s timeout).
2026-08-20 23:34:37,857 - INFO - Starting scrape for BBC RSS feed: http://feeds.bbci.co.uk/news/world/rss.xml
2026-08-20 23:34:37,912 - INFO - Selenium driver initialized successfully (Eager load strategy, 7s timeout).
2026-08-20 23:34:37,913 - INFO - Starting scrape for NDTV RSS feed: https://feeds.feedburner.com/ndtvnews-top-stories
2026-08-20 23:34:37,962 - INFO - Selenium driver initialized successfully (Eager load strategy, 7s timeout).
2026-08-20 23:34:37,962 - INFO - Starting scrape for Economic Times RSS feed: https://economictimes.indiatimes.com/rssfeedsdefault.cms
2026-08-20 23:34:38,080 - INFO - Selenium driver initialized successfully (Eager load strategy, 7s timeout).
2026-08-20 23:34:38,125 - INFO - Starting scrape for Times of India RSS feed: https://timesofindia.indiatimes.com/rssfeeds/296589292.cms
2026-08-20 23:34:38,284 - INFO - Found 25 articles in Al Jazeera RSS feed. Processing until 8 new articles are saved.
2026-08-20 23:34:38,285 - INFO - [Al Jazeera] Article: https://www.aljazeera.com/news/2026/8/20/houthis-and-government-trade-attacks-as-yemen-slides-back-to-full-scale-war?traffic_source=rss
2026-08-20 23:34:38,285 - INFO - [Al Jazeera] Attempt 1/2: Trying with 'requests_browser' strategy...
2026-08-20 23:34:38,429 - INFO - Selenium driver initialized successfully (Eager load strategy, 7s timeout).
2026-08-20 23:34:38,430 - INFO - Starting scrape for Indian Express RSS feed: https://indianexpress.com/feed/
2026-08-20 23:34:38,501 - INFO - Selenium driver initialized successfully (Eager load strategy, 7s timeout).
2026-08-20 23:34:38,501 - INFO - Starting scrape for The Hindu RSS feed: https://www.thehindu.com/news/national/feeder/default.rss
2026-08-20 23:34:38,537 - INFO - Selenium driver initialized successfully (Eager load strategy, 7s timeout).
2026-08-20 23:34:38,537 - INFO - Starting scrape for Wired RSS feed: https://www.wired.com/feed/rss
2026-08-20 23:34:38,569 - INFO - Found 28 articles in BBC RSS feed. Processing until 10 new articles are saved.
2026-08-20 23:34:38,580 - INFO - [BBC] Early skip: URL https://www.bbc.co.uk/news/articles/c87n90eg0p2o?at_medium=RSS&at_campaign=rss already exists.
2026-08-20 23:34:38,590 - INFO - [BBC] Early skip: URL https://www.bbc.co.uk/news/articles/c998evlgz8ko?at_medium=RSS&at_campaign=rss already exists.
2026-08-20 23:34:38,605 - INFO - [BBC] Early skip: URL https://www.bbc.co.uk/news/articles/c98vzmden5yo?at_medium=RSS&at_campaign=rss already exists.
2026-08-20 23:34:38,615 - INFO - [BBC] Early skip: URL https://www.bbc.co.uk/news/articles/cj035jg256no?at_medium=RSS&at_campaign=rss already exists.
2026-08-20 23:34:38,674 - INFO - [BBC] Early skip: URL https://www.bbc.co.uk/news/articles/cn8n077vxd7o?at_medium=RSS&at_campaign=rss already exists.
2026-08-20 23:34:38,678 - INFO - [Al Jazeera] Success with 'requests_browser'. Found content (504 words).
2026-08-20 23:34:38,688 - INFO - Found 20 articles in NDTV RSS feed. Processing until 10 new articles are saved.
2026-08-20 23:34:38,689 - INFO - [NDTV] Article: https://www.ndtv.com/world-news/economic-pressure-a-delicate-dance-against-iran-jd-vance-11938410#publisher=newsstand
2026-08-20 23:34:38,689 - INFO - [NDTV] Attempt 1/2: Trying with 'requests_browser' strategy...
2026-08-20 23:34:38,718 - INFO - [BBC] Early skip: URL https://www.bbc.co.uk/news/articles/cvgjdy8q766o?at_medium=RSS&at_campaign=rss already exists.
2026-08-20 23:34:38,722 - INFO - Found 20 articles in Times of India RSS feed. Processing until 20 new articles are saved.
2026-08-20 23:34:38,722 - INFO - [Times of India] Article: https://timesofindia.indiatimes.com/world/pakistan/ex-pak-pm-imran-khan-moved-to-private-hospital-from-prison-after-sc-order/articleshow/133389827.cms
2026-08-20 23:34:38,722 - INFO - [Times of India] Attempt 1/1: Trying with 'selenium_browser' strategy...
2026-08-20 23:34:38,730 - INFO - [BBC] Early skip: URL https://www.bbc.co.uk/news/articles/cq6dn9gj7eno?at_medium=RSS&at_campaign=rss already exists.
2026-08-20 23:34:38,734 - INFO - [BBC] Early skip: URL https://www.bbc.co.uk/news/articles/ckgdr9vr50po?at_medium=RSS&at_campaign=rss already exists.
2026-08-20 23:34:38,746 - INFO - [BBC] Early skip: URL https://www.bbc.co.uk/news/articles/cd0x9mjjmgjo?at_medium=RSS&at_campaign=rss already exists.
2026-08-20 23:34:38,759 - INFO - [BBC] Early skip: URL https://www.bbc.co.uk/news/articles/c3r055g23qdo?at_medium=RSS&at_campaign=rss already exists.
2026-08-20 23:34:38,795 - INFO - [BBC] Early skip: URL https://www.bbc.co.uk/news/articles/cj9dkmljmwvo?at_medium=RSS&at_campaign=rss already exists.
2026-08-20 23:34:38,811 - INFO - [BBC] Early skip: URL https://www.bbc.co.uk/news/articles/ckg3j3yn4exo?at_medium=RSS&at_campaign=rss already exists.
2026-08-20 23:34:38,837 - INFO - [BBC] Early skip: URL https://www.bbc.co.uk/news/articles/crl7yjlpx2po?at_medium=RSS&at_campaign=rss already exists.
2026-08-20 23:34:38,839 - INFO - [BBC] Early skip: URL https://www.bbc.co.uk/news/articles/czxel9lz3vqo?at_medium=RSS&at_campaign=rss already exists.
2026-08-20 23:34:38,847 - INFO - [BBC] Early skip: URL https://www.bbc.co.uk/news/articles/c304e2dlv20o?at_medium=RSS&at_campaign=rss already exists.
2026-08-20 23:34:38,859 - INFO - [BBC] Early skip: URL https://www.bbc.co.uk/news/articles/clyx028ryy6o?at_medium=RSS&at_campaign=rss already exists.
2026-08-20 23:34:38,867 - INFO - [BBC] Early skip: URL https://www.bbc.co.uk/news/articles/cp87g29r718o?at_medium=RSS&at_campaign=rss already exists.
2026-08-20 23:34:38,888 - INFO - [BBC] Early skip: URL https://www.bbc.co.uk/sport/athletics/articles/cvgw9wlky9zo?at_medium=RSS&at_campaign=rss already exists.
2026-08-20 23:34:38,908 - INFO - [BBC] Early skip: URL https://www.bbc.co.uk/news/articles/c5yrnz24j22o?at_medium=RSS&at_campaign=rss already exists.
2026-08-20 23:34:38,912 - INFO - [BBC] Early skip: URL https://www.bbc.co.uk/news/articles/cn9nr195drzo?at_medium=RSS&at_campaign=rss already exists.
2026-08-20 23:34:38,950 - INFO - [BBC] Early skip: URL https://www.bbc.co.uk/news/articles/c80nzdjgmk3o?at_medium=RSS&at_campaign=rss already exists.
2026-08-20 23:34:38,951 - INFO - [BBC] Early skip: URL https://www.bbc.co.uk/news/articles/c5yedy98j7po?at_medium=RSS&at_campaign=rss already exists.
2026-08-20 23:34:38,953 - INFO - [BBC] Early skip: URL https://www.bbc.co.uk/news/articles/crrv48lenwgo?at_medium=RSS&at_campaign=rss already exists.
2026-08-20 23:34:38,960 - ERROR - Failed to fetch Indian Express RSS feed: 403 Client Error: Forbidden for url: https://indianexpress.com/feed/
2026-08-20 23:34:38,960 - INFO - [Indian Express] (Thread) Finished. Attempting to shut down its Selenium driver.
2026-08-20 23:34:38,964 - INFO - [BBC] Early skip: URL https://www.bbc.co.uk/news/articles/ce34r0er75go?at_medium=RSS&at_campaign=rss already exists.
2026-08-20 23:34:38,966 - INFO - [BBC] Early skip: URL https://www.bbc.co.uk/news/videos/c1l10g94yg1o?at_medium=RSS&at_campaign=rss already exists.
2026-08-20 23:34:38,968 - INFO - [BBC] Early skip: URL https://www.bbc.co.uk/news/videos/cgljr2wlr1no?at_medium=RSS&at_campaign=rss already exists.
2026-08-20 23:34:38,974 - INFO - [BBC] Early skip: URL https://www.bbc.co.uk/news/videos/cp3rgxzk5x2o?at_medium=RSS&at_campaign=rss already exists.
2026-08-20 23:34:38,987 - INFO - [BBC] Early skip: URL https://www.bbc.co.uk/news/videos/c62eyn5ggnzo?at_medium=RSS&at_campaign=rss already exists.
2026-08-20 23:34:38,997 - INFO - [BBC] (Thread) Finished. Attempting to shut down its Selenium driver.
2026-08-20 23:34:39,040 - INFO - Found 76 articles in Economic Times RSS feed. Processing until 20 new articles are saved.
2026-08-20 23:34:39,042 - INFO - [Economic Times] Early skip: URL https://economictimes.indiatimes.com/markets/us-stocks/news/us-stocks-us-market-sinks-as-bond-yields-rise-walmart-results-disappoint/articleshow/133387377.cms already exists.
2026-08-20 23:34:39,049 - INFO - [Indian Express] (Thread) driver.quit() successful.
2026-08-20 23:34:39,049 - INFO - [Economic Times] Early skip: URL https://economictimes.indiatimes.com/markets/stocks/news/power-finance-corporation-and-rec-shares-fall-up-to-3-after-morgan-stanley-downgrade/articleshow/133367186.cms already exists.
2026-08-20 23:34:39,050 - INFO - [Economic Times] Early skip: URL https://economictimes.indiatimes.com/markets/stocks/news/sugar-stocks-bajaj-hindusthan-sugar-balrampur-chini-others-rally-up-to-8-after-govt-tightens-stock-limits/articleshow/133365775.cms already exists.
2026-08-20 23:34:39,052 - INFO - [Economic Times] Early skip: URL https://economictimes.indiatimes.com/markets/stocks/news/can-turtlemint-fintech-shares-rally-to-rs-190-why-jefferies-initiated-coverage-on-the-stock/articleshow/133365683.cms already exists.
2026-08-20 23:34:39,053 - INFO - Found 60 articles in The Hindu RSS feed. Processing until 20 new articles are saved.
2026-08-20 23:34:39,054 - INFO - [The Hindu] Early skip: URL https://www.thehindu.com/news/cities/Delhi/sajjan-kumar-former-congress-mp-convicted-in-anti-sikh-riots-case-passes-away/article71368388.ece already exists.
2026-08-20 23:34:39,056 - INFO - [The Hindu] Early skip: URL https://www.thehindu.com/news/national/lawyers-protest-outside-bci-office-demand-chairman-manan-mishras-resignation-amid-nalsar-row/article71368148.ece already exists.
2026-08-20 23:34:39,057 - INFO - [Economic Times] Early skip: URL https://economictimes.indiatimes.com/markets/stocks/news/strides-pharma-science-shares-jump-9-after-usfda-eir-for-bengaluru-facility/articleshow/133365447.cms already exists.
2026-08-20 23:34:39,059 - INFO - [The Hindu] Early skip: URL https://www.thehindu.com/news/national/tarun-tejpal-appeals-in-supreme-court-against-10-year-term-in-2013-rape-case/article71368147.ece already exists.
2026-08-20 23:34:39,061 - INFO - [Economic Times] Early skip: URL https://economictimes.indiatimes.com/markets/stocks/news/milky-mist-dairy-food-shares-slip-4-after-sharp-post-listing-rally/articleshow/133365199.cms already exists.
2026-08-20 23:34:39,062 - ERROR - [NDTV] Request failed for strategy 'requests_browser' on URL https://www.ndtv.com/world-news/economic-pressure-a-delicate-dance-against-iran-jd-vance-11938410#publisher=newsstand: 403 Client Error: Forbidden for url: https://www.ndtv.com/world-news/economic-pressure-a-delicate-dance-against-iran-jd-vance-11938410#publisher=newsstand
2026-08-20 23:34:39,064 - INFO - [Economic Times] Article: https://economictimes.indiatimes.com/news/economy/policy/rbi-special-windows-seen-big-enough-to-bring-in-100b/articleshow/132813309.cms
2026-08-20 23:34:39,064 - INFO - [Economic Times] Attempt 1/2: Trying with 'requests_browser' strategy...
2026-08-20 23:34:39,064 - INFO - [The Hindu] Early skip: URL https://www.thehindu.com/news/national/west-bengal/jadavpur-university-violence-abvp-and-sfi-supporters-clash/article71368039.ece already exists.
2026-08-20 23:34:39,068 - INFO - [The Hindu] Early skip: URL https://www.thehindu.com/news/national/supreme-court-upholds-definition-of-industry-as-per-industrial-relations-code-2020/article71367986.ece already exists.
2026-08-20 23:34:39,072 - INFO - [The Hindu] Early skip: URL https://www.thehindu.com/news/national/madhya-pradesh/gen-alpha-student-protest-in-madhya-pradesh-ujjain-school-mergers/article71368399.ece already exists.
2026-08-20 23:34:39,073 - INFO - [BBC] (Thread) driver.quit() successful.
2026-08-20 23:34:39,076 - INFO - [The Hindu] Article: https://www.thehindu.com/news/national/bihar/over-1118-lakh-permanent-houses-to-be-built-in-bihar-under-pmay-g-says-shivraj-singh-chouhan/article71369236.ece
2026-08-20 23:34:39,076 - INFO - [The Hindu] Attempt 1/1: Trying with 'selenium_browser' strategy...
2026-08-20 23:34:39,083 - INFO - Found 50 articles in Wired RSS feed. Processing until 10 new articles are saved.
2026-08-20 23:34:39,084 - INFO - [Wired] Article: https://www.wired.com/review/google-pixel-11/
2026-08-20 23:34:39,084 - INFO - [Wired] Attempt 1/2: Trying with 'requests_browser' strategy...
2026-08-20 23:34:40,594 - INFO - [NDTV] Article: https://www.ndtv.com/world-news/economic-pressure-a-delicate-dance-against-iran-jd-vance-11938410#publisher=newsstand
2026-08-20 23:34:40,594 - INFO - [NDTV] Attempt 2/2: Trying with 'selenium_browser' strategy...
2026-08-20 23:34:42,046 - INFO - [The Hindu] Page content loaded.
2026-08-20 23:34:42,320 - INFO - >>> SUCCESSFULLY SAVED [ID: 109700] - Houthis and government trade attacks as Yemen slides back to full-scale war | Houthis News | Al Jazeera from Al Jazeera (504 words)
2026-08-20 23:34:42,444 - ERROR - parsed tree length: 1, wrong data type or not valid HTML
2026-08-20 23:34:42,444 - ERROR - empty HTML tree: None
2026-08-20 23:34:42,444 - WARNING - discarding data: None
2026-08-20 23:34:42,444 - WARNING - [Wired] FAILED with 'requests_browser' (content was too short: 0 words).
2026-08-20 23:34:42,670 - INFO - [The Hindu] Success with 'selenium_browser'. Found content (537 words).
2026-08-20 23:34:43,121 - INFO - [Wired] Article: https://www.wired.com/review/google-pixel-11/
2026-08-20 23:34:43,121 - INFO - [Wired] Attempt 2/2: Trying with 'selenium_browser' strategy...
2026-08-20 23:34:43,663 - INFO - [Al Jazeera] Article: https://www.aljazeera.com/news/2026/8/20/us-charges-woman-for-allegedly-plotting-attack-on-new-york-state-capitol?traffic_source=rss
2026-08-20 23:34:43,663 - INFO - [Al Jazeera] Attempt 1/2: Trying with 'requests_browser' strategy...
2026-08-20 23:34:44,123 - INFO - [Al Jazeera] Success with 'requests_browser'. Found content (645 words).
2026-08-20 23:34:47,338 - INFO - >>> SUCCESSFULLY SAVED [ID: 109701] - Over 11.18 lakh permanent houses to be built in Bihar under PMAY-G, says Shivraj Singh Chouhan - The Hindu from The Hindu (537 words)
2026-08-20 23:34:47,339 - INFO - [NDTV] Page content loaded.
2026-08-20 23:34:48,038 - INFO - [Economic Times] Success with 'requests_browser'. Found content (322 words).
2026-08-20 23:34:48,314 - INFO - [NDTV] Success with 'selenium_browser'. Found content (941 words).
2026-08-20 23:34:48,411 - INFO - [The Hindu] Early skip: URL https://www.thehindu.com/news/national/uttar-pradesh/bank-employee-kills-wife-sister-before-shooting-self-in-lucknow/article71368672.ece already exists.
2026-08-20 23:34:48,430 - INFO - [The Hindu] Early skip: URL https://www.thehindu.com/news/national/kerala/deliveries-at-keralams-kozhikode-government-women-and-childrens-hospital-decline/article71368209.ece already exists.
2026-08-20 23:34:48,441 - INFO - [The Hindu] Early skip: URL https://www.thehindu.com/news/national/jammu-and-kashmir/us-envoy-sergio-gors-jk-remarks-evoke-mixed-reactions/article71370329.ece already exists.
2026-08-20 23:34:48,446 - INFO - [The Hindu] Early skip: URL https://www.thehindu.com/news/national/government-allows-duty-free-import-of-10-lakh-tonnes-of-raw-sugar-until-october-31/article71370748.ece already exists.
2026-08-20 23:34:48,454 - INFO - [The Hindu] Early skip: URL https://www.thehindu.com/news/national/jammu-and-kashmir/need-for-phones-with-8-gb-ram-raises-concern-among-census-enumerators-in-jk/article71370606.ece already exists.
2026-08-20 23:34:48,471 - INFO - [The Hindu] Early skip: URL https://www.thehindu.com/news/national/tamil-nadu/construction-activities-around-pallikaranai-marshland-can-be-regulated-not-banned-tnswa-tells-madras-high-court/article71369543.ece already exists.
2026-08-20 23:34:48,490 - INFO - DEDUPLICATION: Found match (Score: 0.84). Linking to Cluster ID: b6631bca-da81-48aa-a900-4d0d0a13bcee
2026-08-20 23:34:49,952 - INFO - [The Hindu] Early skip: URL https://www.thehindu.com/news/national/karnataka/barracuda-networks-opens-five-cybersecurity-coes-in-karnataka/article71369573.ece already exists.
2026-08-20 23:34:50,432 - INFO - [The Hindu] Early skip: URL https://www.thehindu.com/news/national/uttar-pradesh/noida-workers-agitationplea-in-allahabad-high-court-to-club-multiple-firs/article71370787.ece already exists.
2026-08-20 23:34:50,468 - INFO - [The Hindu] Early skip: URL https://www.thehindu.com/news/national/tamil-nadu/nta-and-nep-have-only-helped-private-coaching-institutions-flourish-says-student-leader-neha-bora/article71370349.ece already exists.
2026-08-20 23:34:50,476 - INFO - [The Hindu] Early skip: URL https://www.thehindu.com/news/national/karnataka/job-card-mela-launched-across-mysuru-district-to-strengthen-vb-g-ram-g/article71370230.ece already exists.
2026-08-20 23:34:51,742 - INFO - [The Hindu] Early skip: URL https://www.thehindu.com/news/national/wider-engagement-with-universities-and-youth-can-bring-new-unconventional-ideas-pm-modi/article71370829.ece already exists.
2026-08-20 23:34:51,756 - INFO - >>> SUCCESSFULLY SAVED [ID: 109702] - US charges woman for allegedly plotting attack on New York State Capitol | Crime News | Al Jazeera from Al Jazeera (645 words)
2026-08-20 23:34:51,757 - INFO - [The Hindu] Early skip: URL https://www.thehindu.com/news/national/kerala/when-adventurism-takes-a-dangerous-turn/article71366638.ece already exists.
2026-08-20 23:34:51,780 - INFO - [The Hindu] Early skip: URL https://www.thehindu.com/news/national/kerala/iuml-orders-probe-into-resolution-against-minister-basheer-jaleel-questions-ed-silence/article71369788.ece already exists.
2026-08-20 23:34:51,793 - INFO - [The Hindu] Early skip: URL https://www.thehindu.com/news/national/telangana/nearly-20-lakh-students-awaiting-fee-reimbursement/article71370331.ece already exists.
2026-08-20 23:34:51,794 - INFO - [The Hindu] Early skip: URL https://www.thehindu.com/news/national/kerala/150-mundakkai-chooralmala-families-to-get-2-lakh-livelihood-assistance/article71369627.ece already exists.
2026-08-20 23:34:51,801 - INFO - [The Hindu] Early skip: URL https://www.thehindu.com/news/national/telangana/ktr-backs-polytechnic-students-agitation/article71370534.ece already exists.
2026-08-20 23:34:51,808 - INFO - [The Hindu] Early skip: URL https://www.thehindu.com/news/national/maharashtra/cm-selling-mumbais-open-land-to-bjp-mlas-and-friend-aaditya-thackeray/article71369426.ece already exists.
2026-08-20 23:34:51,824 - INFO - [The Hindu] Early skip: URL https://www.thehindu.com/news/national/assam-meghalaya-cms-call-for-peace-after-rioting-in-shillong/article71370310.ece already exists.
2026-08-20 23:34:51,839 - INFO - [The Hindu] Early skip: URL https://www.thehindu.com/news/national/meghalaya/assam-transporters-blockade-meghalaya-vehicles-after-violence-at-shillong-students-rally/article71368845.ece already exists.
2026-08-20 23:34:51,846 - INFO - [The Hindu] Early skip: URL https://www.thehindu.com/news/cities/Visakhapatnam/ukg-student-dies-after-teacher-tries-to-strip-slaps-him-in-visakhapatnam-classroom/article71368713.ece already exists.
2026-08-20 23:34:51,852 - INFO - [The Hindu] Early skip: URL https://www.thehindu.com/news/national/karnataka/karnataka-third-highest-contributor-to-pollution-among-southern-states/article71366263.ece already exists.
2026-08-20 23:34:51,873 - INFO - [The Hindu] Early skip: URL https://www.thehindu.com/news/national/andhra-pradesh/public-hearing-on-visakhapatnams-czmp-on-september-2/article71368835.ece already exists.
2026-08-20 23:34:51,882 - INFO - [The Hindu] Early skip: URL https://www.thehindu.com/news/national/tamil-nadu/congress-will-return-to-power-at-centre-in-2029-says-kc-venugopal/article71370061.ece already exists.
2026-08-20 23:34:51,884 - INFO - [The Hindu] Early skip: URL https://www.thehindu.com/news/national/karnataka/caste-survey-report-figures-in-discussion-on-devaraja-urs/article71370239.ece already exists.
2026-08-20 23:34:51,895 - INFO - [The Hindu] Early skip: URL https://www.thehindu.com/news/national/andhra-pradesh/officials-review-logistics-security-for-brics-delegates/article71369893.ece already exists.
2026-08-20 23:34:51,906 - INFO - [The Hindu] Early skip: URL https://www.thehindu.com/news/national/andhra-pradesh/godavari-tragedy-second-body-recovered/article71370614.ece already exists.
2026-08-20 23:34:51,908 - INFO - [The Hindu] Early skip: URL https://www.thehindu.com/news/national/andhra-pradesh/gvmc-steps-up-preparations-for-corporation-elections/article71370025.ece already exists.
2026-08-20 23:34:51,917 - INFO - [The Hindu] Early skip: URL https://www.thehindu.com/news/national/karnataka/dubai-invests-93-billion-across-147-projects-in-india-over-10-years/article71370085.ece already exists.
2026-08-20 23:34:51,925 - INFO - [The Hindu] Early skip: URL https://www.thehindu.com/news/national/there-was-fire-everywhere-1984-riot-survivors-recall-the-horror-after-sajjan-kumars-death/article71369545.ece already exists.
2026-08-20 23:34:51,930 - INFO - [The Hindu] Early skip: URL https://www.thehindu.com/news/national/telangana/ap-rajya-sabha-mps-son-booked-after-aston-martin-fatally-hits-woman-near-inorbit-mall-in-hyderabad/article71370634.ece already exists.
2026-08-20 23:34:51,931 - INFO - [The Hindu] Early skip: URL https://www.thehindu.com/news/national/plea-in-supreme-court-seeks-cbi-probe-into-allegations-of-jharkhand-jpsc-exam-irregularities/article71370445.ece already exists.
2026-08-20 23:34:51,933 - INFO - [The Hindu] Early skip: URL https://www.thehindu.com/news/national/manipur/congress-seeks-postponement-of-census-in-manipur-cites-displacement/article71370414.ece already exists.
2026-08-20 23:34:51,936 - INFO - [The Hindu] Early skip: URL https://www.thehindu.com/news/national/opposition-accuses-government-of-pushing-rss-agenda-on-ncert-textbooks/article71370373.ece already exists.
2026-08-20 23:34:51,938 - INFO - [The Hindu] Early skip: URL https://www.thehindu.com/news/national/manipur/manipur-economy-set-back-by-a-decade-no-roads-investments-in-hill-districts-says-npf-mla/article71370311.ece already exists.
2026-08-20 23:34:51,941 - INFO - [The Hindu] Early skip: URL https://www.thehindu.com/news/national/karnataka/karnataka-chief-minister-flags-mekedatu-project/article71369081.ece already exists.
2026-08-20 23:34:51,944 - INFO - [The Hindu] Early skip: URL https://www.thehindu.com/news/national/jharkhand/jharkhand-hc-notification-updates-on-11th-to-13th-jpsc-exams/article71368803.ece already exists.
2026-08-20 23:34:51,946 - INFO - [The Hindu] Early skip: URL https://www.thehindu.com/news/national/ladakh/high-court-bench-for-ladakh-approved-centre-reaffirms-commitment-to-constitutional-safeguards/article71370636.ece already exists.
2026-08-20 23:34:51,948 - INFO - [The Hindu] Early skip: URL https://www.thehindu.com/news/national/kerala/leopard-caught-in-wild-boar-trap-dies-in-keralams-kannur/article71369130.ece already exists.
2026-08-20 23:34:51,949 - INFO - [The Hindu] Early skip: URL https://www.thehindu.com/news/national/telangana/rajiv-gandhis-contributions-to-it-youth-recalled/article71370626.ece already exists.
2026-08-20 23:34:51,950 - INFO - [The Hindu] Early skip: URL https://www.thehindu.com/news/cities/Hyderabad/sc-bench-sets-aside-slp-against-telangana-high-court-judgment-on-margadarsi-financiers/article71370523.ece already exists.
2026-08-20 23:34:51,951 - INFO - [The Hindu] Early skip: URL https://www.thehindu.com/news/national/karnataka/purification-of-kharges-rally-venue-constitution-protection-committee-karnataka-condemned/article71370276.ece already exists.
2026-08-20 23:34:51,953 - INFO - [The Hindu] Early skip: URL https://www.thehindu.com/news/national/papa-looking-down-proudly-at-his-beautiful-sonia-rahuls-emotional-note-on-mothers-memoir/article71368525.ece already exists.
2026-08-20 23:34:51,955 - INFO - [The Hindu] Early skip: URL https://www.thehindu.com/news/national/chhattisgarh/chhattisgarh-varsity-cancels-exam-after-paper-leak-allegations/article71369899.ece already exists.
2026-08-20 23:34:51,957 - INFO - [The Hindu] Early skip: URL https://www.thehindu.com/news/national/telangana/bhu-bharathi-to-streamline-records-make-state-land-dispute-free-state-ponguleti/article71370455.ece already exists.
2026-08-20 23:34:51,958 - INFO - [The Hindu] Article: https://www.thehindu.com/news/national/india-bangladesh-ganga-water-treaty-not-in-bihars-interests-says-jdus-sanjay-jha/article71370196.ece
2026-08-20 23:34:51,959 - INFO - [The Hindu] Attempt 1/1: Trying with 'selenium_browser' strategy...
2026-08-20 23:34:53,954 - INFO - [Times of India] Page content loaded.
2026-08-20 23:34:53,955 - INFO - [Al Jazeera] Article: https://www.aljazeera.com/video/newsfeed/2026/8/20/the-cost-of-rebuilding-family-homes-in-war-ravaged-syria?traffic_source=rss
2026-08-20 23:34:53,964 - INFO - [Al Jazeera] Attempt 1/2: Trying with 'requests_browser' strategy...
2026-08-20 23:34:54,978 - ERROR - Error saving article RBI special windows seen big enough to bring in $100B - The Economic Times: Hrana: `stream error: `Error { message: "SQLite error: UNIQUE constraint failed: articles.url", code: "SQLITE_CONSTRAINT" }``
2026-08-20 23:34:55,600 - INFO - [Economic Times] Article: https://economictimes.indiatimes.com/news/economy/foreign-trade/india-canada-aim-to-conclude-cepa-trade-pact-by-end-2026-mea/articleshow/132813105.cms
2026-08-20 23:34:55,602 - INFO - [Economic Times] Attempt 1/2: Trying with 'requests_browser' strategy...
2026-08-20 23:34:58,661 - INFO - [Wired] Page content loaded.
2026-08-20 23:34:58,943 - INFO - >>> SUCCESSFULLY SAVED [ID: 109704] - Economic Pressure A "Delicate Dance" Against Iran: JD Vance from NDTV (941 words)
2026-08-20 23:34:59,041 - WARNING - [Al Jazeera] FAILED with 'requests_browser' (content was too short: 27 words).
2026-08-20 23:34:59,623 - INFO - [Al Jazeera] Article: https://www.aljazeera.com/video/newsfeed/2026/8/20/the-cost-of-rebuilding-family-homes-in-war-ravaged-syria?traffic_source=rss
2026-08-20 23:34:59,625 - INFO - [Al Jazeera] Attempt 2/2: Trying with 'selenium_browser' strategy...
2026-08-20 23:35:00,076 - INFO - [Economic Times] Success with 'requests_browser'. Found content (202 words).
2026-08-20 23:35:00,256 - INFO - [NDTV] Article: https://www.ndtv.com/world-news/canadian-provincial-leader-calls-trump-a-bad-person-amid-trade-deal-11938384#publisher=newsstand
2026-08-20 23:35:00,256 - INFO - [NDTV] Attempt 1/2: Trying with 'requests_browser' strategy...
2026-08-20 23:35:01,011 - ERROR - [NDTV] Request failed for strategy 'requests_browser' on URL https://www.ndtv.com/world-news/canadian-provincial-leader-calls-trump-a-bad-person-amid-trade-deal-11938384#publisher=newsstand: 403 Client Error: Forbidden for url: https://www.ndtv.com/world-news/canadian-provincial-leader-calls-trump-a-bad-person-amid-trade-deal-11938384#publisher=newsstand
2026-08-20 23:35:01,728 - INFO - [NDTV] Article: https://www.ndtv.com/world-news/canadian-provincial-leader-calls-trump-a-bad-person-amid-trade-deal-11938384#publisher=newsstand
2026-08-20 23:35:01,728 - INFO - [NDTV] Attempt 2/2: Trying with 'selenium_browser' strategy...
2026-08-20 23:35:02,976 - INFO - [Times of India] Success with 'selenium_browser'. Found content (315 words).
2026-08-20 23:35:06,072 - ERROR - Error saving article India, Canada aim to conclude CEPA trade pact by end-2026: MEA - The Economic Times: Hrana: `stream error: `Error { message: "SQLite error: UNIQUE constraint failed: articles.url", code: "SQLITE_CONSTRAINT" }``
2026-08-20 23:35:06,419 - INFO - [NDTV] Page content loaded.
2026-08-20 23:35:06,677 - INFO - [Al Jazeera] Page content loaded.
2026-08-20 23:35:07,149 - INFO - [Economic Times] Article: https://economictimes.indiatimes.com/news/economy/infrastructure/govts-urban-reset-centre-divides-ministry-of-housing-and-urban-affairs-into-two-specialised-verticals/articleshow/132812900.cms
2026-08-20 23:35:07,149 - INFO - [Economic Times] Attempt 1/2: Trying with 'requests_browser' strategy...
2026-08-20 23:35:07,964 - INFO - [Wired] Success with 'selenium_browser'. Found content (2567 words).
2026-08-20 23:35:08,444 - INFO - [NDTV] Success with 'selenium_browser'. Found content (800 words).
2026-08-20 23:35:08,669 - WARNING - [Al Jazeera] FAILED with 'selenium_browser' (content was too short: 35 words).
2026-08-20 23:35:08,720 - ERROR - [Al Jazeera] All scrape strategies failed for https://www.aljazeera.com/video/newsfeed/2026/8/20/the-cost-of-rebuilding-family-homes-in-war-ravaged-syria?traffic_source=rss. Falling back to RSS description.
2026-08-20 23:35:08,720 - WARNING - SKIPPED (GLOBAL WORD LIMIT): Article 'The cost of rebuilding family homes in war-ravaged Syria' from Al Jazeera has only 16 words (Min: 90).
2026-08-20 23:35:09,035 - INFO - DEDUPLICATION: Found match (Score: 0.94). Linking to Cluster ID: 6459b22b-fc19-4323-8fe9-b8047b8fe99f
2026-08-20 23:35:11,978 - INFO - [Al Jazeera] Article: https://www.aljazeera.com/economy/2026/8/20/new-york-mayor-mamdani-sues-to-block-10000-teaching-aide-bonuses?traffic_source=rss
2026-08-20 23:35:12,249 - INFO - [Al Jazeera] Attempt 1/2: Trying with 'requests_browser' strategy...
2026-08-20 23:35:12,249 - INFO - >>> SUCCESSFULLY SAVED [ID: 109706] - Ex-Pak PM Imran Khan moved to private hospital from prison after SC order - The Times of India from Times of India (315 words)
2026-08-20 23:35:12,494 - INFO - [Economic Times] Success with 'requests_browser'. Found content (244 words).
2026-08-20 23:35:12,599 - INFO - [Al Jazeera] Success with 'requests_browser'. Found content (933 words).
2026-08-20 23:35:14,356 - INFO - [Times of India] Early skip: URL https://timesofindia.indiatimes.com/world/uk/new-uk-govt-booklet-tells-asylum-seekers-rape-and-child-sex-abuse-are-illegal/articleshow/133387181.cms already exists.
2026-08-20 23:35:14,848 - INFO - [Times of India] Early skip: URL https://timesofindia.indiatimes.com/world/rest-of-world/6-indians-on-board-hijacked-cargo-ship-carrying-turkish-weapons-off-somalias-coast/articleshow/133387586.cms already exists.
2026-08-20 23:35:14,862 - INFO - [Times of India] Early skip: URL https://timesofindia.indiatimes.com/world/us/in-1990-utah-used-the-worlds-largest-rotenone-treatment-on-strawberry-reservoir-over-99-of-fish-biomass-vanished-and-the-rebuilt-fishery-later-produced-715000-catches-a-year/articleshow/133387316.cms already exists.
2026-08-20 23:35:15,833 - INFO - [Times of India] Early skip: URL https://timesofindia.indiatimes.com/world/us/billionaire-bill-ackman-wife-donate-400-million-to-brain-research-shares-heartbreaking-story-of-daughters-coma-says-he-wants-cure-not-nobel-prize-winners/articleshow/133387454.cms already exists.
2026-08-20 23:35:16,101 - INFO - [Times of India] Early skip: URL https://timesofindia.indiatimes.com/science/tasmania-spent-28-years-removing-invasive-carp-from-two-lakes-after-49301-fish-were-taken-out-the-state-declared-carp-functionally-eradicated-and-trout-began-bouncing-back/articleshow/133384589.cms already exists.
2026-08-20 23:35:16,117 - INFO - >>> SUCCESSFULLY SAVED [ID: 109707] - Google Pixel 11 Review: Minor Upgrade | WIRED from Wired (2567 words)
2026-08-20 23:35:16,118 - INFO - [Times of India] Early skip: URL https://timesofindia.indiatimes.com/world/us/i-am-deeply-sorry-for-the-harm-caused-indian-origin-hospital-ceo-takes-responsibility-for-massive-drug-mix-up-at-a-nashville-hospital-during-routine-surgeries/articleshow/133387210.cms already exists.
2026-08-20 23:35:16,140 - INFO - [Times of India] Early skip: URL https://timesofindia.indiatimes.com/world/us/first-time-in-100-years-north-american-river-otter-spotted-in-the-bronx-river-i-could-hardly-believe-what-i-was-seeing/articleshow/133386536.cms already exists.
2026-08-20 23:35:16,142 - INFO - [Times of India] Early skip: URL https://timesofindia.indiatimes.com/science/in-2002-new-mexico-began-one-of-americas-largest-native-fish-restoration-projects-more-than-two-decades-later-rio-grande-cutthroat-trout-had-returned-to-120-miles-of-streams/articleshow/133384198.cms already exists.
2026-08-20 23:35:16,172 - INFO - [Times of India] Early skip: URL https://timesofindia.indiatimes.com/science/in-2006-idaho-launched-a-bounty-and-netting-war-on-invasive-lake-trout-a-decade-later-adult-numbers-were-down-64-and-lake-pend-oreilles-kokanee-had-rebounded/articleshow/133383918.cms already exists.
2026-08-20 23:35:16,192 - INFO - [Times of India] Early skip: URL https://timesofindia.indiatimes.com/world/uk/manchester-synagogue-terror-attack-iraqi-national-charged-over-failure-to-disclose-information/articleshow/133384108.cms already exists.
2026-08-20 23:35:16,196 - INFO - [Times of India] Early skip: URL https://timesofindia.indiatimes.com/world/us/68-year-old-sheila-consaul-bought-ohios-abandoned-fairport-harbor-west-lighthouse-for-71010-in-2011-then-spent-15-years-and-over-300000-restoring-it-as-an-off-grid-home/articleshow/133383600.cms already exists.
2026-08-20 23:35:16,221 - INFO - [Times of India] Early skip: URL https://timesofindia.indiatimes.com/world/rest-of-world/find-out-who-your-mp-is-canadas-portage-college-asks-protesting-indian-students-to-approach-politicians-for-work-permit-woes/articleshow/133383989.cms already exists.
2026-08-20 23:35:16,225 - INFO - [Times of India] Early skip: URL https://timesofindia.indiatimes.com/world/uk/major-uk-hotel-chain-ceo-joanna-boydell-resigns-amid-security-failings-sexual-assault-cases/articleshow/133383881.cms already exists.
2026-08-20 23:35:16,229 - INFO - [Times of India] Early skip: URL https://timesofindia.indiatimes.com/world/rest-of-world/in-1911-norwegian-whalers-released-10-reindeer-on-south-georgia-for-food-and-hunting-a-century-later-nearly-7000-were-removed-after-the-herds-damaged-native-vegetation/articleshow/133383210.cms already exists.
2026-08-20 23:35:16,232 - INFO - [Times of India] Early skip: URL https://timesofindia.indiatimes.com/world/middle-east/iran-rejects-trumps-hormuz-total-control-claim-says-strait-will-reopen-only-on-tehrans-terms/articleshow/133383098.cms already exists.
2026-08-20 23:35:16,233 - INFO - [Times of India] Early skip: URL https://timesofindia.indiatimes.com/world/us/in-2020-a-catastrophic-michigan-dam-disaster-left-smallwood-lake-drawn-down-six-years-and-a-50-2-million-rebuild-later-water-is-finally-returning-to-721-waterfront-properties/articleshow/133375275.cms already exists.
2026-08-20 23:35:16,235 - INFO - [Times of India] Early skip: URL https://timesofindia.indiatimes.com/world/rest-of-world/virgin-australia-removed-a-wheelchair-user-because-his-mobility-device-would-not-fit-under-his-seat-airline-later-admitted-the-device-had-been-incorrectly-assessed/articleshow/133380634.cms already exists.
2026-08-20 23:35:16,237 - INFO - [Times of India] Early skip: URL https://timesofindia.indiatimes.com/world/europe/savas-titanic-the-century-old-sunken-shipwreck-emerges-as-europes-rivers-fall-to-record-lows/articleshow/133378163.cms already exists.
2026-08-20 23:35:16,243 - INFO - [Times of India] Early skip: URL https://timesofindia.indiatimes.com/world/rest-of-world/at-36000-feet-a-plane-carrying-153-passengers-drifted-off-course-after-an-unexpected-28-minute-lapse-by-both-the-pilots/articleshow/133377779.cms already exists.
2026-08-20 23:35:16,251 - INFO - [Times of India] (Thread) Finished. Attempting to shut down its Selenium driver.
2026-08-20 23:35:18,537 - INFO - [Wired] Early skip: URL https://www.wired.com/story/the-galaxys-fastest-star-could-reveal-the-secrets-of-a-supermassive-black-hole/ already exists.
2026-08-20 23:35:18,541 - INFO - [Times of India] (Thread) driver.quit() successful.
2026-08-20 23:35:18,542 - INFO - [Wired] Early skip: URL https://www.wired.com/story/china-is-strapping-digital-bombs-to-civilian-infrastructure-is-the-us-ready/ already exists.
2026-08-20 23:35:19,567 - INFO - [Wired] Early skip: URL https://www.wired.com/story/silicon-valley-doesnt-get-why-you-hate-ai/ already exists.
2026-08-20 23:35:19,576 - INFO - [Wired] Early skip: URL https://www.wired.com/review/poolease-x1-pool-robot/ already exists.
2026-08-20 23:35:19,835 - INFO - [Wired] Early skip: URL https://www.wired.com/story/bumble-women-first-rule-change/ already exists.
2026-08-20 23:35:19,849 - INFO - [Wired] Early skip: URL https://www.wired.com/story/best-usb-car-chargers/ already exists.
2026-08-20 23:35:19,849 - INFO - >>> SUCCESSFULLY SAVED [ID: 109708] - Canadian Provincial Leader Calls Trump A "Bad Person" Amid Trade Deal from NDTV (800 words)
2026-08-20 23:35:19,851 - INFO - [Wired] Early skip: URL https://www.wired.com/story/a-maga-countys-top-election-official-wants-to-hire-election-denial-superstar-tina-peters/ already exists.
2026-08-20 23:35:19,853 - INFO - [Wired] Early skip: URL https://www.wired.com/story/myplots-jack-schwartz-zane-harwin-teen-parties-after-prom/ already exists.
2026-08-20 23:35:19,857 - INFO - [Wired] Early skip: URL https://www.wired.com/story/salmonella-is-everywhere/ already exists.
2026-08-20 23:35:19,858 - INFO - [Wired] Article: https://www.wired.com/story/chewy-promo-code/
2026-08-20 23:35:19,861 - INFO - [Wired] Attempt 1/2: Trying with 'requests_browser' strategy...
2026-08-20 23:35:20,333 - ERROR - parsed tree length: 1, wrong data type or not valid HTML
2026-08-20 23:35:20,334 - ERROR - empty HTML tree: None
2026-08-20 23:35:20,334 - WARNING - discarding data: None
2026-08-20 23:35:20,334 - WARNING - [Wired] FAILED with 'requests_browser' (content was too short: 0 words).
2026-08-20 23:35:21,877 - INFO - [Wired] Article: https://www.wired.com/story/chewy-promo-code/
2026-08-20 23:35:21,877 - INFO - [Wired] Attempt 2/2: Trying with 'selenium_browser' strategy...
2026-08-20 23:35:22,363 - INFO - [NDTV] Early skip: URL https://www.ndtv.com/world-news/jailed-pak-ex-pm-imran-khan-taken-to-hospital-after-court-order-11938333#publisher=newsstand already exists.
2026-08-20 23:35:23,302 - INFO - [NDTV] Early skip: URL https://www.ndtv.com/world-news/isis-inspired-woman-charged-over-plot-to-attack-new-york-capitol-building-11938292#publisher=newsstand already exists.
2026-08-20 23:35:23,565 - INFO - >>> SUCCESSFULLY SAVED [ID: 109709] - New York mayor Mamdani sues to block $10,000 teaching aide bonuses | Politics News | Al Jazeera from Al Jazeera (933 words)
2026-08-20 23:35:23,568 - INFO - [NDTV] Early skip: URL https://www.ndtv.com/world-news/us-pushes-allies-china-to-support-trumps-economic-war-on-iran-11938182#publisher=newsstand already exists.
2026-08-20 23:35:23,571 - INFO - [NDTV] Early skip: URL https://www.ndtv.com/india-news/china-to-be-indias-main-competitor-across-multiple-fields-army-chief-general-manoj-naravane-11938167#publisher=newsstand already exists.
2026-08-20 23:35:23,572 - INFO - [NDTV] Early skip: URL https://www.ndtv.com/india-news/to-wean-young-punjab-from-drugs-bhagwant-manns-new-recipe-sports-11938113#publisher=newsstand already exists.
2026-08-20 23:35:23,576 - INFO - [NDTV] Early skip: URL https://www.ndtv.com/india-news/video-bengaluru-rider-almost-run-over-by-tanker-after-bike-hits-pothole-11937368#publisher=newsstand already exists.
2026-08-20 23:35:23,577 - INFO - [NDTV] Early skip: URL https://www.ndtv.com/india-news/rajya-sabha-lingamaneni-rameshs-son-sanjush-booked-as-aston-martin-car-crash-kills-woman-in-hyderabad-11937375#publisher=newsstand already exists.
2026-08-20 23:35:23,579 - INFO - [NDTV] Early skip: URL https://www.ndtv.com/india-news/fungus-in-vegetables-expired-products-found-at-36-train-stations-in-karnataka-11938102#publisher=newsstand already exists.
2026-08-20 23:35:23,581 - INFO - [NDTV] Early skip: URL https://www.ndtv.com/india-news/government-deceived-us-jharkhand-students-as-court-stays-exam-cancellation-11938096#publisher=newsstand already exists.
2026-08-20 23:35:23,586 - INFO - [NDTV] Early skip: URL https://www.ndtv.com/world-news/6-7-magnitude-earthquake-strikes-southern-peru-11938058#publisher=newsstand already exists.
2026-08-20 23:35:23,589 - INFO - [NDTV] Early skip: URL https://www.ndtv.com/india-news/fir-against-online-platform-seller-for-toxic-chemicals-sale-that-killed-17-year-old-in-gurugram-11938087#publisher=newsstand already exists.
2026-08-20 23:35:23,593 - INFO - [NDTV] Early skip: URL https://www.ndtv.com/india-news/faridabad-couple-pours-boiling-water-on-woman-locks-her-in-room-for-days-11938083#publisher=newsstand already exists.
2026-08-20 23:35:23,595 - INFO - [NDTV] Early skip: URL https://www.ndtv.com/world-news/with-us-or-against-us-us-official-scott-bessent-warns-allies-on-coordinated-economic-isolation-of-iran-11938079#publisher=newsstand already exists.
2026-08-20 23:35:23,597 - INFO - [NDTV] Early skip: URL https://www.ndtv.com/india-news/burqa-clad-gang-steals-1-5-kg-gold-from-jewellery-store-in-chhatrapati-sambhajinagar-11938005#publisher=newsstand already exists.
2026-08-20 23:35:23,600 - INFO - [NDTV] Early skip: URL https://www.ndtv.com/india-news/man-pretends-to-be-transgender-enters-womans-home-and-rapes-her-in-mumbai-11938023#publisher=newsstand already exists.
2026-08-20 23:35:23,602 - INFO - [NDTV] Early skip: URL https://www.ndtv.com/india-news/2-workers-killed-as-under-construction-hospitals-roof-collapses-in-mohali-11937816#publisher=newsstand already exists.
2026-08-20 23:35:23,604 - INFO - [NDTV] Early skip: URL https://www.ndtv.com/world-news/pak-may-allow-imran-khans-treatment-at-private-hospital-cabinet-minister-11937989#publisher=newsstand already exists.
2026-08-20 23:35:23,608 - INFO - [NDTV] Early skip: URL https://www.ndtv.com/india-news/over-1-200-auto-taxi-drivers-get-notice-for-not-knowing-enough-marathi-11937979#publisher=newsstand already exists.
2026-08-20 23:35:23,612 - INFO - [NDTV] (Thread) Finished. Attempting to shut down its Selenium driver.
2026-08-20 23:35:23,806 - INFO - [NDTV] (Thread) driver.quit() successful.
2026-08-20 23:35:25,392 - INFO - [Al Jazeera] Early skip: URL https://www.aljazeera.com/news/2026/8/20/pakistans-ex-pm-imran-khan-transferred-from-jail-to-hospital?traffic_source=rss already exists.
2026-08-20 23:35:25,395 - INFO - [Al Jazeera] Early skip: URL https://www.aljazeera.com/news/2026/8/20/us-pummels-cuban-economy-with-new-sanctions-on-mining-construction?traffic_source=rss already exists.
2026-08-20 23:35:25,875 - WARNING - [The Hindu] Page explicit wait timed out (3s). Proceeding anyway.
2026-08-20 23:35:25,875 - INFO - [Al Jazeera] Article: https://www.aljazeera.com/video/newsfeed/2026/8/20/landslide-at-illegal-gold-mine-kills-13-people-in-colombia-2?traffic_source=rss
2026-08-20 23:35:26,832 - INFO - [Al Jazeera] Attempt 1/2: Trying with 'requests_browser' strategy...
2026-08-20 23:35:26,835 - ERROR - Error saving article Govt's urban reset: Centre divides ministry of Housing and Urban Affairs into two specialised verticals - The Economic Times: Hrana: `stream error: `Error { message: "SQLite error: UNIQUE constraint failed: articles.url", code: "SQLITE_CONSTRAINT" }``
2026-08-20 23:35:27,143 - WARNING - [Al Jazeera] FAILED with 'requests_browser' (content was too short: 65 words).
2026-08-20 23:35:27,273 - INFO - [The Hindu] Success with 'selenium_browser'. Found content (412 words).
2026-08-20 23:35:29,241 - INFO - [Economic Times] Article: https://economictimes.indiatimes.com/news/economy/foreign-trade/india-uk-ceta-takes-effect-first-zero-duty-indian-coffee-jewellery-consignments-reach-uk-shores/articleshow/132442764.cms
2026-08-20 23:35:29,720 - INFO - [Economic Times] Attempt 1/2: Trying with 'requests_browser' strategy...
2026-08-20 23:35:29,241 - INFO - [Al Jazeera] Article: https://www.aljazeera.com/video/newsfeed/2026/8/20/landslide-at-illegal-gold-mine-kills-13-people-in-colombia-2?traffic_source=rss
2026-08-20 23:35:29,722 - INFO - [Al Jazeera] Attempt 2/2: Trying with 'selenium_browser' strategy...
2026-08-20 23:35:30,931 - INFO - >>> SUCCESSFULLY SAVED [ID: 109711] - India-Bangladesh Ganga Water Treaty not in Bihar’s interests, says JD(U)’s Sanjay Jha - The Hindu from The Hindu (412 words)
2026-08-20 23:35:31,096 - INFO - [Economic Times] Success with 'requests_browser'. Found content (946 words).
2026-08-20 23:35:33,452 - INFO - [The Hindu] Early skip: URL https://www.thehindu.com/news/national/karnataka/caste-certificate-delay-govt-likely-to-extend-time-for-job-applications/article71370121.ece already exists.
2026-08-20 23:35:33,453 - INFO - [The Hindu] Early skip: URL https://www.thehindu.com/news/national/why-is-the-supreme-court-examining-polygamy-again-explained/article71364788.ece already exists.
2026-08-20 23:35:34,426 - INFO - [Wired] Page content loaded.
2026-08-20 23:35:34,427 - INFO - [The Hindu] Early skip: URL https://www.thehindu.com/news/national/karnataka/only-two-districts-have-received-normal-southwest-monsoon-in-karnataka/article71369941.ece already exists.
2026-08-20 23:35:34,427 - ERROR - Error saving article India-UK CETA takes effect: First zero-duty Indian coffee, jewellery consignments reach UK shores - The Economic Times: Hrana: `stream error: `Error { message: "SQLite error: UNIQUE constraint failed: articles.url", code: "SQLITE_CONSTRAINT" }``
2026-08-20 23:35:34,429 - INFO - [The Hindu] Early skip: URL https://www.thehindu.com/news/national/home-minister-calls-for-early-resolution-of-pending-water-related-issues-in-south-india/article71369640.ece already exists.
2026-08-20 23:35:34,430 - INFO - [The Hindu] Early skip: URL https://www.thehindu.com/news/national/kerala/suspension-of-adgp-mr-ajith-kumar-keralam-govt-denies-allegations-before-cat/article71370176.ece already exists.
2026-08-20 23:35:34,431 - INFO - [The Hindu] Early skip: URL https://www.thehindu.com/news/national/karnataka/karnataka-assembly-adopts-bda-bill-to-reduce-regularisation-charges-for-111-lakh-houses/article71370390.ece already exists.
2026-08-20 23:35:34,433 - INFO - [The Hindu] Early skip: URL https://www.thehindu.com/news/national/sajjan-kumar-congress-veteran-to-convict/article71368883.ece already exists.
2026-08-20 23:35:34,435 - INFO - [The Hindu] Early skip: URL https://www.thehindu.com/news/national/supreme-court-forms-high-powered-enquiry-committee-to-investigate-violence-during-student-protests/article71368872.ece already exists.
2026-08-20 23:35:34,440 - INFO - [The Hindu] (Thread) Finished. Attempting to shut down its Selenium driver.
2026-08-20 23:35:34,886 - INFO - [The Hindu] (Thread) driver.quit() successful.
2026-08-20 23:35:35,181 - INFO - [Economic Times] Article: https://economictimes.indiatimes.com/news/economy/foreign-trade/from-oman-to-tanzania-how-the-iran-war-is-redrawing-indias-trade-map/articleshow/131762760.cms
2026-08-20 23:35:35,181 - INFO - [Economic Times] Attempt 1/2: Trying with 'requests_browser' strategy...
2026-08-20 23:35:36,131 - INFO - [Economic Times] Success with 'requests_browser'. Found content (385 words).
2026-08-20 23:35:36,394 - INFO - [Wired] Success with 'selenium_browser'. Found content (1643 words).
2026-08-20 23:35:39,665 - ERROR - Error saving article From Oman to Tanzania: How the Iran war is redrawing India’s trade map - The Economic Times: Hrana: `stream error: `Error { message: "SQLite error: UNIQUE constraint failed: articles.url", code: "SQLITE_CONSTRAINT" }``
2026-08-20 23:35:41,164 - INFO - [Economic Times] Article: https://economictimes.indiatimes.com/news/economy/policy/fm-sitharaman-flags-global-crisis-spillovers-unfair-burden-on-developing-nations/articleshow/131668427.cms
2026-08-20 23:35:41,164 - INFO - [Economic Times] Attempt 1/2: Trying with 'requests_browser' strategy...
2026-08-20 23:35:42,591 - ERROR - Error saving article Chewy Promo Codes: $20 Off August 2026 | WIRED: Hrana: `stream error: `Error { message: "SQLite error: UNIQUE constraint failed: articles.url", code: "SQLITE_CONSTRAINT" }``
2026-08-20 23:35:43,119 - INFO - [Economic Times] Success with 'requests_browser'. Found content (317 words).
2026-08-20 23:35:44,894 - INFO - [Wired] Article: https://www.wired.com/story/peacock-promo-code/
2026-08-20 23:35:45,359 - INFO - [Wired] Attempt 1/2: Trying with 'requests_browser' strategy...
2026-08-20 23:35:46,328 - ERROR - Error saving article FM Sitharaman flags global crisis spillovers, unfair burden on developing nations - The Economic Times: Hrana: `stream error: `Error { message: "SQLite error: UNIQUE constraint failed: articles.url", code: "SQLITE_CONSTRAINT" }``
2026-08-20 23:35:46,382 - ERROR - parsed tree length: 1, wrong data type or not valid HTML
2026-08-20 23:35:46,382 - ERROR - empty HTML tree: None
2026-08-20 23:35:46,384 - WARNING - discarding data: None
2026-08-20 23:35:46,385 - WARNING - [Wired] FAILED with 'requests_browser' (content was too short: 0 words).
2026-08-20 23:35:46,921 - INFO - [Economic Times] Article: https://economictimes.indiatimes.com/tech/technology/apple-faces-indian-engineers-bias-lawsuit/articleshow/81694292.cms
2026-08-20 23:35:46,921 - INFO - [Economic Times] Attempt 1/2: Trying with 'requests_browser' strategy...
2026-08-20 23:35:47,101 - INFO - [Wired] Article: https://www.wired.com/story/peacock-promo-code/
2026-08-20 23:35:47,101 - INFO - [Wired] Attempt 2/2: Trying with 'selenium_browser' strategy...
2026-08-20 23:35:47,293 - ERROR - parsed tree length: 1, wrong data type or not valid HTML
2026-08-20 23:35:47,293 - ERROR - empty HTML tree: None
2026-08-20 23:35:47,293 - WARNING - discarding data: None
2026-08-20 23:35:47,293 - WARNING - [Economic Times] FAILED with 'requests_browser' (content was too short: 0 words).
2026-08-20 23:35:47,944 - INFO - [Economic Times] Article: https://economictimes.indiatimes.com/tech/technology/apple-faces-indian-engineers-bias-lawsuit/articleshow/81694292.cms
2026-08-20 23:35:47,945 - INFO - [Economic Times] Attempt 2/2: Trying with 'selenium_browser' strategy...
2026-08-20 23:35:49,514 - INFO - [Wired] Page content loaded.
2026-08-20 23:35:49,677 - INFO - [Economic Times] Page content loaded.
2026-08-20 23:35:49,931 - INFO - [Economic Times] Success with 'selenium_browser'. Found content (743 words).
2026-08-20 23:35:50,293 - INFO - [Wired] Success with 'selenium_browser'. Found content (1733 words).
2026-08-20 23:35:53,262 - ERROR - Error saving article Apple faces Indian engineer’s bias lawsuit - The Economic Times: Hrana: `stream error: `Error { message: "SQLite error: UNIQUE constraint failed: articles.url", code: "SQLITE_CONSTRAINT" }``
2026-08-20 23:35:55,412 - INFO - [Economic Times] Article: https://economictimes.indiatimes.com/news/defence/despite-transatlantic-love-fest-eu-charts-third-way-in-ties-with-us-and-china/articleshow/81467467.cms
2026-08-20 23:35:55,412 - INFO - [Economic Times] Attempt 1/2: Trying with 'requests_browser' strategy...
2026-08-20 23:35:56,409 - ERROR - Error saving article Peacock Promo Codes: 40% Off August 2026 | WIRED: Hrana: `stream error: `Error { message: "SQLite error: UNIQUE constraint failed: articles.url", code: "SQLITE_CONSTRAINT" }``
2026-08-20 23:35:56,933 - INFO - [Wired] Article: https://www.wired.com/story/turbotax-coupon/
2026-08-20 23:35:56,934 - INFO - [Wired] Attempt 1/2: Trying with 'requests_browser' strategy...
2026-08-20 23:35:57,251 - ERROR - parsed tree length: 1, wrong data type or not valid HTML
2026-08-20 23:35:57,251 - ERROR - empty HTML tree: None
2026-08-20 23:35:57,251 - WARNING - discarding data: None
2026-08-20 23:35:57,251 - WARNING - [Wired] FAILED with 'requests_browser' (content was too short: 0 words).
2026-08-20 23:35:57,254 - INFO - [Economic Times] Success with 'requests_browser'. Found content (799 words).
2026-08-20 23:35:59,323 - INFO - [Wired] Article: https://www.wired.com/story/turbotax-coupon/
2026-08-20 23:35:59,323 - INFO - [Wired] Attempt 2/2: Trying with 'selenium_browser' strategy...
2026-08-20 23:36:00,785 - ERROR - Error saving article Despite transatlantic 'love fest', EU charts third way in ties with US and China - The Economic Times: Hrana: `stream error: `Error { message: "SQLite error: UNIQUE constraint failed: articles.url", code: "SQLITE_CONSTRAINT" }``
2026-08-20 23:36:01,736 - INFO - [Economic Times] Article: https://economictimes.indiatimes.com/tech/tech-bytes/twitters-india-policy-head-to-step-down-will-transition-in-march/articleshow/80732868.cms
2026-08-20 23:36:01,736 - INFO - [Economic Times] Attempt 1/2: Trying with 'requests_browser' strategy...
2026-08-20 23:36:02,196 - ERROR - parsed tree length: 1, wrong data type or not valid HTML
2026-08-20 23:36:02,197 - ERROR - empty HTML tree: None
2026-08-20 23:36:02,197 - WARNING - discarding data: None
2026-08-20 23:36:02,197 - WARNING - [Economic Times] FAILED with 'requests_browser' (content was too short: 0 words).
2026-08-20 23:36:02,445 - INFO - [Al Jazeera] Page content loaded.
2026-08-20 23:36:02,737 - INFO - [Economic Times] Article: https://economictimes.indiatimes.com/tech/tech-bytes/twitters-india-policy-head-to-step-down-will-transition-in-march/articleshow/80732868.cms
2026-08-20 23:36:02,737 - INFO - [Economic Times] Attempt 2/2: Trying with 'selenium_browser' strategy...
2026-08-20 23:36:02,954 - WARNING - [Al Jazeera] FAILED with 'selenium_browser' (content was too short: 69 words).
2026-08-20 23:36:02,955 - ERROR - [Al Jazeera] All scrape strategies failed for https://www.aljazeera.com/video/newsfeed/2026/8/20/landslide-at-illegal-gold-mine-kills-13-people-in-colombia-2?traffic_source=rss. Falling back to RSS description.
2026-08-20 23:36:02,955 - WARNING - SKIPPED (GLOBAL WORD LIMIT): Article 'Landslide at illegal gold mine kills 13 people in Colombia' from Al Jazeera has only 19 words (Min: 90).
2026-08-20 23:36:04,413 - INFO - [Al Jazeera] Article: https://www.aljazeera.com/video/newsfeed/2026/8/20/hundreds-of-tibetans-protest-chinas-ethnic-unity-law-by-shaving-heads?traffic_source=rss
2026-08-20 23:36:04,414 - INFO - [Al Jazeera] Attempt 1/2: Trying with 'requests_browser' strategy...
2026-08-20 23:36:04,916 - WARNING - [Al Jazeera] FAILED with 'requests_browser' (content was too short: 55 words).
2026-08-20 23:36:05,799 - INFO - [Al Jazeera] Article: https://www.aljazeera.com/video/newsfeed/2026/8/20/hundreds-of-tibetans-protest-chinas-ethnic-unity-law-by-shaving-heads?traffic_source=rss
2026-08-20 23:36:05,799 - INFO - [Al Jazeera] Attempt 2/2: Trying with 'selenium_browser' strategy...
2026-08-20 23:36:08,041 - INFO - [Wired] Page content loaded.
2026-08-20 23:36:08,881 - INFO - [Al Jazeera] Page content loaded.
2026-08-20 23:36:09,151 - INFO - [Wired] Success with 'selenium_browser'. Found content (1406 words).
2026-08-20 23:36:09,187 - WARNING - [Al Jazeera] FAILED with 'selenium_browser' (content was too short: 59 words).
2026-08-20 23:36:09,187 - ERROR - [Al Jazeera] All scrape strategies failed for https://www.aljazeera.com/video/newsfeed/2026/8/20/hundreds-of-tibetans-protest-chinas-ethnic-unity-law-by-shaving-heads?traffic_source=rss. Falling back to RSS description.
2026-08-20 23:36:09,187 - WARNING - SKIPPED (GLOBAL WORD LIMIT): Article 'Hundreds of Tibetans protest China’s ethnic unity law by shaving heads' from Al Jazeera has only 17 words (Min: 90).
2026-08-20 23:36:10,932 - INFO - [Al Jazeera] Article: https://www.aljazeera.com/video/newsfeed/2026/8/20/heartbreak-loss-on-lebanons-front-lines-the-story-of-a-first-responder?traffic_source=rss
2026-08-20 23:36:10,932 - INFO - [Al Jazeera] Attempt 1/2: Trying with 'requests_browser' strategy...
2026-08-20 23:36:12,376 - ERROR - Error saving article TurboTax Full Service Coupons This August | WIRED: Hrana: `stream error: `Error { message: "SQLite error: UNIQUE constraint failed: articles.url", code: "SQLITE_CONSTRAINT" }``
2026-08-20 23:36:12,446 - WARNING - [Al Jazeera] FAILED with 'requests_browser' (content was too short: 78 words).
2026-08-20 23:36:13,035 - INFO - [Wired] Article: https://www.wired.com/story/booking-com-promo-code/
2026-08-20 23:36:13,035 - INFO - [Wired] Attempt 1/2: Trying with 'requests_browser' strategy...
2026-08-20 23:36:13,120 - INFO - [Al Jazeera] Article: https://www.aljazeera.com/video/newsfeed/2026/8/20/heartbreak-loss-on-lebanons-front-lines-the-story-of-a-first-responder?traffic_source=rss
2026-08-20 23:36:13,120 - INFO - [Al Jazeera] Attempt 2/2: Trying with 'selenium_browser' strategy...
2026-08-20 23:36:13,308 - ERROR - parsed tree length: 1, wrong data type or not valid HTML
2026-08-20 23:36:13,308 - ERROR - empty HTML tree: None
2026-08-20 23:36:13,308 - WARNING - discarding data: None
2026-08-20 23:36:13,308 - WARNING - [Wired] FAILED with 'requests_browser' (content was too short: 0 words).
2026-08-20 23:36:14,257 - INFO - [Wired] Article: https://www.wired.com/story/booking-com-promo-code/
2026-08-20 23:36:14,257 - INFO - [Wired] Attempt 2/2: Trying with 'selenium_browser' strategy...
2026-08-20 23:36:16,139 - INFO - [Al Jazeera] Page content loaded.
2026-08-20 23:36:16,311 - WARNING - [Al Jazeera] FAILED with 'selenium_browser' (content was too short: 82 words).
2026-08-20 23:36:16,316 - ERROR - [Al Jazeera] All scrape strategies failed for https://www.aljazeera.com/video/newsfeed/2026/8/20/heartbreak-loss-on-lebanons-front-lines-the-story-of-a-first-responder?traffic_source=rss. Falling back to RSS description.
2026-08-20 23:36:16,316 - WARNING - SKIPPED (GLOBAL WORD LIMIT): Article 'Heartbreak, loss on Lebanon’s front lines, the story of a first responder' from Al Jazeera has only 12 words (Min: 90).
2026-08-20 23:36:17,079 - INFO - [Al Jazeera] Article: https://www.aljazeera.com/video/newsfeed/2026/8/20/08-20-26-japan-railyway-crash-clip?traffic_source=rss
2026-08-20 23:36:17,080 - INFO - [Al Jazeera] Attempt 1/2: Trying with 'requests_browser' strategy...
2026-08-20 23:36:17,376 - WARNING - [Al Jazeera] FAILED with 'requests_browser' (content was too short: 64 words).
2026-08-20 23:36:18,256 - INFO - [Al Jazeera] Article: https://www.aljazeera.com/video/newsfeed/2026/8/20/08-20-26-japan-railyway-crash-clip?traffic_source=rss
2026-08-20 23:36:18,256 - INFO - [Al Jazeera] Attempt 2/2: Trying with 'selenium_browser' strategy...
2026-08-20 23:36:21,254 - INFO - [Al Jazeera] Page content loaded.
2026-08-20 23:36:21,434 - INFO - [Wired] Page content loaded.
2026-08-20 23:36:21,612 - WARNING - [Al Jazeera] FAILED with 'selenium_browser' (content was too short: 68 words).
2026-08-20 23:36:21,613 - ERROR - [Al Jazeera] All scrape strategies failed for https://www.aljazeera.com/video/newsfeed/2026/8/20/08-20-26-japan-railyway-crash-clip?traffic_source=rss. Falling back to RSS description.
2026-08-20 23:36:21,613 - WARNING - SKIPPED (GLOBAL WORD LIMIT): Article 'Four railway workers killed by express train at station in Japan' from Al Jazeera has only 16 words (Min: 90).
2026-08-20 23:36:22,410 - INFO - [Al Jazeera] Early skip: URL https://www.aljazeera.com/news/2026/8/20/dr-congo-to-receive-70000-doses-of-ervebo-vaccine-as-ebola-infections-surge?traffic_source=rss already exists.
2026-08-20 23:36:22,412 - INFO - [Al Jazeera] Article: https://www.aljazeera.com/video/newsfeed/2026/8/20/amputee-children-learn-to-swim-after-losing-limbs-in-israels-war-on-gaza?traffic_source=rss
2026-08-20 23:36:22,412 - INFO - [Al Jazeera] Attempt 1/2: Trying with 'requests_browser' strategy...
2026-08-20 23:36:23,016 - INFO - [Wired] Success with 'selenium_browser'. Found content (1356 words).
2026-08-20 23:36:23,180 - WARNING - [Al Jazeera] FAILED with 'requests_browser' (content was too short: 74 words).
2026-08-20 23:36:25,012 - INFO - [Al Jazeera] Article: https://www.aljazeera.com/video/newsfeed/2026/8/20/amputee-children-learn-to-swim-after-losing-limbs-in-israels-war-on-gaza?traffic_source=rss
2026-08-20 23:36:25,013 - INFO - [Al Jazeera] Attempt 2/2: Trying with 'selenium_browser' strategy...
2026-08-20 23:36:26,443 - ERROR - Error saving article Booking.com Promo Codes: 20% Off | August 2026 | WIRED: Hrana: `stream error: `Error { message: "SQLite error: UNIQUE constraint failed: articles.url", code: "SQLITE_CONSTRAINT" }``
2026-08-20 23:36:27,372 - INFO - [Wired] Article: https://www.wired.com/story/nike-promo-code/
2026-08-20 23:36:27,372 - INFO - [Wired] Attempt 1/2: Trying with 'requests_browser' strategy...
2026-08-20 23:36:27,659 - ERROR - parsed tree length: 1, wrong data type or not valid HTML
2026-08-20 23:36:27,670 - ERROR - empty HTML tree: None
2026-08-20 23:36:27,671 - WARNING - discarding data: None
2026-08-20 23:36:27,671 - WARNING - [Wired] FAILED with 'requests_browser' (content was too short: 0 words).
2026-08-20 23:36:28,250 - INFO - [Al Jazeera] Page content loaded.
2026-08-20 23:36:28,458 - INFO - [Wired] Article: https://www.wired.com/story/nike-promo-code/
2026-08-20 23:36:28,458 - INFO - [Wired] Attempt 2/2: Trying with 'selenium_browser' strategy...
2026-08-20 23:36:28,505 - WARNING - [Al Jazeera] FAILED with 'selenium_browser' (content was too short: 78 words).
2026-08-20 23:36:28,506 - ERROR - [Al Jazeera] All scrape strategies failed for https://www.aljazeera.com/video/newsfeed/2026/8/20/amputee-children-learn-to-swim-after-losing-limbs-in-israels-war-on-gaza?traffic_source=rss. Falling back to RSS description.
2026-08-20 23:36:28,507 - WARNING - SKIPPED (GLOBAL WORD LIMIT): Article 'Amputee children learn to swim after losing limbs in Israel’s war on Gaza' from Al Jazeera has only 19 words (Min: 90).
2026-08-20 23:36:29,167 - INFO - [Al Jazeera] Early skip: URL https://www.aljazeera.com/features/2026/8/20/syrias-civil-society-navigates-post-assad-era-partnership-or-control?traffic_source=rss already exists.
2026-08-20 23:36:29,171 - INFO - [Al Jazeera] Early skip: URL https://www.aljazeera.com/sports/2026/8/20/brook-makes-pakistan-pay-for-dropped-catch-as-england-dominate-first-test?traffic_source=rss already exists.
2026-08-20 23:36:29,172 - INFO - [Al Jazeera] Early skip: URL https://www.aljazeera.com/video/inside-story/2026/8/20/could-us-sanctions-destroy-the-international-criminal-court?traffic_source=rss already exists.
2026-08-20 23:36:29,174 - INFO - [Al Jazeera] Early skip: URL https://www.aljazeera.com/economy/2026/8/20/walmart-sees-sales-drop-as-us-consumer-spending-retreats?traffic_source=rss already exists.
2026-08-20 23:36:29,177 - INFO - [Al Jazeera] Early skip: URL https://www.aljazeera.com/news/2026/8/20/university-suspends-us-academic-leading-jason-arday-plagiarism-accusations?traffic_source=rss already exists.
2026-08-20 23:36:29,178 - INFO - [Al Jazeera] Early skip: URL https://www.aljazeera.com/sports/2026/8/20/arsenal-vs-coventry-premier-league-prediction-lineups-teams?traffic_source=rss already exists.
2026-08-20 23:36:29,182 - INFO - [Al Jazeera] Early skip: URL https://www.aljazeera.com/news/2026/8/20/us-treasury-secretary-says-new-economic-measures-will-collapse-iran?traffic_source=rss already exists.
2026-08-20 23:36:29,184 - INFO - [Al Jazeera] Article: https://www.aljazeera.com/video/newsfeed/2026/8/20/fishermen-rescued-after-five-days-clinging-to-cooler-at-sea?traffic_source=rss
2026-08-20 23:36:29,184 - INFO - [Al Jazeera] Attempt 1/2: Trying with 'requests_browser' strategy...
2026-08-20 23:36:29,338 - WARNING - [Al Jazeera] FAILED with 'requests_browser' (content was too short: 71 words).
2026-08-20 23:36:30,120 - INFO - [Al Jazeera] Article: https://www.aljazeera.com/video/newsfeed/2026/8/20/fishermen-rescued-after-five-days-clinging-to-cooler-at-sea?traffic_source=rss
2026-08-20 23:36:30,120 - INFO - [Al Jazeera] Attempt 2/2: Trying with 'selenium_browser' strategy...
2026-08-20 23:36:33,796 - INFO - [Al Jazeera] Page content loaded.
2026-08-20 23:36:34,160 - WARNING - [Al Jazeera] FAILED with 'selenium_browser' (content was too short: 75 words).
2026-08-20 23:36:34,161 - ERROR - [Al Jazeera] All scrape strategies failed for https://www.aljazeera.com/video/newsfeed/2026/8/20/fishermen-rescued-after-five-days-clinging-to-cooler-at-sea?traffic_source=rss. Falling back to RSS description.
2026-08-20 23:36:34,161 - WARNING - SKIPPED (GLOBAL WORD LIMIT): Article 'Fishermen rescued after five days clinging to cooler at sea' from Al Jazeera has only 20 words (Min: 90).
2026-08-20 23:36:35,060 - INFO - [Al Jazeera] Article: https://www.aljazeera.com/video/newsfeed/2026/8/20/08-20-208-20-2026-jewish-american-banned-sv-mp4?traffic_source=rss
2026-08-20 23:36:35,060 - INFO - [Al Jazeera] Attempt 1/2: Trying with 'requests_browser' strategy...
2026-08-20 23:36:35,402 - WARNING - [Al Jazeera] FAILED with 'requests_browser' (content was too short: 68 words).
2026-08-20 23:36:36,371 - INFO - [Al Jazeera] Article: https://www.aljazeera.com/video/newsfeed/2026/8/20/08-20-208-20-2026-jewish-american-banned-sv-mp4?traffic_source=rss
2026-08-20 23:36:36,371 - INFO - [Al Jazeera] Attempt 2/2: Trying with 'selenium_browser' strategy...
2026-08-20 23:36:38,190 - INFO - [Wired] Page content loaded.
2026-08-20 23:36:39,017 - INFO - [Al Jazeera] Page content loaded.
2026-08-20 23:36:39,357 - WARNING - [Al Jazeera] FAILED with 'selenium_browser' (content was too short: 72 words).
2026-08-20 23:36:39,360 - ERROR - [Al Jazeera] All scrape strategies failed for https://www.aljazeera.com/video/newsfeed/2026/8/20/08-20-208-20-2026-jewish-american-banned-sv-mp4?traffic_source=rss. Falling back to RSS description.
2026-08-20 23:36:39,360 - WARNING - SKIPPED (GLOBAL WORD LIMIT): Article 'Jewish-American barred by Israel calls settler violence ‘state terror’' from Al Jazeera has only 17 words (Min: 90).
2026-08-20 23:36:39,709 - INFO - [Wired] Success with 'selenium_browser'. Found content (1115 words).
2026-08-20 23:36:39,897 - INFO - [Al Jazeera] Early skip: URL https://www.aljazeera.com/sports/2026/8/20/james-harden-agrees-to-three-year-97m-cleveland-cavaliers-deal-report?traffic_source=rss already exists.
2026-08-20 23:36:39,906 - INFO - [Al Jazeera] Article: https://www.aljazeera.com/video/newsfeed/2026/8/20/thai-schools-hold-shooter-drills-after-deadly-attack?traffic_source=rss
2026-08-20 23:36:39,906 - INFO - [Al Jazeera] Attempt 1/2: Trying with 'requests_browser' strategy...
2026-08-20 23:36:40,051 - WARNING - [Al Jazeera] FAILED with 'requests_browser' (content was too short: 60 words).
2026-08-20 23:36:41,568 - INFO - [Al Jazeera] Article: https://www.aljazeera.com/video/newsfeed/2026/8/20/thai-schools-hold-shooter-drills-after-deadly-attack?traffic_source=rss
2026-08-20 23:36:41,568 - INFO - [Al Jazeera] Attempt 2/2: Trying with 'selenium_browser' strategy...
2026-08-20 23:36:43,010 - ERROR - Error saving article Nike Promo Codes and Discounts: 30% for August 2026 | WIRED: Hrana: `stream error: `Error { message: "SQLite error: UNIQUE constraint failed: articles.url", code: "SQLITE_CONSTRAINT" }``
2026-08-20 23:36:44,064 - INFO - [Wired] Article: https://www.wired.com/story/dell-coupon-code/
2026-08-20 23:36:44,065 - INFO - [Wired] Attempt 1/2: Trying with 'requests_browser' strategy...
2026-08-20 23:36:44,356 - ERROR - parsed tree length: 1, wrong data type or not valid HTML
2026-08-20 23:36:44,369 - ERROR - empty HTML tree: None
2026-08-20 23:36:44,370 - WARNING - discarding data: None
2026-08-20 23:36:44,370 - WARNING - [Wired] FAILED with 'requests_browser' (content was too short: 0 words).
2026-08-20 23:36:44,622 - INFO - [Al Jazeera] Page content loaded.
2026-08-20 23:36:44,864 - WARNING - [Al Jazeera] FAILED with 'selenium_browser' (content was too short: 64 words).
2026-08-20 23:36:44,864 - ERROR - [Al Jazeera] All scrape strategies failed for https://www.aljazeera.com/video/newsfeed/2026/8/20/thai-schools-hold-shooter-drills-after-deadly-attack?traffic_source=rss. Falling back to RSS description.
2026-08-20 23:36:44,864 - WARNING - SKIPPED (GLOBAL WORD LIMIT): Article 'Thai schools hold shooter drills after deadly attack' from Al Jazeera has only 15 words (Min: 90).
2026-08-20 23:36:45,188 - INFO - [Wired] Article: https://www.wired.com/story/dell-coupon-code/
2026-08-20 23:36:45,188 - INFO - [Wired] Attempt 2/2: Trying with 'selenium_browser' strategy...
2026-08-20 23:36:46,174 - INFO - [Al Jazeera] Early skip: URL https://www.aljazeera.com/news/2026/8/20/ahmad-badreddine-hassoun-assads-barrel-bomb-mufti-faces-court-verdict?traffic_source=rss already exists.
2026-08-20 23:36:46,177 - INFO - [Al Jazeera] Early skip: URL https://www.aljazeera.com/news/2026/8/20/fbi-raids-ex-us-representative-swalwells-home-amid-sexual-misconduct-probe?traffic_source=rss already exists.
2026-08-20 23:36:46,179 - INFO - [Al Jazeera] (Thread) Finished. Attempting to shut down its Selenium driver.
2026-08-20 23:36:46,364 - INFO - [Al Jazeera] (Thread) driver.quit() successful.
2026-08-20 23:36:47,631 - INFO - [Wired] Page content loaded.
2026-08-20 23:36:48,240 - INFO - [Wired] Success with 'selenium_browser'. Found content (1705 words).
2026-08-20 23:36:51,709 - ERROR - Error saving article Dell Coupon Codes: 20% Off for August 2026 | WIRED: Hrana: `stream error: `Error { message: "SQLite error: UNIQUE constraint failed: articles.url", code: "SQLITE_CONSTRAINT" }``
2026-08-20 23:36:52,290 - INFO - [Wired] Article: https://www.wired.com/story/irobot-promo-code/
2026-08-20 23:36:52,290 - INFO - [Wired] Attempt 1/2: Trying with 'requests_browser' strategy...
2026-08-20 23:36:52,479 - ERROR - parsed tree length: 1, wrong data type or not valid HTML
2026-08-20 23:36:52,479 - ERROR - empty HTML tree: None
2026-08-20 23:36:52,479 - WARNING - discarding data: None
2026-08-20 23:36:52,479 - WARNING - [Wired] FAILED with 'requests_browser' (content was too short: 0 words).
2026-08-20 23:36:52,989 - INFO - [Wired] Article: https://www.wired.com/story/irobot-promo-code/
2026-08-20 23:36:52,989 - INFO - [Wired] Attempt 2/2: Trying with 'selenium_browser' strategy...
2026-08-20 23:36:54,395 - INFO - [Wired] Page content loaded.
2026-08-20 23:36:54,968 - INFO - [Wired] Success with 'selenium_browser'. Found content (779 words).
2026-08-20 23:36:58,009 - ERROR - Error saving article iRobot Promo Code: 15% Off | WIRED: Hrana: `stream error: `Error { message: "SQLite error: UNIQUE constraint failed: articles.url", code: "SQLITE_CONSTRAINT" }``
2026-08-20 23:36:58,649 - INFO - [Wired] Article: https://www.wired.com/story/hr-block-coupon/
2026-08-20 23:36:58,649 - INFO - [Wired] Attempt 1/2: Trying with 'requests_browser' strategy...
2026-08-20 23:36:58,869 - ERROR - parsed tree length: 1, wrong data type or not valid HTML
2026-08-20 23:36:58,869 - ERROR - empty HTML tree: None
2026-08-20 23:36:58,870 - WARNING - discarding data: None
2026-08-20 23:36:58,870 - WARNING - [Wired] FAILED with 'requests_browser' (content was too short: 0 words).
2026-08-20 23:36:59,590 - INFO - [Wired] Article: https://www.wired.com/story/hr-block-coupon/
2026-08-20 23:36:59,590 - INFO - [Wired] Attempt 2/2: Trying with 'selenium_browser' strategy...
2026-08-20 23:37:00,471 - INFO - [Economic Times] Page content loaded.
2026-08-20 23:37:00,667 - INFO - [Economic Times] Success with 'selenium_browser'. Found content (615 words).
2026-08-20 23:37:03,755 - ERROR - Error saving article Twitter's India policy head, Mahima Kaul, to step down; will transition in March - The Economic Times: Hrana: `stream error: `Error { message: "SQLite error: UNIQUE constraint failed: articles.url", code: "SQLITE_CONSTRAINT" }``
2026-08-20 23:37:03,780 - INFO - [Wired] Page content loaded.
2026-08-20 23:37:04,111 - INFO - [Wired] Success with 'selenium_browser'. Found content (612 words).
2026-08-20 23:37:07,401 - INFO - [Economic Times] Article: https://economictimes.indiatimes.com/tech/tech-and-gadgets/govt-may-keep-rs-7500-cr-outlay-for-it-hardware-manufacturing-under-pli-scheme/articleshow/80333429.cms
2026-08-20 23:37:07,402 - INFO - [Economic Times] Attempt 1/2: Trying with 'requests_browser' strategy...
2026-08-20 23:37:08,825 - ERROR - Error saving article H&R Block Coupon: 25% Off DIY + Tax Pro Assist | WIRED: Hrana: `stream error: `Error { message: "SQLite error: UNIQUE constraint failed: articles.url", code: "SQLITE_CONSTRAINT" }``
2026-08-20 23:37:08,832 - ERROR - parsed tree length: 1, wrong data type or not valid HTML
2026-08-20 23:37:08,832 - ERROR - empty HTML tree: None
2026-08-20 23:37:08,832 - WARNING - discarding data: None
2026-08-20 23:37:08,833 - WARNING - [Economic Times] FAILED with 'requests_browser' (content was too short: 0 words).
2026-08-20 23:37:09,642 - INFO - [Economic Times] Article: https://economictimes.indiatimes.com/tech/tech-and-gadgets/govt-may-keep-rs-7500-cr-outlay-for-it-hardware-manufacturing-under-pli-scheme/articleshow/80333429.cms
2026-08-20 23:37:09,642 - INFO - [Economic Times] Attempt 2/2: Trying with 'selenium_browser' strategy...
2026-08-20 23:37:09,836 - INFO - [Wired] Article: https://www.wired.com/story/t-mobile-business-promo-code/
2026-08-20 23:37:09,836 - INFO - [Wired] Attempt 1/2: Trying with 'requests_browser' strategy...
2026-08-20 23:37:10,164 - ERROR - parsed tree length: 1, wrong data type or not valid HTML
2026-08-20 23:37:10,164 - ERROR - empty HTML tree: None
2026-08-20 23:37:10,165 - WARNING - discarding data: None
2026-08-20 23:37:10,165 - WARNING - [Wired] FAILED with 'requests_browser' (content was too short: 0 words).
2026-08-20 23:37:11,052 - INFO - [Wired] Article: https://www.wired.com/story/t-mobile-business-promo-code/
2026-08-20 23:37:11,052 - INFO - [Wired] Attempt 2/2: Trying with 'selenium_browser' strategy...
2026-08-20 23:37:13,297 - INFO - [Wired] Page content loaded.
2026-08-20 23:37:13,751 - INFO - [Wired] Success with 'selenium_browser'. Found content (1078 words).
2026-08-20 23:37:17,929 - INFO - [Economic Times] Page content loaded.
2026-08-20 23:37:17,929 - ERROR - Error saving article T-Mobile Promo Codes: 25% Off | August 2026 | WIRED: Hrana: `stream error: `Error { message: "SQLite error: UNIQUE constraint failed: articles.url", code: "SQLITE_CONSTRAINT" }``
2026-08-20 23:37:18,180 - INFO - [Economic Times] Success with 'selenium_browser'. Found content (481 words).
2026-08-20 23:37:19,747 - INFO - [Wired] Article: https://www.wired.com/story/ebay-coupon-code/
2026-08-20 23:37:20,210 - INFO - [Wired] Attempt 1/2: Trying with 'requests_browser' strategy...
2026-08-20 23:37:21,146 - ERROR - Error saving article Govt may keep Rs 7,500 cr outlay for IT hardware manufacturing under PLI scheme - The Economic Times: Hrana: `stream error: `Error { message: "SQLite error: UNIQUE constraint failed: articles.url", code: "SQLITE_CONSTRAINT" }``
2026-08-20 23:37:21,158 - ERROR - parsed tree length: 1, wrong data type or not valid HTML
2026-08-20 23:37:21,158 - ERROR - empty HTML tree: None
2026-08-20 23:37:21,158 - WARNING - discarding data: None
2026-08-20 23:37:21,158 - WARNING - [Wired] FAILED with 'requests_browser' (content was too short: 0 words).
2026-08-20 23:37:21,710 - INFO - [Wired] Article: https://www.wired.com/story/ebay-coupon-code/
2026-08-20 23:37:21,710 - INFO - [Wired] Attempt 2/2: Trying with 'selenium_browser' strategy...
2026-08-20 23:37:22,462 - INFO - [Economic Times] Article: https://economictimes.indiatimes.com/tech/technology/indian-dating-apps-services-see-surge-of-paying-users-in-small-cities/articleshow/80063342.cms
2026-08-20 23:37:22,463 - INFO - [Economic Times] Attempt 1/2: Trying with 'requests_browser' strategy...
2026-08-20 23:37:22,831 - ERROR - parsed tree length: 1, wrong data type or not valid HTML
2026-08-20 23:37:22,831 - ERROR - empty HTML tree: None
2026-08-20 23:37:22,831 - WARNING - discarding data: None
2026-08-20 23:37:22,831 - WARNING - [Economic Times] FAILED with 'requests_browser' (content was too short: 0 words).
2026-08-20 23:37:23,131 - INFO - [Wired] Page content loaded.
2026-08-20 23:37:23,606 - INFO - [Wired] Success with 'selenium_browser'. Found content (1027 words).
2026-08-20 23:37:25,174 - INFO - [Economic Times] Article: https://economictimes.indiatimes.com/tech/technology/indian-dating-apps-services-see-surge-of-paying-users-in-small-cities/articleshow/80063342.cms
2026-08-20 23:37:25,640 - INFO - [Economic Times] Attempt 2/2: Trying with 'selenium_browser' strategy...
2026-08-20 23:37:26,572 - ERROR - Error saving article eBay Coupons: 20% Off in August 2026 | WIRED: Hrana: `stream error: `Error { message: "SQLite error: UNIQUE constraint failed: articles.url", code: "SQLITE_CONSTRAINT" }``
2026-08-20 23:37:27,178 - INFO - [Wired] Article: https://www.wired.com/story/samsung-promo-codes/
2026-08-20 23:37:27,178 - INFO - [Wired] Attempt 1/2: Trying with 'requests_browser' strategy...
2026-08-20 23:37:27,373 - ERROR - parsed tree length: 1, wrong data type or not valid HTML
2026-08-20 23:37:27,373 - ERROR - empty HTML tree: None
2026-08-20 23:37:27,373 - WARNING - discarding data: None
2026-08-20 23:37:27,373 - WARNING - [Wired] FAILED with 'requests_browser' (content was too short: 0 words).
2026-08-20 23:37:28,148 - INFO - [Wired] Article: https://www.wired.com/story/samsung-promo-codes/
2026-08-20 23:37:28,148 - INFO - [Wired] Attempt 2/2: Trying with 'selenium_browser' strategy...
2026-08-20 23:37:29,648 - INFO - [Economic Times] Page content loaded.
2026-08-20 23:37:29,986 - WARNING - [Economic Times] FAILED with 'selenium_browser' (content was too short: 84 words).
2026-08-20 23:37:29,987 - ERROR - [Economic Times] All scrape strategies failed for https://economictimes.indiatimes.com/tech/technology/indian-dating-apps-services-see-surge-of-paying-users-in-small-cities/articleshow/80063342.cms. Falling back to RSS description.
2026-08-20 23:37:29,987 - WARNING - SKIPPED (GLOBAL WORD LIMIT): Article 'Indian dating apps, services see surge of paying users in small cities ' from Economic Times has only 54 words (Min: 90).
2026-08-20 23:37:30,874 - INFO - [Wired] Page content loaded.
2026-08-20 23:37:31,448 - INFO - [Economic Times] Article: https://economictimes.indiatimes.com/tech/technology/time-for-govt-cos-to-adopt-ai-deloitte-india/articleshow/79981215.cms
2026-08-20 23:37:31,448 - INFO - [Economic Times] Attempt 1/2: Trying with 'requests_browser' strategy...
2026-08-20 23:37:31,666 - INFO - [Wired] Success with 'selenium_browser'. Found content (1662 words).
2026-08-20 23:37:34,748 - ERROR - parsed tree length: 1, wrong data type or not valid HTML
2026-08-20 23:37:34,749 - ERROR - Error saving article 20% Off Samsung Promo Code | August 2026 | WIRED: Hrana: `stream error: `Error { message: "SQLite error: UNIQUE constraint failed: articles.url", code: "SQLITE_CONSTRAINT" }``
2026-08-20 23:37:34,749 - ERROR - empty HTML tree: None
2026-08-20 23:37:34,750 - WARNING - discarding data: None
2026-08-20 23:37:34,750 - WARNING - [Economic Times] FAILED with 'requests_browser' (content was too short: 0 words).
2026-08-20 23:37:35,254 - INFO - [Economic Times] Article: https://economictimes.indiatimes.com/tech/technology/time-for-govt-cos-to-adopt-ai-deloitte-india/articleshow/79981215.cms
2026-08-20 23:37:35,255 - INFO - [Economic Times] Attempt 2/2: Trying with 'selenium_browser' strategy...
2026-08-20 23:37:35,712 - INFO - [Wired] Early skip: URL https://www.wired.com/story/elon-musk-is-expected-to-point-his-money-machine-at-texas/ already exists.
2026-08-20 23:37:35,713 - INFO - [Wired] Early skip: URL https://www.wired.com/story/generalist-ai-robots-learn-like-clever-toddlers/ already exists.
2026-08-20 23:37:35,714 - INFO - [Wired] Early skip: URL https://www.wired.com/story/coders-say-they-already-found-workarounds-to-claudes-invisible-watermarks/ already exists.
2026-08-20 23:37:35,716 - INFO - [Wired] Early skip: URL https://www.wired.com/review/google-pixel-watch-5/ already exists.
2026-08-20 23:37:35,717 - INFO - [Wired] Early skip: URL https://www.wired.com/review/google-pixel-11-pro-and-pixel-11-pro-xl/ already exists.
2026-08-20 23:37:35,718 - INFO - [Wired] Early skip: URL https://www.wired.com/story/why-is-it-absolute-hell-to-buy-a-movie-ticket-now/ already exists.
2026-08-20 23:37:35,720 - INFO - [Wired] Article: https://www.wired.com/story/are-digital-wall-calendars-worth-it/
2026-08-20 23:37:35,720 - INFO - [Wired] Attempt 1/2: Trying with 'requests_browser' strategy...
2026-08-20 23:37:35,972 - ERROR - parsed tree length: 1, wrong data type or not valid HTML
2026-08-20 23:37:35,972 - ERROR - empty HTML tree: None
2026-08-20 23:37:35,972 - WARNING - discarding data: None
2026-08-20 23:37:35,972 - WARNING - [Wired] FAILED with 'requests_browser' (content was too short: 0 words).
2026-08-20 23:37:36,820 - INFO - [Wired] Article: https://www.wired.com/story/are-digital-wall-calendars-worth-it/
2026-08-20 23:37:36,820 - INFO - [Wired] Attempt 2/2: Trying with 'selenium_browser' strategy...
2026-08-20 23:37:38,350 - INFO - [Economic Times] Page content loaded.
2026-08-20 23:37:38,737 - WARNING - [Economic Times] FAILED with 'selenium_browser' (content was too short: 74 words).
2026-08-20 23:37:38,737 - ERROR - [Economic Times] All scrape strategies failed for https://economictimes.indiatimes.com/tech/technology/time-for-govt-cos-to-adopt-ai-deloitte-india/articleshow/79981215.cms. Falling back to RSS description.
2026-08-20 23:37:38,738 - WARNING - SKIPPED (GLOBAL WORD LIMIT): Article 'Time for government, companies to adopt artificial intelligence: Deloitte India ' from Economic Times has only 49 words (Min: 90).
2026-08-20 23:37:39,277 - INFO - [Economic Times] Article: https://economictimes.indiatimes.com/news/international/world-news/trump-announces-a-deal-for-hamas-to-disarm-in-gaza-but-many-hurdles-and-uncertainty-remain/articleshow/132753009.cms
2026-08-20 23:37:39,278 - INFO - [Economic Times] Attempt 1/2: Trying with 'requests_browser' strategy...
2026-08-20 23:37:39,887 - INFO - [Economic Times] Success with 'requests_browser'. Found content (1285 words).
2026-08-20 23:37:39,970 - INFO - [Wired] Page content loaded.
2026-08-20 23:37:42,905 - ERROR - Error saving article Trump announces a deal for Hamas to disarm in Gaza, but many hurdles and uncertainty remain - The Economic Times: Hrana: `stream error: `Error { message: "SQLite error: UNIQUE constraint failed: articles.url", code: "SQLITE_CONSTRAINT" }``
2026-08-20 23:37:43,488 - INFO - [Wired] Success with 'selenium_browser'. Found content (2811 words).
2026-08-20 23:37:43,595 - INFO - [Economic Times] Article: https://economictimes.indiatimes.com/news/new-updates/in-1943-us-built-an-entire-city-and-it-didnt-exist-on-a-single-map/articleshow/132659427.cms
2026-08-20 23:37:43,595 - INFO - [Economic Times] Attempt 1/2: Trying with 'requests_browser' strategy...
2026-08-20 23:37:43,995 - INFO - [Economic Times] Success with 'requests_browser'. Found content (688 words).
2026-08-20 23:37:46,978 - ERROR - Error saving article The Best Digital Wall Calendar (2026): Skylight, Everblog, Apolosign | WIRED: Hrana: `stream error: `Error { message: "SQLite error: UNIQUE constraint failed: articles.url", code: "SQLITE_CONSTRAINT" }``
2026-08-20 23:37:48,450 - INFO - [Wired] Early skip: URL https://www.wired.com/story/window-cleaning-robots-are-kinda-terrible/ already exists.
2026-08-20 23:37:49,872 - INFO - [Wired] Early skip: URL https://www.wired.com/story/your-excel-skills-suck-the-power-users-turning-spreadsheets-into-a-spectator-sport/ already exists.
2026-08-20 23:37:49,872 - ERROR - Error saving article In 1943, US built an entire city, and it didn't exist on a single map - The Economic Times: Hrana: `stream error: `Error { message: "SQLite error: UNIQUE constraint failed: articles.url", code: "SQLITE_CONSTRAINT" }``
2026-08-20 23:37:49,873 - INFO - [Wired] Early skip: URL https://www.wired.com/story/we-bought-a-counterfeit-rolex-so-good-even-rolex-didnt-spot-it/ already exists.
2026-08-20 23:37:49,875 - INFO - [Wired] Early skip: URL https://www.wired.com/story/macbook-neo-vs-dell-xps-13/ already exists.
2026-08-20 23:37:49,876 - INFO - [Wired] Early skip: URL https://www.wired.com/story/theres-a-very-simple-reason-why-you-love-the-slate-truck/ already exists.
2026-08-20 23:37:49,877 - INFO - [Wired] Early skip: URL https://www.wired.com/story/reverse-lookup-service-exposed-millions-of-photos-of-peoples-faces/ already exists.
2026-08-20 23:37:49,878 - INFO - [Wired] Early skip: URL https://www.wired.com/story/hot-or-not-built-the-internet-were-still-swiping-through/ already exists.
2026-08-20 23:37:49,879 - INFO - [Wired] Early skip: URL https://www.wired.com/story/flock-safety-os-investigate/ already exists.
2026-08-20 23:37:49,881 - INFO - [Wired] Article: https://www.wired.com/story/uber-eats-promo-code/
2026-08-20 23:37:49,881 - INFO - [Wired] Attempt 1/2: Trying with 'requests_browser' strategy...
2026-08-20 23:37:50,131 - ERROR - parsed tree length: 1, wrong data type or not valid HTML
2026-08-20 23:37:50,131 - ERROR - empty HTML tree: None
2026-08-20 23:37:50,132 - WARNING - discarding data: None
2026-08-20 23:37:50,132 - WARNING - [Wired] FAILED with 'requests_browser' (content was too short: 0 words).
2026-08-20 23:37:50,467 - INFO - [Economic Times] Article: https://economictimes.indiatimes.com/news/new-updates/humans-have-a-third-eye-in-the-brain-study-links-it-to-a-600-million-year-old-cyclops-ancestor/articleshow/132655441.cms
2026-08-20 23:37:50,467 - INFO - [Economic Times] Attempt 1/2: Trying with 'requests_browser' strategy...
2026-08-20 23:37:50,775 - INFO - [Wired] Article: https://www.wired.com/story/uber-eats-promo-code/
2026-08-20 23:37:50,775 - INFO - [Wired] Attempt 2/2: Trying with 'selenium_browser' strategy...
2026-08-20 23:37:50,820 - INFO - [Economic Times] Success with 'requests_browser'. Found content (593 words).
2026-08-20 23:37:53,801 - ERROR - Error saving article Humans have a 'third eye' in the brain: Study links it to a 600-million-year-old Cyclops ancestor - The Economic Times: Hrana: `stream error: `Error { message: "SQLite error: UNIQUE constraint failed: articles.url", code: "SQLITE_CONSTRAINT" }``
2026-08-20 23:37:54,052 - INFO - [Wired] Page content loaded.
2026-08-20 23:37:54,387 - INFO - [Wired] Success with 'selenium_browser'. Found content (1215 words).
2026-08-20 23:37:56,622 - INFO - [Economic Times] Article: https://economictimes.indiatimes.com/news/new-updates/1500-ships-trapped-in-gulf-of-hormuz-is-quietly-multiplying-an-underwater-army-that-could-unleash-worlds-biggest-bioinvasion-event/articleshow/132595366.cms
2026-08-20 23:37:57,096 - INFO - [Economic Times] Attempt 1/2: Trying with 'requests_browser' strategy...
2026-08-20 23:37:58,047 - ERROR - Error saving article Uber Eats Promo Codes: $15 Off│August 2026 | WIRED: Hrana: `stream error: `Error { message: "SQLite error: UNIQUE constraint failed: articles.url", code: "SQLITE_CONSTRAINT" }``
2026-08-20 23:37:58,084 - INFO - [Economic Times] Success with 'requests_browser'. Found content (687 words).
2026-08-20 23:37:59,616 - INFO - [Wired] Article: https://www.wired.com/story/hotels-com-coupon/
2026-08-20 23:38:00,079 - INFO - [Wired] Attempt 1/2: Trying with 'requests_browser' strategy...
2026-08-20 23:38:01,064 - ERROR - Error saving article 1,500 ships trapped in Gulf of Hormuz are quietly multiplying an underwater army that could unleash World's biggest bioinvasion event - The Economic Times: Hrana: `stream error: `Error { message: "SQLite error: UNIQUE constraint failed: articles.url", code: "SQLITE_CONSTRAINT" }``
2026-08-20 23:38:01,317 - ERROR - parsed tree length: 1, wrong data type or not valid HTML
2026-08-20 23:38:01,317 - ERROR - empty HTML tree: None
2026-08-20 23:38:01,317 - WARNING - discarding data: None
2026-08-20 23:38:01,318 - WARNING - [Wired] FAILED with 'requests_browser' (content was too short: 0 words).
2026-08-20 23:38:01,654 - INFO - [Economic Times] Article: https://economictimes.indiatimes.com/news/new-updates/argentina-vs-spain-fifa-world-cup-final-to-be-replayed-petition-for-a-rematch-crosses-60000-signatures/articleshow/132576024.cms
2026-08-20 23:38:01,654 - INFO - [Economic Times] Attempt 1/2: Trying with 'requests_browser' strategy...
2026-08-20 23:38:01,835 - INFO - [Wired] Article: https://www.wired.com/story/hotels-com-coupon/
2026-08-20 23:38:01,836 - INFO - [Wired] Attempt 2/2: Trying with 'selenium_browser' strategy...
2026-08-20 23:38:02,092 - INFO - [Economic Times] Success with 'requests_browser'. Found content (228 words).
2026-08-20 23:38:05,216 - ERROR - Error saving article Argentina vs Spain FIFA World Cup Final to be replayed? Petition for a rematch crosses 60,000 signatures - The Economic Times: Hrana: `stream error: `Error { message: "SQLite error: UNIQUE constraint failed: articles.url", code: "SQLITE_CONSTRAINT" }``
2026-08-20 23:38:05,221 - INFO - [Wired] Page content loaded.
2026-08-20 23:38:05,767 - INFO - [Wired] Success with 'selenium_browser'. Found content (565 words).
2026-08-20 23:38:10,480 - INFO - [Economic Times] Article: https://economictimes.indiatimes.com/news/new-updates/he-baked-potato-in-aluminium-foil-and-ate-it-next-morning-after-microwaving-it-hours-later-he-was-paralysed-doctor-explains-why/articleshow/132574269.cms
2026-08-20 23:38:10,948 - INFO - [Economic Times] Attempt 1/2: Trying with 'requests_browser' strategy...
2026-08-20 23:38:11,892 - ERROR - Error saving article Hotels.com Coupon Codes for August 2026 | WIRED: Hrana: `stream error: `Error { message: "SQLite error: UNIQUE constraint failed: articles.url", code: "SQLITE_CONSTRAINT" }``
2026-08-20 23:38:11,926 - INFO - [Economic Times] Success with 'requests_browser'. Found content (558 words).
2026-08-20 23:38:13,514 - INFO - [Wired] Article: https://www.wired.com/story/doordash-promo-code/
2026-08-20 23:38:13,980 - INFO - [Wired] Attempt 1/2: Trying with 'requests_browser' strategy...
2026-08-20 23:38:14,963 - ERROR - Error saving article He baked potato in aluminium foil, and ate it next morning after microwaving. Hours later, he was paralysed, doctor explains why - The Economic Times: Hrana: `stream error: `Error { message: "SQLite error: UNIQUE constraint failed: articles.url", code: "SQLITE_CONSTRAINT" }``
2026-08-20 23:38:14,975 - ERROR - parsed tree length: 1, wrong data type or not valid HTML
2026-08-20 23:38:14,975 - ERROR - empty HTML tree: None
2026-08-20 23:38:14,975 - WARNING - discarding data: None
2026-08-20 23:38:14,975 - WARNING - [Wired] FAILED with 'requests_browser' (content was too short: 0 words).
2026-08-20 23:38:15,789 - INFO - [Wired] Article: https://www.wired.com/story/doordash-promo-code/
2026-08-20 23:38:15,789 - INFO - [Wired] Attempt 2/2: Trying with 'selenium_browser' strategy...
2026-08-20 23:38:16,405 - INFO - [Economic Times] Article: https://economictimes.indiatimes.com/news/elections/assembly-elections/assam/done-deal-cm-himanta-biswa-sarma-on-nda-seat-sharing-for-assam-polls/articleshow/128678098.cms
2026-08-20 23:38:16,406 - INFO - [Economic Times] Attempt 1/2: Trying with 'requests_browser' strategy...
2026-08-20 23:38:16,846 - INFO - [Economic Times] Success with 'requests_browser'. Found content (518 words).
2026-08-20 23:38:19,865 - INFO - [Wired] Page content loaded.
2026-08-20 23:38:19,866 - ERROR - Error saving article 'Done deal': CM Himanta Biswa Sarma on NDA seat-sharing for Assam polls - The Economic Times: Hrana: `stream error: `Error { message: "SQLite error: UNIQUE constraint failed: articles.url", code: "SQLITE_CONSTRAINT" }``
2026-08-20 23:38:20,131 - INFO - [Wired] Success with 'selenium_browser'. Found content (1560 words).
2026-08-20 23:38:22,753 - INFO - [Economic Times] Article: https://economictimes.indiatimes.com/news/elections/assembly-elections/bihar/rare-intensive-revision-in-bihar-four-months-before-polls/articleshow/122167501.cms
2026-08-20 23:38:23,236 - INFO - [Economic Times] Attempt 1/2: Trying with 'requests_browser' strategy...
2026-08-20 23:38:24,209 - ERROR - Error saving article 50% Off DoorDash Promo Code | August 2026 | WIRED: Hrana: `stream error: `Error { message: "SQLite error: UNIQUE constraint failed: articles.url", code: "SQLITE_CONSTRAINT" }``
2026-08-20 23:38:24,242 - INFO - [Economic Times] Success with 'requests_browser'. Found content (864 words).
2026-08-20 23:38:25,831 - INFO - [Wired] Article: https://www.wired.com/story/lg-promo-code/
2026-08-20 23:38:26,305 - INFO - [Wired] Attempt 1/2: Trying with 'requests_browser' strategy...
2026-08-20 23:38:27,235 - ERROR - Error saving article Rare 'intensive' revision in Bihar four months before polls - The Economic Times: Hrana: `stream error: `Error { message: "SQLite error: UNIQUE constraint failed: articles.url", code: "SQLITE_CONSTRAINT" }``
2026-08-20 23:38:27,468 - ERROR - parsed tree length: 1, wrong data type or not valid HTML
2026-08-20 23:38:27,468 - ERROR - empty HTML tree: None
2026-08-20 23:38:27,468 - WARNING - discarding data: None
2026-08-20 23:38:27,468 - WARNING - [Wired] FAILED with 'requests_browser' (content was too short: 0 words).
2026-08-20 23:38:28,448 - INFO - [Wired] Article: https://www.wired.com/story/lg-promo-code/
2026-08-20 23:38:28,448 - INFO - [Wired] Attempt 2/2: Trying with 'selenium_browser' strategy...
2026-08-20 23:38:28,661 - INFO - [Economic Times] Article: https://economictimes.indiatimes.com/news/elections/assembly-elections/delhi/bjp-accuses-kejriwal-of-sending-voters-hoax-calls-to-mislead/articleshow/117579007.cms
2026-08-20 23:38:28,661 - INFO - [Economic Times] Attempt 1/2: Trying with 'requests_browser' strategy...
2026-08-20 23:38:29,062 - INFO - [Economic Times] Success with 'requests_browser'. Found content (550 words).
2026-08-20 23:38:32,057 - INFO - [Wired] Page content loaded.
2026-08-20 23:38:32,057 - ERROR - Error saving article BJP accuses Kejriwal of sending voters hoax calls to mislead - The Economic Times: Hrana: `stream error: `Error { message: "SQLite error: UNIQUE constraint failed: articles.url", code: "SQLITE_CONSTRAINT" }``
2026-08-20 23:38:32,355 - INFO - [Wired] Success with 'selenium_browser'. Found content (925 words).
2026-08-20 23:38:33,937 - INFO - [Economic Times] Article: https://economictimes.indiatimes.com/news/elections/lok-sabha/india/lok-sabha-election-2024-maharashtra-get-interesting-after-splits-in-shiv-sena-ncp/articleshow/108559788.cms
2026-08-20 23:38:33,937 - INFO - [Economic Times] Attempt 1/2: Trying with 'requests_browser' strategy...
2026-08-20 23:38:35,368 - ERROR - Error saving article LG Promo Codes and Coupons for August 2026 | WIRED: Hrana: `stream error: `Error { message: "SQLite error: UNIQUE constraint failed: articles.url", code: "SQLITE_CONSTRAINT" }``
2026-08-20 23:38:35,388 - INFO - [Economic Times] Success with 'requests_browser'. Found content (1442 words).
2026-08-20 23:38:36,898 - INFO - [Wired] Article: https://www.wired.com/story/wayfair-promo-code/
2026-08-20 23:38:37,361 - INFO - [Wired] Attempt 1/2: Trying with 'requests_browser' strategy...
2026-08-20 23:38:38,301 - ERROR - Error saving article Lok Sabha election 2024: Maharashtra get interesting after splits in Shiv Sena, NCP - The Economic Times: Hrana: `stream error: `Error { message: "SQLite error: UNIQUE constraint failed: articles.url", code: "SQLITE_CONSTRAINT" }``
2026-08-20 23:38:38,313 - ERROR - parsed tree length: 1, wrong data type or not valid HTML
2026-08-20 23:38:38,313 - ERROR - empty HTML tree: None
2026-08-20 23:38:38,313 - WARNING - discarding data: None
2026-08-20 23:38:38,313 - WARNING - [Wired] FAILED with 'requests_browser' (content was too short: 0 words).
2026-08-20 23:38:38,828 - INFO - [Wired] Article: https://www.wired.com/story/wayfair-promo-code/
2026-08-20 23:38:38,828 - INFO - [Wired] Attempt 2/2: Trying with 'selenium_browser' strategy...
2026-08-20 23:38:39,047 - INFO - [Economic Times] Article: https://economictimes.indiatimes.com/news/elections/lok-sabha/india/modi-charisma-key-factor-in-bjps-bid-to-retain-all-26-seats-in-gujarat/articleshow/108550858.cms
2026-08-20 23:38:39,047 - INFO - [Economic Times] Attempt 1/2: Trying with 'requests_browser' strategy...
2026-08-20 23:38:39,532 - INFO - [Economic Times] Success with 'requests_browser'. Found content (838 words).
2026-08-20 23:38:41,534 - INFO - [Wired] Page content loaded.
2026-08-20 23:38:42,489 - ERROR - Error saving article Modi charisma key factor in BJP's bid to retain all 26 seats in Gujarat - The Economic Times: Hrana: `stream error: `Error { message: "SQLite error: UNIQUE constraint failed: articles.url", code: "SQLITE_CONSTRAINT" }``
2026-08-20 23:38:42,748 - INFO - [Wired] Success with 'selenium_browser'. Found content (784 words).
2026-08-20 23:38:44,287 - INFO - [Economic Times] Article: https://economictimes.indiatimes.com/news/elections/lok-sabha/india/implementation-of-guarantees-decline-of-brs-favour-congress-in-telangana-bjp-aiming-for-better-show/articleshow/108548569.cms
2026-08-20 23:38:44,288 - INFO - [Economic Times] Attempt 1/2: Trying with 'requests_browser' strategy...
2026-08-20 23:38:45,704 - ERROR - Error saving article Wayfair Coupons: Up to 80% Off August 2026 | WIRED: Hrana: `stream error: `Error { message: "SQLite error: UNIQUE constraint failed: articles.url", code: "SQLITE_CONSTRAINT" }``
2026-08-20 23:38:45,730 - INFO - [Economic Times] Success with 'requests_browser'. Found content (1272 words).
2026-08-20 23:38:47,246 - INFO - [Wired] Article: https://www.wired.com/story/loop-earplugs-discount-code/
2026-08-20 23:38:47,712 - INFO - [Wired] Attempt 1/2: Trying with 'requests_browser' strategy...
2026-08-20 23:38:48,663 - ERROR - Error saving article Implementation of 'guarantees', decline of BRS favour Congress in Telangana, BJP aiming for better show - The Economic Times: Hrana: `stream error: `Error { message: "SQLite error: UNIQUE constraint failed: articles.url", code: "SQLITE_CONSTRAINT" }``
2026-08-20 23:38:48,675 - ERROR - parsed tree length: 1, wrong data type or not valid HTML
2026-08-20 23:38:48,675 - ERROR - empty HTML tree: None
2026-08-20 23:38:48,675 - WARNING - discarding data: None
2026-08-20 23:38:48,675 - WARNING - [Wired] FAILED with 'requests_browser' (content was too short: 0 words).
2026-08-20 23:38:49,292 - INFO - [Economic Times] Article: https://economictimes.indiatimes.com/traders-bet-on-calendar-spread-as-nifty-moves-in-a-tight-range/articleshow/6302358.cms
2026-08-20 23:38:49,292 - INFO - [Economic Times] Attempt 1/2: Trying with 'requests_browser' strategy...
2026-08-20 23:38:49,398 - INFO - [Wired] Article: https://www.wired.com/story/loop-earplugs-discount-code/
2026-08-20 23:38:49,398 - INFO - [Wired] Attempt 2/2: Trying with 'selenium_browser' strategy...
2026-08-20 23:38:49,627 - ERROR - parsed tree length: 1, wrong data type or not valid HTML
2026-08-20 23:38:49,627 - ERROR - empty HTML tree: None
2026-08-20 23:38:49,627 - WARNING - discarding data: None
2026-08-20 23:38:49,627 - WARNING - [Economic Times] FAILED with 'requests_browser' (content was too short: 0 words).
2026-08-20 23:38:50,375 - INFO - [Economic Times] Article: https://economictimes.indiatimes.com/traders-bet-on-calendar-spread-as-nifty-moves-in-a-tight-range/articleshow/6302358.cms
2026-08-20 23:38:50,375 - INFO - [Economic Times] Attempt 2/2: Trying with 'selenium_browser' strategy...
2026-08-20 23:38:50,765 - INFO - [Wired] Page content loaded.
2026-08-20 23:38:51,195 - INFO - [Wired] Success with 'selenium_browser'. Found content (1351 words).
2026-08-20 23:38:54,212 - ERROR - Error saving article Loop Earplugs Discount Codes: 40% Off | WIRED: Hrana: `stream error: `Error { message: "SQLite error: UNIQUE constraint failed: articles.url", code: "SQLITE_CONSTRAINT" }``
2026-08-20 23:38:54,711 - INFO - [Economic Times] Page content loaded.
2026-08-20 23:38:55,037 - INFO - [Economic Times] Success with 'selenium_browser'. Found content (411 words).
2026-08-20 23:38:56,764 - INFO - [Wired] Article: https://www.wired.com/story/ulta-coupon/
2026-08-20 23:38:57,239 - INFO - [Wired] Attempt 1/2: Trying with 'requests_browser' strategy...
2026-08-20 23:38:58,187 - ERROR - Error saving article Traders bet on calendar spread as Nifty moves in a tight range - The Economic Times: Hrana: `stream error: `Error { message: "SQLite error: UNIQUE constraint failed: articles.url", code: "SQLITE_CONSTRAINT" }``
2026-08-20 23:38:58,221 - ERROR - parsed tree length: 1, wrong data type or not valid HTML
2026-08-20 23:38:58,221 - ERROR - empty HTML tree: None
2026-08-20 23:38:58,221 - WARNING - discarding data: None
2026-08-20 23:38:58,221 - WARNING - [Wired] FAILED with 'requests_browser' (content was too short: 0 words).
2026-08-20 23:38:58,750 - INFO - [Wired] Article: https://www.wired.com/story/ulta-coupon/
2026-08-20 23:38:58,750 - INFO - [Wired] Attempt 2/2: Trying with 'selenium_browser' strategy...
2026-08-20 23:38:58,756 - INFO - [Economic Times] Article: https://economictimes.indiatimes.com/nifty-may-find-support-at-5300-level/articleshow/6296017.cms
2026-08-20 23:38:58,757 - INFO - [Economic Times] Attempt 1/2: Trying with 'requests_browser' strategy...
2026-08-20 23:38:59,230 - ERROR - parsed tree length: 1, wrong data type or not valid HTML
2026-08-20 23:38:59,230 - ERROR - empty HTML tree: None
2026-08-20 23:38:59,230 - WARNING - discarding data: None
2026-08-20 23:38:59,230 - WARNING - [Economic Times] FAILED with 'requests_browser' (content was too short: 0 words).
2026-08-20 23:39:00,059 - INFO - [Economic Times] Article: https://economictimes.indiatimes.com/nifty-may-find-support-at-5300-level/articleshow/6296017.cms
2026-08-20 23:39:00,059 - INFO - [Economic Times] Attempt 2/2: Trying with 'selenium_browser' strategy...
2026-08-20 23:39:02,241 - INFO - [Wired] Page content loaded.
2026-08-20 23:39:02,748 - INFO - [Economic Times] Page content loaded.
2026-08-20 23:39:02,958 - INFO - [Wired] Success with 'selenium_browser'. Found content (1205 words).
2026-08-20 23:39:03,201 - INFO - [Economic Times] Success with 'selenium_browser'. Found content (742 words).
2026-08-20 23:39:06,387 - ERROR - Error saving article Ulta Promo Codes: Up to 20% Off in August 2026 | WIRED: Hrana: `stream error: `Error { message: "SQLite error: UNIQUE constraint failed: articles.url", code: "SQLITE_CONSTRAINT" }``
2026-08-20 23:39:07,860 - INFO - [Wired] Article: https://www.wired.com/story/dyson-cordless-vacuum-promo-code/
2026-08-20 23:39:08,334 - INFO - [Wired] Attempt 1/2: Trying with 'requests_browser' strategy...
2026-08-20 23:39:09,283 - ERROR - Error saving article Nifty may find support at 5300 level - The Economic Times: Hrana: `stream error: `Error { message: "SQLite error: UNIQUE constraint failed: articles.url", code: "SQLITE_CONSTRAINT" }``
2026-08-20 23:39:09,288 - ERROR - parsed tree length: 1, wrong data type or not valid HTML
2026-08-20 23:39:09,289 - ERROR - empty HTML tree: None
2026-08-20 23:39:09,289 - WARNING - discarding data: None
2026-08-20 23:39:09,289 - WARNING - [Wired] FAILED with 'requests_browser' (content was too short: 0 words).
2026-08-20 23:39:09,973 - INFO - [Wired] Article: https://www.wired.com/story/dyson-cordless-vacuum-promo-code/
2026-08-20 23:39:09,973 - INFO - [Wired] Attempt 2/2: Trying with 'selenium_browser' strategy...
2026-08-20 23:39:10,743 - INFO - [Economic Times] Article: https://economictimes.indiatimes.com/seven-out-of-top-10-asian-small-cap-funds-are-indian/articleshow/6295976.cms
2026-08-20 23:39:10,743 - INFO - [Economic Times] Attempt 1/2: Trying with 'requests_browser' strategy...
2026-08-20 23:39:11,134 - ERROR - parsed tree length: 1, wrong data type or not valid HTML
2026-08-20 23:39:11,135 - ERROR - empty HTML tree: None
2026-08-20 23:39:11,135 - WARNING - discarding data: None
2026-08-20 23:39:11,135 - WARNING - [Economic Times] FAILED with 'requests_browser' (content was too short: 0 words).
2026-08-20 23:39:11,704 - INFO - [Economic Times] Article: https://economictimes.indiatimes.com/seven-out-of-top-10-asian-small-cap-funds-are-indian/articleshow/6295976.cms
2026-08-20 23:39:11,704 - INFO - [Economic Times] Attempt 2/2: Trying with 'selenium_browser' strategy...
2026-08-20 23:39:12,270 - INFO - [Wired] Page content loaded.
2026-08-20 23:39:12,899 - INFO - [Wired] Success with 'selenium_browser'. Found content (1364 words).
2026-08-20 23:39:16,477 - ERROR - Error saving article Dyson Promo Codes: 25% Off in August 2026 | WIRED: Hrana: `stream error: `Error { message: "SQLite error: UNIQUE constraint failed: articles.url", code: "SQLITE_CONSTRAINT" }``
2026-08-20 23:39:16,799 - INFO - [Economic Times] Page content loaded.
2026-08-20 23:39:16,943 - INFO - [Economic Times] Success with 'selenium_browser'. Found content (607 words).
2026-08-20 23:39:18,601 - INFO - [Wired] Article: https://www.wired.com/story/newegg-promo-code/
2026-08-20 23:39:19,075 - INFO - [Wired] Attempt 1/2: Trying with 'requests_browser' strategy...
2026-08-20 23:39:20,027 - ERROR - Error saving article Seven out of top 10 Asian small-cap funds are Indian - The Economic Times: Hrana: `stream error: `Error { message: "SQLite error: UNIQUE constraint failed: articles.url", code: "SQLITE_CONSTRAINT" }``
2026-08-20 23:39:20,221 - ERROR - parsed tree length: 1, wrong data type or not valid HTML
2026-08-20 23:39:20,221 - ERROR - empty HTML tree: None
2026-08-20 23:39:20,221 - WARNING - discarding data: None
2026-08-20 23:39:20,221 - WARNING - [Wired] FAILED with 'requests_browser' (content was too short: 0 words).
2026-08-20 23:39:20,811 - INFO - [Economic Times] Article: https://economictimes.indiatimes.com/inflation-reflects-growth-dynamics-in-india-christopher-wood/articleshow/6274053.cms
2026-08-20 23:39:20,811 - INFO - [Economic Times] Attempt 1/2: Trying with 'requests_browser' strategy...
2026-08-20 23:39:21,078 - INFO - [Wired] Article: https://www.wired.com/story/newegg-promo-code/
2026-08-20 23:39:21,078 - INFO - [Wired] Attempt 2/2: Trying with 'selenium_browser' strategy...
2026-08-20 23:39:21,180 - ERROR - parsed tree length: 1, wrong data type or not valid HTML
2026-08-20 23:39:21,181 - ERROR - empty HTML tree: None
2026-08-20 23:39:21,181 - WARNING - discarding data: None
2026-08-20 23:39:21,181 - WARNING - [Economic Times] FAILED with 'requests_browser' (content was too short: 0 words).
2026-08-20 23:39:21,731 - INFO - [Economic Times] Article: https://economictimes.indiatimes.com/inflation-reflects-growth-dynamics-in-india-christopher-wood/articleshow/6274053.cms
2026-08-20 23:39:21,731 - INFO - [Economic Times] Attempt 2/2: Trying with 'selenium_browser' strategy...
2026-08-20 23:39:22,476 - INFO - [Wired] Page content loaded.
2026-08-20 23:39:22,903 - INFO - [Wired] Success with 'selenium_browser'. Found content (1418 words).
2026-08-20 23:39:25,946 - INFO - [Economic Times] Page content loaded.
2026-08-20 23:39:25,947 - ERROR - Error saving article Newegg Promo Codes and Coupons for August 2026 | WIRED: Hrana: `stream error: `Error { message: "SQLite error: UNIQUE constraint failed: articles.url", code: "SQLITE_CONSTRAINT" }``
2026-08-20 23:39:26,296 - INFO - [Economic Times] Success with 'selenium_browser'. Found content (4520 words).
2026-08-20 23:39:27,980 - INFO - [Wired] Article: https://www.wired.com/story/whoop-promo-code/
2026-08-20 23:39:28,461 - INFO - [Wired] Attempt 1/2: Trying with 'requests_browser' strategy...
2026-08-20 23:39:29,422 - ERROR - Error saving article Inflation reflects growth dynamics in India: Christopher Wood - The Economic Times: Hrana: `stream error: `Error { message: "SQLite error: UNIQUE constraint failed: articles.url", code: "SQLITE_CONSTRAINT" }``
2026-08-20 23:39:29,434 - ERROR - parsed tree length: 1, wrong data type or not valid HTML
2026-08-20 23:39:29,435 - ERROR - empty HTML tree: None
2026-08-20 23:39:29,435 - WARNING - discarding data: None
2026-08-20 23:39:29,435 - WARNING - [Wired] FAILED with 'requests_browser' (content was too short: 0 words).
2026-08-20 23:39:30,021 - INFO - [Economic Times] Article: https://economictimes.indiatimes.com/market-may-trade-in-a-range-but-fiis-seen-sold-on-india/articleshow/6277705.cms
2026-08-20 23:39:30,021 - INFO - [Economic Times] Attempt 1/2: Trying with 'requests_browser' strategy...
2026-08-20 23:39:30,126 - INFO - [Wired] Article: https://www.wired.com/story/whoop-promo-code/
2026-08-20 23:39:30,126 - INFO - [Wired] Attempt 2/2: Trying with 'selenium_browser' strategy...
2026-08-20 23:39:30,392 - ERROR - parsed tree length: 1, wrong data type or not valid HTML
2026-08-20 23:39:30,392 - ERROR - empty HTML tree: None
2026-08-20 23:39:30,393 - WARNING - discarding data: None
2026-08-20 23:39:30,393 - WARNING - [Economic Times] FAILED with 'requests_browser' (content was too short: 0 words).
2026-08-20 23:39:31,186 - INFO - [Economic Times] Article: https://economictimes.indiatimes.com/market-may-trade-in-a-range-but-fiis-seen-sold-on-india/articleshow/6277705.cms
2026-08-20 23:39:31,186 - INFO - [Economic Times] Attempt 2/2: Trying with 'selenium_browser' strategy...
2026-08-20 23:39:31,596 - INFO - [Wired] Page content loaded.
2026-08-20 23:39:32,066 - INFO - [Wired] Success with 'selenium_browser'. Found content (958 words).
2026-08-20 23:39:35,137 - ERROR - Error saving article Whoop Promo Codes: 20% Off This August 2026 | WIRED: Hrana: `stream error: `Error { message: "SQLite error: UNIQUE constraint failed: articles.url", code: "SQLITE_CONSTRAINT" }``
2026-08-20 23:39:35,220 - INFO - [Economic Times] Page content loaded.
2026-08-20 23:39:35,345 - INFO - [Economic Times] Success with 'selenium_browser'. Found content (809 words).
2026-08-20 23:39:36,987 - INFO - [Wired] Article: https://www.wired.com/story/att-promo-code/
2026-08-20 23:39:37,461 - INFO - [Wired] Attempt 1/2: Trying with 'requests_browser' strategy...
2026-08-20 23:39:38,405 - ERROR - Error saving article Market may trade in a range, but FIIs seen sold on India - The Economic Times: Hrana: `stream error: `Error { message: "SQLite error: UNIQUE constraint failed: articles.url", code: "SQLITE_CONSTRAINT" }``
2026-08-20 23:39:38,417 - ERROR - parsed tree length: 1, wrong data type or not valid HTML
2026-08-20 23:39:38,417 - ERROR - empty HTML tree: None
2026-08-20 23:39:38,418 - WARNING - discarding data: None
2026-08-20 23:39:38,418 - WARNING - [Wired] FAILED with 'requests_browser' (content was too short: 0 words).
2026-08-20 23:39:38,918 - INFO - [Economic Times] Article: https://economictimes.indiatimes.com/dont-bank-only-on-price-to-earning-ratio/articleshow/6278228.cms
2026-08-20 23:39:38,918 - INFO - [Economic Times] Attempt 1/2: Trying with 'requests_browser' strategy...
2026-08-20 23:39:39,269 - INFO - [Wired] Article: https://www.wired.com/story/att-promo-code/
2026-08-20 23:39:39,269 - INFO - [Wired] Attempt 2/2: Trying with 'selenium_browser' strategy...
2026-08-20 23:39:39,344 - ERROR - parsed tree length: 1, wrong data type or not valid HTML
2026-08-20 23:39:39,344 - ERROR - empty HTML tree: None
2026-08-20 23:39:39,344 - WARNING - discarding data: None
2026-08-20 23:39:39,344 - WARNING - [Economic Times] FAILED with 'requests_browser' (content was too short: 0 words).
2026-08-20 23:39:39,971 - INFO - [Economic Times] Article: https://economictimes.indiatimes.com/dont-bank-only-on-price-to-earning-ratio/articleshow/6278228.cms
2026-08-20 23:39:39,971 - INFO - [Economic Times] Attempt 2/2: Trying with 'selenium_browser' strategy...
2026-08-20 23:39:41,173 - INFO - [Wired] Page content loaded.
2026-08-20 23:39:41,401 - INFO - [Economic Times] Page content loaded.
2026-08-20 23:39:41,674 - INFO - [Economic Times] Success with 'selenium_browser'. Found content (447 words).
2026-08-20 23:39:44,806 - ERROR - Error saving article 'Don't bank only on price-to-earning ratio' - The Economic Times: Hrana: `stream error: `Error { message: "SQLite error: UNIQUE constraint failed: articles.url", code: "SQLITE_CONSTRAINT" }``
2026-08-20 23:39:44,827 - INFO - [Wired] Success with 'selenium_browser'. Found content (1953 words).
2026-08-20 23:39:46,420 - INFO - [Economic Times] Article: https://economictimes.indiatimes.com/markets/stocks/recos/prabhudas-lilladher-has-a-reduce-rating-on-infosys/articleshow/3798718.cms
2026-08-20 23:39:46,899 - INFO - [Economic Times] Attempt 1/2: Trying with 'requests_browser' strategy...
2026-08-20 23:39:47,878 - ERROR - Error saving article AT&T Promo Codes: $50 Off This August 2026 | WIRED: Hrana: `stream error: `Error { message: "SQLite error: UNIQUE constraint failed: articles.url", code: "SQLITE_CONSTRAINT" }``
2026-08-20 23:39:48,324 - ERROR - parsed tree length: 1, wrong data type or not valid HTML
2026-08-20 23:39:48,324 - ERROR - empty HTML tree: None
2026-08-20 23:39:48,324 - WARNING - discarding data: None
2026-08-20 23:39:48,324 - WARNING - [Economic Times] FAILED with 'requests_browser' (content was too short: 0 words).
2026-08-20 23:39:49,092 - INFO - [Economic Times] Article: https://economictimes.indiatimes.com/markets/stocks/recos/prabhudas-lilladher-has-a-reduce-rating-on-infosys/articleshow/3798718.cms
2026-08-20 23:39:49,092 - INFO - [Economic Times] Attempt 2/2: Trying with 'selenium_browser' strategy...
2026-08-20 23:39:49,145 - INFO - [Wired] Early skip: URL https://www.wired.com/story/squeeze-more-juice-out-of-a-dead-battery/ already exists.
2026-08-20 23:39:49,146 - INFO - [Wired] Early skip: URL https://www.wired.com/story/garmin-deals-august-2026/ already exists.
2026-08-20 23:39:49,148 - INFO - [Wired] Early skip: URL https://www.wired.com/story/openai-overhauls-safety-protocols-after-its-ai-agents-went-rogue/ already exists.
2026-08-20 23:39:49,149 - INFO - [Wired] (Thread) Finished. Attempting to shut down its Selenium driver.
2026-08-20 23:39:49,258 - INFO - [Wired] (Thread) driver.quit() successful.
2026-08-20 23:39:50,848 - INFO - [Economic Times] Page content loaded.
2026-08-20 23:39:51,004 - INFO - [Economic Times] Success with 'selenium_browser'. Found content (438 words).
2026-08-20 23:39:54,106 - ERROR - Error saving article Prabhudas Lilladher has a ‘reduce’ rating on Infosys - The Economic Times: Hrana: `stream error: `Error { message: "SQLite error: UNIQUE constraint failed: articles.url", code: "SQLITE_CONSTRAINT" }``
2026-08-20 23:39:54,960 - INFO - [Economic Times] Article: https://economictimes.indiatimes.com/markets/stocks/recos/fin-crisis-too-late-and-too-little-done-in-us/articleshow/3794549.cms
2026-08-20 23:39:54,960 - INFO - [Economic Times] Attempt 1/2: Trying with 'requests_browser' strategy...
2026-08-20 23:39:55,347 - ERROR - parsed tree length: 1, wrong data type or not valid HTML
2026-08-20 23:39:55,347 - ERROR - empty HTML tree: None
2026-08-20 23:39:55,347 - WARNING - discarding data: None
2026-08-20 23:39:55,347 - WARNING - [Economic Times] FAILED with 'requests_browser' (content was too short: 0 words).
2026-08-20 23:39:56,328 - INFO - [Economic Times] Article: https://economictimes.indiatimes.com/markets/stocks/recos/fin-crisis-too-late-and-too-little-done-in-us/articleshow/3794549.cms
2026-08-20 23:39:56,328 - INFO - [Economic Times] Attempt 2/2: Trying with 'selenium_browser' strategy...
2026-08-20 23:39:57,925 - INFO - [Economic Times] Page content loaded.
2026-08-20 23:39:58,033 - INFO - [Economic Times] Success with 'selenium_browser'. Found content (868 words).
2026-08-20 23:40:01,078 - ERROR - Error saving article Fin Crisis: Too late and too little done in US - The Economic Times: Hrana: `stream error: `Error { message: "SQLite error: UNIQUE constraint failed: articles.url", code: "SQLITE_CONSTRAINT" }``
2026-08-20 23:40:01,817 - INFO - [Economic Times] Article: https://economictimes.indiatimes.com/markets/forex/weak-rupee-takes-its-toll-on-cos-with-huge-foreign-debt/articleshow/3546158.cms
2026-08-20 23:40:01,817 - INFO - [Economic Times] Attempt 1/2: Trying with 'requests_browser' strategy...
2026-08-20 23:40:02,206 - ERROR - parsed tree length: 1, wrong data type or not valid HTML
2026-08-20 23:40:02,206 - ERROR - empty HTML tree: None
2026-08-20 23:40:02,206 - WARNING - discarding data: None
2026-08-20 23:40:02,206 - WARNING - [Economic Times] FAILED with 'requests_browser' (content was too short: 0 words).
2026-08-20 23:40:03,126 - INFO - [Economic Times] Article: https://economictimes.indiatimes.com/markets/forex/weak-rupee-takes-its-toll-on-cos-with-huge-foreign-debt/articleshow/3546158.cms
2026-08-20 23:40:03,126 - INFO - [Economic Times] Attempt 2/2: Trying with 'selenium_browser' strategy...
2026-08-20 23:40:05,028 - INFO - [Economic Times] Page content loaded.
2026-08-20 23:40:05,214 - INFO - [Economic Times] Success with 'selenium_browser'. Found content (482 words).
2026-08-20 23:40:08,378 - ERROR - Error saving article Weak rupee takes its toll on cos with huge foreign debt - The Economic Times: Hrana: `stream error: `Error { message: "SQLite error: UNIQUE constraint failed: articles.url", code: "SQLITE_CONSTRAINT" }``
2026-08-20 23:40:08,927 - INFO - [Economic Times] Article: https://economictimes.indiatimes.com/markets/stocks/recos/wait-for-more-signals-before-turning-positive/articleshow/3292640.cms
2026-08-20 23:40:08,927 - INFO - [Economic Times] Attempt 1/2: Trying with 'requests_browser' strategy...
2026-08-20 23:40:09,590 - ERROR - parsed tree length: 1, wrong data type or not valid HTML
2026-08-20 23:40:09,590 - ERROR - empty HTML tree: None
2026-08-20 23:40:09,590 - WARNING - discarding data: None
2026-08-20 23:40:09,590 - WARNING - [Economic Times] FAILED with 'requests_browser' (content was too short: 0 words).
2026-08-20 23:40:10,537 - INFO - [Economic Times] Article: https://economictimes.indiatimes.com/markets/stocks/recos/wait-for-more-signals-before-turning-positive/articleshow/3292640.cms
2026-08-20 23:40:10,538 - INFO - [Economic Times] Attempt 2/2: Trying with 'selenium_browser' strategy...
2026-08-20 23:40:12,234 - INFO - [Economic Times] Page content loaded.
2026-08-20 23:40:12,394 - INFO - [Economic Times] Success with 'selenium_browser'. Found content (761 words).
2026-08-20 23:40:15,457 - ERROR - Error saving article Wait for more signals before turning positive - The Economic Times: Hrana: `stream error: `Error { message: "SQLite error: UNIQUE constraint failed: articles.url", code: "SQLITE_CONSTRAINT" }``
2026-08-20 23:40:16,400 - INFO - [Economic Times] Article: https://economictimes.indiatimes.com/news/company/corporate-trends/six-indian-cos-among-businessweeks-top-100-infotech-firms/articleshow/3189334.cms
2026-08-20 23:40:16,400 - INFO - [Economic Times] Attempt 1/2: Trying with 'requests_browser' strategy...
2026-08-20 23:40:16,782 - INFO - [Economic Times] Success with 'requests_browser'. Found content (370 words).
2026-08-20 23:40:19,789 - ERROR - Error saving article Six Indian cos among BusinessWeek's top 100 Infotech firms - The Economic Times: Hrana: `stream error: `Error { message: "SQLite error: UNIQUE constraint failed: articles.url", code: "SQLITE_CONSTRAINT" }``
2026-08-20 23:40:20,663 - INFO - [Economic Times] Article: https://economictimes.indiatimes.com/news/company/corporate-trends/indian-firms-slip-in-global-ranking-four-move-out-of-top-500/articleshow/3177077.cms
2026-08-20 23:40:20,663 - INFO - [Economic Times] Attempt 1/2: Trying with 'requests_browser' strategy...
2026-08-20 23:40:21,012 - INFO - [Economic Times] Success with 'requests_browser'. Found content (1044 words).
2026-08-20 23:40:24,247 - ERROR - Error saving article Indian firms slip in global ranking; four move out of Top-500 - The Economic Times: Hrana: `stream error: `Error { message: "SQLite error: UNIQUE constraint failed: articles.url", code: "SQLITE_CONSTRAINT" }``
2026-08-20 23:40:25,004 - INFO - [Economic Times] Article: https://economictimes.indiatimes.com/markets/stocks/news/big-daddy-laps-up-cipla-after-q1-nos-beat-forecast/articleshow/6308646.cms
2026-08-20 23:40:25,004 - INFO - [Economic Times] Attempt 1/2: Trying with 'requests_browser' strategy...
2026-08-20 23:40:25,365 - ERROR - parsed tree length: 1, wrong data type or not valid HTML
2026-08-20 23:40:25,365 - ERROR - empty HTML tree: None
2026-08-20 23:40:25,365 - WARNING - discarding data: None
2026-08-20 23:40:25,365 - WARNING - [Economic Times] FAILED with 'requests_browser' (content was too short: 0 words).
2026-08-20 23:40:25,873 - INFO - [Economic Times] Article: https://economictimes.indiatimes.com/markets/stocks/news/big-daddy-laps-up-cipla-after-q1-nos-beat-forecast/articleshow/6308646.cms
2026-08-20 23:40:25,873 - INFO - [Economic Times] Attempt 2/2: Trying with 'selenium_browser' strategy...
2026-08-20 23:40:27,477 - INFO - [Economic Times] Page content loaded.
2026-08-20 23:40:27,789 - WARNING - [Economic Times] FAILED with 'selenium_browser' (content was too short: 83 words).
2026-08-20 23:40:27,792 - ERROR - [Economic Times] All scrape strategies failed for https://economictimes.indiatimes.com/markets/stocks/news/big-daddy-laps-up-cipla-after-q1-nos-beat-forecast/articleshow/6308646.cms. Falling back to RSS description.
2026-08-20 23:40:27,792 - WARNING - SKIPPED (GLOBAL WORD LIMIT): Article ''Big Daddy' laps up Cipla after Q1 nos beat forecast ' from Economic Times has only 20 words (Min: 90).
2026-08-20 23:40:28,843 - INFO - [Economic Times] Article: https://economictimes.indiatimes.com/markets/stocks/news/old-fox-has-dream-run-on-dalal-street/articleshow/6308631.cms
2026-08-20 23:40:28,844 - INFO - [Economic Times] Attempt 1/2: Trying with 'requests_browser' strategy...
2026-08-20 23:40:29,209 - ERROR - parsed tree length: 1, wrong data type or not valid HTML
2026-08-20 23:40:29,209 - ERROR - empty HTML tree: None
2026-08-20 23:40:29,209 - WARNING - discarding data: None
2026-08-20 23:40:29,209 - WARNING - [Economic Times] FAILED with 'requests_browser' (content was too short: 0 words).
2026-08-20 23:40:29,763 - INFO - [Economic Times] Article: https://economictimes.indiatimes.com/markets/stocks/news/old-fox-has-dream-run-on-dalal-street/articleshow/6308631.cms
2026-08-20 23:40:29,763 - INFO - [Economic Times] Attempt 2/2: Trying with 'selenium_browser' strategy...
2026-08-20 23:40:31,353 - INFO - [Economic Times] Page content loaded.
2026-08-20 23:40:31,581 - INFO - [Economic Times] Success with 'selenium_browser'. Found content (156 words).
2026-08-20 23:40:34,622 - ERROR - Error saving article Old Fox has dream run on Dalal Street - The Economic Times: Hrana: `stream error: `Error { message: "SQLite error: UNIQUE constraint failed: articles.url", code: "SQLITE_CONSTRAINT" }``
2026-08-20 23:40:35,652 - INFO - [Economic Times] Article: https://economictimes.indiatimes.com/markets/stocks/news/cairn-india-hits-record-high-on-bse-amid-stake-sale-talks/articleshow/6306679.cms
2026-08-20 23:40:35,652 - INFO - [Economic Times] Attempt 1/2: Trying with 'requests_browser' strategy...
2026-08-20 23:40:36,043 - ERROR - parsed tree length: 1, wrong data type or not valid HTML
2026-08-20 23:40:36,044 - ERROR - empty HTML tree: None
2026-08-20 23:40:36,044 - WARNING - discarding data: None
2026-08-20 23:40:36,044 - WARNING - [Economic Times] FAILED with 'requests_browser' (content was too short: 0 words).
2026-08-20 23:40:36,853 - INFO - [Economic Times] Article: https://economictimes.indiatimes.com/markets/stocks/news/cairn-india-hits-record-high-on-bse-amid-stake-sale-talks/articleshow/6306679.cms
2026-08-20 23:40:36,853 - INFO - [Economic Times] Attempt 2/2: Trying with 'selenium_browser' strategy...
2026-08-20 23:40:38,489 - INFO - [Economic Times] Page content loaded.
2026-08-20 23:40:38,647 - INFO - [Economic Times] Success with 'selenium_browser'. Found content (363 words).
2026-08-20 23:40:41,682 - ERROR - Error saving article Cairn India hits record high on BSE amid stake sale talks - The Economic Times: Hrana: `stream error: `Error { message: "SQLite error: UNIQUE constraint failed: articles.url", code: "SQLITE_CONSTRAINT" }``
2026-08-20 23:40:42,654 - INFO - [Economic Times] Article: https://economictimes.indiatimes.com/markets/stocks/news/vedanta-plunges-5-59-per-cent-on-lse-amid-talks-to-buy-cairn-stake/articleshow/6306526.cms
2026-08-20 23:40:42,655 - INFO - [Economic Times] Attempt 1/2: Trying with 'requests_browser' strategy...
2026-08-20 23:40:43,214 - ERROR - parsed tree length: 1, wrong data type or not valid HTML
2026-08-20 23:40:43,214 - ERROR - empty HTML tree: None
2026-08-20 23:40:43,214 - WARNING - discarding data: None
2026-08-20 23:40:43,214 - WARNING - [Economic Times] FAILED with 'requests_browser' (content was too short: 0 words).
2026-08-20 23:40:43,759 - INFO - [Economic Times] Article: https://economictimes.indiatimes.com/markets/stocks/news/vedanta-plunges-5-59-per-cent-on-lse-amid-talks-to-buy-cairn-stake/articleshow/6306526.cms
2026-08-20 23:40:43,759 - INFO - [Economic Times] Attempt 2/2: Trying with 'selenium_browser' strategy...
2026-08-20 23:40:45,565 - INFO - [Economic Times] Page content loaded.
2026-08-20 23:40:45,683 - INFO - [Economic Times] Success with 'selenium_browser'. Found content (397 words).
2026-08-20 23:40:48,751 - ERROR - Error saving article Cairn: Vedanta plunges 5.59 per cent on LSE amid talks to buy Cairn stake - The Economic Times: Hrana: `stream error: `Error { message: "SQLite error: UNIQUE constraint failed: articles.url", code: "SQLITE_CONSTRAINT" }``
2026-08-20 23:40:50,222 - INFO - [Economic Times] Article: https://economictimes.indiatimes.com/markets/stocks/news/sbi-shares-on-gaining-spree-hit-record-high/articleshow/6306241.cms
2026-08-20 23:40:50,222 - INFO - [Economic Times] Attempt 1/2: Trying with 'requests_browser' strategy...
2026-08-20 23:40:50,806 - ERROR - parsed tree length: 1, wrong data type or not valid HTML
2026-08-20 23:40:50,806 - ERROR - empty HTML tree: None
2026-08-20 23:40:50,806 - WARNING - discarding data: None
2026-08-20 23:40:50,806 - WARNING - [Economic Times] FAILED with 'requests_browser' (content was too short: 0 words).
2026-08-20 23:40:51,750 - INFO - [Economic Times] Article: https://economictimes.indiatimes.com/markets/stocks/news/sbi-shares-on-gaining-spree-hit-record-high/articleshow/6306241.cms
2026-08-20 23:40:51,750 - INFO - [Economic Times] Attempt 2/2: Trying with 'selenium_browser' strategy...
2026-08-20 23:40:53,146 - INFO - [Economic Times] Page content loaded.
2026-08-20 23:40:53,452 - WARNING - [Economic Times] FAILED with 'selenium_browser' (content was too short: 87 words).
2026-08-20 23:40:53,453 - ERROR - [Economic Times] All scrape strategies failed for https://economictimes.indiatimes.com/markets/stocks/news/sbi-shares-on-gaining-spree-hit-record-high/articleshow/6306241.cms. Falling back to RSS description.
2026-08-20 23:40:53,453 - WARNING - SKIPPED (GLOBAL WORD LIMIT): Article 'SBI shares on gaining spree; hit record high ' from Economic Times has only 28 words (Min: 90).
2026-08-20 23:40:54,019 - INFO - [Economic Times] Article: https://economictimes.indiatimes.com/fm-must-rethink/articleshow/5645094.cms
2026-08-20 23:40:54,019 - INFO - [Economic Times] Attempt 1/2: Trying with 'requests_browser' strategy...
2026-08-20 23:40:54,403 - ERROR - parsed tree length: 1, wrong data type or not valid HTML
2026-08-20 23:40:54,403 - ERROR - empty HTML tree: None
2026-08-20 23:40:54,403 - WARNING - discarding data: None
2026-08-20 23:40:54,403 - WARNING - [Economic Times] FAILED with 'requests_browser' (content was too short: 0 words).
2026-08-20 23:40:55,284 - INFO - [Economic Times] Article: https://economictimes.indiatimes.com/fm-must-rethink/articleshow/5645094.cms
2026-08-20 23:40:55,285 - INFO - [Economic Times] Attempt 2/2: Trying with 'selenium_browser' strategy...
2026-08-20 23:40:56,451 - INFO - [Economic Times] Page content loaded.
2026-08-20 23:40:56,563 - INFO - [Economic Times] Success with 'selenium_browser'. Found content (138 words).
2026-08-20 23:40:59,570 - ERROR - Error saving article FM must rethink - The Economic Times: Hrana: `stream error: `Error { message: "SQLite error: UNIQUE constraint failed: articles.url", code: "SQLITE_CONSTRAINT" }``
2026-08-20 23:41:00,459 - INFO - [Economic Times] Article: https://economictimes.indiatimes.com/amalgamate-banks/articleshow/5645086.cms
2026-08-20 23:41:00,459 - INFO - [Economic Times] Attempt 1/2: Trying with 'requests_browser' strategy...
2026-08-20 23:41:00,874 - ERROR - parsed tree length: 1, wrong data type or not valid HTML
2026-08-20 23:41:00,874 - ERROR - empty HTML tree: None
2026-08-20 23:41:00,874 - WARNING - discarding data: None
2026-08-20 23:41:00,874 - WARNING - [Economic Times] FAILED with 'requests_browser' (content was too short: 0 words).
2026-08-20 23:41:01,771 - INFO - [Economic Times] Article: https://economictimes.indiatimes.com/amalgamate-banks/articleshow/5645086.cms
2026-08-20 23:41:01,771 - INFO - [Economic Times] Attempt 2/2: Trying with 'selenium_browser' strategy...
2026-08-20 23:41:03,783 - INFO - [Economic Times] Page content loaded.
2026-08-20 23:41:03,973 - INFO - [Economic Times] Success with 'selenium_browser'. Found content (243 words).
2026-08-20 23:41:06,938 - ERROR - Error saving article Amalgamate banks - The Economic Times: Hrana: `stream error: `Error { message: "SQLite error: UNIQUE constraint failed: articles.url", code: "SQLITE_CONSTRAINT" }``
2026-08-20 23:41:07,743 - INFO - [Economic Times] Article: https://economictimes.indiatimes.com/managing-data/articleshow/5117958.cms
2026-08-20 23:41:07,743 - INFO - [Economic Times] Attempt 1/2: Trying with 'requests_browser' strategy...
2026-08-20 23:41:08,130 - ERROR - parsed tree length: 1, wrong data type or not valid HTML
2026-08-20 23:41:08,130 - ERROR - empty HTML tree: None
2026-08-20 23:41:08,130 - WARNING - discarding data: None
2026-08-20 23:41:08,130 - WARNING - [Economic Times] FAILED with 'requests_browser' (content was too short: 0 words).
2026-08-20 23:41:08,701 - INFO - [Economic Times] Article: https://economictimes.indiatimes.com/managing-data/articleshow/5117958.cms
2026-08-20 23:41:08,701 - INFO - [Economic Times] Attempt 2/2: Trying with 'selenium_browser' strategy...
2026-08-20 23:41:11,368 - INFO - [Economic Times] Page content loaded.
2026-08-20 23:41:11,509 - INFO - [Economic Times] Success with 'selenium_browser'. Found content (119 words).
2026-08-20 23:41:14,489 - ERROR - Error saving article Managing data - The Economic Times: Hrana: `stream error: `Error { message: "SQLite error: UNIQUE constraint failed: articles.url", code: "SQLITE_CONSTRAINT" }``
2026-08-20 23:41:15,586 - INFO - [Economic Times] Article: https://economictimes.indiatimes.com/right-technology/articleshow/5117957.cms
2026-08-20 23:41:15,586 - INFO - [Economic Times] Attempt 1/2: Trying with 'requests_browser' strategy...
2026-08-20 23:41:15,932 - ERROR - parsed tree length: 1, wrong data type or not valid HTML
2026-08-20 23:41:15,932 - ERROR - empty HTML tree: None
2026-08-20 23:41:15,932 - WARNING - discarding data: None
2026-08-20 23:41:15,932 - WARNING - [Economic Times] FAILED with 'requests_browser' (content was too short: 0 words).
2026-08-20 23:41:16,933 - INFO - [Economic Times] Article: https://economictimes.indiatimes.com/right-technology/articleshow/5117957.cms
2026-08-20 23:41:16,933 - INFO - [Economic Times] Attempt 2/2: Trying with 'selenium_browser' strategy...
2026-08-20 23:41:18,934 - INFO - [Economic Times] Page content loaded.
2026-08-20 23:41:19,049 - INFO - [Economic Times] Success with 'selenium_browser'. Found content (114 words).
2026-08-20 23:41:22,065 - ERROR - Error saving article Right technology - The Economic Times: Hrana: `stream error: `Error { message: "SQLite error: UNIQUE constraint failed: articles.url", code: "SQLITE_CONSTRAINT" }``
2026-08-20 23:41:23,077 - INFO - [Economic Times] Article: https://economictimes.indiatimes.com/et-search/articleshow/21646857.cms
2026-08-20 23:41:23,078 - INFO - [Economic Times] Attempt 1/2: Trying with 'requests_browser' strategy...
2026-08-20 23:41:23,515 - ERROR - parsed tree length: 1, wrong data type or not valid HTML
2026-08-20 23:41:23,515 - ERROR - empty HTML tree: None
2026-08-20 23:41:23,515 - WARNING - discarding data: None
2026-08-20 23:41:23,515 - WARNING - [Economic Times] FAILED with 'requests_browser' (content was too short: 0 words).
2026-08-20 23:41:24,250 - INFO - [Economic Times] Article: https://economictimes.indiatimes.com/et-search/articleshow/21646857.cms
2026-08-20 23:41:24,250 - INFO - [Economic Times] Attempt 2/2: Trying with 'selenium_browser' strategy...
2026-08-20 23:41:26,550 - INFO - [Economic Times] Page content loaded.
2026-08-20 23:41:26,739 - WARNING - [Economic Times] FAILED with 'selenium_browser' (content was too short: 44 words).
2026-08-20 23:41:26,739 - ERROR - [Economic Times] All scrape strategies failed for https://economictimes.indiatimes.com/et-search/articleshow/21646857.cms. Falling back to RSS description.
2026-08-20 23:41:26,739 - WARNING - SKIPPED (GLOBAL WORD LIMIT): Article 'ET Search ' from Economic Times has only 3 words (Min: 90).
2026-08-20 23:41:27,581 - INFO - [Economic Times] Article: https://economictimes.indiatimes.com/after-the-oscars-whats-next-for-silent-stars-of-the-artist/articleshow/12075465.cms
2026-08-20 23:41:27,581 - INFO - [Economic Times] Attempt 1/2: Trying with 'requests_browser' strategy...
2026-08-20 23:41:28,175 - ERROR - parsed tree length: 1, wrong data type or not valid HTML
2026-08-20 23:41:28,176 - ERROR - empty HTML tree: None
2026-08-20 23:41:28,176 - WARNING - discarding data: None
2026-08-20 23:41:28,176 - WARNING - [Economic Times] FAILED with 'requests_browser' (content was too short: 0 words).
2026-08-20 23:41:28,735 - INFO - [Economic Times] Article: https://economictimes.indiatimes.com/after-the-oscars-whats-next-for-silent-stars-of-the-artist/articleshow/12075465.cms
2026-08-20 23:41:28,735 - INFO - [Economic Times] Attempt 2/2: Trying with 'selenium_browser' strategy...
2026-08-20 23:41:30,451 - INFO - [Economic Times] Page content loaded.
2026-08-20 23:41:30,581 - INFO - [Economic Times] Success with 'selenium_browser'. Found content (699 words).
2026-08-20 23:41:33,606 - ERROR - Error saving article After the Oscars, what's next for silent stars of The Artist? - The Economic Times: Hrana: `stream error: `Error { message: "SQLite error: UNIQUE constraint failed: articles.url", code: "SQLITE_CONSTRAINT" }``
2026-08-20 23:41:34,337 - INFO - [Economic Times] Article: https://economictimes.indiatimes.com/delhi-world-book-fair-a-fair-like-no-other/articleshow/12028630.cms
2026-08-20 23:41:34,338 - INFO - [Economic Times] Attempt 1/2: Trying with 'requests_browser' strategy...
2026-08-20 23:41:34,689 - ERROR - parsed tree length: 1, wrong data type or not valid HTML
2026-08-20 23:41:34,689 - ERROR - empty HTML tree: None
2026-08-20 23:41:34,689 - WARNING - discarding data: None
2026-08-20 23:41:34,689 - WARNING - [Economic Times] FAILED with 'requests_browser' (content was too short: 0 words).
2026-08-20 23:41:35,251 - INFO - [Economic Times] Article: https://economictimes.indiatimes.com/delhi-world-book-fair-a-fair-like-no-other/articleshow/12028630.cms
2026-08-20 23:41:35,251 - INFO - [Economic Times] Attempt 2/2: Trying with 'selenium_browser' strategy...
2026-08-20 23:41:35,531 - CRITICAL - --- TIMEOUT: 1 scrape jobs did not complete in 420s. ---
2026-08-20 23:41:35,531 - ERROR - A thread has timed out and will be abandoned.
2026-08-20 23:41:35,531 - INFO - Shutting down thread pool (wait=False)...
2026-08-20 23:41:35,531 - INFO - Scraped: 0 BBC, 3 Al Jazeera, 2 NDTV, 0 Indian Express, 0 TechCrunch, 2 The Hindu, 1 Wired, 1 Times of India, 1 Timed_Out_Jobs articles. (Total saved: 9)
2026-08-20 23:41:35,531 - INFO - --- Scraping job finished ---
2026-08-20 23:41:35,531 - INFO - --- Scraper service stopped. ---
2026-08-20 23:41:35,531 - INFO - --- Main thread finished. Forcing process exit to kill zombie threads. ---
