2026-08-18 13:44:58,662 - INFO - Loading AI Semantic Model (all-MiniLM-L6-v2)...
2026-08-18 13:44:58,663 - INFO - No device provided, using cpu
2026-08-18 13:44:58,808 - INFO - HTTP Request: GET https://huggingface.co/api/agent-harnesses "HTTP/1.1 200 OK"
2026-08-18 13:44:58,877 - INFO - HTTP Request: HEAD https://huggingface.co/sentence-transformers/all-MiniLM-L6-v2/resolve/main/modules.json "HTTP/1.1 307 Temporary Redirect"
2026-08-18 13:44:58,877 - WARNING - Warning: You are sending unauthenticated requests to the HF Hub. Please set a HF_TOKEN to enable higher rate limits and faster downloads.
2026-08-18 13:44:58,882 - INFO - HTTP Request: HEAD https://huggingface.co/api/resolve-cache/models/sentence-transformers/all-MiniLM-L6-v2/1110a243fdf4706b3f48f1d95db1a4f5529b4d41/modules.json "HTTP/1.1 200 OK"
2026-08-18 13:44:58,960 - INFO - HTTP Request: HEAD https://huggingface.co/sentence-transformers/all-MiniLM-L6-v2/resolve/main/config_sentence_transformers.json "HTTP/1.1 307 Temporary Redirect"
2026-08-18 13:44:58,965 - INFO - HTTP Request: HEAD https://huggingface.co/api/resolve-cache/models/sentence-transformers/all-MiniLM-L6-v2/1110a243fdf4706b3f48f1d95db1a4f5529b4d41/config_sentence_transformers.json "HTTP/1.1 200 OK"
2026-08-18 13:44:58,966 - INFO - Loading SentenceTransformer model from sentence-transformers/all-MiniLM-L6-v2.
2026-08-18 13:44:59,040 - INFO - HTTP Request: HEAD https://huggingface.co/sentence-transformers/all-MiniLM-L6-v2/resolve/main/config_sentence_transformers.json "HTTP/1.1 307 Temporary Redirect"
2026-08-18 13:44:59,045 - INFO - HTTP Request: HEAD https://huggingface.co/api/resolve-cache/models/sentence-transformers/all-MiniLM-L6-v2/1110a243fdf4706b3f48f1d95db1a4f5529b4d41/config_sentence_transformers.json "HTTP/1.1 200 OK"
2026-08-18 13:44:59,113 - INFO - HTTP Request: HEAD https://huggingface.co/sentence-transformers/all-MiniLM-L6-v2/resolve/main/README.md "HTTP/1.1 307 Temporary Redirect"
2026-08-18 13:44:59,120 - INFO - HTTP Request: HEAD https://huggingface.co/api/resolve-cache/models/sentence-transformers/all-MiniLM-L6-v2/1110a243fdf4706b3f48f1d95db1a4f5529b4d41/README.md "HTTP/1.1 200 OK"
2026-08-18 13:44:59,124 - INFO - HTTP Request: GET https://huggingface.co/api/resolve-cache/models/sentence-transformers/all-MiniLM-L6-v2/1110a243fdf4706b3f48f1d95db1a4f5529b4d41/README.md "HTTP/1.1 200 OK"
2026-08-18 13:44:59,194 - INFO - HTTP Request: HEAD https://huggingface.co/sentence-transformers/all-MiniLM-L6-v2/resolve/main/modules.json "HTTP/1.1 307 Temporary Redirect"
2026-08-18 13:44:59,199 - INFO - HTTP Request: HEAD https://huggingface.co/api/resolve-cache/models/sentence-transformers/all-MiniLM-L6-v2/1110a243fdf4706b3f48f1d95db1a4f5529b4d41/modules.json "HTTP/1.1 200 OK"
2026-08-18 13:44:59,268 - INFO - HTTP Request: HEAD https://huggingface.co/sentence-transformers/all-MiniLM-L6-v2/resolve/main/sentence_bert_config.json "HTTP/1.1 307 Temporary Redirect"
2026-08-18 13:44:59,274 - INFO - HTTP Request: HEAD https://huggingface.co/api/resolve-cache/models/sentence-transformers/all-MiniLM-L6-v2/1110a243fdf4706b3f48f1d95db1a4f5529b4d41/sentence_bert_config.json "HTTP/1.1 200 OK"
2026-08-18 13:44:59,344 - INFO - HTTP Request: HEAD https://huggingface.co/sentence-transformers/all-MiniLM-L6-v2/resolve/main/adapter_config.json "HTTP/1.1 404 Not Found"
2026-08-18 13:44:59,413 - INFO - HTTP Request: HEAD https://huggingface.co/sentence-transformers/all-MiniLM-L6-v2/resolve/main/config.json "HTTP/1.1 307 Temporary Redirect"
2026-08-18 13:44:59,418 - INFO - HTTP Request: HEAD https://huggingface.co/api/resolve-cache/models/sentence-transformers/all-MiniLM-L6-v2/1110a243fdf4706b3f48f1d95db1a4f5529b4d41/config.json "HTTP/1.1 200 OK"
2026-08-18 13:44:59,521 - INFO - HTTP Request: HEAD https://huggingface.co/sentence-transformers/all-MiniLM-L6-v2/resolve/main/model.safetensors "HTTP/1.1 302 Found"
2026-08-18 13:44:59,677 - INFO - HTTP Request: HEAD https://huggingface.co/sentence-transformers/all-MiniLM-L6-v2/resolve/main/processor_config.json "HTTP/1.1 404 Not Found"
2026-08-18 13:44:59,747 - INFO - HTTP Request: HEAD https://huggingface.co/sentence-transformers/all-MiniLM-L6-v2/resolve/main/preprocessor_config.json "HTTP/1.1 404 Not Found"
2026-08-18 13:44:59,823 - INFO - HTTP Request: HEAD https://huggingface.co/sentence-transformers/all-MiniLM-L6-v2/resolve/main/video_preprocessor_config.json "HTTP/1.1 404 Not Found"
2026-08-18 13:44:59,894 - INFO - HTTP Request: HEAD https://huggingface.co/sentence-transformers/all-MiniLM-L6-v2/resolve/main/preprocessor_config.json "HTTP/1.1 404 Not Found"
2026-08-18 13:45:00,012 - INFO - HTTP Request: HEAD https://huggingface.co/sentence-transformers/all-MiniLM-L6-v2/resolve/main/tokenizer_config.json "HTTP/1.1 307 Temporary Redirect"
2026-08-18 13:45:00,017 - INFO - HTTP Request: HEAD https://huggingface.co/api/resolve-cache/models/sentence-transformers/all-MiniLM-L6-v2/1110a243fdf4706b3f48f1d95db1a4f5529b4d41/tokenizer_config.json "HTTP/1.1 200 OK"
2026-08-18 13:45:00,085 - INFO - HTTP Request: HEAD https://huggingface.co/sentence-transformers/all-MiniLM-L6-v2/resolve/main/config.json "HTTP/1.1 307 Temporary Redirect"
2026-08-18 13:45:00,090 - INFO - HTTP Request: HEAD https://huggingface.co/api/resolve-cache/models/sentence-transformers/all-MiniLM-L6-v2/1110a243fdf4706b3f48f1d95db1a4f5529b4d41/config.json "HTTP/1.1 200 OK"
2026-08-18 13:45:00,170 - INFO - HTTP Request: HEAD https://huggingface.co/sentence-transformers/all-MiniLM-L6-v2/resolve/main/config.json "HTTP/1.1 307 Temporary Redirect"
2026-08-18 13:45:00,175 - INFO - HTTP Request: HEAD https://huggingface.co/api/resolve-cache/models/sentence-transformers/all-MiniLM-L6-v2/1110a243fdf4706b3f48f1d95db1a4f5529b4d41/config.json "HTTP/1.1 200 OK"
2026-08-18 13:45:00,245 - INFO - HTTP Request: HEAD https://huggingface.co/sentence-transformers/all-MiniLM-L6-v2/resolve/main/tokenizer_config.json "HTTP/1.1 307 Temporary Redirect"
2026-08-18 13:45:00,250 - INFO - HTTP Request: HEAD https://huggingface.co/api/resolve-cache/models/sentence-transformers/all-MiniLM-L6-v2/1110a243fdf4706b3f48f1d95db1a4f5529b4d41/tokenizer_config.json "HTTP/1.1 200 OK"
2026-08-18 13:45:00,322 - INFO - HTTP Request: GET https://huggingface.co/api/models/sentence-transformers/all-MiniLM-L6-v2/tree/main/additional_chat_templates?recursive=false&expand=false "HTTP/1.1 404 Not Found"
2026-08-18 13:45:00,396 - INFO - HTTP Request: GET https://huggingface.co/api/models/sentence-transformers/all-MiniLM-L6-v2/tree/main?recursive=true&expand=false "HTTP/1.1 200 OK"
2026-08-18 13:45:00,465 - INFO - HTTP Request: HEAD https://huggingface.co/sentence-transformers/all-MiniLM-L6-v2/resolve/main/vocab.txt "HTTP/1.1 307 Temporary Redirect"
2026-08-18 13:45:00,470 - INFO - HTTP Request: HEAD https://huggingface.co/api/resolve-cache/models/sentence-transformers/all-MiniLM-L6-v2/1110a243fdf4706b3f48f1d95db1a4f5529b4d41/vocab.txt "HTTP/1.1 200 OK"
2026-08-18 13:45:00,545 - INFO - HTTP Request: HEAD https://huggingface.co/sentence-transformers/all-MiniLM-L6-v2/resolve/main/tokenizer.json "HTTP/1.1 307 Temporary Redirect"
2026-08-18 13:45:00,550 - INFO - HTTP Request: HEAD https://huggingface.co/api/resolve-cache/models/sentence-transformers/all-MiniLM-L6-v2/1110a243fdf4706b3f48f1d95db1a4f5529b4d41/tokenizer.json "HTTP/1.1 200 OK"
2026-08-18 13:45:00,621 - INFO - HTTP Request: HEAD https://huggingface.co/sentence-transformers/all-MiniLM-L6-v2/resolve/main/added_tokens.json "HTTP/1.1 404 Not Found"
2026-08-18 13:45:00,777 - INFO - HTTP Request: HEAD https://huggingface.co/sentence-transformers/all-MiniLM-L6-v2/resolve/main/special_tokens_map.json "HTTP/1.1 307 Temporary Redirect"
2026-08-18 13:45:00,783 - INFO - HTTP Request: HEAD https://huggingface.co/api/resolve-cache/models/sentence-transformers/all-MiniLM-L6-v2/1110a243fdf4706b3f48f1d95db1a4f5529b4d41/special_tokens_map.json "HTTP/1.1 200 OK"
2026-08-18 13:45:00,887 - INFO - HTTP Request: HEAD https://huggingface.co/sentence-transformers/all-MiniLM-L6-v2/resolve/main/chat_template.jinja "HTTP/1.1 404 Not Found"
2026-08-18 13:45:01,000 - INFO - HTTP Request: HEAD https://huggingface.co/sentence-transformers/all-MiniLM-L6-v2/resolve/main/1_Pooling/config.json "HTTP/1.1 307 Temporary Redirect"
2026-08-18 13:45:01,005 - INFO - HTTP Request: HEAD https://huggingface.co/api/resolve-cache/models/sentence-transformers/all-MiniLM-L6-v2/1110a243fdf4706b3f48f1d95db1a4f5529b4d41/1_Pooling%2Fconfig.json "HTTP/1.1 200 OK"
2026-08-18 13:45:01,100 - INFO - HTTP Request: HEAD https://huggingface.co/sentence-transformers/all-MiniLM-L6-v2/resolve/main/2_Normalize/config.json "HTTP/1.1 404 Not Found"
2026-08-18 13:45:01,172 - INFO - HTTP Request: GET https://huggingface.co/api/models/sentence-transformers/all-MiniLM-L6-v2 "HTTP/1.1 200 OK"
2026-08-18 13:45:01,175 - INFO - AI Model loaded successfully.
2026-08-18 13:45:01,175 - INFO - --- Scraper service started (CI Mode: Run Once) ---
2026-08-18 13:45:01,175 - INFO - --- Starting new scraping job (Parallel Mode) ---
2026-08-18 13:45:01,175 - INFO - Connecting to SQLite database...
2026-08-18 13:45:06,435 - INFO - Pre-calculating embeddings for 467 cached articles...
2026-08-18 13:45:32,324 - INFO - Cache built: 5897 URLs. Current MAX_ID: 107584
2026-08-18 13:45:32,325 - INFO - Creating new robust session with 3 retries on 5xx/connection/read errors.
2026-08-18 13:45:32,325 - INFO - Proxy is DISABLED.
2026-08-18 13:45:32,325 - INFO - [BBC] (Thread) requires Selenium. Initializing driver...
2026-08-18 13:45:32,326 - INFO - [Times of India] (Thread) requires Selenium. Initializing driver...
2026-08-18 13:45:32,326 - INFO - [The Hindu] (Thread) requires Selenium. Initializing driver...
2026-08-18 13:45:32,326 - INFO - [Al Jazeera] (Thread) requires Selenium. Initializing driver...
2026-08-18 13:45:32,327 - INFO - Starting scrape for TechCrunch RSS feed: https://techcrunch.com/feed/
2026-08-18 13:45:32,327 - INFO - [Economic Times] (Thread) requires Selenium. Initializing driver...
2026-08-18 13:45:32,327 - INFO - [Wired] (Thread) requires Selenium. Initializing driver...
2026-08-18 13:45:32,329 - INFO - [NDTV] (Thread) requires Selenium. Initializing driver...
2026-08-18 13:45:32,329 - INFO - [Indian Express] (Thread) requires Selenium. Initializing driver...
2026-08-18 13:45:32,329 - INFO - Submitted 9 jobs to thread pool. Waiting up to 420s for completion...
2026-08-18 13:45:34,677 - INFO - Found 0 articles in TechCrunch RSS feed. Processing until 8 new articles are saved.
2026-08-18 13:45:34,941 - INFO - Selenium driver initialized successfully (Eager load strategy, 7s timeout).
2026-08-18 13:45:34,941 - INFO - Starting scrape for BBC RSS feed: http://feeds.bbci.co.uk/news/world/rss.xml
2026-08-18 13:45:34,967 - INFO - Selenium driver initialized successfully (Eager load strategy, 7s timeout).
2026-08-18 13:45:34,967 - INFO - Starting scrape for Indian Express RSS feed: https://indianexpress.com/feed/
2026-08-18 13:45:34,990 - INFO - Selenium driver initialized successfully (Eager load strategy, 7s timeout).
2026-08-18 13:45:34,990 - INFO - Starting scrape for Al Jazeera RSS feed: https://www.aljazeera.com/xml/rss/all.xml
2026-08-18 13:45:35,048 - INFO - Selenium driver initialized successfully (Eager load strategy, 7s timeout).
2026-08-18 13:45:35,048 - INFO - Starting scrape for The Hindu RSS feed: https://www.thehindu.com/news/national/feeder/default.rss
2026-08-18 13:45:35,093 - INFO - Selenium driver initialized successfully (Eager load strategy, 7s timeout).
2026-08-18 13:45:35,093 - INFO - Starting scrape for Economic Times RSS feed: https://economictimes.indiatimes.com/rssfeedsdefault.cms
2026-08-18 13:45:35,157 - INFO - Found 27 articles in BBC RSS feed. Processing until 10 new articles are saved.
2026-08-18 13:45:35,157 - INFO - [BBC] Early skip: URL https://www.bbc.co.uk/news/articles/cy5dz0kkn0wo?at_medium=RSS&at_campaign=rss already exists.
2026-08-18 13:45:35,161 - INFO - [BBC] Early skip: URL https://www.bbc.co.uk/news/articles/c75gv9xnr3po?at_medium=RSS&at_campaign=rss already exists.
2026-08-18 13:45:35,162 - INFO - [BBC] Early skip: URL https://www.bbc.co.uk/news/articles/cp3r0kz775ko?at_medium=RSS&at_campaign=rss already exists.
2026-08-18 13:45:35,163 - INFO - [BBC] Early skip: URL https://www.bbc.co.uk/news/articles/cpq809zrvqdo?at_medium=RSS&at_campaign=rss already exists.
2026-08-18 13:45:35,165 - INFO - [BBC] Early skip: URL https://www.bbc.co.uk/news/articles/c5ywe951z80o?at_medium=RSS&at_campaign=rss already exists.
2026-08-18 13:45:35,166 - INFO - [BBC] Early skip: URL https://www.bbc.co.uk/news/articles/c8dn3rqlyrgo?at_medium=RSS&at_campaign=rss already exists.
2026-08-18 13:45:35,167 - INFO - [BBC] Early skip: URL https://www.bbc.co.uk/news/articles/c1e154qjw96o?at_medium=RSS&at_campaign=rss already exists.
2026-08-18 13:45:35,169 - INFO - [BBC] Early skip: URL https://www.bbc.co.uk/news/articles/cjwx58n1153o?at_medium=RSS&at_campaign=rss already exists.
2026-08-18 13:45:35,170 - INFO - [BBC] Early skip: URL https://www.bbc.co.uk/news/articles/cly8m31nvmgo?at_medium=RSS&at_campaign=rss already exists.
2026-08-18 13:45:35,173 - INFO - [BBC] Early skip: URL https://www.bbc.co.uk/news/articles/cg5l9n7d803o?at_medium=RSS&at_campaign=rss already exists.
2026-08-18 13:45:35,175 - INFO - [BBC] Early skip: URL https://www.bbc.co.uk/news/articles/c5y6j4jl03xo?at_medium=RSS&at_campaign=rss already exists.
2026-08-18 13:45:35,176 - INFO - [BBC] Early skip: URL https://www.bbc.co.uk/news/articles/c4g3qdj1z77o?at_medium=RSS&at_campaign=rss already exists.
2026-08-18 13:45:35,177 - INFO - [BBC] Early skip: URL https://www.bbc.co.uk/news/articles/cy5dzk0ryzdo?at_medium=RSS&at_campaign=rss already exists.
2026-08-18 13:45:35,181 - INFO - [BBC] Early skip: URL https://www.bbc.co.uk/news/articles/cj4kjnle2neo?at_medium=RSS&at_campaign=rss already exists.
2026-08-18 13:45:35,183 - INFO - [BBC] Early skip: URL https://www.bbc.co.uk/news/articles/cx2rzx5g5yro?at_medium=RSS&at_campaign=rss already exists.
2026-08-18 13:45:35,184 - INFO - [BBC] Early skip: URL https://www.bbc.co.uk/news/articles/ce34rlkw6q7o?at_medium=RSS&at_campaign=rss already exists.
2026-08-18 13:45:35,185 - INFO - [BBC] Early skip: URL https://www.bbc.co.uk/news/articles/cx2lll7zvn0o?at_medium=RSS&at_campaign=rss already exists.
2026-08-18 13:45:35,186 - INFO - [BBC] Early skip: URL https://www.bbc.co.uk/news/articles/c5y6z4krrx3o?at_medium=RSS&at_campaign=rss already exists.
2026-08-18 13:45:35,188 - INFO - [BBC] Early skip: URL https://www.bbc.co.uk/news/articles/cj9dx03jrgjo?at_medium=RSS&at_campaign=rss already exists.
2026-08-18 13:45:35,189 - INFO - [BBC] Early skip: URL https://www.bbc.co.uk/news/articles/c171j0k74d8o?at_medium=RSS&at_campaign=rss already exists.
2026-08-18 13:45:35,197 - INFO - [BBC] Early skip: URL https://www.bbc.co.uk/news/articles/c3w03y2wgxeo?at_medium=RSS&at_campaign=rss already exists.
2026-08-18 13:45:35,198 - INFO - [BBC] Early skip: URL https://www.bbc.co.uk/news/articles/cy0j2r15dr1o?at_medium=RSS&at_campaign=rss already exists.
2026-08-18 13:45:35,199 - INFO - [BBC] Early skip: URL https://www.bbc.co.uk/news/videos/cevmw1pl9kvo?at_medium=RSS&at_campaign=rss already exists.
2026-08-18 13:45:35,202 - INFO - [BBC] Early skip: URL https://www.bbc.co.uk/news/videos/cy45zjw424xo?at_medium=RSS&at_campaign=rss already exists.
2026-08-18 13:45:35,204 - INFO - [BBC] Early skip: URL https://www.bbc.co.uk/news/videos/cj4kglpl55lo?at_medium=RSS&at_campaign=rss already exists.
2026-08-18 13:45:35,205 - INFO - Selenium driver initialized successfully (Eager load strategy, 7s timeout).
2026-08-18 13:45:35,205 - INFO - Starting scrape for Wired RSS feed: https://www.wired.com/feed/rss
2026-08-18 13:45:35,212 - INFO - [BBC] Early skip: URL https://www.bbc.co.uk/news/videos/c8dnn05e90lo?at_medium=RSS&at_campaign=rss already exists.
2026-08-18 13:45:35,213 - INFO - [BBC] Early skip: URL https://www.bbc.co.uk/news/videos/c62e1v8p07go?at_medium=RSS&at_campaign=rss already exists.
2026-08-18 13:45:35,216 - INFO - [BBC] (Thread) Finished. Attempting to shut down its Selenium driver.
2026-08-18 13:45:35,267 - INFO - Selenium driver initialized successfully (Eager load strategy, 7s timeout).
2026-08-18 13:45:35,267 - INFO - Starting scrape for Times of India RSS feed: https://timesofindia.indiatimes.com/rssfeeds/296589292.cms
2026-08-18 13:45:35,366 - ERROR - Failed to fetch Indian Express RSS feed: 403 Client Error: Forbidden for url: https://indianexpress.com/feed/
2026-08-18 13:45:35,366 - INFO - [Indian Express] (Thread) Finished. Attempting to shut down its Selenium driver.
2026-08-18 13:45:35,408 - INFO - Selenium driver initialized successfully (Eager load strategy, 7s timeout).
2026-08-18 13:45:35,408 - INFO - Starting scrape for NDTV RSS feed: https://feeds.feedburner.com/ndtvnews-top-stories
2026-08-18 13:45:35,425 - INFO - Found 60 articles in The Hindu RSS feed. Processing until 20 new articles are saved.
2026-08-18 13:45:35,428 - INFO - [The Hindu] Article: https://www.thehindu.com/news/national/should-be-mandatory-for-education-officials-to-send-their-kids-to-govt-schools-says-abhijeet-dipke/article71360639.ece
2026-08-18 13:45:35,428 - INFO - [The Hindu] Attempt 1/1: Trying with 'selenium_browser' strategy...
2026-08-18 13:45:35,445 - INFO - [BBC] (Thread) driver.quit() successful.
2026-08-18 13:45:35,484 - INFO - [Indian Express] (Thread) driver.quit() successful.
2026-08-18 13:45:35,497 - INFO - Found 25 articles in Al Jazeera RSS feed. Processing until 8 new articles are saved.
2026-08-18 13:45:35,497 - INFO - [Al Jazeera] Article: https://www.aljazeera.com/video/newsfeed/2026/8/18/qatar-irans-claim-that-doha-is-holding-missing-pilots-is-a-media-ploy?traffic_source=rss
2026-08-18 13:45:35,497 - INFO - [Al Jazeera] Attempt 1/2: Trying with 'requests_browser' strategy...
2026-08-18 13:45:35,603 - INFO - Found 50 articles in Wired RSS feed. Processing until 10 new articles are saved.
2026-08-18 13:45:35,623 - INFO - [Wired] Article: https://www.wired.com/story/the-upcoming-expanse-game-has-to-make-some-hard-choices/
2026-08-18 13:45:35,623 - INFO - [Wired] Attempt 1/2: Trying with 'requests_browser' strategy...
2026-08-18 13:45:35,641 - INFO - Found 20 articles in Times of India RSS feed. Processing until 20 new articles are saved.
2026-08-18 13:45:35,642 - INFO - [Times of India] Article: https://timesofindia.indiatimes.com/world/rest-of-world/indian-students-protest-in-canada-cops-identify-12-individuals-who-have-no-legal-status-and-could-be-deported/articleshow/133323836.cms
2026-08-18 13:45:35,642 - INFO - [Times of India] Attempt 1/1: Trying with 'selenium_browser' strategy...
2026-08-18 13:45:35,682 - WARNING - [Al Jazeera] FAILED with 'requests_browser' (content was too short: 65 words).
2026-08-18 13:45:35,703 - INFO - Found 20 articles in NDTV RSS feed. Processing until 10 new articles are saved.
2026-08-18 13:45:35,703 - INFO - [NDTV] Early skip: URL https://www.ndtv.com/world-news/changed-me-forever-indian-origin-jazz-musician-released-after-ice-detention-11926363#publisher=newsstand already exists.
2026-08-18 13:45:35,708 - INFO - [NDTV] Early skip: URL https://www.ndtv.com/india-news/army-chief-general-dhiraj-seth-meets-nepal-pm-balendra-shah-discusses-bilateral-military-ties-11926187#publisher=newsstand already exists.
2026-08-18 13:45:35,710 - INFO - [NDTV] Early skip: URL https://www.ndtv.com/india-news/trinamool-rebel-mla-ritabrata-banerjee-to-hold-key-bengal-post-till-decision-on-plea-in-2-months-11926073#publisher=newsstand already exists.
2026-08-18 13:45:35,711 - INFO - [NDTV] Early skip: URL https://www.ndtv.com/india-news/vijay-wants-to-shift-his-office-bjp-alleges-corruption-in-tender-process-11926046#publisher=newsstand already exists.
2026-08-18 13:45:35,714 - INFO - [NDTV] Early skip: URL https://www.ndtv.com/world-news/ship-hit-by-unknown-projectile-in-hormuz-as-us-iran-deadlock-continues-11926268#publisher=newsstand already exists.
2026-08-18 13:45:35,715 - INFO - [NDTV] Early skip: URL https://www.ndtv.com/india-news/jssc-cgl-jharkhand-protests-kill-us-jharkhand-cancels-exams-selected-candidates-brace-for-job-loss-11926039#publisher=newsstand already exists.
2026-08-18 13:45:35,716 - INFO - [NDTV] Early skip: URL https://www.ndtv.com/india-news/46-militants-surrender-lay-down-arms-at-manipur-homecoming-ceremony-11926097#publisher=newsstand already exists.
2026-08-18 13:45:35,717 - INFO - [NDTV] Early skip: URL https://www.ndtv.com/india-news/bjps-team-nitin-nabin-in-place-why-government-may-now-opt-for-a-reshuffle-11926178#publisher=newsstand already exists.
2026-08-18 13:45:35,718 - INFO - [NDTV] Early skip: URL https://www.ndtv.com/india-news/if-bjp-fails-it-will-also-be-voted-out-up-minister-sanjay-nishad-on-nishad-reservation-11926093#publisher=newsstand already exists.
2026-08-18 13:45:35,720 - INFO - [NDTV] Early skip: URL https://www.ndtv.com/india-news/no-number-plate-no-fuel-gujarats-rajkot-cracks-down-on-unregistered-vehicles-11925996#publisher=newsstand already exists.
2026-08-18 13:45:35,722 - INFO - [NDTV] Early skip: URL https://www.ndtv.com/india-news/tata-sons-n-chandrasekaran-quorum-not-met-tata-sons-holds-off-annual-meet-days-after-chairmans-exit-11926044#publisher=newsstand already exists.
2026-08-18 13:45:35,723 - INFO - [NDTV] Early skip: URL https://www.ndtv.com/india-news/bihar-protests-puran-kumar-jha-top-cop-in-bihars-siwan-removed-after-ak-47-used-during-july-student-protests-11925645#publisher=newsstand already exists.
2026-08-18 13:45:35,724 - INFO - [NDTV] Early skip: URL https://www.ndtv.com/world-news/irans-top-negotiator-mohammad-bagher-ghalibaf-demands-us-lift-blockade-to-open-hormuz-strait-11925824#publisher=newsstand already exists.
2026-08-18 13:45:35,725 - INFO - [NDTV] Early skip: URL https://www.ndtv.com/india-news/405-items-worth-rs-3-000-crore-in-defence-ministrys-made-in-india-push-11925804#publisher=newsstand already exists.
2026-08-18 13:45:35,733 - INFO - [NDTV] Early skip: URL https://www.ndtv.com/world-news/50-children-injured-in-hand-grenade-attack-near-kabul-school-11925729#publisher=newsstand already exists.
2026-08-18 13:45:35,735 - INFO - [NDTV] Early skip: URL https://www.ndtv.com/opinion/marathi-mumbai-and-a-bizarre-detour-for-the-taxi-wallahs-11925372#publisher=newsstand already exists.
2026-08-18 13:45:35,736 - INFO - [NDTV] Early skip: URL https://www.ndtv.com/business-news/stock-market-sensex-share-market-nifty-live-updates-today-18-august-us-iran-war-oil-prices-11923639#publisher=newsstand already exists.
2026-08-18 13:45:35,738 - INFO - [NDTV] Early skip: URL https://www.ndtv.com/india-news/top-10-innovators-honoured-at-vande-bharatam-grand-finale-11925387#publisher=newsstand already exists.
2026-08-18 13:45:35,739 - ERROR - parsed tree length: 1, wrong data type or not valid HTML
2026-08-18 13:45:35,739 - INFO - [NDTV] Early skip: URL https://www.ndtv.com/india-news/rs-1-20-crore-testicle-myth-how-a-reel-led-to-a-teens-murder-in-madhya-pradesh-bhopal-11924649#publisher=newsstand already exists.
2026-08-18 13:45:35,739 - ERROR - empty HTML tree: None
2026-08-18 13:45:35,740 - WARNING - discarding data: None
2026-08-18 13:45:35,740 - WARNING - [Wired] FAILED with 'requests_browser' (content was too short: 0 words).
2026-08-18 13:45:35,741 - INFO - [NDTV] Early skip: URL https://www.ndtv.com/world-news/meet-natalie-harp-trumps-close-aide-who-travelled-with-him-during-turkey-security-scare-11924960#publisher=newsstand already exists.
2026-08-18 13:45:35,742 - INFO - [NDTV] (Thread) Finished. Attempting to shut down its Selenium driver.
2026-08-18 13:45:35,802 - INFO - [NDTV] (Thread) driver.quit() successful.
2026-08-18 13:45:35,867 - INFO - Found 76 articles in Economic Times RSS feed. Processing until 20 new articles are saved.
2026-08-18 13:45:35,868 - INFO - [Economic Times] Early skip: URL https://economictimes.indiatimes.com/markets/stocks/news/defence-stocks-fire-up-paras-defence-grse-other-stocks-jump-up-to-10-as-govt-notifies-6th-indigenisation-list/articleshow/133318729.cms already exists.
2026-08-18 13:45:35,869 - INFO - [Economic Times] Early skip: URL https://economictimes.indiatimes.com/markets/stocks/news/nifty-to-hit-50000-before-2035-raamdeo-agrawal-maps-3-valuation-based-timelines/articleshow/133310552.cms already exists.
2026-08-18 13:45:35,870 - INFO - [Economic Times] Early skip: URL https://economictimes.indiatimes.com/markets/stocks/news/regulatory-tailwinds-to-boost-growth-for-mcx-says-hdfc-securities-retains-buy-for-18-gains/articleshow/133322360.cms already exists.
2026-08-18 13:45:35,871 - INFO - [Economic Times] Early skip: URL https://economictimes.indiatimes.com/markets/ipos/fpos/india-expo-centre-operator-files-ipo-drhp-with-sebi-check-details/articleshow/133320423.cms already exists.
2026-08-18 13:45:35,872 - INFO - [Economic Times] Early skip: URL https://economictimes.indiatimes.com/markets/stocks/news/jefferies-raises-belrise-industries-target-price-sees-18-upside-on-strong-demand-business-expansion/articleshow/133319608.cms already exists.
2026-08-18 13:45:35,873 - INFO - [Economic Times] Early skip: URL https://economictimes.indiatimes.com/mf/analysis/sif-aum-crosses-rs-23000-crore-in-july-hybrid-long-short-funds-lead-with-66-share/slideshow/133315870.cms already exists.
2026-08-18 13:45:35,875 - INFO - [Economic Times] Article: https://economictimes.indiatimes.com/news/economy/policy/rbi-special-windows-seen-big-enough-to-bring-in-100b/articleshow/132813309.cms
2026-08-18 13:45:35,875 - INFO - [Economic Times] Attempt 1/2: Trying with 'requests_browser' strategy...
2026-08-18 13:45:36,254 - INFO - [Al Jazeera] Article: https://www.aljazeera.com/video/newsfeed/2026/8/18/qatar-irans-claim-that-doha-is-holding-missing-pilots-is-a-media-ploy?traffic_source=rss
2026-08-18 13:45:36,254 - INFO - [Al Jazeera] Attempt 2/2: Trying with 'selenium_browser' strategy...
2026-08-18 13:45:36,482 - INFO - [Wired] Article: https://www.wired.com/story/the-upcoming-expanse-game-has-to-make-some-hard-choices/
2026-08-18 13:45:36,482 - INFO - [Wired] Attempt 2/2: Trying with 'selenium_browser' strategy...
2026-08-18 13:45:36,872 - INFO - [Economic Times] Success with 'requests_browser'. Found content (322 words).
2026-08-18 13:45:40,499 - INFO - [Al Jazeera] Page content loaded.
2026-08-18 13:45:40,500 - INFO - [The Hindu] Page content loaded.
2026-08-18 13:45:40,501 - ERROR - Error saving article RBI special windows seen big enough to bring in $100B - The Economic Times: Hrana: `stream error: `Error { message: "SQLite error: UNIQUE constraint failed: articles.url", code: "SQLITE_CONSTRAINT" }``
2026-08-18 13:45:41,383 - INFO - [The Hindu] Success with 'selenium_browser'. Found content (726 words).
2026-08-18 13:45:41,747 - INFO - [Economic Times] Article: https://economictimes.indiatimes.com/news/economy/foreign-trade/india-canada-aim-to-conclude-cepa-trade-pact-by-end-2026-mea/articleshow/132813105.cms
2026-08-18 13:45:41,747 - INFO - [Economic Times] Attempt 1/2: Trying with 'requests_browser' strategy...
2026-08-18 13:45:44,968 - INFO - >>> SUCCESSFULLY SAVED [ID: 107586] - Should be mandatory for education officials to send their kids to government schools, says Dipke - The Hindu from The Hindu (726 words)
2026-08-18 13:45:45,100 - WARNING - [Al Jazeera] FAILED with 'selenium_browser' (content was too short: 65 words).
2026-08-18 13:45:45,100 - ERROR - [Al Jazeera] All scrape strategies failed for https://www.aljazeera.com/video/newsfeed/2026/8/18/qatar-irans-claim-that-doha-is-holding-missing-pilots-is-a-media-ploy?traffic_source=rss. Falling back to RSS description.
2026-08-18 13:45:45,101 - WARNING - SKIPPED (GLOBAL WORD LIMIT): Article 'Qatar: Iran’s claim that Doha is holding missing pilots is a ‘media ploy’' from Al Jazeera has only 21 words (Min: 90).
2026-08-18 13:45:45,241 - INFO - [Economic Times] Success with 'requests_browser'. Found content (202 words).
2026-08-18 13:45:47,117 - INFO - [The Hindu] Article: https://www.thehindu.com/news/national/tamil-nadu/maternity-leave-for-third-child-of-women-government-employees-raised-to-365-days/article71360294.ece
2026-08-18 13:45:47,117 - INFO - [The Hindu] Attempt 1/1: Trying with 'selenium_browser' strategy...
2026-08-18 13:45:47,590 - INFO - [Al Jazeera] Article: https://www.aljazeera.com/video/newsfeed/2026/8/18/palestinian-american-confronts-israeli-settler-at-his-besieged-home?traffic_source=rss
2026-08-18 13:45:48,541 - INFO - [Al Jazeera] Attempt 1/2: Trying with 'requests_browser' strategy...
2026-08-18 13:45:48,548 - ERROR - Error saving article India, Canada aim to conclude CEPA trade pact by end-2026: MEA - The Economic Times: Hrana: `stream error: `Error { message: "SQLite error: UNIQUE constraint failed: articles.url", code: "SQLITE_CONSTRAINT" }``
2026-08-18 13:45:48,784 - WARNING - [Al Jazeera] FAILED with 'requests_browser' (content was too short: 64 words).
2026-08-18 13:45:49,720 - INFO - [Al Jazeera] Article: https://www.aljazeera.com/video/newsfeed/2026/8/18/palestinian-american-confronts-israeli-settler-at-his-besieged-home?traffic_source=rss
2026-08-18 13:45:49,720 - INFO - [Al Jazeera] Attempt 2/2: Trying with 'selenium_browser' strategy...
2026-08-18 13:45:49,862 - INFO - [Economic Times] Article: https://economictimes.indiatimes.com/news/economy/infrastructure/govts-urban-reset-centre-divides-ministry-of-housing-and-urban-affairs-into-two-specialised-verticals/articleshow/132812900.cms
2026-08-18 13:45:49,862 - INFO - [Economic Times] Attempt 1/2: Trying with 'requests_browser' strategy...
2026-08-18 13:45:50,685 - INFO - [Economic Times] Success with 'requests_browser'. Found content (244 words).
2026-08-18 13:45:54,285 - ERROR - Error saving article Govt's urban reset: Centre divides ministry of Housing and Urban Affairs into two specialised verticals - The Economic Times: Hrana: `stream error: `Error { message: "SQLite error: UNIQUE constraint failed: articles.url", code: "SQLITE_CONSTRAINT" }``
2026-08-18 13:45:54,838 - INFO - [Economic Times] Article: https://economictimes.indiatimes.com/news/economy/foreign-trade/india-uk-ceta-takes-effect-first-zero-duty-indian-coffee-jewellery-consignments-reach-uk-shores/articleshow/132442764.cms
2026-08-18 13:45:54,838 - INFO - [Economic Times] Attempt 1/2: Trying with 'requests_browser' strategy...
2026-08-18 13:45:55,416 - INFO - [Economic Times] Success with 'requests_browser'. Found content (946 words).
2026-08-18 13:45:58,642 - INFO - [Al Jazeera] Page content loaded.
2026-08-18 13:45:58,644 - ERROR - Error saving article India-UK CETA takes effect: First zero-duty Indian coffee, jewellery consignments reach UK shores - The Economic Times: Hrana: `stream error: `Error { message: "SQLite error: UNIQUE constraint failed: articles.url", code: "SQLITE_CONSTRAINT" }``
2026-08-18 13:45:59,069 - INFO - [Wired] Page content loaded.
2026-08-18 13:45:59,320 - WARNING - [Al Jazeera] FAILED with 'selenium_browser' (content was too short: 68 words).
2026-08-18 13:45:59,320 - ERROR - [Al Jazeera] All scrape strategies failed for https://www.aljazeera.com/video/newsfeed/2026/8/18/palestinian-american-confronts-israeli-settler-at-his-besieged-home?traffic_source=rss. Falling back to RSS description.
2026-08-18 13:45:59,320 - WARNING - SKIPPED (GLOBAL WORD LIMIT): Article 'Palestinian-American confronts Israeli settler at his besieged home' from Al Jazeera has only 16 words (Min: 90).
2026-08-18 13:45:59,938 - INFO - [Al Jazeera] Article: https://www.aljazeera.com/news/2026/8/18/who-is-wassim-al-assad-sentenced-to-death-for-syria-war-atrocities?traffic_source=rss
2026-08-18 13:45:59,938 - INFO - [Al Jazeera] Attempt 1/2: Trying with 'requests_browser' strategy...
2026-08-18 13:45:59,942 - INFO - [Wired] Success with 'selenium_browser'. Found content (945 words).
2026-08-18 13:46:00,085 - INFO - [Economic Times] Article: https://economictimes.indiatimes.com/news/economy/foreign-trade/from-oman-to-tanzania-how-the-iran-war-is-redrawing-indias-trade-map/articleshow/131762760.cms
2026-08-18 13:46:00,085 - INFO - [Economic Times] Attempt 1/2: Trying with 'requests_browser' strategy...
2026-08-18 13:46:00,180 - INFO - [Al Jazeera] Success with 'requests_browser'. Found content (737 words).
2026-08-18 13:46:00,725 - INFO - [Economic Times] Success with 'requests_browser'. Found content (385 words).
2026-08-18 13:46:04,285 - WARNING - [The Hindu] Page explicit wait timed out (3s). Proceeding anyway.
2026-08-18 13:46:04,556 - INFO - >>> SUCCESSFULLY SAVED [ID: 107590] - Can the Upcoming ‘Expanse’ Game Avoid ‘Mass Effect’s’ Biggest Mistake? | WIRED from Wired (945 words)
2026-08-18 13:46:04,717 - INFO - [The Hindu] Success with 'selenium_browser'. Found content (274 words).
2026-08-18 13:46:04,921 - INFO - DEDUPLICATION: Found match (Score: 0.92). Linking to Cluster ID: f8a94bad-b7b7-4850-906d-4043b18aaca0
2026-08-18 13:46:06,321 - INFO - [Wired] Article: https://www.wired.com/gallery/best-smart-notebooks-and-smart-pens/
2026-08-18 13:46:06,321 - INFO - [Wired] Attempt 1/2: Trying with 'requests_browser' strategy...
2026-08-18 13:46:08,028 - INFO - >>> SUCCESSFULLY SAVED [ID: 107591] - Who is Wassim al-Assad, sentenced to death for Syria war atrocities? | Courts News | Al Jazeera from Al Jazeera (737 words)
2026-08-18 13:46:08,099 - ERROR - parsed tree length: 1, wrong data type or not valid HTML
2026-08-18 13:46:08,099 - ERROR - empty HTML tree: None
2026-08-18 13:46:08,099 - WARNING - discarding data: None
2026-08-18 13:46:08,099 - WARNING - [Wired] FAILED with 'requests_browser' (content was too short: 0 words).
2026-08-18 13:46:10,108 - INFO - [Wired] Article: https://www.wired.com/gallery/best-smart-notebooks-and-smart-pens/
2026-08-18 13:46:10,108 - INFO - [Wired] Attempt 2/2: Trying with 'selenium_browser' strategy...
2026-08-18 13:46:10,110 - INFO - [Al Jazeera] Article: https://www.aljazeera.com/video/newsfeed/2026/8/18/japanese-activist-keeps-protesting-against-israels-genocide-in-gaza?traffic_source=rss
2026-08-18 13:46:11,070 - INFO - [Al Jazeera] Attempt 1/2: Trying with 'requests_browser' strategy...
2026-08-18 13:46:11,070 - ERROR - Error saving article From Oman to Tanzania: How the Iran war is redrawing India’s trade map - The Economic Times: Hrana: `stream error: `Error { message: "SQLite error: UNIQUE constraint failed: articles.url", code: "SQLITE_CONSTRAINT" }``
2026-08-18 13:46:11,205 - WARNING - [Al Jazeera] FAILED with 'requests_browser' (content was too short: 62 words).
2026-08-18 13:46:12,717 - INFO - [Al Jazeera] Article: https://www.aljazeera.com/video/newsfeed/2026/8/18/japanese-activist-keeps-protesting-against-israels-genocide-in-gaza?traffic_source=rss
2026-08-18 13:46:12,717 - INFO - [Al Jazeera] Attempt 2/2: Trying with 'selenium_browser' strategy...
2026-08-18 13:46:12,719 - INFO - [Economic Times] Article: https://economictimes.indiatimes.com/news/economy/policy/fm-sitharaman-flags-global-crisis-spillovers-unfair-burden-on-developing-nations/articleshow/131668427.cms
2026-08-18 13:46:12,719 - INFO - [Economic Times] Attempt 1/2: Trying with 'requests_browser' strategy...
2026-08-18 13:46:14,533 - INFO - >>> SUCCESSFULLY SAVED [ID: 107593] - Maternity leave for third child of women government employees raised to 365 days in Tamil Nadu - The Hindu from The Hindu (274 words)
2026-08-18 13:46:14,688 - INFO - [Economic Times] Success with 'requests_browser'. Found content (317 words).
2026-08-18 13:46:16,307 - INFO - [The Hindu] Article: https://www.thehindu.com/news/national/tamil-nadu/man-held-for-killing-mother-in-law-in-tirupattur/article71360632.ece
2026-08-18 13:46:16,309 - INFO - [The Hindu] Attempt 1/1: Trying with 'selenium_browser' strategy...
2026-08-18 13:46:17,729 - INFO - [Al Jazeera] Page content loaded.
2026-08-18 13:46:17,731 - ERROR - Error saving article FM Sitharaman flags global crisis spillovers, unfair burden on developing nations - The Economic Times: Hrana: `stream error: `Error { message: "SQLite error: UNIQUE constraint failed: articles.url", code: "SQLITE_CONSTRAINT" }``
2026-08-18 13:46:17,922 - WARNING - [Al Jazeera] FAILED with 'selenium_browser' (content was too short: 66 words).
2026-08-18 13:46:17,922 - ERROR - [Al Jazeera] All scrape strategies failed for https://www.aljazeera.com/video/newsfeed/2026/8/18/japanese-activist-keeps-protesting-against-israels-genocide-in-gaza?traffic_source=rss. Falling back to RSS description.
2026-08-18 13:46:17,922 - WARNING - SKIPPED (GLOBAL WORD LIMIT): Article 'Japanese activist keeps protesting against Israel’s genocide in Gaza' from Al Jazeera has only 9 words (Min: 90).
2026-08-18 13:46:18,541 - INFO - [Al Jazeera] Article: https://www.aljazeera.com/video/newsfeed/2026/8/18/bashar-al-assads-cousin-wassim-sentenced-to-death-in-syria?traffic_source=rss
2026-08-18 13:46:18,541 - INFO - [Al Jazeera] Attempt 1/2: Trying with 'requests_browser' strategy...
2026-08-18 13:46:18,638 - WARNING - [Al Jazeera] FAILED with 'requests_browser' (content was too short: 68 words).
2026-08-18 13:46:19,084 - INFO - [Economic Times] Article: https://economictimes.indiatimes.com/tech/technology/apple-faces-indian-engineers-bias-lawsuit/articleshow/81694292.cms
2026-08-18 13:46:19,084 - INFO - [Economic Times] Attempt 1/2: Trying with 'requests_browser' strategy...
2026-08-18 13:46:19,413 - INFO - [Al Jazeera] Article: https://www.aljazeera.com/video/newsfeed/2026/8/18/bashar-al-assads-cousin-wassim-sentenced-to-death-in-syria?traffic_source=rss
2026-08-18 13:46:19,414 - INFO - [Al Jazeera] Attempt 2/2: Trying with 'selenium_browser' strategy...
2026-08-18 13:46:19,543 - ERROR - parsed tree length: 1, wrong data type or not valid HTML
2026-08-18 13:46:19,544 - ERROR - empty HTML tree: None
2026-08-18 13:46:19,544 - WARNING - discarding data: None
2026-08-18 13:46:19,544 - WARNING - [Economic Times] FAILED with 'requests_browser' (content was too short: 0 words).
2026-08-18 13:46:20,258 - INFO - [Economic Times] Article: https://economictimes.indiatimes.com/tech/technology/apple-faces-indian-engineers-bias-lawsuit/articleshow/81694292.cms
2026-08-18 13:46:20,258 - INFO - [Economic Times] Attempt 2/2: Trying with 'selenium_browser' strategy...
2026-08-18 13:46:22,744 - INFO - [Wired] Page content loaded.
2026-08-18 13:46:23,160 - INFO - [Economic Times] Page content loaded.
2026-08-18 13:46:24,222 - INFO - [Economic Times] Success with 'selenium_browser'. Found content (743 words).
2026-08-18 13:46:27,624 - ERROR - Error saving article Apple faces Indian engineer’s bias lawsuit - The Economic Times: Hrana: `stream error: `Error { message: "SQLite error: UNIQUE constraint failed: articles.url", code: "SQLITE_CONSTRAINT" }``
2026-08-18 13:46:28,218 - INFO - [Economic Times] Article: https://economictimes.indiatimes.com/news/defence/despite-transatlantic-love-fest-eu-charts-third-way-in-ties-with-us-and-china/articleshow/81467467.cms
2026-08-18 13:46:28,218 - INFO - [Economic Times] Attempt 1/2: Trying with 'requests_browser' strategy...
2026-08-18 13:46:28,322 - INFO - [Wired] Success with 'selenium_browser'. Found content (1851 words).
2026-08-18 13:46:28,384 - INFO - [Al Jazeera] Page content loaded.
2026-08-18 13:46:29,094 - WARNING - [Al Jazeera] FAILED with 'selenium_browser' (content was too short: 72 words).
2026-08-18 13:46:29,094 - ERROR - [Al Jazeera] All scrape strategies failed for https://www.aljazeera.com/video/newsfeed/2026/8/18/bashar-al-assads-cousin-wassim-sentenced-to-death-in-syria?traffic_source=rss. Falling back to RSS description.
2026-08-18 13:46:29,094 - WARNING - SKIPPED (GLOBAL WORD LIMIT): Article 'Bashar al-Assad’s cousin Wassim sentenced to death in Syria' from Al Jazeera has only 19 words (Min: 90).
2026-08-18 13:46:29,233 - INFO - [Economic Times] Success with 'requests_browser'. Found content (799 words).
2026-08-18 13:46:29,658 - INFO - [Al Jazeera] Early skip: URL https://www.aljazeera.com/news/2026/8/18/qatar-rejects-irans-false-claims-about-missing-pilots?traffic_source=rss already exists.
2026-08-18 13:46:29,661 - INFO - [Al Jazeera] Early skip: URL https://www.aljazeera.com/video/aljazeerauntangles/2026/8/18/myanmar-the-architecture-of-statelessness?traffic_source=rss already exists.
2026-08-18 13:46:29,685 - INFO - [Al Jazeera] Early skip: URL https://www.aljazeera.com/news/2026/8/18/russia-protests-japan-pms-comments-after-putins-kuril-visit?traffic_source=rss already exists.
2026-08-18 13:46:29,686 - INFO - [Al Jazeera] Early skip: URL https://www.aljazeera.com/news/2026/8/18/why-has-trump-threatened-to-bomb-oman-for-a-second-time?traffic_source=rss already exists.
2026-08-18 13:46:29,687 - INFO - [Al Jazeera] Early skip: URL https://www.aljazeera.com/sports/2026/8/18/premier-league-football-what-to-know-schedule-prediction-transfers-2026-27-season?traffic_source=rss already exists.
2026-08-18 13:46:29,688 - INFO - [Al Jazeera] Early skip: URL https://www.aljazeera.com/news/2026/8/18/what-to-know-about-californias-special-election-to-replace-eric-swalwell?traffic_source=rss already exists.
2026-08-18 13:46:29,690 - INFO - [Al Jazeera] Article: https://www.aljazeera.com/video/newsfeed/2026/8/18/tupac-shakur-murder-trial-begins-thirty-years-after-his-death?traffic_source=rss
2026-08-18 13:46:29,690 - INFO - [Al Jazeera] Attempt 1/2: Trying with 'requests_browser' strategy...
2026-08-18 13:46:29,754 - WARNING - [Al Jazeera] FAILED with 'requests_browser' (content was too short: 72 words).
2026-08-18 13:46:31,195 - INFO - [Al Jazeera] Article: https://www.aljazeera.com/video/newsfeed/2026/8/18/tupac-shakur-murder-trial-begins-thirty-years-after-his-death?traffic_source=rss
2026-08-18 13:46:31,195 - INFO - [Al Jazeera] Attempt 2/2: Trying with 'selenium_browser' strategy...
2026-08-18 13:46:31,197 - WARNING - [The Hindu] Page get timed out (7s). Proceeding to grab partial source anyway.
2026-08-18 13:46:32,620 - ERROR - Error saving article 6 Best Digital Notebooks (2026): ReMarkable, Kobo, Kindle | WIRED: Hrana: `stream error: `Error { message: "SQLite error: UNIQUE constraint failed: articles.url", code: "SQLITE_CONSTRAINT" }``
2026-08-18 13:46:34,350 - INFO - [Wired] Early skip: URL https://www.wired.com/story/the-big-interview-podcast-andy-yen-proton/ already exists.
2026-08-18 13:46:34,828 - INFO - [Wired] Early skip: URL https://www.wired.com/story/you-can-finally-buy-a-fairphone-a-sustainable-repairable-smartphone-in-the-us/ already exists.
2026-08-18 13:46:35,780 - INFO - [Wired] Early skip: URL https://www.wired.com/story/the-cop-who-took-on-flock/ already exists.
2026-08-18 13:46:35,782 - INFO - [Wired] Early skip: URL https://www.wired.com/story/best-merino-wool-clothes/ already exists.
2026-08-18 13:46:35,783 - INFO - [Wired] Early skip: URL https://www.wired.com/story/zai-open-weight-ai-models-release-cybersecurity-hacking/ already exists.
2026-08-18 13:46:35,785 - INFO - [Wired] Article: https://www.wired.com/story/noom-promo-code/
2026-08-18 13:46:35,785 - INFO - [Wired] Attempt 1/2: Trying with 'requests_browser' strategy...
2026-08-18 13:46:35,787 - ERROR - Error saving article Despite transatlantic 'love fest', EU charts third way in ties with US and China - The Economic Times: Hrana: `stream error: `Error { message: "SQLite error: UNIQUE constraint failed: articles.url", code: "SQLITE_CONSTRAINT" }``
2026-08-18 13:46:35,943 - ERROR - parsed tree length: 1, wrong data type or not valid HTML
2026-08-18 13:46:35,943 - ERROR - empty HTML tree: None
2026-08-18 13:46:35,943 - WARNING - discarding data: None
2026-08-18 13:46:35,943 - WARNING - [Wired] FAILED with 'requests_browser' (content was too short: 0 words).
2026-08-18 13:46:36,465 - INFO - [Wired] Article: https://www.wired.com/story/noom-promo-code/
2026-08-18 13:46:36,465 - INFO - [Wired] Attempt 2/2: Trying with 'selenium_browser' strategy...
2026-08-18 13:46:37,206 - INFO - [Economic Times] Article: https://economictimes.indiatimes.com/tech/tech-bytes/twitters-india-policy-head-to-step-down-will-transition-in-march/articleshow/80732868.cms
2026-08-18 13:46:37,206 - INFO - [Economic Times] Attempt 1/2: Trying with 'requests_browser' strategy...
2026-08-18 13:46:37,751 - ERROR - parsed tree length: 1, wrong data type or not valid HTML
2026-08-18 13:46:37,752 - ERROR - empty HTML tree: None
2026-08-18 13:46:37,752 - WARNING - discarding data: None
2026-08-18 13:46:37,752 - WARNING - [Economic Times] FAILED with 'requests_browser' (content was too short: 0 words).
2026-08-18 13:46:37,767 - INFO - [Al Jazeera] Page content loaded.
2026-08-18 13:46:38,079 - WARNING - [Al Jazeera] FAILED with 'selenium_browser' (content was too short: 76 words).
2026-08-18 13:46:38,079 - ERROR - [Al Jazeera] All scrape strategies failed for https://www.aljazeera.com/video/newsfeed/2026/8/18/tupac-shakur-murder-trial-begins-thirty-years-after-his-death?traffic_source=rss. Falling back to RSS description.
2026-08-18 13:46:38,079 - WARNING - SKIPPED (GLOBAL WORD LIMIT): Article 'Tupac Shakur murder trial begins thirty years after his death' from Al Jazeera has only 20 words (Min: 90).
2026-08-18 13:46:38,253 - WARNING - [The Hindu] Page explicit wait timed out (3s). Proceeding anyway.
2026-08-18 13:46:38,483 - INFO - [Economic Times] Article: https://economictimes.indiatimes.com/tech/tech-bytes/twitters-india-policy-head-to-step-down-will-transition-in-march/articleshow/80732868.cms
2026-08-18 13:46:38,483 - INFO - [Economic Times] Attempt 2/2: Trying with 'selenium_browser' strategy...
2026-08-18 13:46:38,683 - INFO - [Al Jazeera] Early skip: URL https://www.aljazeera.com/news/2026/8/18/putins-illusion-of-victory-russia-ramps-up-missile-attacks-on-ukraine?traffic_source=rss already exists.
2026-08-18 13:46:38,692 - INFO - [Al Jazeera] Early skip: URL https://www.aljazeera.com/features/2026/8/18/indias-cockroach-movement-makes-schools-next-battleground-against-modi?traffic_source=rss already exists.
2026-08-18 13:46:38,694 - INFO - [Al Jazeera] Early skip: URL https://www.aljazeera.com/sports/2026/8/18/asian-champions-league-draw-holders-al-ahli-to-face-former-winners-al-ain?traffic_source=rss already exists.
2026-08-18 13:46:38,698 - INFO - [Al Jazeera] Early skip: URL https://www.aljazeera.com/news/2026/8/18/eight-air-strikes-hit-airbase-in-syrias-idlib?traffic_source=rss already exists.
2026-08-18 13:46:38,699 - INFO - [Al Jazeera] Article: https://www.aljazeera.com/video/newsfeed/2026/8/18/brazils-president-says-amazon-oil-is-passport-to-the?traffic_source=rss
2026-08-18 13:46:38,699 - INFO - [Al Jazeera] Attempt 1/2: Trying with 'requests_browser' strategy...
2026-08-18 13:46:38,808 - WARNING - [Al Jazeera] FAILED with 'requests_browser' (content was too short: 67 words).
2026-08-18 13:46:39,351 - INFO - [Al Jazeera] Article: https://www.aljazeera.com/video/newsfeed/2026/8/18/brazils-president-says-amazon-oil-is-passport-to-the?traffic_source=rss
2026-08-18 13:46:39,352 - INFO - [Al Jazeera] Attempt 2/2: Trying with 'selenium_browser' strategy...
2026-08-18 13:46:41,203 - INFO - [Times of India] Page content loaded.
2026-08-18 13:46:41,999 - INFO - [Al Jazeera] Page content loaded.
2026-08-18 13:46:42,200 - INFO - [Times of India] Success with 'selenium_browser'. Found content (458 words).
2026-08-18 13:46:42,442 - WARNING - [Al Jazeera] FAILED with 'selenium_browser' (content was too short: 71 words).
2026-08-18 13:46:42,456 - ERROR - [Al Jazeera] All scrape strategies failed for https://www.aljazeera.com/video/newsfeed/2026/8/18/brazils-president-says-amazon-oil-is-passport-to-the?traffic_source=rss. Falling back to RSS description.
2026-08-18 13:46:42,456 - WARNING - SKIPPED (GLOBAL WORD LIMIT): Article 'Brazil’s president says Amazon oil is ‘passport to the future’' from Al Jazeera has only 10 words (Min: 90).
2026-08-18 13:46:44,158 - INFO - [Al Jazeera] Article: https://www.aljazeera.com/video/newsfeed/2026/8/18/syrian-man-dies-in-custody-after-alleged-abuse-by-security-officers?traffic_source=rss
2026-08-18 13:46:44,158 - INFO - [Al Jazeera] Attempt 1/2: Trying with 'requests_browser' strategy...
2026-08-18 13:46:45,595 - INFO - [Wired] Page content loaded.
2026-08-18 13:46:45,857 - INFO - >>> SUCCESSFULLY SAVED [ID: 107598] - Indian students' protest in Canada: Cops identify 12 individuals who have no legal status and could be deported - The Times of India from Times of India (458 words)
2026-08-18 13:46:45,873 - ERROR - [The Hindu] Request failed for strategy 'selenium_browser' on URL https://www.thehindu.com/news/national/tamil-nadu/man-held-for-killing-mother-in-law-in-tirupattur/article71360632.ece: Message: timeout: Timed out receiving message from renderer: 7.000
  (Session info: chrome=152.0.7977.42)
Stacktrace:
#0 0x559ae5e6c2ca <unknown>
#1 0x559ae57cfb39 <unknown>
#2 0x559ae57b75bb <unknown>
#3 0x559ae57b7236 <unknown>
#4 0x559ae57b4e18 <unknown>
#5 0x559ae57b579f <unknown>
#6 0x559ae57c4880 <unknown>
#7 0x559ae57de7b7 <unknown>
#8 0x559ae57e619b <unknown>
#9 0x559ae57b5ef9 <unknown>
#10 0x559ae57de512 <unknown>
#11 0x559ae586db26 <unknown>
#12 0x559ae5818ecb <unknown>
#13 0x559ae5819cb1 <unknown>
#14 0x559ae5e307f0 <unknown>
#15 0x559ae5e2ee6a <unknown>
#16 0x559ae5e19bb5 <unknown>
#17 0x559ae5e2fb2a <unknown>
#18 0x559ae5e02df0 <unknown>
#19 0x559ae5e57238 <unknown>
#20 0x559ae5e573d5 <unknown>
#21 0x559ae5e6ae53 <unknown>
#22 0x7f75b429cb84 <unknown>
#23 0x7f75b4329d6c <unknown>

2026-08-18 13:46:45,873 - ERROR - [The Hindu] All scrape strategies failed for https://www.thehindu.com/news/national/tamil-nadu/man-held-for-killing-mother-in-law-in-tirupattur/article71360632.ece. Falling back to RSS description.
2026-08-18 13:46:45,873 - WARNING - SKIPPED (GLOBAL WORD LIMIT): Article 'Man held for killing mother-in-law in Tirupattur' from The Hindu has only 14 words (Min: 90).
2026-08-18 13:46:45,895 - WARNING - [Al Jazeera] FAILED with 'requests_browser' (content was too short: 71 words).
2026-08-18 13:46:46,306 - INFO - [Wired] Success with 'selenium_browser'. Found content (692 words).
2026-08-18 13:46:46,514 - INFO - [Al Jazeera] Article: https://www.aljazeera.com/video/newsfeed/2026/8/18/syrian-man-dies-in-custody-after-alleged-abuse-by-security-officers?traffic_source=rss
2026-08-18 13:46:46,514 - INFO - [Al Jazeera] Attempt 2/2: Trying with 'selenium_browser' strategy...
2026-08-18 13:46:46,550 - INFO - [Times of India] Article: https://timesofindia.indiatimes.com/world/us/in-the-1960s-the-us-began-displacing-around-600-families-for-a-40-mile-reservoir-in-1975-the-dam-was-shelved-and-their-land-became-a-70000-acre-national-park/articleshow/133281988.cms
2026-08-18 13:46:46,550 - INFO - [Times of India] Attempt 1/1: Trying with 'selenium_browser' strategy...
2026-08-18 13:46:47,999 - INFO - [The Hindu] Article: https://www.thehindu.com/news/cities/bangalore/parking-overhaul-at-kr-market-brings-seamless-movement-but-hits-small-vendors-businesses/article71350645.ece
2026-08-18 13:46:47,999 - INFO - [The Hindu] Attempt 1/1: Trying with 'selenium_browser' strategy...
2026-08-18 13:46:49,406 - ERROR - Error saving article Noom Promo Codes: 50% Off Best Deals & Free Trials for August 2026 | WIRED: Hrana: `stream error: `Error { message: "SQLite error: UNIQUE constraint failed: articles.url", code: "SQLITE_CONSTRAINT" }``
2026-08-18 13:46:49,861 - INFO - [Al Jazeera] Page content loaded.
2026-08-18 13:46:50,122 - WARNING - [Al Jazeera] FAILED with 'selenium_browser' (content was too short: 75 words).
2026-08-18 13:46:50,122 - ERROR - [Al Jazeera] All scrape strategies failed for https://www.aljazeera.com/video/newsfeed/2026/8/18/syrian-man-dies-in-custody-after-alleged-abuse-by-security-officers?traffic_source=rss. Falling back to RSS description.
2026-08-18 13:46:50,122 - WARNING - SKIPPED (GLOBAL WORD LIMIT): Article 'Syrian man dies in custody after alleged abuse by security officers' from Al Jazeera has only 15 words (Min: 90).
2026-08-18 13:46:50,612 - INFO - [Wired] Article: https://www.wired.com/story/hydrow-discount-code/
2026-08-18 13:46:50,613 - INFO - [Wired] Attempt 1/2: Trying with 'requests_browser' strategy...
2026-08-18 13:46:50,778 - ERROR - parsed tree length: 1, wrong data type or not valid HTML
2026-08-18 13:46:50,778 - ERROR - empty HTML tree: None
2026-08-18 13:46:50,778 - WARNING - discarding data: None
2026-08-18 13:46:50,778 - WARNING - [Wired] FAILED with 'requests_browser' (content was too short: 0 words).
2026-08-18 13:46:51,487 - INFO - [Al Jazeera] Early skip: URL https://www.aljazeera.com/news/2026/8/18/meta-lawsuits-is-social-media-facing-a-global-legal-reckoning?traffic_source=rss already exists.
2026-08-18 13:46:51,488 - INFO - [Al Jazeera] Early skip: URL https://www.aljazeera.com/sports/2026/8/18/infantinos-fifa-world-cup-fallout-lamour-exits-after-criticism-of-plan?traffic_source=rss already exists.
2026-08-18 13:46:51,490 - INFO - [Al Jazeera] Article: https://www.aljazeera.com/video/newsfeed/2026/8/18/videos-show-deadly-school-shooting-in-philippines?traffic_source=rss
2026-08-18 13:46:51,490 - INFO - [Al Jazeera] Attempt 1/2: Trying with 'requests_browser' strategy...
2026-08-18 13:46:51,496 - INFO - [Wired] Article: https://www.wired.com/story/hydrow-discount-code/
2026-08-18 13:46:51,497 - INFO - [Wired] Attempt 2/2: Trying with 'selenium_browser' strategy...
2026-08-18 13:46:51,649 - WARNING - [Al Jazeera] FAILED with 'requests_browser' (content was too short: 47 words).
2026-08-18 13:46:52,253 - INFO - [Al Jazeera] Article: https://www.aljazeera.com/video/newsfeed/2026/8/18/videos-show-deadly-school-shooting-in-philippines?traffic_source=rss
2026-08-18 13:46:52,258 - INFO - [Al Jazeera] Attempt 2/2: Trying with 'selenium_browser' strategy...
2026-08-18 13:46:55,196 - INFO - [Al Jazeera] Page content loaded.
2026-08-18 13:46:55,314 - INFO - [Economic Times] Page content loaded.
2026-08-18 13:46:55,515 - WARNING - [Al Jazeera] FAILED with 'selenium_browser' (content was too short: 51 words).
2026-08-18 13:46:55,515 - ERROR - [Al Jazeera] All scrape strategies failed for https://www.aljazeera.com/video/newsfeed/2026/8/18/videos-show-deadly-school-shooting-in-philippines?traffic_source=rss. Falling back to RSS description.
2026-08-18 13:46:55,515 - WARNING - SKIPPED (GLOBAL WORD LIMIT): Article 'Videos show deadly school shooting in Philippines' from Al Jazeera has only 18 words (Min: 90).
2026-08-18 13:46:55,811 - INFO - [Economic Times] Success with 'selenium_browser'. Found content (615 words).
2026-08-18 13:46:57,655 - INFO - [Al Jazeera] Article: https://www.aljazeera.com/video/newsfeed/2026/8/18/drone-video-shows-drought-hit-fields-in-england-after-driest-july-on-record?traffic_source=rss
2026-08-18 13:46:57,655 - INFO - [Al Jazeera] Attempt 1/2: Trying with 'requests_browser' strategy...
2026-08-18 13:46:57,658 - INFO - [Wired] Page content loaded.
2026-08-18 13:46:59,154 - ERROR - Error saving article Twitter's India policy head, Mahima Kaul, to step down; will transition in March - The Economic Times: Hrana: `stream error: `Error { message: "SQLite error: UNIQUE constraint failed: articles.url", code: "SQLITE_CONSTRAINT" }``
2026-08-18 13:46:59,281 - WARNING - [Al Jazeera] FAILED with 'requests_browser' (content was too short: 62 words).
2026-08-18 13:46:59,337 - INFO - [Wired] Success with 'selenium_browser'. Found content (658 words).
2026-08-18 13:46:59,544 - INFO - [Times of India] Page content loaded.
2026-08-18 13:47:00,975 - INFO - [Al Jazeera] Article: https://www.aljazeera.com/video/newsfeed/2026/8/18/drone-video-shows-drought-hit-fields-in-england-after-driest-july-on-record?traffic_source=rss
2026-08-18 13:47:00,975 - INFO - [Al Jazeera] Attempt 2/2: Trying with 'selenium_browser' strategy...
2026-08-18 13:47:00,976 - INFO - [Economic Times] Article: https://economictimes.indiatimes.com/tech/tech-and-gadgets/govt-may-keep-rs-7500-cr-outlay-for-it-hardware-manufacturing-under-pli-scheme/articleshow/80333429.cms
2026-08-18 13:47:01,452 - INFO - [Economic Times] Attempt 1/2: Trying with 'requests_browser' strategy...
2026-08-18 13:47:02,413 - ERROR - Error saving article Hydrow Discount Code: Save Up to $150 | August 2026 | WIRED: Hrana: `stream error: `Error { message: "SQLite error: UNIQUE constraint failed: articles.url", code: "SQLITE_CONSTRAINT" }``
2026-08-18 13:47:02,414 - WARNING - [The Hindu] Page get timed out (7s). Proceeding to grab partial source anyway.
2026-08-18 13:47:02,458 - ERROR - parsed tree length: 1, wrong data type or not valid HTML
2026-08-18 13:47:02,458 - ERROR - empty HTML tree: None
2026-08-18 13:47:02,458 - WARNING - discarding data: None
2026-08-18 13:47:02,458 - WARNING - [Economic Times] FAILED with 'requests_browser' (content was too short: 0 words).
2026-08-18 13:47:02,704 - INFO - [Times of India] Success with 'selenium_browser'. Found content (607 words).
2026-08-18 13:47:04,845 - INFO - [Economic Times] Article: https://economictimes.indiatimes.com/tech/tech-and-gadgets/govt-may-keep-rs-7500-cr-outlay-for-it-hardware-manufacturing-under-pli-scheme/articleshow/80333429.cms
2026-08-18 13:47:04,845 - INFO - [Economic Times] Attempt 2/2: Trying with 'selenium_browser' strategy...
2026-08-18 13:47:04,851 - INFO - [Wired] Article: https://www.wired.com/story/1password-coupon/
2026-08-18 13:47:04,851 - INFO - [Wired] Attempt 1/2: Trying with 'requests_browser' strategy...
2026-08-18 13:47:06,599 - INFO - >>> SUCCESSFULLY SAVED [ID: 107602] - In the 1960s, the US began displacing around 600 families for a 40-mile reservoir; in 1975 the dam was shelved and their land became a 70,000-acre national park - The Times of India from Times of India (607 words)
2026-08-18 13:47:06,635 - ERROR - parsed tree length: 1, wrong data type or not valid HTML
2026-08-18 13:47:06,635 - ERROR - empty HTML tree: None
2026-08-18 13:47:06,635 - WARNING - discarding data: None
2026-08-18 13:47:06,635 - WARNING - [Wired] FAILED with 'requests_browser' (content was too short: 0 words).
2026-08-18 13:47:07,224 - INFO - [Wired] Article: https://www.wired.com/story/1password-coupon/
2026-08-18 13:47:07,224 - INFO - [Wired] Attempt 2/2: Trying with 'selenium_browser' strategy...
2026-08-18 13:47:07,323 - INFO - [Al Jazeera] Page content loaded.
2026-08-18 13:47:07,725 - INFO - [Times of India] Article: https://timesofindia.indiatimes.com/world/us/alaskas-live-bearcam-has-become-a-summer-hit-7-3-million-views-in-six-weeks-as-brown-bears-gather-at-brooks-falls-to-catch-salmon/articleshow/133320404.cms
2026-08-18 13:47:07,725 - INFO - [Times of India] Attempt 1/1: Trying with 'selenium_browser' strategy...
2026-08-18 13:47:07,902 - WARNING - [Al Jazeera] FAILED with 'selenium_browser' (content was too short: 66 words).
2026-08-18 13:47:07,908 - ERROR - [Al Jazeera] All scrape strategies failed for https://www.aljazeera.com/video/newsfeed/2026/8/18/drone-video-shows-drought-hit-fields-in-england-after-driest-july-on-record?traffic_source=rss. Falling back to RSS description.
2026-08-18 13:47:07,908 - WARNING - SKIPPED (GLOBAL WORD LIMIT): Article 'Drone video shows drought-hit fields in England after driest July on record' from Al Jazeera has only 12 words (Min: 90).
2026-08-18 13:47:09,409 - INFO - [Al Jazeera] Early skip: URL https://www.aljazeera.com/news/2026/8/18/pakistan-top-court-orders-imran-khans-hospital-transfer-amid-access-battle?traffic_source=rss already exists.
2026-08-18 13:47:09,415 - INFO - [Al Jazeera] Early skip: URL https://www.aljazeera.com/sports/2026/8/18/cincinnati-open-williams-sisters-fall-in-doubles-while-zverev-advances?traffic_source=rss already exists.
2026-08-18 13:47:09,417 - INFO - [Al Jazeera] Article: https://www.aljazeera.com/video/newsfeed/2026/8/18/trump-lashes-out-at-cnn-reporter-over-south-korea-question?traffic_source=rss
2026-08-18 13:47:09,418 - INFO - [Al Jazeera] Attempt 1/2: Trying with 'requests_browser' strategy...
2026-08-18 13:47:09,467 - WARNING - [The Hindu] Page explicit wait timed out (3s). Proceeding anyway.
2026-08-18 13:47:09,616 - WARNING - [Al Jazeera] FAILED with 'requests_browser' (content was too short: 54 words).
2026-08-18 13:47:10,450 - INFO - [Al Jazeera] Article: https://www.aljazeera.com/video/newsfeed/2026/8/18/trump-lashes-out-at-cnn-reporter-over-south-korea-question?traffic_source=rss
2026-08-18 13:47:10,455 - INFO - [Al Jazeera] Attempt 2/2: Trying with 'selenium_browser' strategy...
2026-08-18 13:47:12,647 - INFO - [Al Jazeera] Page content loaded.
2026-08-18 13:47:12,921 - WARNING - [Al Jazeera] FAILED with 'selenium_browser' (content was too short: 58 words).
2026-08-18 13:47:12,921 - ERROR - [Al Jazeera] All scrape strategies failed for https://www.aljazeera.com/video/newsfeed/2026/8/18/trump-lashes-out-at-cnn-reporter-over-south-korea-question?traffic_source=rss. Falling back to RSS description.
2026-08-18 13:47:12,921 - WARNING - SKIPPED (GLOBAL WORD LIMIT): Article 'Trump lashes out at CNN reporter over South Korea question' from Al Jazeera has only 10 words (Min: 90).
2026-08-18 13:47:13,845 - INFO - [Al Jazeera] (Thread) Finished. Attempting to shut down its Selenium driver.
2026-08-18 13:47:14,149 - INFO - [Al Jazeera] (Thread) driver.quit() successful.
2026-08-18 13:47:15,464 - INFO - [Wired] Page content loaded.
2026-08-18 13:47:16,075 - INFO - [Wired] Success with 'selenium_browser'. Found content (713 words).
2026-08-18 13:47:18,140 - ERROR - [The Hindu] Request failed for strategy 'selenium_browser' on URL https://www.thehindu.com/news/cities/bangalore/parking-overhaul-at-kr-market-brings-seamless-movement-but-hits-small-vendors-businesses/article71350645.ece: Message: timeout: Timed out receiving message from renderer: 7.000
  (Session info: chrome=152.0.7977.42)
Stacktrace:
#0 0x559ae5e6c2ca <unknown>
#1 0x559ae57cfb39 <unknown>
#2 0x559ae57b75bb <unknown>
#3 0x559ae57b7236 <unknown>
#4 0x559ae57b4e18 <unknown>
#5 0x559ae57b579f <unknown>
#6 0x559ae57c4880 <unknown>
#7 0x559ae57de7b7 <unknown>
#8 0x559ae57e619b <unknown>
#9 0x559ae57b5ef9 <unknown>
#10 0x559ae57de512 <unknown>
#11 0x559ae586db26 <unknown>
#12 0x559ae5818ecb <unknown>
#13 0x559ae5819cb1 <unknown>
#14 0x559ae5e307f0 <unknown>
#15 0x559ae5e2ee6a <unknown>
#16 0x559ae5e19bb5 <unknown>
#17 0x559ae5e2fb2a <unknown>
#18 0x559ae5e02df0 <unknown>
#19 0x559ae5e57238 <unknown>
#20 0x559ae5e573d5 <unknown>
#21 0x559ae5e6ae53 <unknown>
#22 0x7f75b429cb84 <unknown>
#23 0x7f75b4329d6c <unknown>

2026-08-18 13:47:19,088 - ERROR - [The Hindu] All scrape strategies failed for https://www.thehindu.com/news/cities/bangalore/parking-overhaul-at-kr-market-brings-seamless-movement-but-hits-small-vendors-businesses/article71350645.ece. Falling back to RSS description.
2026-08-18 13:47:19,089 - ERROR - Error saving article 1Password Coupon: Score a Free Trial in August 2026 | WIRED: Hrana: `stream error: `Error { message: "SQLite error: UNIQUE constraint failed: articles.url", code: "SQLITE_CONSTRAINT" }``
2026-08-18 13:47:19,089 - WARNING - SKIPPED (GLOBAL WORD LIMIT): Article 'Parking overhaul at K.R. Market brings seamless movement but hits small vendors’ businesses' from The Hindu has only 25 words (Min: 90).
2026-08-18 13:47:19,937 - INFO - [Wired] Article: https://www.wired.com/story/steelseries-coupon-code/
2026-08-18 13:47:19,937 - INFO - [Wired] Attempt 1/2: Trying with 'requests_browser' strategy...
2026-08-18 13:47:20,128 - ERROR - parsed tree length: 1, wrong data type or not valid HTML
2026-08-18 13:47:20,128 - ERROR - empty HTML tree: None
2026-08-18 13:47:20,128 - WARNING - discarding data: None
2026-08-18 13:47:20,128 - WARNING - [Wired] FAILED with 'requests_browser' (content was too short: 0 words).
2026-08-18 13:47:20,535 - INFO - [The Hindu] Early skip: URL https://www.thehindu.com/news/national/press-club-of-india-criticises-police-action-against-independent-journalist-ravi-nair-over-adani-story/article71360449.ece already exists.
2026-08-18 13:47:20,537 - INFO - [The Hindu] Article: https://www.thehindu.com/news/national/karnataka/slight-increase-in-water-discharge-from-maharashtra-reservoirs/article71360689.ece
2026-08-18 13:47:20,537 - INFO - [The Hindu] Attempt 1/1: Trying with 'selenium_browser' strategy...
2026-08-18 13:47:20,626 - INFO - [Economic Times] Page content loaded.
2026-08-18 13:47:20,880 - INFO - [Wired] Article: https://www.wired.com/story/steelseries-coupon-code/
2026-08-18 13:47:20,880 - INFO - [Wired] Attempt 2/2: Trying with 'selenium_browser' strategy...
2026-08-18 13:47:21,278 - INFO - [Economic Times] Success with 'selenium_browser'. Found content (481 words).
2026-08-18 13:47:23,521 - INFO - [Times of India] Page content loaded.
2026-08-18 13:47:24,463 - ERROR - Error saving article Govt may keep Rs 7,500 cr outlay for IT hardware manufacturing under PLI scheme - The Economic Times: Hrana: `stream error: `Error { message: "SQLite error: UNIQUE constraint failed: articles.url", code: "SQLITE_CONSTRAINT" }``
2026-08-18 13:47:25,069 - INFO - [Wired] Page content loaded.
2026-08-18 13:47:25,163 - INFO - [Times of India] Success with 'selenium_browser'. Found content (616 words).
2026-08-18 13:47:25,511 - INFO - [Economic Times] Article: https://economictimes.indiatimes.com/tech/technology/indian-dating-apps-services-see-surge-of-paying-users-in-small-cities/articleshow/80063342.cms
2026-08-18 13:47:25,511 - INFO - [Economic Times] Attempt 1/2: Trying with 'requests_browser' strategy...
2026-08-18 13:47:28,808 - INFO - >>> SUCCESSFULLY SAVED [ID: 107605] - Alaska's live bearcam has become a summer hit: 7.3 million views in six weeks as brown bears gather at Brooks Falls to catch salmon - The Times of India from Times of India (616 words)
2026-08-18 13:47:28,813 - ERROR - parsed tree length: 1, wrong data type or not valid HTML
2026-08-18 13:47:28,814 - ERROR - empty HTML tree: None
2026-08-18 13:47:28,814 - WARNING - discarding data: None
2026-08-18 13:47:28,814 - WARNING - [Economic Times] FAILED with 'requests_browser' (content was too short: 0 words).
2026-08-18 13:47:28,853 - INFO - [Wired] Success with 'selenium_browser'. Found content (604 words).
2026-08-18 13:47:30,623 - INFO - [Economic Times] Article: https://economictimes.indiatimes.com/tech/technology/indian-dating-apps-services-see-surge-of-paying-users-in-small-cities/articleshow/80063342.cms
2026-08-18 13:47:30,624 - INFO - [Times of India] Early skip: URL https://timesofindia.indiatimes.com/world/us/in-1980-miles-boekeloo-sold-his-365-acre-michigan-wilderness-retreat-to-the-national-park-service-the-deal-let-his-family-keep-its-cabin-and-5-acres-for-another-25-years/articleshow/133322036.cms already exists.
2026-08-18 13:47:31,090 - INFO - [Economic Times] Attempt 2/2: Trying with 'selenium_browser' strategy...
2026-08-18 13:47:32,026 - ERROR - Error saving article SteelSeries Coupon Codes: 15% Off in August 2026 | WIRED: Hrana: `stream error: `Error { message: "SQLite error: UNIQUE constraint failed: articles.url", code: "SQLITE_CONSTRAINT" }``
2026-08-18 13:47:32,027 - INFO - [Times of India] Early skip: URL https://timesofindia.indiatimes.com/world/europe/british-couple-on-honeymoon-die-in-helicopter-crash-on-greek-island-pilot-also-killed/articleshow/133321252.cms already exists.
2026-08-18 13:47:32,028 - INFO - [Times of India] Early skip: URL https://timesofindia.indiatimes.com/world/us-streamers/who-was-sonia-bellina-french-tiktokers-burned-body-found-in-saint-gilles-vineyard-days-after-going-missing/articleshow/133320370.cms already exists.
2026-08-18 13:47:32,029 - INFO - [Times of India] Early skip: URL https://timesofindia.indiatimes.com/science/california-scientists-poisoned-invasive-argentine-ant-colonies-with-two-common-baits-one-sent-workers-roaming-before-death-the-other-made-them-stop-searching-for-food-and-cluster-near-water/articleshow/133318180.cms already exists.
2026-08-18 13:47:32,030 - INFO - [Times of India] Early skip: URL https://timesofindia.indiatimes.com/world/us/meet-ritu-narayan-indian-origin-mom-whose-1-7-billion-school-transportation-startup-is-transforming-the-lives-of-american-students-one-bus-at-a-time/articleshow/133316949.cms already exists.
2026-08-18 13:47:32,031 - INFO - [Times of India] Early skip: URL https://timesofindia.indiatimes.com/world/us-streamers/kick-streamer-jollyirls-bungee-jump-incident-in-thailand-explained-after-livestream-cuts-mid-jump/articleshow/133319596.cms already exists.
2026-08-18 13:47:32,033 - INFO - [Times of India] Early skip: URL https://timesofindia.indiatimes.com/world/us/a-former-blackrock-employee-ordered-10000-pairs-of-socks-for-100000-to-test-a-business-idea-her-startup-later-raised-2-million-and-reached-shark-tank/articleshow/133319626.cms already exists.
2026-08-18 13:47:32,034 - INFO - [Times of India] Early skip: URL https://timesofindia.indiatimes.com/science/henrietta-lacks-died-at-31-in-1951-but-her-cells-kept-multiplying-the-discovery-that-transformed-medicine-and-helped-save-millions-of-lives/articleshow/133318920.cms already exists.
2026-08-18 13:47:32,036 - INFO - [Times of India] Early skip: URL https://timesofindia.indiatimes.com/world/us/us-mother-sues-portland-public-school-after-being-barred-from-campus-following-gender-policy-dispute/articleshow/133318486.cms already exists.
2026-08-18 13:47:32,037 - INFO - [Times of India] Early skip: URL https://timesofindia.indiatimes.com/world/rest-of-world/a-grape-variety-from-cyprus-is-helping-australian-vineyards-survive-extreme-heat-growers-using-xynisteri-have-cut-water-consumption-by-75-while-the-vines-have-survived-temperatures-above-45c/articleshow/133317003.cms already exists.
2026-08-18 13:47:32,038 - INFO - [Times of India] Early skip: URL https://timesofindia.indiatimes.com/science/since-webb-discovered-mysterious-little-red-dots-in-2022-astronomers-have-struggled-to-explain-them-a-galaxy-seen-3-3-billion-years-after-the-big-bang-may-finally-reveal-their-hidden-evolution/articleshow/133318067.cms already exists.
2026-08-18 13:47:32,040 - INFO - [Times of India] Early skip: URL https://timesofindia.indiatimes.com/world/south-asia/blast-near-kabul-school-injures-around-50-children-un-condemns-heinous-act/articleshow/133318082.cms already exists.
2026-08-18 13:47:32,041 - INFO - [Times of India] Early skip: URL https://timesofindia.indiatimes.com/world/us-streamers/xqc-calls-out-hasan-for-blaming-coordinated-smear-campaigns-over-dog-controversy/articleshow/133318129.cms already exists.
2026-08-18 13:47:32,042 - INFO - [Times of India] Early skip: URL https://timesofindia.indiatimes.com/world/uk/quote-of-the-day-by-kate-middleton-it-is-lonely-at-times-and-you-do-feel-quite-isolated-but-actually-a-lesson-on-motherhood-and-loneliness/articleshow/133318106.cms already exists.
2026-08-18 13:47:32,044 - INFO - [Times of India] Early skip: URL https://timesofindia.indiatimes.com/technology/tech-news/in-1989-apple-buried-about-2700-unsold-lisa-computers-in-a-utah-landfill-after-its-10000-machine-failed-37-years-later-it-remains-one-of-the-strangest-product-failures-in-the-companys-history/articleshow/133316306.cms already exists.
2026-08-18 13:47:32,045 - INFO - [Times of India] Early skip: URL https://timesofindia.indiatimes.com/world/rest-of-world/in-2017-75-year-old-jeanne-socrates-suffered-major-injuries-after-falling-from-a-ladder-while-preparing-to-sail-around-the-world-two-years-later-she-finished-the-voyage-alone-at-77-and-set-a-world-record/articleshow/133317490.cms already exists.
2026-08-18 13:47:32,046 - INFO - [Times of India] Early skip: URL https://timesofindia.indiatimes.com/world/uk/ex-cambridge-scholar-nathan-cofnas-who-exposed-jason-arday-plagiarism-claims-says-he-could-be-murdered-after-thousands-rally-at-trafalgar-square/articleshow/133317274.cms already exists.
2026-08-18 13:47:32,047 - INFO - [Times of India] (Thread) Finished. Attempting to shut down its Selenium driver.
2026-08-18 13:47:32,136 - INFO - [Times of India] (Thread) driver.quit() successful.
2026-08-18 13:47:33,255 - INFO - [Wired] Article: https://www.wired.com/story/vivid-seats-promo-code/
2026-08-18 13:47:33,257 - INFO - [Wired] Attempt 1/2: Trying with 'requests_browser' strategy...
2026-08-18 13:47:33,394 - ERROR - parsed tree length: 1, wrong data type or not valid HTML
2026-08-18 13:47:33,394 - ERROR - empty HTML tree: None
2026-08-18 13:47:33,394 - WARNING - discarding data: None
2026-08-18 13:47:33,394 - WARNING - [Wired] FAILED with 'requests_browser' (content was too short: 0 words).
2026-08-18 13:47:33,439 - INFO - [Economic Times] Page content loaded.
2026-08-18 13:47:33,546 - WARNING - [Economic Times] FAILED with 'selenium_browser' (content was too short: 84 words).
2026-08-18 13:47:33,546 - ERROR - [Economic Times] All scrape strategies failed for https://economictimes.indiatimes.com/tech/technology/indian-dating-apps-services-see-surge-of-paying-users-in-small-cities/articleshow/80063342.cms. Falling back to RSS description.
2026-08-18 13:47:33,546 - WARNING - SKIPPED (GLOBAL WORD LIMIT): Article 'Indian dating apps, services see surge of paying users in small cities ' from Economic Times has only 54 words (Min: 90).
2026-08-18 13:47:34,199 - INFO - [Economic Times] Article: https://economictimes.indiatimes.com/tech/technology/time-for-govt-cos-to-adopt-ai-deloitte-india/articleshow/79981215.cms
2026-08-18 13:47:34,199 - INFO - [Economic Times] Attempt 1/2: Trying with 'requests_browser' strategy...
2026-08-18 13:47:34,254 - INFO - [Wired] Article: https://www.wired.com/story/vivid-seats-promo-code/
2026-08-18 13:47:34,254 - INFO - [Wired] Attempt 2/2: Trying with 'selenium_browser' strategy...
2026-08-18 13:47:34,990 - ERROR - parsed tree length: 1, wrong data type or not valid HTML
2026-08-18 13:47:34,990 - ERROR - empty HTML tree: None
2026-08-18 13:47:34,990 - WARNING - discarding data: None
2026-08-18 13:47:34,990 - WARNING - [Economic Times] FAILED with 'requests_browser' (content was too short: 0 words).
2026-08-18 13:47:35,498 - INFO - [Economic Times] Article: https://economictimes.indiatimes.com/tech/technology/time-for-govt-cos-to-adopt-ai-deloitte-india/articleshow/79981215.cms
2026-08-18 13:47:35,498 - INFO - [Economic Times] Attempt 2/2: Trying with 'selenium_browser' strategy...
2026-08-18 13:47:35,567 - WARNING - [The Hindu] Page get timed out (7s). Proceeding to grab partial source anyway.
2026-08-18 13:47:35,679 - INFO - [Wired] Page content loaded.
2026-08-18 13:47:36,070 - INFO - [Wired] Success with 'selenium_browser'. Found content (780 words).
2026-08-18 13:47:38,980 - ERROR - Error saving article Vivid Seats Promo Codes and Deals: Get 10% Off | WIRED: Hrana: `stream error: `Error { message: "SQLite error: UNIQUE constraint failed: articles.url", code: "SQLITE_CONSTRAINT" }``
2026-08-18 13:47:38,989 - INFO - [Economic Times] Page content loaded.
2026-08-18 13:47:39,082 - WARNING - [Economic Times] FAILED with 'selenium_browser' (content was too short: 74 words).
2026-08-18 13:47:39,082 - ERROR - [Economic Times] All scrape strategies failed for https://economictimes.indiatimes.com/tech/technology/time-for-govt-cos-to-adopt-ai-deloitte-india/articleshow/79981215.cms. Falling back to RSS description.
2026-08-18 13:47:39,082 - WARNING - SKIPPED (GLOBAL WORD LIMIT): Article 'Time for government, companies to adopt artificial intelligence: Deloitte India ' from Economic Times has only 49 words (Min: 90).
2026-08-18 13:47:40,185 - INFO - [Economic Times] Article: https://economictimes.indiatimes.com/news/international/world-news/trump-announces-a-deal-for-hamas-to-disarm-in-gaza-but-many-hurdles-and-uncertainty-remain/articleshow/132753009.cms
2026-08-18 13:47:40,186 - INFO - [Economic Times] Attempt 1/2: Trying with 'requests_browser' strategy...
2026-08-18 13:47:40,349 - INFO - [Wired] Article: https://www.wired.com/story/western-digital-promo-code/
2026-08-18 13:47:40,349 - INFO - [Wired] Attempt 1/2: Trying with 'requests_browser' strategy...
2026-08-18 13:47:40,487 - ERROR - parsed tree length: 1, wrong data type or not valid HTML
2026-08-18 13:47:40,487 - ERROR - empty HTML tree: None
2026-08-18 13:47:40,487 - WARNING - discarding data: None
2026-08-18 13:47:40,487 - WARNING - [Wired] FAILED with 'requests_browser' (content was too short: 0 words).
2026-08-18 13:47:40,571 - INFO - [Economic Times] Success with 'requests_browser'. Found content (1285 words).
2026-08-18 13:47:42,067 - INFO - [Wired] Article: https://www.wired.com/story/western-digital-promo-code/
2026-08-18 13:47:42,536 - INFO - [Wired] Attempt 2/2: Trying with 'selenium_browser' strategy...
2026-08-18 13:47:43,469 - ERROR - Error saving article Trump announces a deal for Hamas to disarm in Gaza, but many hurdles and uncertainty remain - The Economic Times: Hrana: `stream error: `Error { message: "SQLite error: UNIQUE constraint failed: articles.url", code: "SQLITE_CONSTRAINT" }``
2026-08-18 13:47:43,470 - WARNING - [The Hindu] Page explicit wait timed out (3s). Proceeding anyway.
2026-08-18 13:47:44,051 - INFO - [Economic Times] Article: https://economictimes.indiatimes.com/news/new-updates/in-1943-us-built-an-entire-city-and-it-didnt-exist-on-a-single-map/articleshow/132659427.cms
2026-08-18 13:47:44,051 - INFO - [Economic Times] Attempt 1/2: Trying with 'requests_browser' strategy...
2026-08-18 13:47:44,464 - INFO - [Economic Times] Success with 'requests_browser'. Found content (688 words).
2026-08-18 13:47:45,971 - INFO - [Wired] Page content loaded.
2026-08-18 13:47:47,374 - ERROR - Error saving article In 1943, US built an entire city, and it didn't exist on a single map - The Economic Times: Hrana: `stream error: `Error { message: "SQLite error: UNIQUE constraint failed: articles.url", code: "SQLITE_CONSTRAINT" }``
2026-08-18 13:47:47,429 - INFO - [Wired] Success with 'selenium_browser'. Found content (689 words).
2026-08-18 13:47:48,936 - INFO - [Economic Times] Article: https://economictimes.indiatimes.com/news/new-updates/humans-have-a-third-eye-in-the-brain-study-links-it-to-a-600-million-year-old-cyclops-ancestor/articleshow/132655441.cms
2026-08-18 13:47:49,403 - INFO - [Economic Times] Attempt 1/2: Trying with 'requests_browser' strategy...
2026-08-18 13:47:50,343 - ERROR - Error saving article Western Digital Promo Code: 15% Off | WIRED: Hrana: `stream error: `Error { message: "SQLite error: UNIQUE constraint failed: articles.url", code: "SQLITE_CONSTRAINT" }``
2026-08-18 13:47:50,477 - ERROR - [The Hindu] Request failed for strategy 'selenium_browser' on URL https://www.thehindu.com/news/national/karnataka/slight-increase-in-water-discharge-from-maharashtra-reservoirs/article71360689.ece: Message: timeout: Timed out receiving message from renderer: 7.000
  (Session info: chrome=152.0.7977.42)
Stacktrace:
#0 0x559ae5e6c2ca <unknown>
#1 0x559ae57cfb39 <unknown>
#2 0x559ae57b75bb <unknown>
#3 0x559ae57b7236 <unknown>
#4 0x559ae57b4e18 <unknown>
#5 0x559ae57b579f <unknown>
#6 0x559ae57c4880 <unknown>
#7 0x559ae57de7b7 <unknown>
#8 0x559ae57e619b <unknown>
#9 0x559ae57b5ef9 <unknown>
#10 0x559ae57de512 <unknown>
#11 0x559ae586db26 <unknown>
#12 0x559ae5818ecb <unknown>
#13 0x559ae5819cb1 <unknown>
#14 0x559ae5e307f0 <unknown>
#15 0x559ae5e2ee6a <unknown>
#16 0x559ae5e19bb5 <unknown>
#17 0x559ae5e2fb2a <unknown>
#18 0x559ae5e02df0 <unknown>
#19 0x559ae5e57238 <unknown>
#20 0x559ae5e573d5 <unknown>
#21 0x559ae5e6ae53 <unknown>
#22 0x7f75b429cb84 <unknown>
#23 0x7f75b4329d6c <unknown>

2026-08-18 13:47:50,478 - ERROR - [The Hindu] All scrape strategies failed for https://www.thehindu.com/news/national/karnataka/slight-increase-in-water-discharge-from-maharashtra-reservoirs/article71360689.ece. Falling back to RSS description.
2026-08-18 13:47:50,478 - WARNING - SKIPPED (GLOBAL WORD LIMIT): Article 'Slight increase in water discharge from Maharashtra reservoirs' from The Hindu has only 3 words (Min: 90).
2026-08-18 13:47:50,858 - INFO - [Economic Times] Success with 'requests_browser'. Found content (593 words).
2026-08-18 13:47:52,354 - INFO - [The Hindu] Article: https://www.thehindu.com/news/national/andhra-pradesh/cbi-arrests-mining-deputy-director-two-others-on-bribery-charge/article71360590.ece
2026-08-18 13:47:52,355 - INFO - [Wired] Article: https://www.wired.com/story/logitech-promo-code/
2026-08-18 13:47:53,765 - INFO - [Wired] Attempt 1/2: Trying with 'requests_browser' strategy...
2026-08-18 13:47:53,766 - ERROR - Error saving article Humans have a 'third eye' in the brain: Study links it to a 600-million-year-old Cyclops ancestor - The Economic Times: Hrana: `stream error: `Error { message: "SQLite error: UNIQUE constraint failed: articles.url", code: "SQLITE_CONSTRAINT" }``
2026-08-18 13:47:52,821 - INFO - [The Hindu] Attempt 1/1: Trying with 'selenium_browser' strategy...
2026-08-18 13:47:53,910 - ERROR - parsed tree length: 1, wrong data type or not valid HTML
2026-08-18 13:47:53,910 - ERROR - empty HTML tree: None
2026-08-18 13:47:53,910 - WARNING - discarding data: None
2026-08-18 13:47:53,910 - WARNING - [Wired] FAILED with 'requests_browser' (content was too short: 0 words).
2026-08-18 13:47:54,609 - INFO - [Wired] Article: https://www.wired.com/story/logitech-promo-code/
2026-08-18 13:47:54,609 - INFO - [Wired] Attempt 2/2: Trying with 'selenium_browser' strategy...
2026-08-18 13:47:54,618 - INFO - [Economic Times] Article: https://economictimes.indiatimes.com/news/new-updates/1500-ships-trapped-in-gulf-of-hormuz-is-quietly-multiplying-an-underwater-army-that-could-unleash-worlds-biggest-bioinvasion-event/articleshow/132595366.cms
2026-08-18 13:47:54,618 - INFO - [Economic Times] Attempt 1/2: Trying with 'requests_browser' strategy...
2026-08-18 13:47:55,427 - INFO - [Economic Times] Success with 'requests_browser'. Found content (687 words).
2026-08-18 13:47:58,333 - ERROR - Error saving article 1,500 ships trapped in Gulf of Hormuz are quietly multiplying an underwater army that could unleash World's biggest bioinvasion event - The Economic Times: Hrana: `stream error: `Error { message: "SQLite error: UNIQUE constraint failed: articles.url", code: "SQLITE_CONSTRAINT" }``
2026-08-18 13:47:58,338 - INFO - [Wired] Page content loaded.
2026-08-18 13:47:58,589 - INFO - [Wired] Success with 'selenium_browser'. Found content (811 words).
2026-08-18 13:48:00,093 - INFO - [Economic Times] Article: https://economictimes.indiatimes.com/news/new-updates/argentina-vs-spain-fifa-world-cup-final-to-be-replayed-petition-for-a-rematch-crosses-60000-signatures/articleshow/132576024.cms
2026-08-18 13:48:00,561 - INFO - [Economic Times] Attempt 1/2: Trying with 'requests_browser' strategy...
2026-08-18 13:48:01,504 - ERROR - Error saving article Logitech Promo Codes and Deals: Up to $100 Off | WIRED: Hrana: `stream error: `Error { message: "SQLite error: UNIQUE constraint failed: articles.url", code: "SQLITE_CONSTRAINT" }``
2026-08-18 13:48:01,907 - INFO - [Economic Times] Success with 'requests_browser'. Found content (228 words).
2026-08-18 13:48:03,435 - INFO - [Wired] Article: https://www.wired.com/story/ring-promo-code/
2026-08-18 13:48:03,905 - INFO - [Wired] Attempt 1/2: Trying with 'requests_browser' strategy...
2026-08-18 13:48:04,857 - ERROR - Error saving article Argentina vs Spain FIFA World Cup Final to be replayed? Petition for a rematch crosses 60,000 signatures - The Economic Times: Hrana: `stream error: `Error { message: "SQLite error: UNIQUE constraint failed: articles.url", code: "SQLITE_CONSTRAINT" }``
2026-08-18 13:48:04,983 - ERROR - parsed tree length: 1, wrong data type or not valid HTML
2026-08-18 13:48:04,983 - ERROR - empty HTML tree: None
2026-08-18 13:48:04,983 - WARNING - discarding data: None
2026-08-18 13:48:04,983 - WARNING - [Wired] FAILED with 'requests_browser' (content was too short: 0 words).
2026-08-18 13:48:05,486 - INFO - [Economic Times] Article: https://economictimes.indiatimes.com/news/new-updates/he-baked-potato-in-aluminium-foil-and-ate-it-next-morning-after-microwaving-it-hours-later-he-was-paralysed-doctor-explains-why/articleshow/132574269.cms
2026-08-18 13:48:05,486 - INFO - [Economic Times] Attempt 1/2: Trying with 'requests_browser' strategy...
2026-08-18 13:48:05,799 - INFO - [Wired] Article: https://www.wired.com/story/ring-promo-code/
2026-08-18 13:48:05,799 - INFO - [Wired] Attempt 2/2: Trying with 'selenium_browser' strategy...
2026-08-18 13:48:05,804 - INFO - [Economic Times] Success with 'requests_browser'. Found content (558 words).
2026-08-18 13:48:08,771 - WARNING - [The Hindu] Page get timed out (7s). Proceeding to grab partial source anyway.
2026-08-18 13:48:08,771 - ERROR - Error saving article He baked potato in aluminium foil, and ate it next morning after microwaving. Hours later, he was paralysed, doctor explains why - The Economic Times: Hrana: `stream error: `Error { message: "SQLite error: UNIQUE constraint failed: articles.url", code: "SQLITE_CONSTRAINT" }``
2026-08-18 13:48:08,776 - INFO - [Wired] Page content loaded.
2026-08-18 13:48:08,986 - INFO - [Wired] Success with 'selenium_browser'. Found content (679 words).
2026-08-18 13:48:10,486 - INFO - [Economic Times] Article: https://economictimes.indiatimes.com/news/elections/assembly-elections/assam/done-deal-cm-himanta-biswa-sarma-on-nda-seat-sharing-for-assam-polls/articleshow/128678098.cms
2026-08-18 13:48:10,954 - INFO - [Economic Times] Attempt 1/2: Trying with 'requests_browser' strategy...
2026-08-18 13:48:11,891 - ERROR - Error saving article Ring Promo Code: 50% Off | WIRED: Hrana: `stream error: `Error { message: "SQLite error: UNIQUE constraint failed: articles.url", code: "SQLITE_CONSTRAINT" }``
2026-08-18 13:48:12,248 - INFO - [Economic Times] Success with 'requests_browser'. Found content (518 words).
2026-08-18 13:48:13,758 - INFO - [Wired] Article: https://www.wired.com/story/womanizer-coupon/
2026-08-18 13:48:14,225 - INFO - [Wired] Attempt 1/2: Trying with 'requests_browser' strategy...
2026-08-18 13:48:15,171 - ERROR - Error saving article 'Done deal': CM Himanta Biswa Sarma on NDA seat-sharing for Assam polls - The Economic Times: Hrana: `stream error: `Error { message: "SQLite error: UNIQUE constraint failed: articles.url", code: "SQLITE_CONSTRAINT" }``
2026-08-18 13:48:15,310 - ERROR - parsed tree length: 1, wrong data type or not valid HTML
2026-08-18 13:48:15,310 - ERROR - empty HTML tree: None
2026-08-18 13:48:15,310 - WARNING - discarding data: None
2026-08-18 13:48:15,310 - WARNING - [Wired] FAILED with 'requests_browser' (content was too short: 0 words).
2026-08-18 13:48:15,779 - WARNING - [The Hindu] Page explicit wait timed out (3s). Proceeding anyway.
2026-08-18 13:48:16,116 - INFO - [Wired] Article: https://www.wired.com/story/womanizer-coupon/
2026-08-18 13:48:16,116 - INFO - [Wired] Attempt 2/2: Trying with 'selenium_browser' strategy...
2026-08-18 13:48:16,361 - INFO - [Economic Times] Article: https://economictimes.indiatimes.com/news/elections/assembly-elections/bihar/rare-intensive-revision-in-bihar-four-months-before-polls/articleshow/122167501.cms
2026-08-18 13:48:16,361 - INFO - [Economic Times] Attempt 1/2: Trying with 'requests_browser' strategy...
2026-08-18 13:48:16,691 - INFO - [Economic Times] Success with 'requests_browser'. Found content (864 words).
2026-08-18 13:48:19,616 - ERROR - Error saving article Rare 'intensive' revision in Bihar four months before polls - The Economic Times: Hrana: `stream error: `Error { message: "SQLite error: UNIQUE constraint failed: articles.url", code: "SQLITE_CONSTRAINT" }``
2026-08-18 13:48:19,620 - INFO - [Wired] Page content loaded.
2026-08-18 13:48:19,828 - INFO - [Wired] Success with 'selenium_browser'. Found content (1008 words).
2026-08-18 13:48:21,311 - INFO - [Economic Times] Article: https://economictimes.indiatimes.com/news/elections/assembly-elections/delhi/bjp-accuses-kejriwal-of-sending-voters-hoax-calls-to-mislead/articleshow/117579007.cms
2026-08-18 13:48:21,776 - INFO - [Economic Times] Attempt 1/2: Trying with 'requests_browser' strategy...
2026-08-18 13:48:22,728 - ERROR - Error saving article Womanizer Coupons: Save 15% in August | WIRED: Hrana: `stream error: `Error { message: "SQLite error: UNIQUE constraint failed: articles.url", code: "SQLITE_CONSTRAINT" }``
2026-08-18 13:48:22,787 - ERROR - [The Hindu] Request failed for strategy 'selenium_browser' on URL https://www.thehindu.com/news/national/andhra-pradesh/cbi-arrests-mining-deputy-director-two-others-on-bribery-charge/article71360590.ece: Message: timeout: Timed out receiving message from renderer: 7.000
  (Session info: chrome=152.0.7977.42)
Stacktrace:
#0 0x559ae5e6c2ca <unknown>
#1 0x559ae57cfb39 <unknown>
#2 0x559ae57b75bb <unknown>
#3 0x559ae57b7236 <unknown>
#4 0x559ae57b4e18 <unknown>
#5 0x559ae57b579f <unknown>
#6 0x559ae57c4880 <unknown>
#7 0x559ae57de7b7 <unknown>
#8 0x559ae57e619b <unknown>
#9 0x559ae57b5ef9 <unknown>
#10 0x559ae57de512 <unknown>
#11 0x559ae586db26 <unknown>
#12 0x559ae5818ecb <unknown>
#13 0x559ae5819cb1 <unknown>
#14 0x559ae5e307f0 <unknown>
#15 0x559ae5e2ee6a <unknown>
#16 0x559ae5e19bb5 <unknown>
#17 0x559ae5e2fb2a <unknown>
#18 0x559ae5e02df0 <unknown>
#19 0x559ae5e57238 <unknown>
#20 0x559ae5e573d5 <unknown>
#21 0x559ae5e6ae53 <unknown>
#22 0x7f75b429cb84 <unknown>
#23 0x7f75b4329d6c <unknown>

2026-08-18 13:48:22,787 - ERROR - [The Hindu] All scrape strategies failed for https://www.thehindu.com/news/national/andhra-pradesh/cbi-arrests-mining-deputy-director-two-others-on-bribery-charge/article71360590.ece. Falling back to RSS description.
2026-08-18 13:48:22,787 - WARNING - SKIPPED (GLOBAL WORD LIMIT): Article 'CBI arrests Mining Deputy Director, two others on bribery charge' from The Hindu has only 33 words (Min: 90).
2026-08-18 13:48:23,164 - INFO - [Economic Times] Success with 'requests_browser'. Found content (550 words).
2026-08-18 13:48:24,646 - INFO - [The Hindu] Article: https://www.thehindu.com/news/national/jammu-and-kashmir/us-ambassador-sergio-gor-to-visit-kashmir-meet-omar-abdullah/article71360482.ece
2026-08-18 13:48:24,646 - INFO - [Wired] Early skip: URL https://www.wired.com/story/what-el-nino-means-weather-water-global-economy/ already exists.
2026-08-18 13:48:25,109 - INFO - [The Hindu] Attempt 1/1: Trying with 'selenium_browser' strategy...
2026-08-18 13:48:26,057 - ERROR - Error saving article BJP accuses Kejriwal of sending voters hoax calls to mislead - The Economic Times: Hrana: `stream error: `Error { message: "SQLite error: UNIQUE constraint failed: articles.url", code: "SQLITE_CONSTRAINT" }``
2026-08-18 13:48:26,059 - INFO - [Wired] Early skip: URL https://www.wired.com/story/this-r-rated-film-studio-wants-to-be-the-hbo-of-ai/ already exists.
2026-08-18 13:48:26,060 - INFO - [Wired] Early skip: URL https://www.wired.com/gallery/best-cheap-laptops/ already exists.
2026-08-18 13:48:26,061 - INFO - [Wired] Early skip: URL https://www.wired.com/review/cookunity-prepared-meal-delivery-2026/ already exists.
2026-08-18 13:48:26,062 - INFO - [Wired] Early skip: URL https://www.wired.com/review/skylight-buddy/ already exists.
2026-08-18 13:48:26,063 - INFO - [Wired] Early skip: URL https://www.wired.com/story/el-nino-quiets-atlantic-hurricane-season/ already exists.
2026-08-18 13:48:26,064 - INFO - [Wired] Early skip: URL https://www.wired.com/story/election-officials-are-preparing-for-prediction-markets-to-sow-chaos-in-the-midterms/ already exists.
2026-08-18 13:48:26,066 - INFO - [Wired] Early skip: URL https://www.wired.com/story/new-link-between-gut-health-and-alzheimers/ already exists.
2026-08-18 13:48:26,067 - INFO - [Wired] Early skip: URL https://www.wired.com/story/black-hole-stars-are-becoming-less-hypothetical/ already exists.
2026-08-18 13:48:26,068 - INFO - [Wired] Early skip: URL https://www.wired.com/review/samsung-galaxy-z-fold8-and-z-fold8-ultra/ already exists.
2026-08-18 13:48:26,069 - INFO - [Wired] Early skip: URL https://www.wired.com/story/its-never-too-early-to-start-planning-for-the-next-two-solar-eclipses/ already exists.
2026-08-18 13:48:26,070 - INFO - [Wired] Early skip: URL https://www.wired.com/story/easydmg-finally-fixed-installing-apps-on-a-mac/ already exists.
2026-08-18 13:48:26,071 - INFO - [Wired] Early skip: URL https://www.wired.com/review/terramow-v1000/ already exists.
2026-08-18 13:48:26,072 - INFO - [Wired] Early skip: URL https://www.wired.com/story/inside-experimental-traps-scientists-set-for-neutrinos/ already exists.
2026-08-18 13:48:26,073 - INFO - [Wired] Early skip: URL https://www.wired.com/gallery/best-cat-water-fountains/ already exists.
2026-08-18 13:48:26,075 - INFO - [Wired] Early skip: URL https://www.wired.com/review/retrospec-joe-rev-2/ already exists.
2026-08-18 13:48:26,076 - INFO - [Wired] Early skip: URL https://www.wired.com/story/this-beautifully-weird-necklace-is-secretly-a-usb-drive/ already exists.
2026-08-18 13:48:26,077 - INFO - [Wired] Early skip: URL https://www.wired.com/story/instapaper-the-original-read-it-later-app-just-got-a-huge-upgrade/ already exists.
2026-08-18 13:48:26,078 - INFO - [Wired] Early skip: URL https://www.wired.com/story/best-apple-watch-accessories/ already exists.
2026-08-18 13:48:26,079 - INFO - [Wired] Early skip: URL https://www.wired.com/review/auk-mini-2-indoor-smart-garden/ already exists.
2026-08-18 13:48:26,080 - INFO - [Wired] Early skip: URL https://www.wired.com/story/a-young-bodybuilders-rise-preceded-the-looksmaxxing-movement-his-legacy-feels-more-relevant-than-ever/ already exists.
2026-08-18 13:48:26,081 - INFO - [Wired] Early skip: URL https://www.wired.com/story/best-apple-watch-bands/ already exists.
2026-08-18 13:48:26,083 - INFO - [Wired] Early skip: URL https://www.wired.com/story/puerto-rico-is-rationing-water-it-could-avoid-it-by-harvesting-rainwater/ already exists.
2026-08-18 13:48:26,084 - INFO - [Wired] Early skip: URL https://www.wired.com/story/amazon-uses-your-twitch-content-to-train-its-ai-how-to-opt-out/ already exists.
2026-08-18 13:48:26,085 - INFO - [Wired] Article: https://www.wired.com/story/google-workspace-promo-code/
2026-08-18 13:48:26,085 - INFO - [Wired] Attempt 1/2: Trying with 'requests_browser' strategy...
2026-08-18 13:48:26,210 - ERROR - parsed tree length: 1, wrong data type or not valid HTML
2026-08-18 13:48:26,210 - ERROR - empty HTML tree: None
2026-08-18 13:48:26,210 - WARNING - discarding data: None
2026-08-18 13:48:26,210 - WARNING - [Wired] FAILED with 'requests_browser' (content was too short: 0 words).
2026-08-18 13:48:26,819 - INFO - [Economic Times] Article: https://economictimes.indiatimes.com/news/elections/lok-sabha/india/lok-sabha-election-2024-maharashtra-get-interesting-after-splits-in-shiv-sena-ncp/articleshow/108559788.cms
2026-08-18 13:48:26,820 - INFO - [Economic Times] Attempt 1/2: Trying with 'requests_browser' strategy...
2026-08-18 13:48:26,954 - INFO - [Wired] Article: https://www.wired.com/story/google-workspace-promo-code/
2026-08-18 13:48:26,954 - INFO - [Wired] Attempt 2/2: Trying with 'selenium_browser' strategy...
2026-08-18 13:48:27,254 - INFO - [Economic Times] Success with 'requests_browser'. Found content (1442 words).
2026-08-18 13:48:30,182 - ERROR - Error saving article Lok Sabha election 2024: Maharashtra get interesting after splits in Shiv Sena, NCP - The Economic Times: Hrana: `stream error: `Error { message: "SQLite error: UNIQUE constraint failed: articles.url", code: "SQLITE_CONSTRAINT" }``
2026-08-18 13:48:30,186 - INFO - [Wired] Page content loaded.
2026-08-18 13:48:30,384 - INFO - [Wired] Success with 'selenium_browser'. Found content (1140 words).
2026-08-18 13:48:31,874 - INFO - [Economic Times] Article: https://economictimes.indiatimes.com/news/elections/lok-sabha/india/modi-charisma-key-factor-in-bjps-bid-to-retain-all-26-seats-in-gujarat/articleshow/108550858.cms
2026-08-18 13:48:32,340 - INFO - [Economic Times] Attempt 1/2: Trying with 'requests_browser' strategy...
2026-08-18 13:48:33,282 - ERROR - Error saving article Google Workspace Promo Codes: 14% Off for August 2026 | WIRED: Hrana: `stream error: `Error { message: "SQLite error: UNIQUE constraint failed: articles.url", code: "SQLITE_CONSTRAINT" }``
2026-08-18 13:48:33,590 - INFO - [Economic Times] Success with 'requests_browser'. Found content (838 words).
2026-08-18 13:48:33,850 - INFO - [Wired] Early skip: URL https://www.wired.com/story/new-york-city-lawmakers-push-to-ban-the-scan-at-msg/ already exists.
2026-08-18 13:48:33,884 - INFO - [Wired] Article: https://www.wired.com/story/the-8-best-movies-to-stream-right-now/
2026-08-18 13:48:33,884 - INFO - [Wired] Attempt 1/2: Trying with 'requests_browser' strategy...
2026-08-18 13:48:36,761 - ERROR - Error saving article Modi charisma key factor in BJP's bid to retain all 26 seats in Gujarat - The Economic Times: Hrana: `stream error: `Error { message: "SQLite error: UNIQUE constraint failed: articles.url", code: "SQLITE_CONSTRAINT" }``
2026-08-18 13:48:36,770 - ERROR - parsed tree length: 1, wrong data type or not valid HTML
2026-08-18 13:48:36,770 - ERROR - empty HTML tree: None
2026-08-18 13:48:36,770 - WARNING - discarding data: None
2026-08-18 13:48:36,770 - WARNING - [Wired] FAILED with 'requests_browser' (content was too short: 0 words).
2026-08-18 13:48:37,540 - INFO - [Wired] Article: https://www.wired.com/story/the-8-best-movies-to-stream-right-now/
2026-08-18 13:48:37,540 - INFO - [Wired] Attempt 2/2: Trying with 'selenium_browser' strategy...
2026-08-18 13:48:37,950 - INFO - [Economic Times] Article: https://economictimes.indiatimes.com/news/elections/lok-sabha/india/implementation-of-guarantees-decline-of-brs-favour-congress-in-telangana-bjp-aiming-for-better-show/articleshow/108548569.cms
2026-08-18 13:48:37,950 - INFO - [Economic Times] Attempt 1/2: Trying with 'requests_browser' strategy...
2026-08-18 13:48:38,269 - INFO - [Economic Times] Success with 'requests_browser'. Found content (1272 words).
2026-08-18 13:48:41,185 - ERROR - Error saving article Implementation of 'guarantees', decline of BRS favour Congress in Telangana, BJP aiming for better show - The Economic Times: Hrana: `stream error: `Error { message: "SQLite error: UNIQUE constraint failed: articles.url", code: "SQLITE_CONSTRAINT" }``
2026-08-18 13:48:41,185 - INFO - [Wired] Page content loaded.
2026-08-18 13:48:41,185 - WARNING - [The Hindu] Page get timed out (7s). Proceeding to grab partial source anyway.
2026-08-18 13:48:41,401 - INFO - [Wired] Success with 'selenium_browser'. Found content (375 words).
2026-08-18 13:48:42,894 - INFO - [Economic Times] Article: https://economictimes.indiatimes.com/traders-bet-on-calendar-spread-as-nifty-moves-in-a-tight-range/articleshow/6302358.cms
2026-08-18 13:48:43,360 - INFO - [Economic Times] Attempt 1/2: Trying with 'requests_browser' strategy...
2026-08-18 13:48:44,305 - ERROR - Error saving article The Best Movies to Stream This Month (August 2026) | WIRED: Hrana: `stream error: `Error { message: "SQLite error: UNIQUE constraint failed: articles.url", code: "SQLITE_CONSTRAINT" }``
2026-08-18 13:48:44,634 - ERROR - parsed tree length: 1, wrong data type or not valid HTML
2026-08-18 13:48:44,634 - ERROR - empty HTML tree: None
2026-08-18 13:48:44,634 - WARNING - discarding data: None
2026-08-18 13:48:44,634 - WARNING - [Economic Times] FAILED with 'requests_browser' (content was too short: 0 words).
2026-08-18 13:48:45,175 - INFO - [Economic Times] Article: https://economictimes.indiatimes.com/traders-bet-on-calendar-spread-as-nifty-moves-in-a-tight-range/articleshow/6302358.cms
2026-08-18 13:48:45,176 - INFO - [Economic Times] Attempt 2/2: Trying with 'selenium_browser' strategy...
2026-08-18 13:48:45,758 - INFO - [Wired] Early skip: URL https://www.wired.com/story/unitree-influencer-4-foot-robot-from-china/ already exists.
2026-08-18 13:48:45,759 - INFO - [Wired] Early skip: URL https://www.wired.com/story/tech-visionary-says-the-big-ai-labs-dont-get-what-people-want/ already exists.
2026-08-18 13:48:45,761 - INFO - [Wired] Article: https://www.wired.com/gallery/best-wireless-chargers/
2026-08-18 13:48:45,761 - INFO - [Wired] Attempt 1/2: Trying with 'requests_browser' strategy...
2026-08-18 13:48:45,894 - ERROR - parsed tree length: 1, wrong data type or not valid HTML
2026-08-18 13:48:45,894 - ERROR - empty HTML tree: None
2026-08-18 13:48:45,894 - WARNING - discarding data: None
2026-08-18 13:48:45,894 - WARNING - [Wired] FAILED with 'requests_browser' (content was too short: 0 words).
2026-08-18 13:48:46,160 - INFO - [Economic Times] Page content loaded.
2026-08-18 13:48:46,290 - INFO - [Economic Times] Success with 'selenium_browser'. Found content (411 words).
2026-08-18 13:48:47,838 - INFO - [Wired] Article: https://www.wired.com/gallery/best-wireless-chargers/
2026-08-18 13:48:48,306 - INFO - [Wired] Attempt 2/2: Trying with 'selenium_browser' strategy...
2026-08-18 13:48:48,307 - WARNING - [The Hindu] Page explicit wait timed out (3s). Proceeding anyway.
2026-08-18 13:48:49,249 - ERROR - Error saving article Traders bet on calendar spread as Nifty moves in a tight range - The Economic Times: Hrana: `stream error: `Error { message: "SQLite error: UNIQUE constraint failed: articles.url", code: "SQLITE_CONSTRAINT" }``
2026-08-18 13:48:50,390 - INFO - [Economic Times] Article: https://economictimes.indiatimes.com/nifty-may-find-support-at-5300-level/articleshow/6296017.cms
2026-08-18 13:48:50,390 - INFO - [Economic Times] Attempt 1/2: Trying with 'requests_browser' strategy...
2026-08-18 13:48:50,710 - ERROR - parsed tree length: 1, wrong data type or not valid HTML
2026-08-18 13:48:50,710 - ERROR - empty HTML tree: None
2026-08-18 13:48:50,711 - WARNING - discarding data: None
2026-08-18 13:48:50,711 - WARNING - [Economic Times] FAILED with 'requests_browser' (content was too short: 0 words).
2026-08-18 13:48:51,414 - INFO - [Economic Times] Article: https://economictimes.indiatimes.com/nifty-may-find-support-at-5300-level/articleshow/6296017.cms
2026-08-18 13:48:51,414 - INFO - [Economic Times] Attempt 2/2: Trying with 'selenium_browser' strategy...
2026-08-18 13:48:51,697 - INFO - [Wired] Page content loaded.
2026-08-18 13:48:55,386 - ERROR - [The Hindu] Request failed for strategy 'selenium_browser' on URL https://www.thehindu.com/news/national/jammu-and-kashmir/us-ambassador-sergio-gor-to-visit-kashmir-meet-omar-abdullah/article71360482.ece: Message: timeout: Timed out receiving message from renderer: 7.000
  (Session info: chrome=152.0.7977.42)
Stacktrace:
#0 0x559ae5e6c2ca <unknown>
#1 0x559ae57cfb39 <unknown>
#2 0x559ae57b75bb <unknown>
#3 0x559ae57b7236 <unknown>
#4 0x559ae57b4e18 <unknown>
#5 0x559ae57b579f <unknown>
#6 0x559ae57c4880 <unknown>
#7 0x559ae57de7b7 <unknown>
#8 0x559ae57e619b <unknown>
#9 0x559ae57b5ef9 <unknown>
#10 0x559ae57de512 <unknown>
#11 0x559ae586db26 <unknown>
#12 0x559ae5818ecb <unknown>
#13 0x559ae5819cb1 <unknown>
#14 0x559ae5e307f0 <unknown>
#15 0x559ae5e2ee6a <unknown>
#16 0x559ae5e19bb5 <unknown>
#17 0x559ae5e2fb2a <unknown>
#18 0x559ae5e02df0 <unknown>
#19 0x559ae5e57238 <unknown>
#20 0x559ae5e573d5 <unknown>
#21 0x559ae5e6ae53 <unknown>
#22 0x7f75b429cb84 <unknown>
#23 0x7f75b4329d6c <unknown>

2026-08-18 13:48:55,387 - ERROR - [The Hindu] All scrape strategies failed for https://www.thehindu.com/news/national/jammu-and-kashmir/us-ambassador-sergio-gor-to-visit-kashmir-meet-omar-abdullah/article71360482.ece. Falling back to RSS description.
2026-08-18 13:48:55,387 - WARNING - SKIPPED (GLOBAL WORD LIMIT): Article 'U.S. Ambassador Sergio Gor to visit Kashmir, meet Omar Abdullah' from The Hindu has only 35 words (Min: 90).
2026-08-18 13:48:56,257 - INFO - [The Hindu] Early skip: URL https://www.thehindu.com/news/national/bjp-announces-poll-in-charges-for-assembly-elections-in-up-punjab-and-gujarat/article71359143.ece already exists.
2026-08-18 13:48:56,263 - INFO - [The Hindu] Article: https://www.thehindu.com/news/national/karnataka/manipal-health-enterprises-to-acquire-kinder-womens-hospital-in-whitefield-for-130-crore/article71360416.ece
2026-08-18 13:48:56,263 - INFO - [The Hindu] Attempt 1/1: Trying with 'selenium_browser' strategy...
2026-08-18 13:48:56,291 - INFO - [Wired] Success with 'selenium_browser'. Found content (2184 words).
2026-08-18 13:48:59,705 - ERROR - Error saving article Best Wireless Chargers (2026): My Picks After Testing 100+ | WIRED: Hrana: `stream error: `Error { message: "SQLite error: UNIQUE constraint failed: articles.url", code: "SQLITE_CONSTRAINT" }``
2026-08-18 13:49:00,215 - INFO - [Wired] Early skip: URL https://www.wired.com/story/best-paper-planners/ already exists.
2026-08-18 13:49:00,217 - INFO - [Wired] Early skip: URL https://www.wired.com/story/ftc-strikes-deals-to-ignore-unlawful-credit-discrimination/ already exists.
2026-08-18 13:49:00,219 - INFO - [Wired] Early skip: URL https://www.wired.com/story/these-masturbation-consultants-were-hired-to-pleasure-themselves-using-ai/ already exists.
2026-08-18 13:49:00,221 - INFO - [Wired] Early skip: URL https://www.wired.com/gallery/best-pixel-10-cases-and-accessories/ already exists.
2026-08-18 13:49:00,222 - INFO - [Wired] (Thread) Finished. Attempting to shut down its Selenium driver.
2026-08-18 13:49:00,438 - INFO - [Wired] (Thread) driver.quit() successful.
2026-08-18 13:49:05,274 - INFO - [Economic Times] Page content loaded.
2026-08-18 13:49:05,360 - INFO - [Economic Times] Success with 'selenium_browser'. Found content (773 words).
2026-08-18 13:49:08,319 - ERROR - Error saving article Nifty may find support at 5300 level - The Economic Times: Hrana: `stream error: `Error { message: "SQLite error: UNIQUE constraint failed: articles.url", code: "SQLITE_CONSTRAINT" }``
2026-08-18 13:49:09,736 - INFO - [Economic Times] Article: https://economictimes.indiatimes.com/seven-out-of-top-10-asian-small-cap-funds-are-indian/articleshow/6295976.cms
2026-08-18 13:49:09,736 - INFO - [Economic Times] Attempt 1/2: Trying with 'requests_browser' strategy...
2026-08-18 13:49:10,107 - ERROR - parsed tree length: 1, wrong data type or not valid HTML
2026-08-18 13:49:10,113 - ERROR - empty HTML tree: None
2026-08-18 13:49:10,114 - WARNING - discarding data: None
2026-08-18 13:49:10,114 - WARNING - [Economic Times] FAILED with 'requests_browser' (content was too short: 0 words).
2026-08-18 13:49:10,295 - WARNING - [The Hindu] Page get timed out (7s). Proceeding to grab partial source anyway.
2026-08-18 13:49:10,717 - INFO - [Economic Times] Article: https://economictimes.indiatimes.com/seven-out-of-top-10-asian-small-cap-funds-are-indian/articleshow/6295976.cms
2026-08-18 13:49:10,717 - INFO - [Economic Times] Attempt 2/2: Trying with 'selenium_browser' strategy...
2026-08-18 13:49:12,572 - INFO - [Economic Times] Page content loaded.
2026-08-18 13:49:12,697 - INFO - [Economic Times] Success with 'selenium_browser'. Found content (607 words).
2026-08-18 13:49:15,670 - ERROR - Error saving article Seven out of top 10 Asian small-cap funds are Indian - The Economic Times: Hrana: `stream error: `Error { message: "SQLite error: UNIQUE constraint failed: articles.url", code: "SQLITE_CONSTRAINT" }``
2026-08-18 13:49:17,078 - INFO - [Economic Times] Article: https://economictimes.indiatimes.com/inflation-reflects-growth-dynamics-in-india-christopher-wood/articleshow/6274053.cms
2026-08-18 13:49:17,078 - INFO - [Economic Times] Attempt 1/2: Trying with 'requests_browser' strategy...
2026-08-18 13:49:17,323 - WARNING - [The Hindu] Page explicit wait timed out (3s). Proceeding anyway.
2026-08-18 13:49:17,467 - ERROR - parsed tree length: 1, wrong data type or not valid HTML
2026-08-18 13:49:17,469 - ERROR - empty HTML tree: None
2026-08-18 13:49:17,469 - WARNING - discarding data: None
2026-08-18 13:49:17,469 - WARNING - [Economic Times] FAILED with 'requests_browser' (content was too short: 0 words).
2026-08-18 13:49:17,989 - INFO - [Economic Times] Article: https://economictimes.indiatimes.com/inflation-reflects-growth-dynamics-in-india-christopher-wood/articleshow/6274053.cms
2026-08-18 13:49:17,989 - INFO - [Economic Times] Attempt 2/2: Trying with 'selenium_browser' strategy...
2026-08-18 13:49:19,731 - INFO - [Economic Times] Page content loaded.
2026-08-18 13:49:19,862 - INFO - [Economic Times] Success with 'selenium_browser'. Found content (4520 words).
2026-08-18 13:49:22,809 - ERROR - Error saving article Inflation reflects growth dynamics in India: Christopher Wood - The Economic Times: Hrana: `stream error: `Error { message: "SQLite error: UNIQUE constraint failed: articles.url", code: "SQLITE_CONSTRAINT" }``
2026-08-18 13:49:23,604 - INFO - [Economic Times] Article: https://economictimes.indiatimes.com/market-may-trade-in-a-range-but-fiis-seen-sold-on-india/articleshow/6277705.cms
2026-08-18 13:49:23,604 - INFO - [Economic Times] Attempt 1/2: Trying with 'requests_browser' strategy...
2026-08-18 13:49:24,247 - ERROR - parsed tree length: 1, wrong data type or not valid HTML
2026-08-18 13:49:24,248 - ERROR - empty HTML tree: None
2026-08-18 13:49:24,248 - WARNING - discarding data: None
2026-08-18 13:49:24,248 - WARNING - [Economic Times] FAILED with 'requests_browser' (content was too short: 0 words).
2026-08-18 13:49:24,341 - ERROR - [The Hindu] Request failed for strategy 'selenium_browser' on URL https://www.thehindu.com/news/national/karnataka/manipal-health-enterprises-to-acquire-kinder-womens-hospital-in-whitefield-for-130-crore/article71360416.ece: Message: timeout: Timed out receiving message from renderer: 7.000
  (Session info: chrome=152.0.7977.42)
Stacktrace:
#0 0x559ae5e6c2ca <unknown>
#1 0x559ae57cfb39 <unknown>
#2 0x559ae57b75bb <unknown>
#3 0x559ae57b7236 <unknown>
#4 0x559ae57b4e18 <unknown>
#5 0x559ae57b579f <unknown>
#6 0x559ae57c4880 <unknown>
#7 0x559ae57de7b7 <unknown>
#8 0x559ae57e619b <unknown>
#9 0x559ae57b5ef9 <unknown>
#10 0x559ae57de512 <unknown>
#11 0x559ae586db26 <unknown>
#12 0x559ae5818ecb <unknown>
#13 0x559ae5819cb1 <unknown>
#14 0x559ae5e307f0 <unknown>
#15 0x559ae5e2ee6a <unknown>
#16 0x559ae5e19bb5 <unknown>
#17 0x559ae5e2fb2a <unknown>
#18 0x559ae5e02df0 <unknown>
#19 0x559ae5e57238 <unknown>
#20 0x559ae5e573d5 <unknown>
#21 0x559ae5e6ae53 <unknown>
#22 0x7f75b429cb84 <unknown>
#23 0x7f75b4329d6c <unknown>

2026-08-18 13:49:24,341 - ERROR - [The Hindu] All scrape strategies failed for https://www.thehindu.com/news/national/karnataka/manipal-health-enterprises-to-acquire-kinder-womens-hospital-in-whitefield-for-130-crore/article71360416.ece. Falling back to RSS description.
2026-08-18 13:49:24,341 - WARNING - SKIPPED (GLOBAL WORD LIMIT): Article 'Manipal Health Enterprises to acquire Kinder Women’s Hospital in Whitefield for ₹130 crore' from The Hindu has only 3 words (Min: 90).
2026-08-18 13:49:25,232 - INFO - [Economic Times] Article: https://economictimes.indiatimes.com/market-may-trade-in-a-range-but-fiis-seen-sold-on-india/articleshow/6277705.cms
2026-08-18 13:49:25,232 - INFO - [Economic Times] Attempt 2/2: Trying with 'selenium_browser' strategy...
2026-08-18 13:49:25,316 - INFO - [The Hindu] Article: https://www.thehindu.com/news/national/karnataka/former-minister-eshwarappa-hopeful-of-changes-in-karnataka-bjp-unit/article71360213.ece
2026-08-18 13:49:25,316 - INFO - [The Hindu] Attempt 1/1: Trying with 'selenium_browser' strategy...
2026-08-18 13:49:26,801 - INFO - [Economic Times] Page content loaded.
2026-08-18 13:49:26,912 - INFO - [Economic Times] Success with 'selenium_browser'. Found content (809 words).
2026-08-18 13:49:29,869 - ERROR - Error saving article Market may trade in a range, but FIIs seen sold on India - The Economic Times: Hrana: `stream error: `Error { message: "SQLite error: UNIQUE constraint failed: articles.url", code: "SQLITE_CONSTRAINT" }``
2026-08-18 13:49:30,762 - INFO - [Economic Times] Article: https://economictimes.indiatimes.com/dont-bank-only-on-price-to-earning-ratio/articleshow/6278228.cms
2026-08-18 13:49:30,762 - INFO - [Economic Times] Attempt 1/2: Trying with 'requests_browser' strategy...
2026-08-18 13:49:31,097 - ERROR - parsed tree length: 1, wrong data type or not valid HTML
2026-08-18 13:49:31,097 - ERROR - empty HTML tree: None
2026-08-18 13:49:31,097 - WARNING - discarding data: None
2026-08-18 13:49:31,097 - WARNING - [Economic Times] FAILED with 'requests_browser' (content was too short: 0 words).
2026-08-18 13:49:32,065 - INFO - [Economic Times] Article: https://economictimes.indiatimes.com/dont-bank-only-on-price-to-earning-ratio/articleshow/6278228.cms
2026-08-18 13:49:32,065 - INFO - [Economic Times] Attempt 2/2: Trying with 'selenium_browser' strategy...
2026-08-18 13:49:33,546 - INFO - [Economic Times] Page content loaded.
2026-08-18 13:49:33,651 - INFO - [Economic Times] Success with 'selenium_browser'. Found content (447 words).
2026-08-18 13:49:36,592 - ERROR - Error saving article 'Don't bank only on price-to-earning ratio' - The Economic Times: Hrana: `stream error: `Error { message: "SQLite error: UNIQUE constraint failed: articles.url", code: "SQLITE_CONSTRAINT" }``
2026-08-18 13:49:37,572 - INFO - [Economic Times] Article: https://economictimes.indiatimes.com/markets/stocks/recos/prabhudas-lilladher-has-a-reduce-rating-on-infosys/articleshow/3798718.cms
2026-08-18 13:49:37,572 - INFO - [Economic Times] Attempt 1/2: Trying with 'requests_browser' strategy...
2026-08-18 13:49:37,960 - ERROR - parsed tree length: 1, wrong data type or not valid HTML
2026-08-18 13:49:37,960 - ERROR - empty HTML tree: None
2026-08-18 13:49:37,960 - WARNING - discarding data: None
2026-08-18 13:49:37,960 - WARNING - [Economic Times] FAILED with 'requests_browser' (content was too short: 0 words).
2026-08-18 13:49:38,641 - INFO - [Economic Times] Article: https://economictimes.indiatimes.com/markets/stocks/recos/prabhudas-lilladher-has-a-reduce-rating-on-infosys/articleshow/3798718.cms
2026-08-18 13:49:38,641 - INFO - [Economic Times] Attempt 2/2: Trying with 'selenium_browser' strategy...
2026-08-18 13:49:39,352 - WARNING - [The Hindu] Page get timed out (7s). Proceeding to grab partial source anyway.
2026-08-18 13:49:40,160 - INFO - [Economic Times] Page content loaded.
2026-08-18 13:49:40,262 - INFO - [Economic Times] Success with 'selenium_browser'. Found content (438 words).
2026-08-18 13:49:43,213 - ERROR - Error saving article Prabhudas Lilladher has a ‘reduce’ rating on Infosys - The Economic Times: Hrana: `stream error: `Error { message: "SQLite error: UNIQUE constraint failed: articles.url", code: "SQLITE_CONSTRAINT" }``
2026-08-18 13:49:43,914 - INFO - [Economic Times] Article: https://economictimes.indiatimes.com/markets/stocks/recos/fin-crisis-too-late-and-too-little-done-in-us/articleshow/3794549.cms
2026-08-18 13:49:43,914 - INFO - [Economic Times] Attempt 1/2: Trying with 'requests_browser' strategy...
2026-08-18 13:49:44,385 - ERROR - parsed tree length: 1, wrong data type or not valid HTML
2026-08-18 13:49:44,385 - ERROR - empty HTML tree: None
2026-08-18 13:49:44,385 - WARNING - discarding data: None
2026-08-18 13:49:44,385 - WARNING - [Economic Times] FAILED with 'requests_browser' (content was too short: 0 words).
2026-08-18 13:49:44,932 - INFO - [Economic Times] Article: https://economictimes.indiatimes.com/markets/stocks/recos/fin-crisis-too-late-and-too-little-done-in-us/articleshow/3794549.cms
2026-08-18 13:49:44,932 - INFO - [Economic Times] Attempt 2/2: Trying with 'selenium_browser' strategy...
2026-08-18 13:49:46,298 - INFO - [Economic Times] Page content loaded.
2026-08-18 13:49:46,361 - WARNING - [The Hindu] Page explicit wait timed out (3s). Proceeding anyway.
2026-08-18 13:49:46,378 - INFO - [Economic Times] Success with 'selenium_browser'. Found content (868 words).
2026-08-18 13:49:49,361 - ERROR - Error saving article Fin Crisis: Too late and too little done in US - The Economic Times: Hrana: `stream error: `Error { message: "SQLite error: UNIQUE constraint failed: articles.url", code: "SQLITE_CONSTRAINT" }``
2026-08-18 13:49:49,927 - INFO - [Economic Times] Article: https://economictimes.indiatimes.com/markets/forex/weak-rupee-takes-its-toll-on-cos-with-huge-foreign-debt/articleshow/3546158.cms
2026-08-18 13:49:49,927 - INFO - [Economic Times] Attempt 1/2: Trying with 'requests_browser' strategy...
2026-08-18 13:49:50,319 - ERROR - parsed tree length: 1, wrong data type or not valid HTML
2026-08-18 13:49:50,319 - ERROR - empty HTML tree: None
2026-08-18 13:49:50,319 - WARNING - discarding data: None
2026-08-18 13:49:50,319 - WARNING - [Economic Times] FAILED with 'requests_browser' (content was too short: 0 words).
2026-08-18 13:49:51,301 - INFO - [Economic Times] Article: https://economictimes.indiatimes.com/markets/forex/weak-rupee-takes-its-toll-on-cos-with-huge-foreign-debt/articleshow/3546158.cms
2026-08-18 13:49:51,303 - INFO - [Economic Times] Attempt 2/2: Trying with 'selenium_browser' strategy...
2026-08-18 13:49:53,043 - INFO - [Economic Times] Page content loaded.
2026-08-18 13:49:53,181 - INFO - [Economic Times] Success with 'selenium_browser'. Found content (482 words).
2026-08-18 13:49:53,462 - ERROR - [The Hindu] Request failed for strategy 'selenium_browser' on URL https://www.thehindu.com/news/national/karnataka/former-minister-eshwarappa-hopeful-of-changes-in-karnataka-bjp-unit/article71360213.ece: Message: timeout: Timed out receiving message from renderer: 7.000
  (Session info: chrome=152.0.7977.42)
Stacktrace:
#0 0x559ae5e6c2ca <unknown>
#1 0x559ae57cfb39 <unknown>
#2 0x559ae57b75bb <unknown>
#3 0x559ae57b7236 <unknown>
#4 0x559ae57b4e18 <unknown>
#5 0x559ae57b579f <unknown>
#6 0x559ae57c4880 <unknown>
#7 0x559ae57de7b7 <unknown>
#8 0x559ae57e619b <unknown>
#9 0x559ae57b5ef9 <unknown>
#10 0x559ae57de512 <unknown>
#11 0x559ae586db26 <unknown>
#12 0x559ae5818ecb <unknown>
#13 0x559ae5819cb1 <unknown>
#14 0x559ae5e307f0 <unknown>
#15 0x559ae5e2ee6a <unknown>
#16 0x559ae5e19bb5 <unknown>
#17 0x559ae5e2fb2a <unknown>
#18 0x559ae5e02df0 <unknown>
#19 0x559ae5e57238 <unknown>
#20 0x559ae5e573d5 <unknown>
#21 0x559ae5e6ae53 <unknown>
#22 0x7f75b429cb84 <unknown>
#23 0x7f75b4329d6c <unknown>

2026-08-18 13:49:53,462 - ERROR - [The Hindu] All scrape strategies failed for https://www.thehindu.com/news/national/karnataka/former-minister-eshwarappa-hopeful-of-changes-in-karnataka-bjp-unit/article71360213.ece. Falling back to RSS description.
2026-08-18 13:49:53,462 - WARNING - SKIPPED (GLOBAL WORD LIMIT): Article 'Former Minister Eshwarappa hopeful of changes in Karnataka BJP unit' from The Hindu has only 24 words (Min: 90).
2026-08-18 13:49:55,138 - INFO - [The Hindu] Article: https://www.thehindu.com/news/national/karnataka/senior-citizen-loses-996-lakh-in-kyc-scam/article71360130.ece
2026-08-18 13:49:55,604 - INFO - [The Hindu] Attempt 1/1: Trying with 'selenium_browser' strategy...
2026-08-18 13:49:56,556 - ERROR - Error saving article Weak rupee takes its toll on cos with huge foreign debt - The Economic Times: Hrana: `stream error: `Error { message: "SQLite error: UNIQUE constraint failed: articles.url", code: "SQLITE_CONSTRAINT" }``
2026-08-18 13:49:57,848 - INFO - [Economic Times] Article: https://economictimes.indiatimes.com/markets/stocks/recos/wait-for-more-signals-before-turning-positive/articleshow/3292640.cms
2026-08-18 13:49:57,848 - INFO - [Economic Times] Attempt 1/2: Trying with 'requests_browser' strategy...
2026-08-18 13:49:58,235 - ERROR - parsed tree length: 1, wrong data type or not valid HTML
2026-08-18 13:49:58,235 - ERROR - empty HTML tree: None
2026-08-18 13:49:58,235 - WARNING - discarding data: None
2026-08-18 13:49:58,235 - WARNING - [Economic Times] FAILED with 'requests_browser' (content was too short: 0 words).
2026-08-18 13:49:59,111 - INFO - [Economic Times] Article: https://economictimes.indiatimes.com/markets/stocks/recos/wait-for-more-signals-before-turning-positive/articleshow/3292640.cms
2026-08-18 13:49:59,111 - INFO - [Economic Times] Attempt 2/2: Trying with 'selenium_browser' strategy...
2026-08-18 13:50:00,468 - INFO - [Economic Times] Page content loaded.
2026-08-18 13:50:00,532 - INFO - [Economic Times] Success with 'selenium_browser'. Found content (761 words).
2026-08-18 13:50:03,503 - ERROR - Error saving article Wait for more signals before turning positive - The Economic Times: Hrana: `stream error: `Error { message: "SQLite error: UNIQUE constraint failed: articles.url", code: "SQLITE_CONSTRAINT" }``
2026-08-18 13:50:04,076 - INFO - [Economic Times] Article: https://economictimes.indiatimes.com/news/company/corporate-trends/six-indian-cos-among-businessweeks-top-100-infotech-firms/articleshow/3189334.cms
2026-08-18 13:50:04,076 - INFO - [Economic Times] Attempt 1/2: Trying with 'requests_browser' strategy...
2026-08-18 13:50:04,422 - INFO - [Economic Times] Success with 'requests_browser'. Found content (370 words).
2026-08-18 13:50:07,314 - ERROR - Error saving article Six Indian cos among BusinessWeek's top 100 Infotech firms - The Economic Times: Hrana: `stream error: `Error { message: "SQLite error: UNIQUE constraint failed: articles.url", code: "SQLITE_CONSTRAINT" }``
2026-08-18 13:50:08,735 - INFO - [Economic Times] Article: https://economictimes.indiatimes.com/news/company/corporate-trends/indian-firms-slip-in-global-ranking-four-move-out-of-top-500/articleshow/3177077.cms
2026-08-18 13:50:08,735 - INFO - [Economic Times] Attempt 1/2: Trying with 'requests_browser' strategy...
2026-08-18 13:50:09,035 - INFO - [Economic Times] Success with 'requests_browser'. Found content (1044 words).
2026-08-18 13:50:11,008 - WARNING - [The Hindu] Page get timed out (7s). Proceeding to grab partial source anyway.
2026-08-18 13:50:11,945 - ERROR - Error saving article Indian firms slip in global ranking; four move out of Top-500 - The Economic Times: Hrana: `stream error: `Error { message: "SQLite error: UNIQUE constraint failed: articles.url", code: "SQLITE_CONSTRAINT" }``
2026-08-18 13:50:12,960 - INFO - [Economic Times] Article: https://economictimes.indiatimes.com/markets/stocks/news/big-daddy-laps-up-cipla-after-q1-nos-beat-forecast/articleshow/6308646.cms
2026-08-18 13:50:12,960 - INFO - [Economic Times] Attempt 1/2: Trying with 'requests_browser' strategy...
2026-08-18 13:50:13,299 - ERROR - parsed tree length: 1, wrong data type or not valid HTML
2026-08-18 13:50:13,299 - ERROR - empty HTML tree: None
2026-08-18 13:50:13,299 - WARNING - discarding data: None
2026-08-18 13:50:13,299 - WARNING - [Economic Times] FAILED with 'requests_browser' (content was too short: 0 words).
2026-08-18 13:50:14,274 - INFO - [Economic Times] Article: https://economictimes.indiatimes.com/markets/stocks/news/big-daddy-laps-up-cipla-after-q1-nos-beat-forecast/articleshow/6308646.cms
2026-08-18 13:50:14,274 - INFO - [Economic Times] Attempt 2/2: Trying with 'selenium_browser' strategy...
2026-08-18 13:50:15,624 - INFO - [Economic Times] Page content loaded.
2026-08-18 13:50:15,805 - WARNING - [Economic Times] FAILED with 'selenium_browser' (content was too short: 83 words).
2026-08-18 13:50:15,805 - ERROR - [Economic Times] All scrape strategies failed for https://economictimes.indiatimes.com/markets/stocks/news/big-daddy-laps-up-cipla-after-q1-nos-beat-forecast/articleshow/6308646.cms. Falling back to RSS description.
2026-08-18 13:50:15,805 - WARNING - SKIPPED (GLOBAL WORD LIMIT): Article ''Big Daddy' laps up Cipla after Q1 nos beat forecast ' from Economic Times has only 20 words (Min: 90).
2026-08-18 13:50:16,473 - INFO - [Economic Times] Article: https://economictimes.indiatimes.com/markets/stocks/news/old-fox-has-dream-run-on-dalal-street/articleshow/6308631.cms
2026-08-18 13:50:16,473 - INFO - [Economic Times] Attempt 1/2: Trying with 'requests_browser' strategy...
2026-08-18 13:50:16,821 - ERROR - parsed tree length: 1, wrong data type or not valid HTML
2026-08-18 13:50:16,822 - ERROR - empty HTML tree: None
2026-08-18 13:50:16,822 - WARNING - discarding data: None
2026-08-18 13:50:16,822 - WARNING - [Economic Times] FAILED with 'requests_browser' (content was too short: 0 words).
2026-08-18 13:50:17,478 - INFO - [Economic Times] Article: https://economictimes.indiatimes.com/markets/stocks/news/old-fox-has-dream-run-on-dalal-street/articleshow/6308631.cms
2026-08-18 13:50:17,479 - INFO - [Economic Times] Attempt 2/2: Trying with 'selenium_browser' strategy...
2026-08-18 13:50:18,605 - INFO - [Economic Times] Page content loaded.
2026-08-18 13:50:18,787 - INFO - [Economic Times] Success with 'selenium_browser'. Found content (156 words).
2026-08-18 13:50:20,861 - WARNING - [The Hindu] Page explicit wait timed out (3s). Proceeding anyway.
2026-08-18 13:50:21,801 - ERROR - Error saving article Old Fox has dream run on Dalal Street - The Economic Times: Hrana: `stream error: `Error { message: "SQLite error: UNIQUE constraint failed: articles.url", code: "SQLITE_CONSTRAINT" }``
2026-08-18 13:50:22,368 - INFO - [Economic Times] Article: https://economictimes.indiatimes.com/markets/stocks/news/cairn-india-hits-record-high-on-bse-amid-stake-sale-talks/articleshow/6306679.cms
2026-08-18 13:50:22,368 - INFO - [Economic Times] Attempt 1/2: Trying with 'requests_browser' strategy...
2026-08-18 13:50:22,832 - ERROR - parsed tree length: 1, wrong data type or not valid HTML
2026-08-18 13:50:22,832 - ERROR - empty HTML tree: None
2026-08-18 13:50:22,832 - WARNING - discarding data: None
2026-08-18 13:50:22,832 - WARNING - [Economic Times] FAILED with 'requests_browser' (content was too short: 0 words).
2026-08-18 13:50:23,800 - INFO - [Economic Times] Article: https://economictimes.indiatimes.com/markets/stocks/news/cairn-india-hits-record-high-on-bse-amid-stake-sale-talks/articleshow/6306679.cms
2026-08-18 13:50:23,800 - INFO - [Economic Times] Attempt 2/2: Trying with 'selenium_browser' strategy...
2026-08-18 13:50:25,405 - INFO - [Economic Times] Page content loaded.
2026-08-18 13:50:25,561 - INFO - [Economic Times] Success with 'selenium_browser'. Found content (363 words).
2026-08-18 13:50:28,516 - ERROR - Error saving article Cairn India hits record high on BSE amid stake sale talks - The Economic Times: Hrana: `stream error: `Error { message: "SQLite error: UNIQUE constraint failed: articles.url", code: "SQLITE_CONSTRAINT" }``
2026-08-18 13:50:28,516 - ERROR - [The Hindu] Request failed for strategy 'selenium_browser' on URL https://www.thehindu.com/news/national/karnataka/senior-citizen-loses-996-lakh-in-kyc-scam/article71360130.ece: Message: timeout: Timed out receiving message from renderer: 7.000
  (Session info: chrome=152.0.7977.42)
Stacktrace:
#0 0x559ae5e6c2ca <unknown>
#1 0x559ae57cfb39 <unknown>
#2 0x559ae57b75bb <unknown>
#3 0x559ae57b7236 <unknown>
#4 0x559ae57b4e18 <unknown>
#5 0x559ae57b579f <unknown>
#6 0x559ae57c4880 <unknown>
#7 0x559ae57de7b7 <unknown>
#8 0x559ae57e619b <unknown>
#9 0x559ae57b5ef9 <unknown>
#10 0x559ae57de512 <unknown>
#11 0x559ae586db26 <unknown>
#12 0x559ae5818ecb <unknown>
#13 0x559ae5819cb1 <unknown>
#14 0x559ae5e307f0 <unknown>
#15 0x559ae5e2ee6a <unknown>
#16 0x559ae5e19bb5 <unknown>
#17 0x559ae5e2fb2a <unknown>
#18 0x559ae5e02df0 <unknown>
#19 0x559ae5e57238 <unknown>
#20 0x559ae5e573d5 <unknown>
#21 0x559ae5e6ae53 <unknown>
#22 0x7f75b429cb84 <unknown>
#23 0x7f75b4329d6c <unknown>

2026-08-18 13:50:28,516 - ERROR - [The Hindu] All scrape strategies failed for https://www.thehindu.com/news/national/karnataka/senior-citizen-loses-996-lakh-in-kyc-scam/article71360130.ece. Falling back to RSS description.
2026-08-18 13:50:28,516 - WARNING - SKIPPED (GLOBAL WORD LIMIT): Article 'Senior citizen loses ₹9.96 lakh in KYC scam' from The Hindu has only 3 words (Min: 90).
2026-08-18 13:50:29,175 - INFO - [Economic Times] Article: https://economictimes.indiatimes.com/markets/stocks/news/vedanta-plunges-5-59-per-cent-on-lse-amid-talks-to-buy-cairn-stake/articleshow/6306526.cms
2026-08-18 13:50:29,175 - INFO - [Economic Times] Attempt 1/2: Trying with 'requests_browser' strategy...
2026-08-18 13:50:29,333 - INFO - [The Hindu] Early skip: URL https://www.thehindu.com/news/national/karnataka/mankal-vaidya-elected-unopposed-as-karnataka-assembly-deputy-speaker/article71359485.ece already exists.
2026-08-18 13:50:29,334 - INFO - [The Hindu] Article: https://www.thehindu.com/news/national/andhra-pradesh/ap-govt-fixes-30000-honorarium-per-month-for-writer-gurajadas-family/article71360431.ece
2026-08-18 13:50:29,334 - INFO - [The Hindu] Attempt 1/1: Trying with 'selenium_browser' strategy...
2026-08-18 13:50:29,508 - ERROR - parsed tree length: 1, wrong data type or not valid HTML
2026-08-18 13:50:29,508 - ERROR - empty HTML tree: None
2026-08-18 13:50:29,508 - WARNING - discarding data: None
2026-08-18 13:50:29,508 - WARNING - [Economic Times] FAILED with 'requests_browser' (content was too short: 0 words).
2026-08-18 13:50:30,081 - INFO - [Economic Times] Article: https://economictimes.indiatimes.com/markets/stocks/news/vedanta-plunges-5-59-per-cent-on-lse-amid-talks-to-buy-cairn-stake/articleshow/6306526.cms
2026-08-18 13:50:30,081 - INFO - [Economic Times] Attempt 2/2: Trying with 'selenium_browser' strategy...
2026-08-18 13:50:31,674 - INFO - [Economic Times] Page content loaded.
2026-08-18 13:50:31,744 - INFO - [Economic Times] Success with 'selenium_browser'. Found content (397 words).
2026-08-18 13:50:34,723 - ERROR - Error saving article Cairn: Vedanta plunges 5.59 per cent on LSE amid talks to buy Cairn stake - The Economic Times: Hrana: `stream error: `Error { message: "SQLite error: UNIQUE constraint failed: articles.url", code: "SQLITE_CONSTRAINT" }``
2026-08-18 13:50:35,869 - INFO - [Economic Times] Article: https://economictimes.indiatimes.com/markets/stocks/news/sbi-shares-on-gaining-spree-hit-record-high/articleshow/6306241.cms
2026-08-18 13:50:35,869 - INFO - [Economic Times] Attempt 1/2: Trying with 'requests_browser' strategy...
2026-08-18 13:50:36,249 - ERROR - parsed tree length: 1, wrong data type or not valid HTML
2026-08-18 13:50:36,249 - ERROR - empty HTML tree: None
2026-08-18 13:50:36,249 - WARNING - discarding data: None
2026-08-18 13:50:36,249 - WARNING - [Economic Times] FAILED with 'requests_browser' (content was too short: 0 words).
2026-08-18 13:50:36,770 - INFO - [Economic Times] Article: https://economictimes.indiatimes.com/markets/stocks/news/sbi-shares-on-gaining-spree-hit-record-high/articleshow/6306241.cms
2026-08-18 13:50:36,770 - INFO - [Economic Times] Attempt 2/2: Trying with 'selenium_browser' strategy...
2026-08-18 13:50:38,225 - INFO - [Economic Times] Page content loaded.
2026-08-18 13:50:38,363 - WARNING - [Economic Times] FAILED with 'selenium_browser' (content was too short: 87 words).
2026-08-18 13:50:38,364 - ERROR - [Economic Times] All scrape strategies failed for https://economictimes.indiatimes.com/markets/stocks/news/sbi-shares-on-gaining-spree-hit-record-high/articleshow/6306241.cms. Falling back to RSS description.
2026-08-18 13:50:38,364 - WARNING - SKIPPED (GLOBAL WORD LIMIT): Article 'SBI shares on gaining spree; hit record high ' from Economic Times has only 28 words (Min: 90).
2026-08-18 13:50:39,327 - INFO - [Economic Times] Article: https://economictimes.indiatimes.com/fm-must-rethink/articleshow/5645094.cms
2026-08-18 13:50:39,327 - INFO - [Economic Times] Attempt 1/2: Trying with 'requests_browser' strategy...
2026-08-18 13:50:39,690 - ERROR - parsed tree length: 1, wrong data type or not valid HTML
2026-08-18 13:50:39,690 - ERROR - empty HTML tree: None
2026-08-18 13:50:39,690 - WARNING - discarding data: None
2026-08-18 13:50:39,691 - WARNING - [Economic Times] FAILED with 'requests_browser' (content was too short: 0 words).
2026-08-18 13:50:40,255 - INFO - [Economic Times] Article: https://economictimes.indiatimes.com/fm-must-rethink/articleshow/5645094.cms
2026-08-18 13:50:40,255 - INFO - [Economic Times] Attempt 2/2: Trying with 'selenium_browser' strategy...
2026-08-18 13:50:41,434 - INFO - [Economic Times] Page content loaded.
2026-08-18 13:50:41,495 - INFO - [Economic Times] Success with 'selenium_browser'. Found content (138 words).
2026-08-18 13:50:43,582 - WARNING - [The Hindu] Page get timed out (7s). Proceeding to grab partial source anyway.
2026-08-18 13:50:44,540 - ERROR - Error saving article FM must rethink - The Economic Times: Hrana: `stream error: `Error { message: "SQLite error: UNIQUE constraint failed: articles.url", code: "SQLITE_CONSTRAINT" }``
2026-08-18 13:50:45,286 - INFO - [Economic Times] Article: https://economictimes.indiatimes.com/amalgamate-banks/articleshow/5645086.cms
2026-08-18 13:50:45,286 - INFO - [Economic Times] Attempt 1/2: Trying with 'requests_browser' strategy...
2026-08-18 13:50:45,711 - ERROR - parsed tree length: 1, wrong data type or not valid HTML
2026-08-18 13:50:45,711 - ERROR - empty HTML tree: None
2026-08-18 13:50:45,711 - WARNING - discarding data: None
2026-08-18 13:50:45,711 - WARNING - [Economic Times] FAILED with 'requests_browser' (content was too short: 0 words).
2026-08-18 13:50:46,361 - INFO - [Economic Times] Article: https://economictimes.indiatimes.com/amalgamate-banks/articleshow/5645086.cms
2026-08-18 13:50:46,361 - INFO - [Economic Times] Attempt 2/2: Trying with 'selenium_browser' strategy...
2026-08-18 13:50:48,169 - INFO - [Economic Times] Page content loaded.
2026-08-18 13:50:48,290 - INFO - [Economic Times] Success with 'selenium_browser'. Found content (243 words).
2026-08-18 13:50:51,236 - ERROR - Error saving article Amalgamate banks - The Economic Times: Hrana: `stream error: `Error { message: "SQLite error: UNIQUE constraint failed: articles.url", code: "SQLITE_CONSTRAINT" }``
2026-08-18 13:50:51,549 - WARNING - [The Hindu] Page explicit wait timed out (3s). Proceeding anyway.
2026-08-18 13:50:52,280 - INFO - [Economic Times] Article: https://economictimes.indiatimes.com/managing-data/articleshow/5117958.cms
2026-08-18 13:50:52,280 - INFO - [Economic Times] Attempt 1/2: Trying with 'requests_browser' strategy...
2026-08-18 13:50:52,918 - ERROR - parsed tree length: 1, wrong data type or not valid HTML
2026-08-18 13:50:52,918 - ERROR - empty HTML tree: None
2026-08-18 13:50:52,918 - WARNING - discarding data: None
2026-08-18 13:50:52,918 - WARNING - [Economic Times] FAILED with 'requests_browser' (content was too short: 0 words).
2026-08-18 13:50:53,870 - INFO - [Economic Times] Article: https://economictimes.indiatimes.com/managing-data/articleshow/5117958.cms
2026-08-18 13:50:53,870 - INFO - [Economic Times] Attempt 2/2: Trying with 'selenium_browser' strategy...
2026-08-18 13:50:55,604 - INFO - [Economic Times] Page content loaded.
2026-08-18 13:50:55,682 - INFO - [Economic Times] Success with 'selenium_browser'. Found content (119 words).
2026-08-18 13:50:58,575 - ERROR - [The Hindu] Request failed for strategy 'selenium_browser' on URL https://www.thehindu.com/news/national/andhra-pradesh/ap-govt-fixes-30000-honorarium-per-month-for-writer-gurajadas-family/article71360431.ece: Message: timeout: Timed out receiving message from renderer: 7.000
  (Session info: chrome=152.0.7977.42)
Stacktrace:
#0 0x559ae5e6c2ca <unknown>
#1 0x559ae57cfb39 <unknown>
#2 0x559ae57b75bb <unknown>
#3 0x559ae57b7236 <unknown>
#4 0x559ae57b4e18 <unknown>
#5 0x559ae57b579f <unknown>
#6 0x559ae57c4880 <unknown>
#7 0x559ae57de7b7 <unknown>
#8 0x559ae57e619b <unknown>
#9 0x559ae57b5ef9 <unknown>
#10 0x559ae57de512 <unknown>
#11 0x559ae586db26 <unknown>
#12 0x559ae5818ecb <unknown>
#13 0x559ae5819cb1 <unknown>
#14 0x559ae5e307f0 <unknown>
#15 0x559ae5e2ee6a <unknown>
#16 0x559ae5e19bb5 <unknown>
#17 0x559ae5e2fb2a <unknown>
#18 0x559ae5e02df0 <unknown>
#19 0x559ae5e57238 <unknown>
#20 0x559ae5e573d5 <unknown>
#21 0x559ae5e6ae53 <unknown>
#22 0x7f75b429cb84 <unknown>
#23 0x7f75b4329d6c <unknown>

2026-08-18 13:50:58,575 - ERROR - [The Hindu] All scrape strategies failed for https://www.thehindu.com/news/national/andhra-pradesh/ap-govt-fixes-30000-honorarium-per-month-for-writer-gurajadas-family/article71360431.ece. Falling back to RSS description.
2026-08-18 13:50:58,575 - WARNING - SKIPPED (GLOBAL WORD LIMIT): Article 'A.P. govt. fixes ₹30,000 honorarium per month for writer Gurajada’s family' from The Hindu has only 19 words (Min: 90).
2026-08-18 13:50:58,576 - ERROR - Error saving article Managing data - The Economic Times: Hrana: `stream error: `Error { message: "SQLite error: UNIQUE constraint failed: articles.url", code: "SQLITE_CONSTRAINT" }``
2026-08-18 13:50:59,203 - INFO - [The Hindu] Early skip: URL https://www.thehindu.com/news/national/jharkhand/jharkhand-student-protest-live-updates-govt-cancels-jssc-cgl-exam-reforms-devendra-nath-mahto-august-18-2026/article71358897.ece already exists.
2026-08-18 13:50:59,204 - INFO - [The Hindu] Article: https://www.thehindu.com/news/national/karnataka/tobacco-board-enhances-interest-free-loans-under-growers-welfare-scheme/article71360582.ece
2026-08-18 13:50:59,204 - INFO - [The Hindu] Attempt 1/1: Trying with 'selenium_browser' strategy...
2026-08-18 13:50:59,770 - INFO - [Economic Times] Article: https://economictimes.indiatimes.com/right-technology/articleshow/5117957.cms
2026-08-18 13:50:59,770 - INFO - [Economic Times] Attempt 1/2: Trying with 'requests_browser' strategy...
2026-08-18 13:51:00,175 - ERROR - parsed tree length: 1, wrong data type or not valid HTML
2026-08-18 13:51:00,175 - ERROR - empty HTML tree: None
2026-08-18 13:51:00,175 - WARNING - discarding data: None
2026-08-18 13:51:00,176 - WARNING - [Economic Times] FAILED with 'requests_browser' (content was too short: 0 words).
2026-08-18 13:51:00,884 - INFO - [Economic Times] Article: https://economictimes.indiatimes.com/right-technology/articleshow/5117957.cms
2026-08-18 13:51:00,884 - INFO - [Economic Times] Attempt 2/2: Trying with 'selenium_browser' strategy...
2026-08-18 13:51:02,472 - INFO - [Economic Times] Page content loaded.
2026-08-18 13:51:02,619 - INFO - [Economic Times] Success with 'selenium_browser'. Found content (114 words).
2026-08-18 13:51:05,582 - ERROR - Error saving article Right technology - The Economic Times: Hrana: `stream error: `Error { message: "SQLite error: UNIQUE constraint failed: articles.url", code: "SQLITE_CONSTRAINT" }``
2026-08-18 13:51:06,763 - INFO - [Economic Times] Article: https://economictimes.indiatimes.com/et-search/articleshow/21646857.cms
2026-08-18 13:51:06,763 - INFO - [Economic Times] Attempt 1/2: Trying with 'requests_browser' strategy...
2026-08-18 13:51:07,138 - ERROR - parsed tree length: 1, wrong data type or not valid HTML
2026-08-18 13:51:07,139 - ERROR - empty HTML tree: None
2026-08-18 13:51:07,139 - WARNING - discarding data: None
2026-08-18 13:51:07,139 - WARNING - [Economic Times] FAILED with 'requests_browser' (content was too short: 0 words).
2026-08-18 13:51:07,672 - INFO - [Economic Times] Article: https://economictimes.indiatimes.com/et-search/articleshow/21646857.cms
2026-08-18 13:51:07,672 - INFO - [Economic Times] Attempt 2/2: Trying with 'selenium_browser' strategy...
2026-08-18 13:51:09,334 - INFO - [Economic Times] Page content loaded.
2026-08-18 13:51:09,430 - WARNING - [Economic Times] FAILED with 'selenium_browser' (content was too short: 44 words).
2026-08-18 13:51:09,431 - ERROR - [Economic Times] All scrape strategies failed for https://economictimes.indiatimes.com/et-search/articleshow/21646857.cms. Falling back to RSS description.
2026-08-18 13:51:09,431 - WARNING - SKIPPED (GLOBAL WORD LIMIT): Article 'ET Search ' from Economic Times has only 3 words (Min: 90).
2026-08-18 13:51:10,297 - INFO - [Economic Times] Article: https://economictimes.indiatimes.com/after-the-oscars-whats-next-for-silent-stars-of-the-artist/articleshow/12075465.cms
2026-08-18 13:51:10,297 - INFO - [Economic Times] Attempt 1/2: Trying with 'requests_browser' strategy...
2026-08-18 13:51:11,145 - ERROR - parsed tree length: 1, wrong data type or not valid HTML
2026-08-18 13:51:11,145 - ERROR - empty HTML tree: None
2026-08-18 13:51:11,145 - WARNING - discarding data: None
2026-08-18 13:51:11,145 - WARNING - [Economic Times] FAILED with 'requests_browser' (content was too short: 0 words).
2026-08-18 13:51:12,092 - INFO - [Economic Times] Article: https://economictimes.indiatimes.com/after-the-oscars-whats-next-for-silent-stars-of-the-artist/articleshow/12075465.cms
2026-08-18 13:51:12,092 - INFO - [Economic Times] Attempt 2/2: Trying with 'selenium_browser' strategy...
2026-08-18 13:51:13,220 - WARNING - [The Hindu] Page get timed out (7s). Proceeding to grab partial source anyway.
2026-08-18 13:51:13,679 - INFO - [Economic Times] Page content loaded.
2026-08-18 13:51:13,775 - INFO - [Economic Times] Success with 'selenium_browser'. Found content (699 words).
2026-08-18 13:51:16,713 - ERROR - Error saving article After the Oscars, what's next for silent stars of The Artist? - The Economic Times: Hrana: `stream error: `Error { message: "SQLite error: UNIQUE constraint failed: articles.url", code: "SQLITE_CONSTRAINT" }``
2026-08-18 13:51:17,372 - INFO - [Economic Times] Article: https://economictimes.indiatimes.com/delhi-world-book-fair-a-fair-like-no-other/articleshow/12028630.cms
2026-08-18 13:51:17,372 - INFO - [Economic Times] Attempt 1/2: Trying with 'requests_browser' strategy...
2026-08-18 13:51:17,703 - ERROR - parsed tree length: 1, wrong data type or not valid HTML
2026-08-18 13:51:17,703 - ERROR - empty HTML tree: None
2026-08-18 13:51:17,703 - WARNING - discarding data: None
2026-08-18 13:51:17,703 - WARNING - [Economic Times] FAILED with 'requests_browser' (content was too short: 0 words).
2026-08-18 13:51:18,330 - INFO - [Economic Times] Article: https://economictimes.indiatimes.com/delhi-world-book-fair-a-fair-like-no-other/articleshow/12028630.cms
2026-08-18 13:51:18,330 - INFO - [Economic Times] Attempt 2/2: Trying with 'selenium_browser' strategy...
2026-08-18 13:51:20,228 - WARNING - [The Hindu] Page explicit wait timed out (3s). Proceeding anyway.
2026-08-18 13:51:20,515 - INFO - [Economic Times] Page content loaded.
2026-08-18 13:51:20,583 - INFO - [Economic Times] Success with 'selenium_browser'. Found content (1911 words).
2026-08-18 13:51:23,538 - ERROR - Error saving article Delhi World Book fair: A fair like no other - The Economic Times: Hrana: `stream error: `Error { message: "SQLite error: UNIQUE constraint failed: articles.url", code: "SQLITE_CONSTRAINT" }``
2026-08-18 13:51:24,423 - INFO - [Economic Times] Article: https://economictimes.indiatimes.com/lk-advanis-gift-makes-its-way-to-state-department-exhibition-hall/articleshow/12017534.cms
2026-08-18 13:51:24,423 - INFO - [Economic Times] Attempt 1/2: Trying with 'requests_browser' strategy...
2026-08-18 13:51:24,741 - ERROR - parsed tree length: 1, wrong data type or not valid HTML
2026-08-18 13:51:24,741 - ERROR - empty HTML tree: None
2026-08-18 13:51:24,741 - WARNING - discarding data: None
2026-08-18 13:51:24,741 - WARNING - [Economic Times] FAILED with 'requests_browser' (content was too short: 0 words).
2026-08-18 13:51:25,325 - INFO - [Economic Times] Article: https://economictimes.indiatimes.com/lk-advanis-gift-makes-its-way-to-state-department-exhibition-hall/articleshow/12017534.cms
2026-08-18 13:51:25,325 - INFO - [Economic Times] Attempt 2/2: Trying with 'selenium_browser' strategy...
2026-08-18 13:51:27,085 - INFO - [Economic Times] Page content loaded.
2026-08-18 13:51:27,148 - INFO - [Economic Times] Success with 'selenium_browser'. Found content (488 words).
2026-08-18 13:51:27,244 - ERROR - [The Hindu] Request failed for strategy 'selenium_browser' on URL https://www.thehindu.com/news/national/karnataka/tobacco-board-enhances-interest-free-loans-under-growers-welfare-scheme/article71360582.ece: Message: timeout: Timed out receiving message from renderer: 7.000
  (Session info: chrome=152.0.7977.42)
Stacktrace:
#0 0x559ae5e6c2ca <unknown>
#1 0x559ae57cfb39 <unknown>
#2 0x559ae57b75bb <unknown>
#3 0x559ae57b7236 <unknown>
#4 0x559ae57b4e18 <unknown>
#5 0x559ae57b579f <unknown>
#6 0x559ae57c4880 <unknown>
#7 0x559ae57de7b7 <unknown>
#8 0x559ae57e619b <unknown>
#9 0x559ae57b5ef9 <unknown>
#10 0x559ae57de512 <unknown>
#11 0x559ae586db26 <unknown>
#12 0x559ae5818ecb <unknown>
#13 0x559ae5819cb1 <unknown>
#14 0x559ae5e307f0 <unknown>
#15 0x559ae5e2ee6a <unknown>
#16 0x559ae5e19bb5 <unknown>
#17 0x559ae5e2fb2a <unknown>
#18 0x559ae5e02df0 <unknown>
#19 0x559ae5e57238 <unknown>
#20 0x559ae5e573d5 <unknown>
#21 0x559ae5e6ae53 <unknown>
#22 0x7f75b429cb84 <unknown>
#23 0x7f75b4329d6c <unknown>

2026-08-18 13:51:27,244 - ERROR - [The Hindu] All scrape strategies failed for https://www.thehindu.com/news/national/karnataka/tobacco-board-enhances-interest-free-loans-under-growers-welfare-scheme/article71360582.ece. Falling back to RSS description.
2026-08-18 13:51:27,244 - WARNING - SKIPPED (GLOBAL WORD LIMIT): Article 'Tobacco Board enhances interest-free loans under Growers’ Welfare Scheme' from The Hindu has only 22 words (Min: 90).
2026-08-18 13:51:28,682 - INFO - [The Hindu] Article: https://www.thehindu.com/news/national/tamil-nadu/oil-development-and-exploratory-wells-no-compromise-on-environment-says-tn-minister/article71360739.ece
2026-08-18 13:51:29,153 - INFO - [The Hindu] Attempt 1/1: Trying with 'selenium_browser' strategy...
2026-08-18 13:51:30,090 - ERROR - Error saving article LK Advani's 'gift' makes its way to State Department exhibition hall - The Economic Times: Hrana: `stream error: `Error { message: "SQLite error: UNIQUE constraint failed: articles.url", code: "SQLITE_CONSTRAINT" }``
2026-08-18 13:51:31,355 - INFO - [Economic Times] Article: https://economictimes.indiatimes.com/india-meteorological-department-to-use-dynamic-models-for-forecasts/articleshow/11983844.cms
2026-08-18 13:51:31,355 - INFO - [Economic Times] Attempt 1/2: Trying with 'requests_browser' strategy...
2026-08-18 13:51:31,792 - ERROR - parsed tree length: 1, wrong data type or not valid HTML
2026-08-18 13:51:31,792 - ERROR - empty HTML tree: None
2026-08-18 13:51:31,792 - WARNING - discarding data: None
2026-08-18 13:51:31,792 - WARNING - [Economic Times] FAILED with 'requests_browser' (content was too short: 0 words).
2026-08-18 13:51:32,570 - INFO - [Economic Times] Article: https://economictimes.indiatimes.com/india-meteorological-department-to-use-dynamic-models-for-forecasts/articleshow/11983844.cms
2026-08-18 13:51:32,570 - INFO - [Economic Times] Attempt 2/2: Trying with 'selenium_browser' strategy...
2026-08-18 13:51:34,234 - INFO - [Economic Times] Page content loaded.
2026-08-18 13:51:34,424 - INFO - [Economic Times] Success with 'selenium_browser'. Found content (187 words).
2026-08-18 13:51:37,405 - ERROR - Error saving article India Meteorological Department to use dynamic models for forecasts - The Economic Times: Hrana: `stream error: `Error { message: "SQLite error: UNIQUE constraint failed: articles.url", code: "SQLITE_CONSTRAINT" }``
2026-08-18 13:51:38,746 - INFO - [Economic Times] Article: https://economictimes.indiatimes.com/documents-reveal-contents-of-the-first-telegraph-message-between-india-england/articleshow/11976488.cms
2026-08-18 13:51:38,746 - INFO - [Economic Times] Attempt 1/2: Trying with 'requests_browser' strategy...
2026-08-18 13:51:39,326 - ERROR - parsed tree length: 1, wrong data type or not valid HTML
2026-08-18 13:51:39,327 - ERROR - empty HTML tree: None
2026-08-18 13:51:39,327 - WARNING - discarding data: None
2026-08-18 13:51:39,327 - WARNING - [Economic Times] FAILED with 'requests_browser' (content was too short: 0 words).
2026-08-18 13:51:40,124 - INFO - [Economic Times] Article: https://economictimes.indiatimes.com/documents-reveal-contents-of-the-first-telegraph-message-between-india-england/articleshow/11976488.cms
2026-08-18 13:51:40,124 - INFO - [Economic Times] Attempt 2/2: Trying with 'selenium_browser' strategy...
2026-08-18 13:51:41,586 - INFO - [Economic Times] Page content loaded.
2026-08-18 13:51:41,689 - INFO - [Economic Times] Success with 'selenium_browser'. Found content (1449 words).
2026-08-18 13:51:44,951 - WARNING - [The Hindu] Page get timed out (7s). Proceeding to grab partial source anyway.
2026-08-18 13:51:44,951 - ERROR - Error saving article Documents reveal contents of the first telegraph message between India & England - The Economic Times: Hrana: `stream error: `Error { message: "SQLite error: UNIQUE constraint failed: articles.url", code: "SQLITE_CONSTRAINT" }``
2026-08-18 13:51:46,139 - INFO - [Economic Times] Article: https://economictimes.indiatimes.com/worried-amitabh-bachchan-fans-pray-to-lord-shiva-for-his-recovery/articleshow/11963187.cms
2026-08-18 13:51:46,139 - INFO - [Economic Times] Attempt 1/2: Trying with 'requests_browser' strategy...
2026-08-18 13:51:46,547 - ERROR - parsed tree length: 1, wrong data type or not valid HTML
2026-08-18 13:51:46,552 - ERROR - empty HTML tree: None
2026-08-18 13:51:46,552 - WARNING - discarding data: None
2026-08-18 13:51:46,552 - WARNING - [Economic Times] FAILED with 'requests_browser' (content was too short: 0 words).
2026-08-18 13:51:47,148 - INFO - [Economic Times] Article: https://economictimes.indiatimes.com/worried-amitabh-bachchan-fans-pray-to-lord-shiva-for-his-recovery/articleshow/11963187.cms
2026-08-18 13:51:47,148 - INFO - [Economic Times] Attempt 2/2: Trying with 'selenium_browser' strategy...
2026-08-18 13:51:48,707 - INFO - [Economic Times] Page content loaded.
2026-08-18 13:51:48,832 - INFO - [Economic Times] Success with 'selenium_browser'. Found content (453 words).
2026-08-18 13:51:51,796 - ERROR - Error saving article Worried Amitabh Bachchan fans pray to Lord Shiva for his recovery - The Economic Times: Hrana: `stream error: `Error { message: "SQLite error: UNIQUE constraint failed: articles.url", code: "SQLITE_CONSTRAINT" }``
2026-08-18 13:51:51,959 - WARNING - [The Hindu] Page explicit wait timed out (3s). Proceeding anyway.
2026-08-18 13:51:52,468 - INFO - [Economic Times] Article: https://economictimes.indiatimes.com/opinion/interviews/every-decision-of-government-neednt-be-a-big-reform-anand-mahindra/articleshow/35919571.cms
2026-08-18 13:51:52,468 - INFO - [Economic Times] Attempt 1/2: Trying with 'requests_browser' strategy...
2026-08-18 13:51:53,880 - ERROR - parsed tree length: 1, wrong data type or not valid HTML
2026-08-18 13:51:53,881 - ERROR - empty HTML tree: None
2026-08-18 13:51:53,881 - WARNING - discarding data: None
2026-08-18 13:51:53,881 - WARNING - [Economic Times] FAILED with 'requests_browser' (content was too short: 0 words).
2026-08-18 13:51:54,575 - INFO - [Economic Times] Article: https://economictimes.indiatimes.com/opinion/interviews/every-decision-of-government-neednt-be-a-big-reform-anand-mahindra/articleshow/35919571.cms
2026-08-18 13:51:54,575 - INFO - [Economic Times] Attempt 2/2: Trying with 'selenium_browser' strategy...
2026-08-18 13:51:56,135 - INFO - [Economic Times] Page content loaded.
2026-08-18 13:51:56,303 - INFO - [Economic Times] Success with 'selenium_browser'. Found content (2167 words).
2026-08-18 13:51:59,294 - ERROR - Error saving article Every decision of government needn’t be a big reform: Anand Mahindra - The Economic Times: Hrana: `stream error: `Error { message: "SQLite error: UNIQUE constraint failed: articles.url", code: "SQLITE_CONSTRAINT" }``
2026-08-18 13:51:59,294 - ERROR - [The Hindu] Request failed for strategy 'selenium_browser' on URL https://www.thehindu.com/news/national/tamil-nadu/oil-development-and-exploratory-wells-no-compromise-on-environment-says-tn-minister/article71360739.ece: Message: timeout: Timed out receiving message from renderer: 7.000
  (Session info: chrome=152.0.7977.42)
Stacktrace:
#0 0x559ae5e6c2ca <unknown>
#1 0x559ae57cfb39 <unknown>
#2 0x559ae57b75bb <unknown>
#3 0x559ae57b7236 <unknown>
#4 0x559ae57b4e18 <unknown>
#5 0x559ae57b579f <unknown>
#6 0x559ae57c4880 <unknown>
#7 0x559ae57de7b7 <unknown>
#8 0x559ae57e619b <unknown>
#9 0x559ae57b5ef9 <unknown>
#10 0x559ae57de512 <unknown>
#11 0x559ae586db26 <unknown>
#12 0x559ae5818ecb <unknown>
#13 0x559ae5819cb1 <unknown>
#14 0x559ae5e307f0 <unknown>
#15 0x559ae5e2ee6a <unknown>
#16 0x559ae5e19bb5 <unknown>
#17 0x559ae5e2fb2a <unknown>
#18 0x559ae5e02df0 <unknown>
#19 0x559ae5e57238 <unknown>
#20 0x559ae5e573d5 <unknown>
#21 0x559ae5e6ae53 <unknown>
#22 0x7f75b429cb84 <unknown>
#23 0x7f75b4329d6c <unknown>

2026-08-18 13:51:59,294 - ERROR - [The Hindu] All scrape strategies failed for https://www.thehindu.com/news/national/tamil-nadu/oil-development-and-exploratory-wells-no-compromise-on-environment-says-tn-minister/article71360739.ece. Falling back to RSS description.
2026-08-18 13:51:59,294 - WARNING - SKIPPED (GLOBAL WORD LIMIT): Article 'Oil development and exploratory wells: No compromise on environment, says T.N. Minister' from The Hindu has only 29 words (Min: 90).
2026-08-18 13:51:59,960 - INFO - [The Hindu] Article: https://www.thehindu.com/newsletter/karnataka-today/here-are-the-big-stories-from-karnataka-today/article71360581.ece
2026-08-18 13:51:59,960 - INFO - [The Hindu] Attempt 1/1: Trying with 'selenium_browser' strategy...
2026-08-18 13:52:00,164 - INFO - [Economic Times] Article: https://economictimes.indiatimes.com/opinion/interviews/narendra-modi-has-his-eyes-set-on-boosting-business-joao-cravinho-eu-ambassador/articleshow/35973824.cms
2026-08-18 13:52:00,164 - INFO - [Economic Times] Attempt 1/2: Trying with 'requests_browser' strategy...
2026-08-18 13:52:01,541 - ERROR - parsed tree length: 1, wrong data type or not valid HTML
2026-08-18 13:52:01,541 - ERROR - empty HTML tree: None
2026-08-18 13:52:01,541 - WARNING - discarding data: None
2026-08-18 13:52:01,541 - WARNING - [Economic Times] FAILED with 'requests_browser' (content was too short: 0 words).
2026-08-18 13:52:02,289 - INFO - [Economic Times] Article: https://economictimes.indiatimes.com/opinion/interviews/narendra-modi-has-his-eyes-set-on-boosting-business-joao-cravinho-eu-ambassador/articleshow/35973824.cms
2026-08-18 13:52:02,289 - INFO - [Economic Times] Attempt 2/2: Trying with 'selenium_browser' strategy...
2026-08-18 13:52:03,577 - INFO - [Economic Times] Page content loaded.
2026-08-18 13:52:03,777 - INFO - [Economic Times] Success with 'selenium_browser'. Found content (898 words).
2026-08-18 13:52:06,745 - ERROR - Error saving article Narendra Modi has his eyes set on boosting business: Joao Cravinho, EU Ambassador - The Economic Times: Hrana: `stream error: `Error { message: "SQLite error: UNIQUE constraint failed: articles.url", code: "SQLITE_CONSTRAINT" }``
2026-08-18 13:52:07,803 - INFO - [Economic Times] Article: https://economictimes.indiatimes.com/opinion/interviews/confidence-level-of-industry-improving-kv-kamath-icici-bank/articleshow/35945669.cms
2026-08-18 13:52:07,803 - INFO - [Economic Times] Attempt 1/2: Trying with 'requests_browser' strategy...
2026-08-18 13:52:09,434 - ERROR - parsed tree length: 1, wrong data type or not valid HTML
2026-08-18 13:52:09,434 - ERROR - empty HTML tree: None
2026-08-18 13:52:09,434 - WARNING - discarding data: None
2026-08-18 13:52:09,434 - WARNING - [Economic Times] FAILED with 'requests_browser' (content was too short: 0 words).
2026-08-18 13:52:10,410 - INFO - [Economic Times] Article: https://economictimes.indiatimes.com/opinion/interviews/confidence-level-of-industry-improving-kv-kamath-icici-bank/articleshow/35945669.cms
2026-08-18 13:52:10,410 - INFO - [Economic Times] Attempt 2/2: Trying with 'selenium_browser' strategy...
2026-08-18 13:52:11,760 - INFO - [Economic Times] Page content loaded.
2026-08-18 13:52:11,961 - INFO - [Economic Times] Success with 'selenium_browser'. Found content (1746 words).
2026-08-18 13:52:14,037 - WARNING - [The Hindu] Page get timed out (7s). Proceeding to grab partial source anyway.
2026-08-18 13:52:14,985 - ERROR - Error saving article Confidence level of industry improving: KV Kamath, ICICI Bank - The Economic Times: Hrana: `stream error: `Error { message: "SQLite error: UNIQUE constraint failed: articles.url", code: "SQLITE_CONSTRAINT" }``
2026-08-18 13:52:15,574 - INFO - [Economic Times] Article: https://economictimes.indiatimes.com/opinion/interviews/we-may-see-rapid-growth-over-the-next-few-years-raamdeo-agrawal/articleshow/35831378.cms
2026-08-18 13:52:15,574 - INFO - [Economic Times] Attempt 1/2: Trying with 'requests_browser' strategy...
2026-08-18 13:52:17,093 - ERROR - parsed tree length: 1, wrong data type or not valid HTML
2026-08-18 13:52:17,093 - ERROR - empty HTML tree: None
2026-08-18 13:52:17,093 - WARNING - discarding data: None
2026-08-18 13:52:17,093 - WARNING - [Economic Times] FAILED with 'requests_browser' (content was too short: 0 words).
2026-08-18 13:52:17,749 - INFO - [Economic Times] Article: https://economictimes.indiatimes.com/opinion/interviews/we-may-see-rapid-growth-over-the-next-few-years-raamdeo-agrawal/articleshow/35831378.cms
2026-08-18 13:52:17,749 - INFO - [Economic Times] Attempt 2/2: Trying with 'selenium_browser' strategy...
2026-08-18 13:52:19,267 - INFO - [Economic Times] Page content loaded.
2026-08-18 13:52:19,422 - INFO - [Economic Times] Success with 'selenium_browser'. Found content (1086 words).
2026-08-18 13:52:22,418 - WARNING - [The Hindu] Page explicit wait timed out (3s). Proceeding anyway.
2026-08-18 13:52:22,419 - ERROR - Error saving article Raamdeo Agarwal: We may see rapid growth over the next few years: Raamdeo Agrawal - The Economic Times: Hrana: `stream error: `Error { message: "SQLite error: UNIQUE constraint failed: articles.url", code: "SQLITE_CONSTRAINT" }``
2026-08-18 13:52:23,323 - INFO - [Economic Times] Article: https://economictimes.indiatimes.com/opinion/interviews/our-commitment-for-press-freedom-and-autonomy-of-public-broadcast-is-absolute-prakash-javadekar/articleshow/35803396.cms
2026-08-18 13:52:23,323 - INFO - [Economic Times] Attempt 1/2: Trying with 'requests_browser' strategy...
2026-08-18 13:52:24,636 - ERROR - parsed tree length: 1, wrong data type or not valid HTML
2026-08-18 13:52:24,636 - ERROR - empty HTML tree: None
2026-08-18 13:52:24,636 - WARNING - discarding data: None
2026-08-18 13:52:24,636 - WARNING - [Economic Times] FAILED with 'requests_browser' (content was too short: 0 words).
2026-08-18 13:52:25,568 - INFO - [Economic Times] Article: https://economictimes.indiatimes.com/opinion/interviews/our-commitment-for-press-freedom-and-autonomy-of-public-broadcast-is-absolute-prakash-javadekar/articleshow/35803396.cms
2026-08-18 13:52:25,569 - INFO - [Economic Times] Attempt 2/2: Trying with 'selenium_browser' strategy...
2026-08-18 13:52:27,408 - INFO - [Economic Times] Page content loaded.
2026-08-18 13:52:27,573 - INFO - [Economic Times] Success with 'selenium_browser'. Found content (1176 words).
2026-08-18 13:52:29,586 - ERROR - [The Hindu] Request failed for strategy 'selenium_browser' on URL https://www.thehindu.com/newsletter/karnataka-today/here-are-the-big-stories-from-karnataka-today/article71360581.ece: Message: timeout: Timed out receiving message from renderer: 7.000
  (Session info: chrome=152.0.7977.42)
Stacktrace:
#0 0x559ae5e6c2ca <unknown>
#1 0x559ae57cfb39 <unknown>
#2 0x559ae57b75bb <unknown>
#3 0x559ae57b7236 <unknown>
#4 0x559ae57b4e18 <unknown>
#5 0x559ae57b579f <unknown>
#6 0x559ae57c4880 <unknown>
#7 0x559ae57de7b7 <unknown>
#8 0x559ae57e619b <unknown>
#9 0x559ae57b5ef9 <unknown>
#10 0x559ae57de512 <unknown>
#11 0x559ae586db26 <unknown>
#12 0x559ae5818ecb <unknown>
#13 0x559ae5819cb1 <unknown>
#14 0x559ae5e307f0 <unknown>
#15 0x559ae5e2ee6a <unknown>
#16 0x559ae5e19bb5 <unknown>
#17 0x559ae5e2fb2a <unknown>
#18 0x559ae5e02df0 <unknown>
#19 0x559ae5e57238 <unknown>
#20 0x559ae5e573d5 <unknown>
#21 0x559ae5e6ae53 <unknown>
#22 0x7f75b429cb84 <unknown>
#23 0x7f75b4329d6c <unknown>

2026-08-18 13:52:29,586 - ERROR - [The Hindu] All scrape strategies failed for https://www.thehindu.com/newsletter/karnataka-today/here-are-the-big-stories-from-karnataka-today/article71360581.ece. Falling back to RSS description.
2026-08-18 13:52:29,586 - WARNING - SKIPPED (GLOBAL WORD LIMIT): Article 'Here are the big stories from Karnataka today' from The Hindu has only 25 words (Min: 90).
2026-08-18 13:52:30,528 - ERROR - Error saving article Our commitment for press freedom, and autonomy of public broadcast is absolute: Prakash Javadekar - The Economic Times: Hrana: `stream error: `Error { message: "SQLite error: UNIQUE constraint failed: articles.url", code: "SQLITE_CONSTRAINT" }``
2026-08-18 13:52:31,984 - INFO - [Economic Times] Article: https://economictimes.indiatimes.com/opinion/interviews/there-is-a-leadership-vacuum-in-infosys-time-to-get-nandan-nilekani-back-mohandas-pai/articleshow/35716682.cms
2026-08-18 13:52:31,984 - INFO - [Economic Times] Attempt 1/2: Trying with 'requests_browser' strategy...
2026-08-18 13:52:31,993 - INFO - [The Hindu] Article: https://www.thehindu.com/news/national/andhra-pradesh/safety-measures-in-place-to-check-fire-accidents-in-private-sleeper-buses-says-transport-minister/article71360025.ece
2026-08-18 13:52:31,993 - INFO - [The Hindu] Attempt 1/1: Trying with 'selenium_browser' strategy...
2026-08-18 13:52:32,329 - CRITICAL - --- TIMEOUT: 2 scrape jobs did not complete in 420s. ---
2026-08-18 13:52:32,330 - ERROR - A thread has timed out and will be abandoned.
2026-08-18 13:52:32,330 - ERROR - A thread has timed out and will be abandoned.
2026-08-18 13:52:32,330 - INFO - Shutting down thread pool (wait=False)...
2026-08-18 13:52:32,330 - INFO - Scraped: 0 TechCrunch, 1 Wired, 0 NDTV, 1 Al Jazeera, 0 BBC, 3 Times of India, 0 Indian Express, 2 Timed_Out_Jobs articles. (Total saved: 5)
2026-08-18 13:52:32,330 - INFO - --- Scraping job finished ---
2026-08-18 13:52:32,330 - INFO - --- Scraper service stopped. ---
2026-08-18 13:52:32,330 - INFO - --- Main thread finished. Forcing process exit to kill zombie threads. ---
