2026-08-16 20:26:42,359 - INFO - Loading AI Semantic Model (all-MiniLM-L6-v2)...
2026-08-16 20:26:42,360 - INFO - No device provided, using cpu
2026-08-16 20:26:42,473 - INFO - HTTP Request: GET https://huggingface.co/api/agent-harnesses "HTTP/1.1 200 OK"
2026-08-16 20:26:42,548 - INFO - HTTP Request: HEAD https://huggingface.co/sentence-transformers/all-MiniLM-L6-v2/resolve/main/modules.json "HTTP/1.1 307 Temporary Redirect"
2026-08-16 20:26:42,549 - WARNING - Warning: You are sending unauthenticated requests to the HF Hub. Please set a HF_TOKEN to enable higher rate limits and faster downloads.
2026-08-16 20:26:42,553 - INFO - HTTP Request: HEAD https://huggingface.co/api/resolve-cache/models/sentence-transformers/all-MiniLM-L6-v2/1110a243fdf4706b3f48f1d95db1a4f5529b4d41/modules.json "HTTP/1.1 200 OK"
2026-08-16 20:26:42,629 - INFO - HTTP Request: HEAD https://huggingface.co/sentence-transformers/all-MiniLM-L6-v2/resolve/main/config_sentence_transformers.json "HTTP/1.1 307 Temporary Redirect"
2026-08-16 20:26:42,634 - INFO - HTTP Request: HEAD https://huggingface.co/api/resolve-cache/models/sentence-transformers/all-MiniLM-L6-v2/1110a243fdf4706b3f48f1d95db1a4f5529b4d41/config_sentence_transformers.json "HTTP/1.1 200 OK"
2026-08-16 20:26:42,635 - INFO - Loading SentenceTransformer model from sentence-transformers/all-MiniLM-L6-v2.
2026-08-16 20:26:42,711 - INFO - HTTP Request: HEAD https://huggingface.co/sentence-transformers/all-MiniLM-L6-v2/resolve/main/config_sentence_transformers.json "HTTP/1.1 307 Temporary Redirect"
2026-08-16 20:26:42,716 - INFO - HTTP Request: HEAD https://huggingface.co/api/resolve-cache/models/sentence-transformers/all-MiniLM-L6-v2/1110a243fdf4706b3f48f1d95db1a4f5529b4d41/config_sentence_transformers.json "HTTP/1.1 200 OK"
2026-08-16 20:26:42,810 - INFO - HTTP Request: HEAD https://huggingface.co/sentence-transformers/all-MiniLM-L6-v2/resolve/main/README.md "HTTP/1.1 307 Temporary Redirect"
2026-08-16 20:26:42,815 - INFO - HTTP Request: HEAD https://huggingface.co/api/resolve-cache/models/sentence-transformers/all-MiniLM-L6-v2/1110a243fdf4706b3f48f1d95db1a4f5529b4d41/README.md "HTTP/1.1 200 OK"
2026-08-16 20:26:42,820 - INFO - HTTP Request: GET https://huggingface.co/api/resolve-cache/models/sentence-transformers/all-MiniLM-L6-v2/1110a243fdf4706b3f48f1d95db1a4f5529b4d41/README.md "HTTP/1.1 200 OK"
2026-08-16 20:26:42,895 - INFO - HTTP Request: HEAD https://huggingface.co/sentence-transformers/all-MiniLM-L6-v2/resolve/main/modules.json "HTTP/1.1 307 Temporary Redirect"
2026-08-16 20:26:42,900 - INFO - HTTP Request: HEAD https://huggingface.co/api/resolve-cache/models/sentence-transformers/all-MiniLM-L6-v2/1110a243fdf4706b3f48f1d95db1a4f5529b4d41/modules.json "HTTP/1.1 200 OK"
2026-08-16 20:26:42,979 - INFO - HTTP Request: HEAD https://huggingface.co/sentence-transformers/all-MiniLM-L6-v2/resolve/main/sentence_bert_config.json "HTTP/1.1 307 Temporary Redirect"
2026-08-16 20:26:42,983 - INFO - HTTP Request: HEAD https://huggingface.co/api/resolve-cache/models/sentence-transformers/all-MiniLM-L6-v2/1110a243fdf4706b3f48f1d95db1a4f5529b4d41/sentence_bert_config.json "HTTP/1.1 200 OK"
2026-08-16 20:26:43,061 - INFO - HTTP Request: HEAD https://huggingface.co/sentence-transformers/all-MiniLM-L6-v2/resolve/main/adapter_config.json "HTTP/1.1 404 Not Found"
2026-08-16 20:26:43,135 - INFO - HTTP Request: HEAD https://huggingface.co/sentence-transformers/all-MiniLM-L6-v2/resolve/main/config.json "HTTP/1.1 307 Temporary Redirect"
2026-08-16 20:26:43,140 - INFO - HTTP Request: HEAD https://huggingface.co/api/resolve-cache/models/sentence-transformers/all-MiniLM-L6-v2/1110a243fdf4706b3f48f1d95db1a4f5529b4d41/config.json "HTTP/1.1 200 OK"
2026-08-16 20:26:43,264 - INFO - HTTP Request: HEAD https://huggingface.co/sentence-transformers/all-MiniLM-L6-v2/resolve/main/model.safetensors "HTTP/1.1 302 Found"
2026-08-16 20:26:43,474 - INFO - HTTP Request: HEAD https://huggingface.co/sentence-transformers/all-MiniLM-L6-v2/resolve/main/processor_config.json "HTTP/1.1 404 Not Found"
2026-08-16 20:26:43,548 - INFO - HTTP Request: HEAD https://huggingface.co/sentence-transformers/all-MiniLM-L6-v2/resolve/main/preprocessor_config.json "HTTP/1.1 404 Not Found"
2026-08-16 20:26:43,627 - INFO - HTTP Request: HEAD https://huggingface.co/sentence-transformers/all-MiniLM-L6-v2/resolve/main/video_preprocessor_config.json "HTTP/1.1 404 Not Found"
2026-08-16 20:26:43,703 - INFO - HTTP Request: HEAD https://huggingface.co/sentence-transformers/all-MiniLM-L6-v2/resolve/main/preprocessor_config.json "HTTP/1.1 404 Not Found"
2026-08-16 20:26:43,796 - INFO - HTTP Request: HEAD https://huggingface.co/sentence-transformers/all-MiniLM-L6-v2/resolve/main/tokenizer_config.json "HTTP/1.1 307 Temporary Redirect"
2026-08-16 20:26:43,801 - INFO - HTTP Request: HEAD https://huggingface.co/api/resolve-cache/models/sentence-transformers/all-MiniLM-L6-v2/1110a243fdf4706b3f48f1d95db1a4f5529b4d41/tokenizer_config.json "HTTP/1.1 200 OK"
2026-08-16 20:26:43,880 - INFO - HTTP Request: HEAD https://huggingface.co/sentence-transformers/all-MiniLM-L6-v2/resolve/main/config.json "HTTP/1.1 307 Temporary Redirect"
2026-08-16 20:26:43,885 - INFO - HTTP Request: HEAD https://huggingface.co/api/resolve-cache/models/sentence-transformers/all-MiniLM-L6-v2/1110a243fdf4706b3f48f1d95db1a4f5529b4d41/config.json "HTTP/1.1 200 OK"
2026-08-16 20:26:43,963 - INFO - HTTP Request: HEAD https://huggingface.co/sentence-transformers/all-MiniLM-L6-v2/resolve/main/config.json "HTTP/1.1 307 Temporary Redirect"
2026-08-16 20:26:43,968 - INFO - HTTP Request: HEAD https://huggingface.co/api/resolve-cache/models/sentence-transformers/all-MiniLM-L6-v2/1110a243fdf4706b3f48f1d95db1a4f5529b4d41/config.json "HTTP/1.1 200 OK"
2026-08-16 20:26:44,116 - INFO - HTTP Request: HEAD https://huggingface.co/sentence-transformers/all-MiniLM-L6-v2/resolve/main/tokenizer_config.json "HTTP/1.1 307 Temporary Redirect"
2026-08-16 20:26:44,121 - INFO - HTTP Request: HEAD https://huggingface.co/api/resolve-cache/models/sentence-transformers/all-MiniLM-L6-v2/1110a243fdf4706b3f48f1d95db1a4f5529b4d41/tokenizer_config.json "HTTP/1.1 200 OK"
2026-08-16 20:26:44,200 - INFO - HTTP Request: GET https://huggingface.co/api/models/sentence-transformers/all-MiniLM-L6-v2/tree/main/additional_chat_templates?recursive=false&expand=false "HTTP/1.1 404 Not Found"
2026-08-16 20:26:44,281 - INFO - HTTP Request: GET https://huggingface.co/api/models/sentence-transformers/all-MiniLM-L6-v2/tree/main?recursive=true&expand=false "HTTP/1.1 200 OK"
2026-08-16 20:26:44,359 - INFO - HTTP Request: HEAD https://huggingface.co/sentence-transformers/all-MiniLM-L6-v2/resolve/main/vocab.txt "HTTP/1.1 307 Temporary Redirect"
2026-08-16 20:26:44,363 - INFO - HTTP Request: HEAD https://huggingface.co/api/resolve-cache/models/sentence-transformers/all-MiniLM-L6-v2/1110a243fdf4706b3f48f1d95db1a4f5529b4d41/vocab.txt "HTTP/1.1 200 OK"
2026-08-16 20:26:44,440 - INFO - HTTP Request: HEAD https://huggingface.co/sentence-transformers/all-MiniLM-L6-v2/resolve/main/tokenizer.json "HTTP/1.1 307 Temporary Redirect"
2026-08-16 20:26:44,445 - INFO - HTTP Request: HEAD https://huggingface.co/api/resolve-cache/models/sentence-transformers/all-MiniLM-L6-v2/1110a243fdf4706b3f48f1d95db1a4f5529b4d41/tokenizer.json "HTTP/1.1 200 OK"
2026-08-16 20:26:44,521 - INFO - HTTP Request: HEAD https://huggingface.co/sentence-transformers/all-MiniLM-L6-v2/resolve/main/added_tokens.json "HTTP/1.1 404 Not Found"
2026-08-16 20:26:44,599 - INFO - HTTP Request: HEAD https://huggingface.co/sentence-transformers/all-MiniLM-L6-v2/resolve/main/special_tokens_map.json "HTTP/1.1 307 Temporary Redirect"
2026-08-16 20:26:44,604 - INFO - HTTP Request: HEAD https://huggingface.co/api/resolve-cache/models/sentence-transformers/all-MiniLM-L6-v2/1110a243fdf4706b3f48f1d95db1a4f5529b4d41/special_tokens_map.json "HTTP/1.1 200 OK"
2026-08-16 20:26:44,684 - INFO - HTTP Request: HEAD https://huggingface.co/sentence-transformers/all-MiniLM-L6-v2/resolve/main/chat_template.jinja "HTTP/1.1 404 Not Found"
2026-08-16 20:26:44,798 - INFO - HTTP Request: HEAD https://huggingface.co/sentence-transformers/all-MiniLM-L6-v2/resolve/main/1_Pooling/config.json "HTTP/1.1 307 Temporary Redirect"
2026-08-16 20:26:44,804 - INFO - HTTP Request: HEAD https://huggingface.co/api/resolve-cache/models/sentence-transformers/all-MiniLM-L6-v2/1110a243fdf4706b3f48f1d95db1a4f5529b4d41/1_Pooling%2Fconfig.json "HTTP/1.1 200 OK"
2026-08-16 20:26:44,885 - INFO - HTTP Request: GET https://huggingface.co/api/models/sentence-transformers/all-MiniLM-L6-v2 "HTTP/1.1 200 OK"
2026-08-16 20:26:44,889 - INFO - AI Model loaded successfully.
2026-08-16 20:26:44,889 - INFO - --- Scraper service started (CI Mode: Run Once) ---
2026-08-16 20:26:44,889 - INFO - --- Starting new scraping job (Parallel Mode) ---
2026-08-16 20:26:44,889 - INFO - Connecting to SQLite database...
2026-08-16 20:26:49,876 - INFO - Pre-calculating embeddings for 341 cached articles...
2026-08-16 20:27:10,030 - INFO - Cache built: 5692 URLs. Current MAX_ID: 106073
2026-08-16 20:27:10,030 - INFO - Creating new robust session with 3 retries on 5xx/connection/read errors.
2026-08-16 20:27:10,031 - INFO - Proxy is DISABLED.
2026-08-16 20:27:10,031 - INFO - [BBC] (Thread) requires Selenium. Initializing driver...
2026-08-16 20:27:10,031 - INFO - [Times of India] (Thread) requires Selenium. Initializing driver...
2026-08-16 20:27:10,032 - INFO - [The Hindu] (Thread) requires Selenium. Initializing driver...
2026-08-16 20:27:10,032 - INFO - [Al Jazeera] (Thread) requires Selenium. Initializing driver...
2026-08-16 20:27:10,032 - INFO - Starting scrape for TechCrunch RSS feed: https://techcrunch.com/feed/
2026-08-16 20:27:10,033 - INFO - [Economic Times] (Thread) requires Selenium. Initializing driver...
2026-08-16 20:27:10,035 - INFO - [Wired] (Thread) requires Selenium. Initializing driver...
2026-08-16 20:27:10,035 - INFO - [NDTV] (Thread) requires Selenium. Initializing driver...
2026-08-16 20:27:10,036 - INFO - [Indian Express] (Thread) requires Selenium. Initializing driver...
2026-08-16 20:27:10,036 - INFO - Submitted 9 jobs to thread pool. Waiting up to 420s for completion...
2026-08-16 20:27:11,076 - INFO - Found 0 articles in TechCrunch RSS feed. Processing until 8 new articles are saved.
2026-08-16 20:27:12,775 - INFO - Selenium driver initialized successfully (Eager load strategy, 7s timeout).
2026-08-16 20:27:12,775 - INFO - Starting scrape for The Hindu RSS feed: https://www.thehindu.com/news/national/feeder/default.rss
2026-08-16 20:27:13,020 - INFO - Selenium driver initialized successfully (Eager load strategy, 7s timeout).
2026-08-16 20:27:13,021 - INFO - Starting scrape for NDTV RSS feed: https://feeds.feedburner.com/ndtvnews-top-stories
2026-08-16 20:27:13,181 - INFO - Selenium driver initialized successfully (Eager load strategy, 7s timeout).
2026-08-16 20:27:13,185 - INFO - Starting scrape for Al Jazeera RSS feed: https://www.aljazeera.com/xml/rss/all.xml
2026-08-16 20:27:13,561 - INFO - Found 20 articles in NDTV RSS feed. Processing until 10 new articles are saved.
2026-08-16 20:27:13,562 - INFO - [NDTV] Article: https://www.ndtv.com/india-news/one-family-one-ticket-row-grows-as-bjps-ravneet-bittu-targets-congress-11918531#publisher=newsstand
2026-08-16 20:27:13,562 - INFO - [NDTV] Attempt 1/2: Trying with 'requests_browser' strategy...
2026-08-16 20:27:13,617 - INFO - Selenium driver initialized successfully (Eager load strategy, 7s timeout).
2026-08-16 20:27:13,617 - INFO - Starting scrape for Times of India RSS feed: https://timesofindia.indiatimes.com/rssfeeds/296589292.cms
2026-08-16 20:27:13,769 - INFO - Found 25 articles in Al Jazeera RSS feed. Processing until 8 new articles are saved.
2026-08-16 20:27:13,780 - INFO - Found 60 articles in The Hindu RSS feed. Processing until 20 new articles are saved.
2026-08-16 20:27:13,780 - INFO - [The Hindu] Early skip: URL https://www.thehindu.com/news/national/karnataka/congress-protests-in-kalaburagi-against-purification-ritual-at-kharges-rally-venue-in-uttarakhand/article71353343.ece already exists.
2026-08-16 20:27:13,786 - INFO - [Al Jazeera] Article: https://www.aljazeera.com/video/newsfeed/2026/8/16/16-08-sv-senegal-boat-tradition-sn?traffic_source=rss
2026-08-16 20:27:13,786 - INFO - [Al Jazeera] Attempt 1/2: Trying with 'requests_browser' strategy...
2026-08-16 20:27:13,788 - INFO - [The Hindu] Early skip: URL https://www.thehindu.com/news/national/karnataka/karnataka-government-has-failed-to-mitigate-drought-says-kumaraswamy-opens-handloom-products-market/article71353661.ece already exists.
2026-08-16 20:27:13,789 - INFO - Selenium driver initialized successfully (Eager load strategy, 7s timeout).
2026-08-16 20:27:13,789 - INFO - Starting scrape for Indian Express RSS feed: https://indianexpress.com/feed/
2026-08-16 20:27:13,791 - INFO - [The Hindu] Early skip: URL https://www.thehindu.com/news/national/andhra-pradesh/junior-doctors-in-ap-to-withdraw-emergency-services-from-monday-demanding-stipend-hike/article71352771.ece already exists.
2026-08-16 20:27:13,793 - INFO - [The Hindu] Early skip: URL https://www.thehindu.com/news/national/tamil-nadu/oxygen-depletion-kills-a-large-number-of-jalebi-fish-in-palar-river-near-ambur/article71352812.ece already exists.
2026-08-16 20:27:13,794 - INFO - [The Hindu] Early skip: URL https://www.thehindu.com/news/national/tamil-nadu/man-held-for-fatally-attacking-his-father-in-law-in-tiruvannamalai/article71352799.ece already exists.
2026-08-16 20:27:13,796 - INFO - [The Hindu] Early skip: URL https://www.thehindu.com/news/national/kerala/man-held-for-alleged-loan-fraud-in-kochi/article71353654.ece already exists.
2026-08-16 20:27:13,800 - INFO - [The Hindu] Early skip: URL https://www.thehindu.com/news/national/kerala/four-sfi-activists-held-over-protest-at-ssus/article71353617.ece already exists.
2026-08-16 20:27:13,802 - INFO - [The Hindu] Early skip: URL https://www.thehindu.com/news/cities/Kochi/ailu-demands-resignation-of-bci-chairman/article71353235.ece already exists.
2026-08-16 20:27:13,807 - INFO - [The Hindu] Early skip: URL https://www.thehindu.com/news/national/tamil-nadu/research-achieves-its-highest-purpose-when-it-serves-society-vice-president/article71352903.ece already exists.
2026-08-16 20:27:13,808 - INFO - Selenium driver initialized successfully (Eager load strategy, 7s timeout).
2026-08-16 20:27:13,809 - INFO - Starting scrape for Economic Times RSS feed: https://economictimes.indiatimes.com/rssfeedsdefault.cms
2026-08-16 20:27:13,844 - INFO - [The Hindu] Article: https://www.thehindu.com/news/national/tamil-nadu/house-of-aiadmk-functionary-burgled-near-arakkonam/article71352802.ece
2026-08-16 20:27:13,844 - INFO - [The Hindu] Attempt 1/1: Trying with 'selenium_browser' strategy...
2026-08-16 20:27:13,876 - INFO - Selenium driver initialized successfully (Eager load strategy, 7s timeout).
2026-08-16 20:27:13,876 - INFO - Starting scrape for Wired RSS feed: https://www.wired.com/feed/rss
2026-08-16 20:27:13,977 - ERROR - [NDTV] Request failed for strategy 'requests_browser' on URL https://www.ndtv.com/india-news/one-family-one-ticket-row-grows-as-bjps-ravneet-bittu-targets-congress-11918531#publisher=newsstand: 403 Client Error: Forbidden for url: https://www.ndtv.com/india-news/one-family-one-ticket-row-grows-as-bjps-ravneet-bittu-targets-congress-11918531#publisher=newsstand
2026-08-16 20:27:13,988 - INFO - Selenium driver initialized successfully (Eager load strategy, 7s timeout).
2026-08-16 20:27:14,007 - INFO - Starting scrape for BBC RSS feed: http://feeds.bbci.co.uk/news/world/rss.xml
2026-08-16 20:27:13,994 - INFO - Found 20 articles in Times of India RSS feed. Processing until 20 new articles are saved.
2026-08-16 20:27:14,020 - INFO - [Times of India] Article: https://timesofindia.indiatimes.com/world/uk/in-1988-an-english-farmer-stopped-cultivating-his-entire-377-acre-wheat-farm-35-years-later-it-became-one-of-central-englands-biggest-refuges-for-scrub-woodland-and-rare-wildlife/articleshow/133280872.cms
2026-08-16 20:27:14,020 - INFO - [Times of India] Attempt 1/1: Trying with 'selenium_browser' strategy...
2026-08-16 20:27:14,134 - WARNING - [Al Jazeera] FAILED with 'requests_browser' (content was too short: 44 words).
2026-08-16 20:27:14,330 - INFO - Found 50 articles in Wired RSS feed. Processing until 10 new articles are saved.
2026-08-16 20:27:14,330 - INFO - [Wired] Early skip: URL https://www.wired.com/review/samsung-galaxy-z-fold8-and-z-fold8-ultra/ already exists.
2026-08-16 20:27:14,343 - INFO - [Wired] Early skip: URL https://www.wired.com/story/black-hole-stars-are-becoming-less-hypothetical/ already exists.
2026-08-16 20:27:14,344 - ERROR - Failed to fetch Indian Express RSS feed: 403 Client Error: Forbidden for url: https://indianexpress.com/feed/
2026-08-16 20:27:14,360 - INFO - [Indian Express] (Thread) Finished. Attempting to shut down its Selenium driver.
2026-08-16 20:27:14,359 - INFO - [Wired] Early skip: URL https://www.wired.com/story/its-never-too-early-to-start-planning-for-the-next-two-solar-eclipses/ already exists.
2026-08-16 20:27:14,359 - INFO - Found 32 articles in BBC RSS feed. Processing until 10 new articles are saved.
2026-08-16 20:27:14,364 - INFO - [BBC] Article: https://www.bbc.co.uk/news/articles/c77gg5vn44yo?at_medium=RSS&at_campaign=rss
2026-08-16 20:27:14,364 - INFO - [Wired] Early skip: URL https://www.wired.com/story/easydmg-finally-fixed-installing-apps-on-a-mac/ already exists.
2026-08-16 20:27:14,364 - INFO - [BBC] Attempt 1/2: Trying with 'requests_browser' strategy...
2026-08-16 20:27:14,373 - INFO - [Wired] Early skip: URL https://www.wired.com/review/terramow-v1000/ already exists.
2026-08-16 20:27:14,374 - INFO - [Wired] Early skip: URL https://www.wired.com/story/inside-experimental-traps-scientists-set-for-neutrinos/ already exists.
2026-08-16 20:27:14,376 - INFO - [Wired] Early skip: URL https://www.wired.com/gallery/best-cat-water-fountains/ already exists.
2026-08-16 20:27:14,377 - INFO - [Wired] Early skip: URL https://www.wired.com/review/retrospec-joe-rev-2/ already exists.
2026-08-16 20:27:14,378 - INFO - [Wired] Early skip: URL https://www.wired.com/story/this-beautifully-weird-necklace-is-secretly-a-usb-drive/ already exists.
2026-08-16 20:27:14,380 - INFO - [Wired] Early skip: URL https://www.wired.com/story/instapaper-the-original-read-it-later-app-just-got-a-huge-upgrade/ already exists.
2026-08-16 20:27:14,381 - INFO - [Wired] Early skip: URL https://www.wired.com/story/best-apple-watch-accessories/ already exists.
2026-08-16 20:27:14,386 - INFO - [Wired] Early skip: URL https://www.wired.com/review/auk-mini-2-indoor-smart-garden/ already exists.
2026-08-16 20:27:14,391 - INFO - [Wired] Early skip: URL https://www.wired.com/story/a-young-bodybuilders-rise-preceded-the-looksmaxxing-movement-his-legacy-feels-more-relevant-than-ever/ already exists.
2026-08-16 20:27:14,393 - INFO - [Wired] Early skip: URL https://www.wired.com/story/best-apple-watch-bands/ already exists.
2026-08-16 20:27:14,396 - INFO - [Wired] Early skip: URL https://www.wired.com/story/puerto-rico-is-rationing-water-it-could-avoid-it-by-harvesting-rainwater/ already exists.
2026-08-16 20:27:14,399 - INFO - [Wired] Early skip: URL https://www.wired.com/story/amazon-uses-your-twitch-content-to-train-its-ai-how-to-opt-out/ already exists.
2026-08-16 20:27:14,404 - INFO - [Wired] Article: https://www.wired.com/story/google-workspace-promo-code/
2026-08-16 20:27:14,404 - INFO - [Wired] Attempt 1/2: Trying with 'requests_browser' strategy...
2026-08-16 20:27:14,518 - INFO - [Indian Express] (Thread) driver.quit() successful.
2026-08-16 20:27:14,553 - ERROR - parsed tree length: 1, wrong data type or not valid HTML
2026-08-16 20:27:14,553 - ERROR - empty HTML tree: None
2026-08-16 20:27:14,553 - WARNING - discarding data: None
2026-08-16 20:27:14,554 - WARNING - [Wired] FAILED with 'requests_browser' (content was too short: 0 words).
2026-08-16 20:27:14,559 - INFO - Found 76 articles in Economic Times RSS feed. Processing until 20 new articles are saved.
2026-08-16 20:27:14,563 - INFO - [Economic Times] Early skip: URL https://economictimes.indiatimes.com/markets/stocks/news/ahead-of-market-10-things-that-will-decide-stock-market-action-on-monday/articleshow/133273600.cms already exists.
2026-08-16 20:27:14,564 - INFO - [Economic Times] Early skip: URL https://economictimes.indiatimes.com/markets/stocks/news/big-bulls-magic-how-rakesh-jhunjhunwala-turned-rs-1-crore-into-rs-20-crore-overnight-after-the-1989-budget/articleshow/133272063.cms already exists.
2026-08-16 20:27:14,566 - INFO - [Economic Times] Early skip: URL https://economictimes.indiatimes.com/mf/analysis/ppfas-mutual-fund-among-6-mfs-holding-over-rs-10000-crore-in-cash-in-july/slideshow/133271353.cms already exists.
2026-08-16 20:27:14,567 - INFO - [Economic Times] Early skip: URL https://economictimes.indiatimes.com/markets/stocks/news/9-penny-stocks-surge-up-to-325-in-2026-so-far-3-turn-multibaggers-did-you-own-any/slideshow/133271258.cms already exists.
2026-08-16 20:27:14,568 - INFO - [Economic Times] Early skip: URL https://economictimes.indiatimes.com/markets/stocks/news/will-sensex-nifty-continue-to-bleed-on-monday-4-factors-which-will-drive-d-street-action-this-week/articleshow/133270103.cms already exists.
2026-08-16 20:27:14,571 - INFO - [Economic Times] Early skip: URL https://economictimes.indiatimes.com/mf/analysis/physicswallah-among-top-5-smallcap-stocks-facing-highest-mutual-fund-selling-in-july/slideshow/133270081.cms already exists.
2026-08-16 20:27:14,573 - INFO - [Economic Times] Article: https://economictimes.indiatimes.com/news/economy/policy/rbi-special-windows-seen-big-enough-to-bring-in-100b/articleshow/132813309.cms
2026-08-16 20:27:14,574 - INFO - [Economic Times] Attempt 1/2: Trying with 'requests_browser' strategy...
2026-08-16 20:27:14,678 - INFO - [NDTV] Article: https://www.ndtv.com/india-news/one-family-one-ticket-row-grows-as-bjps-ravneet-bittu-targets-congress-11918531#publisher=newsstand
2026-08-16 20:27:14,678 - INFO - [NDTV] Attempt 2/2: Trying with 'selenium_browser' strategy...
2026-08-16 20:27:14,870 - INFO - [BBC] Success with 'requests_browser'. Found content (484 words).
2026-08-16 20:27:15,064 - INFO - [Al Jazeera] Article: https://www.aljazeera.com/video/newsfeed/2026/8/16/16-08-sv-senegal-boat-tradition-sn?traffic_source=rss
2026-08-16 20:27:15,064 - INFO - [Al Jazeera] Attempt 2/2: Trying with 'selenium_browser' strategy...
2026-08-16 20:27:15,418 - INFO - [Wired] Article: https://www.wired.com/story/google-workspace-promo-code/
2026-08-16 20:27:15,418 - INFO - [Wired] Attempt 2/2: Trying with 'selenium_browser' strategy...
2026-08-16 20:27:15,478 - INFO - [The Hindu] Page content loaded.
2026-08-16 20:27:15,496 - INFO - DEDUPLICATION: Found match (Score: 0.90). Linking to Cluster ID: b9fc5aaa-70b6-462e-b5ab-fd05d1afd44b
2026-08-16 20:27:18,544 - INFO - >>> SUCCESSFULLY SAVED [ID: 106074] - Trump envoy Kushner meets Hamas leader to push Gaza peace plan - BBC News from BBC (484 words)
2026-08-16 20:27:19,033 - INFO - [The Hindu] Success with 'selenium_browser'. Found content (201 words).
2026-08-16 20:27:19,108 - INFO - [NDTV] Page content loaded.
2026-08-16 20:27:19,427 - INFO - [Al Jazeera] Page content loaded.
2026-08-16 20:27:19,892 - INFO - [BBC] Early skip: URL https://www.bbc.co.uk/news/articles/c1411pgje8xo?at_medium=RSS&at_campaign=rss already exists.
2026-08-16 20:27:19,922 - INFO - [BBC] Early skip: URL https://www.bbc.co.uk/news/articles/c87nnwlpe5no?at_medium=RSS&at_campaign=rss already exists.
2026-08-16 20:27:19,954 - INFO - [BBC] Early skip: URL https://www.bbc.co.uk/news/articles/c0l5583903yo?at_medium=RSS&at_campaign=rss already exists.
2026-08-16 20:27:19,964 - INFO - [BBC] Early skip: URL https://www.bbc.co.uk/news/articles/crmrr7kjy9vo?at_medium=RSS&at_campaign=rss already exists.
2026-08-16 20:27:19,988 - INFO - [BBC] Early skip: URL https://www.bbc.co.uk/news/articles/c3v00w5ylw9o?at_medium=RSS&at_campaign=rss already exists.
2026-08-16 20:27:20,001 - INFO - [BBC] Early skip: URL https://www.bbc.co.uk/news/articles/cn5nnlq2pwpo?at_medium=RSS&at_campaign=rss already exists.
2026-08-16 20:27:20,020 - INFO - [BBC] Early skip: URL https://www.bbc.co.uk/news/articles/cj4kk8kz271o?at_medium=RSS&at_campaign=rss already exists.
2026-08-16 20:27:20,027 - INFO - [BBC] Early skip: URL https://www.bbc.co.uk/news/articles/ckg4424zd7go?at_medium=RSS&at_campaign=rss already exists.
2026-08-16 20:27:20,116 - INFO - [BBC] Early skip: URL https://www.bbc.co.uk/news/articles/cqjxx2gzd9qo?at_medium=RSS&at_campaign=rss already exists.
2026-08-16 20:27:20,118 - INFO - [BBC] Early skip: URL https://www.bbc.co.uk/news/articles/cp8eex1nmpvo?at_medium=RSS&at_campaign=rss already exists.
2026-08-16 20:27:20,131 - INFO - [BBC] Early skip: URL https://www.bbc.co.uk/news/articles/ckg44x2ey1ro?at_medium=RSS&at_campaign=rss already exists.
2026-08-16 20:27:20,133 - INFO - [BBC] Early skip: URL https://www.bbc.co.uk/news/articles/cn9nnxrxg4qo?at_medium=RSS&at_campaign=rss already exists.
2026-08-16 20:27:20,146 - INFO - [BBC] Early skip: URL https://www.bbc.co.uk/news/articles/c4gjygx4gjeo?at_medium=RSS&at_campaign=rss already exists.
2026-08-16 20:27:20,179 - INFO - [BBC] Early skip: URL https://www.bbc.co.uk/news/articles/cgjee21eenvo?at_medium=RSS&at_campaign=rss already exists.
2026-08-16 20:27:20,181 - INFO - [BBC] Early skip: URL https://www.bbc.co.uk/news/articles/cy0j60p0d29o?at_medium=RSS&at_campaign=rss already exists.
2026-08-16 20:27:20,191 - INFO - [BBC] Early skip: URL https://www.bbc.co.uk/news/articles/cd69ely319eo?at_medium=RSS&at_campaign=rss already exists.
2026-08-16 20:27:20,194 - INFO - [BBC] Early skip: URL https://www.bbc.co.uk/news/articles/c8en2z9jp2xo?at_medium=RSS&at_campaign=rss already exists.
2026-08-16 20:27:20,205 - INFO - [BBC] Early skip: URL https://www.bbc.co.uk/news/articles/cx2vj433xqlo?at_medium=RSS&at_campaign=rss already exists.
2026-08-16 20:27:20,216 - INFO - [BBC] Early skip: URL https://www.bbc.co.uk/news/articles/c171yp5zdrxo?at_medium=RSS&at_campaign=rss already exists.
2026-08-16 20:27:20,232 - INFO - [BBC] Early skip: URL https://www.bbc.co.uk/news/articles/c8jnwnw22ngo?at_medium=RSS&at_campaign=rss already exists.
2026-08-16 20:27:20,247 - INFO - [BBC] Early skip: URL https://www.bbc.co.uk/news/articles/cm2gp5g0xngo?at_medium=RSS&at_campaign=rss already exists.
2026-08-16 20:27:20,276 - INFO - [BBC] Early skip: URL https://www.bbc.co.uk/news/articles/cp3rprx2wl4o?at_medium=RSS&at_campaign=rss already exists.
2026-08-16 20:27:20,279 - INFO - [BBC] Early skip: URL https://www.bbc.co.uk/news/articles/c4gkyez7195o?at_medium=RSS&at_campaign=rss already exists.
2026-08-16 20:27:20,299 - INFO - [BBC] Early skip: URL https://www.bbc.co.uk/news/articles/c4gxy0wqqd9o?at_medium=RSS&at_campaign=rss already exists.
2026-08-16 20:27:20,316 - INFO - [BBC] Early skip: URL https://www.bbc.co.uk/news/articles/cd0xk82mrpyo?at_medium=RSS&at_campaign=rss already exists.
2026-08-16 20:27:20,335 - INFO - [BBC] Early skip: URL https://www.bbc.co.uk/news/articles/c87nwq9qe24o?at_medium=RSS&at_campaign=rss already exists.
2026-08-16 20:27:20,337 - INFO - [BBC] Early skip: URL https://www.bbc.co.uk/news/videos/c8dnn05e90lo?at_medium=RSS&at_campaign=rss already exists.
2026-08-16 20:27:20,354 - WARNING - [Al Jazeera] FAILED with 'selenium_browser' (content was too short: 44 words).
2026-08-16 20:27:20,356 - ERROR - [Al Jazeera] All scrape strategies failed for https://www.aljazeera.com/video/newsfeed/2026/8/16/16-08-sv-senegal-boat-tradition-sn?traffic_source=rss. Falling back to RSS description.
2026-08-16 20:27:20,356 - WARNING - SKIPPED (GLOBAL WORD LIMIT): Article 'Senegal’s Saint-Louis Regatta keeps centuries of tradition alive' from Al Jazeera has only 9 words (Min: 90).
2026-08-16 20:27:20,361 - INFO - [BBC] Early skip: URL https://www.bbc.co.uk/news/videos/c62e1v8p07go?at_medium=RSS&at_campaign=rss already exists.
2026-08-16 20:27:20,418 - INFO - [BBC] Early skip: URL https://www.bbc.co.uk/news/videos/c39eekgv79ko?at_medium=RSS&at_campaign=rss already exists.
2026-08-16 20:27:20,431 - INFO - [BBC] Early skip: URL https://www.bbc.co.uk/news/videos/cj4kg74ndggo?at_medium=RSS&at_campaign=rss already exists.
2026-08-16 20:27:20,502 - INFO - [BBC] Early skip: URL https://www.bbc.co.uk/news/videos/c7vg06pjdmqo?at_medium=RSS&at_campaign=rss already exists.
2026-08-16 20:27:20,514 - INFO - [Economic Times] Success with 'requests_browser'. Found content (322 words).
2026-08-16 20:27:20,515 - INFO - [BBC] (Thread) Finished. Attempting to shut down its Selenium driver.
2026-08-16 20:27:20,740 - INFO - [BBC] (Thread) driver.quit() successful.
2026-08-16 20:27:20,948 - INFO - [Al Jazeera] Article: https://www.aljazeera.com/video/newsfeed/2026/8/16/anti-corruption-raids-in-baghdad-as-dozens-of-officials-arrested?traffic_source=rss
2026-08-16 20:27:20,949 - INFO - [Al Jazeera] Attempt 1/2: Trying with 'requests_browser' strategy...
2026-08-16 20:27:21,211 - INFO - [NDTV] Success with 'selenium_browser'. Found content (369 words).
2026-08-16 20:27:24,408 - INFO - >>> SUCCESSFULLY SAVED [ID: 106075] - House of AIADMK functionary burgled near Arakkonam - The Hindu from The Hindu (201 words)
2026-08-16 20:27:24,552 - WARNING - [Al Jazeera] FAILED with 'requests_browser' (content was too short: 57 words).
2026-08-16 20:27:25,086 - INFO - [Al Jazeera] Article: https://www.aljazeera.com/video/newsfeed/2026/8/16/anti-corruption-raids-in-baghdad-as-dozens-of-officials-arrested?traffic_source=rss
2026-08-16 20:27:25,089 - INFO - [Al Jazeera] Attempt 2/2: Trying with 'selenium_browser' strategy...
2026-08-16 20:27:25,307 - INFO - [The Hindu] Article: https://www.thehindu.com/news/national/tamil-nadu/two-escape-unhurt-after-car-catches-fire-in-vellore/article71352806.ece
2026-08-16 20:27:25,307 - INFO - [The Hindu] Attempt 1/1: Trying with 'selenium_browser' strategy...
2026-08-16 20:27:28,326 - ERROR - Error saving article RBI special windows seen big enough to bring in $100B - The Economic Times: Hrana: `stream error: `Error { message: "SQLite error: UNIQUE constraint failed: articles.url", code: "SQLITE_CONSTRAINT" }``
2026-08-16 20:27:30,155 - INFO - [Economic Times] Article: https://economictimes.indiatimes.com/news/economy/foreign-trade/india-canada-aim-to-conclude-cepa-trade-pact-by-end-2026-mea/articleshow/132813105.cms
2026-08-16 20:27:30,155 - INFO - [Economic Times] Attempt 1/2: Trying with 'requests_browser' strategy...
2026-08-16 20:27:31,773 - INFO - >>> SUCCESSFULLY SAVED [ID: 106077] - "One Family One Ticket" Row Grows As BJP's Ravneet Bittu Targets Congress from NDTV (369 words)
2026-08-16 20:27:32,238 - INFO - [The Hindu] Page content loaded.
2026-08-16 20:27:32,381 - INFO - [NDTV] Early skip: URL https://www.ndtv.com/india-news/ips-officers-mother-found-murdered-in-up-home-jewellery-looted-11918457#publisher=newsstand already exists.
2026-08-16 20:27:32,385 - INFO - [NDTV] Early skip: URL https://www.ndtv.com/india-news/model-strips-in-train-over-seat-spat-attacks-railway-cops-with-blade-11918298#publisher=newsstand already exists.
2026-08-16 20:27:32,390 - INFO - [NDTV] Early skip: URL https://www.ndtv.com/india-news/nlsiu-surya-kant-manan-kumar-mishra-bar-council-after-nalsar-another-top-law-college-opposes-invite-to-chief-justice-11917819#publisher=newsstand already exists.
2026-08-16 20:27:32,400 - INFO - [NDTV] Article: https://www.ndtv.com/world-news/would-rather-die-moroccan-migrants-protest-in-spains-ceuta-seek-asylum-11918482#publisher=newsstand
2026-08-16 20:27:32,400 - INFO - [NDTV] Attempt 1/2: Trying with 'requests_browser' strategy...
2026-08-16 20:27:32,696 - ERROR - [NDTV] Request failed for strategy 'requests_browser' on URL https://www.ndtv.com/world-news/would-rather-die-moroccan-migrants-protest-in-spains-ceuta-seek-asylum-11918482#publisher=newsstand: 403 Client Error: Forbidden for url: https://www.ndtv.com/world-news/would-rather-die-moroccan-migrants-protest-in-spains-ceuta-seek-asylum-11918482#publisher=newsstand
2026-08-16 20:27:33,088 - INFO - [Economic Times] Success with 'requests_browser'. Found content (202 words).
2026-08-16 20:27:33,219 - INFO - [NDTV] Article: https://www.ndtv.com/world-news/would-rather-die-moroccan-migrants-protest-in-spains-ceuta-seek-asylum-11918482#publisher=newsstand
2026-08-16 20:27:33,219 - INFO - [NDTV] Attempt 2/2: Trying with 'selenium_browser' strategy...
2026-08-16 20:27:33,355 - INFO - [The Hindu] Success with 'selenium_browser'. Found content (160 words).
2026-08-16 20:27:33,458 - INFO - [Al Jazeera] Page content loaded.
2026-08-16 20:27:37,460 - ERROR - Error saving article India, Canada aim to conclude CEPA trade pact by end-2026: MEA - The Economic Times: Hrana: `stream error: `Error { message: "SQLite error: UNIQUE constraint failed: articles.url", code: "SQLITE_CONSTRAINT" }``
2026-08-16 20:27:37,762 - WARNING - [Al Jazeera] FAILED with 'selenium_browser' (content was too short: 61 words).
2026-08-16 20:27:37,762 - ERROR - [Al Jazeera] All scrape strategies failed for https://www.aljazeera.com/video/newsfeed/2026/8/16/anti-corruption-raids-in-baghdad-as-dozens-of-officials-arrested?traffic_source=rss. Falling back to RSS description.
2026-08-16 20:27:37,762 - WARNING - SKIPPED (GLOBAL WORD LIMIT): Article 'Anti-corruption raids in Baghdad as dozens of officials arrested' from Al Jazeera has only 17 words (Min: 90).
2026-08-16 20:27:39,674 - INFO - [Economic Times] Article: https://economictimes.indiatimes.com/news/economy/infrastructure/govts-urban-reset-centre-divides-ministry-of-housing-and-urban-affairs-into-two-specialised-verticals/articleshow/132812900.cms
2026-08-16 20:27:39,678 - INFO - [Economic Times] Attempt 1/2: Trying with 'requests_browser' strategy...
2026-08-16 20:27:39,675 - INFO - [NDTV] Page content loaded.
2026-08-16 20:27:39,675 - INFO - [Al Jazeera] Article: https://www.aljazeera.com/video/newsfeed/2026/8/16/erdogan-says-israeli-attacks-on-lebanon-are-a-serious-concern-for-turkiye?traffic_source=rss
2026-08-16 20:27:41,144 - INFO - [Al Jazeera] Attempt 1/2: Trying with 'requests_browser' strategy...
2026-08-16 20:27:41,434 - INFO - >>> SUCCESSFULLY SAVED [ID: 106079] - Two escape unhurt after car catches fire in Vellore - The Hindu from The Hindu (160 words)
2026-08-16 20:27:41,798 - WARNING - [Al Jazeera] FAILED with 'requests_browser' (content was too short: 62 words).
2026-08-16 20:27:41,905 - INFO - [NDTV] Success with 'selenium_browser'. Found content (670 words).
2026-08-16 20:27:42,688 - INFO - [Wired] Page content loaded.
2026-08-16 20:27:42,806 - INFO - [The Hindu] Article: https://www.thehindu.com/news/national/karnataka/72-year-old-man-falls-to-death-from-18th-floor-of-his-apartment/article71353667.ece
2026-08-16 20:27:42,806 - INFO - [The Hindu] Attempt 1/1: Trying with 'selenium_browser' strategy...
2026-08-16 20:27:42,807 - INFO - [Al Jazeera] Article: https://www.aljazeera.com/video/newsfeed/2026/8/16/erdogan-says-israeli-attacks-on-lebanon-are-a-serious-concern-for-turkiye?traffic_source=rss
2026-08-16 20:27:42,863 - INFO - [Al Jazeera] Attempt 2/2: Trying with 'selenium_browser' strategy...
2026-08-16 20:27:43,820 - INFO - [Economic Times] Success with 'requests_browser'. Found content (244 words).
2026-08-16 20:27:47,083 - INFO - >>> SUCCESSFULLY SAVED [ID: 106080] - "Would Rather Die": Moroccan Migrants Protest In Spain's Ceuta, Seek Asylum from NDTV (670 words)
2026-08-16 20:27:47,661 - INFO - [Wired] Success with 'selenium_browser'. Found content (1140 words).
2026-08-16 20:27:47,924 - INFO - [NDTV] Early skip: URL https://www.ndtv.com/world-news/trump-envoy-meets-hamas-leaders-over-gaza-plan-will-see-netanyahu-next-11918450#publisher=newsstand already exists.
2026-08-16 20:27:47,937 - INFO - [NDTV] Early skip: URL https://www.ndtv.com/world-news/1-killed-children-among-4-injured-in-shooting-at-park-in-us-kentucky-11918445#publisher=newsstand already exists.
2026-08-16 20:27:47,946 - INFO - [NDTV] Early skip: URL https://www.ndtv.com/world-news/disaster-4-renaissance-era-paintings-stolen-from-italian-museum-11918415#publisher=newsstand already exists.
2026-08-16 20:27:47,954 - INFO - [NDTV] Early skip: URL https://www.ndtv.com/india-news/jharkhand-government-invites-student-protesters-for-fresh-talks-on-monday-11918410#publisher=newsstand already exists.
2026-08-16 20:27:47,962 - INFO - [NDTV] Early skip: URL https://www.ndtv.com/india-news/vijay-condemns-killing-of-suspected-poachers-of-tamil-origin-killed-in-karnataka-11918134#publisher=newsstand already exists.
2026-08-16 20:27:47,970 - INFO - [NDTV] Early skip: URL https://www.ndtv.com/india-news/murder-in-noida-arrest-in-bihar-how-5-litres-of-liquor-led-cops-to-killer-11918395#publisher=newsstand already exists.
2026-08-16 20:27:47,978 - INFO - [NDTV] Early skip: URL https://www.ndtv.com/world-news/iran-us-war-israel-netanyahu-made-big-claim-about-irans-nuclear-plan-his-source-was-a-fake-post-11918376#publisher=newsstand already exists.
2026-08-16 20:27:47,980 - INFO - [NDTV] Early skip: URL https://www.ndtv.com/india-news/terror-plot-averted-cops-find-bomb-timer-in-suspicious-packet-in-amritsar-11918221#publisher=newsstand already exists.
2026-08-16 20:27:47,988 - INFO - [NDTV] Early skip: URL https://www.ndtv.com/india-news/chaos-in-delhi-metro-after-paramilitary-official-allegedly-takes-womans-pic-11917699#publisher=newsstand already exists.
2026-08-16 20:27:47,990 - INFO - [NDTV] Early skip: URL https://www.ndtv.com/india-news/noida-water-crisis-in-noida-risky-gamble-with-water-ends-but-400-families-left-without-a-drop-11918021#publisher=newsstand already exists.
2026-08-16 20:27:47,993 - INFO - [NDTV] Early skip: URL https://www.ndtv.com/india-news/150-stitches-on-sukhbir-badal-attack-wifes-nia-probe-demand-11918028#publisher=newsstand already exists.
2026-08-16 20:27:48,014 - INFO - [NDTV] Early skip: URL https://www.ndtv.com/india-news/toddler-critical-after-falling-from-3rd-floor-of-building-in-bengaluru-11918070#publisher=newsstand already exists.
2026-08-16 20:27:49,394 - INFO - [NDTV] Early skip: URL https://www.ndtv.com/world-news/us-iran-war-kill-a-us-soldier-get-30-000-iran-announces-bounty-double-pay-for-women-11917992#publisher=newsstand already exists.
2026-08-16 20:27:49,411 - INFO - [NDTV] Early skip: URL https://www.ndtv.com/india-news/congress-only-sings-party-song-kiren-rijijus-dig-on-vande-mataram-row-11917929#publisher=newsstand already exists.
2026-08-16 20:27:49,863 - INFO - [NDTV] Early skip: URL https://www.ndtv.com/india-news/suvendu-adhikari-after-cjp-charge-over-bengal-death-no-bjp-connection-11917780#publisher=newsstand already exists.
2026-08-16 20:27:50,777 - ERROR - Error saving article Govt's urban reset: Centre divides ministry of Housing and Urban Affairs into two specialised verticals - The Economic Times: Hrana: `stream error: `Error { message: "SQLite error: UNIQUE constraint failed: articles.url", code: "SQLITE_CONSTRAINT" }``
2026-08-16 20:27:50,778 - INFO - [NDTV] (Thread) Finished. Attempting to shut down its Selenium driver.
2026-08-16 20:27:50,968 - INFO - [NDTV] (Thread) driver.quit() successful.
2026-08-16 20:27:52,439 - INFO - [Economic Times] Article: https://economictimes.indiatimes.com/news/economy/foreign-trade/india-uk-ceta-takes-effect-first-zero-duty-indian-coffee-jewellery-consignments-reach-uk-shores/articleshow/132442764.cms
2026-08-16 20:27:52,439 - INFO - [Economic Times] Attempt 1/2: Trying with 'requests_browser' strategy...
2026-08-16 20:27:53,805 - ERROR - Error saving article Google Workspace Promo Codes: 14% Off for August 2026 | WIRED: Hrana: `stream error: `Error { message: "SQLite error: UNIQUE constraint failed: articles.url", code: "SQLITE_CONSTRAINT" }``
2026-08-16 20:27:53,989 - INFO - [Economic Times] Success with 'requests_browser'. Found content (946 words).
2026-08-16 20:27:55,878 - INFO - [Wired] Early skip: URL https://www.wired.com/story/new-york-city-lawmakers-push-to-ban-the-scan-at-msg/ already exists.
2026-08-16 20:27:55,880 - INFO - [Wired] Article: https://www.wired.com/story/the-8-best-movies-to-stream-right-now/
2026-08-16 20:27:55,880 - INFO - [Wired] Attempt 1/2: Trying with 'requests_browser' strategy...
2026-08-16 20:27:57,233 - ERROR - Error saving article India-UK CETA takes effect: First zero-duty Indian coffee, jewellery consignments reach UK shores - The Economic Times: Hrana: `stream error: `Error { message: "SQLite error: UNIQUE constraint failed: articles.url", code: "SQLITE_CONSTRAINT" }``
2026-08-16 20:27:57,316 - ERROR - parsed tree length: 1, wrong data type or not valid HTML
2026-08-16 20:27:57,316 - ERROR - empty HTML tree: None
2026-08-16 20:27:57,316 - WARNING - discarding data: None
2026-08-16 20:27:57,316 - WARNING - [Wired] FAILED with 'requests_browser' (content was too short: 0 words).
2026-08-16 20:27:57,887 - INFO - [Economic Times] Article: https://economictimes.indiatimes.com/news/economy/foreign-trade/from-oman-to-tanzania-how-the-iran-war-is-redrawing-indias-trade-map/articleshow/131762760.cms
2026-08-16 20:27:57,887 - INFO - [Economic Times] Attempt 1/2: Trying with 'requests_browser' strategy...
2026-08-16 20:27:58,023 - INFO - [Wired] Article: https://www.wired.com/story/the-8-best-movies-to-stream-right-now/
2026-08-16 20:27:58,023 - INFO - [Wired] Attempt 2/2: Trying with 'selenium_browser' strategy...
2026-08-16 20:27:58,563 - INFO - [Economic Times] Success with 'requests_browser'. Found content (385 words).
2026-08-16 20:28:02,305 - ERROR - Error saving article From Oman to Tanzania: How the Iran war is redrawing India’s trade map - The Economic Times: Hrana: `stream error: `Error { message: "SQLite error: UNIQUE constraint failed: articles.url", code: "SQLITE_CONSTRAINT" }``
2026-08-16 20:28:03,383 - WARNING - [The Hindu] Page explicit wait timed out (3s). Proceeding anyway.
2026-08-16 20:28:03,435 - INFO - [Economic Times] Article: https://economictimes.indiatimes.com/news/economy/policy/fm-sitharaman-flags-global-crisis-spillovers-unfair-burden-on-developing-nations/articleshow/131668427.cms
2026-08-16 20:28:03,435 - INFO - [Economic Times] Attempt 1/2: Trying with 'requests_browser' strategy...
2026-08-16 20:28:04,255 - INFO - [The Hindu] Success with 'selenium_browser'. Found content (137 words).
2026-08-16 20:28:04,274 - INFO - [Economic Times] Success with 'requests_browser'. Found content (317 words).
2026-08-16 20:28:07,517 - ERROR - Error saving article FM Sitharaman flags global crisis spillovers, unfair burden on developing nations - The Economic Times: Hrana: `stream error: `Error { message: "SQLite error: UNIQUE constraint failed: articles.url", code: "SQLITE_CONSTRAINT" }``
2026-08-16 20:28:09,102 - INFO - [Economic Times] Article: https://economictimes.indiatimes.com/tech/technology/apple-faces-indian-engineers-bias-lawsuit/articleshow/81694292.cms
2026-08-16 20:28:09,102 - INFO - [Economic Times] Attempt 1/2: Trying with 'requests_browser' strategy...
2026-08-16 20:28:10,766 - INFO - >>> SUCCESSFULLY SAVED [ID: 106086] - 72-year-old man falls to death from 18th floor of his apartment - The Hindu from The Hindu (137 words)
2026-08-16 20:28:10,782 - ERROR - parsed tree length: 1, wrong data type or not valid HTML
2026-08-16 20:28:10,783 - ERROR - empty HTML tree: None
2026-08-16 20:28:10,784 - WARNING - discarding data: None
2026-08-16 20:28:10,784 - WARNING - [Economic Times] FAILED with 'requests_browser' (content was too short: 0 words).
2026-08-16 20:28:11,315 - INFO - [The Hindu] Article: https://www.thehindu.com/news/national/andhra-pradesh/third-leg-of-seaside-festival-held-in-vizag/article71353712.ece
2026-08-16 20:28:11,315 - INFO - [The Hindu] Attempt 1/1: Trying with 'selenium_browser' strategy...
2026-08-16 20:28:11,670 - INFO - [Economic Times] Article: https://economictimes.indiatimes.com/tech/technology/apple-faces-indian-engineers-bias-lawsuit/articleshow/81694292.cms
2026-08-16 20:28:11,670 - INFO - [Economic Times] Attempt 2/2: Trying with 'selenium_browser' strategy...
2026-08-16 20:28:15,748 - INFO - [Economic Times] Page content loaded.
2026-08-16 20:28:16,547 - INFO - [Economic Times] Success with 'selenium_browser'. Found content (743 words).
2026-08-16 20:28:17,022 - INFO - [Wired] Page content loaded.
2026-08-16 20:28:20,163 - ERROR - Error saving article Apple faces Indian engineer’s bias lawsuit - The Economic Times: Hrana: `stream error: `Error { message: "SQLite error: UNIQUE constraint failed: articles.url", code: "SQLITE_CONSTRAINT" }``
2026-08-16 20:28:21,532 - INFO - [Economic Times] Article: https://economictimes.indiatimes.com/news/defence/despite-transatlantic-love-fest-eu-charts-third-way-in-ties-with-us-and-china/articleshow/81467467.cms
2026-08-16 20:28:21,532 - INFO - [Economic Times] Attempt 1/2: Trying with 'requests_browser' strategy...
2026-08-16 20:28:22,284 - INFO - [Economic Times] Success with 'requests_browser'. Found content (799 words).
2026-08-16 20:28:22,680 - INFO - [Wired] Success with 'selenium_browser'. Found content (693 words).
2026-08-16 20:28:25,679 - ERROR - Error saving article Despite transatlantic 'love fest', EU charts third way in ties with US and China - The Economic Times: Hrana: `stream error: `Error { message: "SQLite error: UNIQUE constraint failed: articles.url", code: "SQLITE_CONSTRAINT" }``
2026-08-16 20:28:25,848 - WARNING - [The Hindu] Page get timed out (7s). Proceeding to grab partial source anyway.
2026-08-16 20:28:27,576 - INFO - [Economic Times] Article: https://economictimes.indiatimes.com/tech/tech-bytes/twitters-india-policy-head-to-step-down-will-transition-in-march/articleshow/80732868.cms
2026-08-16 20:28:27,576 - INFO - [Economic Times] Attempt 1/2: Trying with 'requests_browser' strategy...
2026-08-16 20:28:28,966 - ERROR - Error saving article The Best Movies to Stream This Month (August 2026) | WIRED: Hrana: `stream error: `Error { message: "SQLite error: UNIQUE constraint failed: articles.url", code: "SQLITE_CONSTRAINT" }``
2026-08-16 20:28:29,045 - ERROR - parsed tree length: 1, wrong data type or not valid HTML
2026-08-16 20:28:29,045 - ERROR - empty HTML tree: None
2026-08-16 20:28:29,045 - WARNING - discarding data: None
2026-08-16 20:28:29,045 - WARNING - [Economic Times] FAILED with 'requests_browser' (content was too short: 0 words).
2026-08-16 20:28:29,836 - INFO - [Economic Times] Article: https://economictimes.indiatimes.com/tech/tech-bytes/twitters-india-policy-head-to-step-down-will-transition-in-march/articleshow/80732868.cms
2026-08-16 20:28:29,836 - INFO - [Economic Times] Attempt 2/2: Trying with 'selenium_browser' strategy...
2026-08-16 20:28:30,270 - INFO - [Wired] Early skip: URL https://www.wired.com/story/unitree-influencer-4-foot-robot-from-china/ already exists.
2026-08-16 20:28:30,271 - INFO - [Wired] Early skip: URL https://www.wired.com/story/tech-visionary-says-the-big-ai-labs-dont-get-what-people-want/ already exists.
2026-08-16 20:28:30,282 - INFO - [Wired] Article: https://www.wired.com/gallery/best-wireless-chargers/
2026-08-16 20:28:30,282 - INFO - [Wired] Attempt 1/2: Trying with 'requests_browser' strategy...
2026-08-16 20:28:30,537 - ERROR - parsed tree length: 1, wrong data type or not valid HTML
2026-08-16 20:28:30,561 - ERROR - empty HTML tree: None
2026-08-16 20:28:30,561 - WARNING - discarding data: None
2026-08-16 20:28:30,562 - WARNING - [Wired] FAILED with 'requests_browser' (content was too short: 0 words).
2026-08-16 20:28:31,239 - INFO - [Wired] Article: https://www.wired.com/gallery/best-wireless-chargers/
2026-08-16 20:28:31,239 - INFO - [Wired] Attempt 2/2: Trying with 'selenium_browser' strategy...
2026-08-16 20:28:32,953 - WARNING - [The Hindu] Page explicit wait timed out (3s). Proceeding anyway.
2026-08-16 20:28:40,021 - ERROR - [The Hindu] Request failed for strategy 'selenium_browser' on URL https://www.thehindu.com/news/national/andhra-pradesh/third-leg-of-seaside-festival-held-in-vizag/article71353712.ece: Message: timeout: Timed out receiving message from renderer: 7.000
  (Session info: chrome=152.0.7977.42)
Stacktrace:
#0 0x5649577602ca <unknown>
#1 0x5649570c3b39 <unknown>
#2 0x5649570ab5bb <unknown>
#3 0x5649570ab236 <unknown>
#4 0x5649570a8e18 <unknown>
#5 0x5649570a979f <unknown>
#6 0x5649570b8880 <unknown>
#7 0x5649570d27b7 <unknown>
#8 0x5649570da19b <unknown>
#9 0x5649570a9ef9 <unknown>
#10 0x5649570d2512 <unknown>
#11 0x564957161b26 <unknown>
#12 0x56495710cecb <unknown>
#13 0x56495710dcb1 <unknown>
#14 0x5649577247f0 <unknown>
#15 0x564957722e6a <unknown>
#16 0x56495770dbb5 <unknown>
#17 0x564957723b2a <unknown>
#18 0x5649576f6df0 <unknown>
#19 0x56495774b238 <unknown>
#20 0x56495774b3d5 <unknown>
#21 0x56495775ee53 <unknown>
#22 0x7f6ab469cb84 <unknown>
#23 0x7f6ab4729d6c <unknown>

2026-08-16 20:28:40,021 - ERROR - [The Hindu] All scrape strategies failed for https://www.thehindu.com/news/national/andhra-pradesh/third-leg-of-seaside-festival-held-in-vizag/article71353712.ece. Falling back to RSS description.
2026-08-16 20:28:40,021 - WARNING - SKIPPED (GLOBAL WORD LIMIT): Article 'Third leg of seaside festival held in Vizag' from The Hindu has only 3 words (Min: 90).
2026-08-16 20:28:40,682 - INFO - [The Hindu] Article: https://www.thehindu.com/news/national/tamil-nadu/woman-held-for-stealing-gold-jewellery-in-cuddalore/article71352674.ece
2026-08-16 20:28:40,682 - INFO - [The Hindu] Attempt 1/1: Trying with 'selenium_browser' strategy...
2026-08-16 20:28:48,182 - WARNING - [Times of India] Page explicit wait timed out (3s). Proceeding anyway.
2026-08-16 20:28:49,162 - INFO - [Times of India] Success with 'selenium_browser'. Found content (642 words).
2026-08-16 20:28:53,602 - INFO - >>> SUCCESSFULLY SAVED [ID: 106090] - In 1988, an English farmer stopped cultivating his entire 377-acre wheat farm; 35 years later, it became one of central England’s biggest refuges for scrub, woodland and rare wildlife from Times of India (642 words)
2026-08-16 20:28:54,776 - INFO - [Times of India] Early skip: URL https://timesofindia.indiatimes.com/world/uk/petition-for-public-inquiry-into-jason-ardays-media-harassment-gathers-31000-signatures/articleshow/133280350.cms already exists.
2026-08-16 20:28:54,778 - INFO - [Times of India] Early skip: URL https://timesofindia.indiatimes.com/world/china/from-hospitals-to-schools-china-expands-scrutiny-of-religious-beliefs-in-chengdu/articleshow/133279998.cms already exists.
2026-08-16 20:28:54,780 - INFO - [Times of India] Early skip: URL https://timesofindia.indiatimes.com/world/uk/uk-man55-dies-after-dog-bite-during-footpath-altercation-owner-arrested-on-murder-suspicion/articleshow/133279669.cms already exists.
2026-08-16 20:28:54,783 - INFO - [Times of India] Early skip: URL https://timesofindia.indiatimes.com/world/us-streamers/is-clavicular-really-trying-for-a-baby-with-lily-snyder-influencer-reveals-plans-despite-past-infertility-claims/articleshow/133278262.cms already exists.
2026-08-16 20:28:54,791 - INFO - [Times of India] Early skip: URL https://timesofindia.indiatimes.com/world/us/at-15-lynne-cox-broke-the-english-channel-record-for-men-and-women-at-30-after-an-11-year-wait-for-permission-she-swam-through-38f-water-from-alaska-to-the-soviet-union/articleshow/133277843.cms already exists.
2026-08-16 20:28:54,799 - INFO - [Times of India] Early skip: URL https://timesofindia.indiatimes.com/world/europe/3000-hectares-up-in-flames-belgium-battles-its-biggest-wildfire-on-record/articleshow/133279101.cms already exists.
2026-08-16 20:28:54,801 - INFO - [Times of India] Early skip: URL https://timesofindia.indiatimes.com/world/us/they-were-indian-so-we-didnt-count-them-us-cleaning-business-owner-faces-scrutiny-over-racial-profiling/articleshow/133277678.cms already exists.
2026-08-16 20:28:54,805 - INFO - [Times of India] Early skip: URL https://timesofindia.indiatimes.com/world/rest-of-world/princess-iman-welcomes-twin-daughters-talia-and-rania-with-husband-jameel-alexander-thermiotis-names-newborns-after-queen-rania-jordanian-royal-family-celebrates/articleshow/133278153.cms already exists.
2026-08-16 20:28:54,806 - WARNING - [The Hindu] Page get timed out (7s). Proceeding to grab partial source anyway.
2026-08-16 20:28:54,807 - INFO - [Times of India] Early skip: URL https://timesofindia.indiatimes.com/world/us/in-1953-emma-gatewood-tried-hiking-the-appalachian-trail-got-lost-and-was-rescued-two-years-later-at-67-she-walked-all-2190-miles-alone-and-made-history/articleshow/133277358.cms already exists.
2026-08-16 20:28:54,811 - INFO - [Times of India] Early skip: URL https://timesofindia.indiatimes.com/world/us-streamers/from-streaming-to-landing-one-of-marvels-biggest-roles-inde-navarrettes-journey-from-twitch-to-marvels-rogue/articleshow/133270431.cms already exists.
2026-08-16 20:28:54,812 - INFO - [Times of India] Early skip: URL https://timesofindia.indiatimes.com/world/middle-east/iran-moves-to-criminalise-interviews-with-us-israeli-media-with-prison-terms-up-to-30-years/articleshow/133277296.cms already exists.
2026-08-16 20:28:54,814 - INFO - [Times of India] Early skip: URL https://timesofindia.indiatimes.com/world/us/in-1933-lincolns-crooked-house-was-marked-for-demolition-work-revealed-a-hidden-timber-framed-building-behind-its-brick-faade-and-saved-it-today-it-is-one-of-the-cathedral-quarters-most-photographed-buildings/articleshow/133277131.cms already exists.
2026-08-16 20:28:54,815 - INFO - [Times of India] Early skip: URL https://timesofindia.indiatimes.com/etimes/animals/8-year-old-boy-catches-a-piranha-while-fishing-with-dad-at-pennsylvania-lake/articleshow/133276885.cms already exists.
2026-08-16 20:28:54,817 - INFO - [Times of India] Early skip: URL https://timesofindia.indiatimes.com/world/europe/four-renaissance-masterpieces-stolen-from-sicily-museum-in-art-heist/articleshow/133276825.cms already exists.
2026-08-16 20:28:54,821 - INFO - [Times of India] Early skip: URL https://timesofindia.indiatimes.com/world/us/a-maine-oyster-farm-is-testing-a-solar-powered-floating-conveyor-that-moves-oyster-baskets-through-water-and-air-one-raft-is-designed-for-125000-oysters-a-year/articleshow/133275300.cms already exists.
2026-08-16 20:28:54,822 - INFO - [Times of India] Early skip: URL https://timesofindia.indiatimes.com/world/rest-of-world/south-africa-is-mining-lithium-for-the-green-energy-transition-prospecting-rights-now-cover-73000-hectares-117-farms-and-land-supporting-30000-jobs/articleshow/133275909.cms already exists.
2026-08-16 20:28:54,824 - INFO - [Times of India] Early skip: URL https://timesofindia.indiatimes.com/life-style/travel/news/new-york-city-has-a-grave-of-secrets-where-thousands-of-people-come-to-share-their-innermost-emotions-and-why/articleshow/133276159.cms already exists.
2026-08-16 20:28:54,825 - INFO - [Times of India] Early skip: URL https://timesofindia.indiatimes.com/science/san-diegos-leanne-fan-18-built-a-device-to-simulate-microgravity-and-tested-red-light-on-injured-flatworms-tissue-regeneration-sped-up-by-95-2-helping-her-win-80000/articleshow/133273293.cms already exists.
2026-08-16 20:28:54,828 - INFO - [Times of India] Early skip: URL https://timesofindia.indiatimes.com/world/us/virginia-installed-46-water-control-structures-across-150-miles-of-old-drainage-ditches-to-re-wet-a-swamp-restored-peat-now-traps-200000-metric-tons-of-carbon-a-year/articleshow/133272437.cms already exists.
2026-08-16 20:28:54,830 - INFO - [Times of India] (Thread) Finished. Attempting to shut down its Selenium driver.
2026-08-16 20:28:55,298 - INFO - [Times of India] (Thread) driver.quit() successful.
2026-08-16 20:28:58,192 - INFO - [Wired] Page content loaded.
2026-08-16 20:29:00,435 - INFO - [Wired] Success with 'selenium_browser'. Found content (2184 words).
2026-08-16 20:29:01,834 - WARNING - [The Hindu] Page explicit wait timed out (3s). Proceeding anyway.
2026-08-16 20:29:04,581 - ERROR - Error saving article Best Wireless Chargers (2026): My Picks After Testing 100+ | WIRED: Hrana: `stream error: `Error { message: "SQLite error: UNIQUE constraint failed: articles.url", code: "SQLITE_CONSTRAINT" }``
2026-08-16 20:29:05,216 - INFO - [Wired] Early skip: URL https://www.wired.com/story/best-paper-planners/ already exists.
2026-08-16 20:29:05,218 - INFO - [Wired] Early skip: URL https://www.wired.com/story/ftc-strikes-deals-to-ignore-unlawful-credit-discrimination/ already exists.
2026-08-16 20:29:05,219 - INFO - [Wired] Early skip: URL https://www.wired.com/story/these-masturbation-consultants-were-hired-to-pleasure-themselves-using-ai/ already exists.
2026-08-16 20:29:05,220 - INFO - [Wired] Early skip: URL https://www.wired.com/gallery/best-pixel-10-cases-and-accessories/ already exists.
2026-08-16 20:29:05,222 - INFO - [Wired] Early skip: URL https://www.wired.com/story/i-wore-a-pepper-electrical-muscle-stimulation-body-suit-to-zap-myself-into-fitness/ already exists.
2026-08-16 20:29:05,223 - INFO - [Wired] Early skip: URL https://www.wired.com/story/people-are-marrying-chatbots-these-lawmakers-want-to-stop-them/ already exists.
2026-08-16 20:29:05,224 - INFO - [Wired] Early skip: URL https://www.wired.com/galaxy-brain/ already exists.
2026-08-16 20:29:05,226 - INFO - [Wired] Early skip: URL https://www.wired.com/story/best-monitors/ already exists.
2026-08-16 20:29:05,227 - INFO - [Wired] Early skip: URL https://www.wired.com/story/brain-focused-ultrasound/ already exists.
2026-08-16 20:29:05,228 - INFO - [Wired] Early skip: URL https://www.wired.com/story/this-art-project-slows-down-citi-bikes-to-make-nycs-rent-crisis-feel-real/ already exists.
2026-08-16 20:29:05,229 - INFO - [Wired] Early skip: URL https://www.wired.com/review/dell-xps-13-2026/ already exists.
2026-08-16 20:29:05,231 - INFO - [Wired] Early skip: URL https://www.wired.com/story/real-reason-data-center-gas-power-plants-are-so-dirty/ already exists.
2026-08-16 20:29:05,232 - INFO - [Wired] Article: https://www.wired.com/story/layla-sleep-coupon/
2026-08-16 20:29:05,232 - INFO - [Wired] Attempt 1/2: Trying with 'requests_browser' strategy...
2026-08-16 20:29:05,332 - ERROR - parsed tree length: 1, wrong data type or not valid HTML
2026-08-16 20:29:05,332 - ERROR - empty HTML tree: None
2026-08-16 20:29:05,332 - WARNING - discarding data: None
2026-08-16 20:29:05,332 - WARNING - [Wired] FAILED with 'requests_browser' (content was too short: 0 words).
2026-08-16 20:29:05,889 - INFO - [Wired] Article: https://www.wired.com/story/layla-sleep-coupon/
2026-08-16 20:29:05,890 - INFO - [Wired] Attempt 2/2: Trying with 'selenium_browser' strategy...
2026-08-16 20:29:08,382 - INFO - [Wired] Page content loaded.
2026-08-16 20:29:08,864 - ERROR - [The Hindu] Request failed for strategy 'selenium_browser' on URL https://www.thehindu.com/news/national/tamil-nadu/woman-held-for-stealing-gold-jewellery-in-cuddalore/article71352674.ece: Message: timeout: Timed out receiving message from renderer: 7.000
  (Session info: chrome=152.0.7977.42)
Stacktrace:
#0 0x5649577602ca <unknown>
#1 0x5649570c3b39 <unknown>
#2 0x5649570ab5bb <unknown>
#3 0x5649570ab236 <unknown>
#4 0x5649570a8e18 <unknown>
#5 0x5649570a979f <unknown>
#6 0x5649570b8880 <unknown>
#7 0x5649570d27b7 <unknown>
#8 0x5649570da19b <unknown>
#9 0x5649570a9ef9 <unknown>
#10 0x5649570d2512 <unknown>
#11 0x564957161b26 <unknown>
#12 0x56495710cecb <unknown>
#13 0x56495710dcb1 <unknown>
#14 0x5649577247f0 <unknown>
#15 0x564957722e6a <unknown>
#16 0x56495770dbb5 <unknown>
#17 0x564957723b2a <unknown>
#18 0x5649576f6df0 <unknown>
#19 0x56495774b238 <unknown>
#20 0x56495774b3d5 <unknown>
#21 0x56495775ee53 <unknown>
#22 0x7f6ab469cb84 <unknown>
#23 0x7f6ab4729d6c <unknown>

2026-08-16 20:29:08,864 - ERROR - [The Hindu] All scrape strategies failed for https://www.thehindu.com/news/national/tamil-nadu/woman-held-for-stealing-gold-jewellery-in-cuddalore/article71352674.ece. Falling back to RSS description.
2026-08-16 20:29:08,864 - WARNING - SKIPPED (GLOBAL WORD LIMIT): Article 'Woman held for stealing gold jewellery in Cuddalore' from The Hindu has only 3 words (Min: 90).
2026-08-16 20:29:09,291 - INFO - [Wired] Success with 'selenium_browser'. Found content (482 words).
2026-08-16 20:29:11,477 - INFO - [The Hindu] Early skip: URL https://www.thehindu.com/news/national/karnataka/civil-police-recruitment-exam-141-omr-sheets-go-missing-from-vijayapura-exam-centre/article71345257.ece already exists.
2026-08-16 20:29:11,928 - INFO - [The Hindu] Article: https://www.thehindu.com/news/national/kerala/22000-lawyers-on-keralas-bar-council-rolls-unaccounted-for/article71353162.ece
2026-08-16 20:29:11,928 - INFO - [The Hindu] Attempt 1/1: Trying with 'selenium_browser' strategy...
2026-08-16 20:29:12,833 - ERROR - Error saving article Layla Sleep Coupon: Save Up to $600 in August 2026 | WIRED: Hrana: `stream error: `Error { message: "SQLite error: UNIQUE constraint failed: articles.url", code: "SQLITE_CONSTRAINT" }``
2026-08-16 20:29:14,119 - INFO - [Economic Times] Page content loaded.
2026-08-16 20:29:14,201 - INFO - [Wired] Article: https://www.wired.com/story/office-depot-promo-codes/
2026-08-16 20:29:14,202 - INFO - [Wired] Attempt 1/2: Trying with 'requests_browser' strategy...
2026-08-16 20:29:14,293 - ERROR - parsed tree length: 1, wrong data type or not valid HTML
2026-08-16 20:29:14,293 - ERROR - empty HTML tree: None
2026-08-16 20:29:14,293 - WARNING - discarding data: None
2026-08-16 20:29:14,293 - WARNING - [Wired] FAILED with 'requests_browser' (content was too short: 0 words).
2026-08-16 20:29:14,622 - INFO - [Economic Times] Success with 'selenium_browser'. Found content (615 words).
2026-08-16 20:29:16,177 - INFO - [Wired] Article: https://www.wired.com/story/office-depot-promo-codes/
2026-08-16 20:29:16,177 - INFO - [Wired] Attempt 2/2: Trying with 'selenium_browser' strategy...
2026-08-16 20:29:17,532 - ERROR - Error saving article Twitter's India policy head, Mahima Kaul, to step down; will transition in March - The Economic Times: Hrana: `stream error: `Error { message: "SQLite error: UNIQUE constraint failed: articles.url", code: "SQLITE_CONSTRAINT" }``
2026-08-16 20:29:17,571 - INFO - [Al Jazeera] Page content loaded.
2026-08-16 20:29:17,751 - WARNING - [Al Jazeera] FAILED with 'selenium_browser' (content was too short: 66 words).
2026-08-16 20:29:17,751 - ERROR - [Al Jazeera] All scrape strategies failed for https://www.aljazeera.com/video/newsfeed/2026/8/16/erdogan-says-israeli-attacks-on-lebanon-are-a-serious-concern-for-turkiye?traffic_source=rss. Falling back to RSS description.
2026-08-16 20:29:17,751 - WARNING - SKIPPED (GLOBAL WORD LIMIT): Article 'Erdogan says Israeli attacks on Lebanon are a serious concern for Türkiye' from Al Jazeera has only 17 words (Min: 90).
2026-08-16 20:29:18,810 - INFO - [Al Jazeera] Early skip: URL https://www.aljazeera.com/news/2026/8/16/kushner-meets-hamas-in-egypt-to-push-trumps-gaza-plan?traffic_source=rss already exists.
2026-08-16 20:29:18,813 - INFO - [Al Jazeera] Article: https://www.aljazeera.com/video/newsfeed/2026/8/16/16-08-clip-erdogan-hormuz-tr?traffic_source=rss
2026-08-16 20:29:18,813 - INFO - [Al Jazeera] Attempt 1/2: Trying with 'requests_browser' strategy...
2026-08-16 20:29:19,917 - INFO - [Economic Times] Article: https://economictimes.indiatimes.com/tech/tech-and-gadgets/govt-may-keep-rs-7500-cr-outlay-for-it-hardware-manufacturing-under-pli-scheme/articleshow/80333429.cms
2026-08-16 20:29:19,917 - INFO - [Economic Times] Attempt 1/2: Trying with 'requests_browser' strategy...
2026-08-16 20:29:20,353 - ERROR - parsed tree length: 1, wrong data type or not valid HTML
2026-08-16 20:29:20,353 - ERROR - empty HTML tree: None
2026-08-16 20:29:20,353 - WARNING - discarding data: None
2026-08-16 20:29:20,353 - WARNING - [Economic Times] FAILED with 'requests_browser' (content was too short: 0 words).
2026-08-16 20:29:20,417 - WARNING - [Al Jazeera] FAILED with 'requests_browser' (content was too short: 68 words).
2026-08-16 20:29:20,894 - INFO - [Economic Times] Article: https://economictimes.indiatimes.com/tech/tech-and-gadgets/govt-may-keep-rs-7500-cr-outlay-for-it-hardware-manufacturing-under-pli-scheme/articleshow/80333429.cms
2026-08-16 20:29:20,895 - INFO - [Economic Times] Attempt 2/2: Trying with 'selenium_browser' strategy...
2026-08-16 20:29:21,064 - INFO - [Al Jazeera] Article: https://www.aljazeera.com/video/newsfeed/2026/8/16/16-08-clip-erdogan-hormuz-tr?traffic_source=rss
2026-08-16 20:29:21,064 - INFO - [Al Jazeera] Attempt 2/2: Trying with 'selenium_browser' strategy...
2026-08-16 20:29:22,679 - INFO - [Wired] Page content loaded.
2026-08-16 20:29:23,878 - INFO - [Al Jazeera] Page content loaded.
2026-08-16 20:29:24,395 - WARNING - [Al Jazeera] FAILED with 'selenium_browser' (content was too short: 72 words).
2026-08-16 20:29:24,395 - ERROR - [Al Jazeera] All scrape strategies failed for https://www.aljazeera.com/video/newsfeed/2026/8/16/16-08-clip-erdogan-hormuz-tr?traffic_source=rss. Falling back to RSS description.
2026-08-16 20:29:24,395 - WARNING - SKIPPED (GLOBAL WORD LIMIT): Article 'Erdogan calls for Strait of Hormuz reopening amid oil disruption' from Al Jazeera has only 14 words (Min: 90).
2026-08-16 20:29:25,077 - INFO - [Wired] Success with 'selenium_browser'. Found content (1098 words).
2026-08-16 20:29:25,478 - INFO - [Al Jazeera] Article: https://www.aljazeera.com/video/newsfeed/2026/8/16/former-israeli-captive-asks-ben-gvir-to-let-him-execute-palestinian-prisone?traffic_source=rss
2026-08-16 20:29:25,478 - INFO - [Al Jazeera] Attempt 1/2: Trying with 'requests_browser' strategy...
2026-08-16 20:29:25,771 - WARNING - [Al Jazeera] FAILED with 'requests_browser' (content was too short: 71 words).
2026-08-16 20:29:27,211 - INFO - [Al Jazeera] Article: https://www.aljazeera.com/video/newsfeed/2026/8/16/former-israeli-captive-asks-ben-gvir-to-let-him-execute-palestinian-prisone?traffic_source=rss
2026-08-16 20:29:27,212 - INFO - [Al Jazeera] Attempt 2/2: Trying with 'selenium_browser' strategy...
2026-08-16 20:29:27,672 - WARNING - [The Hindu] Page get timed out (7s). Proceeding to grab partial source anyway.
2026-08-16 20:29:28,575 - ERROR - Error saving article Office Depot Coupons: Save With Promo Codes in August 2026 | WIRED: Hrana: `stream error: `Error { message: "SQLite error: UNIQUE constraint failed: articles.url", code: "SQLITE_CONSTRAINT" }``
2026-08-16 20:29:29,375 - INFO - [Al Jazeera] Page content loaded.
2026-08-16 20:29:29,401 - INFO - [Wired] Article: https://www.wired.com/story/hellofresh-coupon/
2026-08-16 20:29:29,401 - INFO - [Wired] Attempt 1/2: Trying with 'requests_browser' strategy...
2026-08-16 20:29:29,511 - ERROR - parsed tree length: 1, wrong data type or not valid HTML
2026-08-16 20:29:29,514 - ERROR - empty HTML tree: None
2026-08-16 20:29:29,514 - WARNING - discarding data: None
2026-08-16 20:29:29,515 - WARNING - [Wired] FAILED with 'requests_browser' (content was too short: 0 words).
2026-08-16 20:29:29,556 - WARNING - [Al Jazeera] FAILED with 'selenium_browser' (content was too short: 75 words).
2026-08-16 20:29:29,556 - ERROR - [Al Jazeera] All scrape strategies failed for https://www.aljazeera.com/video/newsfeed/2026/8/16/former-israeli-captive-asks-ben-gvir-to-let-him-execute-palestinian-prisone?traffic_source=rss. Falling back to RSS description.
2026-08-16 20:29:29,556 - WARNING - SKIPPED (GLOBAL WORD LIMIT): Article 'Former Israeli captive asks Ben-Gvir to let him execute Palestinian prisone' from Al Jazeera has only 17 words (Min: 90).
2026-08-16 20:29:30,071 - INFO - [Al Jazeera] Article: https://www.aljazeera.com/video/newsfeed/2026/8/16/israeli-army-besieges-palestinian-homes-in-occupied-west-bank?traffic_source=rss
2026-08-16 20:29:30,071 - INFO - [Al Jazeera] Attempt 1/2: Trying with 'requests_browser' strategy...
2026-08-16 20:29:30,210 - WARNING - [Al Jazeera] FAILED with 'requests_browser' (content was too short: 64 words).
2026-08-16 20:29:30,341 - INFO - [Wired] Article: https://www.wired.com/story/hellofresh-coupon/
2026-08-16 20:29:30,341 - INFO - [Wired] Attempt 2/2: Trying with 'selenium_browser' strategy...
2026-08-16 20:29:31,174 - INFO - [Al Jazeera] Article: https://www.aljazeera.com/video/newsfeed/2026/8/16/israeli-army-besieges-palestinian-homes-in-occupied-west-bank?traffic_source=rss
2026-08-16 20:29:31,174 - INFO - [Al Jazeera] Attempt 2/2: Trying with 'selenium_browser' strategy...
2026-08-16 20:29:31,709 - INFO - [Economic Times] Page content loaded.
2026-08-16 20:29:32,317 - INFO - [Economic Times] Success with 'selenium_browser'. Found content (481 words).
2026-08-16 20:29:35,397 - INFO - [Wired] Page content loaded.
2026-08-16 20:29:35,398 - ERROR - Error saving article Govt may keep Rs 7,500 cr outlay for IT hardware manufacturing under PLI scheme - The Economic Times: Hrana: `stream error: `Error { message: "SQLite error: UNIQUE constraint failed: articles.url", code: "SQLITE_CONSTRAINT" }``
2026-08-16 20:29:35,488 - INFO - [Al Jazeera] Page content loaded.
2026-08-16 20:29:35,616 - WARNING - [The Hindu] Page explicit wait timed out (3s). Proceeding anyway.
2026-08-16 20:29:35,726 - WARNING - [Al Jazeera] FAILED with 'selenium_browser' (content was too short: 68 words).
2026-08-16 20:29:35,730 - ERROR - [Al Jazeera] All scrape strategies failed for https://www.aljazeera.com/video/newsfeed/2026/8/16/israeli-army-besieges-palestinian-homes-in-occupied-west-bank?traffic_source=rss. Falling back to RSS description.
2026-08-16 20:29:35,730 - WARNING - SKIPPED (GLOBAL WORD LIMIT): Article 'Israeli army besieges Palestinian homes in occupied West Bank' from Al Jazeera has only 16 words (Min: 90).
2026-08-16 20:29:36,071 - INFO - [Wired] Success with 'selenium_browser'. Found content (1253 words).
2026-08-16 20:29:37,664 - INFO - [Economic Times] Article: https://economictimes.indiatimes.com/tech/technology/indian-dating-apps-services-see-surge-of-paying-users-in-small-cities/articleshow/80063342.cms
2026-08-16 20:29:37,665 - INFO - [Economic Times] Attempt 1/2: Trying with 'requests_browser' strategy...
2026-08-16 20:29:37,671 - INFO - [Al Jazeera] Early skip: URL https://www.aljazeera.com/video/the-bottom-line/2026/8/16/why-are-sandwiches-more-regulated-than-ai?traffic_source=rss already exists.
2026-08-16 20:29:38,121 - INFO - [Al Jazeera] Early skip: URL https://www.aljazeera.com/news/2026/8/16/water-and-salt-qusra-residents-trapped-in-israeli-settler-siege?traffic_source=rss already exists.
2026-08-16 20:29:39,032 - INFO - [Al Jazeera] Early skip: URL https://www.aljazeera.com/sports/2026/8/16/cristiano-ronaldo-hints-at-retirement-at-the-end-of-the-football-season?traffic_source=rss already exists.
2026-08-16 20:29:39,035 - ERROR - Error saving article HelloFresh Promo Codes: 55% Off for August 2026 | WIRED: Hrana: `stream error: `Error { message: "SQLite error: UNIQUE constraint failed: articles.url", code: "SQLITE_CONSTRAINT" }``
2026-08-16 20:29:39,036 - INFO - [Al Jazeera] Early skip: URL https://www.aljazeera.com/sports/2026/8/16/arsenal-cruise-to-3-0-win-over-manchester-city-in-community-shield?traffic_source=rss already exists.
2026-08-16 20:29:39,045 - INFO - [Al Jazeera] Article: https://www.aljazeera.com/video/newsfeed/2026/8/16/moroccan-migrants-stage-sit-in-as-thousands-remain-stranded-in-ceuta?traffic_source=rss
2026-08-16 20:29:39,045 - INFO - [Al Jazeera] Attempt 1/2: Trying with 'requests_browser' strategy...
2026-08-16 20:29:39,380 - ERROR - parsed tree length: 1, wrong data type or not valid HTML
2026-08-16 20:29:39,381 - ERROR - empty HTML tree: None
2026-08-16 20:29:39,381 - WARNING - discarding data: None
2026-08-16 20:29:39,381 - WARNING - [Economic Times] FAILED with 'requests_browser' (content was too short: 0 words).
2026-08-16 20:29:39,395 - WARNING - [Al Jazeera] FAILED with 'requests_browser' (content was too short: 60 words).
2026-08-16 20:29:39,978 - INFO - [Al Jazeera] Article: https://www.aljazeera.com/video/newsfeed/2026/8/16/moroccan-migrants-stage-sit-in-as-thousands-remain-stranded-in-ceuta?traffic_source=rss
2026-08-16 20:29:39,978 - INFO - [Al Jazeera] Attempt 2/2: Trying with 'selenium_browser' strategy...
2026-08-16 20:29:40,123 - INFO - [Economic Times] Article: https://economictimes.indiatimes.com/tech/technology/indian-dating-apps-services-see-surge-of-paying-users-in-small-cities/articleshow/80063342.cms
2026-08-16 20:29:40,123 - INFO - [Economic Times] Attempt 2/2: Trying with 'selenium_browser' strategy...
2026-08-16 20:29:40,280 - INFO - [Wired] Article: https://www.wired.com/story/columbia-promo-code/
2026-08-16 20:29:40,280 - INFO - [Wired] Attempt 1/2: Trying with 'requests_browser' strategy...
2026-08-16 20:29:40,403 - ERROR - parsed tree length: 1, wrong data type or not valid HTML
2026-08-16 20:29:40,404 - ERROR - empty HTML tree: None
2026-08-16 20:29:40,404 - WARNING - discarding data: None
2026-08-16 20:29:40,405 - WARNING - [Wired] FAILED with 'requests_browser' (content was too short: 0 words).
2026-08-16 20:29:41,308 - INFO - [Wired] Article: https://www.wired.com/story/columbia-promo-code/
2026-08-16 20:29:41,308 - INFO - [Wired] Attempt 2/2: Trying with 'selenium_browser' strategy...
2026-08-16 20:29:42,653 - ERROR - [The Hindu] Request failed for strategy 'selenium_browser' on URL https://www.thehindu.com/news/national/kerala/22000-lawyers-on-keralas-bar-council-rolls-unaccounted-for/article71353162.ece: Message: timeout: Timed out receiving message from renderer: 7.000
  (Session info: chrome=152.0.7977.42)
Stacktrace:
#0 0x5649577602ca <unknown>
#1 0x5649570c3b39 <unknown>
#2 0x5649570ab5bb <unknown>
#3 0x5649570ab236 <unknown>
#4 0x5649570a8e18 <unknown>
#5 0x5649570a979f <unknown>
#6 0x5649570b8880 <unknown>
#7 0x5649570d27b7 <unknown>
#8 0x5649570da19b <unknown>
#9 0x5649570a9ef9 <unknown>
#10 0x5649570d2512 <unknown>
#11 0x564957161b26 <unknown>
#12 0x56495710cecb <unknown>
#13 0x56495710dcb1 <unknown>
#14 0x5649577247f0 <unknown>
#15 0x564957722e6a <unknown>
#16 0x56495770dbb5 <unknown>
#17 0x564957723b2a <unknown>
#18 0x5649576f6df0 <unknown>
#19 0x56495774b238 <unknown>
#20 0x56495774b3d5 <unknown>
#21 0x56495775ee53 <unknown>
#22 0x7f6ab469cb84 <unknown>
#23 0x7f6ab4729d6c <unknown>

2026-08-16 20:29:42,653 - ERROR - [The Hindu] All scrape strategies failed for https://www.thehindu.com/news/national/kerala/22000-lawyers-on-keralas-bar-council-rolls-unaccounted-for/article71353162.ece. Falling back to RSS description.
2026-08-16 20:29:42,653 - WARNING - SKIPPED (GLOBAL WORD LIMIT): Article '22,000 lawyers on Kerala’s bar council rolls unaccounted for' from The Hindu has only 40 words (Min: 90).
2026-08-16 20:29:43,398 - INFO - [The Hindu] Early skip: URL https://www.thehindu.com/news/national/west-bengal/three-arrested-after-bengal-cjp-volunteers-father-dies-in-attack/article71353154.ece already exists.
2026-08-16 20:29:43,402 - INFO - [The Hindu] Article: https://www.thehindu.com/news/national/andhra-pradesh/cpim-stages-black-day-protest-over-closure-of-vizag-airport/article71352616.ece
2026-08-16 20:29:43,402 - INFO - [The Hindu] Attempt 1/1: Trying with 'selenium_browser' strategy...
2026-08-16 20:29:44,205 - INFO - [Economic Times] Page content loaded.
2026-08-16 20:29:44,811 - WARNING - [Economic Times] FAILED with 'selenium_browser' (content was too short: 84 words).
2026-08-16 20:29:44,811 - ERROR - [Economic Times] All scrape strategies failed for https://economictimes.indiatimes.com/tech/technology/indian-dating-apps-services-see-surge-of-paying-users-in-small-cities/articleshow/80063342.cms. Falling back to RSS description.
2026-08-16 20:29:44,811 - WARNING - SKIPPED (GLOBAL WORD LIMIT): Article 'Indian dating apps, services see surge of paying users in small cities ' from Economic Times has only 54 words (Min: 90).
2026-08-16 20:29:46,240 - INFO - [Economic Times] Article: https://economictimes.indiatimes.com/tech/technology/time-for-govt-cos-to-adopt-ai-deloitte-india/articleshow/79981215.cms
2026-08-16 20:29:46,240 - INFO - [Economic Times] Attempt 1/2: Trying with 'requests_browser' strategy...
2026-08-16 20:29:46,564 - ERROR - parsed tree length: 1, wrong data type or not valid HTML
2026-08-16 20:29:46,567 - ERROR - empty HTML tree: None
2026-08-16 20:29:46,567 - WARNING - discarding data: None
2026-08-16 20:29:46,567 - WARNING - [Economic Times] FAILED with 'requests_browser' (content was too short: 0 words).
2026-08-16 20:29:47,158 - INFO - [Economic Times] Article: https://economictimes.indiatimes.com/tech/technology/time-for-govt-cos-to-adopt-ai-deloitte-india/articleshow/79981215.cms
2026-08-16 20:29:47,159 - INFO - [Economic Times] Attempt 2/2: Trying with 'selenium_browser' strategy...
2026-08-16 20:29:48,630 - INFO - [Wired] Page content loaded.
2026-08-16 20:29:49,764 - INFO - [Wired] Success with 'selenium_browser'. Found content (682 words).
2026-08-16 20:29:49,938 - INFO - [Economic Times] Page content loaded.
2026-08-16 20:29:52,834 - ERROR - Error saving article Columbia Promo Codes: 15% Off | August 2026 | WIRED: Hrana: `stream error: `Error { message: "SQLite error: UNIQUE constraint failed: articles.url", code: "SQLITE_CONSTRAINT" }``
2026-08-16 20:29:52,898 - WARNING - [Economic Times] FAILED with 'selenium_browser' (content was too short: 74 words).
2026-08-16 20:29:52,899 - ERROR - [Economic Times] All scrape strategies failed for https://economictimes.indiatimes.com/tech/technology/time-for-govt-cos-to-adopt-ai-deloitte-india/articleshow/79981215.cms. Falling back to RSS description.
2026-08-16 20:29:52,899 - WARNING - SKIPPED (GLOBAL WORD LIMIT): Article 'Time for government, companies to adopt artificial intelligence: Deloitte India ' from Economic Times has only 49 words (Min: 90).
2026-08-16 20:29:53,876 - INFO - [Wired] Article: https://www.wired.com/story/pura-promo-code/
2026-08-16 20:29:53,876 - INFO - [Wired] Attempt 1/2: Trying with 'requests_browser' strategy...
2026-08-16 20:29:53,956 - ERROR - parsed tree length: 1, wrong data type or not valid HTML
2026-08-16 20:29:53,956 - ERROR - empty HTML tree: None
2026-08-16 20:29:53,956 - WARNING - discarding data: None
2026-08-16 20:29:53,956 - WARNING - [Wired] FAILED with 'requests_browser' (content was too short: 0 words).
2026-08-16 20:29:54,014 - INFO - [Al Jazeera] Page content loaded.
2026-08-16 20:29:54,095 - INFO - [Economic Times] Article: https://economictimes.indiatimes.com/news/international/world-news/trump-announces-a-deal-for-hamas-to-disarm-in-gaza-but-many-hurdles-and-uncertainty-remain/articleshow/132753009.cms
2026-08-16 20:29:54,095 - INFO - [Economic Times] Attempt 1/2: Trying with 'requests_browser' strategy...
2026-08-16 20:29:54,108 - WARNING - [Al Jazeera] FAILED with 'selenium_browser' (content was too short: 64 words).
2026-08-16 20:29:54,108 - ERROR - [Al Jazeera] All scrape strategies failed for https://www.aljazeera.com/video/newsfeed/2026/8/16/moroccan-migrants-stage-sit-in-as-thousands-remain-stranded-in-ceuta?traffic_source=rss. Falling back to RSS description.
2026-08-16 20:29:54,108 - WARNING - SKIPPED (GLOBAL WORD LIMIT): Article 'Moroccan migrants stage sit-in as thousands remain stranded in Ceuta' from Al Jazeera has only 17 words (Min: 90).
2026-08-16 20:29:54,530 - INFO - [Economic Times] Success with 'requests_browser'. Found content (1285 words).
2026-08-16 20:29:54,862 - INFO - [Wired] Article: https://www.wired.com/story/pura-promo-code/
2026-08-16 20:29:54,862 - INFO - [Wired] Attempt 2/2: Trying with 'selenium_browser' strategy...
2026-08-16 20:29:54,915 - INFO - [Al Jazeera] Article: https://www.aljazeera.com/video/newsfeed/2026/8/16/16-08-sv-ukraine-largest-drone-attack-russia-ua?traffic_source=rss
2026-08-16 20:29:54,915 - INFO - [Al Jazeera] Attempt 1/2: Trying with 'requests_browser' strategy...
2026-08-16 20:29:57,655 - ERROR - Error saving article Trump announces a deal for Hamas to disarm in Gaza, but many hurdles and uncertainty remain - The Economic Times: Hrana: `stream error: `Error { message: "SQLite error: UNIQUE constraint failed: articles.url", code: "SQLITE_CONSTRAINT" }``
2026-08-16 20:29:57,687 - WARNING - [Al Jazeera] FAILED with 'requests_browser' (content was too short: 56 words).
2026-08-16 20:29:58,096 - INFO - [Wired] Page content loaded.
2026-08-16 20:29:58,205 - INFO - [Al Jazeera] Article: https://www.aljazeera.com/video/newsfeed/2026/8/16/16-08-sv-ukraine-largest-drone-attack-russia-ua?traffic_source=rss
2026-08-16 20:29:58,205 - INFO - [Al Jazeera] Attempt 2/2: Trying with 'selenium_browser' strategy...
2026-08-16 20:29:58,589 - INFO - [Wired] Success with 'selenium_browser'. Found content (582 words).
2026-08-16 20:29:58,767 - INFO - [Economic Times] Article: https://economictimes.indiatimes.com/news/new-updates/in-1943-us-built-an-entire-city-and-it-didnt-exist-on-a-single-map/articleshow/132659427.cms
2026-08-16 20:29:58,768 - INFO - [Economic Times] Attempt 1/2: Trying with 'requests_browser' strategy...
2026-08-16 20:30:00,666 - WARNING - [The Hindu] Page get timed out (7s). Proceeding to grab partial source anyway.
2026-08-16 20:30:01,567 - ERROR - Error saving article Pura Promo Codes: $20 Off August 2026 | WIRED: Hrana: `stream error: `Error { message: "SQLite error: UNIQUE constraint failed: articles.url", code: "SQLITE_CONSTRAINT" }``
2026-08-16 20:30:01,624 - INFO - [Economic Times] Success with 'requests_browser'. Found content (688 words).
2026-08-16 20:30:03,149 - INFO - [Wired] Article: https://www.wired.com/story/babbel-promo-code/
2026-08-16 20:30:03,603 - INFO - [Wired] Attempt 1/2: Trying with 'requests_browser' strategy...
2026-08-16 20:30:03,604 - INFO - [Al Jazeera] Page content loaded.
2026-08-16 20:30:04,504 - ERROR - Error saving article In 1943, US built an entire city, and it didn't exist on a single map - The Economic Times: Hrana: `stream error: `Error { message: "SQLite error: UNIQUE constraint failed: articles.url", code: "SQLITE_CONSTRAINT" }``
2026-08-16 20:30:04,521 - ERROR - parsed tree length: 1, wrong data type or not valid HTML
2026-08-16 20:30:04,521 - ERROR - empty HTML tree: None
2026-08-16 20:30:04,521 - WARNING - discarding data: None
2026-08-16 20:30:04,521 - WARNING - [Wired] FAILED with 'requests_browser' (content was too short: 0 words).
2026-08-16 20:30:04,566 - WARNING - [Al Jazeera] FAILED with 'selenium_browser' (content was too short: 60 words).
2026-08-16 20:30:04,566 - ERROR - [Al Jazeera] All scrape strategies failed for https://www.aljazeera.com/video/newsfeed/2026/8/16/16-08-sv-ukraine-largest-drone-attack-russia-ua?traffic_source=rss. Falling back to RSS description.
2026-08-16 20:30:04,566 - WARNING - SKIPPED (GLOBAL WORD LIMIT): Article 'Largest Ukrainian drone attack on Russia, Moscow says 822 drones shot down' from Al Jazeera has only 18 words (Min: 90).
2026-08-16 20:30:05,097 - INFO - [Wired] Article: https://www.wired.com/story/babbel-promo-code/
2026-08-16 20:30:05,097 - INFO - [Wired] Attempt 2/2: Trying with 'selenium_browser' strategy...
2026-08-16 20:30:05,283 - INFO - [Economic Times] Article: https://economictimes.indiatimes.com/news/new-updates/humans-have-a-third-eye-in-the-brain-study-links-it-to-a-600-million-year-old-cyclops-ancestor/articleshow/132655441.cms
2026-08-16 20:30:05,284 - INFO - [Economic Times] Attempt 1/2: Trying with 'requests_browser' strategy...
2026-08-16 20:30:05,584 - INFO - [Economic Times] Success with 'requests_browser'. Found content (593 words).
2026-08-16 20:30:05,609 - INFO - [Al Jazeera] Early skip: URL https://www.aljazeera.com/news/2026/8/16/hurricane-lala-weakens-to-a-tropical-storm-but-flooding-persists-in-hawaii?traffic_source=rss already exists.
2026-08-16 20:30:05,616 - INFO - [Al Jazeera] Early skip: URL https://www.aljazeera.com/video/talk-to-al-jazeera/2026/8/16/the-mediterranean-is-a-bridge-not-a?traffic_source=rss already exists.
2026-08-16 20:30:05,618 - INFO - [Al Jazeera] Article: https://www.aljazeera.com/video/newsfeed/2026/8/16/ben-gvir-calls-for-nightly-killings-of-palestinians-in-gaza?traffic_source=rss
2026-08-16 20:30:05,618 - INFO - [Al Jazeera] Attempt 1/2: Trying with 'requests_browser' strategy...
2026-08-16 20:30:05,735 - WARNING - [Al Jazeera] FAILED with 'requests_browser' (content was too short: 65 words).
2026-08-16 20:30:07,601 - INFO - [Al Jazeera] Article: https://www.aljazeera.com/video/newsfeed/2026/8/16/ben-gvir-calls-for-nightly-killings-of-palestinians-in-gaza?traffic_source=rss
2026-08-16 20:30:08,499 - ERROR - Error saving article Humans have a 'third eye' in the brain: Study links it to a 600-million-year-old Cyclops ancestor - The Economic Times: Hrana: `stream error: `Error { message: "SQLite error: UNIQUE constraint failed: articles.url", code: "SQLITE_CONSTRAINT" }``
2026-08-16 20:30:08,500 - INFO - [Al Jazeera] Attempt 2/2: Trying with 'selenium_browser' strategy...
2026-08-16 20:30:08,518 - INFO - [Wired] Page content loaded.
2026-08-16 20:30:08,595 - WARNING - [The Hindu] Page explicit wait timed out (3s). Proceeding anyway.
2026-08-16 20:30:09,013 - INFO - [Wired] Success with 'selenium_browser'. Found content (727 words).
2026-08-16 20:30:09,054 - INFO - [Economic Times] Article: https://economictimes.indiatimes.com/news/new-updates/1500-ships-trapped-in-gulf-of-hormuz-is-quietly-multiplying-an-underwater-army-that-could-unleash-worlds-biggest-bioinvasion-event/articleshow/132595366.cms
2026-08-16 20:30:09,055 - INFO - [Economic Times] Attempt 1/2: Trying with 'requests_browser' strategy...
2026-08-16 20:30:11,913 - ERROR - Error saving article Babbel Promo Code: Up to 65% Off in August 2026 | WIRED: Hrana: `stream error: `Error { message: "SQLite error: UNIQUE constraint failed: articles.url", code: "SQLITE_CONSTRAINT" }``
2026-08-16 20:30:11,923 - INFO - [Al Jazeera] Page content loaded.
2026-08-16 20:30:11,958 - INFO - [Economic Times] Success with 'requests_browser'. Found content (687 words).
2026-08-16 20:30:12,066 - WARNING - [Al Jazeera] FAILED with 'selenium_browser' (content was too short: 69 words).
2026-08-16 20:30:12,066 - ERROR - [Al Jazeera] All scrape strategies failed for https://www.aljazeera.com/video/newsfeed/2026/8/16/ben-gvir-calls-for-nightly-killings-of-palestinians-in-gaza?traffic_source=rss. Falling back to RSS description.
2026-08-16 20:30:12,066 - WARNING - SKIPPED (GLOBAL WORD LIMIT): Article 'Ben-Gvir calls for nightly killings of Palestinians in Gaza' from Al Jazeera has only 14 words (Min: 90).
2026-08-16 20:30:13,476 - INFO - [Wired] Article: https://www.wired.com/story/acer-promo-code/
2026-08-16 20:30:13,477 - INFO - [Al Jazeera] Early skip: URL https://www.aljazeera.com/news/2026/8/16/what-is-tokyos-yasukuni-shrine-linked-to-japans-wartime-atrocities?traffic_source=rss already exists.
2026-08-16 20:30:13,923 - INFO - [Wired] Attempt 1/2: Trying with 'requests_browser' strategy...
2026-08-16 20:30:14,822 - ERROR - Error saving article 1,500 ships trapped in Gulf of Hormuz are quietly multiplying an underwater army that could unleash World's biggest bioinvasion event - The Economic Times: Hrana: `stream error: `Error { message: "SQLite error: UNIQUE constraint failed: articles.url", code: "SQLITE_CONSTRAINT" }``
2026-08-16 20:30:14,823 - INFO - [Al Jazeera] Article: https://www.aljazeera.com/video/newsfeed/2026/8/16/who-is-dei-critic-and-jason-arday-accuser-nathan-cofnas?traffic_source=rss
2026-08-16 20:30:14,823 - INFO - [Al Jazeera] Attempt 1/2: Trying with 'requests_browser' strategy...
2026-08-16 20:30:14,870 - WARNING - [Al Jazeera] FAILED with 'requests_browser' (content was too short: 54 words).
2026-08-16 20:30:14,907 - ERROR - parsed tree length: 1, wrong data type or not valid HTML
2026-08-16 20:30:14,907 - ERROR - empty HTML tree: None
2026-08-16 20:30:14,908 - WARNING - discarding data: None
2026-08-16 20:30:14,908 - WARNING - [Wired] FAILED with 'requests_browser' (content was too short: 0 words).
2026-08-16 20:30:15,458 - INFO - [Wired] Article: https://www.wired.com/story/acer-promo-code/
2026-08-16 20:30:15,458 - INFO - [Wired] Attempt 2/2: Trying with 'selenium_browser' strategy...
2026-08-16 20:30:15,511 - INFO - [Economic Times] Article: https://economictimes.indiatimes.com/news/new-updates/argentina-vs-spain-fifa-world-cup-final-to-be-replayed-petition-for-a-rematch-crosses-60000-signatures/articleshow/132576024.cms
2026-08-16 20:30:15,512 - INFO - [Economic Times] Attempt 1/2: Trying with 'requests_browser' strategy...
2026-08-16 20:30:15,606 - ERROR - [The Hindu] Request failed for strategy 'selenium_browser' on URL https://www.thehindu.com/news/national/andhra-pradesh/cpim-stages-black-day-protest-over-closure-of-vizag-airport/article71352616.ece: Message: timeout: Timed out receiving message from renderer: 7.000
  (Session info: chrome=152.0.7977.42)
Stacktrace:
#0 0x5649577602ca <unknown>
#1 0x5649570c3b39 <unknown>
#2 0x5649570ab5bb <unknown>
#3 0x5649570ab236 <unknown>
#4 0x5649570a8e18 <unknown>
#5 0x5649570a979f <unknown>
#6 0x5649570b8880 <unknown>
#7 0x5649570d27b7 <unknown>
#8 0x5649570da19b <unknown>
#9 0x5649570a9ef9 <unknown>
#10 0x5649570d2512 <unknown>
#11 0x564957161b26 <unknown>
#12 0x56495710cecb <unknown>
#13 0x56495710dcb1 <unknown>
#14 0x5649577247f0 <unknown>
#15 0x564957722e6a <unknown>
#16 0x56495770dbb5 <unknown>
#17 0x564957723b2a <unknown>
#18 0x5649576f6df0 <unknown>
#19 0x56495774b238 <unknown>
#20 0x56495774b3d5 <unknown>
#21 0x56495775ee53 <unknown>
#22 0x7f6ab469cb84 <unknown>
#23 0x7f6ab4729d6c <unknown>

2026-08-16 20:30:15,606 - ERROR - [The Hindu] All scrape strategies failed for https://www.thehindu.com/news/national/andhra-pradesh/cpim-stages-black-day-protest-over-closure-of-vizag-airport/article71352616.ece. Falling back to RSS description.
2026-08-16 20:30:15,606 - WARNING - SKIPPED (GLOBAL WORD LIMIT): Article 'CPI(M) stages ‘Black Day’ protest over closure of Vizag airport' from The Hindu has only 3 words (Min: 90).
2026-08-16 20:30:15,612 - INFO - [Al Jazeera] Article: https://www.aljazeera.com/video/newsfeed/2026/8/16/who-is-dei-critic-and-jason-arday-accuser-nathan-cofnas?traffic_source=rss
2026-08-16 20:30:15,612 - INFO - [Al Jazeera] Attempt 2/2: Trying with 'selenium_browser' strategy...
2026-08-16 20:30:16,023 - INFO - [Economic Times] Success with 'requests_browser'. Found content (228 words).
2026-08-16 20:30:16,169 - INFO - [The Hindu] Early skip: URL https://www.thehindu.com/news/national/uttar-pradesh/bjp-plans-to-provide-stolen-money-to-women-as-allowance-akhilesh-yadav/article71353081.ece already exists.
2026-08-16 20:30:16,171 - INFO - [The Hindu] Early skip: URL https://www.thehindu.com/news/national/karnataka/child-seriously-injured-after-falling-from-second-floor/article71352431.ece already exists.
2026-08-16 20:30:16,173 - INFO - [The Hindu] Early skip: URL https://www.thehindu.com/news/national/bihar/sir-helped-bihar-achieve-record-poll-turnout-says-cec-gyanesh-kumar/article71353671.ece already exists.
2026-08-16 20:30:16,174 - INFO - [The Hindu] Article: https://www.thehindu.com/news/national/tamil-nadu/student-death-over-drugs-very-painful-vice-president/article71353071.ece
2026-08-16 20:30:16,175 - INFO - [The Hindu] Attempt 1/1: Trying with 'selenium_browser' strategy...
2026-08-16 20:30:18,922 - ERROR - Error saving article Argentina vs Spain FIFA World Cup Final to be replayed? Petition for a rematch crosses 60,000 signatures - The Economic Times: Hrana: `stream error: `Error { message: "SQLite error: UNIQUE constraint failed: articles.url", code: "SQLITE_CONSTRAINT" }``
2026-08-16 20:30:18,939 - INFO - [Wired] Page content loaded.
2026-08-16 20:30:19,158 - INFO - [Al Jazeera] Page content loaded.
2026-08-16 20:30:19,242 - WARNING - [Al Jazeera] FAILED with 'selenium_browser' (content was too short: 58 words).
2026-08-16 20:30:19,242 - ERROR - [Al Jazeera] All scrape strategies failed for https://www.aljazeera.com/video/newsfeed/2026/8/16/who-is-dei-critic-and-jason-arday-accuser-nathan-cofnas?traffic_source=rss. Falling back to RSS description.
2026-08-16 20:30:19,242 - WARNING - SKIPPED (GLOBAL WORD LIMIT): Article 'Who is DEI critic and Jason Arday accuser, Nathan Cofnas?' from Al Jazeera has only 14 words (Min: 90).
2026-08-16 20:30:19,280 - INFO - [Wired] Success with 'selenium_browser'. Found content (835 words).
2026-08-16 20:30:20,763 - INFO - [Al Jazeera] Article: https://www.aljazeera.com/video/newsfeed/2026/8/16/patients-treated-in-tents-after-earthquake-damages-indonesia-hospital?traffic_source=rss
2026-08-16 20:30:20,764 - INFO - [Al Jazeera] Attempt 1/2: Trying with 'requests_browser' strategy...
2026-08-16 20:30:20,765 - INFO - [Economic Times] Article: https://economictimes.indiatimes.com/news/new-updates/he-baked-potato-in-aluminium-foil-and-ate-it-next-morning-after-microwaving-it-hours-later-he-was-paralysed-doctor-explains-why/articleshow/132574269.cms
2026-08-16 20:30:20,765 - INFO - [Economic Times] Attempt 1/2: Trying with 'requests_browser' strategy...
2026-08-16 20:30:22,114 - ERROR - Error saving article Acer Promo Codes: 40% Off | WIRED: Hrana: `stream error: `Error { message: "SQLite error: UNIQUE constraint failed: articles.url", code: "SQLITE_CONSTRAINT" }``
2026-08-16 20:30:22,139 - WARNING - [Al Jazeera] FAILED with 'requests_browser' (content was too short: 58 words).
2026-08-16 20:30:22,159 - INFO - [Economic Times] Success with 'requests_browser'. Found content (558 words).
2026-08-16 20:30:24,084 - INFO - [Al Jazeera] Article: https://www.aljazeera.com/video/newsfeed/2026/8/16/patients-treated-in-tents-after-earthquake-damages-indonesia-hospital?traffic_source=rss
2026-08-16 20:30:24,084 - INFO - [Wired] Early skip: URL https://www.wired.com/story/openai-safety-security-ai-agents-culture/ already exists.
2026-08-16 20:30:24,085 - INFO - [Al Jazeera] Attempt 2/2: Trying with 'selenium_browser' strategy...
2026-08-16 20:30:24,087 - INFO - [Wired] Early skip: URL https://www.wired.com/story/mark-zuckerbergs-ai-manifesto-is-6500-words-and-barely-says-anything/ already exists.
2026-08-16 20:30:24,995 - INFO - [Wired] Early skip: URL https://www.wired.com/story/the-painful-truth-of-exactly-how-ice-new-shock-gloves-actually-work/ already exists.
2026-08-16 20:30:24,995 - ERROR - Error saving article He baked potato in aluminium foil, and ate it next morning after microwaving. Hours later, he was paralysed, doctor explains why - The Economic Times: Hrana: `stream error: `Error { message: "SQLite error: UNIQUE constraint failed: articles.url", code: "SQLITE_CONSTRAINT" }``
2026-08-16 20:30:24,996 - INFO - [Wired] Early skip: URL https://www.wired.com/story/novig-says-its-not-like-those-other-prediction-markets/ already exists.
2026-08-16 20:30:24,997 - INFO - [Wired] Early skip: URL https://www.wired.com/gallery/best-samsung-s26-cases-and-accessories/ already exists.
2026-08-16 20:30:24,999 - INFO - [Wired] Early skip: URL https://www.wired.com/story/google-pixelsnap-charger-and-stand-50-percent-off/ already exists.
2026-08-16 20:30:25,000 - INFO - [Wired] Early skip: URL https://www.wired.com/story/heat-wave-schizophrenia/ already exists.
2026-08-16 20:30:25,001 - INFO - [Wired] Early skip: URL https://www.wired.com/story/the-best-android-tablets/ already exists.
2026-08-16 20:30:25,004 - INFO - [Wired] Early skip: URL https://www.wired.com/gallery/best-cooling-mattress/ already exists.
2026-08-16 20:30:25,006 - INFO - [Wired] (Thread) Finished. Attempting to shut down its Selenium driver.
2026-08-16 20:30:25,158 - INFO - [Wired] (Thread) driver.quit() successful.
2026-08-16 20:30:25,682 - INFO - [Al Jazeera] Page content loaded.
2026-08-16 20:30:25,712 - INFO - [Economic Times] Article: https://economictimes.indiatimes.com/news/elections/assembly-elections/assam/done-deal-cm-himanta-biswa-sarma-on-nda-seat-sharing-for-assam-polls/articleshow/128678098.cms
2026-08-16 20:30:25,712 - INFO - [Economic Times] Attempt 1/2: Trying with 'requests_browser' strategy...
2026-08-16 20:30:25,798 - WARNING - [Al Jazeera] FAILED with 'selenium_browser' (content was too short: 62 words).
2026-08-16 20:30:25,798 - ERROR - [Al Jazeera] All scrape strategies failed for https://www.aljazeera.com/video/newsfeed/2026/8/16/patients-treated-in-tents-after-earthquake-damages-indonesia-hospital?traffic_source=rss. Falling back to RSS description.
2026-08-16 20:30:25,798 - WARNING - SKIPPED (GLOBAL WORD LIMIT): Article 'Patients treated in tents after earthquake damages Indonesia hospital' from Al Jazeera has only 9 words (Min: 90).
2026-08-16 20:30:26,091 - INFO - [Economic Times] Success with 'requests_browser'. Found content (518 words).
2026-08-16 20:30:27,686 - INFO - [Al Jazeera] Early skip: URL https://www.aljazeera.com/news/2026/8/16/houthis-launch-new-attacks-on-al-makha-and-marib-as-yemen-conflict-escalates?traffic_source=rss already exists.
2026-08-16 20:30:29,032 - INFO - [Al Jazeera] Early skip: URL https://www.aljazeera.com/gallery/2026/8/16/timeline-the-one-week-siege-of-qusra-by-israeli-settlers-in-the-west-bank?traffic_source=rss already exists.
2026-08-16 20:30:29,032 - ERROR - Error saving article 'Done deal': CM Himanta Biswa Sarma on NDA seat-sharing for Assam polls - The Economic Times: Hrana: `stream error: `Error { message: "SQLite error: UNIQUE constraint failed: articles.url", code: "SQLITE_CONSTRAINT" }``
2026-08-16 20:30:29,033 - INFO - [Al Jazeera] Early skip: URL https://www.aljazeera.com/news/2026/8/16/belgiums-largest-wildfire-on-record-spreads-towards-german-border?traffic_source=rss already exists.
2026-08-16 20:30:29,034 - INFO - [Al Jazeera] Early skip: URL https://www.aljazeera.com/news/2026/8/16/spearhead-of-annexation-israel-hands-west-bank-rule-to-civilian-police?traffic_source=rss already exists.
2026-08-16 20:30:29,036 - INFO - [Al Jazeera] Early skip: URL https://www.aljazeera.com/news/2026/8/16/limited-options-for-many-iranians-as-war-with-us-chokes-economy?traffic_source=rss already exists.
2026-08-16 20:30:29,037 - INFO - [Al Jazeera] Early skip: URL https://www.aljazeera.com/news/2026/8/16/trump-threatens-to-make-the-strait-of-hormuz-a-us-territory-can-he?traffic_source=rss already exists.
2026-08-16 20:30:29,039 - INFO - [Al Jazeera] (Thread) Finished. Attempting to shut down its Selenium driver.
2026-08-16 20:30:29,207 - INFO - [Al Jazeera] (Thread) driver.quit() successful.
2026-08-16 20:30:30,456 - INFO - [Economic Times] Article: https://economictimes.indiatimes.com/news/elections/assembly-elections/bihar/rare-intensive-revision-in-bihar-four-months-before-polls/articleshow/122167501.cms
2026-08-16 20:30:30,456 - INFO - [Economic Times] Attempt 1/2: Trying with 'requests_browser' strategy...
2026-08-16 20:30:30,773 - INFO - [Economic Times] Success with 'requests_browser'. Found content (864 words).
2026-08-16 20:30:32,256 - WARNING - [The Hindu] Page get timed out (7s). Proceeding to grab partial source anyway.
2026-08-16 20:30:33,606 - ERROR - Error saving article Rare 'intensive' revision in Bihar four months before polls - The Economic Times: Hrana: `stream error: `Error { message: "SQLite error: UNIQUE constraint failed: articles.url", code: "SQLITE_CONSTRAINT" }``
2026-08-16 20:30:34,704 - INFO - [Economic Times] Article: https://economictimes.indiatimes.com/news/elections/assembly-elections/delhi/bjp-accuses-kejriwal-of-sending-voters-hoax-calls-to-mislead/articleshow/117579007.cms
2026-08-16 20:30:34,704 - INFO - [Economic Times] Attempt 1/2: Trying with 'requests_browser' strategy...
2026-08-16 20:30:34,977 - INFO - [Economic Times] Success with 'requests_browser'. Found content (550 words).
2026-08-16 20:30:37,781 - ERROR - Error saving article BJP accuses Kejriwal of sending voters hoax calls to mislead - The Economic Times: Hrana: `stream error: `Error { message: "SQLite error: UNIQUE constraint failed: articles.url", code: "SQLITE_CONSTRAINT" }``
2026-08-16 20:30:38,596 - INFO - [Economic Times] Article: https://economictimes.indiatimes.com/news/elections/lok-sabha/india/lok-sabha-election-2024-maharashtra-get-interesting-after-splits-in-shiv-sena-ncp/articleshow/108559788.cms
2026-08-16 20:30:38,597 - INFO - [Economic Times] Attempt 1/2: Trying with 'requests_browser' strategy...
2026-08-16 20:30:38,862 - INFO - [Economic Times] Success with 'requests_browser'. Found content (1442 words).
2026-08-16 20:30:40,623 - WARNING - [The Hindu] Page explicit wait timed out (3s). Proceeding anyway.
2026-08-16 20:30:41,966 - ERROR - Error saving article Lok Sabha election 2024: Maharashtra get interesting after splits in Shiv Sena, NCP - The Economic Times: Hrana: `stream error: `Error { message: "SQLite error: UNIQUE constraint failed: articles.url", code: "SQLITE_CONSTRAINT" }``
2026-08-16 20:30:42,618 - INFO - [Economic Times] Article: https://economictimes.indiatimes.com/news/elections/lok-sabha/india/modi-charisma-key-factor-in-bjps-bid-to-retain-all-26-seats-in-gujarat/articleshow/108550858.cms
2026-08-16 20:30:42,619 - INFO - [Economic Times] Attempt 1/2: Trying with 'requests_browser' strategy...
2026-08-16 20:30:42,883 - INFO - [Economic Times] Success with 'requests_browser'. Found content (838 words).
2026-08-16 20:30:45,693 - ERROR - Error saving article Modi charisma key factor in BJP's bid to retain all 26 seats in Gujarat - The Economic Times: Hrana: `stream error: `Error { message: "SQLite error: UNIQUE constraint failed: articles.url", code: "SQLITE_CONSTRAINT" }``
2026-08-16 20:30:47,030 - INFO - [Economic Times] Article: https://economictimes.indiatimes.com/news/elections/lok-sabha/india/implementation-of-guarantees-decline-of-brs-favour-congress-in-telangana-bjp-aiming-for-better-show/articleshow/108548569.cms
2026-08-16 20:30:47,031 - INFO - [Economic Times] Attempt 1/2: Trying with 'requests_browser' strategy...
2026-08-16 20:30:47,323 - INFO - [Economic Times] Success with 'requests_browser'. Found content (1272 words).
2026-08-16 20:30:48,783 - ERROR - [The Hindu] Request failed for strategy 'selenium_browser' on URL https://www.thehindu.com/news/national/tamil-nadu/student-death-over-drugs-very-painful-vice-president/article71353071.ece: Message: timeout: Timed out receiving message from renderer: 7.000
  (Session info: chrome=152.0.7977.42)
Stacktrace:
#0 0x5649577602ca <unknown>
#1 0x5649570c3b39 <unknown>
#2 0x5649570ab5bb <unknown>
#3 0x5649570ab236 <unknown>
#4 0x5649570a8e18 <unknown>
#5 0x5649570a979f <unknown>
#6 0x5649570b8880 <unknown>
#7 0x5649570d27b7 <unknown>
#8 0x5649570da19b <unknown>
#9 0x5649570a9ef9 <unknown>
#10 0x5649570d2512 <unknown>
#11 0x564957161b26 <unknown>
#12 0x56495710cecb <unknown>
#13 0x56495710dcb1 <unknown>
#14 0x5649577247f0 <unknown>
#15 0x564957722e6a <unknown>
#16 0x56495770dbb5 <unknown>
#17 0x564957723b2a <unknown>
#18 0x5649576f6df0 <unknown>
#19 0x56495774b238 <unknown>
#20 0x56495774b3d5 <unknown>
#21 0x56495775ee53 <unknown>
#22 0x7f6ab469cb84 <unknown>
#23 0x7f6ab4729d6c <unknown>

2026-08-16 20:30:49,231 - ERROR - [The Hindu] All scrape strategies failed for https://www.thehindu.com/news/national/tamil-nadu/student-death-over-drugs-very-painful-vice-president/article71353071.ece. Falling back to RSS description.
2026-08-16 20:30:49,231 - WARNING - SKIPPED (GLOBAL WORD LIMIT): Article 'Student death over drug menace painful: Vice-President' from The Hindu has only 15 words (Min: 90).
2026-08-16 20:30:50,131 - ERROR - Error saving article Implementation of 'guarantees', decline of BRS favour Congress in Telangana, BJP aiming for better show - The Economic Times: Hrana: `stream error: `Error { message: "SQLite error: UNIQUE constraint failed: articles.url", code: "SQLITE_CONSTRAINT" }``
2026-08-16 20:30:50,498 - INFO - [The Hindu] Early skip: URL https://www.thehindu.com/news/national/andhra-pradesh/imd-predicts-heavy-rainfall-in-5-districts-yanam-today/article71353350.ece already exists.
2026-08-16 20:30:50,500 - INFO - [The Hindu] Article: https://www.thehindu.com/news/national/only-those-who-support-maoists-separatists-are-dimagi-naxals-rijiju-after-oppositions-criticism/article71353198.ece
2026-08-16 20:30:50,500 - INFO - [The Hindu] Attempt 1/1: Trying with 'selenium_browser' strategy...
2026-08-16 20:30:51,127 - INFO - [Economic Times] Article: https://economictimes.indiatimes.com/traders-bet-on-calendar-spread-as-nifty-moves-in-a-tight-range/articleshow/6302358.cms
2026-08-16 20:30:51,127 - INFO - [Economic Times] Attempt 1/2: Trying with 'requests_browser' strategy...
2026-08-16 20:30:51,400 - ERROR - parsed tree length: 1, wrong data type or not valid HTML
2026-08-16 20:30:51,400 - ERROR - empty HTML tree: None
2026-08-16 20:30:51,400 - WARNING - discarding data: None
2026-08-16 20:30:51,401 - WARNING - [Economic Times] FAILED with 'requests_browser' (content was too short: 0 words).
2026-08-16 20:30:51,924 - INFO - [Economic Times] Article: https://economictimes.indiatimes.com/traders-bet-on-calendar-spread-as-nifty-moves-in-a-tight-range/articleshow/6302358.cms
2026-08-16 20:30:51,924 - INFO - [Economic Times] Attempt 2/2: Trying with 'selenium_browser' strategy...
2026-08-16 20:30:54,158 - INFO - [Economic Times] Page content loaded.
2026-08-16 20:30:54,343 - INFO - [Economic Times] Success with 'selenium_browser'. Found content (411 words).
2026-08-16 20:30:57,235 - ERROR - Error saving article Traders bet on calendar spread as Nifty moves in a tight range - The Economic Times: Hrana: `stream error: `Error { message: "SQLite error: UNIQUE constraint failed: articles.url", code: "SQLITE_CONSTRAINT" }``
2026-08-16 20:30:57,779 - INFO - [Economic Times] Article: https://economictimes.indiatimes.com/nifty-may-find-support-at-5300-level/articleshow/6296017.cms
2026-08-16 20:30:57,779 - INFO - [Economic Times] Attempt 1/2: Trying with 'requests_browser' strategy...
2026-08-16 20:30:58,048 - ERROR - parsed tree length: 1, wrong data type or not valid HTML
2026-08-16 20:30:58,049 - ERROR - empty HTML tree: None
2026-08-16 20:30:58,049 - WARNING - discarding data: None
2026-08-16 20:30:58,049 - WARNING - [Economic Times] FAILED with 'requests_browser' (content was too short: 0 words).
2026-08-16 20:30:58,842 - INFO - [Economic Times] Article: https://economictimes.indiatimes.com/nifty-may-find-support-at-5300-level/articleshow/6296017.cms
2026-08-16 20:30:58,843 - INFO - [Economic Times] Attempt 2/2: Trying with 'selenium_browser' strategy...
2026-08-16 20:31:00,343 - INFO - [Economic Times] Page content loaded.
2026-08-16 20:31:00,465 - INFO - [Economic Times] Success with 'selenium_browser'. Found content (411 words).
2026-08-16 20:31:03,364 - ERROR - Error saving article Nifty may find support at 5300 level - The Economic Times: Hrana: `stream error: `Error { message: "SQLite error: UNIQUE constraint failed: articles.url", code: "SQLITE_CONSTRAINT" }``
2026-08-16 20:31:04,520 - WARNING - [The Hindu] Page get timed out (7s). Proceeding to grab partial source anyway.
2026-08-16 20:31:04,655 - INFO - [Economic Times] Article: https://economictimes.indiatimes.com/seven-out-of-top-10-asian-small-cap-funds-are-indian/articleshow/6295976.cms
2026-08-16 20:31:04,655 - INFO - [Economic Times] Attempt 1/2: Trying with 'requests_browser' strategy...
2026-08-16 20:31:04,949 - ERROR - parsed tree length: 1, wrong data type or not valid HTML
2026-08-16 20:31:04,950 - ERROR - empty HTML tree: None
2026-08-16 20:31:04,950 - WARNING - discarding data: None
2026-08-16 20:31:04,950 - WARNING - [Economic Times] FAILED with 'requests_browser' (content was too short: 0 words).
2026-08-16 20:31:05,742 - INFO - [Economic Times] Article: https://economictimes.indiatimes.com/seven-out-of-top-10-asian-small-cap-funds-are-indian/articleshow/6295976.cms
2026-08-16 20:31:05,742 - INFO - [Economic Times] Attempt 2/2: Trying with 'selenium_browser' strategy...
2026-08-16 20:31:11,537 - WARNING - [The Hindu] Page explicit wait timed out (3s). Proceeding anyway.
2026-08-16 20:31:17,754 - INFO - [Economic Times] Page content loaded.
2026-08-16 20:31:17,921 - INFO - [Economic Times] Success with 'selenium_browser'. Found content (607 words).
2026-08-16 20:31:19,942 - ERROR - [The Hindu] Request failed for strategy 'selenium_browser' on URL https://www.thehindu.com/news/national/only-those-who-support-maoists-separatists-are-dimagi-naxals-rijiju-after-oppositions-criticism/article71353198.ece: Message: timeout: Timed out receiving message from renderer: 7.000
  (Session info: chrome=152.0.7977.42)
Stacktrace:
#0 0x5649577602ca <unknown>
#1 0x5649570c3b39 <unknown>
#2 0x5649570ab5bb <unknown>
#3 0x5649570ab236 <unknown>
#4 0x5649570a8e18 <unknown>
#5 0x5649570a979f <unknown>
#6 0x5649570b8880 <unknown>
#7 0x5649570d27b7 <unknown>
#8 0x5649570da19b <unknown>
#9 0x5649570a9ef9 <unknown>
#10 0x5649570d2512 <unknown>
#11 0x564957161b26 <unknown>
#12 0x56495710cecb <unknown>
#13 0x56495710dcb1 <unknown>
#14 0x5649577247f0 <unknown>
#15 0x564957722e6a <unknown>
#16 0x56495770dbb5 <unknown>
#17 0x564957723b2a <unknown>
#18 0x5649576f6df0 <unknown>
#19 0x56495774b238 <unknown>
#20 0x56495774b3d5 <unknown>
#21 0x56495775ee53 <unknown>
#22 0x7f6ab469cb84 <unknown>
#23 0x7f6ab4729d6c <unknown>

2026-08-16 20:31:19,942 - ERROR - [The Hindu] All scrape strategies failed for https://www.thehindu.com/news/national/only-those-who-support-maoists-separatists-are-dimagi-naxals-rijiju-after-oppositions-criticism/article71353198.ece. Falling back to RSS description.
2026-08-16 20:31:19,943 - WARNING - SKIPPED (GLOBAL WORD LIMIT): Article 'Chidambaram says he’s proud to be a ‘dimagi Naxal’; Rijiju says PM didn’t mean Opposition leaders' from The Hindu has only 36 words (Min: 90).
2026-08-16 20:31:20,842 - ERROR - Error saving article Seven out of top 10 Asian small-cap funds are Indian - The Economic Times: Hrana: `stream error: `Error { message: "SQLite error: UNIQUE constraint failed: articles.url", code: "SQLITE_CONSTRAINT" }``
2026-08-16 20:31:21,116 - INFO - [The Hindu] Early skip: URL https://www.thehindu.com/news/national/congress-rejects-shahs-vande-mataram-charge-calls-it-a-political-diversion/article71353192.ece already exists.
2026-08-16 20:31:21,117 - INFO - [The Hindu] Early skip: URL https://www.thehindu.com/news/national/kerala/crisis-deepens-as-service-shortage-hits-rail-passengers-from-north-kerala/article71352472.ece already exists.
2026-08-16 20:31:21,119 - INFO - [The Hindu] Early skip: URL https://www.thehindu.com/news/national/jharkhand/jharkhand-students-demand-congress-to-withdraw-support-from-jmm-coalition-cm-sorens-resignation/article71350761.ece already exists.
2026-08-16 20:31:21,120 - INFO - [The Hindu] Early skip: URL https://www.thehindu.com/news/national/kerala/police-launch-probe-after-national-anthem-vande-mataram-sung-simultaneously-at-kozhikode-corporation/article71352720.ece already exists.
2026-08-16 20:31:21,121 - INFO - [The Hindu] Early skip: URL https://www.thehindu.com/news/national/kerala/malayalam-varsity-student-launches-protest-over-alleged-cast-discrimination/article71353254.ece already exists.
2026-08-16 20:31:21,122 - INFO - [The Hindu] Early skip: URL https://www.thehindu.com/news/national/tamil-nadu/tn-cm-vijay-condemns-killing-of-three-tamils-by-karnataka-forest-dept-personnel/article71353665.ece already exists.
2026-08-16 20:31:21,123 - INFO - [The Hindu] Early skip: URL https://www.thehindu.com/news/national/tamil-nadu/a-uniform-50-increase-in-ls-seats-is-pulling-the-wool-over-someones-eyes-says-praveen-chakravarty/article71353328.ece already exists.
2026-08-16 20:31:21,125 - INFO - [The Hindu] Early skip: URL https://www.thehindu.com/news/national/jammu-and-kashmir/many-pdp-leaders-detained-for-bid-to-protest-seeking-insurance-for-hail-hit-apple-orchards-in-kashmir/article71353623.ece already exists.
2026-08-16 20:31:21,126 - INFO - [The Hindu] Early skip: URL https://www.thehindu.com/news/national/jammu-and-kashmir/no-private-data-sought-id-details-only-if-available-jk-ladakh-census-chief/article71353316.ece already exists.
2026-08-16 20:31:21,127 - INFO - [The Hindu] Early skip: URL https://www.thehindu.com/news/national/tamil-nadu/rejuvenation-of-irrigation-channels-ponds-to-begin-in-tamil-nadu-under-vb-g-ram-g-scheme/article71352224.ece already exists.
2026-08-16 20:31:21,128 - INFO - [The Hindu] Early skip: URL https://www.thehindu.com/news/national/cyber-crime-emerging-as-the-biggest-challenge-facing-police-senior-ips-officer/article71353369.ece already exists.
2026-08-16 20:31:21,129 - INFO - [The Hindu] Early skip: URL https://www.thehindu.com/news/national/west-bengal/congress-leaders-son-killed-in-nadia-district-of-west-bengal/article71353610.ece already exists.
2026-08-16 20:31:21,131 - INFO - [The Hindu] Early skip: URL https://www.thehindu.com/news/national/congress-holds-focus-group-discussions-with-students/article71353068.ece already exists.
2026-08-16 20:31:21,132 - INFO - [The Hindu] Early skip: URL https://www.thehindu.com/news/national/tamil-nadu/annamalailevels-graft-charges-against-some-tamil-nadu-ministers-claims-to-have-audio-clip/article71353265.ece already exists.
2026-08-16 20:31:21,133 - INFO - [The Hindu] Early skip: URL https://www.thehindu.com/news/national/telangana/devadula-phase-vi-will-be-completed-by-dec-2028-to-benefit-tungaturthi-uttam-kumar-reddy/article71349515.ece already exists.
2026-08-16 20:31:21,135 - INFO - [The Hindu] Article: https://www.thehindu.com/news/national/telangana/residents-protest-delay-in-teegalaguttapalli-rob-works-in-karimnagar/article71353587.ece
2026-08-16 20:31:21,135 - INFO - [The Hindu] Attempt 1/1: Trying with 'selenium_browser' strategy...
2026-08-16 20:31:22,342 - INFO - [Economic Times] Article: https://economictimes.indiatimes.com/inflation-reflects-growth-dynamics-in-india-christopher-wood/articleshow/6274053.cms
2026-08-16 20:31:22,342 - INFO - [Economic Times] Attempt 1/2: Trying with 'requests_browser' strategy...
2026-08-16 20:31:22,687 - ERROR - parsed tree length: 1, wrong data type or not valid HTML
2026-08-16 20:31:22,687 - ERROR - empty HTML tree: None
2026-08-16 20:31:22,687 - WARNING - discarding data: None
2026-08-16 20:31:22,687 - WARNING - [Economic Times] FAILED with 'requests_browser' (content was too short: 0 words).
2026-08-16 20:31:23,374 - INFO - [Economic Times] Article: https://economictimes.indiatimes.com/inflation-reflects-growth-dynamics-in-india-christopher-wood/articleshow/6274053.cms
2026-08-16 20:31:23,375 - INFO - [Economic Times] Attempt 2/2: Trying with 'selenium_browser' strategy...
2026-08-16 20:31:25,182 - INFO - [Economic Times] Page content loaded.
2026-08-16 20:31:25,376 - INFO - [Economic Times] Success with 'selenium_browser'. Found content (4520 words).
2026-08-16 20:31:28,292 - ERROR - Error saving article Inflation reflects growth dynamics in India: Christopher Wood - The Economic Times: Hrana: `stream error: `Error { message: "SQLite error: UNIQUE constraint failed: articles.url", code: "SQLITE_CONSTRAINT" }``
2026-08-16 20:31:29,008 - INFO - [Economic Times] Article: https://economictimes.indiatimes.com/market-may-trade-in-a-range-but-fiis-seen-sold-on-india/articleshow/6277705.cms
2026-08-16 20:31:29,008 - INFO - [Economic Times] Attempt 1/2: Trying with 'requests_browser' strategy...
2026-08-16 20:31:29,290 - ERROR - parsed tree length: 1, wrong data type or not valid HTML
2026-08-16 20:31:29,290 - ERROR - empty HTML tree: None
2026-08-16 20:31:29,290 - WARNING - discarding data: None
2026-08-16 20:31:29,290 - WARNING - [Economic Times] FAILED with 'requests_browser' (content was too short: 0 words).
2026-08-16 20:31:30,227 - INFO - [Economic Times] Article: https://economictimes.indiatimes.com/market-may-trade-in-a-range-but-fiis-seen-sold-on-india/articleshow/6277705.cms
2026-08-16 20:31:30,227 - INFO - [Economic Times] Attempt 2/2: Trying with 'selenium_browser' strategy...
2026-08-16 20:31:32,081 - INFO - [Economic Times] Page content loaded.
2026-08-16 20:31:32,247 - INFO - [Economic Times] Success with 'selenium_browser'. Found content (432 words).
2026-08-16 20:31:35,111 - ERROR - Error saving article Market may trade in a range, but FIIs seen sold on India - The Economic Times: Hrana: `stream error: `Error { message: "SQLite error: UNIQUE constraint failed: articles.url", code: "SQLITE_CONSTRAINT" }``
2026-08-16 20:31:35,301 - WARNING - [The Hindu] Page get timed out (7s). Proceeding to grab partial source anyway.
2026-08-16 20:31:36,407 - INFO - [Economic Times] Article: https://economictimes.indiatimes.com/dont-bank-only-on-price-to-earning-ratio/articleshow/6278228.cms
2026-08-16 20:31:36,407 - INFO - [Economic Times] Attempt 1/2: Trying with 'requests_browser' strategy...
2026-08-16 20:31:36,698 - ERROR - parsed tree length: 1, wrong data type or not valid HTML
2026-08-16 20:31:36,698 - ERROR - empty HTML tree: None
2026-08-16 20:31:36,699 - WARNING - discarding data: None
2026-08-16 20:31:36,699 - WARNING - [Economic Times] FAILED with 'requests_browser' (content was too short: 0 words).
2026-08-16 20:31:37,687 - INFO - [Economic Times] Article: https://economictimes.indiatimes.com/dont-bank-only-on-price-to-earning-ratio/articleshow/6278228.cms
2026-08-16 20:31:37,688 - INFO - [Economic Times] Attempt 2/2: Trying with 'selenium_browser' strategy...
2026-08-16 20:31:39,117 - INFO - [Economic Times] Page content loaded.
2026-08-16 20:31:39,367 - INFO - [Economic Times] Success with 'selenium_browser'. Found content (447 words).
2026-08-16 20:31:42,265 - ERROR - Error saving article 'Don't bank only on price-to-earning ratio' - The Economic Times: Hrana: `stream error: `Error { message: "SQLite error: UNIQUE constraint failed: articles.url", code: "SQLITE_CONSTRAINT" }``
2026-08-16 20:31:42,310 - WARNING - [The Hindu] Page explicit wait timed out (3s). Proceeding anyway.
2026-08-16 20:31:42,793 - INFO - [Economic Times] Article: https://economictimes.indiatimes.com/markets/stocks/recos/prabhudas-lilladher-has-a-reduce-rating-on-infosys/articleshow/3798718.cms
2026-08-16 20:31:42,793 - INFO - [Economic Times] Attempt 1/2: Trying with 'requests_browser' strategy...
2026-08-16 20:31:43,051 - ERROR - parsed tree length: 1, wrong data type or not valid HTML
2026-08-16 20:31:43,051 - ERROR - empty HTML tree: None
2026-08-16 20:31:43,051 - WARNING - discarding data: None
2026-08-16 20:31:43,051 - WARNING - [Economic Times] FAILED with 'requests_browser' (content was too short: 0 words).
2026-08-16 20:31:43,560 - INFO - [Economic Times] Article: https://economictimes.indiatimes.com/markets/stocks/recos/prabhudas-lilladher-has-a-reduce-rating-on-infosys/articleshow/3798718.cms
2026-08-16 20:31:43,560 - INFO - [Economic Times] Attempt 2/2: Trying with 'selenium_browser' strategy...
2026-08-16 20:31:45,541 - INFO - [Economic Times] Page content loaded.
2026-08-16 20:31:45,713 - INFO - [Economic Times] Success with 'selenium_browser'. Found content (259 words).
2026-08-16 20:31:48,600 - ERROR - Error saving article Prabhudas Lilladher has a ‘reduce’ rating on Infosys - The Economic Times: Hrana: `stream error: `Error { message: "SQLite error: UNIQUE constraint failed: articles.url", code: "SQLITE_CONSTRAINT" }``
2026-08-16 20:31:49,319 - ERROR - [The Hindu] Request failed for strategy 'selenium_browser' on URL https://www.thehindu.com/news/national/telangana/residents-protest-delay-in-teegalaguttapalli-rob-works-in-karimnagar/article71353587.ece: Message: timeout: Timed out receiving message from renderer: 7.000
  (Session info: chrome=152.0.7977.42)
Stacktrace:
#0 0x5649577602ca <unknown>
#1 0x5649570c3b39 <unknown>
#2 0x5649570ab5bb <unknown>
#3 0x5649570ab236 <unknown>
#4 0x5649570a8e18 <unknown>
#5 0x5649570a979f <unknown>
#6 0x5649570b8880 <unknown>
#7 0x5649570d27b7 <unknown>
#8 0x5649570da19b <unknown>
#9 0x5649570a9ef9 <unknown>
#10 0x5649570d2512 <unknown>
#11 0x564957161b26 <unknown>
#12 0x56495710cecb <unknown>
#13 0x56495710dcb1 <unknown>
#14 0x5649577247f0 <unknown>
#15 0x564957722e6a <unknown>
#16 0x56495770dbb5 <unknown>
#17 0x564957723b2a <unknown>
#18 0x5649576f6df0 <unknown>
#19 0x56495774b238 <unknown>
#20 0x56495774b3d5 <unknown>
#21 0x56495775ee53 <unknown>
#22 0x7f6ab469cb84 <unknown>
#23 0x7f6ab4729d6c <unknown>

2026-08-16 20:31:49,319 - ERROR - [The Hindu] All scrape strategies failed for https://www.thehindu.com/news/national/telangana/residents-protest-delay-in-teegalaguttapalli-rob-works-in-karimnagar/article71353587.ece. Falling back to RSS description.
2026-08-16 20:31:49,319 - WARNING - SKIPPED (GLOBAL WORD LIMIT): Article 'Residents protest delay in Teegalaguttapalli ROB works in Karimnagar' from The Hindu has only 3 words (Min: 90).
2026-08-16 20:31:49,392 - INFO - [Economic Times] Article: https://economictimes.indiatimes.com/markets/stocks/recos/fin-crisis-too-late-and-too-little-done-in-us/articleshow/3794549.cms
2026-08-16 20:31:49,393 - INFO - [Economic Times] Attempt 1/2: Trying with 'requests_browser' strategy...
2026-08-16 20:31:49,637 - ERROR - parsed tree length: 1, wrong data type or not valid HTML
2026-08-16 20:31:49,637 - ERROR - empty HTML tree: None
2026-08-16 20:31:49,637 - WARNING - discarding data: None
2026-08-16 20:31:49,637 - WARNING - [Economic Times] FAILED with 'requests_browser' (content was too short: 0 words).
2026-08-16 20:31:50,218 - INFO - [The Hindu] Early skip: URL https://www.thehindu.com/news/national/tamil-nadu/many-initiatives-in-the-pipeline-to-transform-tourism-sector-in-tamil-nadu-say-ministers/article71353558.ece already exists.
2026-08-16 20:31:50,220 - INFO - [The Hindu] Early skip: URL https://www.thehindu.com/news/cities/Delhi/jnu-vice-chancellor-terms-allegations-of-irregularities-in-recruitment-a-malicious-campaign/article71353126.ece already exists.
2026-08-16 20:31:50,221 - INFO - [The Hindu] Early skip: URL https://www.thehindu.com/news/national/andhra-pradesh/eleven/article71353615.ece already exists.
2026-08-16 20:31:50,222 - INFO - [The Hindu] Early skip: URL https://www.thehindu.com/news/national/telangana/new-coal-blocks-to-further-strengthen-sccl-says-cmd/article71350382.ece already exists.
2026-08-16 20:31:50,223 - INFO - [The Hindu] Early skip: URL https://www.thehindu.com/news/cities/Visakhapatnam/why-the-visakhapatnam-airport-shut-and-what-still-flies-from-ins-dega/article71352471.ece already exists.
2026-08-16 20:31:50,225 - INFO - [The Hindu] Early skip: URL https://www.thehindu.com/news/national/telangana/traffic-around-kbr-park-goes-one-way-with-10-u-turn-points-and-13-exits-from-august-18/article71353309.ece already exists.
2026-08-16 20:31:50,226 - INFO - [The Hindu] Early skip: URL https://www.thehindu.com/news/cities/Hyderabad/we-were-never-seen-as-a-mind-only-as-a-vote-neha-bora-on-indias-student-resistance-and-the-fight-for-democracy/article71353537.ece already exists.
2026-08-16 20:31:50,227 - INFO - [The Hindu] Early skip: URL https://www.thehindu.com/news/national/telangana/khammam-ccs-police-arrest-two-for-tampering-with-forest-permits/article71353250.ece already exists.
2026-08-16 20:31:50,228 - INFO - [The Hindu] Early skip: URL https://www.thehindu.com/news/national/karnataka/bjp-demands-judicial-inquiry-into-killing-of-three-persons/article71353197.ece already exists.
2026-08-16 20:31:50,229 - INFO - [The Hindu] Early skip: URL https://www.thehindu.com/news/national/telangana/two-of-pardhi-gang-arrested-for-11-house-burglaries-across-telangana/article71353175.ece already exists.
2026-08-16 20:31:50,231 - INFO - [The Hindu] Early skip: URL https://www.thehindu.com/news/national/andhra-pradesh/ysrcp-demands-immediate-reinstatement-of-suspended-teachers/article71352983.ece already exists.
2026-08-16 20:31:50,232 - INFO - [The Hindu] Early skip: URL https://www.thehindu.com/news/national/andhra-pradesh/state-draws-inspiration-from-freedom-fighter-gouthu-latchannas-ideals-say-ministers/article71353454.ece already exists.
2026-08-16 20:31:50,233 - INFO - [The Hindu] Early skip: URL https://www.thehindu.com/news/national/telangana/nmdc-marks-5315-mt-production-targets-60-mt-in-fy27-and-100-mt-by-2030/article71353118.ece already exists.
2026-08-16 20:31:50,234 - INFO - [The Hindu] Early skip: URL https://www.thehindu.com/news/national/karnataka/four-months-on-karnataka-yet-to-see-multi-pair-kidney-swap-transplant/article71341251.ece already exists.
2026-08-16 20:31:50,235 - INFO - [The Hindu] Early skip: URL https://www.thehindu.com/news/national/fssai-says-6-food-companies-rectified-misleading-claims-trade-marks-after-its-crackdown/article71352810.ece already exists.
2026-08-16 20:31:50,237 - INFO - [The Hindu] Early skip: URL https://www.thehindu.com/news/national/congress-should-apologise-for-insulting-vande-mataram-on-independence-day-amit-shah/article71352403.ece already exists.
2026-08-16 20:31:50,238 - INFO - [The Hindu] Early skip: URL https://www.thehindu.com/news/national/andhra-pradesh/spirit-of-independence-programme-concludes-in-vizag/article71353446.ece already exists.
2026-08-16 20:31:50,239 - INFO - [The Hindu] Early skip: URL https://www.thehindu.com/news/national/kerala/former-cm-c-achutha-menon-remembered/article71353284.ece already exists.
2026-08-16 20:31:50,240 - INFO - [The Hindu] Early skip: URL https://www.thehindu.com/news/national/telangana/nurse-dies-after-accidentally-falling-under-vande-bharat-express-near-moula-ali/article71353171.ece already exists.
2026-08-16 20:31:50,242 - INFO - [The Hindu] Early skip: URL https://www.thehindu.com/news/national/nta-to-conduct-ugc-net-re-exam-for-english-sociology-and-commerce-subjects/article71353268.ece already exists.
2026-08-16 20:31:50,244 - INFO - [The Hindu] (Thread) Finished. Attempting to shut down its Selenium driver.
2026-08-16 20:31:50,341 - INFO - [The Hindu] (Thread) driver.quit() successful.
2026-08-16 20:31:50,603 - INFO - [Economic Times] Article: https://economictimes.indiatimes.com/markets/stocks/recos/fin-crisis-too-late-and-too-little-done-in-us/articleshow/3794549.cms
2026-08-16 20:31:50,603 - INFO - [Economic Times] Attempt 2/2: Trying with 'selenium_browser' strategy...
2026-08-16 20:31:52,259 - INFO - [Economic Times] Page content loaded.
2026-08-16 20:31:52,482 - INFO - [Economic Times] Success with 'selenium_browser'. Found content (452 words).
2026-08-16 20:31:55,339 - ERROR - Error saving article Fin Crisis: Too late and too little done in US - The Economic Times: Hrana: `stream error: `Error { message: "SQLite error: UNIQUE constraint failed: articles.url", code: "SQLITE_CONSTRAINT" }``
2026-08-16 20:31:56,145 - INFO - [Economic Times] Article: https://economictimes.indiatimes.com/markets/forex/weak-rupee-takes-its-toll-on-cos-with-huge-foreign-debt/articleshow/3546158.cms
2026-08-16 20:31:56,145 - INFO - [Economic Times] Attempt 1/2: Trying with 'requests_browser' strategy...
2026-08-16 20:31:56,410 - ERROR - parsed tree length: 1, wrong data type or not valid HTML
2026-08-16 20:31:56,411 - ERROR - empty HTML tree: None
2026-08-16 20:31:56,411 - WARNING - discarding data: None
2026-08-16 20:31:56,411 - WARNING - [Economic Times] FAILED with 'requests_browser' (content was too short: 0 words).
2026-08-16 20:31:57,136 - INFO - [Economic Times] Article: https://economictimes.indiatimes.com/markets/forex/weak-rupee-takes-its-toll-on-cos-with-huge-foreign-debt/articleshow/3546158.cms
2026-08-16 20:31:57,137 - INFO - [Economic Times] Attempt 2/2: Trying with 'selenium_browser' strategy...
2026-08-16 20:31:59,145 - INFO - [Economic Times] Page content loaded.
2026-08-16 20:31:59,356 - INFO - [Economic Times] Success with 'selenium_browser'. Found content (482 words).
2026-08-16 20:32:02,239 - ERROR - Error saving article Weak rupee takes its toll on cos with huge foreign debt - The Economic Times: Hrana: `stream error: `Error { message: "SQLite error: UNIQUE constraint failed: articles.url", code: "SQLITE_CONSTRAINT" }``
2026-08-16 20:32:02,993 - INFO - [Economic Times] Article: https://economictimes.indiatimes.com/markets/stocks/recos/wait-for-more-signals-before-turning-positive/articleshow/3292640.cms
2026-08-16 20:32:02,993 - INFO - [Economic Times] Attempt 1/2: Trying with 'requests_browser' strategy...
2026-08-16 20:32:03,309 - ERROR - parsed tree length: 1, wrong data type or not valid HTML
2026-08-16 20:32:03,310 - ERROR - empty HTML tree: None
2026-08-16 20:32:03,310 - WARNING - discarding data: None
2026-08-16 20:32:03,310 - WARNING - [Economic Times] FAILED with 'requests_browser' (content was too short: 0 words).
2026-08-16 20:32:03,822 - INFO - [Economic Times] Article: https://economictimes.indiatimes.com/markets/stocks/recos/wait-for-more-signals-before-turning-positive/articleshow/3292640.cms
2026-08-16 20:32:03,822 - INFO - [Economic Times] Attempt 2/2: Trying with 'selenium_browser' strategy...
2026-08-16 20:32:05,828 - INFO - [Economic Times] Page content loaded.
2026-08-16 20:32:06,231 - INFO - [Economic Times] Success with 'selenium_browser'. Found content (392 words).
2026-08-16 20:32:09,129 - ERROR - Error saving article Wait for more signals before turning positive - The Economic Times: Hrana: `stream error: `Error { message: "SQLite error: UNIQUE constraint failed: articles.url", code: "SQLITE_CONSTRAINT" }``
2026-08-16 20:32:10,461 - INFO - [Economic Times] Article: https://economictimes.indiatimes.com/news/company/corporate-trends/six-indian-cos-among-businessweeks-top-100-infotech-firms/articleshow/3189334.cms
2026-08-16 20:32:10,461 - INFO - [Economic Times] Attempt 1/2: Trying with 'requests_browser' strategy...
2026-08-16 20:32:10,801 - INFO - [Economic Times] Success with 'requests_browser'. Found content (370 words).
2026-08-16 20:32:13,701 - ERROR - Error saving article Six Indian cos among BusinessWeek's top 100 Infotech firms - The Economic Times: Hrana: `stream error: `Error { message: "SQLite error: UNIQUE constraint failed: articles.url", code: "SQLITE_CONSTRAINT" }``
2026-08-16 20:32:14,795 - INFO - [Economic Times] Article: https://economictimes.indiatimes.com/news/company/corporate-trends/indian-firms-slip-in-global-ranking-four-move-out-of-top-500/articleshow/3177077.cms
2026-08-16 20:32:14,796 - INFO - [Economic Times] Attempt 1/2: Trying with 'requests_browser' strategy...
2026-08-16 20:32:15,112 - INFO - [Economic Times] Success with 'requests_browser'. Found content (1044 words).
2026-08-16 20:32:17,957 - ERROR - Error saving article Indian firms slip in global ranking; four move out of Top-500 - The Economic Times: Hrana: `stream error: `Error { message: "SQLite error: UNIQUE constraint failed: articles.url", code: "SQLITE_CONSTRAINT" }``
2026-08-16 20:32:18,765 - INFO - [Economic Times] Article: https://economictimes.indiatimes.com/markets/stocks/news/big-daddy-laps-up-cipla-after-q1-nos-beat-forecast/articleshow/6308646.cms
2026-08-16 20:32:18,766 - INFO - [Economic Times] Attempt 1/2: Trying with 'requests_browser' strategy...
2026-08-16 20:32:19,136 - ERROR - parsed tree length: 1, wrong data type or not valid HTML
2026-08-16 20:32:19,136 - ERROR - empty HTML tree: None
2026-08-16 20:32:19,136 - WARNING - discarding data: None
2026-08-16 20:32:19,136 - WARNING - [Economic Times] FAILED with 'requests_browser' (content was too short: 0 words).
2026-08-16 20:32:19,939 - INFO - [Economic Times] Article: https://economictimes.indiatimes.com/markets/stocks/news/big-daddy-laps-up-cipla-after-q1-nos-beat-forecast/articleshow/6308646.cms
2026-08-16 20:32:19,940 - INFO - [Economic Times] Attempt 2/2: Trying with 'selenium_browser' strategy...
2026-08-16 20:32:21,401 - INFO - [Economic Times] Page content loaded.
2026-08-16 20:32:22,057 - WARNING - [Economic Times] FAILED with 'selenium_browser' (content was too short: 83 words).
2026-08-16 20:32:22,061 - ERROR - [Economic Times] All scrape strategies failed for https://economictimes.indiatimes.com/markets/stocks/news/big-daddy-laps-up-cipla-after-q1-nos-beat-forecast/articleshow/6308646.cms. Falling back to RSS description.
2026-08-16 20:32:22,062 - WARNING - SKIPPED (GLOBAL WORD LIMIT): Article ''Big Daddy' laps up Cipla after Q1 nos beat forecast ' from Economic Times has only 20 words (Min: 90).
2026-08-16 20:32:22,798 - INFO - [Economic Times] Article: https://economictimes.indiatimes.com/markets/stocks/news/old-fox-has-dream-run-on-dalal-street/articleshow/6308631.cms
2026-08-16 20:32:22,800 - INFO - [Economic Times] Attempt 1/2: Trying with 'requests_browser' strategy...
2026-08-16 20:32:23,066 - ERROR - parsed tree length: 1, wrong data type or not valid HTML
2026-08-16 20:32:23,066 - ERROR - empty HTML tree: None
2026-08-16 20:32:23,066 - WARNING - discarding data: None
2026-08-16 20:32:23,067 - WARNING - [Economic Times] FAILED with 'requests_browser' (content was too short: 0 words).
2026-08-16 20:32:23,596 - INFO - [Economic Times] Article: https://economictimes.indiatimes.com/markets/stocks/news/old-fox-has-dream-run-on-dalal-street/articleshow/6308631.cms
2026-08-16 20:32:23,596 - INFO - [Economic Times] Attempt 2/2: Trying with 'selenium_browser' strategy...
2026-08-16 20:32:24,864 - INFO - [Economic Times] Page content loaded.
2026-08-16 20:32:25,100 - INFO - [Economic Times] Success with 'selenium_browser'. Found content (639 words).
2026-08-16 20:32:28,030 - ERROR - Error saving article Old Fox has dream run on Dalal Street - The Economic Times: Hrana: `stream error: `Error { message: "SQLite error: UNIQUE constraint failed: articles.url", code: "SQLITE_CONSTRAINT" }``
2026-08-16 20:32:29,241 - INFO - [Economic Times] Article: https://economictimes.indiatimes.com/markets/stocks/news/cairn-india-hits-record-high-on-bse-amid-stake-sale-talks/articleshow/6306679.cms
2026-08-16 20:32:29,241 - INFO - [Economic Times] Attempt 1/2: Trying with 'requests_browser' strategy...
2026-08-16 20:32:29,506 - ERROR - parsed tree length: 1, wrong data type or not valid HTML
2026-08-16 20:32:29,506 - ERROR - empty HTML tree: None
2026-08-16 20:32:29,506 - WARNING - discarding data: None
2026-08-16 20:32:29,506 - WARNING - [Economic Times] FAILED with 'requests_browser' (content was too short: 0 words).
2026-08-16 20:32:30,403 - INFO - [Economic Times] Article: https://economictimes.indiatimes.com/markets/stocks/news/cairn-india-hits-record-high-on-bse-amid-stake-sale-talks/articleshow/6306679.cms
2026-08-16 20:32:30,403 - INFO - [Economic Times] Attempt 2/2: Trying with 'selenium_browser' strategy...
2026-08-16 20:32:32,072 - INFO - [Economic Times] Page content loaded.
2026-08-16 20:32:32,250 - INFO - [Economic Times] Success with 'selenium_browser'. Found content (363 words).
2026-08-16 20:32:35,156 - ERROR - Error saving article Cairn India hits record high on BSE amid stake sale talks - The Economic Times: Hrana: `stream error: `Error { message: "SQLite error: UNIQUE constraint failed: articles.url", code: "SQLITE_CONSTRAINT" }``
2026-08-16 20:32:36,325 - INFO - [Economic Times] Article: https://economictimes.indiatimes.com/markets/stocks/news/vedanta-plunges-5-59-per-cent-on-lse-amid-talks-to-buy-cairn-stake/articleshow/6306526.cms
2026-08-16 20:32:36,325 - INFO - [Economic Times] Attempt 1/2: Trying with 'requests_browser' strategy...
2026-08-16 20:32:36,588 - ERROR - parsed tree length: 1, wrong data type or not valid HTML
2026-08-16 20:32:36,588 - ERROR - empty HTML tree: None
2026-08-16 20:32:36,588 - WARNING - discarding data: None
2026-08-16 20:32:36,588 - WARNING - [Economic Times] FAILED with 'requests_browser' (content was too short: 0 words).
2026-08-16 20:32:37,551 - INFO - [Economic Times] Article: https://economictimes.indiatimes.com/markets/stocks/news/vedanta-plunges-5-59-per-cent-on-lse-amid-talks-to-buy-cairn-stake/articleshow/6306526.cms
2026-08-16 20:32:37,551 - INFO - [Economic Times] Attempt 2/2: Trying with 'selenium_browser' strategy...
2026-08-16 20:32:39,347 - INFO - [Economic Times] Page content loaded.
2026-08-16 20:32:39,547 - INFO - [Economic Times] Success with 'selenium_browser'. Found content (397 words).
2026-08-16 20:32:42,437 - ERROR - Error saving article Cairn: Vedanta plunges 5.59 per cent on LSE amid talks to buy Cairn stake - The Economic Times: Hrana: `stream error: `Error { message: "SQLite error: UNIQUE constraint failed: articles.url", code: "SQLITE_CONSTRAINT" }``
2026-08-16 20:32:43,683 - INFO - [Economic Times] Article: https://economictimes.indiatimes.com/markets/stocks/news/sbi-shares-on-gaining-spree-hit-record-high/articleshow/6306241.cms
2026-08-16 20:32:43,683 - INFO - [Economic Times] Attempt 1/2: Trying with 'requests_browser' strategy...
2026-08-16 20:32:43,946 - ERROR - parsed tree length: 1, wrong data type or not valid HTML
2026-08-16 20:32:43,946 - ERROR - empty HTML tree: None
2026-08-16 20:32:43,946 - WARNING - discarding data: None
2026-08-16 20:32:43,946 - WARNING - [Economic Times] FAILED with 'requests_browser' (content was too short: 0 words).
2026-08-16 20:32:44,482 - INFO - [Economic Times] Article: https://economictimes.indiatimes.com/markets/stocks/news/sbi-shares-on-gaining-spree-hit-record-high/articleshow/6306241.cms
2026-08-16 20:32:44,482 - INFO - [Economic Times] Attempt 2/2: Trying with 'selenium_browser' strategy...
2026-08-16 20:32:46,241 - INFO - [Economic Times] Page content loaded.
2026-08-16 20:32:46,497 - WARNING - [Economic Times] FAILED with 'selenium_browser' (content was too short: 83 words).
2026-08-16 20:32:46,497 - ERROR - [Economic Times] All scrape strategies failed for https://economictimes.indiatimes.com/markets/stocks/news/sbi-shares-on-gaining-spree-hit-record-high/articleshow/6306241.cms. Falling back to RSS description.
2026-08-16 20:32:46,497 - WARNING - SKIPPED (GLOBAL WORD LIMIT): Article 'SBI shares on gaining spree; hit record high ' from Economic Times has only 28 words (Min: 90).
2026-08-16 20:32:47,298 - INFO - [Economic Times] Article: https://economictimes.indiatimes.com/fm-must-rethink/articleshow/5645094.cms
2026-08-16 20:32:47,298 - INFO - [Economic Times] Attempt 1/2: Trying with 'requests_browser' strategy...
2026-08-16 20:32:47,556 - ERROR - parsed tree length: 1, wrong data type or not valid HTML
2026-08-16 20:32:47,556 - ERROR - empty HTML tree: None
2026-08-16 20:32:47,556 - WARNING - discarding data: None
2026-08-16 20:32:47,556 - WARNING - [Economic Times] FAILED with 'requests_browser' (content was too short: 0 words).
2026-08-16 20:32:48,358 - INFO - [Economic Times] Article: https://economictimes.indiatimes.com/fm-must-rethink/articleshow/5645094.cms
2026-08-16 20:32:48,358 - INFO - [Economic Times] Attempt 2/2: Trying with 'selenium_browser' strategy...
2026-08-16 20:32:49,686 - INFO - [Economic Times] Page content loaded.
2026-08-16 20:32:49,818 - INFO - [Economic Times] Success with 'selenium_browser'. Found content (138 words).
2026-08-16 20:32:52,663 - ERROR - Error saving article FM must rethink - The Economic Times: Hrana: `stream error: `Error { message: "SQLite error: UNIQUE constraint failed: articles.url", code: "SQLITE_CONSTRAINT" }``
2026-08-16 20:32:53,541 - INFO - [Economic Times] Article: https://economictimes.indiatimes.com/amalgamate-banks/articleshow/5645086.cms
2026-08-16 20:32:53,541 - INFO - [Economic Times] Attempt 1/2: Trying with 'requests_browser' strategy...
2026-08-16 20:32:53,795 - ERROR - parsed tree length: 1, wrong data type or not valid HTML
2026-08-16 20:32:53,795 - ERROR - empty HTML tree: None
2026-08-16 20:32:53,795 - WARNING - discarding data: None
2026-08-16 20:32:53,796 - WARNING - [Economic Times] FAILED with 'requests_browser' (content was too short: 0 words).
2026-08-16 20:32:54,479 - INFO - [Economic Times] Article: https://economictimes.indiatimes.com/amalgamate-banks/articleshow/5645086.cms
2026-08-16 20:32:54,479 - INFO - [Economic Times] Attempt 2/2: Trying with 'selenium_browser' strategy...
2026-08-16 20:32:56,544 - INFO - [Economic Times] Page content loaded.
2026-08-16 20:32:56,627 - INFO - [Economic Times] Success with 'selenium_browser'. Found content (243 words).
2026-08-16 20:32:59,487 - ERROR - Error saving article Amalgamate banks - The Economic Times: Hrana: `stream error: `Error { message: "SQLite error: UNIQUE constraint failed: articles.url", code: "SQLITE_CONSTRAINT" }``
2026-08-16 20:33:00,871 - INFO - [Economic Times] Article: https://economictimes.indiatimes.com/managing-data/articleshow/5117958.cms
2026-08-16 20:33:00,871 - INFO - [Economic Times] Attempt 1/2: Trying with 'requests_browser' strategy...
2026-08-16 20:33:01,148 - ERROR - parsed tree length: 1, wrong data type or not valid HTML
2026-08-16 20:33:01,148 - ERROR - empty HTML tree: None
2026-08-16 20:33:01,148 - WARNING - discarding data: None
2026-08-16 20:33:01,148 - WARNING - [Economic Times] FAILED with 'requests_browser' (content was too short: 0 words).
2026-08-16 20:33:01,900 - INFO - [Economic Times] Article: https://economictimes.indiatimes.com/managing-data/articleshow/5117958.cms
2026-08-16 20:33:01,900 - INFO - [Economic Times] Attempt 2/2: Trying with 'selenium_browser' strategy...
2026-08-16 20:33:03,788 - INFO - [Economic Times] Page content loaded.
2026-08-16 20:33:03,912 - INFO - [Economic Times] Success with 'selenium_browser'. Found content (119 words).
2026-08-16 20:33:06,735 - ERROR - Error saving article Managing data - The Economic Times: Hrana: `stream error: `Error { message: "SQLite error: UNIQUE constraint failed: articles.url", code: "SQLITE_CONSTRAINT" }``
2026-08-16 20:33:08,048 - INFO - [Economic Times] Article: https://economictimes.indiatimes.com/right-technology/articleshow/5117957.cms
2026-08-16 20:33:08,048 - INFO - [Economic Times] Attempt 1/2: Trying with 'requests_browser' strategy...
2026-08-16 20:33:08,321 - ERROR - parsed tree length: 1, wrong data type or not valid HTML
2026-08-16 20:33:08,321 - ERROR - empty HTML tree: None
2026-08-16 20:33:08,321 - WARNING - discarding data: None
2026-08-16 20:33:08,321 - WARNING - [Economic Times] FAILED with 'requests_browser' (content was too short: 0 words).
2026-08-16 20:33:09,227 - INFO - [Economic Times] Article: https://economictimes.indiatimes.com/right-technology/articleshow/5117957.cms
2026-08-16 20:33:09,227 - INFO - [Economic Times] Attempt 2/2: Trying with 'selenium_browser' strategy...
2026-08-16 20:33:10,903 - INFO - [Economic Times] Page content loaded.
2026-08-16 20:33:10,966 - INFO - [Economic Times] Success with 'selenium_browser'. Found content (114 words).
2026-08-16 20:33:13,843 - ERROR - Error saving article Right technology - The Economic Times: Hrana: `stream error: `Error { message: "SQLite error: UNIQUE constraint failed: articles.url", code: "SQLITE_CONSTRAINT" }``
2026-08-16 20:33:14,395 - INFO - [Economic Times] Article: https://economictimes.indiatimes.com/et-search/articleshow/21646857.cms
2026-08-16 20:33:14,395 - INFO - [Economic Times] Attempt 1/2: Trying with 'requests_browser' strategy...
2026-08-16 20:33:14,653 - ERROR - parsed tree length: 1, wrong data type or not valid HTML
2026-08-16 20:33:14,653 - ERROR - empty HTML tree: None
2026-08-16 20:33:14,653 - WARNING - discarding data: None
2026-08-16 20:33:14,653 - WARNING - [Economic Times] FAILED with 'requests_browser' (content was too short: 0 words).
2026-08-16 20:33:15,520 - INFO - [Economic Times] Article: https://economictimes.indiatimes.com/et-search/articleshow/21646857.cms
2026-08-16 20:33:15,520 - INFO - [Economic Times] Attempt 2/2: Trying with 'selenium_browser' strategy...
2026-08-16 20:33:17,670 - INFO - [Economic Times] Page content loaded.
2026-08-16 20:33:17,808 - WARNING - [Economic Times] FAILED with 'selenium_browser' (content was too short: 46 words).
2026-08-16 20:33:17,809 - ERROR - [Economic Times] All scrape strategies failed for https://economictimes.indiatimes.com/et-search/articleshow/21646857.cms. Falling back to RSS description.
2026-08-16 20:33:17,809 - WARNING - SKIPPED (GLOBAL WORD LIMIT): Article 'ET Search ' from Economic Times has only 3 words (Min: 90).
2026-08-16 20:33:18,426 - INFO - [Economic Times] Article: https://economictimes.indiatimes.com/after-the-oscars-whats-next-for-silent-stars-of-the-artist/articleshow/12075465.cms
2026-08-16 20:33:18,426 - INFO - [Economic Times] Attempt 1/2: Trying with 'requests_browser' strategy...
2026-08-16 20:33:18,684 - ERROR - parsed tree length: 1, wrong data type or not valid HTML
2026-08-16 20:33:18,684 - ERROR - empty HTML tree: None
2026-08-16 20:33:18,684 - WARNING - discarding data: None
2026-08-16 20:33:18,684 - WARNING - [Economic Times] FAILED with 'requests_browser' (content was too short: 0 words).
2026-08-16 20:33:19,306 - INFO - [Economic Times] Article: https://economictimes.indiatimes.com/after-the-oscars-whats-next-for-silent-stars-of-the-artist/articleshow/12075465.cms
2026-08-16 20:33:19,306 - INFO - [Economic Times] Attempt 2/2: Trying with 'selenium_browser' strategy...
2026-08-16 20:33:20,489 - INFO - [Economic Times] Page content loaded.
2026-08-16 20:33:20,627 - INFO - [Economic Times] Success with 'selenium_browser'. Found content (699 words).
2026-08-16 20:33:23,486 - ERROR - Error saving article After the Oscars, what's next for silent stars of The Artist? - The Economic Times: Hrana: `stream error: `Error { message: "SQLite error: UNIQUE constraint failed: articles.url", code: "SQLITE_CONSTRAINT" }``
2026-08-16 20:33:24,516 - INFO - [Economic Times] Article: https://economictimes.indiatimes.com/delhi-world-book-fair-a-fair-like-no-other/articleshow/12028630.cms
2026-08-16 20:33:24,517 - INFO - [Economic Times] Attempt 1/2: Trying with 'requests_browser' strategy...
2026-08-16 20:33:24,777 - ERROR - parsed tree length: 1, wrong data type or not valid HTML
2026-08-16 20:33:24,777 - ERROR - empty HTML tree: None
2026-08-16 20:33:24,777 - WARNING - discarding data: None
2026-08-16 20:33:24,777 - WARNING - [Economic Times] FAILED with 'requests_browser' (content was too short: 0 words).
2026-08-16 20:33:25,497 - INFO - [Economic Times] Article: https://economictimes.indiatimes.com/delhi-world-book-fair-a-fair-like-no-other/articleshow/12028630.cms
2026-08-16 20:33:25,498 - INFO - [Economic Times] Attempt 2/2: Trying with 'selenium_browser' strategy...
2026-08-16 20:33:27,436 - INFO - [Economic Times] Page content loaded.
2026-08-16 20:33:27,537 - INFO - [Economic Times] Success with 'selenium_browser'. Found content (1911 words).
2026-08-16 20:33:30,426 - ERROR - Error saving article Delhi World Book fair: A fair like no other - The Economic Times: Hrana: `stream error: `Error { message: "SQLite error: UNIQUE constraint failed: articles.url", code: "SQLITE_CONSTRAINT" }``
2026-08-16 20:33:31,428 - INFO - [Economic Times] Article: https://economictimes.indiatimes.com/lk-advanis-gift-makes-its-way-to-state-department-exhibition-hall/articleshow/12017534.cms
2026-08-16 20:33:31,428 - INFO - [Economic Times] Attempt 1/2: Trying with 'requests_browser' strategy...
2026-08-16 20:33:31,695 - ERROR - parsed tree length: 1, wrong data type or not valid HTML
2026-08-16 20:33:31,695 - ERROR - empty HTML tree: None
2026-08-16 20:33:31,695 - WARNING - discarding data: None
2026-08-16 20:33:31,695 - WARNING - [Economic Times] FAILED with 'requests_browser' (content was too short: 0 words).
2026-08-16 20:33:32,506 - INFO - [Economic Times] Article: https://economictimes.indiatimes.com/lk-advanis-gift-makes-its-way-to-state-department-exhibition-hall/articleshow/12017534.cms
2026-08-16 20:33:32,506 - INFO - [Economic Times] Attempt 2/2: Trying with 'selenium_browser' strategy...
2026-08-16 20:33:34,432 - INFO - [Economic Times] Page content loaded.
2026-08-16 20:33:34,577 - INFO - [Economic Times] Success with 'selenium_browser'. Found content (488 words).
2026-08-16 20:33:37,458 - ERROR - Error saving article LK Advani's 'gift' makes its way to State Department exhibition hall - The Economic Times: Hrana: `stream error: `Error { message: "SQLite error: UNIQUE constraint failed: articles.url", code: "SQLITE_CONSTRAINT" }``
2026-08-16 20:33:38,914 - INFO - [Economic Times] Article: https://economictimes.indiatimes.com/india-meteorological-department-to-use-dynamic-models-for-forecasts/articleshow/11983844.cms
2026-08-16 20:33:38,914 - INFO - [Economic Times] Attempt 1/2: Trying with 'requests_browser' strategy...
2026-08-16 20:33:39,208 - ERROR - parsed tree length: 1, wrong data type or not valid HTML
2026-08-16 20:33:39,208 - ERROR - empty HTML tree: None
2026-08-16 20:33:39,208 - WARNING - discarding data: None
2026-08-16 20:33:39,208 - WARNING - [Economic Times] FAILED with 'requests_browser' (content was too short: 0 words).
2026-08-16 20:33:40,201 - INFO - [Economic Times] Article: https://economictimes.indiatimes.com/india-meteorological-department-to-use-dynamic-models-for-forecasts/articleshow/11983844.cms
2026-08-16 20:33:40,201 - INFO - [Economic Times] Attempt 2/2: Trying with 'selenium_browser' strategy...
2026-08-16 20:33:41,991 - INFO - [Economic Times] Page content loaded.
2026-08-16 20:33:42,270 - INFO - [Economic Times] Success with 'selenium_browser'. Found content (187 words).
2026-08-16 20:33:45,155 - ERROR - Error saving article India Meteorological Department to use dynamic models for forecasts - The Economic Times: Hrana: `stream error: `Error { message: "SQLite error: UNIQUE constraint failed: articles.url", code: "SQLITE_CONSTRAINT" }``
2026-08-16 20:33:46,465 - INFO - [Economic Times] Article: https://economictimes.indiatimes.com/documents-reveal-contents-of-the-first-telegraph-message-between-india-england/articleshow/11976488.cms
2026-08-16 20:33:46,465 - INFO - [Economic Times] Attempt 1/2: Trying with 'requests_browser' strategy...
2026-08-16 20:33:46,750 - ERROR - parsed tree length: 1, wrong data type or not valid HTML
2026-08-16 20:33:46,751 - ERROR - empty HTML tree: None
2026-08-16 20:33:46,751 - WARNING - discarding data: None
2026-08-16 20:33:46,751 - WARNING - [Economic Times] FAILED with 'requests_browser' (content was too short: 0 words).
2026-08-16 20:33:47,270 - INFO - [Economic Times] Article: https://economictimes.indiatimes.com/documents-reveal-contents-of-the-first-telegraph-message-between-india-england/articleshow/11976488.cms
2026-08-16 20:33:47,270 - INFO - [Economic Times] Attempt 2/2: Trying with 'selenium_browser' strategy...
2026-08-16 20:33:48,983 - INFO - [Economic Times] Page content loaded.
2026-08-16 20:33:49,234 - INFO - [Economic Times] Success with 'selenium_browser'. Found content (1449 words).
2026-08-16 20:33:52,099 - ERROR - Error saving article Documents reveal contents of the first telegraph message between India & England - The Economic Times: Hrana: `stream error: `Error { message: "SQLite error: UNIQUE constraint failed: articles.url", code: "SQLITE_CONSTRAINT" }``
2026-08-16 20:33:53,244 - INFO - [Economic Times] Article: https://economictimes.indiatimes.com/worried-amitabh-bachchan-fans-pray-to-lord-shiva-for-his-recovery/articleshow/11963187.cms
2026-08-16 20:33:53,244 - INFO - [Economic Times] Attempt 1/2: Trying with 'requests_browser' strategy...
2026-08-16 20:33:53,518 - ERROR - parsed tree length: 1, wrong data type or not valid HTML
2026-08-16 20:33:53,519 - ERROR - empty HTML tree: None
2026-08-16 20:33:53,519 - WARNING - discarding data: None
2026-08-16 20:33:53,519 - WARNING - [Economic Times] FAILED with 'requests_browser' (content was too short: 0 words).
2026-08-16 20:33:54,219 - INFO - [Economic Times] Article: https://economictimes.indiatimes.com/worried-amitabh-bachchan-fans-pray-to-lord-shiva-for-his-recovery/articleshow/11963187.cms
2026-08-16 20:33:54,219 - INFO - [Economic Times] Attempt 2/2: Trying with 'selenium_browser' strategy...
2026-08-16 20:33:55,944 - INFO - [Economic Times] Page content loaded.
2026-08-16 20:33:56,158 - INFO - [Economic Times] Success with 'selenium_browser'. Found content (453 words).
2026-08-16 20:33:59,023 - ERROR - Error saving article Worried Amitabh Bachchan fans pray to Lord Shiva for his recovery - The Economic Times: Hrana: `stream error: `Error { message: "SQLite error: UNIQUE constraint failed: articles.url", code: "SQLITE_CONSTRAINT" }``
2026-08-16 20:34:00,232 - INFO - [Economic Times] Article: https://economictimes.indiatimes.com/opinion/interviews/every-decision-of-government-neednt-be-a-big-reform-anand-mahindra/articleshow/35919571.cms
2026-08-16 20:34:00,232 - INFO - [Economic Times] Attempt 1/2: Trying with 'requests_browser' strategy...
2026-08-16 20:34:00,526 - ERROR - parsed tree length: 1, wrong data type or not valid HTML
2026-08-16 20:34:00,526 - ERROR - empty HTML tree: None
2026-08-16 20:34:00,526 - WARNING - discarding data: None
2026-08-16 20:34:00,526 - WARNING - [Economic Times] FAILED with 'requests_browser' (content was too short: 0 words).
2026-08-16 20:34:01,498 - INFO - [Economic Times] Article: https://economictimes.indiatimes.com/opinion/interviews/every-decision-of-government-neednt-be-a-big-reform-anand-mahindra/articleshow/35919571.cms
2026-08-16 20:34:01,498 - INFO - [Economic Times] Attempt 2/2: Trying with 'selenium_browser' strategy...
2026-08-16 20:34:03,183 - INFO - [Economic Times] Page content loaded.
2026-08-16 20:34:03,609 - INFO - [Economic Times] Success with 'selenium_browser'. Found content (2167 words).
2026-08-16 20:34:06,525 - ERROR - Error saving article Every decision of government needn’t be a big reform: Anand Mahindra - The Economic Times: Hrana: `stream error: `Error { message: "SQLite error: UNIQUE constraint failed: articles.url", code: "SQLITE_CONSTRAINT" }``
2026-08-16 20:34:07,674 - INFO - [Economic Times] Article: https://economictimes.indiatimes.com/opinion/interviews/narendra-modi-has-his-eyes-set-on-boosting-business-joao-cravinho-eu-ambassador/articleshow/35973824.cms
2026-08-16 20:34:07,675 - INFO - [Economic Times] Attempt 1/2: Trying with 'requests_browser' strategy...
2026-08-16 20:34:07,928 - ERROR - parsed tree length: 1, wrong data type or not valid HTML
2026-08-16 20:34:07,928 - ERROR - empty HTML tree: None
2026-08-16 20:34:07,928 - WARNING - discarding data: None
2026-08-16 20:34:07,928 - WARNING - [Economic Times] FAILED with 'requests_browser' (content was too short: 0 words).
2026-08-16 20:34:08,578 - INFO - [Economic Times] Article: https://economictimes.indiatimes.com/opinion/interviews/narendra-modi-has-his-eyes-set-on-boosting-business-joao-cravinho-eu-ambassador/articleshow/35973824.cms
2026-08-16 20:34:08,579 - INFO - [Economic Times] Attempt 2/2: Trying with 'selenium_browser' strategy...
2026-08-16 20:34:09,978 - INFO - [Economic Times] Page content loaded.
2026-08-16 20:34:10,036 - CRITICAL - --- TIMEOUT: 1 scrape jobs did not complete in 420s. ---
2026-08-16 20:34:10,036 - ERROR - A thread has timed out and will be abandoned.
2026-08-16 20:34:10,036 - INFO - Shutting down thread pool (wait=False)...
2026-08-16 20:34:10,037 - INFO - Scraped: 0 Wired, 0 TechCrunch, 1 Times of India, 2 NDTV, 1 BBC, 3 The Hindu, 0 Indian Express, 0 Al Jazeera, 1 Timed_Out_Jobs articles. (Total saved: 7)
2026-08-16 20:34:10,037 - INFO - --- Scraping job finished ---
2026-08-16 20:34:10,037 - INFO - --- Scraper service stopped. ---
2026-08-16 20:34:10,037 - INFO - --- Main thread finished. Forcing process exit to kill zombie threads. ---
