2026-09-18 00:04:37,798 - INFO - Loading AI Semantic Model (all-MiniLM-L6-v2)...
2026-09-18 00:04:37,799 - INFO - No device provided, using cpu
2026-09-18 00:04:37,914 - INFO - HTTP Request: GET https://huggingface.co/api/agent-harnesses "HTTP/1.1 200 OK"
2026-09-18 00:04:37,987 - INFO - HTTP Request: HEAD https://huggingface.co/sentence-transformers/all-MiniLM-L6-v2/resolve/main/modules.json "HTTP/1.1 307 Temporary Redirect"
2026-09-18 00:04:37,994 - INFO - HTTP Request: HEAD https://huggingface.co/api/resolve-cache/models/sentence-transformers/all-MiniLM-L6-v2/1110a243fdf4706b3f48f1d95db1a4f5529b4d41/modules.json?%2Fsentence-transformers%2Fall-MiniLM-L6-v2%2Fresolve%2Fmain%2Fmodules.json=&etag=%22952a9b81c0bfd99800fabf352f69c7ccd46c5e43%22 "HTTP/1.1 200 OK"
2026-09-18 00:04:38,068 - INFO - HTTP Request: HEAD https://huggingface.co/sentence-transformers/all-MiniLM-L6-v2/resolve/main/config_sentence_transformers.json "HTTP/1.1 307 Temporary Redirect"
2026-09-18 00:04:38,069 - WARNING - Warning: You are sending unauthenticated requests to the HF Hub. Please set a HF_TOKEN to enable higher rate limits and faster downloads.
2026-09-18 00:04:38,074 - INFO - HTTP Request: HEAD https://huggingface.co/api/resolve-cache/models/sentence-transformers/all-MiniLM-L6-v2/1110a243fdf4706b3f48f1d95db1a4f5529b4d41/config_sentence_transformers.json?%2Fsentence-transformers%2Fall-MiniLM-L6-v2%2Fresolve%2Fmain%2Fconfig_sentence_transformers.json=&etag=%22fd1b291129c607e5d49799f87cb219b27f98acdf%22 "HTTP/1.1 200 OK"
2026-09-18 00:04:38,075 - INFO - Loading SentenceTransformer model from sentence-transformers/all-MiniLM-L6-v2.
2026-09-18 00:04:38,151 - INFO - HTTP Request: HEAD https://huggingface.co/sentence-transformers/all-MiniLM-L6-v2/resolve/main/config_sentence_transformers.json "HTTP/1.1 307 Temporary Redirect"
2026-09-18 00:04:38,156 - INFO - HTTP Request: HEAD https://huggingface.co/api/resolve-cache/models/sentence-transformers/all-MiniLM-L6-v2/1110a243fdf4706b3f48f1d95db1a4f5529b4d41/config_sentence_transformers.json?%2Fsentence-transformers%2Fall-MiniLM-L6-v2%2Fresolve%2Fmain%2Fconfig_sentence_transformers.json=&etag=%22fd1b291129c607e5d49799f87cb219b27f98acdf%22 "HTTP/1.1 200 OK"
2026-09-18 00:04:38,230 - INFO - HTTP Request: HEAD https://huggingface.co/sentence-transformers/all-MiniLM-L6-v2/resolve/main/README.md "HTTP/1.1 307 Temporary Redirect"
2026-09-18 00:04:38,236 - INFO - HTTP Request: HEAD https://huggingface.co/api/resolve-cache/models/sentence-transformers/all-MiniLM-L6-v2/1110a243fdf4706b3f48f1d95db1a4f5529b4d41/README.md?%2Fsentence-transformers%2Fall-MiniLM-L6-v2%2Fresolve%2Fmain%2FREADME.md=&etag=%2244af2e3b0fa3a0b6239e48422972bf755f28fde0%22 "HTTP/1.1 200 OK"
2026-09-18 00:04:38,241 - INFO - HTTP Request: GET https://huggingface.co/api/resolve-cache/models/sentence-transformers/all-MiniLM-L6-v2/1110a243fdf4706b3f48f1d95db1a4f5529b4d41/README.md?%2Fsentence-transformers%2Fall-MiniLM-L6-v2%2Fresolve%2Fmain%2FREADME.md=&etag=%2244af2e3b0fa3a0b6239e48422972bf755f28fde0%22 "HTTP/1.1 200 OK"
2026-09-18 00:04:38,314 - INFO - HTTP Request: HEAD https://huggingface.co/sentence-transformers/all-MiniLM-L6-v2/resolve/main/modules.json "HTTP/1.1 307 Temporary Redirect"
2026-09-18 00:04:38,320 - INFO - HTTP Request: HEAD https://huggingface.co/api/resolve-cache/models/sentence-transformers/all-MiniLM-L6-v2/1110a243fdf4706b3f48f1d95db1a4f5529b4d41/modules.json?%2Fsentence-transformers%2Fall-MiniLM-L6-v2%2Fresolve%2Fmain%2Fmodules.json=&etag=%22952a9b81c0bfd99800fabf352f69c7ccd46c5e43%22 "HTTP/1.1 200 OK"
2026-09-18 00:04:38,391 - INFO - HTTP Request: HEAD https://huggingface.co/sentence-transformers/all-MiniLM-L6-v2/resolve/main/sentence_bert_config.json "HTTP/1.1 307 Temporary Redirect"
2026-09-18 00:04:38,398 - INFO - HTTP Request: HEAD https://huggingface.co/api/resolve-cache/models/sentence-transformers/all-MiniLM-L6-v2/1110a243fdf4706b3f48f1d95db1a4f5529b4d41/sentence_bert_config.json?%2Fsentence-transformers%2Fall-MiniLM-L6-v2%2Fresolve%2Fmain%2Fsentence_bert_config.json=&etag=%2259d594003bf59880a884c574bf88ef7555bb0202%22 "HTTP/1.1 200 OK"
2026-09-18 00:04:38,473 - INFO - HTTP Request: HEAD https://huggingface.co/sentence-transformers/all-MiniLM-L6-v2/resolve/main/adapter_config.json "HTTP/1.1 404 Not Found"
2026-09-18 00:04:38,547 - INFO - HTTP Request: HEAD https://huggingface.co/sentence-transformers/all-MiniLM-L6-v2/resolve/main/config.json "HTTP/1.1 307 Temporary Redirect"
2026-09-18 00:04:38,553 - INFO - HTTP Request: HEAD https://huggingface.co/api/resolve-cache/models/sentence-transformers/all-MiniLM-L6-v2/1110a243fdf4706b3f48f1d95db1a4f5529b4d41/config.json?%2Fsentence-transformers%2Fall-MiniLM-L6-v2%2Fresolve%2Fmain%2Fconfig.json=&etag=%2272b987fd805cfa2b58c4c8c952b274a11bfd5a00%22 "HTTP/1.1 200 OK"
2026-09-18 00:04:38,662 - INFO - HTTP Request: HEAD https://huggingface.co/sentence-transformers/all-MiniLM-L6-v2/resolve/main/model.safetensors "HTTP/1.1 302 Found"
2026-09-18 00:04:38,870 - INFO - HTTP Request: HEAD https://huggingface.co/sentence-transformers/all-MiniLM-L6-v2/resolve/main/processor_config.json "HTTP/1.1 404 Not Found"
2026-09-18 00:04:38,947 - INFO - HTTP Request: HEAD https://huggingface.co/sentence-transformers/all-MiniLM-L6-v2/resolve/main/preprocessor_config.json "HTTP/1.1 404 Not Found"
2026-09-18 00:04:39,023 - INFO - HTTP Request: HEAD https://huggingface.co/sentence-transformers/all-MiniLM-L6-v2/resolve/main/video_preprocessor_config.json "HTTP/1.1 404 Not Found"
2026-09-18 00:04:39,098 - INFO - HTTP Request: HEAD https://huggingface.co/sentence-transformers/all-MiniLM-L6-v2/resolve/main/preprocessor_config.json "HTTP/1.1 404 Not Found"
2026-09-18 00:04:39,197 - INFO - HTTP Request: HEAD https://huggingface.co/sentence-transformers/all-MiniLM-L6-v2/resolve/main/tokenizer_config.json "HTTP/1.1 307 Temporary Redirect"
2026-09-18 00:04:39,203 - INFO - HTTP Request: HEAD https://huggingface.co/api/resolve-cache/models/sentence-transformers/all-MiniLM-L6-v2/1110a243fdf4706b3f48f1d95db1a4f5529b4d41/tokenizer_config.json?%2Fsentence-transformers%2Fall-MiniLM-L6-v2%2Fresolve%2Fmain%2Ftokenizer_config.json=&etag=%22c79f2b6a0cea6f4b564fed1938984bace9d30ff0%22 "HTTP/1.1 200 OK"
2026-09-18 00:04:39,282 - INFO - HTTP Request: HEAD https://huggingface.co/sentence-transformers/all-MiniLM-L6-v2/resolve/main/config.json "HTTP/1.1 307 Temporary Redirect"
2026-09-18 00:04:39,287 - INFO - HTTP Request: HEAD https://huggingface.co/api/resolve-cache/models/sentence-transformers/all-MiniLM-L6-v2/1110a243fdf4706b3f48f1d95db1a4f5529b4d41/config.json?%2Fsentence-transformers%2Fall-MiniLM-L6-v2%2Fresolve%2Fmain%2Fconfig.json=&etag=%2272b987fd805cfa2b58c4c8c952b274a11bfd5a00%22 "HTTP/1.1 200 OK"
2026-09-18 00:04:39,366 - INFO - HTTP Request: HEAD https://huggingface.co/sentence-transformers/all-MiniLM-L6-v2/resolve/main/config.json "HTTP/1.1 307 Temporary Redirect"
2026-09-18 00:04:39,371 - INFO - HTTP Request: HEAD https://huggingface.co/api/resolve-cache/models/sentence-transformers/all-MiniLM-L6-v2/1110a243fdf4706b3f48f1d95db1a4f5529b4d41/config.json?%2Fsentence-transformers%2Fall-MiniLM-L6-v2%2Fresolve%2Fmain%2Fconfig.json=&etag=%2272b987fd805cfa2b58c4c8c952b274a11bfd5a00%22 "HTTP/1.1 200 OK"
2026-09-18 00:04:39,450 - INFO - HTTP Request: HEAD https://huggingface.co/sentence-transformers/all-MiniLM-L6-v2/resolve/main/tokenizer_config.json "HTTP/1.1 307 Temporary Redirect"
2026-09-18 00:04:39,455 - INFO - HTTP Request: HEAD https://huggingface.co/api/resolve-cache/models/sentence-transformers/all-MiniLM-L6-v2/1110a243fdf4706b3f48f1d95db1a4f5529b4d41/tokenizer_config.json?%2Fsentence-transformers%2Fall-MiniLM-L6-v2%2Fresolve%2Fmain%2Ftokenizer_config.json=&etag=%22c79f2b6a0cea6f4b564fed1938984bace9d30ff0%22 "HTTP/1.1 200 OK"
2026-09-18 00:04:39,533 - INFO - HTTP Request: GET https://huggingface.co/api/models/sentence-transformers/all-MiniLM-L6-v2/tree/main/additional_chat_templates?recursive=false&expand=false "HTTP/1.1 404 Not Found"
2026-09-18 00:04:39,613 - INFO - HTTP Request: GET https://huggingface.co/api/models/sentence-transformers/all-MiniLM-L6-v2/tree/main?recursive=true&expand=false "HTTP/1.1 200 OK"
2026-09-18 00:04:39,688 - INFO - HTTP Request: HEAD https://huggingface.co/sentence-transformers/all-MiniLM-L6-v2/resolve/main/vocab.txt "HTTP/1.1 307 Temporary Redirect"
2026-09-18 00:04:39,694 - INFO - HTTP Request: HEAD https://huggingface.co/api/resolve-cache/models/sentence-transformers/all-MiniLM-L6-v2/1110a243fdf4706b3f48f1d95db1a4f5529b4d41/vocab.txt?%2Fsentence-transformers%2Fall-MiniLM-L6-v2%2Fresolve%2Fmain%2Fvocab.txt=&etag=%22fb140275c155a9c7c5a3b3e0e77a9e839594a938%22 "HTTP/1.1 200 OK"
2026-09-18 00:04:39,773 - INFO - HTTP Request: HEAD https://huggingface.co/sentence-transformers/all-MiniLM-L6-v2/resolve/main/tokenizer.json "HTTP/1.1 307 Temporary Redirect"
2026-09-18 00:04:39,779 - INFO - HTTP Request: HEAD https://huggingface.co/api/resolve-cache/models/sentence-transformers/all-MiniLM-L6-v2/1110a243fdf4706b3f48f1d95db1a4f5529b4d41/tokenizer.json?%2Fsentence-transformers%2Fall-MiniLM-L6-v2%2Fresolve%2Fmain%2Ftokenizer.json=&etag=%22cb202bfe2e3c98645018a6d12f182a434c9d3e02%22 "HTTP/1.1 200 OK"
2026-09-18 00:04:39,860 - INFO - HTTP Request: HEAD https://huggingface.co/sentence-transformers/all-MiniLM-L6-v2/resolve/main/added_tokens.json "HTTP/1.1 404 Not Found"
2026-09-18 00:04:39,936 - INFO - HTTP Request: HEAD https://huggingface.co/sentence-transformers/all-MiniLM-L6-v2/resolve/main/special_tokens_map.json "HTTP/1.1 307 Temporary Redirect"
2026-09-18 00:04:39,941 - INFO - HTTP Request: HEAD https://huggingface.co/api/resolve-cache/models/sentence-transformers/all-MiniLM-L6-v2/1110a243fdf4706b3f48f1d95db1a4f5529b4d41/special_tokens_map.json?%2Fsentence-transformers%2Fall-MiniLM-L6-v2%2Fresolve%2Fmain%2Fspecial_tokens_map.json=&etag=%22e7b0375001f109a6b8873d756ad4f7bbb15fbaa5%22 "HTTP/1.1 200 OK"
2026-09-18 00:04:40,019 - INFO - HTTP Request: HEAD https://huggingface.co/sentence-transformers/all-MiniLM-L6-v2/resolve/main/chat_template.jinja "HTTP/1.1 404 Not Found"
2026-09-18 00:04:40,128 - INFO - HTTP Request: HEAD https://huggingface.co/sentence-transformers/all-MiniLM-L6-v2/resolve/main/1_Pooling/config.json "HTTP/1.1 307 Temporary Redirect"
2026-09-18 00:04:40,134 - INFO - HTTP Request: HEAD https://huggingface.co/api/resolve-cache/models/sentence-transformers/all-MiniLM-L6-v2/1110a243fdf4706b3f48f1d95db1a4f5529b4d41/1_Pooling%2Fconfig.json?%2Fsentence-transformers%2Fall-MiniLM-L6-v2%2Fresolve%2Fmain%2F1_Pooling%2Fconfig.json=&etag=%22d1514c3162bbe87b343f565fadc62e6c06f04f03%22 "HTTP/1.1 200 OK"
2026-09-18 00:04:40,214 - INFO - HTTP Request: HEAD https://huggingface.co/sentence-transformers/all-MiniLM-L6-v2/resolve/main/2_Normalize/config.json "HTTP/1.1 404 Not Found"
2026-09-18 00:04:40,293 - INFO - HTTP Request: GET https://huggingface.co/api/models/sentence-transformers/all-MiniLM-L6-v2 "HTTP/1.1 200 OK"
2026-09-18 00:04:40,297 - INFO - AI Model loaded successfully.
2026-09-18 00:04:40,297 - INFO - --- Scraper service started (CI Mode: Run Once) ---
2026-09-18 00:04:40,297 - INFO - --- Starting new scraping job (Parallel Mode) ---
2026-09-18 00:04:40,297 - INFO - Connecting to SQLite database...
2026-09-18 00:04:45,195 - INFO - Pre-calculating embeddings for 186 cached articles...
2026-09-18 00:04:57,014 - INFO - Cache built: 3421 URLs. Current MAX_ID: 123027
2026-09-18 00:04:57,015 - INFO - Creating new robust session with 3 retries on 5xx/connection/read errors.
2026-09-18 00:04:57,015 - INFO - Proxy is DISABLED.
2026-09-18 00:04:57,015 - INFO - [BBC] (Thread) requires Selenium. Initializing driver...
2026-09-18 00:04:57,015 - INFO - [Times of India] (Thread) requires Selenium. Initializing driver...
2026-09-18 00:04:57,016 - INFO - [The Hindu] (Thread) requires Selenium. Initializing driver...
2026-09-18 00:04:57,016 - INFO - [Al Jazeera] (Thread) requires Selenium. Initializing driver...
2026-09-18 00:04:57,017 - INFO - Starting scrape for TechCrunch RSS feed: https://techcrunch.com/feed/
2026-09-18 00:04:57,019 - INFO - [Economic Times] (Thread) requires Selenium. Initializing driver...
2026-09-18 00:04:57,019 - INFO - [Wired] (Thread) requires Selenium. Initializing driver...
2026-09-18 00:04:57,020 - INFO - [NDTV] (Thread) requires Selenium. Initializing driver...
2026-09-18 00:04:57,020 - INFO - [Indian Express] (Thread) requires Selenium. Initializing driver...
2026-09-18 00:04:57,021 - INFO - Submitted 9 jobs to thread pool. Waiting up to 420s for completion...
2026-09-18 00:04:58,476 - INFO - Found 0 articles in TechCrunch RSS feed. Processing until 8 new articles are saved.
2026-09-18 00:04:59,195 - INFO - Selenium driver initialized successfully (Eager load strategy, 7s timeout).
2026-09-18 00:04:59,195 - INFO - Starting scrape for The Hindu RSS feed: https://www.thehindu.com/news/national/feeder/default.rss
2026-09-18 00:04:59,481 - INFO - Selenium driver initialized successfully (Eager load strategy, 7s timeout).
2026-09-18 00:04:59,481 - INFO - Starting scrape for BBC RSS feed: http://feeds.bbci.co.uk/news/world/rss.xml
2026-09-18 00:04:59,528 - INFO - Selenium driver initialized successfully (Eager load strategy, 7s timeout).
2026-09-18 00:04:59,528 - INFO - Starting scrape for Indian Express RSS feed: https://indianexpress.com/feed/
2026-09-18 00:04:59,691 - INFO - Selenium driver initialized successfully (Eager load strategy, 7s timeout).
2026-09-18 00:04:59,726 - INFO - Starting scrape for Wired RSS feed: https://www.wired.com/feed/rss
2026-09-18 00:04:59,750 - INFO - Selenium driver initialized successfully (Eager load strategy, 7s timeout).
2026-09-18 00:04:59,750 - INFO - Starting scrape for NDTV RSS feed: https://feeds.feedburner.com/ndtvnews-top-stories
2026-09-18 00:04:59,796 - INFO - Selenium driver initialized successfully (Eager load strategy, 7s timeout).
2026-09-18 00:04:59,797 - INFO - Starting scrape for Al Jazeera RSS feed: https://www.aljazeera.com/xml/rss/all.xml
2026-09-18 00:04:59,872 - INFO - Selenium driver initialized successfully (Eager load strategy, 7s timeout).
2026-09-18 00:04:59,872 - INFO - Starting scrape for Economic Times RSS feed: https://economictimes.indiatimes.com/rssfeedsdefault.cms
2026-09-18 00:04:59,959 - INFO - Selenium driver initialized successfully (Eager load strategy, 7s timeout).
2026-09-18 00:04:59,959 - INFO - Starting scrape for Times of India RSS feed: https://timesofindia.indiatimes.com/rssfeeds/296589292.cms
2026-09-18 00:04:59,983 - INFO - Found 60 articles in The Hindu RSS feed. Processing until 20 new articles are saved.
2026-09-18 00:04:59,983 - INFO - [The Hindu] Article: https://www.thehindu.com/news/national/jammu-and-kashmir/on-pms-birthday-jk-cm-omar-abdullah-wishes-for-statehood-restoration/article71477428.ece
2026-09-18 00:05:00,022 - INFO - [The Hindu] Attempt 1/1: Trying with 'selenium_browser' strategy...
2026-09-18 00:05:00,044 - INFO - Found 41 articles in BBC RSS feed. Processing until 10 new articles are saved.
2026-09-18 00:05:00,044 - INFO - [BBC] Early skip: URL https://www.bbc.co.uk/news/articles/cwly7vkke4jxo?at_medium=RSS&at_campaign=rss already exists.
2026-09-18 00:05:00,047 - INFO - [BBC] Early skip: URL https://www.bbc.co.uk/news/articles/cqx2zgk8k8xvo?at_medium=RSS&at_campaign=rss already exists.
2026-09-18 00:05:00,048 - INFO - [BBC] Early skip: URL https://www.bbc.co.uk/news/articles/cm9w4n5nverdo?at_medium=RSS&at_campaign=rss already exists.
2026-09-18 00:05:00,051 - INFO - [BBC] Early skip: URL https://www.bbc.co.uk/news/articles/c6n8m72r13ngo?at_medium=RSS&at_campaign=rss already exists.
2026-09-18 00:05:00,053 - INFO - [BBC] Early skip: URL https://www.bbc.co.uk/news/articles/c9j3d2rr6g24o?at_medium=RSS&at_campaign=rss already exists.
2026-09-18 00:05:00,054 - INFO - [BBC] Early skip: URL https://www.bbc.co.uk/news/articles/ck0e35qyqlx0o?at_medium=RSS&at_campaign=rss already exists.
2026-09-18 00:05:00,057 - INFO - [BBC] Early skip: URL https://www.bbc.co.uk/news/articles/ck980qyy6d2zo?at_medium=RSS&at_campaign=rss already exists.
2026-09-18 00:05:00,061 - INFO - [BBC] Early skip: URL https://www.bbc.co.uk/news/articles/cv0lrxw6ygl2o?at_medium=RSS&at_campaign=rss already exists.
2026-09-18 00:05:00,063 - INFO - [BBC] Early skip: URL https://www.bbc.co.uk/news/articles/c3j4jz8vpz1xo?at_medium=RSS&at_campaign=rss already exists.
2026-09-18 00:05:00,064 - INFO - [BBC] Early skip: URL https://www.bbc.co.uk/news/articles/c6n07ypqz8kzo?at_medium=RSS&at_campaign=rss already exists.
2026-09-18 00:05:00,065 - INFO - [BBC] Early skip: URL https://www.bbc.co.uk/news/articles/cxr50l3d762po?at_medium=RSS&at_campaign=rss already exists.
2026-09-18 00:05:00,067 - INFO - [BBC] Early skip: URL https://www.bbc.co.uk/sport/football/articles/cmwyzk6xkrd0o?at_medium=RSS&at_campaign=rss already exists.
2026-09-18 00:05:00,069 - INFO - [BBC] Early skip: URL https://www.bbc.co.uk/news/articles/cw4gmlyvj422o?at_medium=RSS&at_campaign=rss already exists.
2026-09-18 00:05:00,071 - INFO - [BBC] Early skip: URL https://www.bbc.co.uk/news/articles/c52e047wpw7po?at_medium=RSS&at_campaign=rss already exists.
2026-09-18 00:05:00,072 - INFO - [BBC] Early skip: URL https://www.bbc.co.uk/news/articles/c9lyk27g8ln7o?at_medium=RSS&at_campaign=rss already exists.
2026-09-18 00:05:00,075 - INFO - [BBC] Early skip: URL https://www.bbc.co.uk/sport/olympics/articles/cqvgy1m9z4k8o?at_medium=RSS&at_campaign=rss already exists.
2026-09-18 00:05:00,077 - INFO - [BBC] Early skip: URL https://www.bbc.co.uk/news/articles/c3lyrn4p870yo?at_medium=RSS&at_campaign=rss already exists.
2026-09-18 00:05:00,079 - INFO - [BBC] Early skip: URL https://www.bbc.co.uk/news/articles/cm986j81ky55o?at_medium=RSS&at_campaign=rss already exists.
2026-09-18 00:05:00,081 - INFO - [BBC] Early skip: URL https://www.bbc.co.uk/news/articles/c8g49e0gwxeno?at_medium=RSS&at_campaign=rss already exists.
2026-09-18 00:05:00,083 - INFO - [BBC] Early skip: URL https://www.bbc.co.uk/news/articles/cr3wjz3edd10o?at_medium=RSS&at_campaign=rss already exists.
2026-09-18 00:05:00,084 - INFO - [BBC] Early skip: URL https://www.bbc.co.uk/news/articles/c62l8g8qlr0ko?at_medium=RSS&at_campaign=rss already exists.
2026-09-18 00:05:00,087 - INFO - [BBC] Early skip: URL https://www.bbc.co.uk/news/articles/cvp8d00j9gg5o?at_medium=RSS&at_campaign=rss already exists.
2026-09-18 00:05:00,090 - INFO - [BBC] Early skip: URL https://www.bbc.co.uk/news/articles/c639m42y43v4o?at_medium=RSS&at_campaign=rss already exists.
2026-09-18 00:05:00,093 - INFO - [BBC] Early skip: URL https://www.bbc.co.uk/news/articles/c6dj4nn0n97ro?at_medium=RSS&at_campaign=rss already exists.
2026-09-18 00:05:00,096 - INFO - [BBC] Early skip: URL https://www.bbc.co.uk/news/articles/c6j9xrx80ekro?at_medium=RSS&at_campaign=rss already exists.
2026-09-18 00:05:00,097 - INFO - [BBC] Early skip: URL https://www.bbc.co.uk/news/articles/cqx2zpj4y525o?at_medium=RSS&at_campaign=rss already exists.
2026-09-18 00:05:00,099 - INFO - [BBC] Early skip: URL https://www.bbc.co.uk/news/articles/cr89jqd1w45eo?at_medium=RSS&at_campaign=rss already exists.
2026-09-18 00:05:00,100 - INFO - [BBC] Early skip: URL https://www.bbc.co.uk/news/articles/crlyqg1ekj4po?at_medium=RSS&at_campaign=rss already exists.
2026-09-18 00:05:00,104 - INFO - [BBC] Early skip: URL https://www.bbc.co.uk/news/articles/cx980qj57r89o?at_medium=RSS&at_campaign=rss already exists.
2026-09-18 00:05:00,106 - INFO - [BBC] Early skip: URL https://www.bbc.co.uk/news/articles/c68xkypqyxw7o?at_medium=RSS&at_campaign=rss already exists.
2026-09-18 00:05:00,107 - INFO - [BBC] Early skip: URL https://www.bbc.co.uk/news/articles/c8vgy3p6k3y9o?at_medium=RSS&at_campaign=rss already exists.
2026-09-18 00:05:00,108 - INFO - [BBC] Early skip: URL https://www.bbc.co.uk/news/articles/ck62m0r4r1y3o?at_medium=RSS&at_campaign=rss already exists.
2026-09-18 00:05:00,112 - INFO - [BBC] Early skip: URL https://www.bbc.co.uk/news/articles/c34gd48x5rlwo?at_medium=RSS&at_campaign=rss already exists.
2026-09-18 00:05:00,116 - INFO - [BBC] Early skip: URL https://www.bbc.co.uk/news/articles/ck0e3rnxev27o?at_medium=RSS&at_campaign=rss already exists.
2026-09-18 00:05:00,117 - INFO - [BBC] Early skip: URL https://www.bbc.co.uk/news/articles/c65yw2gq2nrno?at_medium=RSS&at_campaign=rss already exists.
2026-09-18 00:05:00,120 - INFO - [BBC] Early skip: URL https://www.bbc.co.uk/news/articles/cmy4zqgk97wlo?at_medium=RSS&at_campaign=rss already exists.
2026-09-18 00:05:00,123 - INFO - [BBC] Early skip: URL https://www.bbc.co.uk/news/articles/c33kmred368o?at_medium=RSS&at_campaign=rss already exists.
2026-09-18 00:05:00,125 - INFO - [BBC] Early skip: URL https://www.bbc.co.uk/news/videos/c6wyz8kk2nepo?at_medium=RSS&at_campaign=rss already exists.
2026-09-18 00:05:00,128 - INFO - [BBC] Early skip: URL https://www.bbc.co.uk/news/videos/cmew984dq92lo?at_medium=RSS&at_campaign=rss already exists.
2026-09-18 00:05:00,130 - INFO - [BBC] Early skip: URL https://www.bbc.co.uk/news/videos/c9dr7e1lr265o?at_medium=RSS&at_campaign=rss already exists.
2026-09-18 00:05:00,132 - INFO - [BBC] Early skip: URL https://www.bbc.co.uk/news/videos/cmzezj8gr224o?at_medium=RSS&at_campaign=rss already exists.
2026-09-18 00:05:00,133 - INFO - [BBC] (Thread) Finished. Attempting to shut down its Selenium driver.
2026-09-18 00:05:00,184 - ERROR - Failed to fetch Indian Express RSS feed: 403 Client Error: Forbidden for url: https://indianexpress.com/feed/
2026-09-18 00:05:00,184 - INFO - [Indian Express] (Thread) Finished. Attempting to shut down its Selenium driver.
2026-09-18 00:05:00,208 - INFO - Found 25 articles in Al Jazeera RSS feed. Processing until 8 new articles are saved.
2026-09-18 00:05:00,209 - INFO - [Al Jazeera] Article: https://www.aljazeera.com/news/2026/9/17/us-approves-414m-uranium-investment-in-niger-two-years-after-troops-left?traffic_source=rss
2026-09-18 00:05:00,209 - INFO - [Al Jazeera] Attempt 1/2: Trying with 'requests_browser' strategy...
2026-09-18 00:05:00,366 - INFO - Found 20 articles in NDTV RSS feed. Processing until 10 new articles are saved.
2026-09-18 00:05:00,366 - INFO - [NDTV] Early skip: URL https://www.ndtv.com/opinion/us-has-weaponised-indias-russia-oil-dependence-now-what-12059199#publisher=newsstand already exists.
2026-09-18 00:05:00,373 - INFO - [BBC] (Thread) driver.quit() successful.
2026-09-18 00:05:00,379 - INFO - [NDTV] Early skip: URL https://www.ndtv.com/india-news/supreme-courts-strong-remarks-against-tamil-nadus-opposition-to-hindi-12058998#publisher=newsstand already exists.
2026-09-18 00:05:00,381 - INFO - [NDTV] Early skip: URL https://www.ndtv.com/india-news/from-paris-with-a-deal-how-maharashtra-minister-helped-defuse-jarange-patils-fast-12058860#publisher=newsstand already exists.
2026-09-18 00:05:00,401 - INFO - [Indian Express] (Thread) driver.quit() successful.
2026-09-18 00:05:00,402 - INFO - [NDTV] Early skip: URL https://www.ndtv.com/india-news/5-congress-mps-did-not-dissent-on-upi-tax-proposal-say-sources-they-disagree-12058184#publisher=newsstand already exists.
2026-09-18 00:05:00,413 - INFO - [NDTV] Early skip: URL https://www.ndtv.com/mumbai-news/mumbai-cybercrime-facebook-ads-fake-calls-how-3-mumbai-residents-lost-over-rs-7-lakh-12058075#publisher=newsstand already exists.
2026-09-18 00:05:00,424 - INFO - [NDTV] Early skip: URL https://www.ndtv.com/bangalore-news/bengaluru-man-attacks-wife-on-camera-bengaluru-man-throws-acid-on-estranged-wife-attacks-her-with-machete-12058934#publisher=newsstand already exists.
2026-09-18 00:05:00,436 - INFO - [NDTV] Early skip: URL https://www.ndtv.com/world-news/indian-man-dies-on-malaysia-airlines-flight-to-sydney-after-asthma-attack-12058122#publisher=newsstand already exists.
2026-09-18 00:05:00,440 - INFO - [NDTV] Early skip: URL https://www.ndtv.com/india-news/lashkar-commander-and-pahalgam-attack-mastermind-saifullah-kasuri-gets-non-bailable-warrant-12058890#publisher=newsstand already exists.
2026-09-18 00:05:00,444 - INFO - [NDTV] Early skip: URL https://www.ndtv.com/india-news/indias-semiconductor-success-important-amid-supply-chain-risks-pm-narendra-modi-12058292#publisher=newsstand already exists.
2026-09-18 00:05:00,450 - INFO - [NDTV] Early skip: URL https://www.ndtv.com/world-news/fbi-foils-russian-plot-to-kill-dissident-in-washington-12058631#publisher=newsstand already exists.
2026-09-18 00:05:00,451 - INFO - [NDTV] Early skip: URL https://www.ndtv.com/opinion/how-the-houthis-have-exposed-pak-and-turkeys-real-intentions-12058423#publisher=newsstand already exists.
2026-09-18 00:05:00,455 - INFO - [NDTV] Early skip: URL https://www.ndtv.com/india-news/pm-modis-birthday-pm-narendra-modis-25-years-in-public-life-a-golden-era-for-poor-amit-shah-12058216#publisher=newsstand already exists.
2026-09-18 00:05:00,457 - INFO - [NDTV] Early skip: URL https://www.ndtv.com/world-news/druzhba-dosti-message-in-putins-birthday-message-for-pm-modi-12058788#publisher=newsstand already exists.
2026-09-18 00:05:00,458 - INFO - [NDTV] Early skip: URL https://www.ndtv.com/india-news/ex-kerala-dgp-found-guilty-in-rs-64-lakh-disproportionate-assets-case-12058479#publisher=newsstand already exists.
2026-09-18 00:05:00,464 - INFO - [NDTV] Early skip: URL https://www.ndtv.com/india-news/gurugram-hit-and-run-drunk-accused-kalyan-bainsla-chased-woman-biker-sia-for-2-km-before-hit-and-run-sources-12057942#publisher=newsstand already exists.
2026-09-18 00:05:00,466 - INFO - [NDTV] Early skip: URL https://www.ndtv.com/artificial-intelligence/dating-app-scams-use-ai-chatbots-and-real-gig-workers-to-deceive-thousands-of-users-12058729#publisher=newsstand already exists.
2026-09-18 00:05:00,469 - INFO - [NDTV] Early skip: URL https://www.ndtv.com/india-news/pm-narendra-modis-birthday-to-be-celebrated-as-annapurna-divas-in-west-bengal-every-year-12058690#publisher=newsstand already exists.
2026-09-18 00:05:00,480 - INFO - [NDTV] Early skip: URL https://www.ndtv.com/business-news/pm-modi-76-birthday-indian-economy-growth-modinomics-gdp-welfare-schemes-12058084#publisher=newsstand already exists.
2026-09-18 00:05:00,485 - INFO - [NDTV] Early skip: URL https://www.ndtv.com/india-news/rohit-pawar-joining-congress-sharad-pawars-grandnephew-replies-to-ndtv-12058597#publisher=newsstand already exists.
2026-09-18 00:05:00,486 - INFO - [NDTV] Early skip: URL https://www.ndtv.com/business-news/builders-launching-luxury-homes-buyers-cannot-afford-real-estate-paradox-12057509#publisher=newsstand already exists.
2026-09-18 00:05:00,489 - INFO - [NDTV] (Thread) Finished. Attempting to shut down its Selenium driver.
2026-09-18 00:05:00,514 - INFO - Found 50 articles in Wired RSS feed. Processing until 10 new articles are saved.
2026-09-18 00:05:00,517 - INFO - [Wired] Article: https://www.wired.com/story/uncanny-valley-podcast-heres-what-the-ai-apocalypse-could-look-like/
2026-09-18 00:05:00,520 - INFO - [Wired] Attempt 1/2: Trying with 'requests_browser' strategy...
2026-09-18 00:05:00,520 - INFO - [Al Jazeera] Success with 'requests_browser'. Found content (489 words).
2026-09-18 00:05:00,582 - INFO - [NDTV] (Thread) driver.quit() successful.
2026-09-18 00:05:00,683 - ERROR - parsed tree length: 1, wrong data type or not valid HTML
2026-09-18 00:05:00,684 - ERROR - empty HTML tree: None
2026-09-18 00:05:00,684 - WARNING - discarding data: None
2026-09-18 00:05:00,684 - WARNING - [Wired] FAILED with 'requests_browser' (content was too short: 0 words).
2026-09-18 00:05:02,059 - INFO - [Wired] Article: https://www.wired.com/story/uncanny-valley-podcast-heres-what-the-ai-apocalypse-could-look-like/
2026-09-18 00:05:02,514 - INFO - [Wired] Attempt 2/2: Trying with 'selenium_browser' strategy...
2026-09-18 00:05:03,695 - INFO - >>> SUCCESSFULLY SAVED [ID: 123028] - US approves $414M uranium investment in Niger, two years after troops left | Business and Economy News | Al Jazeera from Al Jazeera (489 words)
2026-09-18 00:05:03,738 - INFO - Found 20 articles in Times of India RSS feed. Processing until 20 new articles are saved.
2026-09-18 00:05:03,743 - INFO - [Times of India] Article: https://timesofindia.indiatimes.com/world/rest-of-world/australia-cracks-down-on-student-and-backpacker-visas-to-curb-migration/articleshow/134323247.cms
2026-09-18 00:05:03,746 - INFO - [Times of India] Attempt 1/1: Trying with 'selenium_browser' strategy...
2026-09-18 00:05:03,771 - INFO - Found 76 articles in Economic Times RSS feed. Processing until 20 new articles are saved.
2026-09-18 00:05:03,771 - INFO - [Economic Times] Article: https://economictimes.indiatimes.com/markets/stocks/news/indias-anti-ai-trade-hides-42-ai-enabler-stocks-that-rallied-60-already-goldman-sachs/articleshow/134309681.cms
2026-09-18 00:05:03,771 - INFO - [Economic Times] Attempt 1/2: Trying with 'requests_browser' strategy...
2026-09-18 00:05:04,038 - INFO - [The Hindu] Page content loaded.
2026-09-18 00:05:04,121 - ERROR - parsed tree length: 1, wrong data type or not valid HTML
2026-09-18 00:05:04,121 - ERROR - empty HTML tree: None
2026-09-18 00:05:04,121 - WARNING - discarding data: None
2026-09-18 00:05:04,122 - WARNING - [Economic Times] FAILED with 'requests_browser' (content was too short: 0 words).
2026-09-18 00:05:04,369 - INFO - [Al Jazeera] Article: https://www.aljazeera.com/video/newsfeed/2026/9/17/aje-onl-nf_medvedenkod-parties_challenge_united_russia-170926?traffic_source=rss
2026-09-18 00:05:04,369 - INFO - [Al Jazeera] Attempt 1/2: Trying with 'requests_browser' strategy...
2026-09-18 00:05:04,576 - WARNING - [Al Jazeera] FAILED with 'requests_browser' (content was too short: 67 words).
2026-09-18 00:05:04,644 - INFO - [Economic Times] Article: https://economictimes.indiatimes.com/markets/stocks/news/indias-anti-ai-trade-hides-42-ai-enabler-stocks-that-rallied-60-already-goldman-sachs/articleshow/134309681.cms
2026-09-18 00:05:04,645 - INFO - [Economic Times] Attempt 2/2: Trying with 'selenium_browser' strategy...
2026-09-18 00:05:05,080 - INFO - [Al Jazeera] Article: https://www.aljazeera.com/video/newsfeed/2026/9/17/aje-onl-nf_medvedenkod-parties_challenge_united_russia-170926?traffic_source=rss
2026-09-18 00:05:05,080 - INFO - [Al Jazeera] Attempt 2/2: Trying with 'selenium_browser' strategy...
2026-09-18 00:05:05,949 - INFO - [The Hindu] Success with 'selenium_browser'. Found content (152 words).
2026-09-18 00:05:09,507 - INFO - >>> SUCCESSFULLY SAVED [ID: 123029] - On PM’s birthday, J&K CM Omar Abdullah wishes for Statehood restoration - The Hindu from The Hindu (152 words)
2026-09-18 00:05:10,432 - INFO - [Al Jazeera] Page content loaded.
2026-09-18 00:05:10,858 - INFO - [The Hindu] Article: https://www.thehindu.com/news/national/bihar/bihar-cm-other-bjp-leaders-take-part-in-ashirwad-ka-diya-event-to-mark-pms-birthday/article71477125.ece
2026-09-18 00:05:10,858 - INFO - [The Hindu] Attempt 1/1: Trying with 'selenium_browser' strategy...
2026-09-18 00:05:11,057 - WARNING - [Al Jazeera] FAILED with 'selenium_browser' (content was too short: 67 words).
2026-09-18 00:05:11,058 - ERROR - [Al Jazeera] All scrape strategies failed for https://www.aljazeera.com/video/newsfeed/2026/9/17/aje-onl-nf_medvedenkod-parties_challenge_united_russia-170926?traffic_source=rss. Falling back to RSS description.
2026-09-18 00:05:11,058 - WARNING - SKIPPED (GLOBAL WORD LIMIT): Article 'Russia election: Could other parties challenge United Russia?' from Al Jazeera has only 18 words (Min: 90).
2026-09-18 00:05:12,387 - INFO - [Al Jazeera] Article: https://www.aljazeera.com/news/2026/9/17/trinidad-and-tobago-ends-state-of-emergency-amid-pushback-over-mass-arrests?traffic_source=rss
2026-09-18 00:05:12,387 - INFO - [Al Jazeera] Attempt 1/2: Trying with 'requests_browser' strategy...
2026-09-18 00:05:12,625 - INFO - [Al Jazeera] Success with 'requests_browser'. Found content (455 words).
2026-09-18 00:05:16,728 - INFO - >>> SUCCESSFULLY SAVED [ID: 123030] - Trinidad and Tobago ends state of emergency amid pushback over mass arrests | Government News | Al Jazeera from Al Jazeera (455 words)
2026-09-18 00:05:17,272 - INFO - [Al Jazeera] Early skip: URL https://www.aljazeera.com/news/2026/9/17/us-judge-orders-30-day-notice-prior-to-any-kennedy-center-physical-changes?traffic_source=rss already exists.
2026-09-18 00:05:17,274 - INFO - [Al Jazeera] Early skip: URL https://www.aljazeera.com/news/2026/9/17/trump-administration-approves-sale-of-f-35-jets-to-saudi-arabia?traffic_source=rss already exists.
2026-09-18 00:05:17,288 - INFO - [Al Jazeera] Article: https://www.aljazeera.com/video/newsfeed/2026/9/17/yemenis-recount-journey-to-djibouti-as-refugee-arrivals-surge?traffic_source=rss
2026-09-18 00:05:17,288 - INFO - [Al Jazeera] Attempt 1/2: Trying with 'requests_browser' strategy...
2026-09-18 00:05:17,560 - WARNING - [Al Jazeera] FAILED with 'requests_browser' (content was too short: 52 words).
2026-09-18 00:05:18,405 - INFO - [Al Jazeera] Article: https://www.aljazeera.com/video/newsfeed/2026/9/17/yemenis-recount-journey-to-djibouti-as-refugee-arrivals-surge?traffic_source=rss
2026-09-18 00:05:18,405 - INFO - [Al Jazeera] Attempt 2/2: Trying with 'selenium_browser' strategy...
2026-09-18 00:05:20,167 - INFO - [The Hindu] Page content loaded.
2026-09-18 00:05:22,166 - INFO - [The Hindu] Success with 'selenium_browser'. Found content (610 words).
2026-09-18 00:05:25,875 - INFO - >>> SUCCESSFULLY SAVED [ID: 123031] - Bihar CM, other BJP leaders take part in Ashirwad Ka Diya event to mark PM’s birthday - The Hindu from The Hindu (610 words)
2026-09-18 00:05:27,187 - INFO - [Al Jazeera] Page content loaded.
2026-09-18 00:05:27,192 - INFO - [The Hindu] Article: https://www.thehindu.com/news/cities/kolkata/west-bengal-govt-participates-in-pm-modis-birthday-celebrations-life-size-statue-unveiled-at-bjp-office-in-kolkata/article71476992.ece
2026-09-18 00:05:27,192 - INFO - [The Hindu] Attempt 1/1: Trying with 'selenium_browser' strategy...
2026-09-18 00:05:29,334 - INFO - [Times of India] Page content loaded.
2026-09-18 00:05:31,022 - WARNING - [Al Jazeera] FAILED with 'selenium_browser' (content was too short: 52 words).
2026-09-18 00:05:31,023 - ERROR - [Al Jazeera] All scrape strategies failed for https://www.aljazeera.com/video/newsfeed/2026/9/17/yemenis-recount-journey-to-djibouti-as-refugee-arrivals-surge?traffic_source=rss. Falling back to RSS description.
2026-09-18 00:05:31,023 - WARNING - SKIPPED (GLOBAL WORD LIMIT): Article 'Yemenis recount journey to Djibouti as refugee arrivals surge' from Al Jazeera has only 16 words (Min: 90).
2026-09-18 00:05:32,256 - INFO - [Al Jazeera] Early skip: URL https://www.aljazeera.com/news/2026/9/17/us-approves-visas-for-top-iranian-leaders-to-attend-un-general-assembly?traffic_source=rss already exists.
2026-09-18 00:05:32,258 - INFO - [Al Jazeera] Early skip: URL https://www.aljazeera.com/news/2026/9/17/pennsylvania-seeks-cdc-help-amid-dispute-over-us-measles-deaths?traffic_source=rss already exists.
2026-09-18 00:05:32,265 - INFO - [Al Jazeera] Early skip: URL https://www.aljazeera.com/news/2026/9/17/russia-china-veto-un-mandate-to-monitor-iran-sanctions?traffic_source=rss already exists.
2026-09-18 00:05:32,268 - INFO - [Al Jazeera] Early skip: URL https://www.aljazeera.com/news/2026/9/17/at-least-26-killed-in-clashes-along-sudan-south-sudan-border-region?traffic_source=rss already exists.
2026-09-18 00:05:32,270 - INFO - [Al Jazeera] Article: https://www.aljazeera.com/video/newsfeed/2026/9/17/why-does-brazil-get-to-speak-first-at-unga?traffic_source=rss
2026-09-18 00:05:32,270 - INFO - [Al Jazeera] Attempt 1/2: Trying with 'requests_browser' strategy...
2026-09-18 00:05:32,466 - INFO - [Economic Times] Page content loaded.
2026-09-18 00:05:32,557 - WARNING - [Al Jazeera] FAILED with 'requests_browser' (content was too short: 64 words).
2026-09-18 00:05:32,671 - INFO - [Times of India] Success with 'selenium_browser'. Found content (446 words).
2026-09-18 00:05:34,683 - INFO - [Al Jazeera] Article: https://www.aljazeera.com/video/newsfeed/2026/9/17/why-does-brazil-get-to-speak-first-at-unga?traffic_source=rss
2026-09-18 00:05:34,683 - INFO - [Al Jazeera] Attempt 2/2: Trying with 'selenium_browser' strategy...
2026-09-18 00:05:36,294 - INFO - >>> SUCCESSFULLY SAVED [ID: 123032] - Australia cracks down on student and backpacker visas to curb migration - The Times of India from Times of India (446 words)
2026-09-18 00:05:37,185 - INFO - [Times of India] Early skip: URL https://timesofindia.indiatimes.com/world/europe/russia-kicks-off-voting-in-first-parliamentary-election-since-ukraine-war-began/articleshow/134321045.cms already exists.
2026-09-18 00:05:37,187 - INFO - [Times of India] Early skip: URL https://timesofindia.indiatimes.com/world/us/a-virginia-teen-started-with-a-dessert-fundraiser-2-years-ago-his-youth-team-has-now-rescued-over-300000-pounds-of-food-and-raised-nearly-52000/articleshow/134320827.cms already exists.
2026-09-18 00:05:37,197 - INFO - [Times of India] Early skip: URL https://timesofindia.indiatimes.com/world/us/girlfriend-detained-by-ice-after-opt-denial-redditor-says-she-had-no-criminal-record-no-prior-removal-order/articleshow/134321010.cms already exists.
2026-09-18 00:05:37,201 - INFO - [Times of India] Early skip: URL https://timesofindia.indiatimes.com/real-estate/news/in-2005-derek-jeter-assembled-three-tampa-waterfront-lots-for-7-7-million-and-built-a-22000-sq-ft-mansion-after-selling-it-for-22-5-million-in-2021-the-home-was-marked-for-demolition/articleshow/134316193.cms already exists.
2026-09-18 00:05:37,203 - INFO - [Times of India] Early skip: URL https://timesofindia.indiatimes.com/real-estate/news/in-2000-bob-dylan-sold-his-harlem-townhouse-for-560000-after-a-preservation-led-renovation-the-four-storey-strivers-row-residence-has-now-sold-for-2-8-million/articleshow/134288558.cms already exists.
2026-09-18 00:05:37,207 - INFO - [Times of India] Early skip: URL https://timesofindia.indiatimes.com/world/us/us-making-major-progress-towards-army-base-in-poland-says-donald-trump/articleshow/134319481.cms already exists.
2026-09-18 00:05:37,210 - INFO - [Times of India] Early skip: URL https://timesofindia.indiatimes.com/real-estate/in-1873-rutherford-b-hayes-began-buying-a-7-acre-lake-erie-island-that-became-his-familys-summer-retreat-after-listing-for-5-million-the-undeveloped-island-is-now-asking-3-8-million/articleshow/134320379.cms already exists.
2026-09-18 00:05:37,211 - INFO - [Times of India] Early skip: URL https://timesofindia.indiatimes.com/world/uk/charles-giddily-elated-after-dianas-death-her-brother-claims-like-a-lottery-winner-buckingham-palace-responds/articleshow/134320638.cms already exists.
2026-09-18 00:05:37,213 - INFO - [Times of India] Early skip: URL https://timesofindia.indiatimes.com/world/rest-of-world/who-is-tamara-lich-canada-activist-barred-from-international-travel-as-court-rejects-her-request/articleshow/134320376.cms already exists.
2026-09-18 00:05:37,214 - INFO - [Times of India] Early skip: URL https://timesofindia.indiatimes.com/world/us/in-2023-a-kentucky-farmer-found-an-1856-silver-half-dollar-in-his-field-within-an-hour-he-uncovered-800-coins-including-18-rare-1863-double-eagles-later-sold-for-more-than-3-million/articleshow/134317070.cms already exists.
2026-09-18 00:05:37,216 - INFO - [Times of India] Early skip: URL https://timesofindia.indiatimes.com/world/rest-of-world/visa-news-indian-students-to-face-new-family-restrictions-in-australia-no-visa-hopping-allowed/articleshow/134319415.cms already exists.
2026-09-18 00:05:37,218 - INFO - [Times of India] Early skip: URL https://timesofindia.indiatimes.com/world/us/wife-of-us-scholar-detained-in-china-asks-trump-to-raise-case-with-xi-during-white-house-meet/articleshow/134318646.cms already exists.
2026-09-18 00:05:37,227 - INFO - [Times of India] Early skip: URL https://timesofindia.indiatimes.com/world/us/fbi-warns-tradwife-women-may-be-targeting-ice-agents-through-fake-dating-profiles-report/articleshow/134318104.cms already exists.
2026-09-18 00:05:37,231 - INFO - [Times of India] Early skip: URL https://timesofindia.indiatimes.com/science/wildlife/ann-hammond-spent-years-restoring-her-12-acre-iowa-property-with-native-habitat-years-later-a-federally-endangered-bumblebee-appeared-among-her-flowers/articleshow/134287742.cms already exists.
2026-09-18 00:05:37,235 - INFO - [Times of India] Early skip: URL https://timesofindia.indiatimes.com/world/uk/who-was-noah-woods-3-year-old-non-verbal-suffolk-boy-with-partial-hearing-loss-remembered-by-father-as-the-sweetest-and-most-innocent-little-boy-after-body-found-in-pond/articleshow/134317304.cms already exists.
2026-09-18 00:05:37,237 - INFO - [Times of India] Early skip: URL https://timesofindia.indiatimes.com/world/rest-of-world/12-year-old-girl-finds-14000-kirstys-across-50-countries-raised-100000-from-her-namesakes-for-charity/articleshow/134303553.cms already exists.
2026-09-18 00:05:37,239 - INFO - [Times of India] Early skip: URL https://timesofindia.indiatimes.com/world/rest-of-world/egyptian-archaeologists-uncovered-a-tomb-at-saqqara-with-3-sealed-sarcophagi-and-more-than-100-figurines-from-later-burials/articleshow/134304573.cms already exists.
2026-09-18 00:05:37,240 - INFO - [Times of India] Early skip: URL https://timesofindia.indiatimes.com/world/us/quote-of-the-day-by-dwayne-johnson-be-humble-be-hungry-and-always-be-a-powerful-lesson-in-staying-grounded-after-success/articleshow/134305278.cms already exists.
2026-09-18 00:05:37,242 - INFO - [Times of India] Early skip: URL https://timesofindia.indiatimes.com/world/us/new-york-city-volunteers-planted-20000-marsh-seedlings-on-a-dying-salt-marsh-in-2003-but-80-of-the-site-was-healthy-just-two-years-later/articleshow/134306485.cms already exists.
2026-09-18 00:05:37,248 - INFO - [Times of India] (Thread) Finished. Attempting to shut down its Selenium driver.
2026-09-18 00:05:37,712 - INFO - [Times of India] (Thread) driver.quit() successful.
2026-09-18 00:05:37,889 - WARNING - [The Hindu] Page explicit wait timed out (3s). Proceeding anyway.
2026-09-18 00:05:38,381 - INFO - [Wired] Page content loaded.
2026-09-18 00:05:39,027 - INFO - [The Hindu] Success with 'selenium_browser'. Found content (420 words).
2026-09-18 00:05:44,486 - INFO - >>> SUCCESSFULLY SAVED [ID: 123033] - West Bengal govt. participates in PM Modi’s birthday celebrations; life-size statue unveiled at BJP office in Kolkata - The Hindu from The Hindu (420 words)
2026-09-18 00:05:44,496 - INFO - [Al Jazeera] Page content loaded.
2026-09-18 00:05:45,069 - WARNING - [Al Jazeera] FAILED with 'selenium_browser' (content was too short: 64 words).
2026-09-18 00:05:45,070 - ERROR - [Al Jazeera] All scrape strategies failed for https://www.aljazeera.com/video/newsfeed/2026/9/17/why-does-brazil-get-to-speak-first-at-unga?traffic_source=rss. Falling back to RSS description.
2026-09-18 00:05:45,070 - WARNING - SKIPPED (GLOBAL WORD LIMIT): Article 'Why does Brazil get to speak first at UNGA?' from Al Jazeera has only 9 words (Min: 90).
2026-09-18 00:05:45,250 - INFO - [The Hindu] Article: https://www.thehindu.com/news/cities/kolkata/no-culture-of-cut-money-in-bengal-anymore-pm-modi/article71477468.ece
2026-09-18 00:05:45,250 - INFO - [The Hindu] Attempt 1/1: Trying with 'selenium_browser' strategy...
2026-09-18 00:05:45,652 - INFO - [Wired] Success with 'selenium_browser'. Found content (6294 words).
2026-09-18 00:05:46,146 - INFO - [Al Jazeera] Early skip: URL https://www.aljazeera.com/video/inside-story/2026/9/17/can-middle-powers-come-together-to-build-a-new-economic-alliance-2?traffic_source=rss already exists.
2026-09-18 00:05:46,148 - INFO - [Al Jazeera] Article: https://www.aljazeera.com/video/newsfeed/2026/9/17/why-have-chinas-oil-prices-reached-a-record-high?traffic_source=rss
2026-09-18 00:05:46,148 - INFO - [Al Jazeera] Attempt 1/2: Trying with 'requests_browser' strategy...
2026-09-18 00:05:46,294 - WARNING - [Al Jazeera] FAILED with 'requests_browser' (content was too short: 66 words).
2026-09-18 00:05:47,890 - INFO - [Al Jazeera] Article: https://www.aljazeera.com/video/newsfeed/2026/9/17/why-have-chinas-oil-prices-reached-a-record-high?traffic_source=rss
2026-09-18 00:05:47,890 - INFO - [Al Jazeera] Attempt 2/2: Trying with 'selenium_browser' strategy...
2026-09-18 00:05:49,730 - INFO - >>> SUCCESSFULLY SAVED [ID: 123034] - Here’s What the AI Apocalypse Could Look Like | WIRED from Wired (6294 words)
2026-09-18 00:05:51,145 - INFO - [Wired] Article: https://www.wired.com/story/amazon-prime-perks/
2026-09-18 00:05:51,145 - INFO - [Wired] Attempt 1/2: Trying with 'requests_browser' strategy...
2026-09-18 00:05:51,333 - ERROR - parsed tree length: 1, wrong data type or not valid HTML
2026-09-18 00:05:51,333 - ERROR - empty HTML tree: None
2026-09-18 00:05:51,333 - WARNING - discarding data: None
2026-09-18 00:05:51,333 - WARNING - [Wired] FAILED with 'requests_browser' (content was too short: 0 words).
2026-09-18 00:05:51,933 - INFO - [Al Jazeera] Page content loaded.
2026-09-18 00:05:52,079 - INFO - [Wired] Article: https://www.wired.com/story/amazon-prime-perks/
2026-09-18 00:05:52,079 - INFO - [Wired] Attempt 2/2: Trying with 'selenium_browser' strategy...
2026-09-18 00:05:52,254 - WARNING - [Al Jazeera] FAILED with 'selenium_browser' (content was too short: 66 words).
2026-09-18 00:05:52,255 - ERROR - [Al Jazeera] All scrape strategies failed for https://www.aljazeera.com/video/newsfeed/2026/9/17/why-have-chinas-oil-prices-reached-a-record-high?traffic_source=rss. Falling back to RSS description.
2026-09-18 00:05:52,255 - WARNING - SKIPPED (GLOBAL WORD LIMIT): Article 'Why have China’s oil prices reached a record high?' from Al Jazeera has only 9 words (Min: 90).
2026-09-18 00:05:52,931 - ERROR - [Economic Times] Request failed for strategy 'selenium_browser' on URL https://economictimes.indiatimes.com/markets/stocks/news/indias-anti-ai-trade-hides-42-ai-enabler-stocks-that-rallied-60-already-goldman-sachs/articleshow/134309681.cms: Message: timeout: Timed out receiving message from renderer: 7.000
  (Session info: chrome=153.0.8010.47)
Stacktrace:
#0 0x55a243d223da <unknown>
#1 0x55a2436575d9 <unknown>
#2 0x55a24363effb <unknown>
#3 0x55a24363ec76 <unknown>
#4 0x55a24363c8b0 <unknown>
#5 0x55a24363d20f <unknown>
#6 0x55a24364c3b0 <unknown>
#7 0x55a2436662f7 <unknown>
#8 0x55a24366dd4b <unknown>
#9 0x55a24363d969 <unknown>
#10 0x55a243666052 <unknown>
#11 0x55a2436f77d2 <unknown>
#12 0x55a2436a0bab <unknown>
#13 0x55a2436a1991 <unknown>
#14 0x55a243ce51e7 <unknown>
#15 0x55a243ce3a15 <unknown>
#16 0x55a243cceae5 <unknown>
#17 0x55a243ce466a <unknown>
#18 0x55a243cb7249 <unknown>
#19 0x55a243d0c678 <unknown>
#20 0x55a243d0c815 <unknown>
#21 0x55a243d20d33 <unknown>
#22 0x7ff81909cb84 <unknown>
#23 0x7ff819129d6c <unknown>

2026-09-18 00:05:52,931 - ERROR - [Economic Times] All scrape strategies failed for https://economictimes.indiatimes.com/markets/stocks/news/indias-anti-ai-trade-hides-42-ai-enabler-stocks-that-rallied-60-already-goldman-sachs/articleshow/134309681.cms. Falling back to RSS description.
2026-09-18 00:05:52,931 - WARNING - SKIPPED (GLOBAL WORD LIMIT): Article 'India’s ‘anti-AI’ trade hides 42 AI-enabler stocks that rallied 60% already: Goldman Sachs ' from Economic Times has only 40 words (Min: 90).
2026-09-18 00:05:53,019 - INFO - [Al Jazeera] Early skip: URL https://www.aljazeera.com/news/2026/9/17/russian-plans-include-strikes-against-ukraines-allies-poland-says?traffic_source=rss already exists.
2026-09-18 00:05:53,023 - INFO - [Al Jazeera] Article: https://www.aljazeera.com/news/2026/9/17/ilhan-omar-attacker-pleads-guilty-sentenced-to-more-than-a-year-in-prison?traffic_source=rss
2026-09-18 00:05:53,023 - INFO - [Al Jazeera] Attempt 1/2: Trying with 'requests_browser' strategy...
2026-09-18 00:05:53,151 - INFO - [Al Jazeera] Success with 'requests_browser'. Found content (604 words).
2026-09-18 00:05:55,153 - INFO - [Economic Times] Early skip: URL https://economictimes.indiatimes.com/markets/stocks/news/sebi-bars-kore-digital-promoters-over-alleged-rs-541-crore-revenue-misstatement/articleshow/134316145.cms already exists.
2026-09-18 00:05:56,069 - INFO - [Economic Times] Early skip: URL https://economictimes.indiatimes.com/markets/ipos/fpos/nse-ipo-day-1-issue-subscribed-22-in-early-hours-gmp-signals-9-listing-gain-should-you-subscribe/articleshow/134304976.cms already exists.
2026-09-18 00:05:56,311 - INFO - [Economic Times] Early skip: URL https://economictimes.indiatimes.com/markets/stocks/news/investors-should-assess-if-fo-trading-works-sebi-chief-tuhin-kanta-pandey-after-heavy-losses/articleshow/134309986.cms already exists.
2026-09-18 00:05:56,311 - INFO - >>> SUCCESSFULLY SAVED [ID: 123035] - Ilhan Omar attacker sentenced to more than a year in prison | News | Al Jazeera from Al Jazeera (604 words)
2026-09-18 00:05:56,314 - INFO - [Economic Times] Early skip: URL https://economictimes.indiatimes.com/markets/cryptocurrency/crypto-news/how-fed-rate-hike-can-impact-bitcoin-and-other-crypto-investors/articleshow/134307073.cms already exists.
2026-09-18 00:05:56,317 - INFO - [Economic Times] Early skip: URL https://economictimes.indiatimes.com/markets/stocks/news/rentomojo-shares-jump-9-after-listing-at-19-premium-over-ipo-price-can-the-debut-day-mojo-last/articleshow/134303672.cms already exists.
2026-09-18 00:05:56,319 - INFO - [Economic Times] Article: https://economictimes.indiatimes.com/news/economy/policy/rbi-special-windows-seen-big-enough-to-bring-in-100b/articleshow/132813309.cms
2026-09-18 00:05:56,319 - INFO - [Economic Times] Attempt 1/2: Trying with 'requests_browser' strategy...
2026-09-18 00:05:56,834 - INFO - [Economic Times] Success with 'requests_browser'. Found content (322 words).
2026-09-18 00:05:56,930 - INFO - [Al Jazeera] Article: https://www.aljazeera.com/video/newsfeed/2026/9/17/four-bodies-found-in-nepal-tunnel-as-flood-search-continues?traffic_source=rss
2026-09-18 00:05:56,930 - INFO - [Al Jazeera] Attempt 1/2: Trying with 'requests_browser' strategy...
2026-09-18 00:05:57,053 - WARNING - [Al Jazeera] FAILED with 'requests_browser' (content was too short: 65 words).
2026-09-18 00:05:58,488 - INFO - [Al Jazeera] Article: https://www.aljazeera.com/video/newsfeed/2026/9/17/four-bodies-found-in-nepal-tunnel-as-flood-search-continues?traffic_source=rss
2026-09-18 00:05:58,488 - INFO - [Al Jazeera] Attempt 2/2: Trying with 'selenium_browser' strategy...
2026-09-18 00:05:58,489 - INFO - [Wired] Page content loaded.
2026-09-18 00:05:59,859 - ERROR - Error saving article RBI special windows seen big enough to bring in $100B - The Economic Times: Hrana: `stream error: `Error { message: "SQLite error: UNIQUE constraint failed: articles.url", code: "SQLITE_CONSTRAINT" }``
2026-09-18 00:05:59,859 - WARNING - [The Hindu] Page get timed out (7s). Proceeding to grab partial source anyway.
2026-09-18 00:06:00,128 - INFO - [Wired] Success with 'selenium_browser'. Found content (2224 words).
2026-09-18 00:06:02,006 - INFO - [Economic Times] Article: https://economictimes.indiatimes.com/news/economy/foreign-trade/india-canada-aim-to-conclude-cepa-trade-pact-by-end-2026-mea/articleshow/132813105.cms
2026-09-18 00:06:02,006 - INFO - [Economic Times] Attempt 1/2: Trying with 'requests_browser' strategy...
2026-09-18 00:06:03,354 - ERROR - Error saving article 26 Amazon Prime Perks You Might Know You Have (2026) | WIRED: Hrana: `stream error: `Error { message: "SQLite error: UNIQUE constraint failed: articles.url", code: "SQLITE_CONSTRAINT" }``
2026-09-18 00:06:03,376 - INFO - [Al Jazeera] Page content loaded.
2026-09-18 00:06:03,503 - WARNING - [Al Jazeera] FAILED with 'selenium_browser' (content was too short: 65 words).
2026-09-18 00:06:03,503 - ERROR - [Al Jazeera] All scrape strategies failed for https://www.aljazeera.com/video/newsfeed/2026/9/17/four-bodies-found-in-nepal-tunnel-as-flood-search-continues?traffic_source=rss. Falling back to RSS description.
2026-09-18 00:06:03,503 - WARNING - SKIPPED (GLOBAL WORD LIMIT): Article 'Four bodies found in Nepal tunnel as flood search continues' from Al Jazeera has only 14 words (Min: 90).
2026-09-18 00:06:03,561 - INFO - [Economic Times] Success with 'requests_browser'. Found content (209 words).
2026-09-18 00:06:05,219 - INFO - [Wired] Early skip: URL https://www.wired.com/story/the-ai-slowdown-is-an-antitrust-mess/ already exists.
2026-09-18 00:06:05,220 - INFO - [Al Jazeera] Article: https://www.aljazeera.com/video/newsfeed/2026/9/17/houthi-leader-denies-targeting-mecca-vows-to-protect-holy-city?traffic_source=rss
2026-09-18 00:06:05,667 - INFO - [Al Jazeera] Attempt 1/2: Trying with 'requests_browser' strategy...
2026-09-18 00:06:05,668 - INFO - [Wired] Early skip: URL https://www.wired.com/story/customer-data-permanently-lost-in-iran-strikes-on-amazon-data-centers/ already exists.
2026-09-18 00:06:06,575 - INFO - [Wired] Early skip: URL https://www.wired.com/story/are-rogue-ai-agents-really-just-a-cybersecurity-problem/ already exists.
2026-09-18 00:06:06,580 - ERROR - Error saving article India, Canada aim to conclude CEPA trade pact by end-2026: MEA - The Economic Times: Hrana: `stream error: `Error { message: "SQLite error: UNIQUE constraint failed: articles.url", code: "SQLITE_CONSTRAINT" }``
2026-09-18 00:06:06,580 - INFO - [Wired] Early skip: URL https://www.wired.com/review/apple-watch-series-12/ already exists.
2026-09-18 00:06:06,581 - INFO - [Wired] Early skip: URL https://www.wired.com/gallery/iphone-buying-guide/ already exists.
2026-09-18 00:06:06,583 - INFO - [Wired] Early skip: URL https://www.wired.com/review/soundboks-rider/ already exists.
2026-09-18 00:06:06,584 - INFO - [Wired] Early skip: URL https://www.wired.com/story/people-are-pissed-off-and-ready-to-own-their-shit/ already exists.
2026-09-18 00:06:06,585 - INFO - [Wired] Early skip: URL https://www.wired.com/story/fast-and-furious-roller-coaster/ already exists.
2026-09-18 00:06:06,588 - INFO - [Wired] Early skip: URL https://www.wired.com/story/the-eu-wants-to-break-up-kids-and-their-chatbots/ already exists.
2026-09-18 00:06:06,590 - INFO - [Wired] Early skip: URL https://www.wired.com/story/hundreds-of-election-deniers-will-be-on-the-ballot-this-november/ already exists.
2026-09-18 00:06:06,591 - INFO - [Wired] Early skip: URL https://www.wired.com/story/trump-defense-department-sends-alien-disclosure-signal/ already exists.
2026-09-18 00:06:06,598 - INFO - [Wired] Early skip: URL https://www.wired.com/story/flock-once-touted-its-cameras-as-made-in-the-usa-now-its-not-so-clear/ already exists.
2026-09-18 00:06:06,599 - INFO - [Wired] Article: https://www.wired.com/story/noom-promo-code/
2026-09-18 00:06:06,599 - INFO - [Wired] Attempt 1/2: Trying with 'requests_browser' strategy...
2026-09-18 00:06:06,611 - WARNING - [Al Jazeera] FAILED with 'requests_browser' (content was too short: 51 words).
2026-09-18 00:06:06,717 - ERROR - parsed tree length: 1, wrong data type or not valid HTML
2026-09-18 00:06:06,717 - ERROR - empty HTML tree: None
2026-09-18 00:06:06,717 - WARNING - discarding data: None
2026-09-18 00:06:06,717 - WARNING - [Wired] FAILED with 'requests_browser' (content was too short: 0 words).
2026-09-18 00:06:06,870 - WARNING - [The Hindu] Page explicit wait timed out (3s). Proceeding anyway.
2026-09-18 00:06:07,118 - INFO - [Al Jazeera] Article: https://www.aljazeera.com/video/newsfeed/2026/9/17/houthi-leader-denies-targeting-mecca-vows-to-protect-holy-city?traffic_source=rss
2026-09-18 00:06:07,118 - INFO - [Al Jazeera] Attempt 2/2: Trying with 'selenium_browser' strategy...
2026-09-18 00:06:07,299 - INFO - [Wired] Article: https://www.wired.com/story/noom-promo-code/
2026-09-18 00:06:07,299 - INFO - [Wired] Attempt 2/2: Trying with 'selenium_browser' strategy...
2026-09-18 00:06:07,918 - INFO - [Economic Times] Article: https://economictimes.indiatimes.com/news/economy/infrastructure/govts-urban-reset-centre-divides-ministry-of-housing-and-urban-affairs-into-two-specialised-verticals/articleshow/132812900.cms
2026-09-18 00:06:07,918 - INFO - [Economic Times] Attempt 1/2: Trying with 'requests_browser' strategy...
2026-09-18 00:06:08,032 - INFO - [Al Jazeera] Page content loaded.
2026-09-18 00:06:08,214 - WARNING - [Al Jazeera] FAILED with 'selenium_browser' (content was too short: 51 words).
2026-09-18 00:06:08,214 - ERROR - [Al Jazeera] All scrape strategies failed for https://www.aljazeera.com/video/newsfeed/2026/9/17/houthi-leader-denies-targeting-mecca-vows-to-protect-holy-city?traffic_source=rss. Falling back to RSS description.
2026-09-18 00:06:08,214 - WARNING - SKIPPED (GLOBAL WORD LIMIT): Article 'Houthi leader denies targeting Mecca, vows to protect holy city' from Al Jazeera has only 14 words (Min: 90).
2026-09-18 00:06:08,538 - INFO - [Economic Times] Success with 'requests_browser'. Found content (251 words).
2026-09-18 00:06:10,107 - INFO - [Al Jazeera] Article: https://www.aljazeera.com/news/2026/9/17/russia-sabotaging-power-supply-lines-at-zaporizhzhia-plant-greenpeace?traffic_source=rss
2026-09-18 00:06:10,554 - INFO - [Al Jazeera] Attempt 1/2: Trying with 'requests_browser' strategy...
2026-09-18 00:06:11,449 - ERROR - Error saving article Govt's urban reset: Centre divides ministry of Housing and Urban Affairs into two specialised verticals - The Economic Times: Hrana: `stream error: `Error { message: "SQLite error: UNIQUE constraint failed: articles.url", code: "SQLITE_CONSTRAINT" }``
2026-09-18 00:06:11,450 - INFO - [Wired] Page content loaded.
2026-09-18 00:06:11,479 - INFO - [Al Jazeera] Success with 'requests_browser'. Found content (451 words).
2026-09-18 00:06:12,934 - INFO - [Economic Times] Article: https://economictimes.indiatimes.com/news/economy/foreign-trade/india-uk-ceta-takes-effect-first-zero-duty-indian-coffee-jewellery-consignments-reach-uk-shores/articleshow/132442764.cms
2026-09-18 00:06:13,380 - INFO - [Economic Times] Attempt 1/2: Trying with 'requests_browser' strategy...
2026-09-18 00:06:14,301 - ERROR - [The Hindu] Request failed for strategy 'selenium_browser' on URL https://www.thehindu.com/news/cities/kolkata/no-culture-of-cut-money-in-bengal-anymore-pm-modi/article71477468.ece: Message: timeout: Timed out receiving message from renderer: 7.000
  (Session info: chrome=153.0.8010.47)
Stacktrace:
#0 0x55b754f7c3da <unknown>
#1 0x55b7548b15d9 <unknown>
#2 0x55b754898ffb <unknown>
#3 0x55b754898c76 <unknown>
#4 0x55b7548968b0 <unknown>
#5 0x55b75489720f <unknown>
#6 0x55b7548a63b0 <unknown>
#7 0x55b7548c02f7 <unknown>
#8 0x55b7548c7d4b <unknown>
#9 0x55b754897969 <unknown>
#10 0x55b7548c0052 <unknown>
#11 0x55b7549517d2 <unknown>
#12 0x55b7548fabab <unknown>
#13 0x55b7548fb991 <unknown>
#14 0x55b754f3f1e7 <unknown>
#15 0x55b754f3da15 <unknown>
#16 0x55b754f28ae5 <unknown>
#17 0x55b754f3e66a <unknown>
#18 0x55b754f11249 <unknown>
#19 0x55b754f66678 <unknown>
#20 0x55b754f66815 <unknown>
#21 0x55b754f7ad33 <unknown>
#22 0x7f1aef09cb84 <unknown>
#23 0x7f1aef129d6c <unknown>

2026-09-18 00:06:14,301 - ERROR - [The Hindu] All scrape strategies failed for https://www.thehindu.com/news/cities/kolkata/no-culture-of-cut-money-in-bengal-anymore-pm-modi/article71477468.ece. Falling back to RSS description.
2026-09-18 00:06:14,301 - WARNING - SKIPPED (GLOBAL WORD LIMIT): Article 'No culture of cut-money in Bengal anymore: PM Modi' from The Hindu has only 24 words (Min: 90).
2026-09-18 00:06:14,559 - INFO - >>> SUCCESSFULLY SAVED [ID: 123040] - Russia ‘sabotaging’ power supply lines at Zaporizhzhia plant: Greenpeace | Russia-Ukraine war News | Al Jazeera from Al Jazeera (451 words)
2026-09-18 00:06:14,628 - INFO - [Economic Times] Success with 'requests_browser'. Found content (946 words).
2026-09-18 00:06:14,695 - INFO - [Wired] Success with 'selenium_browser'. Found content (583 words).
2026-09-18 00:06:16,157 - INFO - [The Hindu] Article: https://www.thehindu.com/news/national/fm-nirmala-sitharaman-meets-nepalese-counterpart-wagle-discusses-flood-recovery/article71478365.ece
2026-09-18 00:06:16,157 - INFO - [Al Jazeera] Article: https://www.aljazeera.com/news/2026/9/17/third-person-dies-from-malaria-in-cluster-near-germanys-frankfurt-airport?traffic_source=rss
2026-09-18 00:06:17,519 - INFO - [The Hindu] Attempt 1/1: Trying with 'selenium_browser' strategy...
2026-09-18 00:06:17,519 - ERROR - Error saving article India-UK CETA takes effect: First zero-duty Indian coffee, jewellery consignments reach UK shores - The Economic Times: Hrana: `stream error: `Error { message: "SQLite error: UNIQUE constraint failed: articles.url", code: "SQLITE_CONSTRAINT" }``
2026-09-18 00:06:17,519 - INFO - [Al Jazeera] Attempt 1/2: Trying with 'requests_browser' strategy...
2026-09-18 00:06:17,575 - INFO - [Al Jazeera] Success with 'requests_browser'. Found content (322 words).
2026-09-18 00:06:18,972 - INFO - [Economic Times] Article: https://economictimes.indiatimes.com/news/economy/foreign-trade/from-oman-to-tanzania-how-the-iran-war-is-redrawing-indias-trade-map/articleshow/131762760.cms
2026-09-18 00:06:19,419 - INFO - [Economic Times] Attempt 1/2: Trying with 'requests_browser' strategy...
2026-09-18 00:06:20,315 - ERROR - Error saving article Noom Promo Codes: 50% Off Best Deals & Free Trials for September 2026 | WIRED: Hrana: `stream error: `Error { message: "SQLite error: UNIQUE constraint failed: articles.url", code: "SQLITE_CONSTRAINT" }``
2026-09-18 00:06:20,363 - INFO - [Economic Times] Success with 'requests_browser'. Found content (378 words).
2026-09-18 00:06:21,792 - INFO - [Wired] Article: https://www.wired.com/story/hydrow-discount-code/
2026-09-18 00:06:22,238 - INFO - [Wired] Attempt 1/2: Trying with 'requests_browser' strategy...
2026-09-18 00:06:23,392 - INFO - >>> SUCCESSFULLY SAVED [ID: 123043] - Third person dies from malaria in cluster near Germany’s Frankfurt Airport | Health News | Al Jazeera from Al Jazeera (322 words)
2026-09-18 00:06:23,407 - ERROR - parsed tree length: 1, wrong data type or not valid HTML
2026-09-18 00:06:23,408 - ERROR - empty HTML tree: None
2026-09-18 00:06:23,408 - WARNING - discarding data: None
2026-09-18 00:06:23,408 - WARNING - [Wired] FAILED with 'requests_browser' (content was too short: 0 words).
2026-09-18 00:06:24,811 - INFO - [Wired] Article: https://www.wired.com/story/hydrow-discount-code/
2026-09-18 00:06:24,812 - INFO - [Wired] Attempt 2/2: Trying with 'selenium_browser' strategy...
2026-09-18 00:06:24,813 - INFO - [Al Jazeera] Article: https://www.aljazeera.com/news/2026/9/17/serbia-opens-factory-to-assemble-israeli-made-drones?traffic_source=rss
2026-09-18 00:06:24,813 - INFO - [Al Jazeera] Attempt 1/2: Trying with 'requests_browser' strategy...
2026-09-18 00:06:26,162 - ERROR - Error saving article From Oman to Tanzania: How the Iran war is redrawing India’s trade map - The Economic Times: Hrana: `stream error: `Error { message: "SQLite error: UNIQUE constraint failed: articles.url", code: "SQLITE_CONSTRAINT" }``
2026-09-18 00:06:26,190 - INFO - [Al Jazeera] Success with 'requests_browser'. Found content (323 words).
2026-09-18 00:06:27,638 - INFO - [Economic Times] Article: https://economictimes.indiatimes.com/news/economy/policy/fm-sitharaman-flags-global-crisis-spillovers-unfair-burden-on-developing-nations/articleshow/131668427.cms
2026-09-18 00:06:28,085 - INFO - [Economic Times] Attempt 1/2: Trying with 'requests_browser' strategy...
2026-09-18 00:06:29,227 - INFO - [Wired] Page content loaded.
2026-09-18 00:06:29,227 - INFO - >>> SUCCESSFULLY SAVED [ID: 123045] - Serbia opens factory to assemble Israeli-made drones | Military News | Al Jazeera from Al Jazeera (323 words)
2026-09-18 00:06:29,286 - INFO - [Economic Times] Success with 'requests_browser'. Found content (310 words).
2026-09-18 00:06:30,835 - INFO - [Al Jazeera] Article: https://www.aljazeera.com/video/newsfeed/2026/9/17/jerusalem-daily-israelis-protest-outside-naza-filmmakers-home?traffic_source=rss
2026-09-18 00:06:31,292 - INFO - [Al Jazeera] Attempt 1/2: Trying with 'requests_browser' strategy...
2026-09-18 00:06:32,207 - ERROR - Error saving article FM Sitharaman flags global crisis spillovers, unfair burden on developing nations - The Economic Times: Hrana: `stream error: `Error { message: "SQLite error: UNIQUE constraint failed: articles.url", code: "SQLITE_CONSTRAINT" }``
2026-09-18 00:06:32,224 - INFO - [Wired] Success with 'selenium_browser'. Found content (579 words).
2026-09-18 00:06:32,291 - WARNING - [The Hindu] Page get timed out (7s). Proceeding to grab partial source anyway.
2026-09-18 00:06:32,308 - WARNING - [Al Jazeera] FAILED with 'requests_browser' (content was too short: 69 words).
2026-09-18 00:06:33,693 - INFO - [Al Jazeera] Article: https://www.aljazeera.com/video/newsfeed/2026/9/17/jerusalem-daily-israelis-protest-outside-naza-filmmakers-home?traffic_source=rss
2026-09-18 00:06:33,694 - INFO - [Economic Times] Article: https://economictimes.indiatimes.com/tech/technology/apple-faces-indian-engineers-bias-lawsuit/articleshow/81694292.cms
2026-09-18 00:06:34,141 - INFO - [Al Jazeera] Attempt 2/2: Trying with 'selenium_browser' strategy...
2026-09-18 00:06:35,045 - INFO - [Economic Times] Attempt 1/2: Trying with 'requests_browser' strategy...
2026-09-18 00:06:35,045 - ERROR - Error saving article Hydrow Discount Code: Save Up to $150 | September 2026 | WIRED: Hrana: `stream error: `Error { message: "SQLite error: UNIQUE constraint failed: articles.url", code: "SQLITE_CONSTRAINT" }``
2026-09-18 00:06:35,687 - ERROR - parsed tree length: 1, wrong data type or not valid HTML
2026-09-18 00:06:35,687 - ERROR - empty HTML tree: None
2026-09-18 00:06:35,687 - WARNING - discarding data: None
2026-09-18 00:06:35,687 - WARNING - [Economic Times] FAILED with 'requests_browser' (content was too short: 0 words).
2026-09-18 00:06:35,792 - INFO - [Al Jazeera] Page content loaded.
2026-09-18 00:06:35,889 - WARNING - [Al Jazeera] FAILED with 'selenium_browser' (content was too short: 69 words).
2026-09-18 00:06:35,889 - ERROR - [Al Jazeera] All scrape strategies failed for https://www.aljazeera.com/video/newsfeed/2026/9/17/jerusalem-daily-israelis-protest-outside-naza-filmmakers-home?traffic_source=rss. Falling back to RSS description.
2026-09-18 00:06:35,889 - WARNING - SKIPPED (GLOBAL WORD LIMIT): Article 'Jerusalem Daily: Israelis protest outside ‘NAZA’ filmmaker’s home' from Al Jazeera has only 13 words (Min: 90).
2026-09-18 00:06:36,320 - INFO - [Wired] Article: https://www.wired.com/story/hellofresh-coupon/
2026-09-18 00:06:36,320 - INFO - [Wired] Attempt 1/2: Trying with 'requests_browser' strategy...
2026-09-18 00:06:36,471 - ERROR - parsed tree length: 1, wrong data type or not valid HTML
2026-09-18 00:06:36,471 - ERROR - empty HTML tree: None
2026-09-18 00:06:36,473 - WARNING - discarding data: None
2026-09-18 00:06:36,473 - WARNING - [Wired] FAILED with 'requests_browser' (content was too short: 0 words).
2026-09-18 00:06:36,682 - INFO - [Economic Times] Article: https://economictimes.indiatimes.com/tech/technology/apple-faces-indian-engineers-bias-lawsuit/articleshow/81694292.cms
2026-09-18 00:06:36,683 - INFO - [Economic Times] Attempt 2/2: Trying with 'selenium_browser' strategy...
2026-09-18 00:06:36,817 - INFO - [Al Jazeera] Early skip: URL https://www.aljazeera.com/news/2026/9/17/us-secures-release-of-detained-citizen-adam-castillo-in-myanmar?traffic_source=rss already exists.
2026-09-18 00:06:36,822 - INFO - [Al Jazeera] Article: https://www.aljazeera.com/video/newsfeed/2026/9/17/09-17-26-south-africa-femicide-sv-mp4?traffic_source=rss
2026-09-18 00:06:36,822 - INFO - [Al Jazeera] Attempt 1/2: Trying with 'requests_browser' strategy...
2026-09-18 00:06:36,931 - WARNING - [Al Jazeera] FAILED with 'requests_browser' (content was too short: 63 words).
2026-09-18 00:06:37,114 - INFO - [Wired] Article: https://www.wired.com/story/hellofresh-coupon/
2026-09-18 00:06:37,114 - INFO - [Wired] Attempt 2/2: Trying with 'selenium_browser' strategy...
2026-09-18 00:06:37,468 - INFO - [Al Jazeera] Article: https://www.aljazeera.com/video/newsfeed/2026/9/17/09-17-26-south-africa-femicide-sv-mp4?traffic_source=rss
2026-09-18 00:06:37,470 - INFO - [Al Jazeera] Attempt 2/2: Trying with 'selenium_browser' strategy...
2026-09-18 00:06:39,362 - WARNING - [The Hindu] Page explicit wait timed out (3s). Proceeding anyway.
2026-09-18 00:06:39,577 - INFO - [Al Jazeera] Page content loaded.
2026-09-18 00:06:39,772 - WARNING - [Al Jazeera] FAILED with 'selenium_browser' (content was too short: 63 words).
2026-09-18 00:06:39,772 - ERROR - [Al Jazeera] All scrape strategies failed for https://www.aljazeera.com/video/newsfeed/2026/9/17/09-17-26-south-africa-femicide-sv-mp4?traffic_source=rss. Falling back to RSS description.
2026-09-18 00:06:39,772 - WARNING - SKIPPED (GLOBAL WORD LIMIT): Article 'South Africa gender commissioner: women ‘hunted’ amid femicide crisis' from Al Jazeera has only 20 words (Min: 90).
2026-09-18 00:06:40,502 - INFO - [Wired] Page content loaded.
2026-09-18 00:06:40,887 - INFO - [Al Jazeera] Early skip: URL https://www.aljazeera.com/sports/2026/9/17/english-fa-calls-for-infantino-to-release-fifa-world-cup-sell-off-documents?traffic_source=rss already exists.
2026-09-18 00:06:40,893 - INFO - [Al Jazeera] Early skip: URL https://www.aljazeera.com/news/2026/9/17/brazils-lula-announces-welfare-increases-ahead-of-presidential-election?traffic_source=rss already exists.
2026-09-18 00:06:40,895 - INFO - [Al Jazeera] (Thread) Finished. Attempting to shut down its Selenium driver.
2026-09-18 00:06:41,251 - INFO - [Al Jazeera] (Thread) driver.quit() successful.
2026-09-18 00:06:41,376 - INFO - [Wired] Success with 'selenium_browser'. Found content (1087 words).
2026-09-18 00:06:41,394 - INFO - [Economic Times] Page content loaded.
2026-09-18 00:06:44,295 - ERROR - Error saving article HelloFresh Promo Codes: 55% Off for September 2026 | WIRED: Hrana: `stream error: `Error { message: "SQLite error: UNIQUE constraint failed: articles.url", code: "SQLITE_CONSTRAINT" }``
2026-09-18 00:06:44,367 - INFO - [Economic Times] Success with 'selenium_browser'. Found content (743 words).
2026-09-18 00:06:45,886 - INFO - [Wired] Article: https://www.wired.com/story/steelseries-coupon-code/
2026-09-18 00:06:45,886 - INFO - [Wired] Attempt 1/2: Trying with 'requests_browser' strategy...
2026-09-18 00:06:47,244 - ERROR - Error saving article Apple faces Indian engineer’s bias lawsuit - The Economic Times: Hrana: `stream error: `Error { message: "SQLite error: UNIQUE constraint failed: articles.url", code: "SQLITE_CONSTRAINT" }``
2026-09-18 00:06:47,245 - ERROR - [The Hindu] Request failed for strategy 'selenium_browser' on URL https://www.thehindu.com/news/national/fm-nirmala-sitharaman-meets-nepalese-counterpart-wagle-discusses-flood-recovery/article71478365.ece: Message: timeout: Timed out receiving message from renderer: 7.000
  (Session info: chrome=153.0.8010.47)
Stacktrace:
#0 0x55b754f7c3da <unknown>
#1 0x55b7548b15d9 <unknown>
#2 0x55b754898ffb <unknown>
#3 0x55b754898c76 <unknown>
#4 0x55b7548968b0 <unknown>
#5 0x55b75489720f <unknown>
#6 0x55b7548a63b0 <unknown>
#7 0x55b7548c02f7 <unknown>
#8 0x55b7548c7d4b <unknown>
#9 0x55b754897969 <unknown>
#10 0x55b7548c0052 <unknown>
#11 0x55b7549517d2 <unknown>
#12 0x55b7548fabab <unknown>
#13 0x55b7548fb991 <unknown>
#14 0x55b754f3f1e7 <unknown>
#15 0x55b754f3da15 <unknown>
#16 0x55b754f28ae5 <unknown>
#17 0x55b754f3e66a <unknown>
#18 0x55b754f11249 <unknown>
#19 0x55b754f66678 <unknown>
#20 0x55b754f66815 <unknown>
#21 0x55b754f7ad33 <unknown>
#22 0x7f1aef09cb84 <unknown>
#23 0x7f1aef129d6c <unknown>

2026-09-18 00:06:47,245 - ERROR - [The Hindu] All scrape strategies failed for https://www.thehindu.com/news/national/fm-nirmala-sitharaman-meets-nepalese-counterpart-wagle-discusses-flood-recovery/article71478365.ece. Falling back to RSS description.
2026-09-18 00:06:47,246 - WARNING - SKIPPED (GLOBAL WORD LIMIT): Article 'FM Nirmala Sitharaman meets Nepalese counterpart Wagle, discusses flood recovery' from The Hindu has only 22 words (Min: 90).
2026-09-18 00:06:47,258 - ERROR - parsed tree length: 1, wrong data type or not valid HTML
2026-09-18 00:06:47,258 - ERROR - empty HTML tree: None
2026-09-18 00:06:47,258 - WARNING - discarding data: None
2026-09-18 00:06:47,258 - WARNING - [Wired] FAILED with 'requests_browser' (content was too short: 0 words).
2026-09-18 00:06:47,850 - INFO - [Wired] Article: https://www.wired.com/story/steelseries-coupon-code/
2026-09-18 00:06:47,850 - INFO - [Wired] Attempt 2/2: Trying with 'selenium_browser' strategy...
2026-09-18 00:06:48,209 - INFO - [Economic Times] Article: https://economictimes.indiatimes.com/news/defence/despite-transatlantic-love-fest-eu-charts-third-way-in-ties-with-us-and-china/articleshow/81467467.cms
2026-09-18 00:06:48,210 - INFO - [Economic Times] Attempt 1/2: Trying with 'requests_browser' strategy...
2026-09-18 00:06:48,475 - INFO - [The Hindu] Article: https://www.thehindu.com/news/cities/Delhi/satya-niketan-building-collapse-kiran-bedi-seeks-intervention-in-case-centre-opposes-plea/article71476239.ece
2026-09-18 00:06:48,475 - INFO - [The Hindu] Attempt 1/1: Trying with 'selenium_browser' strategy...
2026-09-18 00:06:48,760 - INFO - [Economic Times] Success with 'requests_browser'. Found content (799 words).
2026-09-18 00:06:51,262 - INFO - [Wired] Page content loaded.
2026-09-18 00:06:52,161 - ERROR - Error saving article Despite transatlantic 'love fest', EU charts third way in ties with US and China - The Economic Times: Hrana: `stream error: `Error { message: "SQLite error: UNIQUE constraint failed: articles.url", code: "SQLITE_CONSTRAINT" }``
2026-09-18 00:06:52,595 - INFO - [Wired] Success with 'selenium_browser'. Found content (669 words).
2026-09-18 00:06:54,255 - INFO - [Economic Times] Article: https://economictimes.indiatimes.com/tech/tech-bytes/twitters-india-policy-head-to-step-down-will-transition-in-march/articleshow/80732868.cms
2026-09-18 00:06:54,256 - INFO - [Economic Times] Attempt 1/2: Trying with 'requests_browser' strategy...
2026-09-18 00:06:55,629 - ERROR - Error saving article SteelSeries Coupon Codes: 15% Off in September 2026 | WIRED: Hrana: `stream error: `Error { message: "SQLite error: UNIQUE constraint failed: articles.url", code: "SQLITE_CONSTRAINT" }``
2026-09-18 00:06:55,697 - ERROR - parsed tree length: 1, wrong data type or not valid HTML
2026-09-18 00:06:55,698 - ERROR - empty HTML tree: None
2026-09-18 00:06:55,698 - WARNING - discarding data: None
2026-09-18 00:06:55,698 - WARNING - [Economic Times] FAILED with 'requests_browser' (content was too short: 0 words).
2026-09-18 00:06:56,543 - INFO - [Economic Times] Article: https://economictimes.indiatimes.com/tech/tech-bytes/twitters-india-policy-head-to-step-down-will-transition-in-march/articleshow/80732868.cms
2026-09-18 00:06:56,543 - INFO - [Economic Times] Attempt 2/2: Trying with 'selenium_browser' strategy...
2026-09-18 00:06:56,947 - INFO - [Wired] Article: https://www.wired.com/story/best-buy-discount-code/
2026-09-18 00:06:56,947 - INFO - [Wired] Attempt 1/2: Trying with 'requests_browser' strategy...
2026-09-18 00:06:57,143 - ERROR - parsed tree length: 1, wrong data type or not valid HTML
2026-09-18 00:06:57,143 - ERROR - empty HTML tree: None
2026-09-18 00:06:57,143 - WARNING - discarding data: None
2026-09-18 00:06:57,143 - WARNING - [Wired] FAILED with 'requests_browser' (content was too short: 0 words).
2026-09-18 00:06:57,983 - INFO - [Wired] Article: https://www.wired.com/story/best-buy-discount-code/
2026-09-18 00:06:57,984 - INFO - [Wired] Attempt 2/2: Trying with 'selenium_browser' strategy...
2026-09-18 00:07:02,662 - WARNING - [The Hindu] Page get timed out (7s). Proceeding to grab partial source anyway.
2026-09-18 00:07:03,964 - INFO - [Wired] Page content loaded.
2026-09-18 00:07:04,890 - INFO - [Wired] Success with 'selenium_browser'. Found content (755 words).
2026-09-18 00:07:07,927 - ERROR - Error saving article Best Buy Discount Codes: 60% Off | WIRED: Hrana: `stream error: `Error { message: "SQLite error: UNIQUE constraint failed: articles.url", code: "SQLITE_CONSTRAINT" }``
2026-09-18 00:07:08,484 - INFO - [Wired] Article: https://www.wired.com/story/ll-bean-promo-code/
2026-09-18 00:07:08,485 - INFO - [Wired] Attempt 1/2: Trying with 'requests_browser' strategy...
2026-09-18 00:07:08,638 - ERROR - parsed tree length: 1, wrong data type or not valid HTML
2026-09-18 00:07:08,638 - ERROR - empty HTML tree: None
2026-09-18 00:07:08,638 - WARNING - discarding data: None
2026-09-18 00:07:08,638 - WARNING - [Wired] FAILED with 'requests_browser' (content was too short: 0 words).
2026-09-18 00:07:09,140 - INFO - [Wired] Article: https://www.wired.com/story/ll-bean-promo-code/
2026-09-18 00:07:09,140 - INFO - [Wired] Attempt 2/2: Trying with 'selenium_browser' strategy...
2026-09-18 00:07:09,695 - WARNING - [The Hindu] Page explicit wait timed out (3s). Proceeding anyway.
2026-09-18 00:07:12,341 - INFO - [Wired] Page content loaded.
2026-09-18 00:07:13,143 - INFO - [Wired] Success with 'selenium_browser'. Found content (776 words).
2026-09-18 00:07:16,160 - ERROR - Error saving article L.L.Bean Promo Codes and Coupons: 75% Off | WIRED: Hrana: `stream error: `Error { message: "SQLite error: UNIQUE constraint failed: articles.url", code: "SQLITE_CONSTRAINT" }``
2026-09-18 00:07:16,670 - INFO - [Wired] Article: https://www.wired.com/story/vivid-seats-promo-code/
2026-09-18 00:07:16,670 - INFO - [Wired] Attempt 1/2: Trying with 'requests_browser' strategy...
2026-09-18 00:07:16,724 - ERROR - [The Hindu] Request failed for strategy 'selenium_browser' on URL https://www.thehindu.com/news/cities/Delhi/satya-niketan-building-collapse-kiran-bedi-seeks-intervention-in-case-centre-opposes-plea/article71476239.ece: Message: timeout: Timed out receiving message from renderer: 7.000
  (Session info: chrome=153.0.8010.47)
Stacktrace:
#0 0x55b754f7c3da <unknown>
#1 0x55b7548b15d9 <unknown>
#2 0x55b754898ffb <unknown>
#3 0x55b754898c76 <unknown>
#4 0x55b7548968b0 <unknown>
#5 0x55b75489720f <unknown>
#6 0x55b7548a63b0 <unknown>
#7 0x55b7548c02f7 <unknown>
#8 0x55b7548c7d4b <unknown>
#9 0x55b754897969 <unknown>
#10 0x55b7548c0052 <unknown>
#11 0x55b7549517d2 <unknown>
#12 0x55b7548fabab <unknown>
#13 0x55b7548fb991 <unknown>
#14 0x55b754f3f1e7 <unknown>
#15 0x55b754f3da15 <unknown>
#16 0x55b754f28ae5 <unknown>
#17 0x55b754f3e66a <unknown>
#18 0x55b754f11249 <unknown>
#19 0x55b754f66678 <unknown>
#20 0x55b754f66815 <unknown>
#21 0x55b754f7ad33 <unknown>
#22 0x7f1aef09cb84 <unknown>
#23 0x7f1aef129d6c <unknown>

2026-09-18 00:07:16,724 - ERROR - [The Hindu] All scrape strategies failed for https://www.thehindu.com/news/cities/Delhi/satya-niketan-building-collapse-kiran-bedi-seeks-intervention-in-case-centre-opposes-plea/article71476239.ece. Falling back to RSS description.
2026-09-18 00:07:16,724 - WARNING - SKIPPED (GLOBAL WORD LIMIT): Article 'Satya Niketan building collapse case: Kiran Bedi moves Delhi HC seeking to intervene; Centre opposes' from The Hindu has only 39 words (Min: 90).
2026-09-18 00:07:16,813 - ERROR - parsed tree length: 1, wrong data type or not valid HTML
2026-09-18 00:07:16,813 - ERROR - empty HTML tree: None
2026-09-18 00:07:16,813 - WARNING - discarding data: None
2026-09-18 00:07:16,814 - WARNING - [Wired] FAILED with 'requests_browser' (content was too short: 0 words).
2026-09-18 00:07:17,610 - INFO - [Wired] Article: https://www.wired.com/story/vivid-seats-promo-code/
2026-09-18 00:07:17,610 - INFO - [Wired] Attempt 2/2: Trying with 'selenium_browser' strategy...
2026-09-18 00:07:18,033 - INFO - [The Hindu] Article: https://www.thehindu.com/opinion/lead/the-crucial-uttar-pradesh-test-of-the-bjps-hegemony/article71477301.ece
2026-09-18 00:07:18,033 - INFO - [The Hindu] Attempt 1/1: Trying with 'selenium_browser' strategy...
2026-09-18 00:07:20,874 - INFO - [Wired] Page content loaded.
2026-09-18 00:07:22,091 - INFO - [Wired] Success with 'selenium_browser'. Found content (860 words).
2026-09-18 00:07:24,973 - ERROR - Error saving article Vivid Seats Promo Codes and Deals: Get 10% Off | WIRED: Hrana: `stream error: `Error { message: "SQLite error: UNIQUE constraint failed: articles.url", code: "SQLITE_CONSTRAINT" }``
2026-09-18 00:07:26,422 - INFO - [Wired] Article: https://www.wired.com/story/ring-promo-code/
2026-09-18 00:07:26,422 - INFO - [Wired] Attempt 1/2: Trying with 'requests_browser' strategy...
2026-09-18 00:07:26,544 - ERROR - parsed tree length: 1, wrong data type or not valid HTML
2026-09-18 00:07:26,544 - ERROR - empty HTML tree: None
2026-09-18 00:07:26,544 - WARNING - discarding data: None
2026-09-18 00:07:26,544 - WARNING - [Wired] FAILED with 'requests_browser' (content was too short: 0 words).
2026-09-18 00:07:27,383 - INFO - [Wired] Article: https://www.wired.com/story/ring-promo-code/
2026-09-18 00:07:27,383 - INFO - [Wired] Attempt 2/2: Trying with 'selenium_browser' strategy...
2026-09-18 00:07:28,774 - INFO - [Wired] Page content loaded.
2026-09-18 00:07:29,332 - INFO - [Wired] Success with 'selenium_browser'. Found content (770 words).
2026-09-18 00:07:32,222 - ERROR - Error saving article Ring Promo Code: 50% Off | WIRED: Hrana: `stream error: `Error { message: "SQLite error: UNIQUE constraint failed: articles.url", code: "SQLITE_CONSTRAINT" }``
2026-09-18 00:07:32,223 - WARNING - [The Hindu] Page get timed out (7s). Proceeding to grab partial source anyway.
2026-09-18 00:07:32,855 - INFO - [Wired] Early skip: URL https://www.wired.com/story/dyson-robot-vacuum-nurovi-line/ already exists.
2026-09-18 00:07:32,856 - INFO - [Wired] Early skip: URL https://www.wired.com/story/what-snap-expensive-specs-can-actually-do/ already exists.
2026-09-18 00:07:32,858 - INFO - [Wired] Early skip: URL https://www.wired.com/story/openai-releases-new-policy-for-reporting-incidents-of-model-misalignment/ already exists.
2026-09-18 00:07:32,859 - INFO - [Wired] Early skip: URL https://www.wired.com/story/washington-wont-be-regulating-ai-anytime-soon/ already exists.
2026-09-18 00:07:32,860 - INFO - [Wired] Early skip: URL https://www.wired.com/story/amazon-prime-day-october-2026-tips/ already exists.
2026-09-18 00:07:32,861 - INFO - [Wired] Article: https://www.wired.com/story/macos-27-golden-gate-top-features/
2026-09-18 00:07:32,862 - INFO - [Wired] Attempt 1/2: Trying with 'requests_browser' strategy...
2026-09-18 00:07:32,969 - ERROR - parsed tree length: 1, wrong data type or not valid HTML
2026-09-18 00:07:32,970 - ERROR - empty HTML tree: None
2026-09-18 00:07:32,970 - WARNING - discarding data: None
2026-09-18 00:07:32,970 - WARNING - [Wired] FAILED with 'requests_browser' (content was too short: 0 words).
2026-09-18 00:07:33,699 - INFO - [Wired] Article: https://www.wired.com/story/macos-27-golden-gate-top-features/
2026-09-18 00:07:33,699 - INFO - [Wired] Attempt 2/2: Trying with 'selenium_browser' strategy...
2026-09-18 00:07:35,472 - INFO - [Wired] Page content loaded.
2026-09-18 00:07:35,916 - INFO - [Wired] Success with 'selenium_browser'. Found content (1767 words).
2026-09-18 00:07:38,892 - ERROR - Error saving article MacOS 27 Golden Gate: Top New Features | WIRED: Hrana: `stream error: `Error { message: "SQLite error: UNIQUE constraint failed: articles.url", code: "SQLITE_CONSTRAINT" }``
2026-09-18 00:07:39,239 - WARNING - [The Hindu] Page explicit wait timed out (3s). Proceeding anyway.
2026-09-18 00:07:40,329 - INFO - [Wired] Early skip: URL https://www.wired.com/story/i-trained-a-fly-on-wired-story-ideas/ already exists.
2026-09-18 00:07:40,331 - INFO - [Wired] Article: https://www.wired.com/story/the-8-best-movies-to-stream-right-now/
2026-09-18 00:07:40,331 - INFO - [Wired] Attempt 1/2: Trying with 'requests_browser' strategy...
2026-09-18 00:07:40,435 - ERROR - parsed tree length: 1, wrong data type or not valid HTML
2026-09-18 00:07:40,435 - ERROR - empty HTML tree: None
2026-09-18 00:07:40,435 - WARNING - discarding data: None
2026-09-18 00:07:40,435 - WARNING - [Wired] FAILED with 'requests_browser' (content was too short: 0 words).
2026-09-18 00:07:41,263 - INFO - [Wired] Article: https://www.wired.com/story/the-8-best-movies-to-stream-right-now/
2026-09-18 00:07:41,263 - INFO - [Wired] Attempt 2/2: Trying with 'selenium_browser' strategy...
2026-09-18 00:07:43,172 - INFO - [Economic Times] Page content loaded.
2026-09-18 00:07:43,339 - INFO - [Economic Times] Success with 'selenium_browser'. Found content (615 words).
2026-09-18 00:07:46,278 - ERROR - Error saving article Twitter's India policy head, Mahima Kaul, to step down; will transition in March - The Economic Times: Hrana: `stream error: `Error { message: "SQLite error: UNIQUE constraint failed: articles.url", code: "SQLITE_CONSTRAINT" }``
2026-09-18 00:07:46,304 - ERROR - [The Hindu] Request failed for strategy 'selenium_browser' on URL https://www.thehindu.com/opinion/lead/the-crucial-uttar-pradesh-test-of-the-bjps-hegemony/article71477301.ece: Message: timeout: Timed out receiving message from renderer: 7.000
  (Session info: chrome=153.0.8010.47)
Stacktrace:
#0 0x55b754f7c3da <unknown>
#1 0x55b7548b15d9 <unknown>
#2 0x55b754898ffb <unknown>
#3 0x55b754898c76 <unknown>
#4 0x55b7548968b0 <unknown>
#5 0x55b75489720f <unknown>
#6 0x55b7548a63b0 <unknown>
#7 0x55b7548c02f7 <unknown>
#8 0x55b7548c7d4b <unknown>
#9 0x55b754897969 <unknown>
#10 0x55b7548c0052 <unknown>
#11 0x55b7549517d2 <unknown>
#12 0x55b7548fabab <unknown>
#13 0x55b7548fb991 <unknown>
#14 0x55b754f3f1e7 <unknown>
#15 0x55b754f3da15 <unknown>
#16 0x55b754f28ae5 <unknown>
#17 0x55b754f3e66a <unknown>
#18 0x55b754f11249 <unknown>
#19 0x55b754f66678 <unknown>
#20 0x55b754f66815 <unknown>
#21 0x55b754f7ad33 <unknown>
#22 0x7f1aef09cb84 <unknown>
#23 0x7f1aef129d6c <unknown>

2026-09-18 00:07:46,304 - ERROR - [The Hindu] All scrape strategies failed for https://www.thehindu.com/opinion/lead/the-crucial-uttar-pradesh-test-of-the-bjps-hegemony/article71477301.ece. Falling back to RSS description.
2026-09-18 00:07:46,304 - WARNING - SKIPPED (GLOBAL WORD LIMIT): Article 'The crucial Uttar Pradesh test of the BJP’s hegemony' from The Hindu has only 24 words (Min: 90).
2026-09-18 00:07:46,851 - INFO - [The Hindu] Early skip: URL https://www.thehindu.com/news/national/telangana/it-took-two-to-tango-to-set-stage-for-september-17-1948-in-hyderabad/article71473475.ece already exists.
2026-09-18 00:07:46,854 - INFO - [The Hindu] Article: https://www.thehindu.com/news/national/kerala/puthoor-zoo-a-model-for-relocation-expert/article71477916.ece
2026-09-18 00:07:46,854 - INFO - [The Hindu] Attempt 1/1: Trying with 'selenium_browser' strategy...
2026-09-18 00:07:46,954 - INFO - [Economic Times] Article: https://economictimes.indiatimes.com/tech/tech-and-gadgets/govt-may-keep-rs-7500-cr-outlay-for-it-hardware-manufacturing-under-pli-scheme/articleshow/80333429.cms
2026-09-18 00:07:46,954 - INFO - [Economic Times] Attempt 1/2: Trying with 'requests_browser' strategy...
2026-09-18 00:07:47,579 - ERROR - parsed tree length: 1, wrong data type or not valid HTML
2026-09-18 00:07:47,579 - ERROR - empty HTML tree: None
2026-09-18 00:07:47,580 - WARNING - discarding data: None
2026-09-18 00:07:47,580 - WARNING - [Economic Times] FAILED with 'requests_browser' (content was too short: 0 words).
2026-09-18 00:07:48,448 - INFO - [Economic Times] Article: https://economictimes.indiatimes.com/tech/tech-and-gadgets/govt-may-keep-rs-7500-cr-outlay-for-it-hardware-manufacturing-under-pli-scheme/articleshow/80333429.cms
2026-09-18 00:07:48,448 - INFO - [Economic Times] Attempt 2/2: Trying with 'selenium_browser' strategy...
2026-09-18 00:07:49,543 - INFO - [Wired] Page content loaded.
2026-09-18 00:07:51,730 - INFO - [Wired] Success with 'selenium_browser'. Found content (1531 words).
2026-09-18 00:07:55,002 - ERROR - Error saving article The Best Movies to Stream This Month (September 2026) | WIRED: Hrana: `stream error: `Error { message: "SQLite error: UNIQUE constraint failed: articles.url", code: "SQLITE_CONSTRAINT" }``
2026-09-18 00:07:55,828 - INFO - [Wired] Early skip: URL https://www.wired.com/story/chipotle-is-working-with-palantir-on-food-safety/ already exists.
2026-09-18 00:07:55,829 - INFO - [Wired] Early skip: URL https://www.wired.com/review/apple-iphone-18-pro-and-iphone-18-pro-max/ already exists.
2026-09-18 00:07:55,830 - INFO - [Wired] Early skip: URL https://www.wired.com/gallery/best-android-phones/ already exists.
2026-09-18 00:07:55,832 - INFO - [Wired] Early skip: URL https://www.wired.com/story/introducing-the-wired-app/ already exists.
2026-09-18 00:07:55,834 - INFO - [Wired] Early skip: URL https://www.wired.com/story/hackers-flock-camera-data-shows-how-system-works/ already exists.
2026-09-18 00:07:55,835 - INFO - [Wired] Early skip: URL https://www.wired.com/story/the-eu-bans-social-media-for-under-13s/ already exists.
2026-09-18 00:07:55,837 - INFO - [Wired] Article: https://www.wired.com/story/best-robot-vacuum/
2026-09-18 00:07:55,837 - INFO - [Wired] Attempt 1/2: Trying with 'requests_browser' strategy...
2026-09-18 00:07:56,064 - ERROR - parsed tree length: 1, wrong data type or not valid HTML
2026-09-18 00:07:56,066 - ERROR - empty HTML tree: None
2026-09-18 00:07:56,068 - WARNING - discarding data: None
2026-09-18 00:07:56,069 - WARNING - [Wired] FAILED with 'requests_browser' (content was too short: 0 words).
2026-09-18 00:07:56,611 - INFO - [Wired] Article: https://www.wired.com/story/best-robot-vacuum/
2026-09-18 00:07:56,611 - INFO - [Wired] Attempt 2/2: Trying with 'selenium_browser' strategy...
2026-09-18 00:08:01,123 - WARNING - [The Hindu] Page get timed out (7s). Proceeding to grab partial source anyway.
2026-09-18 00:08:01,531 - INFO - [Economic Times] Page content loaded.
2026-09-18 00:08:01,948 - INFO - [Economic Times] Success with 'selenium_browser'. Found content (481 words).
2026-09-18 00:08:04,808 - ERROR - Error saving article Govt may keep Rs 7,500 cr outlay for IT hardware manufacturing under PLI scheme - The Economic Times: Hrana: `stream error: `Error { message: "SQLite error: UNIQUE constraint failed: articles.url", code: "SQLITE_CONSTRAINT" }``
2026-09-18 00:08:06,085 - INFO - [Wired] Page content loaded.
2026-09-18 00:08:06,087 - INFO - [Economic Times] Article: https://economictimes.indiatimes.com/tech/technology/indian-dating-apps-services-see-surge-of-paying-users-in-small-cities/articleshow/80063342.cms
2026-09-18 00:08:06,087 - INFO - [Economic Times] Attempt 1/2: Trying with 'requests_browser' strategy...
2026-09-18 00:08:06,665 - ERROR - parsed tree length: 1, wrong data type or not valid HTML
2026-09-18 00:08:06,665 - ERROR - empty HTML tree: None
2026-09-18 00:08:06,665 - WARNING - discarding data: None
2026-09-18 00:08:06,671 - WARNING - [Economic Times] FAILED with 'requests_browser' (content was too short: 0 words).
2026-09-18 00:08:07,625 - INFO - [Wired] Success with 'selenium_browser'. Found content (4754 words).
2026-09-18 00:08:07,640 - INFO - [Economic Times] Article: https://economictimes.indiatimes.com/tech/technology/indian-dating-apps-services-see-surge-of-paying-users-in-small-cities/articleshow/80063342.cms
2026-09-18 00:08:07,646 - INFO - [Economic Times] Attempt 2/2: Trying with 'selenium_browser' strategy...
2026-09-18 00:08:09,764 - WARNING - [The Hindu] Page explicit wait timed out (3s). Proceeding anyway.
2026-09-18 00:08:10,901 - ERROR - Error saving article Best Robot Vacuum of 2026: Shark, Eufy, Roborock | WIRED: Hrana: `stream error: `Error { message: "SQLite error: UNIQUE constraint failed: articles.url", code: "SQLITE_CONSTRAINT" }``
2026-09-18 00:08:11,441 - INFO - [Economic Times] Page content loaded.
2026-09-18 00:08:11,598 - WARNING - [Economic Times] FAILED with 'selenium_browser' (content was too short: 84 words).
2026-09-18 00:08:11,598 - ERROR - [Economic Times] All scrape strategies failed for https://economictimes.indiatimes.com/tech/technology/indian-dating-apps-services-see-surge-of-paying-users-in-small-cities/articleshow/80063342.cms. Falling back to RSS description.
2026-09-18 00:08:11,598 - WARNING - SKIPPED (GLOBAL WORD LIMIT): Article 'Indian dating apps, services see surge of paying users in small cities ' from Economic Times has only 54 words (Min: 90).
2026-09-18 00:08:11,923 - INFO - [Wired] Early skip: URL https://www.wired.com/story/how-self-driving-cars-might-change-crash-testing-forever/ already exists.
2026-09-18 00:08:11,925 - INFO - [Wired] Early skip: URL https://www.wired.com/story/boox-palma-3-announced/ already exists.
2026-09-18 00:08:11,926 - INFO - [Wired] Early skip: URL https://www.wired.com/story/china-isnt-buying-silicon-valley-call-for-ai-slowdown/ already exists.
2026-09-18 00:08:11,927 - INFO - [Wired] Early skip: URL https://www.wired.com/story/why-great-white-sharks-are-overrunning-maine/ already exists.
2026-09-18 00:08:11,929 - INFO - [Wired] Early skip: URL https://www.wired.com/story/best-2-in-1-laptops/ already exists.
2026-09-18 00:08:11,930 - INFO - [Wired] Early skip: URL https://www.wired.com/story/prediction-markets-polymarket-media-company-kalshi/ already exists.
2026-09-18 00:08:11,931 - INFO - [Wired] Early skip: URL https://www.wired.com/story/smart-nanoparticles-deliver-mrna-directly-to-tumors-in-new-cancer-therapy/ already exists.
2026-09-18 00:08:11,933 - INFO - [Wired] Article: https://www.wired.com/story/office-depot-promo-codes/
2026-09-18 00:08:11,933 - INFO - [Wired] Attempt 1/2: Trying with 'requests_browser' strategy...
2026-09-18 00:08:12,053 - ERROR - parsed tree length: 1, wrong data type or not valid HTML
2026-09-18 00:08:12,054 - ERROR - empty HTML tree: None
2026-09-18 00:08:12,054 - WARNING - discarding data: None
2026-09-18 00:08:12,054 - WARNING - [Wired] FAILED with 'requests_browser' (content was too short: 0 words).
2026-09-18 00:08:12,459 - INFO - [Economic Times] Article: https://economictimes.indiatimes.com/tech/technology/time-for-govt-cos-to-adopt-ai-deloitte-india/articleshow/79981215.cms
2026-09-18 00:08:12,459 - INFO - [Economic Times] Attempt 1/2: Trying with 'requests_browser' strategy...
2026-09-18 00:08:12,726 - INFO - [Wired] Article: https://www.wired.com/story/office-depot-promo-codes/
2026-09-18 00:08:12,726 - INFO - [Wired] Attempt 2/2: Trying with 'selenium_browser' strategy...
2026-09-18 00:08:12,821 - ERROR - parsed tree length: 1, wrong data type or not valid HTML
2026-09-18 00:08:12,821 - ERROR - empty HTML tree: None
2026-09-18 00:08:12,822 - WARNING - discarding data: None
2026-09-18 00:08:12,822 - WARNING - [Economic Times] FAILED with 'requests_browser' (content was too short: 0 words).
2026-09-18 00:08:13,557 - INFO - [Economic Times] Article: https://economictimes.indiatimes.com/tech/technology/time-for-govt-cos-to-adopt-ai-deloitte-india/articleshow/79981215.cms
2026-09-18 00:08:13,557 - INFO - [Economic Times] Attempt 2/2: Trying with 'selenium_browser' strategy...
2026-09-18 00:08:14,132 - INFO - [Wired] Page content loaded.
2026-09-18 00:08:14,427 - INFO - [Economic Times] Page content loaded.
2026-09-18 00:08:14,530 - INFO - [Wired] Success with 'selenium_browser'. Found content (1024 words).
2026-09-18 00:08:17,421 - ERROR - Error saving article Office Depot Coupons: $20 Off September 2026 | WIRED: Hrana: `stream error: `Error { message: "SQLite error: UNIQUE constraint failed: articles.url", code: "SQLITE_CONSTRAINT" }``
2026-09-18 00:08:17,422 - ERROR - [The Hindu] Request failed for strategy 'selenium_browser' on URL https://www.thehindu.com/news/national/kerala/puthoor-zoo-a-model-for-relocation-expert/article71477916.ece: Message: timeout: Timed out receiving message from renderer: 7.000
  (Session info: chrome=153.0.8010.47)
Stacktrace:
#0 0x55b754f7c3da <unknown>
#1 0x55b7548b15d9 <unknown>
#2 0x55b754897cc5 <unknown>
#3 0x55b7548bfb5b <unknown>
#4 0x55b7549517d2 <unknown>
#5 0x55b7548fabab <unknown>
#6 0x55b7548fb991 <unknown>
#7 0x55b754f3f1e7 <unknown>
#8 0x55b754f3da15 <unknown>
#9 0x55b754f28ae5 <unknown>
#10 0x55b754f3e66a <unknown>
#11 0x55b754f11249 <unknown>
#12 0x55b754f66678 <unknown>
#13 0x55b754f66815 <unknown>
#14 0x55b754f7ad33 <unknown>
#15 0x7f1aef09cb84 <unknown>
#16 0x7f1aef129d6c <unknown>

2026-09-18 00:08:17,422 - ERROR - [The Hindu] All scrape strategies failed for https://www.thehindu.com/news/national/kerala/puthoor-zoo-a-model-for-relocation-expert/article71477916.ece. Falling back to RSS description.
2026-09-18 00:08:17,423 - WARNING - SKIPPED (GLOBAL WORD LIMIT): Article 'Puthur zoo offers blueprint for relocation of zoo in Keralam’s capital: expert' from The Hindu has only 11 words (Min: 90).
2026-09-18 00:08:17,442 - WARNING - [Economic Times] FAILED with 'selenium_browser' (content was too short: 74 words).
2026-09-18 00:08:17,442 - ERROR - [Economic Times] All scrape strategies failed for https://economictimes.indiatimes.com/tech/technology/time-for-govt-cos-to-adopt-ai-deloitte-india/articleshow/79981215.cms. Falling back to RSS description.
2026-09-18 00:08:17,442 - WARNING - SKIPPED (GLOBAL WORD LIMIT): Article 'Time for government, companies to adopt artificial intelligence: Deloitte India ' from Economic Times has only 49 words (Min: 90).
2026-09-18 00:08:18,490 - INFO - [The Hindu] Article: https://www.thehindu.com/news/cities/Hyderabad/lpg-agencies-likely-to-face-the-heat-of-mdr-plan-to-approach-government/article71477655.ece
2026-09-18 00:08:18,490 - INFO - [The Hindu] Attempt 1/1: Trying with 'selenium_browser' strategy...
2026-09-18 00:08:18,635 - INFO - [Wired] Article: https://www.wired.com/story/naturepedic-promo-code/
2026-09-18 00:08:18,635 - INFO - [Wired] Attempt 1/2: Trying with 'requests_browser' strategy...
2026-09-18 00:08:18,668 - INFO - [Economic Times] Early skip: URL https://economictimes.indiatimes.com/news/international/world-news/nepal-rescuers-continue-search-for-missing-as-identification-of-dead-remains-challenge/articleshow/133849891.cms already exists.
2026-09-18 00:08:18,670 - INFO - [Economic Times] Article: https://economictimes.indiatimes.com/news/international/global-trends/trump-1-coins-aka-golden-dollar-are-here-minus-the-gold-the-us-mint-is-putting-the-sitting-presidents-face-on-american-money-for-the-first-time/articleshow/133713717.cms
2026-09-18 00:08:18,670 - INFO - [Economic Times] Attempt 1/2: Trying with 'requests_browser' strategy...
2026-09-18 00:08:18,782 - ERROR - parsed tree length: 1, wrong data type or not valid HTML
2026-09-18 00:08:18,783 - ERROR - empty HTML tree: None
2026-09-18 00:08:18,783 - WARNING - discarding data: None
2026-09-18 00:08:18,783 - WARNING - [Wired] FAILED with 'requests_browser' (content was too short: 0 words).
2026-09-18 00:08:19,155 - INFO - [Economic Times] Success with 'requests_browser'. Found content (307 words).
2026-09-18 00:08:20,762 - INFO - [Wired] Article: https://www.wired.com/story/naturepedic-promo-code/
2026-09-18 00:08:20,762 - INFO - [Wired] Attempt 2/2: Trying with 'selenium_browser' strategy...
2026-09-18 00:08:22,121 - ERROR - Error saving article Trump $1 coins aka 'Golden Dollars' are here, minus the gold. The US Mint is putting the sitting president’s face on American money for the first time - The Economic Times: Hrana: `stream error: `Error { message: "SQLite error: UNIQUE constraint failed: articles.url", code: "SQLITE_CONSTRAINT" }``
2026-09-18 00:08:22,886 - INFO - [Economic Times] Article: https://economictimes.indiatimes.com/news/international/world-news/trump-announces-a-deal-for-hamas-to-disarm-in-gaza-but-many-hurdles-and-uncertainty-remain/articleshow/132753009.cms
2026-09-18 00:08:22,886 - INFO - [Economic Times] Attempt 1/2: Trying with 'requests_browser' strategy...
2026-09-18 00:08:23,178 - INFO - [Wired] Page content loaded.
2026-09-18 00:08:23,267 - INFO - [Economic Times] Success with 'requests_browser'. Found content (1292 words).
2026-09-18 00:08:26,125 - ERROR - Error saving article Trump announces a deal for Hamas to disarm in Gaza, but many hurdles and uncertainty remain - The Economic Times: Hrana: `stream error: `Error { message: "SQLite error: UNIQUE constraint failed: articles.url", code: "SQLITE_CONSTRAINT" }``
2026-09-18 00:08:26,195 - INFO - [Wired] Success with 'selenium_browser'. Found content (510 words).
2026-09-18 00:08:27,651 - INFO - [Economic Times] Article: https://economictimes.indiatimes.com/news/new-updates/in-1943-us-built-an-entire-city-and-it-didnt-exist-on-a-single-map/articleshow/132659427.cms
2026-09-18 00:08:28,098 - INFO - [Economic Times] Attempt 1/2: Trying with 'requests_browser' strategy...
2026-09-18 00:08:28,996 - ERROR - Error saving article Naturepedic Promo Codes: Get 20% Off Plus Free Pillows | WIRED: Hrana: `stream error: `Error { message: "SQLite error: UNIQUE constraint failed: articles.url", code: "SQLITE_CONSTRAINT" }``
2026-09-18 00:08:29,033 - INFO - [Economic Times] Success with 'requests_browser'. Found content (695 words).
2026-09-18 00:08:30,787 - INFO - [Wired] Article: https://www.wired.com/story/chegg-coupon-code/
2026-09-18 00:08:31,234 - INFO - [Wired] Attempt 1/2: Trying with 'requests_browser' strategy...
2026-09-18 00:08:32,139 - ERROR - Error saving article In 1943, US built an entire city, and it didn't exist on a single map - The Economic Times: Hrana: `stream error: `Error { message: "SQLite error: UNIQUE constraint failed: articles.url", code: "SQLITE_CONSTRAINT" }``
2026-09-18 00:08:32,151 - ERROR - parsed tree length: 1, wrong data type or not valid HTML
2026-09-18 00:08:32,151 - ERROR - empty HTML tree: None
2026-09-18 00:08:32,152 - WARNING - discarding data: None
2026-09-18 00:08:32,152 - WARNING - [Wired] FAILED with 'requests_browser' (content was too short: 0 words).
2026-09-18 00:08:32,807 - INFO - [Wired] Article: https://www.wired.com/story/chegg-coupon-code/
2026-09-18 00:08:32,807 - INFO - [Wired] Attempt 2/2: Trying with 'selenium_browser' strategy...
2026-09-18 00:08:33,023 - INFO - [Economic Times] Article: https://economictimes.indiatimes.com/news/new-updates/humans-have-a-third-eye-in-the-brain-study-links-it-to-a-600-million-year-old-cyclops-ancestor/articleshow/132655441.cms
2026-09-18 00:08:33,023 - INFO - [Economic Times] Attempt 1/2: Trying with 'requests_browser' strategy...
2026-09-18 00:08:33,152 - WARNING - [The Hindu] Page get timed out (7s). Proceeding to grab partial source anyway.
2026-09-18 00:08:33,605 - INFO - [Economic Times] Success with 'requests_browser'. Found content (600 words).
2026-09-18 00:08:36,462 - INFO - [Wired] Page content loaded.
2026-09-18 00:08:36,462 - ERROR - Error saving article Humans have a 'third eye' in the brain: Study links it to a 600-million-year-old Cyclops ancestor - The Economic Times: Hrana: `stream error: `Error { message: "SQLite error: UNIQUE constraint failed: articles.url", code: "SQLITE_CONSTRAINT" }``
2026-09-18 00:08:36,658 - INFO - [Wired] Success with 'selenium_browser'. Found content (713 words).
2026-09-18 00:08:38,113 - INFO - [Economic Times] Article: https://economictimes.indiatimes.com/news/new-updates/1500-ships-trapped-in-gulf-of-hormuz-is-quietly-multiplying-an-underwater-army-that-could-unleash-worlds-biggest-bioinvasion-event/articleshow/132595366.cms
2026-09-18 00:08:38,559 - INFO - [Economic Times] Attempt 1/2: Trying with 'requests_browser' strategy...
2026-09-18 00:08:39,459 - ERROR - Error saving article Chegg Coupon Codes September 2026: Save on Study, Textbooks, & More | WIRED: Hrana: `stream error: `Error { message: "SQLite error: UNIQUE constraint failed: articles.url", code: "SQLITE_CONSTRAINT" }``
2026-09-18 00:08:39,492 - INFO - [Economic Times] Success with 'requests_browser'. Found content (680 words).
2026-09-18 00:08:40,983 - WARNING - [The Hindu] Page explicit wait timed out (3s). Proceeding anyway.
2026-09-18 00:08:41,437 - INFO - [Wired] Article: https://www.wired.com/story/top-walmart-promo-codes/
2026-09-18 00:08:41,437 - INFO - [Wired] Attempt 1/2: Trying with 'requests_browser' strategy...
2026-09-18 00:08:42,342 - ERROR - Error saving article 1,500 ships trapped in Gulf of Hormuz are quietly multiplying an underwater army that could unleash World's biggest bioinvasion event - The Economic Times: Hrana: `stream error: `Error { message: "SQLite error: UNIQUE constraint failed: articles.url", code: "SQLITE_CONSTRAINT" }``
2026-09-18 00:08:42,354 - ERROR - parsed tree length: 1, wrong data type or not valid HTML
2026-09-18 00:08:42,354 - ERROR - empty HTML tree: None
2026-09-18 00:08:42,354 - WARNING - discarding data: None
2026-09-18 00:08:42,354 - WARNING - [Wired] FAILED with 'requests_browser' (content was too short: 0 words).
2026-09-18 00:08:43,072 - INFO - [Wired] Article: https://www.wired.com/story/top-walmart-promo-codes/
2026-09-18 00:08:43,073 - INFO - [Wired] Attempt 2/2: Trying with 'selenium_browser' strategy...
2026-09-18 00:08:43,482 - INFO - [Economic Times] Article: https://economictimes.indiatimes.com/news/elections/assembly-elections/assam/done-deal-cm-himanta-biswa-sarma-on-nda-seat-sharing-for-assam-polls/articleshow/128678098.cms
2026-09-18 00:08:43,482 - INFO - [Economic Times] Attempt 1/2: Trying with 'requests_browser' strategy...
2026-09-18 00:08:43,817 - INFO - [Economic Times] Success with 'requests_browser'. Found content (518 words).
2026-09-18 00:08:46,675 - ERROR - Error saving article 'Done deal': CM Himanta Biswa Sarma on NDA seat-sharing for Assam polls - The Economic Times: Hrana: `stream error: `Error { message: "SQLite error: UNIQUE constraint failed: articles.url", code: "SQLITE_CONSTRAINT" }``
2026-09-18 00:08:46,675 - INFO - [Wired] Page content loaded.
2026-09-18 00:08:46,872 - INFO - [Wired] Success with 'selenium_browser'. Found content (991 words).
2026-09-18 00:08:48,348 - INFO - [Economic Times] Article: https://economictimes.indiatimes.com/news/elections/assembly-elections/bihar/rare-intensive-revision-in-bihar-four-months-before-polls/articleshow/122167501.cms
2026-09-18 00:08:48,797 - INFO - [Economic Times] Attempt 1/2: Trying with 'requests_browser' strategy...
2026-09-18 00:08:48,798 - ERROR - [The Hindu] Request failed for strategy 'selenium_browser' on URL https://www.thehindu.com/news/cities/Hyderabad/lpg-agencies-likely-to-face-the-heat-of-mdr-plan-to-approach-government/article71477655.ece: Message: timeout: Timed out receiving message from renderer: 7.000
  (Session info: chrome=153.0.8010.47)
Stacktrace:
#0 0x55b754f7c3da <unknown>
#1 0x55b7548b15d9 <unknown>
#2 0x55b754898ffb <unknown>
#3 0x55b754898c76 <unknown>
#4 0x55b7548968b0 <unknown>
#5 0x55b75489720f <unknown>
#6 0x55b7548a63b0 <unknown>
#7 0x55b7548c02f7 <unknown>
#8 0x55b7548c7d4b <unknown>
#9 0x55b754897969 <unknown>
#10 0x55b7548c0052 <unknown>
#11 0x55b7549517d2 <unknown>
#12 0x55b7548fabab <unknown>
#13 0x55b7548fb991 <unknown>
#14 0x55b754f3f1e7 <unknown>
#15 0x55b754f3da15 <unknown>
#16 0x55b754f28ae5 <unknown>
#17 0x55b754f3e66a <unknown>
#18 0x55b754f11249 <unknown>
#19 0x55b754f66678 <unknown>
#20 0x55b754f66815 <unknown>
#21 0x55b754f7ad33 <unknown>
#22 0x7f1aef09cb84 <unknown>
#23 0x7f1aef129d6c <unknown>

2026-09-18 00:08:48,800 - ERROR - [The Hindu] All scrape strategies failed for https://www.thehindu.com/news/cities/Hyderabad/lpg-agencies-likely-to-face-the-heat-of-mdr-plan-to-approach-government/article71477655.ece. Falling back to RSS description.
2026-09-18 00:08:48,800 - WARNING - SKIPPED (GLOBAL WORD LIMIT): Article 'LPG agencies likely to face the heat of MDR, plan to approach government' from The Hindu has only 3 words (Min: 90).
2026-09-18 00:08:49,706 - ERROR - Error saving article Walmart Promo Codes: 20% Off for September 2026 | WIRED: Hrana: `stream error: `Error { message: "SQLite error: UNIQUE constraint failed: articles.url", code: "SQLITE_CONSTRAINT" }``
2026-09-18 00:08:49,707 - INFO - [The Hindu] Article: https://www.thehindu.com/news/national/semicon-india-2026-indias-semiconductor-ecosystem-expanding-opening-new-opportunities-says-modi/article71475696.ece
2026-09-18 00:08:49,708 - INFO - [The Hindu] Attempt 1/1: Trying with 'selenium_browser' strategy...
2026-09-18 00:08:49,741 - INFO - [Economic Times] Success with 'requests_browser'. Found content (864 words).
2026-09-18 00:08:51,232 - INFO - [Wired] Article: https://www.wired.com/story/sams-club-coupon/
2026-09-18 00:08:51,682 - INFO - [Wired] Attempt 1/2: Trying with 'requests_browser' strategy...
2026-09-18 00:08:52,582 - ERROR - Error saving article Rare 'intensive' revision in Bihar four months before polls - The Economic Times: Hrana: `stream error: `Error { message: "SQLite error: UNIQUE constraint failed: articles.url", code: "SQLITE_CONSTRAINT" }``
2026-09-18 00:08:52,592 - ERROR - parsed tree length: 1, wrong data type or not valid HTML
2026-09-18 00:08:52,593 - ERROR - empty HTML tree: None
2026-09-18 00:08:52,593 - WARNING - discarding data: None
2026-09-18 00:08:52,593 - WARNING - [Wired] FAILED with 'requests_browser' (content was too short: 0 words).
2026-09-18 00:08:53,193 - INFO - [Wired] Article: https://www.wired.com/story/sams-club-coupon/
2026-09-18 00:08:53,194 - INFO - [Wired] Attempt 2/2: Trying with 'selenium_browser' strategy...
2026-09-18 00:08:53,730 - INFO - [Economic Times] Article: https://economictimes.indiatimes.com/news/elections/assembly-elections/delhi/bjp-accuses-kejriwal-of-sending-voters-hoax-calls-to-mislead/articleshow/117579007.cms
2026-09-18 00:08:53,730 - INFO - [Economic Times] Attempt 1/2: Trying with 'requests_browser' strategy...
2026-09-18 00:08:54,106 - INFO - [Economic Times] Success with 'requests_browser'. Found content (550 words).
2026-09-18 00:08:55,599 - INFO - [Wired] Page content loaded.
2026-09-18 00:08:56,950 - ERROR - Error saving article BJP accuses Kejriwal of sending voters hoax calls to mislead - The Economic Times: Hrana: `stream error: `Error { message: "SQLite error: UNIQUE constraint failed: articles.url", code: "SQLITE_CONSTRAINT" }``
2026-09-18 00:08:57,147 - INFO - [Wired] Success with 'selenium_browser'. Found content (719 words).
2026-09-18 00:08:58,630 - INFO - [Economic Times] Article: https://economictimes.indiatimes.com/news/elections/lok-sabha/india/lok-sabha-election-2024-maharashtra-get-interesting-after-splits-in-shiv-sena-ncp/articleshow/108559788.cms
2026-09-18 00:08:59,078 - INFO - [Economic Times] Attempt 1/2: Trying with 'requests_browser' strategy...
2026-09-18 00:08:59,980 - ERROR - Error saving article Sam's Club Promo Codes and Membership Deals for September 2026 | WIRED: Hrana: `stream error: `Error { message: "SQLite error: UNIQUE constraint failed: articles.url", code: "SQLITE_CONSTRAINT" }``
2026-09-18 00:09:00,004 - INFO - [Economic Times] Success with 'requests_browser'. Found content (1442 words).
2026-09-18 00:09:01,468 - INFO - [Wired] Article: https://www.wired.com/story/rover-promo-code/
2026-09-18 00:09:01,915 - INFO - [Wired] Attempt 1/2: Trying with 'requests_browser' strategy...
2026-09-18 00:09:02,813 - ERROR - Error saving article Lok Sabha election 2024: Maharashtra get interesting after splits in Shiv Sena, NCP - The Economic Times: Hrana: `stream error: `Error { message: "SQLite error: UNIQUE constraint failed: articles.url", code: "SQLITE_CONSTRAINT" }``
2026-09-18 00:09:02,825 - ERROR - parsed tree length: 1, wrong data type or not valid HTML
2026-09-18 00:09:02,825 - ERROR - empty HTML tree: None
2026-09-18 00:09:02,825 - WARNING - discarding data: None
2026-09-18 00:09:02,825 - WARNING - [Wired] FAILED with 'requests_browser' (content was too short: 0 words).
2026-09-18 00:09:03,735 - INFO - [Wired] Article: https://www.wired.com/story/rover-promo-code/
2026-09-18 00:09:03,735 - INFO - [Wired] Attempt 2/2: Trying with 'selenium_browser' strategy...
2026-09-18 00:09:03,967 - WARNING - [The Hindu] Page get timed out (7s). Proceeding to grab partial source anyway.
2026-09-18 00:09:04,094 - INFO - [Economic Times] Article: https://economictimes.indiatimes.com/news/elections/lok-sabha/india/modi-charisma-key-factor-in-bjps-bid-to-retain-all-26-seats-in-gujarat/articleshow/108550858.cms
2026-09-18 00:09:04,094 - INFO - [Economic Times] Attempt 1/2: Trying with 'requests_browser' strategy...
2026-09-18 00:09:04,503 - INFO - [Economic Times] Success with 'requests_browser'. Found content (838 words).
2026-09-18 00:09:07,363 - INFO - [Wired] Page content loaded.
2026-09-18 00:09:07,363 - ERROR - Error saving article Modi charisma key factor in BJP's bid to retain all 26 seats in Gujarat - The Economic Times: Hrana: `stream error: `Error { message: "SQLite error: UNIQUE constraint failed: articles.url", code: "SQLITE_CONSTRAINT" }``
2026-09-18 00:09:07,556 - INFO - [Wired] Success with 'selenium_browser'. Found content (707 words).
2026-09-18 00:09:09,018 - INFO - [Economic Times] Article: https://economictimes.indiatimes.com/news/elections/lok-sabha/india/implementation-of-guarantees-decline-of-brs-favour-congress-in-telangana-bjp-aiming-for-better-show/articleshow/108548569.cms
2026-09-18 00:09:09,018 - INFO - [Economic Times] Attempt 1/2: Trying with 'requests_browser' strategy...
2026-09-18 00:09:10,371 - ERROR - Error saving article Rover Promo Codes and Referral Deals for 2026 | WIRED: Hrana: `stream error: `Error { message: "SQLite error: UNIQUE constraint failed: articles.url", code: "SQLITE_CONSTRAINT" }``
2026-09-18 00:09:10,396 - INFO - [Economic Times] Success with 'requests_browser'. Found content (1272 words).
2026-09-18 00:09:11,866 - INFO - [Wired] (Thread) Finished. Attempting to shut down its Selenium driver.
2026-09-18 00:09:11,867 - WARNING - [The Hindu] Page explicit wait timed out (3s). Proceeding anyway.
2026-09-18 00:09:13,218 - ERROR - Error saving article Implementation of 'guarantees', decline of BRS favour Congress in Telangana, BJP aiming for better show - The Economic Times: Hrana: `stream error: `Error { message: "SQLite error: UNIQUE constraint failed: articles.url", code: "SQLITE_CONSTRAINT" }``
2026-09-18 00:09:13,221 - INFO - [Wired] (Thread) driver.quit() successful.
2026-09-18 00:09:14,587 - INFO - [Economic Times] Article: https://economictimes.indiatimes.com/traders-bet-on-calendar-spread-as-nifty-moves-in-a-tight-range/articleshow/6302358.cms
2026-09-18 00:09:14,587 - INFO - [Economic Times] Attempt 1/2: Trying with 'requests_browser' strategy...
2026-09-18 00:09:15,000 - ERROR - parsed tree length: 1, wrong data type or not valid HTML
2026-09-18 00:09:15,000 - ERROR - empty HTML tree: None
2026-09-18 00:09:15,000 - WARNING - discarding data: None
2026-09-18 00:09:15,000 - WARNING - [Economic Times] FAILED with 'requests_browser' (content was too short: 0 words).
2026-09-18 00:09:15,544 - INFO - [Economic Times] Article: https://economictimes.indiatimes.com/traders-bet-on-calendar-spread-as-nifty-moves-in-a-tight-range/articleshow/6302358.cms
2026-09-18 00:09:15,544 - INFO - [Economic Times] Attempt 2/2: Trying with 'selenium_browser' strategy...
2026-09-18 00:09:16,965 - INFO - [Economic Times] Page content loaded.
2026-09-18 00:09:17,123 - INFO - [Economic Times] Success with 'selenium_browser'. Found content (411 words).
2026-09-18 00:09:19,112 - ERROR - [The Hindu] Request failed for strategy 'selenium_browser' on URL https://www.thehindu.com/news/national/semicon-india-2026-indias-semiconductor-ecosystem-expanding-opening-new-opportunities-says-modi/article71475696.ece: Message: timeout: Timed out receiving message from renderer: 7.000
  (Session info: chrome=153.0.8010.47)
Stacktrace:
#0 0x55b754f7c3da <unknown>
#1 0x55b7548b15d9 <unknown>
#2 0x55b754898ffb <unknown>
#3 0x55b754898c76 <unknown>
#4 0x55b7548968b0 <unknown>
#5 0x55b75489720f <unknown>
#6 0x55b7548a63b0 <unknown>
#7 0x55b7548c02f7 <unknown>
#8 0x55b7548c7d4b <unknown>
#9 0x55b754897969 <unknown>
#10 0x55b7548c0052 <unknown>
#11 0x55b7549517d2 <unknown>
#12 0x55b7548fabab <unknown>
#13 0x55b7548fb991 <unknown>
#14 0x55b754f3f1e7 <unknown>
#15 0x55b754f3da15 <unknown>
#16 0x55b754f28ae5 <unknown>
#17 0x55b754f3e66a <unknown>
#18 0x55b754f11249 <unknown>
#19 0x55b754f66678 <unknown>
#20 0x55b754f66815 <unknown>
#21 0x55b754f7ad33 <unknown>
#22 0x7f1aef09cb84 <unknown>
#23 0x7f1aef129d6c <unknown>

2026-09-18 00:09:19,112 - ERROR - [The Hindu] All scrape strategies failed for https://www.thehindu.com/news/national/semicon-india-2026-indias-semiconductor-ecosystem-expanding-opening-new-opportunities-says-modi/article71475696.ece. Falling back to RSS description.
2026-09-18 00:09:19,112 - WARNING - SKIPPED (GLOBAL WORD LIMIT): Article 'Semicon India 2026: Amid ‘weaponisation’ of supply chains, PM pitches India as a ‘trustworthy’ chipmaking destination' from The Hindu has only 29 words (Min: 90).
2026-09-18 00:09:20,016 - ERROR - Error saving article Traders bet on calendar spread as Nifty moves in a tight range - The Economic Times: Hrana: `stream error: `Error { message: "SQLite error: UNIQUE constraint failed: articles.url", code: "SQLITE_CONSTRAINT" }``
2026-09-18 00:09:20,122 - INFO - [The Hindu] Article: https://www.thehindu.com/opinion/editorial/new-fault-lines-on-manipurs-kuki-zonaga-conflict/article71476964.ece
2026-09-18 00:09:20,122 - INFO - [The Hindu] Attempt 1/1: Trying with 'selenium_browser' strategy...
2026-09-18 00:09:21,129 - INFO - [Economic Times] Article: https://economictimes.indiatimes.com/nifty-may-find-support-at-5300-level/articleshow/6296017.cms
2026-09-18 00:09:21,129 - INFO - [Economic Times] Attempt 1/2: Trying with 'requests_browser' strategy...
2026-09-18 00:09:21,462 - ERROR - parsed tree length: 1, wrong data type or not valid HTML
2026-09-18 00:09:21,462 - ERROR - empty HTML tree: None
2026-09-18 00:09:21,462 - WARNING - discarding data: None
2026-09-18 00:09:21,462 - WARNING - [Economic Times] FAILED with 'requests_browser' (content was too short: 0 words).
2026-09-18 00:09:22,343 - INFO - [Economic Times] Article: https://economictimes.indiatimes.com/nifty-may-find-support-at-5300-level/articleshow/6296017.cms
2026-09-18 00:09:22,343 - INFO - [Economic Times] Attempt 2/2: Trying with 'selenium_browser' strategy...
2026-09-18 00:09:24,307 - INFO - [Economic Times] Page content loaded.
2026-09-18 00:09:24,737 - INFO - [Economic Times] Success with 'selenium_browser'. Found content (411 words).
2026-09-18 00:09:27,624 - ERROR - Error saving article Nifty may find support at 5300 level - The Economic Times: Hrana: `stream error: `Error { message: "SQLite error: UNIQUE constraint failed: articles.url", code: "SQLITE_CONSTRAINT" }``
2026-09-18 00:09:28,267 - INFO - [Economic Times] Article: https://economictimes.indiatimes.com/seven-out-of-top-10-asian-small-cap-funds-are-indian/articleshow/6295976.cms
2026-09-18 00:09:28,268 - INFO - [Economic Times] Attempt 1/2: Trying with 'requests_browser' strategy...
2026-09-18 00:09:28,818 - ERROR - parsed tree length: 1, wrong data type or not valid HTML
2026-09-18 00:09:28,818 - ERROR - empty HTML tree: None
2026-09-18 00:09:28,821 - WARNING - discarding data: None
2026-09-18 00:09:28,821 - WARNING - [Economic Times] FAILED with 'requests_browser' (content was too short: 0 words).
2026-09-18 00:09:29,624 - INFO - [Economic Times] Article: https://economictimes.indiatimes.com/seven-out-of-top-10-asian-small-cap-funds-are-indian/articleshow/6295976.cms
2026-09-18 00:09:29,625 - INFO - [Economic Times] Attempt 2/2: Trying with 'selenium_browser' strategy...
2026-09-18 00:09:31,213 - INFO - [Economic Times] Page content loaded.
2026-09-18 00:09:31,373 - INFO - [Economic Times] Success with 'selenium_browser'. Found content (607 words).
2026-09-18 00:09:34,280 - ERROR - Error saving article Seven out of top 10 Asian small-cap funds are Indian - The Economic Times: Hrana: `stream error: `Error { message: "SQLite error: UNIQUE constraint failed: articles.url", code: "SQLITE_CONSTRAINT" }``
2026-09-18 00:09:34,633 - WARNING - [The Hindu] Page get timed out (7s). Proceeding to grab partial source anyway.
2026-09-18 00:09:35,615 - INFO - [Economic Times] Article: https://economictimes.indiatimes.com/inflation-reflects-growth-dynamics-in-india-christopher-wood/articleshow/6274053.cms
2026-09-18 00:09:35,615 - INFO - [Economic Times] Attempt 1/2: Trying with 'requests_browser' strategy...
2026-09-18 00:09:36,045 - ERROR - parsed tree length: 1, wrong data type or not valid HTML
2026-09-18 00:09:36,045 - ERROR - empty HTML tree: None
2026-09-18 00:09:36,045 - WARNING - discarding data: None
2026-09-18 00:09:36,045 - WARNING - [Economic Times] FAILED with 'requests_browser' (content was too short: 0 words).
2026-09-18 00:09:36,946 - INFO - [Economic Times] Article: https://economictimes.indiatimes.com/inflation-reflects-growth-dynamics-in-india-christopher-wood/articleshow/6274053.cms
2026-09-18 00:09:36,946 - INFO - [Economic Times] Attempt 2/2: Trying with 'selenium_browser' strategy...
2026-09-18 00:09:38,518 - INFO - [Economic Times] Page content loaded.
2026-09-18 00:09:38,749 - INFO - [Economic Times] Success with 'selenium_browser'. Found content (4520 words).
2026-09-18 00:09:41,678 - ERROR - Error saving article Inflation reflects growth dynamics in India: Christopher Wood - The Economic Times: Hrana: `stream error: `Error { message: "SQLite error: UNIQUE constraint failed: articles.url", code: "SQLITE_CONSTRAINT" }``
2026-09-18 00:09:41,682 - WARNING - [The Hindu] Page explicit wait timed out (3s). Proceeding anyway.
2026-09-18 00:09:42,789 - INFO - [Economic Times] Article: https://economictimes.indiatimes.com/market-may-trade-in-a-range-but-fiis-seen-sold-on-india/articleshow/6277705.cms
2026-09-18 00:09:42,790 - INFO - [Economic Times] Attempt 1/2: Trying with 'requests_browser' strategy...
2026-09-18 00:09:43,140 - ERROR - parsed tree length: 1, wrong data type or not valid HTML
2026-09-18 00:09:43,140 - ERROR - empty HTML tree: None
2026-09-18 00:09:43,145 - WARNING - discarding data: None
2026-09-18 00:09:43,145 - WARNING - [Economic Times] FAILED with 'requests_browser' (content was too short: 0 words).
2026-09-18 00:09:43,752 - INFO - [Economic Times] Article: https://economictimes.indiatimes.com/market-may-trade-in-a-range-but-fiis-seen-sold-on-india/articleshow/6277705.cms
2026-09-18 00:09:43,752 - INFO - [Economic Times] Attempt 2/2: Trying with 'selenium_browser' strategy...
2026-09-18 00:09:45,233 - INFO - [Economic Times] Page content loaded.
2026-09-18 00:09:45,609 - INFO - [Economic Times] Success with 'selenium_browser'. Found content (432 words).
2026-09-18 00:09:48,890 - ERROR - [The Hindu] Request failed for strategy 'selenium_browser' on URL https://www.thehindu.com/opinion/editorial/new-fault-lines-on-manipurs-kuki-zonaga-conflict/article71476964.ece: Message: timeout: Timed out receiving message from renderer: 7.000
  (Session info: chrome=153.0.8010.47)
Stacktrace:
#0 0x55b754f7c3da <unknown>
#1 0x55b7548b15d9 <unknown>
#2 0x55b754898ffb <unknown>
#3 0x55b754898c76 <unknown>
#4 0x55b7548968b0 <unknown>
#5 0x55b75489720f <unknown>
#6 0x55b7548a63b0 <unknown>
#7 0x55b7548c02f7 <unknown>
#8 0x55b7548c7d4b <unknown>
#9 0x55b754897969 <unknown>
#10 0x55b7548c0052 <unknown>
#11 0x55b7549517d2 <unknown>
#12 0x55b7548fabab <unknown>
#13 0x55b7548fb991 <unknown>
#14 0x55b754f3f1e7 <unknown>
#15 0x55b754f3da15 <unknown>
#16 0x55b754f28ae5 <unknown>
#17 0x55b754f3e66a <unknown>
#18 0x55b754f11249 <unknown>
#19 0x55b754f66678 <unknown>
#20 0x55b754f66815 <unknown>
#21 0x55b754f7ad33 <unknown>
#22 0x7f1aef09cb84 <unknown>
#23 0x7f1aef129d6c <unknown>

2026-09-18 00:09:48,890 - ERROR - Error saving article Market may trade in a range, but FIIs seen sold on India - The Economic Times: Hrana: `stream error: `Error { message: "SQLite error: UNIQUE constraint failed: articles.url", code: "SQLITE_CONSTRAINT" }``
2026-09-18 00:09:48,890 - ERROR - [The Hindu] All scrape strategies failed for https://www.thehindu.com/opinion/editorial/new-fault-lines-on-manipurs-kuki-zonaga-conflict/article71476964.ece. Falling back to RSS description.
2026-09-18 00:09:48,891 - WARNING - SKIPPED (GLOBAL WORD LIMIT): Article 'New fault lines: On Manipur’s Kuki-Zo–Naga conflict' from The Hindu has only 9 words (Min: 90).
2026-09-18 00:09:49,528 - INFO - [Economic Times] Article: https://economictimes.indiatimes.com/dont-bank-only-on-price-to-earning-ratio/articleshow/6278228.cms
2026-09-18 00:09:49,528 - INFO - [Economic Times] Attempt 1/2: Trying with 'requests_browser' strategy...
2026-09-18 00:09:49,886 - INFO - [The Hindu] Article: https://www.thehindu.com/news/national/tamil-nadu/prasanna-kumar-acharya-is-new-cmd-of-nlcil/article71477770.ece
2026-09-18 00:09:49,886 - INFO - [The Hindu] Attempt 1/1: Trying with 'selenium_browser' strategy...
2026-09-18 00:09:49,909 - ERROR - parsed tree length: 1, wrong data type or not valid HTML
2026-09-18 00:09:49,909 - ERROR - empty HTML tree: None
2026-09-18 00:09:49,909 - WARNING - discarding data: None
2026-09-18 00:09:49,910 - WARNING - [Economic Times] FAILED with 'requests_browser' (content was too short: 0 words).
2026-09-18 00:09:50,849 - INFO - [Economic Times] Article: https://economictimes.indiatimes.com/dont-bank-only-on-price-to-earning-ratio/articleshow/6278228.cms
2026-09-18 00:09:50,850 - INFO - [Economic Times] Attempt 2/2: Trying with 'selenium_browser' strategy...
2026-09-18 00:09:52,226 - INFO - [Economic Times] Page content loaded.
2026-09-18 00:09:52,611 - INFO - [Economic Times] Success with 'selenium_browser'. Found content (447 words).
2026-09-18 00:09:55,476 - ERROR - Error saving article 'Don't bank only on price-to-earning ratio' - The Economic Times: Hrana: `stream error: `Error { message: "SQLite error: UNIQUE constraint failed: articles.url", code: "SQLITE_CONSTRAINT" }``
2026-09-18 00:09:56,216 - INFO - [Economic Times] Article: https://economictimes.indiatimes.com/markets/stocks/recos/prabhudas-lilladher-has-a-reduce-rating-on-infosys/articleshow/3798718.cms
2026-09-18 00:09:56,216 - INFO - [Economic Times] Attempt 1/2: Trying with 'requests_browser' strategy...
2026-09-18 00:09:56,605 - ERROR - parsed tree length: 1, wrong data type or not valid HTML
2026-09-18 00:09:56,605 - ERROR - empty HTML tree: None
2026-09-18 00:09:56,605 - WARNING - discarding data: None
2026-09-18 00:09:56,605 - WARNING - [Economic Times] FAILED with 'requests_browser' (content was too short: 0 words).
2026-09-18 00:09:57,564 - INFO - [Economic Times] Article: https://economictimes.indiatimes.com/markets/stocks/recos/prabhudas-lilladher-has-a-reduce-rating-on-infosys/articleshow/3798718.cms
2026-09-18 00:09:57,564 - INFO - [Economic Times] Attempt 2/2: Trying with 'selenium_browser' strategy...
2026-09-18 00:09:59,191 - INFO - [Economic Times] Page content loaded.
2026-09-18 00:09:59,486 - INFO - [Economic Times] Success with 'selenium_browser'. Found content (259 words).
2026-09-18 00:10:02,365 - ERROR - Error saving article Prabhudas Lilladher has a ‘reduce’ rating on Infosys - The Economic Times: Hrana: `stream error: `Error { message: "SQLite error: UNIQUE constraint failed: articles.url", code: "SQLITE_CONSTRAINT" }``
2026-09-18 00:10:03,407 - INFO - [Economic Times] Article: https://economictimes.indiatimes.com/markets/stocks/recos/fin-crisis-too-late-and-too-little-done-in-us/articleshow/3794549.cms
2026-09-18 00:10:03,407 - INFO - [Economic Times] Attempt 1/2: Trying with 'requests_browser' strategy...
2026-09-18 00:10:03,725 - ERROR - parsed tree length: 1, wrong data type or not valid HTML
2026-09-18 00:10:03,725 - ERROR - empty HTML tree: None
2026-09-18 00:10:03,725 - WARNING - discarding data: None
2026-09-18 00:10:03,725 - WARNING - [Economic Times] FAILED with 'requests_browser' (content was too short: 0 words).
2026-09-18 00:10:03,917 - WARNING - [The Hindu] Page get timed out (7s). Proceeding to grab partial source anyway.
2026-09-18 00:10:04,528 - INFO - [Economic Times] Article: https://economictimes.indiatimes.com/markets/stocks/recos/fin-crisis-too-late-and-too-little-done-in-us/articleshow/3794549.cms
2026-09-18 00:10:04,528 - INFO - [Economic Times] Attempt 2/2: Trying with 'selenium_browser' strategy...
2026-09-18 00:10:06,008 - INFO - [Economic Times] Page content loaded.
2026-09-18 00:10:06,229 - INFO - [Economic Times] Success with 'selenium_browser'. Found content (452 words).
2026-09-18 00:10:09,106 - ERROR - Error saving article Fin Crisis: Too late and too little done in US - The Economic Times: Hrana: `stream error: `Error { message: "SQLite error: UNIQUE constraint failed: articles.url", code: "SQLITE_CONSTRAINT" }``
2026-09-18 00:10:10,330 - INFO - [Economic Times] Article: https://economictimes.indiatimes.com/markets/forex/weak-rupee-takes-its-toll-on-cos-with-huge-foreign-debt/articleshow/3546158.cms
2026-09-18 00:10:10,330 - INFO - [Economic Times] Attempt 1/2: Trying with 'requests_browser' strategy...
2026-09-18 00:10:10,678 - ERROR - parsed tree length: 1, wrong data type or not valid HTML
2026-09-18 00:10:10,680 - ERROR - empty HTML tree: None
2026-09-18 00:10:10,680 - WARNING - discarding data: None
2026-09-18 00:10:10,680 - WARNING - [Economic Times] FAILED with 'requests_browser' (content was too short: 0 words).
2026-09-18 00:10:10,931 - WARNING - [The Hindu] Page explicit wait timed out (3s). Proceeding anyway.
2026-09-18 00:10:11,341 - INFO - [Economic Times] Article: https://economictimes.indiatimes.com/markets/forex/weak-rupee-takes-its-toll-on-cos-with-huge-foreign-debt/articleshow/3546158.cms
2026-09-18 00:10:11,341 - INFO - [Economic Times] Attempt 2/2: Trying with 'selenium_browser' strategy...
2026-09-18 00:10:12,883 - INFO - [Economic Times] Page content loaded.
2026-09-18 00:10:13,375 - INFO - [Economic Times] Success with 'selenium_browser'. Found content (482 words).
2026-09-18 00:10:16,257 - ERROR - Error saving article Weak rupee takes its toll on cos with huge foreign debt - The Economic Times: Hrana: `stream error: `Error { message: "SQLite error: UNIQUE constraint failed: articles.url", code: "SQLITE_CONSTRAINT" }``
2026-09-18 00:10:17,599 - INFO - [Economic Times] Article: https://economictimes.indiatimes.com/markets/stocks/recos/wait-for-more-signals-before-turning-positive/articleshow/3292640.cms
2026-09-18 00:10:17,600 - INFO - [Economic Times] Attempt 1/2: Trying with 'requests_browser' strategy...
2026-09-18 00:10:17,979 - ERROR - [The Hindu] Request failed for strategy 'selenium_browser' on URL https://www.thehindu.com/news/national/tamil-nadu/prasanna-kumar-acharya-is-new-cmd-of-nlcil/article71477770.ece: Message: timeout: Timed out receiving message from renderer: 7.000
  (Session info: chrome=153.0.8010.47)
Stacktrace:
#0 0x55b754f7c3da <unknown>
#1 0x55b7548b15d9 <unknown>
#2 0x55b754898ffb <unknown>
#3 0x55b754898c76 <unknown>
#4 0x55b7548968b0 <unknown>
#5 0x55b75489720f <unknown>
#6 0x55b7548a63b0 <unknown>
#7 0x55b7548c02f7 <unknown>
#8 0x55b7548c7d4b <unknown>
#9 0x55b754897969 <unknown>
#10 0x55b7548c0052 <unknown>
#11 0x55b7549517d2 <unknown>
#12 0x55b7548fabab <unknown>
#13 0x55b7548fb991 <unknown>
#14 0x55b754f3f1e7 <unknown>
#15 0x55b754f3da15 <unknown>
#16 0x55b754f28ae5 <unknown>
#17 0x55b754f3e66a <unknown>
#18 0x55b754f11249 <unknown>
#19 0x55b754f66678 <unknown>
#20 0x55b754f66815 <unknown>
#21 0x55b754f7ad33 <unknown>
#22 0x7f1aef09cb84 <unknown>
#23 0x7f1aef129d6c <unknown>

2026-09-18 00:10:17,979 - ERROR - [The Hindu] All scrape strategies failed for https://www.thehindu.com/news/national/tamil-nadu/prasanna-kumar-acharya-is-new-cmd-of-nlcil/article71477770.ece. Falling back to RSS description.
2026-09-18 00:10:17,979 - WARNING - SKIPPED (GLOBAL WORD LIMIT): Article 'Prasanna Kumar Acharya is new CMD of NLCIL' from The Hindu has only 3 words (Min: 90).
2026-09-18 00:10:17,980 - ERROR - parsed tree length: 1, wrong data type or not valid HTML
2026-09-18 00:10:17,980 - ERROR - empty HTML tree: None
2026-09-18 00:10:17,980 - WARNING - discarding data: None
2026-09-18 00:10:17,980 - WARNING - [Economic Times] FAILED with 'requests_browser' (content was too short: 0 words).
2026-09-18 00:10:18,601 - INFO - [The Hindu] Article: https://www.thehindu.com/news/national/maharashtra/disha-salians-father-sends-500-crore-defamation-notice-to-aaditya-thackeray/article71477061.ece
2026-09-18 00:10:18,601 - INFO - [The Hindu] Attempt 1/1: Trying with 'selenium_browser' strategy...
2026-09-18 00:10:18,877 - INFO - [Economic Times] Article: https://economictimes.indiatimes.com/markets/stocks/recos/wait-for-more-signals-before-turning-positive/articleshow/3292640.cms
2026-09-18 00:10:18,877 - INFO - [Economic Times] Attempt 2/2: Trying with 'selenium_browser' strategy...
2026-09-18 00:10:20,400 - INFO - [Economic Times] Page content loaded.
2026-09-18 00:10:20,635 - INFO - [Economic Times] Success with 'selenium_browser'. Found content (392 words).
2026-09-18 00:10:23,506 - ERROR - Error saving article Wait for more signals before turning positive - The Economic Times: Hrana: `stream error: `Error { message: "SQLite error: UNIQUE constraint failed: articles.url", code: "SQLITE_CONSTRAINT" }``
2026-09-18 00:10:24,282 - INFO - [Economic Times] Article: https://economictimes.indiatimes.com/news/company/corporate-trends/six-indian-cos-among-businessweeks-top-100-infotech-firms/articleshow/3189334.cms
2026-09-18 00:10:24,282 - INFO - [Economic Times] Attempt 1/2: Trying with 'requests_browser' strategy...
2026-09-18 00:10:24,675 - INFO - [Economic Times] Success with 'requests_browser'. Found content (370 words).
2026-09-18 00:10:27,516 - ERROR - Error saving article Six Indian cos among BusinessWeek's top 100 Infotech firms - The Economic Times: Hrana: `stream error: `Error { message: "SQLite error: UNIQUE constraint failed: articles.url", code: "SQLITE_CONSTRAINT" }``
2026-09-18 00:10:28,199 - INFO - [Economic Times] Article: https://economictimes.indiatimes.com/news/company/corporate-trends/indian-firms-slip-in-global-ranking-four-move-out-of-top-500/articleshow/3177077.cms
2026-09-18 00:10:28,199 - INFO - [Economic Times] Attempt 1/2: Trying with 'requests_browser' strategy...
2026-09-18 00:10:28,678 - INFO - [Economic Times] Success with 'requests_browser'. Found content (1044 words).
2026-09-18 00:10:31,480 - ERROR - Error saving article Indian firms slip in global ranking; four move out of Top-500 - The Economic Times: Hrana: `stream error: `Error { message: "SQLite error: UNIQUE constraint failed: articles.url", code: "SQLITE_CONSTRAINT" }``
2026-09-18 00:10:32,827 - INFO - [Economic Times] Article: https://economictimes.indiatimes.com/markets/stocks/news/big-daddy-laps-up-cipla-after-q1-nos-beat-forecast/articleshow/6308646.cms
2026-09-18 00:10:32,827 - INFO - [Economic Times] Attempt 1/2: Trying with 'requests_browser' strategy...
2026-09-18 00:10:33,160 - WARNING - [The Hindu] Page get timed out (7s). Proceeding to grab partial source anyway.
2026-09-18 00:10:33,375 - ERROR - parsed tree length: 1, wrong data type or not valid HTML
2026-09-18 00:10:33,375 - ERROR - empty HTML tree: None
2026-09-18 00:10:33,375 - WARNING - discarding data: None
2026-09-18 00:10:33,375 - WARNING - [Economic Times] FAILED with 'requests_browser' (content was too short: 0 words).
2026-09-18 00:10:34,256 - INFO - [Economic Times] Article: https://economictimes.indiatimes.com/markets/stocks/news/big-daddy-laps-up-cipla-after-q1-nos-beat-forecast/articleshow/6308646.cms
2026-09-18 00:10:34,256 - INFO - [Economic Times] Attempt 2/2: Trying with 'selenium_browser' strategy...
2026-09-18 00:10:35,661 - INFO - [Economic Times] Page content loaded.
2026-09-18 00:10:35,920 - WARNING - [Economic Times] FAILED with 'selenium_browser' (content was too short: 83 words).
2026-09-18 00:10:35,922 - ERROR - [Economic Times] All scrape strategies failed for https://economictimes.indiatimes.com/markets/stocks/news/big-daddy-laps-up-cipla-after-q1-nos-beat-forecast/articleshow/6308646.cms. Falling back to RSS description.
2026-09-18 00:10:35,922 - WARNING - SKIPPED (GLOBAL WORD LIMIT): Article ''Big Daddy' laps up Cipla after Q1 nos beat forecast ' from Economic Times has only 20 words (Min: 90).
2026-09-18 00:10:36,661 - INFO - [Economic Times] Article: https://economictimes.indiatimes.com/markets/stocks/news/old-fox-has-dream-run-on-dalal-street/articleshow/6308631.cms
2026-09-18 00:10:36,661 - INFO - [Economic Times] Attempt 1/2: Trying with 'requests_browser' strategy...
2026-09-18 00:10:37,073 - ERROR - parsed tree length: 1, wrong data type or not valid HTML
2026-09-18 00:10:37,073 - ERROR - empty HTML tree: None
2026-09-18 00:10:37,073 - WARNING - discarding data: None
2026-09-18 00:10:37,073 - WARNING - [Economic Times] FAILED with 'requests_browser' (content was too short: 0 words).
2026-09-18 00:10:37,978 - INFO - [Economic Times] Article: https://economictimes.indiatimes.com/markets/stocks/news/old-fox-has-dream-run-on-dalal-street/articleshow/6308631.cms
2026-09-18 00:10:37,978 - INFO - [Economic Times] Attempt 2/2: Trying with 'selenium_browser' strategy...
2026-09-18 00:10:39,584 - INFO - [Economic Times] Page content loaded.
2026-09-18 00:10:39,873 - INFO - [Economic Times] Success with 'selenium_browser'. Found content (639 words).
2026-09-18 00:10:41,418 - WARNING - [The Hindu] Page explicit wait timed out (3s). Proceeding anyway.
2026-09-18 00:10:42,803 - ERROR - Error saving article Old Fox has dream run on Dalal Street - The Economic Times: Hrana: `stream error: `Error { message: "SQLite error: UNIQUE constraint failed: articles.url", code: "SQLITE_CONSTRAINT" }``
2026-09-18 00:10:43,427 - INFO - [Economic Times] Article: https://economictimes.indiatimes.com/markets/stocks/news/cairn-india-hits-record-high-on-bse-amid-stake-sale-talks/articleshow/6306679.cms
2026-09-18 00:10:43,427 - INFO - [Economic Times] Attempt 1/2: Trying with 'requests_browser' strategy...
2026-09-18 00:10:43,811 - ERROR - parsed tree length: 1, wrong data type or not valid HTML
2026-09-18 00:10:43,812 - ERROR - empty HTML tree: None
2026-09-18 00:10:43,812 - WARNING - discarding data: None
2026-09-18 00:10:43,812 - WARNING - [Economic Times] FAILED with 'requests_browser' (content was too short: 0 words).
2026-09-18 00:10:44,537 - INFO - [Economic Times] Article: https://economictimes.indiatimes.com/markets/stocks/news/cairn-india-hits-record-high-on-bse-amid-stake-sale-talks/articleshow/6306679.cms
2026-09-18 00:10:44,537 - INFO - [Economic Times] Attempt 2/2: Trying with 'selenium_browser' strategy...
2026-09-18 00:10:46,103 - INFO - [Economic Times] Page content loaded.
2026-09-18 00:10:46,295 - INFO - [Economic Times] Success with 'selenium_browser'. Found content (363 words).
2026-09-18 00:10:49,200 - ERROR - [The Hindu] Request failed for strategy 'selenium_browser' on URL https://www.thehindu.com/news/national/maharashtra/disha-salians-father-sends-500-crore-defamation-notice-to-aaditya-thackeray/article71477061.ece: Message: timeout: Timed out receiving message from renderer: 7.000
  (Session info: chrome=153.0.8010.47)
Stacktrace:
#0 0x55b754f7c3da <unknown>
#1 0x55b7548b15d9 <unknown>
#2 0x55b754898ffb <unknown>
#3 0x55b754898c76 <unknown>
#4 0x55b7548968b0 <unknown>
#5 0x55b75489720f <unknown>
#6 0x55b7548a63b0 <unknown>
#7 0x55b7548c02f7 <unknown>
#8 0x55b7548c7d4b <unknown>
#9 0x55b754897969 <unknown>
#10 0x55b7548c0052 <unknown>
#11 0x55b7549517d2 <unknown>
#12 0x55b7548fabab <unknown>
#13 0x55b7548fb991 <unknown>
#14 0x55b754f3f1e7 <unknown>
#15 0x55b754f3da15 <unknown>
#16 0x55b754f28ae5 <unknown>
#17 0x55b754f3e66a <unknown>
#18 0x55b754f11249 <unknown>
#19 0x55b754f66678 <unknown>
#20 0x55b754f66815 <unknown>
#21 0x55b754f7ad33 <unknown>
#22 0x7f1aef09cb84 <unknown>
#23 0x7f1aef129d6c <unknown>

2026-09-18 00:10:49,200 - ERROR - Error saving article Cairn India hits record high on BSE amid stake sale talks - The Economic Times: Hrana: `stream error: `Error { message: "SQLite error: UNIQUE constraint failed: articles.url", code: "SQLITE_CONSTRAINT" }``
2026-09-18 00:10:49,200 - ERROR - [The Hindu] All scrape strategies failed for https://www.thehindu.com/news/national/maharashtra/disha-salians-father-sends-500-crore-defamation-notice-to-aaditya-thackeray/article71477061.ece. Falling back to RSS description.
2026-09-18 00:10:49,201 - WARNING - SKIPPED (GLOBAL WORD LIMIT): Article 'Disha Salian’s father sends ₹500-crore defamation notice to Aaditya Thackeray' from The Hindu has only 3 words (Min: 90).
2026-09-18 00:10:50,038 - INFO - [The Hindu] Article: https://www.thehindu.com/news/national/tamil-nadu/scst-commission-seeks-action-over-alleged-humiliation-of-adi-dravida-students-in-cuddalore/article71477340.ece
2026-09-18 00:10:50,038 - INFO - [The Hindu] Attempt 1/1: Trying with 'selenium_browser' strategy...
2026-09-18 00:10:50,159 - INFO - [Economic Times] Article: https://economictimes.indiatimes.com/markets/stocks/news/vedanta-plunges-5-59-per-cent-on-lse-amid-talks-to-buy-cairn-stake/articleshow/6306526.cms
2026-09-18 00:10:50,160 - INFO - [Economic Times] Attempt 1/2: Trying with 'requests_browser' strategy...
2026-09-18 00:10:50,507 - ERROR - parsed tree length: 1, wrong data type or not valid HTML
2026-09-18 00:10:50,507 - ERROR - empty HTML tree: None
2026-09-18 00:10:50,507 - WARNING - discarding data: None
2026-09-18 00:10:50,507 - WARNING - [Economic Times] FAILED with 'requests_browser' (content was too short: 0 words).
2026-09-18 00:10:51,171 - INFO - [Economic Times] Article: https://economictimes.indiatimes.com/markets/stocks/news/vedanta-plunges-5-59-per-cent-on-lse-amid-talks-to-buy-cairn-stake/articleshow/6306526.cms
2026-09-18 00:10:51,171 - INFO - [Economic Times] Attempt 2/2: Trying with 'selenium_browser' strategy...
2026-09-18 00:10:52,941 - INFO - [Economic Times] Page content loaded.
2026-09-18 00:10:53,119 - INFO - [Economic Times] Success with 'selenium_browser'. Found content (397 words).
2026-09-18 00:10:56,012 - ERROR - Error saving article Cairn: Vedanta plunges 5.59 per cent on LSE amid talks to buy Cairn stake - The Economic Times: Hrana: `stream error: `Error { message: "SQLite error: UNIQUE constraint failed: articles.url", code: "SQLITE_CONSTRAINT" }``
2026-09-18 00:10:56,811 - INFO - [Economic Times] Article: https://economictimes.indiatimes.com/markets/stocks/news/sbi-shares-on-gaining-spree-hit-record-high/articleshow/6306241.cms
2026-09-18 00:10:56,811 - INFO - [Economic Times] Attempt 1/2: Trying with 'requests_browser' strategy...
2026-09-18 00:10:57,100 - ERROR - parsed tree length: 1, wrong data type or not valid HTML
2026-09-18 00:10:57,100 - ERROR - empty HTML tree: None
2026-09-18 00:10:57,100 - WARNING - discarding data: None
2026-09-18 00:10:57,100 - WARNING - [Economic Times] FAILED with 'requests_browser' (content was too short: 0 words).
2026-09-18 00:10:58,031 - INFO - [Economic Times] Article: https://economictimes.indiatimes.com/markets/stocks/news/sbi-shares-on-gaining-spree-hit-record-high/articleshow/6306241.cms
2026-09-18 00:10:58,031 - INFO - [Economic Times] Attempt 2/2: Trying with 'selenium_browser' strategy...
2026-09-18 00:10:59,494 - INFO - [Economic Times] Page content loaded.
2026-09-18 00:10:59,630 - WARNING - [Economic Times] FAILED with 'selenium_browser' (content was too short: 87 words).
2026-09-18 00:10:59,630 - ERROR - [Economic Times] All scrape strategies failed for https://economictimes.indiatimes.com/markets/stocks/news/sbi-shares-on-gaining-spree-hit-record-high/articleshow/6306241.cms. Falling back to RSS description.
2026-09-18 00:10:59,630 - WARNING - SKIPPED (GLOBAL WORD LIMIT): Article 'SBI shares on gaining spree; hit record high ' from Economic Times has only 28 words (Min: 90).
2026-09-18 00:11:00,161 - INFO - [Economic Times] Article: https://economictimes.indiatimes.com/fm-must-rethink/articleshow/5645094.cms
2026-09-18 00:11:00,161 - INFO - [Economic Times] Attempt 1/2: Trying with 'requests_browser' strategy...
2026-09-18 00:11:00,543 - ERROR - parsed tree length: 1, wrong data type or not valid HTML
2026-09-18 00:11:00,543 - ERROR - empty HTML tree: None
2026-09-18 00:11:00,543 - WARNING - discarding data: None
2026-09-18 00:11:00,543 - WARNING - [Economic Times] FAILED with 'requests_browser' (content was too short: 0 words).
2026-09-18 00:11:01,368 - INFO - [Economic Times] Article: https://economictimes.indiatimes.com/fm-must-rethink/articleshow/5645094.cms
2026-09-18 00:11:01,368 - INFO - [Economic Times] Attempt 2/2: Trying with 'selenium_browser' strategy...
2026-09-18 00:11:02,543 - INFO - [Economic Times] Page content loaded.
2026-09-18 00:11:02,673 - INFO - [Economic Times] Success with 'selenium_browser'. Found content (138 words).
2026-09-18 00:11:04,148 - WARNING - [The Hindu] Page get timed out (7s). Proceeding to grab partial source anyway.
2026-09-18 00:11:05,506 - ERROR - Error saving article FM must rethink - The Economic Times: Hrana: `stream error: `Error { message: "SQLite error: UNIQUE constraint failed: articles.url", code: "SQLITE_CONSTRAINT" }``
2026-09-18 00:11:06,376 - INFO - [Economic Times] Article: https://economictimes.indiatimes.com/amalgamate-banks/articleshow/5645086.cms
2026-09-18 00:11:06,376 - INFO - [Economic Times] Attempt 1/2: Trying with 'requests_browser' strategy...
2026-09-18 00:11:06,763 - ERROR - parsed tree length: 1, wrong data type or not valid HTML
2026-09-18 00:11:06,763 - ERROR - empty HTML tree: None
2026-09-18 00:11:06,763 - WARNING - discarding data: None
2026-09-18 00:11:06,763 - WARNING - [Economic Times] FAILED with 'requests_browser' (content was too short: 0 words).
2026-09-18 00:11:07,492 - INFO - [Economic Times] Article: https://economictimes.indiatimes.com/amalgamate-banks/articleshow/5645086.cms
2026-09-18 00:11:07,492 - INFO - [Economic Times] Attempt 2/2: Trying with 'selenium_browser' strategy...
2026-09-18 00:11:09,862 - INFO - [Economic Times] Page content loaded.
2026-09-18 00:11:09,960 - INFO - [Economic Times] Success with 'selenium_browser'. Found content (243 words).
2026-09-18 00:11:11,886 - WARNING - [The Hindu] Page explicit wait timed out (3s). Proceeding anyway.
2026-09-18 00:11:12,781 - ERROR - Error saving article Amalgamate banks - The Economic Times: Hrana: `stream error: `Error { message: "SQLite error: UNIQUE constraint failed: articles.url", code: "SQLITE_CONSTRAINT" }``
2026-09-18 00:11:13,860 - INFO - [Economic Times] Article: https://economictimes.indiatimes.com/managing-data/articleshow/5117958.cms
2026-09-18 00:11:13,860 - INFO - [Economic Times] Attempt 1/2: Trying with 'requests_browser' strategy...
2026-09-18 00:11:14,203 - ERROR - parsed tree length: 1, wrong data type or not valid HTML
2026-09-18 00:11:14,203 - ERROR - empty HTML tree: None
2026-09-18 00:11:14,203 - WARNING - discarding data: None
2026-09-18 00:11:14,203 - WARNING - [Economic Times] FAILED with 'requests_browser' (content was too short: 0 words).
2026-09-18 00:11:15,173 - INFO - [Economic Times] Article: https://economictimes.indiatimes.com/managing-data/articleshow/5117958.cms
2026-09-18 00:11:15,173 - INFO - [Economic Times] Attempt 2/2: Trying with 'selenium_browser' strategy...
2026-09-18 00:11:17,592 - INFO - [Economic Times] Page content loaded.
2026-09-18 00:11:17,763 - INFO - [Economic Times] Success with 'selenium_browser'. Found content (119 words).
2026-09-18 00:11:19,240 - ERROR - [The Hindu] Request failed for strategy 'selenium_browser' on URL https://www.thehindu.com/news/national/tamil-nadu/scst-commission-seeks-action-over-alleged-humiliation-of-adi-dravida-students-in-cuddalore/article71477340.ece: Message: timeout: Timed out receiving message from renderer: 7.000
  (Session info: chrome=153.0.8010.47)
Stacktrace:
#0 0x55b754f7c3da <unknown>
#1 0x55b7548b15d9 <unknown>
#2 0x55b754898ffb <unknown>
#3 0x55b754898c76 <unknown>
#4 0x55b7548968b0 <unknown>
#5 0x55b75489720f <unknown>
#6 0x55b7548a63b0 <unknown>
#7 0x55b7548c02f7 <unknown>
#8 0x55b7548c7d4b <unknown>
#9 0x55b754897969 <unknown>
#10 0x55b7548c0052 <unknown>
#11 0x55b7549517d2 <unknown>
#12 0x55b7548fabab <unknown>
#13 0x55b7548fb991 <unknown>
#14 0x55b754f3f1e7 <unknown>
#15 0x55b754f3da15 <unknown>
#16 0x55b754f28ae5 <unknown>
#17 0x55b754f3e66a <unknown>
#18 0x55b754f11249 <unknown>
#19 0x55b754f66678 <unknown>
#20 0x55b754f66815 <unknown>
#21 0x55b754f7ad33 <unknown>
#22 0x7f1aef09cb84 <unknown>
#23 0x7f1aef129d6c <unknown>

2026-09-18 00:11:19,691 - ERROR - [The Hindu] All scrape strategies failed for https://www.thehindu.com/news/national/tamil-nadu/scst-commission-seeks-action-over-alleged-humiliation-of-adi-dravida-students-in-cuddalore/article71477340.ece. Falling back to RSS description.
2026-09-18 00:11:19,691 - WARNING - SKIPPED (GLOBAL WORD LIMIT): Article 'SC/ST Commission seeks action over alleged humiliation of Adi Dravida students in Cuddalore' from The Hindu has only 3 words (Min: 90).
2026-09-18 00:11:20,589 - INFO - [The Hindu] Article: https://www.thehindu.com/news/national/tamil-nadu/em-sudarsana-nachiappan-former-union-minister-and-senior-congress-leader-passes-away-at-79/article71475548.ece
2026-09-18 00:11:20,590 - INFO - [The Hindu] Attempt 1/1: Trying with 'selenium_browser' strategy...
2026-09-18 00:11:20,590 - ERROR - Error saving article Managing data - The Economic Times: Hrana: `stream error: `Error { message: "SQLite error: UNIQUE constraint failed: articles.url", code: "SQLITE_CONSTRAINT" }``
2026-09-18 00:11:21,227 - INFO - [Economic Times] Article: https://economictimes.indiatimes.com/right-technology/articleshow/5117957.cms
2026-09-18 00:11:21,227 - INFO - [Economic Times] Attempt 1/2: Trying with 'requests_browser' strategy...
2026-09-18 00:11:21,548 - ERROR - parsed tree length: 1, wrong data type or not valid HTML
2026-09-18 00:11:21,548 - ERROR - empty HTML tree: None
2026-09-18 00:11:21,548 - WARNING - discarding data: None
2026-09-18 00:11:21,548 - WARNING - [Economic Times] FAILED with 'requests_browser' (content was too short: 0 words).
2026-09-18 00:11:22,140 - INFO - [Economic Times] Article: https://economictimes.indiatimes.com/right-technology/articleshow/5117957.cms
2026-09-18 00:11:22,140 - INFO - [Economic Times] Attempt 2/2: Trying with 'selenium_browser' strategy...
2026-09-18 00:11:24,651 - INFO - [Economic Times] Page content loaded.
2026-09-18 00:11:24,966 - INFO - [Economic Times] Success with 'selenium_browser'. Found content (114 words).
2026-09-18 00:11:27,798 - ERROR - Error saving article Right technology - The Economic Times: Hrana: `stream error: `Error { message: "SQLite error: UNIQUE constraint failed: articles.url", code: "SQLITE_CONSTRAINT" }``
2026-09-18 00:11:29,176 - INFO - [Economic Times] Article: https://economictimes.indiatimes.com/et-search/articleshow/21646857.cms
2026-09-18 00:11:29,176 - INFO - [Economic Times] Attempt 1/2: Trying with 'requests_browser' strategy...
2026-09-18 00:11:29,489 - ERROR - parsed tree length: 1, wrong data type or not valid HTML
2026-09-18 00:11:29,489 - ERROR - empty HTML tree: None
2026-09-18 00:11:29,489 - WARNING - discarding data: None
2026-09-18 00:11:29,489 - WARNING - [Economic Times] FAILED with 'requests_browser' (content was too short: 0 words).
2026-09-18 00:11:30,100 - INFO - [Economic Times] Article: https://economictimes.indiatimes.com/et-search/articleshow/21646857.cms
2026-09-18 00:11:30,100 - INFO - [Economic Times] Attempt 2/2: Trying with 'selenium_browser' strategy...
2026-09-18 00:11:32,435 - INFO - [Economic Times] Page content loaded.
2026-09-18 00:11:32,599 - WARNING - [Economic Times] FAILED with 'selenium_browser' (content was too short: 46 words).
2026-09-18 00:11:32,599 - ERROR - [Economic Times] All scrape strategies failed for https://economictimes.indiatimes.com/et-search/articleshow/21646857.cms. Falling back to RSS description.
2026-09-18 00:11:32,599 - WARNING - SKIPPED (GLOBAL WORD LIMIT): Article 'ET Search ' from Economic Times has only 3 words (Min: 90).
2026-09-18 00:11:33,151 - INFO - [Economic Times] Article: https://economictimes.indiatimes.com/after-the-oscars-whats-next-for-silent-stars-of-the-artist/articleshow/12075465.cms
2026-09-18 00:11:33,151 - INFO - [Economic Times] Attempt 1/2: Trying with 'requests_browser' strategy...
2026-09-18 00:11:33,492 - ERROR - parsed tree length: 1, wrong data type or not valid HTML
2026-09-18 00:11:33,493 - ERROR - empty HTML tree: None
2026-09-18 00:11:33,493 - WARNING - discarding data: None
2026-09-18 00:11:33,493 - WARNING - [Economic Times] FAILED with 'requests_browser' (content was too short: 0 words).
2026-09-18 00:11:34,175 - INFO - [Economic Times] Article: https://economictimes.indiatimes.com/after-the-oscars-whats-next-for-silent-stars-of-the-artist/articleshow/12075465.cms
2026-09-18 00:11:34,175 - INFO - [Economic Times] Attempt 2/2: Trying with 'selenium_browser' strategy...
2026-09-18 00:11:34,806 - WARNING - [The Hindu] Page get timed out (7s). Proceeding to grab partial source anyway.
2026-09-18 00:11:36,232 - INFO - [Economic Times] Page content loaded.
2026-09-18 00:11:36,411 - INFO - [Economic Times] Success with 'selenium_browser'. Found content (699 words).
2026-09-18 00:11:39,300 - ERROR - Error saving article After the Oscars, what's next for silent stars of The Artist? - The Economic Times: Hrana: `stream error: `Error { message: "SQLite error: UNIQUE constraint failed: articles.url", code: "SQLITE_CONSTRAINT" }``
2026-09-18 00:11:40,289 - INFO - [Economic Times] Article: https://economictimes.indiatimes.com/delhi-world-book-fair-a-fair-like-no-other/articleshow/12028630.cms
2026-09-18 00:11:40,289 - INFO - [Economic Times] Attempt 1/2: Trying with 'requests_browser' strategy...
2026-09-18 00:11:40,646 - ERROR - parsed tree length: 1, wrong data type or not valid HTML
2026-09-18 00:11:40,646 - ERROR - empty HTML tree: None
2026-09-18 00:11:40,646 - WARNING - discarding data: None
2026-09-18 00:11:40,646 - WARNING - [Economic Times] FAILED with 'requests_browser' (content was too short: 0 words).
2026-09-18 00:11:41,441 - INFO - [Economic Times] Article: https://economictimes.indiatimes.com/delhi-world-book-fair-a-fair-like-no-other/articleshow/12028630.cms
2026-09-18 00:11:41,441 - INFO - [Economic Times] Attempt 2/2: Trying with 'selenium_browser' strategy...
2026-09-18 00:11:41,823 - WARNING - [The Hindu] Page explicit wait timed out (3s). Proceeding anyway.
2026-09-18 00:11:43,365 - INFO - [Economic Times] Page content loaded.
2026-09-18 00:11:43,463 - INFO - [Economic Times] Success with 'selenium_browser'. Found content (1911 words).
2026-09-18 00:11:46,384 - ERROR - Error saving article Delhi World Book fair: A fair like no other - The Economic Times: Hrana: `stream error: `Error { message: "SQLite error: UNIQUE constraint failed: articles.url", code: "SQLITE_CONSTRAINT" }``
2026-09-18 00:11:47,685 - INFO - [Economic Times] Article: https://economictimes.indiatimes.com/lk-advanis-gift-makes-its-way-to-state-department-exhibition-hall/articleshow/12017534.cms
2026-09-18 00:11:47,685 - INFO - [Economic Times] Attempt 1/2: Trying with 'requests_browser' strategy...
2026-09-18 00:11:48,240 - ERROR - parsed tree length: 1, wrong data type or not valid HTML
2026-09-18 00:11:48,240 - ERROR - empty HTML tree: None
2026-09-18 00:11:48,240 - WARNING - discarding data: None
2026-09-18 00:11:48,241 - WARNING - [Economic Times] FAILED with 'requests_browser' (content was too short: 0 words).
2026-09-18 00:11:48,834 - ERROR - [The Hindu] Request failed for strategy 'selenium_browser' on URL https://www.thehindu.com/news/national/tamil-nadu/em-sudarsana-nachiappan-former-union-minister-and-senior-congress-leader-passes-away-at-79/article71475548.ece: Message: timeout: Timed out receiving message from renderer: 7.000
  (Session info: chrome=153.0.8010.47)
Stacktrace:
#0 0x55b754f7c3da <unknown>
#1 0x55b7548b15d9 <unknown>
#2 0x55b754898ffb <unknown>
#3 0x55b754898c76 <unknown>
#4 0x55b7548968b0 <unknown>
#5 0x55b75489720f <unknown>
#6 0x55b7548a63b0 <unknown>
#7 0x55b7548c02f7 <unknown>
#8 0x55b7548c7d4b <unknown>
#9 0x55b754897969 <unknown>
#10 0x55b7548c0052 <unknown>
#11 0x55b7549517d2 <unknown>
#12 0x55b7548fabab <unknown>
#13 0x55b7548fb991 <unknown>
#14 0x55b754f3f1e7 <unknown>
#15 0x55b754f3da15 <unknown>
#16 0x55b754f28ae5 <unknown>
#17 0x55b754f3e66a <unknown>
#18 0x55b754f11249 <unknown>
#19 0x55b754f66678 <unknown>
#20 0x55b754f66815 <unknown>
#21 0x55b754f7ad33 <unknown>
#22 0x7f1aef09cb84 <unknown>
#23 0x7f1aef129d6c <unknown>

2026-09-18 00:11:48,834 - ERROR - [The Hindu] All scrape strategies failed for https://www.thehindu.com/news/national/tamil-nadu/em-sudarsana-nachiappan-former-union-minister-and-senior-congress-leader-passes-away-at-79/article71475548.ece. Falling back to RSS description.
2026-09-18 00:11:48,834 - WARNING - SKIPPED (GLOBAL WORD LIMIT): Article 'E.M. Sudarsana Natchiappan, former Union Minister and senior Congress leader, passes away at 78' from The Hindu has only 21 words (Min: 90).
2026-09-18 00:11:49,118 - INFO - [Economic Times] Article: https://economictimes.indiatimes.com/lk-advanis-gift-makes-its-way-to-state-department-exhibition-hall/articleshow/12017534.cms
2026-09-18 00:11:49,118 - INFO - [Economic Times] Attempt 2/2: Trying with 'selenium_browser' strategy...
2026-09-18 00:11:49,940 - INFO - [The Hindu] Article: https://www.thehindu.com/news/national/tamil-nadu/state-finance-commission-chairman-calls-for-authority-greater-fiscal-autonomy-for-local-bodies/article71476010.ece
2026-09-18 00:11:49,941 - INFO - [The Hindu] Attempt 1/1: Trying with 'selenium_browser' strategy...
2026-09-18 00:11:50,967 - INFO - [Economic Times] Page content loaded.
2026-09-18 00:11:51,407 - INFO - [Economic Times] Success with 'selenium_browser'. Found content (488 words).
2026-09-18 00:11:54,304 - ERROR - Error saving article LK Advani's 'gift' makes its way to State Department exhibition hall - The Economic Times: Hrana: `stream error: `Error { message: "SQLite error: UNIQUE constraint failed: articles.url", code: "SQLITE_CONSTRAINT" }``
2026-09-18 00:11:55,711 - INFO - [Economic Times] Article: https://economictimes.indiatimes.com/india-meteorological-department-to-use-dynamic-models-for-forecasts/articleshow/11983844.cms
2026-09-18 00:11:55,711 - INFO - [Economic Times] Attempt 1/2: Trying with 'requests_browser' strategy...
2026-09-18 00:11:56,098 - ERROR - parsed tree length: 1, wrong data type or not valid HTML
2026-09-18 00:11:56,098 - ERROR - empty HTML tree: None
2026-09-18 00:11:56,098 - WARNING - discarding data: None
2026-09-18 00:11:56,098 - WARNING - [Economic Times] FAILED with 'requests_browser' (content was too short: 0 words).
2026-09-18 00:11:56,766 - INFO - [Economic Times] Article: https://economictimes.indiatimes.com/india-meteorological-department-to-use-dynamic-models-for-forecasts/articleshow/11983844.cms
2026-09-18 00:11:56,766 - INFO - [Economic Times] Attempt 2/2: Trying with 'selenium_browser' strategy...
2026-09-18 00:11:57,021 - CRITICAL - --- TIMEOUT: 2 scrape jobs did not complete in 420s. ---
2026-09-18 00:11:57,021 - ERROR - A thread has timed out and will be abandoned.
2026-09-18 00:11:57,021 - ERROR - A thread has timed out and will be abandoned.
2026-09-18 00:11:57,021 - INFO - Shutting down thread pool (wait=False)...
2026-09-18 00:11:57,021 - INFO - Scraped: 1 Wired, 0 BBC, 6 Al Jazeera, 1 Times of India, 0 TechCrunch, 0 Indian Express, 0 NDTV, 2 Timed_Out_Jobs articles. (Total saved: 8)
2026-09-18 00:11:57,022 - INFO - --- Scraping job finished ---
2026-09-18 00:11:57,022 - INFO - --- Scraper service stopped. ---
2026-09-18 00:11:57,022 - INFO - --- Main thread finished. Forcing process exit to kill zombie threads. ---
