2026-08-18 11:28:39,147 - INFO - Loading AI Semantic Model (all-MiniLM-L6-v2)...
2026-08-18 11:28:39,147 - INFO - No device provided, using cpu
2026-08-18 11:28:39,322 - INFO - HTTP Request: GET https://huggingface.co/api/agent-harnesses "HTTP/1.1 200 OK"
2026-08-18 11:28:39,383 - INFO - HTTP Request: HEAD https://huggingface.co/sentence-transformers/all-MiniLM-L6-v2/resolve/main/modules.json "HTTP/1.1 307 Temporary Redirect"
2026-08-18 11:28:39,384 - WARNING - Warning: You are sending unauthenticated requests to the HF Hub. Please set a HF_TOKEN to enable higher rate limits and faster downloads.
2026-08-18 11:28:39,405 - INFO - HTTP Request: HEAD https://huggingface.co/api/resolve-cache/models/sentence-transformers/all-MiniLM-L6-v2/1110a243fdf4706b3f48f1d95db1a4f5529b4d41/modules.json "HTTP/1.1 200 OK"
2026-08-18 11:28:39,470 - INFO - HTTP Request: HEAD https://huggingface.co/sentence-transformers/all-MiniLM-L6-v2/resolve/main/config_sentence_transformers.json "HTTP/1.1 307 Temporary Redirect"
2026-08-18 11:28:39,491 - INFO - HTTP Request: HEAD https://huggingface.co/api/resolve-cache/models/sentence-transformers/all-MiniLM-L6-v2/1110a243fdf4706b3f48f1d95db1a4f5529b4d41/config_sentence_transformers.json "HTTP/1.1 200 OK"
2026-08-18 11:28:39,493 - INFO - Loading SentenceTransformer model from sentence-transformers/all-MiniLM-L6-v2.
2026-08-18 11:28:39,554 - INFO - HTTP Request: HEAD https://huggingface.co/sentence-transformers/all-MiniLM-L6-v2/resolve/main/config_sentence_transformers.json "HTTP/1.1 307 Temporary Redirect"
2026-08-18 11:28:39,576 - INFO - HTTP Request: HEAD https://huggingface.co/api/resolve-cache/models/sentence-transformers/all-MiniLM-L6-v2/1110a243fdf4706b3f48f1d95db1a4f5529b4d41/config_sentence_transformers.json "HTTP/1.1 200 OK"
2026-08-18 11:28:39,639 - INFO - HTTP Request: HEAD https://huggingface.co/sentence-transformers/all-MiniLM-L6-v2/resolve/main/README.md "HTTP/1.1 307 Temporary Redirect"
2026-08-18 11:28:39,660 - INFO - HTTP Request: HEAD https://huggingface.co/api/resolve-cache/models/sentence-transformers/all-MiniLM-L6-v2/1110a243fdf4706b3f48f1d95db1a4f5529b4d41/README.md "HTTP/1.1 200 OK"
2026-08-18 11:28:39,682 - INFO - HTTP Request: GET https://huggingface.co/api/resolve-cache/models/sentence-transformers/all-MiniLM-L6-v2/1110a243fdf4706b3f48f1d95db1a4f5529b4d41/README.md "HTTP/1.1 200 OK"
2026-08-18 11:28:39,745 - INFO - HTTP Request: HEAD https://huggingface.co/sentence-transformers/all-MiniLM-L6-v2/resolve/main/modules.json "HTTP/1.1 307 Temporary Redirect"
2026-08-18 11:28:39,766 - INFO - HTTP Request: HEAD https://huggingface.co/api/resolve-cache/models/sentence-transformers/all-MiniLM-L6-v2/1110a243fdf4706b3f48f1d95db1a4f5529b4d41/modules.json "HTTP/1.1 200 OK"
2026-08-18 11:28:39,826 - INFO - HTTP Request: HEAD https://huggingface.co/sentence-transformers/all-MiniLM-L6-v2/resolve/main/sentence_bert_config.json "HTTP/1.1 307 Temporary Redirect"
2026-08-18 11:28:39,847 - INFO - HTTP Request: HEAD https://huggingface.co/api/resolve-cache/models/sentence-transformers/all-MiniLM-L6-v2/1110a243fdf4706b3f48f1d95db1a4f5529b4d41/sentence_bert_config.json "HTTP/1.1 200 OK"
2026-08-18 11:28:39,931 - INFO - HTTP Request: HEAD https://huggingface.co/sentence-transformers/all-MiniLM-L6-v2/resolve/main/adapter_config.json "HTTP/1.1 404 Not Found"
2026-08-18 11:28:39,994 - INFO - HTTP Request: HEAD https://huggingface.co/sentence-transformers/all-MiniLM-L6-v2/resolve/main/config.json "HTTP/1.1 307 Temporary Redirect"
2026-08-18 11:28:40,015 - INFO - HTTP Request: HEAD https://huggingface.co/api/resolve-cache/models/sentence-transformers/all-MiniLM-L6-v2/1110a243fdf4706b3f48f1d95db1a4f5529b4d41/config.json "HTTP/1.1 200 OK"
2026-08-18 11:28:40,121 - INFO - HTTP Request: HEAD https://huggingface.co/sentence-transformers/all-MiniLM-L6-v2/resolve/main/model.safetensors "HTTP/1.1 302 Found"
2026-08-18 11:28:40,290 - INFO - HTTP Request: HEAD https://huggingface.co/sentence-transformers/all-MiniLM-L6-v2/resolve/main/processor_config.json "HTTP/1.1 404 Not Found"
2026-08-18 11:28:40,353 - INFO - HTTP Request: HEAD https://huggingface.co/sentence-transformers/all-MiniLM-L6-v2/resolve/main/preprocessor_config.json "HTTP/1.1 404 Not Found"
2026-08-18 11:28:40,415 - INFO - HTTP Request: HEAD https://huggingface.co/sentence-transformers/all-MiniLM-L6-v2/resolve/main/video_preprocessor_config.json "HTTP/1.1 404 Not Found"
2026-08-18 11:28:40,486 - INFO - HTTP Request: HEAD https://huggingface.co/sentence-transformers/all-MiniLM-L6-v2/resolve/main/preprocessor_config.json "HTTP/1.1 404 Not Found"
2026-08-18 11:28:40,561 - INFO - HTTP Request: HEAD https://huggingface.co/sentence-transformers/all-MiniLM-L6-v2/resolve/main/tokenizer_config.json "HTTP/1.1 307 Temporary Redirect"
2026-08-18 11:28:40,583 - INFO - HTTP Request: HEAD https://huggingface.co/api/resolve-cache/models/sentence-transformers/all-MiniLM-L6-v2/1110a243fdf4706b3f48f1d95db1a4f5529b4d41/tokenizer_config.json "HTTP/1.1 200 OK"
2026-08-18 11:28:40,666 - INFO - HTTP Request: HEAD https://huggingface.co/sentence-transformers/all-MiniLM-L6-v2/resolve/main/config.json "HTTP/1.1 307 Temporary Redirect"
2026-08-18 11:28:40,688 - INFO - HTTP Request: HEAD https://huggingface.co/api/resolve-cache/models/sentence-transformers/all-MiniLM-L6-v2/1110a243fdf4706b3f48f1d95db1a4f5529b4d41/config.json "HTTP/1.1 200 OK"
2026-08-18 11:28:40,756 - INFO - HTTP Request: HEAD https://huggingface.co/sentence-transformers/all-MiniLM-L6-v2/resolve/main/config.json "HTTP/1.1 307 Temporary Redirect"
2026-08-18 11:28:40,777 - INFO - HTTP Request: HEAD https://huggingface.co/api/resolve-cache/models/sentence-transformers/all-MiniLM-L6-v2/1110a243fdf4706b3f48f1d95db1a4f5529b4d41/config.json "HTTP/1.1 200 OK"
2026-08-18 11:28:40,839 - INFO - HTTP Request: HEAD https://huggingface.co/sentence-transformers/all-MiniLM-L6-v2/resolve/main/tokenizer_config.json "HTTP/1.1 307 Temporary Redirect"
2026-08-18 11:28:40,861 - INFO - HTTP Request: HEAD https://huggingface.co/api/resolve-cache/models/sentence-transformers/all-MiniLM-L6-v2/1110a243fdf4706b3f48f1d95db1a4f5529b4d41/tokenizer_config.json "HTTP/1.1 200 OK"
2026-08-18 11:28:40,926 - INFO - HTTP Request: GET https://huggingface.co/api/models/sentence-transformers/all-MiniLM-L6-v2/tree/main/additional_chat_templates?recursive=false&expand=false "HTTP/1.1 404 Not Found"
2026-08-18 11:28:40,991 - INFO - HTTP Request: GET https://huggingface.co/api/models/sentence-transformers/all-MiniLM-L6-v2/tree/main?recursive=true&expand=false "HTTP/1.1 200 OK"
2026-08-18 11:28:41,053 - INFO - HTTP Request: HEAD https://huggingface.co/sentence-transformers/all-MiniLM-L6-v2/resolve/main/vocab.txt "HTTP/1.1 307 Temporary Redirect"
2026-08-18 11:28:41,075 - INFO - HTTP Request: HEAD https://huggingface.co/api/resolve-cache/models/sentence-transformers/all-MiniLM-L6-v2/1110a243fdf4706b3f48f1d95db1a4f5529b4d41/vocab.txt "HTTP/1.1 200 OK"
2026-08-18 11:28:41,138 - INFO - HTTP Request: HEAD https://huggingface.co/sentence-transformers/all-MiniLM-L6-v2/resolve/main/tokenizer.json "HTTP/1.1 307 Temporary Redirect"
2026-08-18 11:28:41,159 - INFO - HTTP Request: HEAD https://huggingface.co/api/resolve-cache/models/sentence-transformers/all-MiniLM-L6-v2/1110a243fdf4706b3f48f1d95db1a4f5529b4d41/tokenizer.json "HTTP/1.1 200 OK"
2026-08-18 11:28:41,222 - INFO - HTTP Request: HEAD https://huggingface.co/sentence-transformers/all-MiniLM-L6-v2/resolve/main/added_tokens.json "HTTP/1.1 404 Not Found"
2026-08-18 11:28:41,303 - INFO - HTTP Request: HEAD https://huggingface.co/sentence-transformers/all-MiniLM-L6-v2/resolve/main/special_tokens_map.json "HTTP/1.1 307 Temporary Redirect"
2026-08-18 11:28:41,324 - INFO - HTTP Request: HEAD https://huggingface.co/api/resolve-cache/models/sentence-transformers/all-MiniLM-L6-v2/1110a243fdf4706b3f48f1d95db1a4f5529b4d41/special_tokens_map.json "HTTP/1.1 200 OK"
2026-08-18 11:28:41,389 - INFO - HTTP Request: HEAD https://huggingface.co/sentence-transformers/all-MiniLM-L6-v2/resolve/main/chat_template.jinja "HTTP/1.1 404 Not Found"
2026-08-18 11:28:41,487 - INFO - HTTP Request: HEAD https://huggingface.co/sentence-transformers/all-MiniLM-L6-v2/resolve/main/1_Pooling/config.json "HTTP/1.1 307 Temporary Redirect"
2026-08-18 11:28:41,509 - INFO - HTTP Request: HEAD https://huggingface.co/api/resolve-cache/models/sentence-transformers/all-MiniLM-L6-v2/1110a243fdf4706b3f48f1d95db1a4f5529b4d41/1_Pooling%2Fconfig.json "HTTP/1.1 200 OK"
2026-08-18 11:28:41,575 - INFO - HTTP Request: GET https://huggingface.co/api/models/sentence-transformers/all-MiniLM-L6-v2 "HTTP/1.1 200 OK"
2026-08-18 11:28:41,578 - INFO - AI Model loaded successfully.
2026-08-18 11:28:41,579 - INFO - --- Scraper service started (CI Mode: Run Once) ---
2026-08-18 11:28:41,579 - INFO - --- Starting new scraping job (Parallel Mode) ---
2026-08-18 11:28:41,579 - INFO - Connecting to SQLite database...
2026-08-18 11:28:47,700 - INFO - Pre-calculating embeddings for 452 cached articles...
2026-08-18 11:29:19,968 - INFO - Cache built: 5898 URLs. Current MAX_ID: 107476
2026-08-18 11:29:19,969 - INFO - Creating new robust session with 3 retries on 5xx/connection/read errors.
2026-08-18 11:29:19,969 - INFO - Proxy is DISABLED.
2026-08-18 11:29:19,969 - INFO - [BBC] (Thread) requires Selenium. Initializing driver...
2026-08-18 11:29:19,969 - INFO - [Times of India] (Thread) requires Selenium. Initializing driver...
2026-08-18 11:29:19,970 - INFO - [The Hindu] (Thread) requires Selenium. Initializing driver...
2026-08-18 11:29:19,970 - INFO - [Al Jazeera] (Thread) requires Selenium. Initializing driver...
2026-08-18 11:29:19,971 - INFO - Starting scrape for TechCrunch RSS feed: https://techcrunch.com/feed/
2026-08-18 11:29:19,971 - INFO - [Economic Times] (Thread) requires Selenium. Initializing driver...
2026-08-18 11:29:19,973 - INFO - [Wired] (Thread) requires Selenium. Initializing driver...
2026-08-18 11:29:19,974 - INFO - [NDTV] (Thread) requires Selenium. Initializing driver...
2026-08-18 11:29:19,974 - INFO - [Indian Express] (Thread) requires Selenium. Initializing driver...
2026-08-18 11:29:19,974 - INFO - Submitted 9 jobs to thread pool. Waiting up to 420s for completion...
2026-08-18 11:29:21,508 - INFO - Found 0 articles in TechCrunch RSS feed. Processing until 8 new articles are saved.
2026-08-18 11:29:22,425 - INFO - Selenium driver initialized successfully (Eager load strategy, 7s timeout).
2026-08-18 11:29:22,427 - INFO - Starting scrape for Al Jazeera RSS feed: https://www.aljazeera.com/xml/rss/all.xml
2026-08-18 11:29:22,443 - INFO - Selenium driver initialized successfully (Eager load strategy, 7s timeout).
2026-08-18 11:29:22,443 - INFO - Starting scrape for Indian Express RSS feed: https://indianexpress.com/feed/
2026-08-18 11:29:22,600 - INFO - Selenium driver initialized successfully (Eager load strategy, 7s timeout).
2026-08-18 11:29:22,600 - INFO - Starting scrape for BBC RSS feed: http://feeds.bbci.co.uk/news/world/rss.xml
2026-08-18 11:29:22,660 - INFO - Selenium driver initialized successfully (Eager load strategy, 7s timeout).
2026-08-18 11:29:22,660 - INFO - Starting scrape for Economic Times RSS feed: https://economictimes.indiatimes.com/rssfeedsdefault.cms
2026-08-18 11:29:22,785 - INFO - Selenium driver initialized successfully (Eager load strategy, 7s timeout).
2026-08-18 11:29:22,794 - INFO - Starting scrape for Times of India RSS feed: https://timesofindia.indiatimes.com/rssfeeds/296589292.cms
2026-08-18 11:29:22,816 - INFO - Selenium driver initialized successfully (Eager load strategy, 7s timeout).
2026-08-18 11:29:22,816 - INFO - Starting scrape for NDTV RSS feed: https://feeds.feedburner.com/ndtvnews-top-stories
2026-08-18 11:29:22,836 - INFO - Found 25 articles in Al Jazeera RSS feed. Processing until 8 new articles are saved.
2026-08-18 11:29:22,837 - INFO - [Al Jazeera] Article: https://www.aljazeera.com/news/2026/8/18/what-to-know-about-californias-special-election-to-replace-eric-swalwell?traffic_source=rss
2026-08-18 11:29:22,837 - INFO - [Al Jazeera] Attempt 1/2: Trying with 'requests_browser' strategy...
2026-08-18 11:29:22,982 - ERROR - Failed to fetch Indian Express RSS feed: 403 Client Error: Forbidden for url: https://indianexpress.com/feed/
2026-08-18 11:29:22,987 - INFO - [Indian Express] (Thread) Finished. Attempting to shut down its Selenium driver.
2026-08-18 11:29:23,026 - INFO - Selenium driver initialized successfully (Eager load strategy, 7s timeout).
2026-08-18 11:29:23,026 - INFO - Starting scrape for Wired RSS feed: https://www.wired.com/feed/rss
2026-08-18 11:29:23,066 - INFO - [Al Jazeera] Success with 'requests_browser'. Found content (719 words).
2026-08-18 11:29:23,191 - INFO - [Indian Express] (Thread) driver.quit() successful.
2026-08-18 11:29:23,218 - INFO - Found 20 articles in Times of India RSS feed. Processing until 20 new articles are saved.
2026-08-18 11:29:23,219 - INFO - [Times of India] Article: https://timesofindia.indiatimes.com/world/us-streamers/kick-streamer-jollyirls-bungee-jump-incident-in-thailand-explained-after-livestream-cuts-mid-jump/articleshow/133319596.cms
2026-08-18 11:29:23,219 - INFO - [Times of India] Attempt 1/1: Trying with 'selenium_browser' strategy...
2026-08-18 11:29:23,237 - INFO - Selenium driver initialized successfully (Eager load strategy, 7s timeout).
2026-08-18 11:29:23,237 - INFO - Starting scrape for The Hindu RSS feed: https://www.thehindu.com/news/national/feeder/default.rss
2026-08-18 11:29:23,252 - INFO - Found 26 articles in BBC RSS feed. Processing until 10 new articles are saved.
2026-08-18 11:29:23,263 - INFO - [BBC] Early skip: URL https://www.bbc.co.uk/news/articles/cy5dz0kkn0wo?at_medium=RSS&at_campaign=rss already exists.
2026-08-18 11:29:23,266 - INFO - [BBC] Early skip: URL https://www.bbc.co.uk/news/articles/c75gv9xnr3po?at_medium=RSS&at_campaign=rss already exists.
2026-08-18 11:29:23,267 - INFO - [BBC] Early skip: URL https://www.bbc.co.uk/news/articles/cp3r0kz775ko?at_medium=RSS&at_campaign=rss already exists.
2026-08-18 11:29:23,270 - INFO - [BBC] Early skip: URL https://www.bbc.co.uk/news/articles/cpq809zrvqdo?at_medium=RSS&at_campaign=rss already exists.
2026-08-18 11:29:23,276 - INFO - [BBC] Early skip: URL https://www.bbc.co.uk/news/articles/c8dn3rqlyrgo?at_medium=RSS&at_campaign=rss already exists.
2026-08-18 11:29:23,283 - INFO - [BBC] Early skip: URL https://www.bbc.co.uk/news/articles/c1e154qjw96o?at_medium=RSS&at_campaign=rss already exists.
2026-08-18 11:29:23,286 - INFO - [BBC] Early skip: URL https://www.bbc.co.uk/news/articles/c5ywe951z80o?at_medium=RSS&at_campaign=rss already exists.
2026-08-18 11:29:23,293 - INFO - [BBC] Early skip: URL https://www.bbc.co.uk/news/articles/cg5l9n7d803o?at_medium=RSS&at_campaign=rss already exists.
2026-08-18 11:29:23,294 - INFO - [BBC] Early skip: URL https://www.bbc.co.uk/news/articles/cly8m31nvmgo?at_medium=RSS&at_campaign=rss already exists.
2026-08-18 11:29:23,297 - INFO - [BBC] Early skip: URL https://www.bbc.co.uk/news/articles/c5y6j4jl03xo?at_medium=RSS&at_campaign=rss already exists.
2026-08-18 11:29:23,299 - INFO - [BBC] Early skip: URL https://www.bbc.co.uk/news/articles/c4g3qdj1z77o?at_medium=RSS&at_campaign=rss already exists.
2026-08-18 11:29:23,301 - INFO - [BBC] Early skip: URL https://www.bbc.co.uk/news/articles/cy5dzk0ryzdo?at_medium=RSS&at_campaign=rss already exists.
2026-08-18 11:29:23,306 - INFO - [BBC] Early skip: URL https://www.bbc.co.uk/news/articles/cj4kjnle2neo?at_medium=RSS&at_campaign=rss already exists.
2026-08-18 11:29:23,311 - INFO - [BBC] Early skip: URL https://www.bbc.co.uk/news/articles/cx2rzx5g5yro?at_medium=RSS&at_campaign=rss already exists.
2026-08-18 11:29:23,313 - INFO - [BBC] Early skip: URL https://www.bbc.co.uk/news/articles/ce34rlkw6q7o?at_medium=RSS&at_campaign=rss already exists.
2026-08-18 11:29:23,314 - INFO - Found 76 articles in Economic Times RSS feed. Processing until 20 new articles are saved.
2026-08-18 11:29:23,318 - INFO - [BBC] Early skip: URL https://www.bbc.co.uk/news/articles/cx2lll7zvn0o?at_medium=RSS&at_campaign=rss already exists.
2026-08-18 11:29:23,321 - INFO - [Economic Times] Early skip: URL https://economictimes.indiatimes.com/markets/stocks/news/tube-investments-of-india-shares-surge-8-after-q1-earnings-what-motilal-oswal-is-saying/articleshow/133315012.cms already exists.
2026-08-18 11:29:23,344 - INFO - [BBC] Early skip: URL https://www.bbc.co.uk/news/articles/c5y6z4krrx3o?at_medium=RSS&at_campaign=rss already exists.
2026-08-18 11:29:23,347 - INFO - [Economic Times] Early skip: URL https://economictimes.indiatimes.com/markets/stocks/news/welspun-living-shares-surge-8-stock-gains-14-in-3-days-whats-driving-the-rally/articleshow/133314860.cms already exists.
2026-08-18 11:29:23,347 - INFO - [BBC] Early skip: URL https://www.bbc.co.uk/news/articles/cj9dx03jrgjo?at_medium=RSS&at_campaign=rss already exists.
2026-08-18 11:29:23,352 - INFO - [BBC] Early skip: URL https://www.bbc.co.uk/news/articles/c171j0k74d8o?at_medium=RSS&at_campaign=rss already exists.
2026-08-18 11:29:23,366 - INFO - [Economic Times] Early skip: URL https://economictimes.indiatimes.com/markets/stocks/news/biocon-shares-rise-2-after-usfda-approval-for-yesintek-single-dose-prefilled-autoinjector/articleshow/133314327.cms already exists.
2026-08-18 11:29:23,366 - INFO - [BBC] Early skip: URL https://www.bbc.co.uk/news/articles/c3w03y2wgxeo?at_medium=RSS&at_campaign=rss already exists.
2026-08-18 11:29:23,376 - INFO - [BBC] Early skip: URL https://www.bbc.co.uk/news/articles/cy0j2r15dr1o?at_medium=RSS&at_campaign=rss already exists.
2026-08-18 11:29:23,379 - INFO - [BBC] Early skip: URL https://www.bbc.co.uk/news/videos/cevmw1pl9kvo?at_medium=RSS&at_campaign=rss already exists.
2026-08-18 11:29:23,382 - INFO - [BBC] Early skip: URL https://www.bbc.co.uk/news/videos/cy45zjw424xo?at_medium=RSS&at_campaign=rss already exists.
2026-08-18 11:29:23,382 - INFO - [Economic Times] Early skip: URL https://economictimes.indiatimes.com/markets/stocks/news/colgate-palmolive-shares-fall-over-2-after-investor-day-what-goldman-sachs-and-other-brokerages-are-saying/articleshow/133314060.cms already exists.
2026-08-18 11:29:23,391 - INFO - [Economic Times] Early skip: URL https://economictimes.indiatimes.com/markets/stocks/news/hindustan-copper-vedanta-other-metal-stocks-slip-up-to-2-after-sharp-gains-should-you-buy-the-dip-or-avoid/articleshow/133313559.cms already exists.
2026-08-18 11:29:23,391 - INFO - [BBC] Early skip: URL https://www.bbc.co.uk/news/videos/cj4kglpl55lo?at_medium=RSS&at_campaign=rss already exists.
2026-08-18 11:29:23,395 - INFO - [BBC] Early skip: URL https://www.bbc.co.uk/news/videos/c8dnn05e90lo?at_medium=RSS&at_campaign=rss already exists.
2026-08-18 11:29:23,395 - INFO - Found 20 articles in NDTV RSS feed. Processing until 10 new articles are saved.
2026-08-18 11:29:23,396 - INFO - [NDTV] Article: https://www.ndtv.com/opinion/marathi-mumbai-and-a-bizarre-detour-for-the-taxi-wallahs-11925372#publisher=newsstand
2026-08-18 11:29:23,396 - INFO - [NDTV] Attempt 1/2: Trying with 'requests_browser' strategy...
2026-08-18 11:29:23,402 - INFO - [BBC] Early skip: URL https://www.bbc.co.uk/news/videos/c62e1v8p07go?at_medium=RSS&at_campaign=rss already exists.
2026-08-18 11:29:23,406 - INFO - [Economic Times] Early skip: URL https://economictimes.indiatimes.com/markets/stocks/news/bse-shares-drop-3-after-second-downgrade-in-two-days-nuvama-lists-cas-among-3-key-headwinds/articleshow/133313313.cms already exists.
2026-08-18 11:29:23,406 - INFO - [BBC] (Thread) Finished. Attempting to shut down its Selenium driver.
2026-08-18 11:29:23,408 - INFO - [Economic Times] Article: https://economictimes.indiatimes.com/news/economy/policy/rbi-special-windows-seen-big-enough-to-bring-in-100b/articleshow/132813309.cms
2026-08-18 11:29:23,408 - INFO - [Economic Times] Attempt 1/2: Trying with 'requests_browser' strategy...
2026-08-18 11:29:23,468 - INFO - Found 50 articles in Wired RSS feed. Processing until 10 new articles are saved.
2026-08-18 11:29:23,468 - INFO - [Wired] Article: https://www.wired.com/gallery/best-smart-notebooks-and-smart-pens/
2026-08-18 11:29:23,468 - INFO - [Wired] Attempt 1/2: Trying with 'requests_browser' strategy...
2026-08-18 11:29:23,480 - INFO - [BBC] (Thread) driver.quit() successful.
2026-08-18 11:29:26,998 - INFO - >>> SUCCESSFULLY SAVED [ID: 107477] - What to know about California’s special election to replace Eric Swalwell | US Midterm Elections 2026 News | Al Jazeera from Al Jazeera (719 words)
2026-08-18 11:29:27,009 - ERROR - [NDTV] Request failed for strategy 'requests_browser' on URL https://www.ndtv.com/opinion/marathi-mumbai-and-a-bizarre-detour-for-the-taxi-wallahs-11925372#publisher=newsstand: 403 Client Error: Forbidden for url: https://www.ndtv.com/opinion/marathi-mumbai-and-a-bizarre-detour-for-the-taxi-wallahs-11925372#publisher=newsstand
2026-08-18 11:29:27,128 - INFO - Found 60 articles in The Hindu RSS feed. Processing until 20 new articles are saved.
2026-08-18 11:29:27,129 - INFO - [The Hindu] Early skip: URL https://www.thehindu.com/news/national/jharkhand/jharkhand-student-protest-live-updates-govt-cancels-jssc-cgl-exam-reforms-devendra-nath-mahto-august-18-2026/article71358897.ece already exists.
2026-08-18 11:29:27,134 - INFO - [The Hindu] Article: https://www.thehindu.com/news/national/take-gyanesh-kumar-to-america-keep-him-there-pawan-kheras-response-to-trumps-post/article71360215.ece
2026-08-18 11:29:27,134 - INFO - [The Hindu] Attempt 1/1: Trying with 'selenium_browser' strategy...
2026-08-18 11:29:27,151 - ERROR - parsed tree length: 1, wrong data type or not valid HTML
2026-08-18 11:29:27,167 - ERROR - empty HTML tree: None
2026-08-18 11:29:27,167 - WARNING - discarding data: None
2026-08-18 11:29:27,167 - WARNING - [Wired] FAILED with 'requests_browser' (content was too short: 0 words).
2026-08-18 11:29:27,634 - INFO - [Al Jazeera] Article: https://www.aljazeera.com/video/newsfeed/2026/8/18/tupac-shakur-murder-trial-begins-thirty-years-after-his-death?traffic_source=rss
2026-08-18 11:29:27,634 - INFO - [Al Jazeera] Attempt 1/2: Trying with 'requests_browser' strategy...
2026-08-18 11:29:27,675 - INFO - [Wired] Article: https://www.wired.com/gallery/best-smart-notebooks-and-smart-pens/
2026-08-18 11:29:27,676 - INFO - [Wired] Attempt 2/2: Trying with 'selenium_browser' strategy...
2026-08-18 11:29:28,008 - INFO - [NDTV] Article: https://www.ndtv.com/opinion/marathi-mumbai-and-a-bizarre-detour-for-the-taxi-wallahs-11925372#publisher=newsstand
2026-08-18 11:29:28,022 - INFO - [NDTV] Attempt 2/2: Trying with 'selenium_browser' strategy...
2026-08-18 11:29:28,076 - WARNING - [Al Jazeera] FAILED with 'requests_browser' (content was too short: 72 words).
2026-08-18 11:29:28,330 - INFO - [Economic Times] Success with 'requests_browser'. Found content (322 words).
2026-08-18 11:29:28,774 - INFO - [Al Jazeera] Article: https://www.aljazeera.com/video/newsfeed/2026/8/18/tupac-shakur-murder-trial-begins-thirty-years-after-his-death?traffic_source=rss
2026-08-18 11:29:28,774 - INFO - [Al Jazeera] Attempt 2/2: Trying with 'selenium_browser' strategy...
2026-08-18 11:29:32,263 - ERROR - Error saving article RBI special windows seen big enough to bring in $100B - The Economic Times: Hrana: `stream error: `Error { message: "SQLite error: UNIQUE constraint failed: articles.url", code: "SQLITE_CONSTRAINT" }``
2026-08-18 11:29:32,351 - INFO - [NDTV] Page content loaded.
2026-08-18 11:29:33,132 - INFO - [NDTV] Success with 'selenium_browser'. Found content (1219 words).
2026-08-18 11:29:33,577 - INFO - [Al Jazeera] Page content loaded.
2026-08-18 11:29:33,614 - INFO - [Economic Times] Article: https://economictimes.indiatimes.com/news/economy/foreign-trade/india-canada-aim-to-conclude-cepa-trade-pact-by-end-2026-mea/articleshow/132813105.cms
2026-08-18 11:29:33,614 - INFO - [Economic Times] Attempt 1/2: Trying with 'requests_browser' strategy...
2026-08-18 11:29:33,970 - WARNING - [Al Jazeera] FAILED with 'selenium_browser' (content was too short: 72 words).
2026-08-18 11:29:33,970 - ERROR - [Al Jazeera] All scrape strategies failed for https://www.aljazeera.com/video/newsfeed/2026/8/18/tupac-shakur-murder-trial-begins-thirty-years-after-his-death?traffic_source=rss. Falling back to RSS description.
2026-08-18 11:29:33,970 - WARNING - SKIPPED (GLOBAL WORD LIMIT): Article 'Tupac Shakur murder trial begins thirty years after his death' from Al Jazeera has only 20 words (Min: 90).
2026-08-18 11:29:35,851 - INFO - [Al Jazeera] Article: https://www.aljazeera.com/news/2026/8/18/putins-illusion-of-victory-russia-ramps-up-missile-attacks-on-ukraine?traffic_source=rss
2026-08-18 11:29:35,851 - INFO - [Al Jazeera] Attempt 1/2: Trying with 'requests_browser' strategy...
2026-08-18 11:29:36,357 - INFO - [The Hindu] Page content loaded.
2026-08-18 11:29:37,681 - INFO - >>> SUCCESSFULLY SAVED [ID: 107479] - Marathi, Mumbai, And A 'Bizarre' Detour For The Taxi-Wallahs from NDTV (1219 words)
2026-08-18 11:29:38,008 - INFO - [Al Jazeera] Success with 'requests_browser'. Found content (1162 words).
2026-08-18 11:29:38,116 - INFO - [Economic Times] Success with 'requests_browser'. Found content (202 words).
2026-08-18 11:29:38,180 - INFO - [The Hindu] Success with 'selenium_browser'. Found content (234 words).
2026-08-18 11:29:40,352 - INFO - [NDTV] Article: https://www.ndtv.com/india-news/bihar-protests-puran-kumar-jha-top-cop-in-bihars-siwan-removed-after-ak-47-used-during-july-student-protests-11925645#publisher=newsstand
2026-08-18 11:29:40,353 - INFO - [NDTV] Attempt 1/2: Trying with 'requests_browser' strategy...
2026-08-18 11:29:42,151 - INFO - >>> SUCCESSFULLY SAVED [ID: 107480] - Putin’s ‘illusion of victory:’ Russia ramps up missile attacks on Ukraine | Russia-Ukraine war News | Al Jazeera from Al Jazeera (1162 words)
2026-08-18 11:29:42,253 - ERROR - [NDTV] Request failed for strategy 'requests_browser' on URL https://www.ndtv.com/india-news/bihar-protests-puran-kumar-jha-top-cop-in-bihars-siwan-removed-after-ak-47-used-during-july-student-protests-11925645#publisher=newsstand: 403 Client Error: Forbidden for url: https://www.ndtv.com/india-news/bihar-protests-puran-kumar-jha-top-cop-in-bihars-siwan-removed-after-ak-47-used-during-july-student-protests-11925645#publisher=newsstand
2026-08-18 11:29:42,850 - INFO - [Al Jazeera] Article: https://www.aljazeera.com/features/2026/8/18/indias-cockroach-movement-makes-schools-next-battleground-against-modi?traffic_source=rss
2026-08-18 11:29:42,851 - INFO - [Al Jazeera] Attempt 1/2: Trying with 'requests_browser' strategy...
2026-08-18 11:29:42,922 - INFO - [NDTV] Article: https://www.ndtv.com/india-news/bihar-protests-puran-kumar-jha-top-cop-in-bihars-siwan-removed-after-ak-47-used-during-july-student-protests-11925645#publisher=newsstand
2026-08-18 11:29:42,922 - INFO - [NDTV] Attempt 2/2: Trying with 'selenium_browser' strategy...
2026-08-18 11:29:46,041 - ERROR - Error saving article India, Canada aim to conclude CEPA trade pact by end-2026: MEA - The Economic Times: Hrana: `stream error: `Error { message: "SQLite error: UNIQUE constraint failed: articles.url", code: "SQLITE_CONSTRAINT" }``
2026-08-18 11:29:46,198 - INFO - [Al Jazeera] Success with 'requests_browser'. Found content (991 words).
2026-08-18 11:29:46,917 - INFO - [Economic Times] Article: https://economictimes.indiatimes.com/news/economy/infrastructure/govts-urban-reset-centre-divides-ministry-of-housing-and-urban-affairs-into-two-specialised-verticals/articleshow/132812900.cms
2026-08-18 11:29:46,917 - INFO - [Economic Times] Attempt 1/2: Trying with 'requests_browser' strategy...
2026-08-18 11:29:50,275 - INFO - [NDTV] Page content loaded.
2026-08-18 11:29:50,278 - INFO - >>> SUCCESSFULLY SAVED [ID: 107482] - ‘Take Gyanesh Kumar to America, keep him there’: Pawan Khera’s response to Trump’s post - The Hindu from The Hindu (234 words)
2026-08-18 11:29:50,900 - INFO - [The Hindu] Article: https://www.thehindu.com/news/national/andhra-pradesh/coast-guard-steps-up-search-for-eight-fishermen-missing-off-konaseema-andhra-pradesh/article71359556.ece
2026-08-18 11:29:50,900 - INFO - [The Hindu] Attempt 1/1: Trying with 'selenium_browser' strategy...
2026-08-18 11:29:54,478 - INFO - >>> SUCCESSFULLY SAVED [ID: 107483] - India’s ‘Cockroach’ movement makes schools next battleground against Modi | Protests | Al Jazeera from Al Jazeera (991 words)
2026-08-18 11:29:54,539 - INFO - [Economic Times] Success with 'requests_browser'. Found content (244 words).
2026-08-18 11:29:55,178 - INFO - [Al Jazeera] Article: https://www.aljazeera.com/sports/2026/8/18/asian-champions-league-draw-holders-al-ahli-to-face-former-winners-al-ain?traffic_source=rss
2026-08-18 11:29:55,178 - INFO - [Al Jazeera] Attempt 1/2: Trying with 'requests_browser' strategy...
2026-08-18 11:29:55,422 - INFO - [NDTV] Success with 'selenium_browser'. Found content (477 words).
2026-08-18 11:29:56,851 - INFO - [Al Jazeera] Success with 'requests_browser'. Found content (467 words).
2026-08-18 11:30:00,587 - ERROR - Error saving article Govt's urban reset: Centre divides ministry of Housing and Urban Affairs into two specialised verticals - The Economic Times: Hrana: `stream error: `Error { message: "SQLite error: UNIQUE constraint failed: articles.url", code: "SQLITE_CONSTRAINT" }``
2026-08-18 11:30:00,895 - INFO - [Wired] Page content loaded.
2026-08-18 11:30:02,853 - INFO - [Economic Times] Article: https://economictimes.indiatimes.com/news/economy/foreign-trade/india-uk-ceta-takes-effect-first-zero-duty-indian-coffee-jewellery-consignments-reach-uk-shores/articleshow/132442764.cms
2026-08-18 11:30:02,866 - INFO - [Economic Times] Attempt 1/2: Trying with 'requests_browser' strategy...
2026-08-18 11:30:04,818 - INFO - >>> SUCCESSFULLY SAVED [ID: 107485] - Asian Champions League draw: Holders Al-Ahli to face former winners Al Ain | Football News | Al Jazeera from Al Jazeera (467 words)
2026-08-18 11:30:05,127 - INFO - [Economic Times] Success with 'requests_browser'. Found content (946 words).
2026-08-18 11:30:07,618 - INFO - [Al Jazeera] Article: https://www.aljazeera.com/news/2026/8/18/eight-air-strikes-hit-airbase-in-syrias-idlib?traffic_source=rss
2026-08-18 11:30:07,619 - INFO - [Al Jazeera] Attempt 1/2: Trying with 'requests_browser' strategy...
2026-08-18 11:30:08,962 - INFO - >>> SUCCESSFULLY SAVED [ID: 107486] - Bihar Protests Puran Kumar Jha: Top Cop In Bihar's Siwan Removed After AK-47 Used During July Student Protests from NDTV (477 words)
2026-08-18 11:30:09,205 - INFO - [Al Jazeera] Success with 'requests_browser'. Found content (357 words).
2026-08-18 11:30:09,584 - INFO - [Wired] Success with 'selenium_browser'. Found content (1851 words).
2026-08-18 11:30:11,992 - INFO - [NDTV] Early skip: URL https://www.ndtv.com/business-news/stock-market-sensex-share-market-nifty-live-updates-today-18-august-us-iran-war-oil-prices-11923639#publisher=newsstand already exists.
2026-08-18 11:30:13,016 - ERROR - Error saving article India-UK CETA takes effect: First zero-duty Indian coffee, jewellery consignments reach UK shores - The Economic Times: Hrana: `stream error: `Error { message: "SQLite error: UNIQUE constraint failed: articles.url", code: "SQLITE_CONSTRAINT" }``
2026-08-18 11:30:13,022 - INFO - [NDTV] Article: https://www.ndtv.com/india-news/top-10-innovators-honoured-at-vande-bharatam-grand-finale-11925387#publisher=newsstand
2026-08-18 11:30:13,022 - INFO - [NDTV] Attempt 1/2: Trying with 'requests_browser' strategy...
2026-08-18 11:30:13,337 - ERROR - [NDTV] Request failed for strategy 'requests_browser' on URL https://www.ndtv.com/india-news/top-10-innovators-honoured-at-vande-bharatam-grand-finale-11925387#publisher=newsstand: 403 Client Error: Forbidden for url: https://www.ndtv.com/india-news/top-10-innovators-honoured-at-vande-bharatam-grand-finale-11925387#publisher=newsstand
2026-08-18 11:30:14,970 - INFO - [Economic Times] Article: https://economictimes.indiatimes.com/news/economy/foreign-trade/from-oman-to-tanzania-how-the-iran-war-is-redrawing-indias-trade-map/articleshow/131762760.cms
2026-08-18 11:30:14,971 - INFO - [Economic Times] Attempt 1/2: Trying with 'requests_browser' strategy...
2026-08-18 11:30:14,980 - INFO - [NDTV] Article: https://www.ndtv.com/india-news/top-10-innovators-honoured-at-vande-bharatam-grand-finale-11925387#publisher=newsstand
2026-08-18 11:30:14,980 - INFO - [NDTV] Attempt 2/2: Trying with 'selenium_browser' strategy...
2026-08-18 11:30:16,785 - INFO - >>> SUCCESSFULLY SAVED [ID: 107488] - Eight air strikes hit airbase in Syria’s Idlib | News | Al Jazeera from Al Jazeera (357 words)
2026-08-18 11:30:17,073 - INFO - [Economic Times] Success with 'requests_browser'. Found content (385 words).
2026-08-18 11:30:18,772 - INFO - [Al Jazeera] Article: https://www.aljazeera.com/video/newsfeed/2026/8/18/brazils-president-says-amazon-oil-is-passport-to-the?traffic_source=rss
2026-08-18 11:30:19,285 - INFO - [Al Jazeera] Attempt 1/2: Trying with 'requests_browser' strategy...
2026-08-18 11:30:20,295 - ERROR - Error saving article 6 Best Digital Notebooks (2026): ReMarkable, Kobo, Kindle | WIRED: Hrana: `stream error: `Error { message: "SQLite error: UNIQUE constraint failed: articles.url", code: "SQLITE_CONSTRAINT" }``
2026-08-18 11:30:20,296 - INFO - [NDTV] Page content loaded.
2026-08-18 11:30:20,422 - WARNING - [Al Jazeera] FAILED with 'requests_browser' (content was too short: 67 words).
2026-08-18 11:30:22,046 - INFO - [Wired] Article: https://www.wired.com/story/you-can-finally-buy-a-fairphone-a-sustainable-repairable-smartphone-in-the-us/
2026-08-18 11:30:22,559 - INFO - [Wired] Attempt 1/2: Trying with 'requests_browser' strategy...
2026-08-18 11:30:22,047 - INFO - [Al Jazeera] Article: https://www.aljazeera.com/video/newsfeed/2026/8/18/brazils-president-says-amazon-oil-is-passport-to-the?traffic_source=rss
2026-08-18 11:30:23,552 - INFO - [Al Jazeera] Attempt 2/2: Trying with 'selenium_browser' strategy...
2026-08-18 11:30:23,594 - ERROR - Error saving article From Oman to Tanzania: How the Iran war is redrawing India’s trade map - The Economic Times: Hrana: `stream error: `Error { message: "SQLite error: UNIQUE constraint failed: articles.url", code: "SQLITE_CONSTRAINT" }``
2026-08-18 11:30:23,972 - ERROR - parsed tree length: 1, wrong data type or not valid HTML
2026-08-18 11:30:23,972 - ERROR - empty HTML tree: None
2026-08-18 11:30:23,972 - WARNING - discarding data: None
2026-08-18 11:30:23,972 - WARNING - [Wired] FAILED with 'requests_browser' (content was too short: 0 words).
2026-08-18 11:30:24,043 - INFO - [NDTV] Success with 'selenium_browser'. Found content (458 words).
2026-08-18 11:30:24,155 - INFO - [Economic Times] Article: https://economictimes.indiatimes.com/news/economy/policy/fm-sitharaman-flags-global-crisis-spillovers-unfair-burden-on-developing-nations/articleshow/131668427.cms
2026-08-18 11:30:24,162 - INFO - [Economic Times] Attempt 1/2: Trying with 'requests_browser' strategy...
2026-08-18 11:30:24,555 - INFO - [Wired] Article: https://www.wired.com/story/you-can-finally-buy-a-fairphone-a-sustainable-repairable-smartphone-in-the-us/
2026-08-18 11:30:24,555 - INFO - [Wired] Attempt 2/2: Trying with 'selenium_browser' strategy...
2026-08-18 11:30:24,829 - INFO - [Economic Times] Success with 'requests_browser'. Found content (317 words).
2026-08-18 11:30:27,632 - WARNING - [The Hindu] Page explicit wait timed out (3s). Proceeding anyway.
2026-08-18 11:30:28,923 - INFO - >>> SUCCESSFULLY SAVED [ID: 107491] - Top 10 Innovators Honoured At Vande Bharatam Grand Finale from NDTV (458 words)
2026-08-18 11:30:30,824 - INFO - [NDTV] Early skip: URL https://www.ndtv.com/india-news/rs-1-20-crore-testicle-myth-how-a-reel-led-to-a-teens-murder-in-madhya-pradesh-bhopal-11924649#publisher=newsstand already exists.
2026-08-18 11:30:31,324 - INFO - [NDTV] Early skip: URL https://www.ndtv.com/world-news/meet-natalie-harp-trumps-close-aide-who-travelled-with-him-during-turkey-security-scare-11924960#publisher=newsstand already exists.
2026-08-18 11:30:31,331 - INFO - [NDTV] Early skip: URL https://www.ndtv.com/india-news/himachal-pradesh-plans-to-reduce-ias-ifs-ips-officers-to-curb-bureaucratic-costs-11925286#publisher=newsstand already exists.
2026-08-18 11:30:32,375 - ERROR - Error saving article FM Sitharaman flags global crisis spillovers, unfair burden on developing nations - The Economic Times: Hrana: `stream error: `Error { message: "SQLite error: UNIQUE constraint failed: articles.url", code: "SQLITE_CONSTRAINT" }``
2026-08-18 11:30:32,376 - INFO - [NDTV] Early skip: URL https://www.ndtv.com/india-news/thinks-can-justify-such-vulgarity-dmk-on-vijay-trisha-salute-at-independence-day-event-11924723#publisher=newsstand already exists.
2026-08-18 11:30:32,377 - INFO - [NDTV] Early skip: URL https://www.ndtv.com/business-news/cargo-rates-surge-amid-us-iran-war-cargo-cost-yet-india-export-jump-11925194#publisher=newsstand already exists.
2026-08-18 11:30:32,379 - INFO - [NDTV] Early skip: URL https://www.ndtv.com/india-news/supreme-court-to-form-panel-with-cbi-ex-boss-over-brutality-during-cjp-protests-11925028#publisher=newsstand already exists.
2026-08-18 11:30:32,381 - INFO - [NDTV] Early skip: URL https://www.ndtv.com/india-news/meta-said-it-has-acted-on-child-sexual-content-csam-government-sources-11925152#publisher=newsstand already exists.
2026-08-18 11:30:32,386 - INFO - [NDTV] Early skip: URL https://www.ndtv.com/india-news/card-game-turns-deadly-3-killed-after-falling-into-well-during-raid-scare-in-gujarat-11924870#publisher=newsstand already exists.
2026-08-18 11:30:32,388 - INFO - [NDTV] Early skip: URL https://www.ndtv.com/world-news/pakistans-top-court-orders-ex-pm-imran-khan-be-moved-to-hospital-amid-health-concerns-11924945#publisher=newsstand already exists.
2026-08-18 11:30:32,389 - INFO - [NDTV] Early skip: URL https://www.ndtv.com/india-news/up-teen-fakes-kidnapping-in-pune-sends-crying-video-to-family-for-rs-5-lakh-11925057#publisher=newsstand already exists.
2026-08-18 11:30:32,393 - INFO - [NDTV] Early skip: URL https://www.ndtv.com/india-news/out-of-the-spotlight-inside-amit-malviyas-exit-as-bjp-it-cell-chief-11925085#publisher=newsstand already exists.
2026-08-18 11:30:32,394 - INFO - [NDTV] Early skip: URL https://www.ndtv.com/kolkata-news/fire-at-kolkata-airports-air-traffic-control-building-flight-ops-unaffected-11925132#publisher=newsstand already exists.
2026-08-18 11:30:32,395 - INFO - [NDTV] Early skip: URL https://www.ndtv.com/hyderabad-news/36-tonnes-adulterated-ghee-seized-in-major-crackdown-in-hyderabad-11925083#publisher=newsstand already exists.
2026-08-18 11:30:32,397 - INFO - [NDTV] Early skip: URL https://www.ndtv.com/world-news/trump-bombs-us-foreign-policy-in-swings-at-oman-south-korea-over-iran-war-11924856#publisher=newsstand already exists.
2026-08-18 11:30:32,400 - INFO - [NDTV] Article: https://www.ndtv.com/india-news/vizhinjam-port-begins-export-import-ops-opens-new-gateway-to-global-trade-11925024#publisher=newsstand
2026-08-18 11:30:32,400 - INFO - [NDTV] Attempt 1/2: Trying with 'requests_browser' strategy...
2026-08-18 11:30:32,654 - ERROR - [NDTV] Request failed for strategy 'requests_browser' on URL https://www.ndtv.com/india-news/vizhinjam-port-begins-export-import-ops-opens-new-gateway-to-global-trade-11925024#publisher=newsstand: 403 Client Error: Forbidden for url: https://www.ndtv.com/india-news/vizhinjam-port-begins-export-import-ops-opens-new-gateway-to-global-trade-11925024#publisher=newsstand
2026-08-18 11:30:33,500 - INFO - [NDTV] Article: https://www.ndtv.com/india-news/vizhinjam-port-begins-export-import-ops-opens-new-gateway-to-global-trade-11925024#publisher=newsstand
2026-08-18 11:30:33,500 - INFO - [NDTV] Attempt 2/2: Trying with 'selenium_browser' strategy...
2026-08-18 11:30:33,578 - INFO - [Economic Times] Article: https://economictimes.indiatimes.com/tech/technology/apple-faces-indian-engineers-bias-lawsuit/articleshow/81694292.cms
2026-08-18 11:30:33,578 - INFO - [Economic Times] Attempt 1/2: Trying with 'requests_browser' strategy...
2026-08-18 11:30:33,950 - ERROR - parsed tree length: 1, wrong data type or not valid HTML
2026-08-18 11:30:33,951 - ERROR - empty HTML tree: None
2026-08-18 11:30:33,958 - WARNING - discarding data: None
2026-08-18 11:30:33,958 - WARNING - [Economic Times] FAILED with 'requests_browser' (content was too short: 0 words).
2026-08-18 11:30:34,159 - INFO - [Al Jazeera] Page content loaded.
2026-08-18 11:30:34,737 - WARNING - [Al Jazeera] FAILED with 'selenium_browser' (content was too short: 71 words).
2026-08-18 11:30:34,737 - ERROR - [Al Jazeera] All scrape strategies failed for https://www.aljazeera.com/video/newsfeed/2026/8/18/brazils-president-says-amazon-oil-is-passport-to-the?traffic_source=rss. Falling back to RSS description.
2026-08-18 11:30:34,737 - WARNING - SKIPPED (GLOBAL WORD LIMIT): Article 'Brazil’s president says Amazon oil is ‘passport to the future’' from Al Jazeera has only 10 words (Min: 90).
2026-08-18 11:30:34,797 - INFO - [Economic Times] Article: https://economictimes.indiatimes.com/tech/technology/apple-faces-indian-engineers-bias-lawsuit/articleshow/81694292.cms
2026-08-18 11:30:34,797 - INFO - [Economic Times] Attempt 2/2: Trying with 'selenium_browser' strategy...
2026-08-18 11:30:36,004 - ERROR - [The Hindu] Request failed for strategy 'selenium_browser' on URL https://www.thehindu.com/news/national/andhra-pradesh/coast-guard-steps-up-search-for-eight-fishermen-missing-off-konaseema-andhra-pradesh/article71359556.ece: Message: timeout: Timed out receiving message from renderer: 7.000
  (Session info: chrome=152.0.7977.42)
Stacktrace:
#0 0x55d3d92572ca <unknown>
#1 0x55d3d8bbab39 <unknown>
#2 0x55d3d8ba25bb <unknown>
#3 0x55d3d8ba2236 <unknown>
#4 0x55d3d8b9fe18 <unknown>
#5 0x55d3d8ba079f <unknown>
#6 0x55d3d8baf880 <unknown>
#7 0x55d3d8bc97b7 <unknown>
#8 0x55d3d8bd119b <unknown>
#9 0x55d3d8ba0ef9 <unknown>
#10 0x55d3d8bc9512 <unknown>
#11 0x55d3d8c58b26 <unknown>
#12 0x55d3d8c03ecb <unknown>
#13 0x55d3d8c04cb1 <unknown>
#14 0x55d3d921b7f0 <unknown>
#15 0x55d3d9219e6a <unknown>
#16 0x55d3d9204bb5 <unknown>
#17 0x55d3d921ab2a <unknown>
#18 0x55d3d91eddf0 <unknown>
#19 0x55d3d9242238 <unknown>
#20 0x55d3d92423d5 <unknown>
#21 0x55d3d9255e53 <unknown>
#22 0x7f30d8c9cb84 <unknown>
#23 0x7f30d8d29d6c <unknown>

2026-08-18 11:30:36,004 - ERROR - [The Hindu] All scrape strategies failed for https://www.thehindu.com/news/national/andhra-pradesh/coast-guard-steps-up-search-for-eight-fishermen-missing-off-konaseema-andhra-pradesh/article71359556.ece. Falling back to RSS description.
2026-08-18 11:30:36,004 - WARNING - SKIPPED (GLOBAL WORD LIMIT): Article 'Coast Guard steps up search for eight fishermen missing off Konaseema, Andhra Pradesh' from The Hindu has only 42 words (Min: 90).
2026-08-18 11:30:36,223 - INFO - [Al Jazeera] Article: https://www.aljazeera.com/video/newsfeed/2026/8/18/syrian-man-dies-in-custody-after-alleged-abuse-by-security-officers?traffic_source=rss
2026-08-18 11:30:36,223 - INFO - [Al Jazeera] Attempt 1/2: Trying with 'requests_browser' strategy...
2026-08-18 11:30:36,503 - WARNING - [Al Jazeera] FAILED with 'requests_browser' (content was too short: 71 words).
2026-08-18 11:30:37,329 - INFO - [The Hindu] Early skip: URL https://www.thehindu.com/news/national/west-bengal/false-claim-minor-injury-west-bengal-police-denies-brutal-assault-of-cjp-activists-deceased-father/article71359158.ece already exists.
2026-08-18 11:30:37,332 - INFO - [The Hindu] Article: https://www.thehindu.com/news/national/odisha/odisha-flood-situation-grim-as-water-level-of-many-rivers-rising-imd-forecasts-more-rains/article71359889.ece
2026-08-18 11:30:37,332 - INFO - [The Hindu] Attempt 1/1: Trying with 'selenium_browser' strategy...
2026-08-18 11:30:37,385 - INFO - [Al Jazeera] Article: https://www.aljazeera.com/video/newsfeed/2026/8/18/syrian-man-dies-in-custody-after-alleged-abuse-by-security-officers?traffic_source=rss
2026-08-18 11:30:37,385 - INFO - [Al Jazeera] Attempt 2/2: Trying with 'selenium_browser' strategy...
2026-08-18 11:30:37,582 - INFO - [NDTV] Page content loaded.
2026-08-18 11:30:38,372 - INFO - [NDTV] Success with 'selenium_browser'. Found content (632 words).
2026-08-18 11:30:38,672 - INFO - [Economic Times] Page content loaded.
2026-08-18 11:30:38,976 - INFO - DEDUPLICATION: Found match (Score: 0.87). Linking to Cluster ID: 5bcda747-ed9c-4b1a-940b-345f818e97d3
2026-08-18 11:30:42,388 - INFO - >>> SUCCESSFULLY SAVED [ID: 107493] - Vizhinjam Port Begins Export-Import Ops, Opens New Gateway To Global Trade from NDTV (632 words)
2026-08-18 11:30:42,536 - INFO - [Economic Times] Success with 'selenium_browser'. Found content (743 words).
2026-08-18 11:30:43,205 - INFO - [NDTV] Early skip: URL https://www.ndtv.com/jammu-news/2-men-ask-for-food-at-midnight-spark-security-alert-in-3-jammu-districts-11924968#publisher=newsstand already exists.
2026-08-18 11:30:43,213 - INFO - [NDTV] (Thread) Finished. Attempting to shut down its Selenium driver.
2026-08-18 11:30:43,271 - INFO - [Al Jazeera] Page content loaded.
2026-08-18 11:30:43,432 - INFO - [NDTV] (Thread) driver.quit() successful.
2026-08-18 11:30:46,885 - ERROR - Error saving article Apple faces Indian engineer’s bias lawsuit - The Economic Times: Hrana: `stream error: `Error { message: "SQLite error: UNIQUE constraint failed: articles.url", code: "SQLITE_CONSTRAINT" }``
2026-08-18 11:30:46,992 - WARNING - [Al Jazeera] FAILED with 'selenium_browser' (content was too short: 75 words).
2026-08-18 11:30:46,993 - ERROR - [Al Jazeera] All scrape strategies failed for https://www.aljazeera.com/video/newsfeed/2026/8/18/syrian-man-dies-in-custody-after-alleged-abuse-by-security-officers?traffic_source=rss. Falling back to RSS description.
2026-08-18 11:30:46,993 - WARNING - SKIPPED (GLOBAL WORD LIMIT): Article 'Syrian man dies in custody after alleged abuse by security officers' from Al Jazeera has only 15 words (Min: 90).
2026-08-18 11:30:47,537 - INFO - [Al Jazeera] Early skip: URL https://www.aljazeera.com/news/2026/8/18/meta-lawsuits-is-social-media-facing-a-global-legal-reckoning?traffic_source=rss already exists.
2026-08-18 11:30:47,540 - INFO - [Al Jazeera] Early skip: URL https://www.aljazeera.com/sports/2026/8/18/infantinos-fifa-world-cup-fallout-lamour-exits-after-criticism-of-plan?traffic_source=rss already exists.
2026-08-18 11:30:47,542 - INFO - [Al Jazeera] Article: https://www.aljazeera.com/video/newsfeed/2026/8/18/videos-show-deadly-school-shooting-in-philippines?traffic_source=rss
2026-08-18 11:30:47,542 - INFO - [Al Jazeera] Attempt 1/2: Trying with 'requests_browser' strategy...
2026-08-18 11:30:47,844 - WARNING - [Al Jazeera] FAILED with 'requests_browser' (content was too short: 47 words).
2026-08-18 11:30:48,105 - INFO - [Economic Times] Article: https://economictimes.indiatimes.com/news/defence/despite-transatlantic-love-fest-eu-charts-third-way-in-ties-with-us-and-china/articleshow/81467467.cms
2026-08-18 11:30:48,105 - INFO - [Economic Times] Attempt 1/2: Trying with 'requests_browser' strategy...
2026-08-18 11:30:48,788 - INFO - [Al Jazeera] Article: https://www.aljazeera.com/video/newsfeed/2026/8/18/videos-show-deadly-school-shooting-in-philippines?traffic_source=rss
2026-08-18 11:30:48,788 - INFO - [Al Jazeera] Attempt 2/2: Trying with 'selenium_browser' strategy...
2026-08-18 11:30:48,905 - INFO - [Economic Times] Success with 'requests_browser'. Found content (799 words).
2026-08-18 11:30:49,921 - INFO - [Wired] Page content loaded.
2026-08-18 11:30:52,325 - INFO - [Times of India] Page content loaded.
2026-08-18 11:30:53,388 - ERROR - Error saving article Despite transatlantic 'love fest', EU charts third way in ties with US and China - The Economic Times: Hrana: `stream error: `Error { message: "SQLite error: UNIQUE constraint failed: articles.url", code: "SQLITE_CONSTRAINT" }``
2026-08-18 11:30:53,951 - WARNING - [The Hindu] Page get timed out (7s). Proceeding to grab partial source anyway.
2026-08-18 11:30:54,006 - INFO - [Wired] Success with 'selenium_browser'. Found content (375 words).
2026-08-18 11:30:54,449 - INFO - [Economic Times] Article: https://economictimes.indiatimes.com/tech/tech-bytes/twitters-india-policy-head-to-step-down-will-transition-in-march/articleshow/80732868.cms
2026-08-18 11:30:54,449 - INFO - [Economic Times] Attempt 1/2: Trying with 'requests_browser' strategy...
2026-08-18 11:30:54,814 - ERROR - parsed tree length: 1, wrong data type or not valid HTML
2026-08-18 11:30:54,814 - ERROR - empty HTML tree: None
2026-08-18 11:30:54,814 - WARNING - discarding data: None
2026-08-18 11:30:54,814 - WARNING - [Economic Times] FAILED with 'requests_browser' (content was too short: 0 words).
2026-08-18 11:30:54,851 - INFO - [Al Jazeera] Page content loaded.
2026-08-18 11:30:56,921 - INFO - [Economic Times] Article: https://economictimes.indiatimes.com/tech/tech-bytes/twitters-india-policy-head-to-step-down-will-transition-in-march/articleshow/80732868.cms
2026-08-18 11:30:56,921 - INFO - [Economic Times] Attempt 2/2: Trying with 'selenium_browser' strategy...
2026-08-18 11:30:58,213 - INFO - >>> SUCCESSFULLY SAVED [ID: 107496] - Exclusive: You Can Finally Buy a Fairphone—a Sustainable, Repairable Smartphone—in the US | WIRED from Wired (375 words)
2026-08-18 11:30:58,374 - WARNING - [Al Jazeera] FAILED with 'selenium_browser' (content was too short: 51 words).
2026-08-18 11:30:58,374 - ERROR - [Al Jazeera] All scrape strategies failed for https://www.aljazeera.com/video/newsfeed/2026/8/18/videos-show-deadly-school-shooting-in-philippines?traffic_source=rss. Falling back to RSS description.
2026-08-18 11:30:58,375 - WARNING - SKIPPED (GLOBAL WORD LIMIT): Article 'Videos show deadly school shooting in Philippines' from Al Jazeera has only 18 words (Min: 90).
2026-08-18 11:30:59,277 - INFO - [Wired] Article: https://www.wired.com/story/the-big-interview-podcast-andy-yen-proton/
2026-08-18 11:30:59,278 - INFO - [Wired] Attempt 1/2: Trying with 'requests_browser' strategy...
2026-08-18 11:30:59,329 - INFO - [Times of India] Success with 'selenium_browser'. Found content (434 words).
2026-08-18 11:30:59,351 - INFO - [Al Jazeera] Article: https://www.aljazeera.com/video/newsfeed/2026/8/18/drone-video-shows-drought-hit-fields-in-england-after-driest-july-on-record?traffic_source=rss
2026-08-18 11:30:59,351 - INFO - [Al Jazeera] Attempt 1/2: Trying with 'requests_browser' strategy...
2026-08-18 11:30:59,624 - ERROR - parsed tree length: 1, wrong data type or not valid HTML
2026-08-18 11:30:59,625 - ERROR - empty HTML tree: None
2026-08-18 11:30:59,625 - WARNING - discarding data: None
2026-08-18 11:30:59,625 - WARNING - [Wired] FAILED with 'requests_browser' (content was too short: 0 words).
2026-08-18 11:30:59,653 - WARNING - [Al Jazeera] FAILED with 'requests_browser' (content was too short: 62 words).
2026-08-18 11:31:01,244 - INFO - [Wired] Article: https://www.wired.com/story/the-big-interview-podcast-andy-yen-proton/
2026-08-18 11:31:01,244 - INFO - [Wired] Attempt 2/2: Trying with 'selenium_browser' strategy...
2026-08-18 11:31:01,245 - INFO - [Al Jazeera] Article: https://www.aljazeera.com/video/newsfeed/2026/8/18/drone-video-shows-drought-hit-fields-in-england-after-driest-july-on-record?traffic_source=rss
2026-08-18 11:31:01,245 - INFO - [Al Jazeera] Attempt 2/2: Trying with 'selenium_browser' strategy...
2026-08-18 11:31:01,247 - WARNING - [The Hindu] Page explicit wait timed out (3s). Proceeding anyway.
2026-08-18 11:31:03,000 - INFO - >>> SUCCESSFULLY SAVED [ID: 107497] - Kick streamer JollyIRL's bungee jump incident in Thailand explained after livestream cuts mid-jump - The Times of India from Times of India (434 words)
2026-08-18 11:31:04,106 - INFO - [Al Jazeera] Page content loaded.
2026-08-18 11:31:04,110 - INFO - [Economic Times] Page content loaded.
2026-08-18 11:31:04,288 - WARNING - [Al Jazeera] FAILED with 'selenium_browser' (content was too short: 66 words).
2026-08-18 11:31:04,289 - ERROR - [Al Jazeera] All scrape strategies failed for https://www.aljazeera.com/video/newsfeed/2026/8/18/drone-video-shows-drought-hit-fields-in-england-after-driest-july-on-record?traffic_source=rss. Falling back to RSS description.
2026-08-18 11:31:04,289 - WARNING - SKIPPED (GLOBAL WORD LIMIT): Article 'Drone video shows drought-hit fields in England after driest July on record' from Al Jazeera has only 12 words (Min: 90).
2026-08-18 11:31:04,499 - INFO - [Times of India] Article: https://timesofindia.indiatimes.com/world/us/a-former-blackrock-employee-ordered-10000-pairs-of-socks-for-100000-to-test-a-business-idea-her-startup-later-raised-2-million-and-reached-shark-tank/articleshow/133319626.cms
2026-08-18 11:31:04,499 - INFO - [Times of India] Attempt 1/1: Trying with 'selenium_browser' strategy...
2026-08-18 11:31:04,575 - INFO - [Economic Times] Success with 'selenium_browser'. Found content (615 words).
2026-08-18 11:31:05,466 - INFO - [Al Jazeera] Early skip: URL https://www.aljazeera.com/news/2026/8/18/pakistan-top-court-orders-imran-khans-hospital-transfer-amid-access-battle?traffic_source=rss already exists.
2026-08-18 11:31:05,468 - INFO - [Al Jazeera] Early skip: URL https://www.aljazeera.com/sports/2026/8/18/cincinnati-open-williams-sisters-fall-in-doubles-while-zverev-advances?traffic_source=rss already exists.
2026-08-18 11:31:05,470 - INFO - [Al Jazeera] Article: https://www.aljazeera.com/video/newsfeed/2026/8/18/trump-lashes-out-at-cnn-reporter-over-south-korea-question?traffic_source=rss
2026-08-18 11:31:05,470 - INFO - [Al Jazeera] Attempt 1/2: Trying with 'requests_browser' strategy...
2026-08-18 11:31:06,123 - WARNING - [Al Jazeera] FAILED with 'requests_browser' (content was too short: 54 words).
2026-08-18 11:31:07,919 - INFO - [Al Jazeera] Article: https://www.aljazeera.com/video/newsfeed/2026/8/18/trump-lashes-out-at-cnn-reporter-over-south-korea-question?traffic_source=rss
2026-08-18 11:31:07,920 - INFO - [Al Jazeera] Attempt 2/2: Trying with 'selenium_browser' strategy...
2026-08-18 11:31:08,411 - ERROR - [The Hindu] Request failed for strategy 'selenium_browser' on URL https://www.thehindu.com/news/national/odisha/odisha-flood-situation-grim-as-water-level-of-many-rivers-rising-imd-forecasts-more-rains/article71359889.ece: Message: timeout: Timed out receiving message from renderer: 7.000
  (Session info: chrome=152.0.7977.42)
Stacktrace:
#0 0x55d3d92572ca <unknown>
#1 0x55d3d8bbab39 <unknown>
#2 0x55d3d8ba25bb <unknown>
#3 0x55d3d8ba2236 <unknown>
#4 0x55d3d8b9fe18 <unknown>
#5 0x55d3d8ba079f <unknown>
#6 0x55d3d8baf880 <unknown>
#7 0x55d3d8bc97b7 <unknown>
#8 0x55d3d8bd119b <unknown>
#9 0x55d3d8ba0ef9 <unknown>
#10 0x55d3d8bc9512 <unknown>
#11 0x55d3d8c58b26 <unknown>
#12 0x55d3d8c03ecb <unknown>
#13 0x55d3d8c04cb1 <unknown>
#14 0x55d3d921b7f0 <unknown>
#15 0x55d3d9219e6a <unknown>
#16 0x55d3d9204bb5 <unknown>
#17 0x55d3d921ab2a <unknown>
#18 0x55d3d91eddf0 <unknown>
#19 0x55d3d9242238 <unknown>
#20 0x55d3d92423d5 <unknown>
#21 0x55d3d9255e53 <unknown>
#22 0x7f30d8c9cb84 <unknown>
#23 0x7f30d8d29d6c <unknown>

2026-08-18 11:31:08,411 - ERROR - [The Hindu] All scrape strategies failed for https://www.thehindu.com/news/national/odisha/odisha-flood-situation-grim-as-water-level-of-many-rivers-rising-imd-forecasts-more-rains/article71359889.ece. Falling back to RSS description.
2026-08-18 11:31:08,411 - WARNING - SKIPPED (GLOBAL WORD LIMIT): Article 'Odisha flood situation grim as water level of many rivers rising, IMD forecasts more rains' from The Hindu has only 16 words (Min: 90).
2026-08-18 11:31:09,426 - ERROR - Error saving article Twitter's India policy head, Mahima Kaul, to step down; will transition in March - The Economic Times: Hrana: `stream error: `Error { message: "SQLite error: UNIQUE constraint failed: articles.url", code: "SQLITE_CONSTRAINT" }``
2026-08-18 11:31:09,556 - INFO - [The Hindu] Early skip: URL https://www.thehindu.com/news/national/odisha/floods-hit-785-lakh-people-in-6-odisha-districts/article71356782.ece already exists.
2026-08-18 11:31:09,558 - INFO - [The Hindu] Early skip: URL https://www.thehindu.com/news/national/odisha/odisha-flood-rains-update-toll-august-17-2026/article71355080.ece already exists.
2026-08-18 11:31:09,562 - INFO - [The Hindu] Article: https://www.thehindu.com/news/national/tamil-nadu/tamil-nadu-cm-vijay-shifting-office-to-accommodate-secretaries-visiting-dignitaries-minister-aadhav-arjuna/article71359685.ece
2026-08-18 11:31:09,562 - INFO - [The Hindu] Attempt 1/1: Trying with 'selenium_browser' strategy...
2026-08-18 11:31:10,417 - INFO - [Economic Times] Article: https://economictimes.indiatimes.com/tech/tech-and-gadgets/govt-may-keep-rs-7500-cr-outlay-for-it-hardware-manufacturing-under-pli-scheme/articleshow/80333429.cms
2026-08-18 11:31:10,417 - INFO - [Economic Times] Attempt 1/2: Trying with 'requests_browser' strategy...
2026-08-18 11:31:10,789 - ERROR - parsed tree length: 1, wrong data type or not valid HTML
2026-08-18 11:31:10,790 - ERROR - empty HTML tree: None
2026-08-18 11:31:10,790 - WARNING - discarding data: None
2026-08-18 11:31:10,801 - WARNING - [Economic Times] FAILED with 'requests_browser' (content was too short: 0 words).
2026-08-18 11:31:11,606 - INFO - [Economic Times] Article: https://economictimes.indiatimes.com/tech/tech-and-gadgets/govt-may-keep-rs-7500-cr-outlay-for-it-hardware-manufacturing-under-pli-scheme/articleshow/80333429.cms
2026-08-18 11:31:11,606 - INFO - [Economic Times] Attempt 2/2: Trying with 'selenium_browser' strategy...
2026-08-18 11:31:12,712 - INFO - [Al Jazeera] Page content loaded.
2026-08-18 11:31:13,316 - WARNING - [Al Jazeera] FAILED with 'selenium_browser' (content was too short: 58 words).
2026-08-18 11:31:13,316 - ERROR - [Al Jazeera] All scrape strategies failed for https://www.aljazeera.com/video/newsfeed/2026/8/18/trump-lashes-out-at-cnn-reporter-over-south-korea-question?traffic_source=rss. Falling back to RSS description.
2026-08-18 11:31:13,316 - WARNING - SKIPPED (GLOBAL WORD LIMIT): Article 'Trump lashes out at CNN reporter over South Korea question' from Al Jazeera has only 10 words (Min: 90).
2026-08-18 11:31:13,827 - INFO - [Al Jazeera] Early skip: URL https://www.aljazeera.com/news/2026/8/18/syrian-court-sentences-wassim-al-assad-to?traffic_source=rss already exists.
2026-08-18 11:31:13,831 - INFO - [Al Jazeera] Article: https://www.aljazeera.com/video/newsfeed/2026/8/18/chinese-company-unveils-new-superman-humanoid-robot?traffic_source=rss
2026-08-18 11:31:13,831 - INFO - [Al Jazeera] Attempt 1/2: Trying with 'requests_browser' strategy...
2026-08-18 11:31:14,021 - WARNING - [Al Jazeera] FAILED with 'requests_browser' (content was too short: 48 words).
2026-08-18 11:31:14,761 - INFO - [Al Jazeera] Article: https://www.aljazeera.com/video/newsfeed/2026/8/18/chinese-company-unveils-new-superman-humanoid-robot?traffic_source=rss
2026-08-18 11:31:14,761 - INFO - [Al Jazeera] Attempt 2/2: Trying with 'selenium_browser' strategy...
2026-08-18 11:31:17,480 - INFO - [Economic Times] Page content loaded.
2026-08-18 11:31:18,313 - INFO - [Economic Times] Success with 'selenium_browser'. Found content (481 words).
2026-08-18 11:31:20,079 - INFO - [Wired] Page content loaded.
2026-08-18 11:31:20,081 - INFO - [Al Jazeera] Page content loaded.
2026-08-18 11:31:21,571 - ERROR - Error saving article Govt may keep Rs 7,500 cr outlay for IT hardware manufacturing under PLI scheme - The Economic Times: Hrana: `stream error: `Error { message: "SQLite error: UNIQUE constraint failed: articles.url", code: "SQLITE_CONSTRAINT" }``
2026-08-18 11:31:21,802 - WARNING - [Al Jazeera] FAILED with 'selenium_browser' (content was too short: 52 words).
2026-08-18 11:31:21,807 - ERROR - [Al Jazeera] All scrape strategies failed for https://www.aljazeera.com/video/newsfeed/2026/8/18/chinese-company-unveils-new-superman-humanoid-robot?traffic_source=rss. Falling back to RSS description.
2026-08-18 11:31:21,807 - WARNING - SKIPPED (GLOBAL WORD LIMIT): Article 'Chinese company unveils new ‘Superman’ humanoid robot' from Al Jazeera has only 7 words (Min: 90).
2026-08-18 11:31:22,503 - INFO - [Al Jazeera] Early skip: URL https://www.aljazeera.com/news/2026/8/18/what-to-watch-in-tuesdays-florida-primary-elections?traffic_source=rss already exists.
2026-08-18 11:31:22,510 - INFO - [Al Jazeera] Early skip: URL https://www.aljazeera.com/news/2026/8/18/top-russian-economist-ousted-after-warning-of-growing-costs-of-ukraine-war?traffic_source=rss already exists.
2026-08-18 11:31:22,514 - INFO - [Al Jazeera] Early skip: URL https://www.aljazeera.com/sports/2026/8/18/los-angeles-lakers-jeanie-buss-contesting-familys-vote-to-sell-to-kushner-iger?traffic_source=rss already exists.
2026-08-18 11:31:22,515 - INFO - [Al Jazeera] Early skip: URL https://www.aljazeera.com/features/2026/8/18/palestine-weekly-global-outcry-fails-break-west-bank-siege?traffic_source=rss already exists.
2026-08-18 11:31:22,519 - INFO - [Al Jazeera] Early skip: URL https://www.aljazeera.com/features/2026/8/18/israels-siege-on-gaza-is-creating-a-breast-cancer-crisis?traffic_source=rss already exists.
2026-08-18 11:31:22,520 - INFO - [Al Jazeera] Early skip: URL https://www.aljazeera.com/economy/2026/8/18/canada-battles-the-clock-politics-in-scramble-to-avert-trumps-tariffs?traffic_source=rss already exists.
2026-08-18 11:31:22,522 - INFO - [Al Jazeera] Article: https://www.aljazeera.com/video/newsfeed/2026/8/18/israeli-settler-children-attack-ambulance-in-occupied-west-bank?traffic_source=rss
2026-08-18 11:31:22,522 - INFO - [Al Jazeera] Attempt 1/2: Trying with 'requests_browser' strategy...
2026-08-18 11:31:22,749 - WARNING - [Al Jazeera] FAILED with 'requests_browser' (content was too short: 53 words).
2026-08-18 11:31:22,926 - INFO - [Economic Times] Article: https://economictimes.indiatimes.com/tech/technology/indian-dating-apps-services-see-surge-of-paying-users-in-small-cities/articleshow/80063342.cms
2026-08-18 11:31:22,927 - INFO - [Economic Times] Attempt 1/2: Trying with 'requests_browser' strategy...
2026-08-18 11:31:23,280 - ERROR - parsed tree length: 1, wrong data type or not valid HTML
2026-08-18 11:31:23,283 - ERROR - empty HTML tree: None
2026-08-18 11:31:23,283 - WARNING - discarding data: None
2026-08-18 11:31:23,283 - WARNING - [Economic Times] FAILED with 'requests_browser' (content was too short: 0 words).
2026-08-18 11:31:23,403 - INFO - [Wired] Success with 'selenium_browser'. Found content (6045 words).
2026-08-18 11:31:23,696 - INFO - [Al Jazeera] Article: https://www.aljazeera.com/video/newsfeed/2026/8/18/israeli-settler-children-attack-ambulance-in-occupied-west-bank?traffic_source=rss
2026-08-18 11:31:23,697 - INFO - [Al Jazeera] Attempt 2/2: Trying with 'selenium_browser' strategy...
2026-08-18 11:31:23,745 - WARNING - [The Hindu] Page get timed out (7s). Proceeding to grab partial source anyway.
2026-08-18 11:31:24,229 - INFO - [Economic Times] Article: https://economictimes.indiatimes.com/tech/technology/indian-dating-apps-services-see-surge-of-paying-users-in-small-cities/articleshow/80063342.cms
2026-08-18 11:31:24,230 - INFO - [Economic Times] Attempt 2/2: Trying with 'selenium_browser' strategy...
2026-08-18 11:31:28,584 - INFO - >>> SUCCESSFULLY SAVED [ID: 107500] - Can AI Coexist With Privacy? Proton’s Andy Yen Says It Will Have To | WIRED from Wired (6045 words)
2026-08-18 11:31:29,226 - INFO - [Wired] Early skip: URL https://www.wired.com/story/the-cop-who-took-on-flock/ already exists.
2026-08-18 11:31:29,227 - INFO - [Wired] Early skip: URL https://www.wired.com/story/best-merino-wool-clothes/ already exists.
2026-08-18 11:31:29,229 - INFO - [Wired] Early skip: URL https://www.wired.com/story/zai-open-weight-ai-models-release-cybersecurity-hacking/ already exists.
2026-08-18 11:31:29,232 - INFO - [Wired] Article: https://www.wired.com/story/noom-promo-code/
2026-08-18 11:31:29,232 - INFO - [Wired] Attempt 1/2: Trying with 'requests_browser' strategy...
2026-08-18 11:31:29,594 - ERROR - parsed tree length: 1, wrong data type or not valid HTML
2026-08-18 11:31:29,594 - ERROR - empty HTML tree: None
2026-08-18 11:31:29,594 - WARNING - discarding data: None
2026-08-18 11:31:29,594 - WARNING - [Wired] FAILED with 'requests_browser' (content was too short: 0 words).
2026-08-18 11:31:30,386 - INFO - [Wired] Article: https://www.wired.com/story/noom-promo-code/
2026-08-18 11:31:30,386 - INFO - [Wired] Attempt 2/2: Trying with 'selenium_browser' strategy...
2026-08-18 11:31:30,804 - WARNING - [The Hindu] Page explicit wait timed out (3s). Proceeding anyway.
2026-08-18 11:31:30,993 - INFO - [Economic Times] Page content loaded.
2026-08-18 11:31:31,912 - WARNING - [Economic Times] FAILED with 'selenium_browser' (content was too short: 84 words).
2026-08-18 11:31:31,912 - ERROR - [Economic Times] All scrape strategies failed for https://economictimes.indiatimes.com/tech/technology/indian-dating-apps-services-see-surge-of-paying-users-in-small-cities/articleshow/80063342.cms. Falling back to RSS description.
2026-08-18 11:31:31,912 - WARNING - SKIPPED (GLOBAL WORD LIMIT): Article 'Indian dating apps, services see surge of paying users in small cities ' from Economic Times has only 54 words (Min: 90).
2026-08-18 11:31:32,610 - INFO - [Economic Times] Article: https://economictimes.indiatimes.com/tech/technology/time-for-govt-cos-to-adopt-ai-deloitte-india/articleshow/79981215.cms
2026-08-18 11:31:32,611 - INFO - [Economic Times] Attempt 1/2: Trying with 'requests_browser' strategy...
2026-08-18 11:31:32,975 - ERROR - parsed tree length: 1, wrong data type or not valid HTML
2026-08-18 11:31:32,975 - ERROR - empty HTML tree: None
2026-08-18 11:31:32,980 - WARNING - discarding data: None
2026-08-18 11:31:32,980 - WARNING - [Economic Times] FAILED with 'requests_browser' (content was too short: 0 words).
2026-08-18 11:31:33,532 - INFO - [Economic Times] Article: https://economictimes.indiatimes.com/tech/technology/time-for-govt-cos-to-adopt-ai-deloitte-india/articleshow/79981215.cms
2026-08-18 11:31:33,533 - INFO - [Economic Times] Attempt 2/2: Trying with 'selenium_browser' strategy...
2026-08-18 11:31:37,869 - ERROR - [The Hindu] Request failed for strategy 'selenium_browser' on URL https://www.thehindu.com/news/national/tamil-nadu/tamil-nadu-cm-vijay-shifting-office-to-accommodate-secretaries-visiting-dignitaries-minister-aadhav-arjuna/article71359685.ece: Message: timeout: Timed out receiving message from renderer: 7.000
  (Session info: chrome=152.0.7977.42)
Stacktrace:
#0 0x55d3d92572ca <unknown>
#1 0x55d3d8bbab39 <unknown>
#2 0x55d3d8ba25bb <unknown>
#3 0x55d3d8ba2236 <unknown>
#4 0x55d3d8b9fe18 <unknown>
#5 0x55d3d8ba079f <unknown>
#6 0x55d3d8baf880 <unknown>
#7 0x55d3d8bc97b7 <unknown>
#8 0x55d3d8bd119b <unknown>
#9 0x55d3d8ba0ef9 <unknown>
#10 0x55d3d8bc9512 <unknown>
#11 0x55d3d8c58b26 <unknown>
#12 0x55d3d8c03ecb <unknown>
#13 0x55d3d8c04cb1 <unknown>
#14 0x55d3d921b7f0 <unknown>
#15 0x55d3d9219e6a <unknown>
#16 0x55d3d9204bb5 <unknown>
#17 0x55d3d921ab2a <unknown>
#18 0x55d3d91eddf0 <unknown>
#19 0x55d3d9242238 <unknown>
#20 0x55d3d92423d5 <unknown>
#21 0x55d3d9255e53 <unknown>
#22 0x7f30d8c9cb84 <unknown>
#23 0x7f30d8d29d6c <unknown>

2026-08-18 11:31:37,874 - ERROR - [The Hindu] All scrape strategies failed for https://www.thehindu.com/news/national/tamil-nadu/tamil-nadu-cm-vijay-shifting-office-to-accommodate-secretaries-visiting-dignitaries-minister-aadhav-arjuna/article71359685.ece. Falling back to RSS description.
2026-08-18 11:31:37,874 - WARNING - SKIPPED (GLOBAL WORD LIMIT): Article 'Tamil Nadu CM Vijay shifting office to accommodate secretaries, visiting dignitaries: Minister Aadhav Arjuna' from The Hindu has only 14 words (Min: 90).
2026-08-18 11:31:38,069 - INFO - [Economic Times] Page content loaded.
2026-08-18 11:31:38,828 - WARNING - [Economic Times] FAILED with 'selenium_browser' (content was too short: 74 words).
2026-08-18 11:31:38,828 - ERROR - [Economic Times] All scrape strategies failed for https://economictimes.indiatimes.com/tech/technology/time-for-govt-cos-to-adopt-ai-deloitte-india/articleshow/79981215.cms. Falling back to RSS description.
2026-08-18 11:31:38,828 - WARNING - SKIPPED (GLOBAL WORD LIMIT): Article 'Time for government, companies to adopt artificial intelligence: Deloitte India ' from Economic Times has only 49 words (Min: 90).
2026-08-18 11:31:39,057 - INFO - [The Hindu] Article: https://www.thehindu.com/news/national/jharkhand/jharkhand-protests-day-25-devendra-mahto-breaks-fast-cbi-probe-demand-govt/article71359963.ece
2026-08-18 11:31:39,057 - INFO - [The Hindu] Attempt 1/1: Trying with 'selenium_browser' strategy...
2026-08-18 11:31:40,210 - INFO - [Economic Times] Article: https://economictimes.indiatimes.com/news/international/world-news/trump-announces-a-deal-for-hamas-to-disarm-in-gaza-but-many-hurdles-and-uncertainty-remain/articleshow/132753009.cms
2026-08-18 11:31:40,210 - INFO - [Economic Times] Attempt 1/2: Trying with 'requests_browser' strategy...
2026-08-18 11:31:40,687 - INFO - [Economic Times] Success with 'requests_browser'. Found content (1285 words).
2026-08-18 11:31:44,560 - ERROR - Error saving article Trump announces a deal for Hamas to disarm in Gaza, but many hurdles and uncertainty remain - The Economic Times: Hrana: `stream error: `Error { message: "SQLite error: UNIQUE constraint failed: articles.url", code: "SQLITE_CONSTRAINT" }``
2026-08-18 11:31:45,154 - INFO - [Al Jazeera] Page content loaded.
2026-08-18 11:31:45,155 - INFO - [Economic Times] Article: https://economictimes.indiatimes.com/news/new-updates/in-1943-us-built-an-entire-city-and-it-didnt-exist-on-a-single-map/articleshow/132659427.cms
2026-08-18 11:31:45,155 - INFO - [Economic Times] Attempt 1/2: Trying with 'requests_browser' strategy...
2026-08-18 11:31:45,597 - INFO - [Wired] Page content loaded.
2026-08-18 11:31:45,602 - WARNING - [Al Jazeera] FAILED with 'selenium_browser' (content was too short: 57 words).
2026-08-18 11:31:45,609 - ERROR - [Al Jazeera] All scrape strategies failed for https://www.aljazeera.com/video/newsfeed/2026/8/18/israeli-settler-children-attack-ambulance-in-occupied-west-bank?traffic_source=rss. Falling back to RSS description.
2026-08-18 11:31:45,609 - WARNING - SKIPPED (GLOBAL WORD LIMIT): Article 'Israeli settler children attack ambulance in occupied West Bank' from Al Jazeera has only 16 words (Min: 90).
2026-08-18 11:31:45,653 - INFO - [Economic Times] Success with 'requests_browser'. Found content (688 words).
2026-08-18 11:31:47,602 - INFO - [Al Jazeera] Early skip: URL https://www.aljazeera.com/news/2026/8/18/russia-says-more-than-600-drones-targeted-moscow-region?traffic_source=rss already exists.
2026-08-18 11:31:47,622 - INFO - [Al Jazeera] (Thread) Finished. Attempting to shut down its Selenium driver.
2026-08-18 11:31:48,104 - INFO - [Times of India] Page content loaded.
2026-08-18 11:31:49,130 - ERROR - Error saving article In 1943, US built an entire city, and it didn't exist on a single map - The Economic Times: Hrana: `stream error: `Error { message: "SQLite error: UNIQUE constraint failed: articles.url", code: "SQLITE_CONSTRAINT" }``
2026-08-18 11:31:49,134 - INFO - [Al Jazeera] (Thread) driver.quit() successful.
2026-08-18 11:31:49,215 - INFO - [Wired] Success with 'selenium_browser'. Found content (692 words).
2026-08-18 11:31:49,406 - INFO - [Times of India] Success with 'selenium_browser'. Found content (1169 words).
2026-08-18 11:31:51,347 - INFO - [Economic Times] Article: https://economictimes.indiatimes.com/news/new-updates/humans-have-a-third-eye-in-the-brain-study-links-it-to-a-600-million-year-old-cyclops-ancestor/articleshow/132655441.cms
2026-08-18 11:31:51,352 - INFO - [Economic Times] Attempt 1/2: Trying with 'requests_browser' strategy...
2026-08-18 11:31:52,383 - ERROR - Error saving article Noom Promo Codes: 50% Off Best Deals & Free Trials for August 2026 | WIRED: Hrana: `stream error: `Error { message: "SQLite error: UNIQUE constraint failed: articles.url", code: "SQLITE_CONSTRAINT" }``
2026-08-18 11:31:52,476 - INFO - [Economic Times] Success with 'requests_browser'. Found content (593 words).
2026-08-18 11:31:54,023 - INFO - [Wired] Article: https://www.wired.com/story/hydrow-discount-code/
2026-08-18 11:31:54,503 - INFO - [Wired] Attempt 1/2: Trying with 'requests_browser' strategy...
2026-08-18 11:31:54,503 - WARNING - [The Hindu] Page get timed out (7s). Proceeding to grab partial source anyway.
2026-08-18 11:31:55,796 - INFO - >>> SUCCESSFULLY SAVED [ID: 107504] - A former BlackRock employee ordered 10,000 pairs of socks for $100,000 to test a business idea; her startup later raised $2 million and reached Shark Tank | World News - The Times of India from Times of India (1169 words)
2026-08-18 11:31:57,331 - INFO - [Times of India] Article: https://timesofindia.indiatimes.com/science/henrietta-lacks-died-at-31-in-1951-but-her-cells-kept-multiplying-the-discovery-that-transformed-medicine-and-helped-save-millions-of-lives/articleshow/133318920.cms
2026-08-18 11:31:57,332 - INFO - [Times of India] Attempt 1/1: Trying with 'selenium_browser' strategy...
2026-08-18 11:31:58,836 - ERROR - Error saving article Humans have a 'third eye' in the brain: Study links it to a 600-million-year-old Cyclops ancestor - The Economic Times: Hrana: `stream error: `Error { message: "SQLite error: UNIQUE constraint failed: articles.url", code: "SQLITE_CONSTRAINT" }``
2026-08-18 11:31:58,847 - ERROR - parsed tree length: 1, wrong data type or not valid HTML
2026-08-18 11:31:58,847 - ERROR - empty HTML tree: None
2026-08-18 11:31:58,847 - WARNING - discarding data: None
2026-08-18 11:31:58,847 - WARNING - [Wired] FAILED with 'requests_browser' (content was too short: 0 words).
2026-08-18 11:31:59,451 - INFO - [Economic Times] Article: https://economictimes.indiatimes.com/news/new-updates/1500-ships-trapped-in-gulf-of-hormuz-is-quietly-multiplying-an-underwater-army-that-could-unleash-worlds-biggest-bioinvasion-event/articleshow/132595366.cms
2026-08-18 11:31:59,451 - INFO - [Economic Times] Attempt 1/2: Trying with 'requests_browser' strategy...
2026-08-18 11:31:59,589 - INFO - [Wired] Article: https://www.wired.com/story/hydrow-discount-code/
2026-08-18 11:31:59,589 - INFO - [Wired] Attempt 2/2: Trying with 'selenium_browser' strategy...
2026-08-18 11:31:59,880 - INFO - [Economic Times] Success with 'requests_browser'. Found content (687 words).
2026-08-18 11:32:02,233 - INFO - [Times of India] Page content loaded.
2026-08-18 11:32:03,274 - WARNING - [The Hindu] Page explicit wait timed out (3s). Proceeding anyway.
2026-08-18 11:32:03,276 - INFO - [Wired] Page content loaded.
2026-08-18 11:32:03,276 - ERROR - Error saving article 1,500 ships trapped in Gulf of Hormuz are quietly multiplying an underwater army that could unleash World's biggest bioinvasion event - The Economic Times: Hrana: `stream error: `Error { message: "SQLite error: UNIQUE constraint failed: articles.url", code: "SQLITE_CONSTRAINT" }``
2026-08-18 11:32:03,491 - INFO - [Times of India] Success with 'selenium_browser'. Found content (813 words).
2026-08-18 11:32:04,095 - INFO - [Economic Times] Article: https://economictimes.indiatimes.com/news/new-updates/argentina-vs-spain-fifa-world-cup-final-to-be-replayed-petition-for-a-rematch-crosses-60000-signatures/articleshow/132576024.cms
2026-08-18 11:32:04,095 - INFO - [Economic Times] Attempt 1/2: Trying with 'requests_browser' strategy...
2026-08-18 11:32:07,674 - INFO - >>> SUCCESSFULLY SAVED [ID: 107507] - Henrietta Lacks died at 31 in 1951, but her cells kept multiplying; the discovery that transformed medicine and helped save millions of lives - The Times of India from Times of India (813 words)
2026-08-18 11:32:07,756 - INFO - [Wired] Success with 'selenium_browser'. Found content (658 words).
2026-08-18 11:32:09,518 - INFO - [Economic Times] Success with 'requests_browser'. Found content (228 words).
2026-08-18 11:32:10,018 - INFO - [Times of India] Article: https://timesofindia.indiatimes.com/world/us/us-mother-sues-portland-public-school-after-being-barred-from-campus-following-gender-policy-dispute/articleshow/133318486.cms
2026-08-18 11:32:10,024 - INFO - [Times of India] Attempt 1/1: Trying with 'selenium_browser' strategy...
2026-08-18 11:32:11,004 - ERROR - Error saving article Hydrow Discount Code: Save Up to $150 | August 2026 | WIRED: Hrana: `stream error: `Error { message: "SQLite error: UNIQUE constraint failed: articles.url", code: "SQLITE_CONSTRAINT" }``
2026-08-18 11:32:11,004 - ERROR - [The Hindu] Request failed for strategy 'selenium_browser' on URL https://www.thehindu.com/news/national/jharkhand/jharkhand-protests-day-25-devendra-mahto-breaks-fast-cbi-probe-demand-govt/article71359963.ece: Message: timeout: Timed out receiving message from renderer: 7.000
  (Session info: chrome=152.0.7977.42)
Stacktrace:
#0 0x55d3d92572ca <unknown>
#1 0x55d3d8bbab39 <unknown>
#2 0x55d3d8ba25bb <unknown>
#3 0x55d3d8ba2236 <unknown>
#4 0x55d3d8b9fe18 <unknown>
#5 0x55d3d8ba079f <unknown>
#6 0x55d3d8baf880 <unknown>
#7 0x55d3d8bc97b7 <unknown>
#8 0x55d3d8bd119b <unknown>
#9 0x55d3d8ba0ef9 <unknown>
#10 0x55d3d8bc9512 <unknown>
#11 0x55d3d8c58b26 <unknown>
#12 0x55d3d8c03ecb <unknown>
#13 0x55d3d8c04cb1 <unknown>
#14 0x55d3d921b7f0 <unknown>
#15 0x55d3d9219e6a <unknown>
#16 0x55d3d9204bb5 <unknown>
#17 0x55d3d921ab2a <unknown>
#18 0x55d3d91eddf0 <unknown>
#19 0x55d3d9242238 <unknown>
#20 0x55d3d92423d5 <unknown>
#21 0x55d3d9255e53 <unknown>
#22 0x7f30d8c9cb84 <unknown>
#23 0x7f30d8d29d6c <unknown>

2026-08-18 11:32:11,032 - ERROR - [The Hindu] All scrape strategies failed for https://www.thehindu.com/news/national/jharkhand/jharkhand-protests-day-25-devendra-mahto-breaks-fast-cbi-probe-demand-govt/article71359963.ece. Falling back to RSS description.
2026-08-18 11:32:11,037 - WARNING - SKIPPED (GLOBAL WORD LIMIT): Article 'Jharkhand protest: Devendra Mahto hails ‘historic win’ as JSSC-CGL exam cancelled; three protesters continue hunger strike' from The Hindu has only 22 words (Min: 90).
2026-08-18 11:32:12,664 - INFO - [Wired] Article: https://www.wired.com/story/1password-coupon/
2026-08-18 11:32:12,664 - INFO - [Wired] Attempt 1/2: Trying with 'requests_browser' strategy...
2026-08-18 11:32:13,169 - INFO - [The Hindu] Article: https://www.thehindu.com/news/national/four-knowledge-compendiums-unveiled-at-12th-brics-environment-ministers-meeting/article71360102.ece
2026-08-18 11:32:13,169 - INFO - [The Hindu] Attempt 1/1: Trying with 'selenium_browser' strategy...
2026-08-18 11:32:14,150 - ERROR - Error saving article Argentina vs Spain FIFA World Cup Final to be replayed? Petition for a rematch crosses 60,000 signatures - The Economic Times: Hrana: `stream error: `Error { message: "SQLite error: UNIQUE constraint failed: articles.url", code: "SQLITE_CONSTRAINT" }``
2026-08-18 11:32:14,170 - ERROR - parsed tree length: 1, wrong data type or not valid HTML
2026-08-18 11:32:14,171 - ERROR - empty HTML tree: None
2026-08-18 11:32:14,171 - WARNING - discarding data: None
2026-08-18 11:32:14,171 - WARNING - [Wired] FAILED with 'requests_browser' (content was too short: 0 words).
2026-08-18 11:32:14,201 - INFO - [Times of India] Page content loaded.
2026-08-18 11:32:14,340 - INFO - [Times of India] Success with 'selenium_browser'. Found content (470 words).
2026-08-18 11:32:16,043 - INFO - [Economic Times] Article: https://economictimes.indiatimes.com/news/new-updates/he-baked-potato-in-aluminium-foil-and-ate-it-next-morning-after-microwaving-it-hours-later-he-was-paralysed-doctor-explains-why/articleshow/132574269.cms
2026-08-18 11:32:16,044 - INFO - [Wired] Article: https://www.wired.com/story/1password-coupon/
2026-08-18 11:32:16,539 - INFO - [Wired] Attempt 2/2: Trying with 'selenium_browser' strategy...
2026-08-18 11:32:16,044 - INFO - [Economic Times] Attempt 1/2: Trying with 'requests_browser' strategy...
2026-08-18 11:32:17,877 - INFO - >>> SUCCESSFULLY SAVED [ID: 107510] - US mother sues Portland Public School after being barred from campus following gender policy dispute | World News - The Times of India from Times of India (470 words)
2026-08-18 11:32:18,068 - INFO - [Economic Times] Success with 'requests_browser'. Found content (558 words).
2026-08-18 11:32:20,034 - INFO - [Times of India] Article: https://timesofindia.indiatimes.com/world/rest-of-world/a-grape-variety-from-cyprus-is-helping-australian-vineyards-survive-extreme-heat-growers-using-xynisteri-have-cut-water-consumption-by-75-while-the-vines-have-survived-temperatures-above-45c/articleshow/133317003.cms
2026-08-18 11:32:20,036 - INFO - [Times of India] Attempt 1/1: Trying with 'selenium_browser' strategy...
2026-08-18 11:32:21,516 - ERROR - Error saving article He baked potato in aluminium foil, and ate it next morning after microwaving. Hours later, he was paralysed, doctor explains why - The Economic Times: Hrana: `stream error: `Error { message: "SQLite error: UNIQUE constraint failed: articles.url", code: "SQLITE_CONSTRAINT" }``
2026-08-18 11:32:22,901 - INFO - [Economic Times] Article: https://economictimes.indiatimes.com/news/elections/assembly-elections/assam/done-deal-cm-himanta-biswa-sarma-on-nda-seat-sharing-for-assam-polls/articleshow/128678098.cms
2026-08-18 11:32:22,901 - INFO - [Economic Times] Attempt 1/2: Trying with 'requests_browser' strategy...
2026-08-18 11:32:23,335 - INFO - [Economic Times] Success with 'requests_browser'. Found content (518 words).
2026-08-18 11:32:24,665 - INFO - [Wired] Page content loaded.
2026-08-18 11:32:27,923 - ERROR - Error saving article 'Done deal': CM Himanta Biswa Sarma on NDA seat-sharing for Assam polls - The Economic Times: Hrana: `stream error: `Error { message: "SQLite error: UNIQUE constraint failed: articles.url", code: "SQLITE_CONSTRAINT" }``
2026-08-18 11:32:28,023 - INFO - [Wired] Success with 'selenium_browser'. Found content (713 words).
2026-08-18 11:32:29,655 - INFO - [Economic Times] Article: https://economictimes.indiatimes.com/news/elections/assembly-elections/bihar/rare-intensive-revision-in-bihar-four-months-before-polls/articleshow/122167501.cms
2026-08-18 11:32:29,655 - INFO - [Economic Times] Attempt 1/2: Trying with 'requests_browser' strategy...
2026-08-18 11:32:29,656 - WARNING - [The Hindu] Page get timed out (7s). Proceeding to grab partial source anyway.
2026-08-18 11:32:31,152 - ERROR - Error saving article 1Password Coupon: Score a Free Trial in August 2026 | WIRED: Hrana: `stream error: `Error { message: "SQLite error: UNIQUE constraint failed: articles.url", code: "SQLITE_CONSTRAINT" }``
2026-08-18 11:32:31,222 - INFO - [Economic Times] Success with 'requests_browser'. Found content (864 words).
2026-08-18 11:32:33,486 - INFO - [Times of India] Page content loaded.
2026-08-18 11:32:33,486 - INFO - [Wired] Article: https://www.wired.com/story/steelseries-coupon-code/
2026-08-18 11:32:34,452 - INFO - [Wired] Attempt 1/2: Trying with 'requests_browser' strategy...
2026-08-18 11:32:34,456 - ERROR - Error saving article Rare 'intensive' revision in Bihar four months before polls - The Economic Times: Hrana: `stream error: `Error { message: "SQLite error: UNIQUE constraint failed: articles.url", code: "SQLITE_CONSTRAINT" }``
2026-08-18 11:32:34,654 - ERROR - parsed tree length: 1, wrong data type or not valid HTML
2026-08-18 11:32:34,655 - ERROR - empty HTML tree: None
2026-08-18 11:32:34,655 - WARNING - discarding data: None
2026-08-18 11:32:34,655 - WARNING - [Wired] FAILED with 'requests_browser' (content was too short: 0 words).
2026-08-18 11:32:34,700 - INFO - [Times of India] Success with 'selenium_browser'. Found content (1222 words).
2026-08-18 11:32:36,391 - INFO - [Wired] Article: https://www.wired.com/story/steelseries-coupon-code/
2026-08-18 11:32:36,392 - INFO - [Economic Times] Article: https://economictimes.indiatimes.com/news/elections/assembly-elections/delhi/bjp-accuses-kejriwal-of-sending-voters-hoax-calls-to-mislead/articleshow/117579007.cms
2026-08-18 11:32:36,889 - WARNING - [The Hindu] Page explicit wait timed out (3s). Proceeding anyway.
2026-08-18 11:32:36,890 - INFO - [Wired] Attempt 2/2: Trying with 'selenium_browser' strategy...
2026-08-18 11:32:36,890 - INFO - [Economic Times] Attempt 1/2: Trying with 'requests_browser' strategy...
2026-08-18 11:32:38,127 - INFO - >>> SUCCESSFULLY SAVED [ID: 107515] - A grape variety from Cyprus is helping Australian vineyards survive extreme heat; growers using Xynisteri have cut water consumption by 75%, while the vines have survived temperatures above 45°C - The Times of India from Times of India (1222 words)
2026-08-18 11:32:38,471 - INFO - [Economic Times] Success with 'requests_browser'. Found content (550 words).
2026-08-18 11:32:40,111 - INFO - [Times of India] Article: https://timesofindia.indiatimes.com/science/since-webb-discovered-mysterious-little-red-dots-in-2022-astronomers-have-struggled-to-explain-them-a-galaxy-seen-3-3-billion-years-after-the-big-bang-may-finally-reveal-their-hidden-evolution/articleshow/133318067.cms
2026-08-18 11:32:40,605 - INFO - [Times of India] Attempt 1/1: Trying with 'selenium_browser' strategy...
2026-08-18 11:32:41,573 - ERROR - Error saving article BJP accuses Kejriwal of sending voters hoax calls to mislead - The Economic Times: Hrana: `stream error: `Error { message: "SQLite error: UNIQUE constraint failed: articles.url", code: "SQLITE_CONSTRAINT" }``
2026-08-18 11:32:41,585 - INFO - [Wired] Page content loaded.
2026-08-18 11:32:42,021 - INFO - [Wired] Success with 'selenium_browser'. Found content (604 words).
2026-08-18 11:32:42,103 - INFO - [Economic Times] Article: https://economictimes.indiatimes.com/news/elections/lok-sabha/india/lok-sabha-election-2024-maharashtra-get-interesting-after-splits-in-shiv-sena-ncp/articleshow/108559788.cms
2026-08-18 11:32:42,104 - INFO - [Economic Times] Attempt 1/2: Trying with 'requests_browser' strategy...
2026-08-18 11:32:44,092 - ERROR - [The Hindu] Request failed for strategy 'selenium_browser' on URL https://www.thehindu.com/news/national/four-knowledge-compendiums-unveiled-at-12th-brics-environment-ministers-meeting/article71360102.ece: Message: timeout: Timed out receiving message from renderer: 7.000
  (Session info: chrome=152.0.7977.42)
Stacktrace:
#0 0x55d3d92572ca <unknown>
#1 0x55d3d8bbab39 <unknown>
#2 0x55d3d8ba25bb <unknown>
#3 0x55d3d8ba2236 <unknown>
#4 0x55d3d8b9fe18 <unknown>
#5 0x55d3d8ba079f <unknown>
#6 0x55d3d8baf880 <unknown>
#7 0x55d3d8bc97b7 <unknown>
#8 0x55d3d8bd119b <unknown>
#9 0x55d3d8ba0ef9 <unknown>
#10 0x55d3d8bc9512 <unknown>
#11 0x55d3d8c58b26 <unknown>
#12 0x55d3d8c03ecb <unknown>
#13 0x55d3d8c04cb1 <unknown>
#14 0x55d3d921b7f0 <unknown>
#15 0x55d3d9219e6a <unknown>
#16 0x55d3d9204bb5 <unknown>
#17 0x55d3d921ab2a <unknown>
#18 0x55d3d91eddf0 <unknown>
#19 0x55d3d9242238 <unknown>
#20 0x55d3d92423d5 <unknown>
#21 0x55d3d9255e53 <unknown>
#22 0x7f30d8c9cb84 <unknown>
#23 0x7f30d8d29d6c <unknown>

2026-08-18 11:32:45,110 - ERROR - [The Hindu] All scrape strategies failed for https://www.thehindu.com/news/national/four-knowledge-compendiums-unveiled-at-12th-brics-environment-ministers-meeting/article71360102.ece. Falling back to RSS description.
2026-08-18 11:32:45,110 - WARNING - SKIPPED (GLOBAL WORD LIMIT): Article 'Four knowledge compendiums unveiled at 12th BRICS Environment Ministers’ Meeting' from The Hindu has only 15 words (Min: 90).
2026-08-18 11:32:45,111 - ERROR - Error saving article SteelSeries Coupon Codes: 15% Off in August 2026 | WIRED: Hrana: `stream error: `Error { message: "SQLite error: UNIQUE constraint failed: articles.url", code: "SQLITE_CONSTRAINT" }``
2026-08-18 11:32:45,164 - INFO - [Economic Times] Success with 'requests_browser'. Found content (1442 words).
2026-08-18 11:32:46,914 - INFO - [Times of India] Page content loaded.
2026-08-18 11:32:46,915 - INFO - [The Hindu] Early skip: URL https://www.thehindu.com/news/national/todays-battle-airspace-defined-by-information-superiority-split-second-decision-making-deputy-chief-of-air-staff/article71359755.ece already exists.
2026-08-18 11:32:46,915 - INFO - [Wired] Article: https://www.wired.com/story/vivid-seats-promo-code/
2026-08-18 11:32:46,916 - INFO - [Wired] Attempt 1/2: Trying with 'requests_browser' strategy...
2026-08-18 11:32:47,414 - INFO - [The Hindu] Article: https://www.thehindu.com/news/national/kerala/after-22-years-on-the-run-kerala-fugitive-wanted-in-murder-cases-arrested-in-bengaluru/article71360078.ece
2026-08-18 11:32:48,398 - ERROR - Error saving article Lok Sabha election 2024: Maharashtra get interesting after splits in Shiv Sena, NCP - The Economic Times: Hrana: `stream error: `Error { message: "SQLite error: UNIQUE constraint failed: articles.url", code: "SQLITE_CONSTRAINT" }``
2026-08-18 11:32:48,406 - INFO - [The Hindu] Attempt 1/1: Trying with 'selenium_browser' strategy...
2026-08-18 11:32:48,423 - ERROR - parsed tree length: 1, wrong data type or not valid HTML
2026-08-18 11:32:48,423 - ERROR - empty HTML tree: None
2026-08-18 11:32:48,423 - WARNING - discarding data: None
2026-08-18 11:32:48,423 - WARNING - [Wired] FAILED with 'requests_browser' (content was too short: 0 words).
2026-08-18 11:32:48,533 - INFO - [Times of India] Success with 'selenium_browser'. Found content (1128 words).
2026-08-18 11:32:50,508 - INFO - [Wired] Article: https://www.wired.com/story/vivid-seats-promo-code/
2026-08-18 11:32:50,509 - INFO - [Economic Times] Article: https://economictimes.indiatimes.com/news/elections/lok-sabha/india/modi-charisma-key-factor-in-bjps-bid-to-retain-all-26-seats-in-gujarat/articleshow/108550858.cms
2026-08-18 11:32:50,992 - INFO - [Wired] Attempt 2/2: Trying with 'selenium_browser' strategy...
2026-08-18 11:32:50,992 - INFO - [Economic Times] Attempt 1/2: Trying with 'requests_browser' strategy...
2026-08-18 11:32:52,236 - INFO - >>> SUCCESSFULLY SAVED [ID: 107519] - Since Webb discovered mysterious “little red dots” in 2022, astronomers have struggled to explain them; a galaxy seen 3.3 billion years after the Big Bang may finally reveal their hidden evolution - The Times of India from Times of India (1128 words)
2026-08-18 11:32:52,559 - INFO - [Economic Times] Success with 'requests_browser'. Found content (838 words).
2026-08-18 11:32:54,213 - INFO - [Times of India] Early skip: URL https://timesofindia.indiatimes.com/world/south-asia/blast-near-kabul-school-injures-around-50-children-un-condemns-heinous-act/articleshow/133318082.cms already exists.
2026-08-18 11:32:54,720 - INFO - [Times of India] Early skip: URL https://timesofindia.indiatimes.com/world/us-streamers/xqc-calls-out-hasan-for-blaming-coordinated-smear-campaigns-over-dog-controversy/articleshow/133318129.cms already exists.
2026-08-18 11:32:55,740 - ERROR - Error saving article Modi charisma key factor in BJP's bid to retain all 26 seats in Gujarat - The Economic Times: Hrana: `stream error: `Error { message: "SQLite error: UNIQUE constraint failed: articles.url", code: "SQLITE_CONSTRAINT" }``
2026-08-18 11:32:55,740 - INFO - [Times of India] Early skip: URL https://timesofindia.indiatimes.com/world/uk/quote-of-the-day-by-kate-middleton-it-is-lonely-at-times-and-you-do-feel-quite-isolated-but-actually-a-lesson-on-motherhood-and-loneliness/articleshow/133318106.cms already exists.
2026-08-18 11:32:55,743 - INFO - [Times of India] Early skip: URL https://timesofindia.indiatimes.com/technology/tech-news/in-1989-apple-buried-about-2700-unsold-lisa-computers-in-a-utah-landfill-after-its-10000-machine-failed-37-years-later-it-remains-one-of-the-strangest-product-failures-in-the-companys-history/articleshow/133316306.cms already exists.
2026-08-18 11:32:55,745 - INFO - [Times of India] Early skip: URL https://timesofindia.indiatimes.com/world/rest-of-world/in-2017-75-year-old-jeanne-socrates-suffered-major-injuries-after-falling-from-a-ladder-while-preparing-to-sail-around-the-world-two-years-later-she-finished-the-voyage-alone-at-77-and-set-a-world-record/articleshow/133317490.cms already exists.
2026-08-18 11:32:55,746 - INFO - [Times of India] Early skip: URL https://timesofindia.indiatimes.com/world/uk/ex-cambridge-scholar-nathan-cofnas-who-exposed-jason-arday-plagiarism-claims-says-he-could-be-murdered-after-thousands-rally-at-trafalgar-square/articleshow/133317274.cms already exists.
2026-08-18 11:32:55,747 - INFO - [Times of India] Early skip: URL https://timesofindia.indiatimes.com/world/rest-of-world/in-1867-canterbury-released-40-house-sparrows-to-eat-crop-pests-within-15-years-new-zealand-was-poisoning-the-birds-and-paying-bounties-after-they-began-stripping-grain-crops/articleshow/133313299.cms already exists.
2026-08-18 11:32:55,748 - INFO - [Wired] Page content loaded.
2026-08-18 11:32:55,748 - INFO - [Times of India] Early skip: URL https://timesofindia.indiatimes.com/world/us/in-1973-marjorie-merriweather-post-left-mar-a-lago-to-the-us-government-hoping-it-would-become-a-winter-white-house-44-years-later-her-vision-came-true/articleshow/133314463.cms already exists.
2026-08-18 11:32:55,750 - INFO - [Times of India] Early skip: URL https://timesofindia.indiatimes.com/world/us/in-1999-a-texas-couple-bought-828-acres-and-discovered-endangered-whooping-cranes-then-protected-817-acres-for-the-birds/articleshow/133314387.cms already exists.
2026-08-18 11:32:55,751 - INFO - [Times of India] Article: https://timesofindia.indiatimes.com/world/rest-of-world/in-1919-german-sailors-secretly-sank-52-warships-at-scapa-flow-the-wrecks-later-became-valuable-for-an-unexpected-reason/articleshow/133314226.cms
2026-08-18 11:32:55,751 - INFO - [Times of India] Attempt 1/1: Trying with 'selenium_browser' strategy...
2026-08-18 11:32:56,231 - INFO - [Wired] Success with 'selenium_browser'. Found content (780 words).
2026-08-18 11:32:56,270 - INFO - [Economic Times] Article: https://economictimes.indiatimes.com/news/elections/lok-sabha/india/implementation-of-guarantees-decline-of-brs-favour-congress-in-telangana-bjp-aiming-for-better-show/articleshow/108548569.cms
2026-08-18 11:32:56,276 - INFO - [Economic Times] Attempt 1/2: Trying with 'requests_browser' strategy...
2026-08-18 11:32:59,615 - ERROR - Error saving article Vivid Seats Promo Codes and Deals: Get 10% Off | WIRED: Hrana: `stream error: `Error { message: "SQLite error: UNIQUE constraint failed: articles.url", code: "SQLITE_CONSTRAINT" }``
2026-08-18 11:32:59,653 - INFO - [Economic Times] Success with 'requests_browser'. Found content (1272 words).
2026-08-18 11:32:59,758 - INFO - [Times of India] Page content loaded.
2026-08-18 11:33:01,782 - INFO - [Wired] Article: https://www.wired.com/story/western-digital-promo-code/
2026-08-18 11:33:01,782 - INFO - [Wired] Attempt 1/2: Trying with 'requests_browser' strategy...
2026-08-18 11:33:02,787 - WARNING - [The Hindu] Page get timed out (7s). Proceeding to grab partial source anyway.
2026-08-18 11:33:02,807 - ERROR - Error saving article Implementation of 'guarantees', decline of BRS favour Congress in Telangana, BJP aiming for better show - The Economic Times: Hrana: `stream error: `Error { message: "SQLite error: UNIQUE constraint failed: articles.url", code: "SQLITE_CONSTRAINT" }``
2026-08-18 11:33:02,863 - ERROR - parsed tree length: 1, wrong data type or not valid HTML
2026-08-18 11:33:02,864 - ERROR - empty HTML tree: None
2026-08-18 11:33:02,864 - WARNING - discarding data: None
2026-08-18 11:33:02,864 - WARNING - [Wired] FAILED with 'requests_browser' (content was too short: 0 words).
2026-08-18 11:33:03,119 - INFO - [Times of India] Success with 'selenium_browser'. Found content (973 words).
2026-08-18 11:33:04,933 - INFO - [Economic Times] Article: https://economictimes.indiatimes.com/traders-bet-on-calendar-spread-as-nifty-moves-in-a-tight-range/articleshow/6302358.cms
2026-08-18 11:33:04,933 - INFO - [Wired] Article: https://www.wired.com/story/western-digital-promo-code/
2026-08-18 11:33:05,408 - INFO - [Economic Times] Attempt 1/2: Trying with 'requests_browser' strategy...
2026-08-18 11:33:05,409 - INFO - [Wired] Attempt 2/2: Trying with 'selenium_browser' strategy...
2026-08-18 11:33:06,710 - INFO - >>> SUCCESSFULLY SAVED [ID: 107523] - In 1919, German sailors secretly sank 52 warships at Scapa Flow; the wrecks later became valuable for an unexpected reason | World News - The Times of India from Times of India (973 words)
2026-08-18 11:33:06,717 - ERROR - parsed tree length: 1, wrong data type or not valid HTML
2026-08-18 11:33:06,718 - ERROR - empty HTML tree: None
2026-08-18 11:33:06,718 - WARNING - discarding data: None
2026-08-18 11:33:06,718 - WARNING - [Economic Times] FAILED with 'requests_browser' (content was too short: 0 words).
2026-08-18 11:33:07,313 - INFO - [Economic Times] Article: https://economictimes.indiatimes.com/traders-bet-on-calendar-spread-as-nifty-moves-in-a-tight-range/articleshow/6302358.cms
2026-08-18 11:33:07,313 - INFO - [Economic Times] Attempt 2/2: Trying with 'selenium_browser' strategy...
2026-08-18 11:33:07,535 - INFO - [Times of India] Early skip: URL https://timesofindia.indiatimes.com/world/us/in-2013-indian-origin-teenager-trisha-prabhu-developed-a-platform-that-detected-offensive-messages-before-posting-in-2026-she-runs-a-non-profit-that-prevents-cyberbullying-and-received-a-grant-from-prince-harry-and-meghan-markles-foundation/articleshow/133314518.cms already exists.
2026-08-18 11:33:07,537 - INFO - [Times of India] Article: https://timesofindia.indiatimes.com/world/rest-of-world/canadian-mom-gets-a-complete-keyboard-tattooed-on-her-arm-so-her-autistic-son-can-always-talk-to-her-when-his-communication-device-fails/articleshow/133314466.cms
2026-08-18 11:33:07,537 - INFO - [Times of India] Attempt 1/1: Trying with 'selenium_browser' strategy...
2026-08-18 11:33:08,769 - INFO - [Wired] Page content loaded.
2026-08-18 11:33:09,634 - INFO - [Wired] Success with 'selenium_browser'. Found content (689 words).
2026-08-18 11:33:09,796 - INFO - [Economic Times] Page content loaded.
2026-08-18 11:33:09,837 - WARNING - [The Hindu] Page explicit wait timed out (3s). Proceeding anyway.
2026-08-18 11:33:12,862 - ERROR - Error saving article Western Digital Promo Code: 15% Off | WIRED: Hrana: `stream error: `Error { message: "SQLite error: UNIQUE constraint failed: articles.url", code: "SQLITE_CONSTRAINT" }``
2026-08-18 11:33:12,981 - INFO - [Economic Times] Success with 'selenium_browser'. Found content (383 words).
2026-08-18 11:33:14,695 - INFO - [Wired] Article: https://www.wired.com/story/logitech-promo-code/
2026-08-18 11:33:15,195 - INFO - [Wired] Attempt 1/2: Trying with 'requests_browser' strategy...
2026-08-18 11:33:15,206 - INFO - [Times of India] Page content loaded.
2026-08-18 11:33:16,172 - ERROR - Error saving article Traders bet on calendar spread as Nifty moves in a tight range - The Economic Times: Hrana: `stream error: `Error { message: "SQLite error: UNIQUE constraint failed: articles.url", code: "SQLITE_CONSTRAINT" }``
2026-08-18 11:33:16,455 - ERROR - parsed tree length: 1, wrong data type or not valid HTML
2026-08-18 11:33:16,456 - ERROR - empty HTML tree: None
2026-08-18 11:33:16,456 - WARNING - discarding data: None
2026-08-18 11:33:16,456 - WARNING - [Wired] FAILED with 'requests_browser' (content was too short: 0 words).
2026-08-18 11:33:16,685 - INFO - [Economic Times] Article: https://economictimes.indiatimes.com/nifty-may-find-support-at-5300-level/articleshow/6296017.cms
2026-08-18 11:33:16,685 - INFO - [Economic Times] Attempt 1/2: Trying with 'requests_browser' strategy...
2026-08-18 11:33:16,891 - ERROR - [The Hindu] Request failed for strategy 'selenium_browser' on URL https://www.thehindu.com/news/national/kerala/after-22-years-on-the-run-kerala-fugitive-wanted-in-murder-cases-arrested-in-bengaluru/article71360078.ece: Message: timeout: Timed out receiving message from renderer: 7.000
  (Session info: chrome=152.0.7977.42)
Stacktrace:
#0 0x55d3d92572ca <unknown>
#1 0x55d3d8bbab39 <unknown>
#2 0x55d3d8ba25bb <unknown>
#3 0x55d3d8ba2236 <unknown>
#4 0x55d3d8b9fe18 <unknown>
#5 0x55d3d8ba079f <unknown>
#6 0x55d3d8baf880 <unknown>
#7 0x55d3d8bc97b7 <unknown>
#8 0x55d3d8bd119b <unknown>
#9 0x55d3d8ba0ef9 <unknown>
#10 0x55d3d8bc9512 <unknown>
#11 0x55d3d8c58b26 <unknown>
#12 0x55d3d8c03ecb <unknown>
#13 0x55d3d8c04cb1 <unknown>
#14 0x55d3d921b7f0 <unknown>
#15 0x55d3d9219e6a <unknown>
#16 0x55d3d9204bb5 <unknown>
#17 0x55d3d921ab2a <unknown>
#18 0x55d3d91eddf0 <unknown>
#19 0x55d3d9242238 <unknown>
#20 0x55d3d92423d5 <unknown>
#21 0x55d3d9255e53 <unknown>
#22 0x7f30d8c9cb84 <unknown>
#23 0x7f30d8d29d6c <unknown>

2026-08-18 11:33:16,892 - ERROR - [The Hindu] All scrape strategies failed for https://www.thehindu.com/news/national/kerala/after-22-years-on-the-run-kerala-fugitive-wanted-in-murder-cases-arrested-in-bengaluru/article71360078.ece. Falling back to RSS description.
2026-08-18 11:33:16,892 - WARNING - SKIPPED (GLOBAL WORD LIMIT): Article 'After 22 years on the run, Kerala fugitive wanted in murder cases arrested in Bengaluru' from The Hindu has only 21 words (Min: 90).
2026-08-18 11:33:17,025 - ERROR - parsed tree length: 1, wrong data type or not valid HTML
2026-08-18 11:33:17,025 - ERROR - empty HTML tree: None
2026-08-18 11:33:17,025 - WARNING - discarding data: None
2026-08-18 11:33:17,025 - WARNING - [Economic Times] FAILED with 'requests_browser' (content was too short: 0 words).
2026-08-18 11:33:17,407 - INFO - [The Hindu] Article: https://www.thehindu.com/news/national/pm-modi-a-u-turn-ustad-wants-to-sabotage-caste-census-congress/article71359417.ece
2026-08-18 11:33:17,407 - INFO - [The Hindu] Attempt 1/1: Trying with 'selenium_browser' strategy...
2026-08-18 11:33:17,412 - INFO - [Wired] Article: https://www.wired.com/story/logitech-promo-code/
2026-08-18 11:33:17,412 - INFO - [Wired] Attempt 2/2: Trying with 'selenium_browser' strategy...
2026-08-18 11:33:17,772 - INFO - [Economic Times] Article: https://economictimes.indiatimes.com/nifty-may-find-support-at-5300-level/articleshow/6296017.cms
2026-08-18 11:33:17,772 - INFO - [Economic Times] Attempt 2/2: Trying with 'selenium_browser' strategy...
2026-08-18 11:33:19,047 - INFO - [Times of India] Success with 'selenium_browser'. Found content (841 words).
2026-08-18 11:33:23,524 - INFO - >>> SUCCESSFULLY SAVED [ID: 107526] - Canadian mom gets a complete keyboard tattooed on her arm so her autistic son can always ‘talk’ to her when his communication device fails | World News - The Times of India from Times of India (841 words)
2026-08-18 11:33:24,929 - INFO - [Times of India] Early skip: URL https://timesofindia.indiatimes.com/world/europe/women-were-excluded-from-liechtensteins-throne-for-more-than-400-years-a-new-royal-rule-now-gives-the-firstborn-child-regardless-of-gender-the-right-to-inherit-and-know-wholl-now-own-the-throne/articleshow/133314216.cms already exists.
2026-08-18 11:33:24,932 - INFO - [Times of India] Early skip: URL https://timesofindia.indiatimes.com/world/uk/james-dacombe-the-gen-z-founder-who-left-school-at-17-and-built-a-3-3-billion-ai-chip-company-becoming-europes-youngest-self-made-billionaire-at-25/articleshow/133313259.cms already exists.
2026-08-18 11:33:24,935 - INFO - [Times of India] (Thread) Finished. Attempting to shut down its Selenium driver.
2026-08-18 11:33:25,270 - INFO - [Times of India] (Thread) driver.quit() successful.
2026-08-18 11:33:26,953 - INFO - [Wired] Page content loaded.
2026-08-18 11:33:27,777 - INFO - [Wired] Success with 'selenium_browser'. Found content (811 words).
2026-08-18 11:33:31,052 - ERROR - Error saving article Logitech Promo Codes and Deals: Up to $100 Off | WIRED: Hrana: `stream error: `Error { message: "SQLite error: UNIQUE constraint failed: articles.url", code: "SQLITE_CONSTRAINT" }``
2026-08-18 11:33:31,487 - WARNING - [The Hindu] Page get timed out (7s). Proceeding to grab partial source anyway.
2026-08-18 11:33:32,062 - INFO - [Wired] Article: https://www.wired.com/story/ring-promo-code/
2026-08-18 11:33:32,062 - INFO - [Wired] Attempt 1/2: Trying with 'requests_browser' strategy...
2026-08-18 11:33:32,372 - ERROR - parsed tree length: 1, wrong data type or not valid HTML
2026-08-18 11:33:32,372 - ERROR - empty HTML tree: None
2026-08-18 11:33:32,372 - WARNING - discarding data: None
2026-08-18 11:33:32,372 - WARNING - [Wired] FAILED with 'requests_browser' (content was too short: 0 words).
2026-08-18 11:33:33,020 - INFO - [Wired] Article: https://www.wired.com/story/ring-promo-code/
2026-08-18 11:33:33,020 - INFO - [Wired] Attempt 2/2: Trying with 'selenium_browser' strategy...
2026-08-18 11:33:38,533 - INFO - [Wired] Page content loaded.
2026-08-18 11:33:38,541 - WARNING - [The Hindu] Page explicit wait timed out (3s). Proceeding anyway.
2026-08-18 11:33:39,309 - INFO - [Wired] Success with 'selenium_browser'. Found content (679 words).
2026-08-18 11:33:42,582 - ERROR - Error saving article Ring Promo Code: 50% Off | WIRED: Hrana: `stream error: `Error { message: "SQLite error: UNIQUE constraint failed: articles.url", code: "SQLITE_CONSTRAINT" }``
2026-08-18 11:33:43,310 - INFO - [Wired] Article: https://www.wired.com/story/womanizer-coupon/
2026-08-18 11:33:43,310 - INFO - [Wired] Attempt 1/2: Trying with 'requests_browser' strategy...
2026-08-18 11:33:43,566 - ERROR - parsed tree length: 1, wrong data type or not valid HTML
2026-08-18 11:33:43,566 - ERROR - empty HTML tree: None
2026-08-18 11:33:43,567 - WARNING - discarding data: None
2026-08-18 11:33:43,567 - WARNING - [Wired] FAILED with 'requests_browser' (content was too short: 0 words).
2026-08-18 11:33:44,084 - INFO - [Wired] Article: https://www.wired.com/story/womanizer-coupon/
2026-08-18 11:33:44,084 - INFO - [Wired] Attempt 2/2: Trying with 'selenium_browser' strategy...
2026-08-18 11:33:45,567 - ERROR - [The Hindu] Request failed for strategy 'selenium_browser' on URL https://www.thehindu.com/news/national/pm-modi-a-u-turn-ustad-wants-to-sabotage-caste-census-congress/article71359417.ece: Message: timeout: Timed out receiving message from renderer: 7.000
  (Session info: chrome=152.0.7977.42)
Stacktrace:
#0 0x55d3d92572ca <unknown>
#1 0x55d3d8bbab39 <unknown>
#2 0x55d3d8ba25bb <unknown>
#3 0x55d3d8ba2236 <unknown>
#4 0x55d3d8b9fe18 <unknown>
#5 0x55d3d8ba079f <unknown>
#6 0x55d3d8baf880 <unknown>
#7 0x55d3d8bc97b7 <unknown>
#8 0x55d3d8bd119b <unknown>
#9 0x55d3d8ba0ef9 <unknown>
#10 0x55d3d8bc9512 <unknown>
#11 0x55d3d8c58b26 <unknown>
#12 0x55d3d8c03ecb <unknown>
#13 0x55d3d8c04cb1 <unknown>
#14 0x55d3d921b7f0 <unknown>
#15 0x55d3d9219e6a <unknown>
#16 0x55d3d9204bb5 <unknown>
#17 0x55d3d921ab2a <unknown>
#18 0x55d3d91eddf0 <unknown>
#19 0x55d3d9242238 <unknown>
#20 0x55d3d92423d5 <unknown>
#21 0x55d3d9255e53 <unknown>
#22 0x7f30d8c9cb84 <unknown>
#23 0x7f30d8d29d6c <unknown>

2026-08-18 11:33:45,567 - ERROR - [The Hindu] All scrape strategies failed for https://www.thehindu.com/news/national/pm-modi-a-u-turn-ustad-wants-to-sabotage-caste-census-congress/article71359417.ece. Falling back to RSS description.
2026-08-18 11:33:45,567 - WARNING - SKIPPED (GLOBAL WORD LIMIT): Article 'PM Modi a ‘U-turn ustad’, wants to sabotage caste census: Congress' from The Hindu has only 31 words (Min: 90).
2026-08-18 11:33:46,629 - INFO - [The Hindu] Early skip: URL https://www.thehindu.com/news/cities/Hyderabad/hyderabad-traffic-chaos-around-kbr-park-in-first-few-hours-of-one-way-traffic-arrangement-pedestrians-worst-hit/article71359271.ece already exists.
2026-08-18 11:33:46,631 - INFO - [The Hindu] Early skip: URL https://www.thehindu.com/news/national/tamil-nadu/tamil-nadu-assembly-speaker-expunges-remarks-against-karunanidhi-by-minister-nirmalkumar/article71359489.ece already exists.
2026-08-18 11:33:46,633 - INFO - [The Hindu] Article: https://www.thehindu.com/news/national/not-delving-into-religious-rights-only-dealing-with-well-being-and-health-of-captive-elephants-sc-says/article71359597.ece
2026-08-18 11:33:46,633 - INFO - [The Hindu] Attempt 1/1: Trying with 'selenium_browser' strategy...
2026-08-18 11:33:46,813 - INFO - [Wired] Page content loaded.
2026-08-18 11:33:47,629 - INFO - [Wired] Success with 'selenium_browser'. Found content (1008 words).
2026-08-18 11:33:50,901 - ERROR - Error saving article Womanizer Coupons: Save 15% in August | WIRED: Hrana: `stream error: `Error { message: "SQLite error: UNIQUE constraint failed: articles.url", code: "SQLITE_CONSTRAINT" }``
2026-08-18 11:33:52,401 - INFO - [Wired] Early skip: URL https://www.wired.com/story/what-el-nino-means-weather-water-global-economy/ already exists.
2026-08-18 11:33:52,403 - INFO - [Wired] Early skip: URL https://www.wired.com/story/this-r-rated-film-studio-wants-to-be-the-hbo-of-ai/ already exists.
2026-08-18 11:33:52,404 - INFO - [Wired] Early skip: URL https://www.wired.com/gallery/best-cheap-laptops/ already exists.
2026-08-18 11:33:52,405 - INFO - [Wired] Early skip: URL https://www.wired.com/review/cookunity-prepared-meal-delivery-2026/ already exists.
2026-08-18 11:33:52,406 - INFO - [Wired] Early skip: URL https://www.wired.com/review/skylight-buddy/ already exists.
2026-08-18 11:33:52,408 - INFO - [Wired] Early skip: URL https://www.wired.com/story/el-nino-quiets-atlantic-hurricane-season/ already exists.
2026-08-18 11:33:52,409 - INFO - [Wired] Early skip: URL https://www.wired.com/story/election-officials-are-preparing-for-prediction-markets-to-sow-chaos-in-the-midterms/ already exists.
2026-08-18 11:33:52,410 - INFO - [Wired] Early skip: URL https://www.wired.com/story/new-link-between-gut-health-and-alzheimers/ already exists.
2026-08-18 11:33:52,411 - INFO - [Wired] Early skip: URL https://www.wired.com/story/black-hole-stars-are-becoming-less-hypothetical/ already exists.
2026-08-18 11:33:52,413 - INFO - [Wired] Early skip: URL https://www.wired.com/review/samsung-galaxy-z-fold8-and-z-fold8-ultra/ already exists.
2026-08-18 11:33:52,414 - INFO - [Wired] Early skip: URL https://www.wired.com/story/its-never-too-early-to-start-planning-for-the-next-two-solar-eclipses/ already exists.
2026-08-18 11:33:52,415 - INFO - [Wired] Early skip: URL https://www.wired.com/story/easydmg-finally-fixed-installing-apps-on-a-mac/ already exists.
2026-08-18 11:33:52,416 - INFO - [Wired] Early skip: URL https://www.wired.com/review/terramow-v1000/ already exists.
2026-08-18 11:33:52,417 - INFO - [Wired] Early skip: URL https://www.wired.com/story/inside-experimental-traps-scientists-set-for-neutrinos/ already exists.
2026-08-18 11:33:52,419 - INFO - [Wired] Early skip: URL https://www.wired.com/gallery/best-cat-water-fountains/ already exists.
2026-08-18 11:33:52,420 - INFO - [Wired] Early skip: URL https://www.wired.com/review/retrospec-joe-rev-2/ already exists.
2026-08-18 11:33:52,421 - INFO - [Wired] Early skip: URL https://www.wired.com/story/this-beautifully-weird-necklace-is-secretly-a-usb-drive/ already exists.
2026-08-18 11:33:52,422 - INFO - [Wired] Early skip: URL https://www.wired.com/story/instapaper-the-original-read-it-later-app-just-got-a-huge-upgrade/ already exists.
2026-08-18 11:33:52,424 - INFO - [Wired] Early skip: URL https://www.wired.com/story/best-apple-watch-accessories/ already exists.
2026-08-18 11:33:52,425 - INFO - [Wired] Early skip: URL https://www.wired.com/review/auk-mini-2-indoor-smart-garden/ already exists.
2026-08-18 11:33:52,426 - INFO - [Wired] Early skip: URL https://www.wired.com/story/a-young-bodybuilders-rise-preceded-the-looksmaxxing-movement-his-legacy-feels-more-relevant-than-ever/ already exists.
2026-08-18 11:33:52,427 - INFO - [Wired] Early skip: URL https://www.wired.com/story/best-apple-watch-bands/ already exists.
2026-08-18 11:33:52,428 - INFO - [Wired] Early skip: URL https://www.wired.com/story/puerto-rico-is-rationing-water-it-could-avoid-it-by-harvesting-rainwater/ already exists.
2026-08-18 11:33:52,429 - INFO - [Wired] Early skip: URL https://www.wired.com/story/amazon-uses-your-twitch-content-to-train-its-ai-how-to-opt-out/ already exists.
2026-08-18 11:33:52,431 - INFO - [Wired] Article: https://www.wired.com/story/google-workspace-promo-code/
2026-08-18 11:33:52,431 - INFO - [Wired] Attempt 1/2: Trying with 'requests_browser' strategy...
2026-08-18 11:33:52,599 - ERROR - parsed tree length: 1, wrong data type or not valid HTML
2026-08-18 11:33:52,599 - ERROR - empty HTML tree: None
2026-08-18 11:33:52,599 - WARNING - discarding data: None
2026-08-18 11:33:52,599 - WARNING - [Wired] FAILED with 'requests_browser' (content was too short: 0 words).
2026-08-18 11:33:53,444 - INFO - [Wired] Article: https://www.wired.com/story/google-workspace-promo-code/
2026-08-18 11:33:53,444 - INFO - [Wired] Attempt 2/2: Trying with 'selenium_browser' strategy...
2026-08-18 11:33:55,063 - INFO - [Wired] Page content loaded.
2026-08-18 11:33:55,580 - INFO - [Wired] Success with 'selenium_browser'. Found content (1140 words).
2026-08-18 11:33:58,682 - ERROR - Error saving article Google Workspace Promo Codes: 14% Off for August 2026 | WIRED: Hrana: `stream error: `Error { message: "SQLite error: UNIQUE constraint failed: articles.url", code: "SQLITE_CONSTRAINT" }``
2026-08-18 11:33:59,363 - INFO - [Economic Times] Page content loaded.
2026-08-18 11:33:59,465 - INFO - [Economic Times] Success with 'selenium_browser'. Found content (773 words).
2026-08-18 11:34:01,152 - WARNING - [The Hindu] Page get timed out (7s). Proceeding to grab partial source anyway.
2026-08-18 11:34:01,649 - INFO - [Wired] Early skip: URL https://www.wired.com/story/new-york-city-lawmakers-push-to-ban-the-scan-at-msg/ already exists.
2026-08-18 11:34:02,613 - INFO - [Wired] Article: https://www.wired.com/story/the-8-best-movies-to-stream-right-now/
2026-08-18 11:34:02,613 - INFO - [Wired] Attempt 1/2: Trying with 'requests_browser' strategy...
2026-08-18 11:34:02,617 - ERROR - Error saving article Nifty may find support at 5300 level - The Economic Times: Hrana: `stream error: `Error { message: "SQLite error: UNIQUE constraint failed: articles.url", code: "SQLITE_CONSTRAINT" }``
2026-08-18 11:34:02,803 - ERROR - parsed tree length: 1, wrong data type or not valid HTML
2026-08-18 11:34:02,803 - ERROR - empty HTML tree: None
2026-08-18 11:34:02,803 - WARNING - discarding data: None
2026-08-18 11:34:02,803 - WARNING - [Wired] FAILED with 'requests_browser' (content was too short: 0 words).
2026-08-18 11:34:03,450 - INFO - [Wired] Article: https://www.wired.com/story/the-8-best-movies-to-stream-right-now/
2026-08-18 11:34:03,450 - INFO - [Wired] Attempt 2/2: Trying with 'selenium_browser' strategy...
2026-08-18 11:34:03,911 - INFO - [Economic Times] Article: https://economictimes.indiatimes.com/seven-out-of-top-10-asian-small-cap-funds-are-indian/articleshow/6295976.cms
2026-08-18 11:34:03,912 - INFO - [Economic Times] Attempt 1/2: Trying with 'requests_browser' strategy...
2026-08-18 11:34:04,269 - ERROR - parsed tree length: 1, wrong data type or not valid HTML
2026-08-18 11:34:04,269 - ERROR - empty HTML tree: None
2026-08-18 11:34:04,269 - WARNING - discarding data: None
2026-08-18 11:34:04,269 - WARNING - [Economic Times] FAILED with 'requests_browser' (content was too short: 0 words).
2026-08-18 11:34:04,787 - INFO - [Economic Times] Article: https://economictimes.indiatimes.com/seven-out-of-top-10-asian-small-cap-funds-are-indian/articleshow/6295976.cms
2026-08-18 11:34:04,787 - INFO - [Economic Times] Attempt 2/2: Trying with 'selenium_browser' strategy...
2026-08-18 11:34:06,421 - INFO - [Wired] Page content loaded.
2026-08-18 11:34:06,805 - INFO - [Wired] Success with 'selenium_browser'. Found content (1589 words).
2026-08-18 11:34:10,177 - WARNING - [The Hindu] Page explicit wait timed out (3s). Proceeding anyway.
2026-08-18 11:34:10,179 - ERROR - Error saving article The Best Movies to Stream This Month (August 2026) | WIRED: Hrana: `stream error: `Error { message: "SQLite error: UNIQUE constraint failed: articles.url", code: "SQLITE_CONSTRAINT" }``
2026-08-18 11:34:10,787 - INFO - [Economic Times] Page content loaded.
2026-08-18 11:34:10,789 - INFO - [Wired] Early skip: URL https://www.wired.com/story/unitree-influencer-4-foot-robot-from-china/ already exists.
2026-08-18 11:34:10,790 - INFO - [Wired] Early skip: URL https://www.wired.com/story/tech-visionary-says-the-big-ai-labs-dont-get-what-people-want/ already exists.
2026-08-18 11:34:10,793 - INFO - [Wired] Article: https://www.wired.com/gallery/best-wireless-chargers/
2026-08-18 11:34:10,793 - INFO - [Wired] Attempt 1/2: Trying with 'requests_browser' strategy...
2026-08-18 11:34:11,084 - INFO - [Economic Times] Success with 'selenium_browser'. Found content (607 words).
2026-08-18 11:34:11,252 - ERROR - parsed tree length: 1, wrong data type or not valid HTML
2026-08-18 11:34:11,252 - ERROR - empty HTML tree: None
2026-08-18 11:34:11,252 - WARNING - discarding data: None
2026-08-18 11:34:11,252 - WARNING - [Wired] FAILED with 'requests_browser' (content was too short: 0 words).
2026-08-18 11:34:12,849 - INFO - [Wired] Article: https://www.wired.com/gallery/best-wireless-chargers/
2026-08-18 11:34:12,850 - INFO - [Wired] Attempt 2/2: Trying with 'selenium_browser' strategy...
2026-08-18 11:34:14,363 - ERROR - Error saving article Seven out of top 10 Asian small-cap funds are Indian - The Economic Times: Hrana: `stream error: `Error { message: "SQLite error: UNIQUE constraint failed: articles.url", code: "SQLITE_CONSTRAINT" }``
2026-08-18 11:34:15,799 - INFO - [Economic Times] Article: https://economictimes.indiatimes.com/inflation-reflects-growth-dynamics-in-india-christopher-wood/articleshow/6274053.cms
2026-08-18 11:34:15,799 - INFO - [Economic Times] Attempt 1/2: Trying with 'requests_browser' strategy...
2026-08-18 11:34:16,146 - ERROR - parsed tree length: 1, wrong data type or not valid HTML
2026-08-18 11:34:16,146 - ERROR - empty HTML tree: None
2026-08-18 11:34:16,146 - WARNING - discarding data: None
2026-08-18 11:34:16,146 - WARNING - [Economic Times] FAILED with 'requests_browser' (content was too short: 0 words).
2026-08-18 11:34:17,128 - INFO - [Wired] Page content loaded.
2026-08-18 11:34:17,143 - INFO - [Economic Times] Article: https://economictimes.indiatimes.com/inflation-reflects-growth-dynamics-in-india-christopher-wood/articleshow/6274053.cms
2026-08-18 11:34:17,143 - INFO - [Economic Times] Attempt 2/2: Trying with 'selenium_browser' strategy...
2026-08-18 11:34:17,202 - ERROR - [The Hindu] Request failed for strategy 'selenium_browser' on URL https://www.thehindu.com/news/national/not-delving-into-religious-rights-only-dealing-with-well-being-and-health-of-captive-elephants-sc-says/article71359597.ece: Message: timeout: Timed out receiving message from renderer: 7.000
  (Session info: chrome=152.0.7977.42)
Stacktrace:
#0 0x55d3d92572ca <unknown>
#1 0x55d3d8bbab39 <unknown>
#2 0x55d3d8ba25bb <unknown>
#3 0x55d3d8ba2236 <unknown>
#4 0x55d3d8b9fe18 <unknown>
#5 0x55d3d8ba079f <unknown>
#6 0x55d3d8baf880 <unknown>
#7 0x55d3d8bc97b7 <unknown>
#8 0x55d3d8bd119b <unknown>
#9 0x55d3d8ba0ef9 <unknown>
#10 0x55d3d8bc9512 <unknown>
#11 0x55d3d8c58b26 <unknown>
#12 0x55d3d8c03ecb <unknown>
#13 0x55d3d8c04cb1 <unknown>
#14 0x55d3d921b7f0 <unknown>
#15 0x55d3d9219e6a <unknown>
#16 0x55d3d9204bb5 <unknown>
#17 0x55d3d921ab2a <unknown>
#18 0x55d3d91eddf0 <unknown>
#19 0x55d3d9242238 <unknown>
#20 0x55d3d92423d5 <unknown>
#21 0x55d3d9255e53 <unknown>
#22 0x7f30d8c9cb84 <unknown>
#23 0x7f30d8d29d6c <unknown>

2026-08-18 11:34:17,202 - ERROR - [The Hindu] All scrape strategies failed for https://www.thehindu.com/news/national/not-delving-into-religious-rights-only-dealing-with-well-being-and-health-of-captive-elephants-sc-says/article71359597.ece. Falling back to RSS description.
2026-08-18 11:34:17,202 - WARNING - SKIPPED (GLOBAL WORD LIMIT): Article 'Not delving into religious rights, only dealing with well-being and health of captive elephants, Supreme Court says' from The Hindu has only 26 words (Min: 90).
2026-08-18 11:34:18,019 - INFO - [Wired] Success with 'selenium_browser'. Found content (2184 words).
2026-08-18 11:34:19,977 - INFO - [The Hindu] Article: https://www.thehindu.com/news/cities/Visakhapatnam/wrapped-in-cloth-with-garlands-two-sets-of-skeletal-remains-found-in-sand-dumped-at-sheela-nagar-visakhapatnam/article71359387.ece
2026-08-18 11:34:19,979 - INFO - [The Hindu] Attempt 1/1: Trying with 'selenium_browser' strategy...
2026-08-18 11:34:21,502 - ERROR - Error saving article Best Wireless Chargers (2026): My Picks After Testing 100+ | WIRED: Hrana: `stream error: `Error { message: "SQLite error: UNIQUE constraint failed: articles.url", code: "SQLITE_CONSTRAINT" }``
2026-08-18 11:34:22,070 - INFO - [Wired] Early skip: URL https://www.wired.com/story/best-paper-planners/ already exists.
2026-08-18 11:34:22,072 - INFO - [Wired] Early skip: URL https://www.wired.com/story/ftc-strikes-deals-to-ignore-unlawful-credit-discrimination/ already exists.
2026-08-18 11:34:22,073 - INFO - [Wired] Early skip: URL https://www.wired.com/story/these-masturbation-consultants-were-hired-to-pleasure-themselves-using-ai/ already exists.
2026-08-18 11:34:22,083 - INFO - [Wired] Early skip: URL https://www.wired.com/gallery/best-pixel-10-cases-and-accessories/ already exists.
2026-08-18 11:34:22,087 - INFO - [Wired] Early skip: URL https://www.wired.com/story/i-wore-a-pepper-electrical-muscle-stimulation-body-suit-to-zap-myself-into-fitness/ already exists.
2026-08-18 11:34:22,088 - INFO - [Wired] (Thread) Finished. Attempting to shut down its Selenium driver.
2026-08-18 11:34:22,335 - INFO - [Wired] (Thread) driver.quit() successful.
2026-08-18 11:34:22,927 - INFO - [Economic Times] Page content loaded.
2026-08-18 11:34:23,187 - INFO - [Economic Times] Success with 'selenium_browser'. Found content (4520 words).
2026-08-18 11:34:26,359 - ERROR - Error saving article Inflation reflects growth dynamics in India: Christopher Wood - The Economic Times: Hrana: `stream error: `Error { message: "SQLite error: UNIQUE constraint failed: articles.url", code: "SQLITE_CONSTRAINT" }``
2026-08-18 11:34:27,114 - INFO - [Economic Times] Article: https://economictimes.indiatimes.com/market-may-trade-in-a-range-but-fiis-seen-sold-on-india/articleshow/6277705.cms
2026-08-18 11:34:27,114 - INFO - [Economic Times] Attempt 1/2: Trying with 'requests_browser' strategy...
2026-08-18 11:34:27,405 - ERROR - parsed tree length: 1, wrong data type or not valid HTML
2026-08-18 11:34:27,405 - ERROR - empty HTML tree: None
2026-08-18 11:34:27,405 - WARNING - discarding data: None
2026-08-18 11:34:27,405 - WARNING - [Economic Times] FAILED with 'requests_browser' (content was too short: 0 words).
2026-08-18 11:34:28,237 - INFO - [Economic Times] Article: https://economictimes.indiatimes.com/market-may-trade-in-a-range-but-fiis-seen-sold-on-india/articleshow/6277705.cms
2026-08-18 11:34:28,237 - INFO - [Economic Times] Attempt 2/2: Trying with 'selenium_browser' strategy...
2026-08-18 11:34:29,393 - INFO - [Economic Times] Page content loaded.
2026-08-18 11:34:29,479 - INFO - [Economic Times] Success with 'selenium_browser'. Found content (809 words).
2026-08-18 11:34:32,737 - ERROR - Error saving article Market may trade in a range, but FIIs seen sold on India - The Economic Times: Hrana: `stream error: `Error { message: "SQLite error: UNIQUE constraint failed: articles.url", code: "SQLITE_CONSTRAINT" }``
2026-08-18 11:34:33,807 - INFO - [Economic Times] Article: https://economictimes.indiatimes.com/dont-bank-only-on-price-to-earning-ratio/articleshow/6278228.cms
2026-08-18 11:34:33,808 - INFO - [Economic Times] Attempt 1/2: Trying with 'requests_browser' strategy...
2026-08-18 11:34:34,103 - ERROR - parsed tree length: 1, wrong data type or not valid HTML
2026-08-18 11:34:34,103 - ERROR - empty HTML tree: None
2026-08-18 11:34:34,104 - WARNING - discarding data: None
2026-08-18 11:34:34,104 - WARNING - [Economic Times] FAILED with 'requests_browser' (content was too short: 0 words).
2026-08-18 11:34:34,508 - WARNING - [The Hindu] Page get timed out (7s). Proceeding to grab partial source anyway.
2026-08-18 11:34:35,086 - INFO - [Economic Times] Article: https://economictimes.indiatimes.com/dont-bank-only-on-price-to-earning-ratio/articleshow/6278228.cms
2026-08-18 11:34:35,086 - INFO - [Economic Times] Attempt 2/2: Trying with 'selenium_browser' strategy...
2026-08-18 11:34:36,511 - INFO - [Economic Times] Page content loaded.
2026-08-18 11:34:36,624 - INFO - [Economic Times] Success with 'selenium_browser'. Found content (447 words).
2026-08-18 11:34:39,775 - ERROR - Error saving article 'Don't bank only on price-to-earning ratio' - The Economic Times: Hrana: `stream error: `Error { message: "SQLite error: UNIQUE constraint failed: articles.url", code: "SQLITE_CONSTRAINT" }``
2026-08-18 11:34:40,949 - INFO - [Economic Times] Article: https://economictimes.indiatimes.com/markets/stocks/recos/prabhudas-lilladher-has-a-reduce-rating-on-infosys/articleshow/3798718.cms
2026-08-18 11:34:40,949 - INFO - [Economic Times] Attempt 1/2: Trying with 'requests_browser' strategy...
2026-08-18 11:34:41,242 - ERROR - parsed tree length: 1, wrong data type or not valid HTML
2026-08-18 11:34:41,242 - ERROR - empty HTML tree: None
2026-08-18 11:34:41,242 - WARNING - discarding data: None
2026-08-18 11:34:41,243 - WARNING - [Economic Times] FAILED with 'requests_browser' (content was too short: 0 words).
2026-08-18 11:34:41,517 - WARNING - [The Hindu] Page explicit wait timed out (3s). Proceeding anyway.
2026-08-18 11:34:41,937 - INFO - [Economic Times] Article: https://economictimes.indiatimes.com/markets/stocks/recos/prabhudas-lilladher-has-a-reduce-rating-on-infosys/articleshow/3798718.cms
2026-08-18 11:34:41,938 - INFO - [Economic Times] Attempt 2/2: Trying with 'selenium_browser' strategy...
2026-08-18 11:34:43,423 - INFO - [Economic Times] Page content loaded.
2026-08-18 11:34:43,583 - INFO - [Economic Times] Success with 'selenium_browser'. Found content (438 words).
2026-08-18 11:34:46,744 - ERROR - Error saving article Prabhudas Lilladher has a ‘reduce’ rating on Infosys - The Economic Times: Hrana: `stream error: `Error { message: "SQLite error: UNIQUE constraint failed: articles.url", code: "SQLITE_CONSTRAINT" }``
2026-08-18 11:34:47,753 - INFO - [Economic Times] Article: https://economictimes.indiatimes.com/markets/stocks/recos/fin-crisis-too-late-and-too-little-done-in-us/articleshow/3794549.cms
2026-08-18 11:34:47,753 - INFO - [Economic Times] Attempt 1/2: Trying with 'requests_browser' strategy...
2026-08-18 11:34:48,145 - ERROR - parsed tree length: 1, wrong data type or not valid HTML
2026-08-18 11:34:48,145 - ERROR - empty HTML tree: None
2026-08-18 11:34:48,145 - WARNING - discarding data: None
2026-08-18 11:34:48,146 - WARNING - [Economic Times] FAILED with 'requests_browser' (content was too short: 0 words).
2026-08-18 11:34:48,526 - ERROR - [The Hindu] Request failed for strategy 'selenium_browser' on URL https://www.thehindu.com/news/cities/Visakhapatnam/wrapped-in-cloth-with-garlands-two-sets-of-skeletal-remains-found-in-sand-dumped-at-sheela-nagar-visakhapatnam/article71359387.ece: Message: timeout: Timed out receiving message from renderer: 7.000
  (Session info: chrome=152.0.7977.42)
Stacktrace:
#0 0x55d3d92572ca <unknown>
#1 0x55d3d8bbab39 <unknown>
#2 0x55d3d8ba25bb <unknown>
#3 0x55d3d8ba2236 <unknown>
#4 0x55d3d8b9fe18 <unknown>
#5 0x55d3d8ba079f <unknown>
#6 0x55d3d8baf880 <unknown>
#7 0x55d3d8bc97b7 <unknown>
#8 0x55d3d8bd119b <unknown>
#9 0x55d3d8ba0ef9 <unknown>
#10 0x55d3d8bc9512 <unknown>
#11 0x55d3d8c58b26 <unknown>
#12 0x55d3d8c03ecb <unknown>
#13 0x55d3d8c04cb1 <unknown>
#14 0x55d3d921b7f0 <unknown>
#15 0x55d3d9219e6a <unknown>
#16 0x55d3d9204bb5 <unknown>
#17 0x55d3d921ab2a <unknown>
#18 0x55d3d91eddf0 <unknown>
#19 0x55d3d9242238 <unknown>
#20 0x55d3d92423d5 <unknown>
#21 0x55d3d9255e53 <unknown>
#22 0x7f30d8c9cb84 <unknown>
#23 0x7f30d8d29d6c <unknown>

2026-08-18 11:34:48,526 - ERROR - [The Hindu] All scrape strategies failed for https://www.thehindu.com/news/cities/Visakhapatnam/wrapped-in-cloth-with-garlands-two-sets-of-skeletal-remains-found-in-sand-dumped-at-sheela-nagar-visakhapatnam/article71359387.ece. Falling back to RSS description.
2026-08-18 11:34:48,526 - WARNING - SKIPPED (GLOBAL WORD LIMIT): Article 'Wrapped in cloth, with garlands: two sets of skeletal remains found in sand dumped at Sheela Nagar, Visakhapatnam' from The Hindu has only 31 words (Min: 90).
2026-08-18 11:34:49,048 - INFO - [Economic Times] Article: https://economictimes.indiatimes.com/markets/stocks/recos/fin-crisis-too-late-and-too-little-done-in-us/articleshow/3794549.cms
2026-08-18 11:34:49,048 - INFO - [Economic Times] Attempt 2/2: Trying with 'selenium_browser' strategy...
2026-08-18 11:34:49,203 - INFO - [The Hindu] Article: https://www.thehindu.com/news/national/karnataka/vtu-to-establish-two-centres-of-excellence-on-campus/article71360033.ece
2026-08-18 11:34:49,204 - INFO - [The Hindu] Attempt 1/1: Trying with 'selenium_browser' strategy...
2026-08-18 11:34:50,316 - INFO - [Economic Times] Page content loaded.
2026-08-18 11:34:50,460 - INFO - [Economic Times] Success with 'selenium_browser'. Found content (868 words).
2026-08-18 11:34:54,074 - ERROR - Error saving article Fin Crisis: Too late and too little done in US - The Economic Times: Hrana: `stream error: `Error { message: "SQLite error: UNIQUE constraint failed: articles.url", code: "SQLITE_CONSTRAINT" }``
2026-08-18 11:34:55,261 - INFO - [Economic Times] Article: https://economictimes.indiatimes.com/markets/forex/weak-rupee-takes-its-toll-on-cos-with-huge-foreign-debt/articleshow/3546158.cms
2026-08-18 11:34:55,261 - INFO - [Economic Times] Attempt 1/2: Trying with 'requests_browser' strategy...
2026-08-18 11:34:55,582 - ERROR - parsed tree length: 1, wrong data type or not valid HTML
2026-08-18 11:34:55,582 - ERROR - empty HTML tree: None
2026-08-18 11:34:55,582 - WARNING - discarding data: None
2026-08-18 11:34:55,582 - WARNING - [Economic Times] FAILED with 'requests_browser' (content was too short: 0 words).
2026-08-18 11:34:56,439 - INFO - [Economic Times] Article: https://economictimes.indiatimes.com/markets/forex/weak-rupee-takes-its-toll-on-cos-with-huge-foreign-debt/articleshow/3546158.cms
2026-08-18 11:34:56,439 - INFO - [Economic Times] Attempt 2/2: Trying with 'selenium_browser' strategy...
2026-08-18 11:34:57,931 - INFO - [Economic Times] Page content loaded.
2026-08-18 11:34:58,079 - INFO - [Economic Times] Success with 'selenium_browser'. Found content (482 words).
2026-08-18 11:35:01,238 - ERROR - Error saving article Weak rupee takes its toll on cos with huge foreign debt - The Economic Times: Hrana: `stream error: `Error { message: "SQLite error: UNIQUE constraint failed: articles.url", code: "SQLITE_CONSTRAINT" }``
2026-08-18 11:35:02,162 - INFO - [Economic Times] Article: https://economictimes.indiatimes.com/markets/stocks/recos/wait-for-more-signals-before-turning-positive/articleshow/3292640.cms
2026-08-18 11:35:02,162 - INFO - [Economic Times] Attempt 1/2: Trying with 'requests_browser' strategy...
2026-08-18 11:35:02,460 - ERROR - parsed tree length: 1, wrong data type or not valid HTML
2026-08-18 11:35:02,460 - ERROR - empty HTML tree: None
2026-08-18 11:35:02,460 - WARNING - discarding data: None
2026-08-18 11:35:02,460 - WARNING - [Economic Times] FAILED with 'requests_browser' (content was too short: 0 words).
2026-08-18 11:35:03,221 - WARNING - [The Hindu] Page get timed out (7s). Proceeding to grab partial source anyway.
2026-08-18 11:35:03,431 - INFO - [Economic Times] Article: https://economictimes.indiatimes.com/markets/stocks/recos/wait-for-more-signals-before-turning-positive/articleshow/3292640.cms
2026-08-18 11:35:03,432 - INFO - [Economic Times] Attempt 2/2: Trying with 'selenium_browser' strategy...
2026-08-18 11:35:05,056 - INFO - [Economic Times] Page content loaded.
2026-08-18 11:35:05,134 - INFO - [Economic Times] Success with 'selenium_browser'. Found content (761 words).
2026-08-18 11:35:08,200 - ERROR - Error saving article Wait for more signals before turning positive - The Economic Times: Hrana: `stream error: `Error { message: "SQLite error: UNIQUE constraint failed: articles.url", code: "SQLITE_CONSTRAINT" }``
2026-08-18 11:35:08,997 - INFO - [Economic Times] Article: https://economictimes.indiatimes.com/news/company/corporate-trends/six-indian-cos-among-businessweeks-top-100-infotech-firms/articleshow/3189334.cms
2026-08-18 11:35:08,998 - INFO - [Economic Times] Attempt 1/2: Trying with 'requests_browser' strategy...
2026-08-18 11:35:09,315 - INFO - [Economic Times] Success with 'requests_browser'. Found content (370 words).
2026-08-18 11:35:11,417 - WARNING - [The Hindu] Page explicit wait timed out (3s). Proceeding anyway.
2026-08-18 11:35:12,460 - ERROR - Error saving article Six Indian cos among BusinessWeek's top 100 Infotech firms - The Economic Times: Hrana: `stream error: `Error { message: "SQLite error: UNIQUE constraint failed: articles.url", code: "SQLITE_CONSTRAINT" }``
2026-08-18 11:35:13,615 - INFO - [Economic Times] Article: https://economictimes.indiatimes.com/news/company/corporate-trends/indian-firms-slip-in-global-ranking-four-move-out-of-top-500/articleshow/3177077.cms
2026-08-18 11:35:13,615 - INFO - [Economic Times] Attempt 1/2: Trying with 'requests_browser' strategy...
2026-08-18 11:35:13,945 - INFO - [Economic Times] Success with 'requests_browser'. Found content (1044 words).
2026-08-18 11:35:17,053 - ERROR - Error saving article Indian firms slip in global ranking; four move out of Top-500 - The Economic Times: Hrana: `stream error: `Error { message: "SQLite error: UNIQUE constraint failed: articles.url", code: "SQLITE_CONSTRAINT" }``
2026-08-18 11:35:17,894 - INFO - [Economic Times] Article: https://economictimes.indiatimes.com/markets/stocks/news/big-daddy-laps-up-cipla-after-q1-nos-beat-forecast/articleshow/6308646.cms
2026-08-18 11:35:17,895 - INFO - [Economic Times] Attempt 1/2: Trying with 'requests_browser' strategy...
2026-08-18 11:35:18,200 - ERROR - parsed tree length: 1, wrong data type or not valid HTML
2026-08-18 11:35:18,200 - ERROR - empty HTML tree: None
2026-08-18 11:35:18,200 - WARNING - discarding data: None
2026-08-18 11:35:18,200 - WARNING - [Economic Times] FAILED with 'requests_browser' (content was too short: 0 words).
2026-08-18 11:35:18,426 - ERROR - [The Hindu] Request failed for strategy 'selenium_browser' on URL https://www.thehindu.com/news/national/karnataka/vtu-to-establish-two-centres-of-excellence-on-campus/article71360033.ece: Message: timeout: Timed out receiving message from renderer: 7.000
  (Session info: chrome=152.0.7977.42)
Stacktrace:
#0 0x55d3d92572ca <unknown>
#1 0x55d3d8bbab39 <unknown>
#2 0x55d3d8ba25bb <unknown>
#3 0x55d3d8ba2236 <unknown>
#4 0x55d3d8b9fe18 <unknown>
#5 0x55d3d8ba079f <unknown>
#6 0x55d3d8baf880 <unknown>
#7 0x55d3d8bc97b7 <unknown>
#8 0x55d3d8bd119b <unknown>
#9 0x55d3d8ba0ef9 <unknown>
#10 0x55d3d8bc9512 <unknown>
#11 0x55d3d8c58b26 <unknown>
#12 0x55d3d8c03ecb <unknown>
#13 0x55d3d8c04cb1 <unknown>
#14 0x55d3d921b7f0 <unknown>
#15 0x55d3d9219e6a <unknown>
#16 0x55d3d9204bb5 <unknown>
#17 0x55d3d921ab2a <unknown>
#18 0x55d3d91eddf0 <unknown>
#19 0x55d3d9242238 <unknown>
#20 0x55d3d92423d5 <unknown>
#21 0x55d3d9255e53 <unknown>
#22 0x7f30d8c9cb84 <unknown>
#23 0x7f30d8d29d6c <unknown>

2026-08-18 11:35:18,426 - ERROR - [The Hindu] All scrape strategies failed for https://www.thehindu.com/news/national/karnataka/vtu-to-establish-two-centres-of-excellence-on-campus/article71360033.ece. Falling back to RSS description.
2026-08-18 11:35:18,426 - WARNING - SKIPPED (GLOBAL WORD LIMIT): Article 'VTU to establish two Centres of Excellence on campus' from The Hindu has only 12 words (Min: 90).
2026-08-18 11:35:19,040 - INFO - [Economic Times] Article: https://economictimes.indiatimes.com/markets/stocks/news/big-daddy-laps-up-cipla-after-q1-nos-beat-forecast/articleshow/6308646.cms
2026-08-18 11:35:19,040 - INFO - [Economic Times] Attempt 2/2: Trying with 'selenium_browser' strategy...
2026-08-18 11:35:19,612 - INFO - [The Hindu] Early skip: URL https://www.thehindu.com/business/Economy/upi-stays-free-for-users-vast-majority-of-transactions-to-remain-free-for-merchants-as-well-says-government/article71323950.ece already exists.
2026-08-18 11:35:19,615 - INFO - [The Hindu] Article: https://www.thehindu.com/news/national/uttarakhand/chamoli-tunnel-accident-another-workers-body-found-death-toll-reaches-nine/article71360028.ece
2026-08-18 11:35:19,615 - INFO - [The Hindu] Attempt 1/1: Trying with 'selenium_browser' strategy...
2026-08-18 11:35:20,676 - INFO - [Economic Times] Page content loaded.
2026-08-18 11:35:20,908 - WARNING - [Economic Times] FAILED with 'selenium_browser' (content was too short: 83 words).
2026-08-18 11:35:20,911 - ERROR - [Economic Times] All scrape strategies failed for https://economictimes.indiatimes.com/markets/stocks/news/big-daddy-laps-up-cipla-after-q1-nos-beat-forecast/articleshow/6308646.cms. Falling back to RSS description.
2026-08-18 11:35:20,911 - WARNING - SKIPPED (GLOBAL WORD LIMIT): Article ''Big Daddy' laps up Cipla after Q1 nos beat forecast ' from Economic Times has only 20 words (Min: 90).
2026-08-18 11:35:21,768 - INFO - [Economic Times] Article: https://economictimes.indiatimes.com/markets/stocks/news/old-fox-has-dream-run-on-dalal-street/articleshow/6308631.cms
2026-08-18 11:35:21,768 - INFO - [Economic Times] Attempt 1/2: Trying with 'requests_browser' strategy...
2026-08-18 11:35:22,085 - ERROR - parsed tree length: 1, wrong data type or not valid HTML
2026-08-18 11:35:22,086 - ERROR - empty HTML tree: None
2026-08-18 11:35:22,086 - WARNING - discarding data: None
2026-08-18 11:35:22,086 - WARNING - [Economic Times] FAILED with 'requests_browser' (content was too short: 0 words).
2026-08-18 11:35:22,975 - INFO - [Economic Times] Article: https://economictimes.indiatimes.com/markets/stocks/news/old-fox-has-dream-run-on-dalal-street/articleshow/6308631.cms
2026-08-18 11:35:22,975 - INFO - [Economic Times] Attempt 2/2: Trying with 'selenium_browser' strategy...
2026-08-18 11:35:24,484 - INFO - [Economic Times] Page content loaded.
2026-08-18 11:35:24,679 - INFO - [Economic Times] Success with 'selenium_browser'. Found content (156 words).
2026-08-18 11:35:27,833 - ERROR - Error saving article Old Fox has dream run on Dalal Street - The Economic Times: Hrana: `stream error: `Error { message: "SQLite error: UNIQUE constraint failed: articles.url", code: "SQLITE_CONSTRAINT" }``
2026-08-18 11:35:28,777 - INFO - [Economic Times] Article: https://economictimes.indiatimes.com/markets/stocks/news/cairn-india-hits-record-high-on-bse-amid-stake-sale-talks/articleshow/6306679.cms
2026-08-18 11:35:28,777 - INFO - [Economic Times] Attempt 1/2: Trying with 'requests_browser' strategy...
2026-08-18 11:35:29,091 - ERROR - parsed tree length: 1, wrong data type or not valid HTML
2026-08-18 11:35:29,091 - ERROR - empty HTML tree: None
2026-08-18 11:35:29,091 - WARNING - discarding data: None
2026-08-18 11:35:29,091 - WARNING - [Economic Times] FAILED with 'requests_browser' (content was too short: 0 words).
2026-08-18 11:35:29,711 - INFO - [Economic Times] Article: https://economictimes.indiatimes.com/markets/stocks/news/cairn-india-hits-record-high-on-bse-amid-stake-sale-talks/articleshow/6306679.cms
2026-08-18 11:35:29,711 - INFO - [Economic Times] Attempt 2/2: Trying with 'selenium_browser' strategy...
2026-08-18 11:35:31,559 - INFO - [Economic Times] Page content loaded.
2026-08-18 11:35:31,680 - INFO - [Economic Times] Success with 'selenium_browser'. Found content (363 words).
2026-08-18 11:35:33,853 - WARNING - [The Hindu] Page get timed out (7s). Proceeding to grab partial source anyway.
2026-08-18 11:35:34,863 - ERROR - Error saving article Cairn India hits record high on BSE amid stake sale talks - The Economic Times: Hrana: `stream error: `Error { message: "SQLite error: UNIQUE constraint failed: articles.url", code: "SQLITE_CONSTRAINT" }``
2026-08-18 11:35:36,363 - INFO - [Economic Times] Article: https://economictimes.indiatimes.com/markets/stocks/news/vedanta-plunges-5-59-per-cent-on-lse-amid-talks-to-buy-cairn-stake/articleshow/6306526.cms
2026-08-18 11:35:36,363 - INFO - [Economic Times] Attempt 1/2: Trying with 'requests_browser' strategy...
2026-08-18 11:35:36,685 - ERROR - parsed tree length: 1, wrong data type or not valid HTML
2026-08-18 11:35:36,685 - ERROR - empty HTML tree: None
2026-08-18 11:35:36,685 - WARNING - discarding data: None
2026-08-18 11:35:36,685 - WARNING - [Economic Times] FAILED with 'requests_browser' (content was too short: 0 words).
2026-08-18 11:35:37,429 - INFO - [Economic Times] Article: https://economictimes.indiatimes.com/markets/stocks/news/vedanta-plunges-5-59-per-cent-on-lse-amid-talks-to-buy-cairn-stake/articleshow/6306526.cms
2026-08-18 11:35:37,429 - INFO - [Economic Times] Attempt 2/2: Trying with 'selenium_browser' strategy...
2026-08-18 11:35:38,971 - INFO - [Economic Times] Page content loaded.
2026-08-18 11:35:39,076 - INFO - [Economic Times] Success with 'selenium_browser'. Found content (397 words).
2026-08-18 11:35:42,248 - ERROR - Error saving article Cairn: Vedanta plunges 5.59 per cent on LSE amid talks to buy Cairn stake - The Economic Times: Hrana: `stream error: `Error { message: "SQLite error: UNIQUE constraint failed: articles.url", code: "SQLITE_CONSTRAINT" }``
2026-08-18 11:35:42,249 - WARNING - [The Hindu] Page explicit wait timed out (3s). Proceeding anyway.
2026-08-18 11:35:42,753 - INFO - [Economic Times] Article: https://economictimes.indiatimes.com/markets/stocks/news/sbi-shares-on-gaining-spree-hit-record-high/articleshow/6306241.cms
2026-08-18 11:35:42,754 - INFO - [Economic Times] Attempt 1/2: Trying with 'requests_browser' strategy...
2026-08-18 11:35:43,049 - ERROR - parsed tree length: 1, wrong data type or not valid HTML
2026-08-18 11:35:43,049 - ERROR - empty HTML tree: None
2026-08-18 11:35:43,049 - WARNING - discarding data: None
2026-08-18 11:35:43,049 - WARNING - [Economic Times] FAILED with 'requests_browser' (content was too short: 0 words).
2026-08-18 11:35:43,712 - INFO - [Economic Times] Article: https://economictimes.indiatimes.com/markets/stocks/news/sbi-shares-on-gaining-spree-hit-record-high/articleshow/6306241.cms
2026-08-18 11:35:43,712 - INFO - [Economic Times] Attempt 2/2: Trying with 'selenium_browser' strategy...
2026-08-18 11:35:45,187 - INFO - [Economic Times] Page content loaded.
2026-08-18 11:35:45,391 - WARNING - [Economic Times] FAILED with 'selenium_browser' (content was too short: 87 words).
2026-08-18 11:35:45,393 - ERROR - [Economic Times] All scrape strategies failed for https://economictimes.indiatimes.com/markets/stocks/news/sbi-shares-on-gaining-spree-hit-record-high/articleshow/6306241.cms. Falling back to RSS description.
2026-08-18 11:35:45,393 - WARNING - SKIPPED (GLOBAL WORD LIMIT): Article 'SBI shares on gaining spree; hit record high ' from Economic Times has only 28 words (Min: 90).
2026-08-18 11:35:46,145 - INFO - [Economic Times] Article: https://economictimes.indiatimes.com/fm-must-rethink/articleshow/5645094.cms
2026-08-18 11:35:46,145 - INFO - [Economic Times] Attempt 1/2: Trying with 'requests_browser' strategy...
2026-08-18 11:35:46,440 - ERROR - parsed tree length: 1, wrong data type or not valid HTML
2026-08-18 11:35:46,440 - ERROR - empty HTML tree: None
2026-08-18 11:35:46,440 - WARNING - discarding data: None
2026-08-18 11:35:46,440 - WARNING - [Economic Times] FAILED with 'requests_browser' (content was too short: 0 words).
2026-08-18 11:35:47,432 - INFO - [Economic Times] Article: https://economictimes.indiatimes.com/fm-must-rethink/articleshow/5645094.cms
2026-08-18 11:35:47,432 - INFO - [Economic Times] Attempt 2/2: Trying with 'selenium_browser' strategy...
2026-08-18 11:35:48,819 - INFO - [Economic Times] Page content loaded.
2026-08-18 11:35:48,936 - INFO - [Economic Times] Success with 'selenium_browser'. Found content (138 words).
2026-08-18 11:35:51,094 - ERROR - [The Hindu] Request failed for strategy 'selenium_browser' on URL https://www.thehindu.com/news/national/uttarakhand/chamoli-tunnel-accident-another-workers-body-found-death-toll-reaches-nine/article71360028.ece: Message: timeout: Timed out receiving message from renderer: 7.000
  (Session info: chrome=152.0.7977.42)
Stacktrace:
#0 0x55d3d92572ca <unknown>
#1 0x55d3d8bbab39 <unknown>
#2 0x55d3d8ba25bb <unknown>
#3 0x55d3d8ba2236 <unknown>
#4 0x55d3d8b9fe18 <unknown>
#5 0x55d3d8ba079f <unknown>
#6 0x55d3d8baf880 <unknown>
#7 0x55d3d8bc97b7 <unknown>
#8 0x55d3d8bd119b <unknown>
#9 0x55d3d8ba0ef9 <unknown>
#10 0x55d3d8bc9512 <unknown>
#11 0x55d3d8c58b26 <unknown>
#12 0x55d3d8c03ecb <unknown>
#13 0x55d3d8c04cb1 <unknown>
#14 0x55d3d921b7f0 <unknown>
#15 0x55d3d9219e6a <unknown>
#16 0x55d3d9204bb5 <unknown>
#17 0x55d3d921ab2a <unknown>
#18 0x55d3d91eddf0 <unknown>
#19 0x55d3d9242238 <unknown>
#20 0x55d3d92423d5 <unknown>
#21 0x55d3d9255e53 <unknown>
#22 0x7f30d8c9cb84 <unknown>
#23 0x7f30d8d29d6c <unknown>

2026-08-18 11:35:51,094 - ERROR - [The Hindu] All scrape strategies failed for https://www.thehindu.com/news/national/uttarakhand/chamoli-tunnel-accident-another-workers-body-found-death-toll-reaches-nine/article71360028.ece. Falling back to RSS description.
2026-08-18 11:35:51,094 - WARNING - SKIPPED (GLOBAL WORD LIMIT): Article 'Chamoli tunnel accident: Another worker's body found, death toll reaches nine' from The Hindu has only 26 words (Min: 90).
2026-08-18 11:35:52,094 - ERROR - Error saving article FM must rethink - The Economic Times: Hrana: `stream error: `Error { message: "SQLite error: UNIQUE constraint failed: articles.url", code: "SQLITE_CONSTRAINT" }``
2026-08-18 11:35:52,538 - INFO - [The Hindu] Article: https://www.thehindu.com/news/national/manipur/apprised-amit-shah-of-manipur-peoples-demand-for-nrc-before-census-biren-singh/article71359881.ece
2026-08-18 11:35:52,538 - INFO - [The Hindu] Attempt 1/1: Trying with 'selenium_browser' strategy...
2026-08-18 11:35:52,930 - INFO - [Economic Times] Article: https://economictimes.indiatimes.com/amalgamate-banks/articleshow/5645086.cms
2026-08-18 11:35:52,930 - INFO - [Economic Times] Attempt 1/2: Trying with 'requests_browser' strategy...
2026-08-18 11:35:53,226 - ERROR - parsed tree length: 1, wrong data type or not valid HTML
2026-08-18 11:35:53,226 - ERROR - empty HTML tree: None
2026-08-18 11:35:53,226 - WARNING - discarding data: None
2026-08-18 11:35:53,226 - WARNING - [Economic Times] FAILED with 'requests_browser' (content was too short: 0 words).
2026-08-18 11:35:54,030 - INFO - [Economic Times] Article: https://economictimes.indiatimes.com/amalgamate-banks/articleshow/5645086.cms
2026-08-18 11:35:54,030 - INFO - [Economic Times] Attempt 2/2: Trying with 'selenium_browser' strategy...
2026-08-18 11:35:55,976 - INFO - [Economic Times] Page content loaded.
2026-08-18 11:35:56,036 - INFO - [Economic Times] Success with 'selenium_browser'. Found content (243 words).
2026-08-18 11:35:59,147 - ERROR - Error saving article Amalgamate banks - The Economic Times: Hrana: `stream error: `Error { message: "SQLite error: UNIQUE constraint failed: articles.url", code: "SQLITE_CONSTRAINT" }``
2026-08-18 11:36:00,534 - INFO - [Economic Times] Article: https://economictimes.indiatimes.com/managing-data/articleshow/5117958.cms
2026-08-18 11:36:00,534 - INFO - [Economic Times] Attempt 1/2: Trying with 'requests_browser' strategy...
2026-08-18 11:36:00,839 - ERROR - parsed tree length: 1, wrong data type or not valid HTML
2026-08-18 11:36:00,839 - ERROR - empty HTML tree: None
2026-08-18 11:36:00,839 - WARNING - discarding data: None
2026-08-18 11:36:00,839 - WARNING - [Economic Times] FAILED with 'requests_browser' (content was too short: 0 words).
2026-08-18 11:36:01,427 - INFO - [Economic Times] Article: https://economictimes.indiatimes.com/managing-data/articleshow/5117958.cms
2026-08-18 11:36:01,427 - INFO - [Economic Times] Attempt 2/2: Trying with 'selenium_browser' strategy...
2026-08-18 11:36:03,192 - INFO - [Economic Times] Page content loaded.
2026-08-18 11:36:03,282 - INFO - [Economic Times] Success with 'selenium_browser'. Found content (119 words).
2026-08-18 11:36:06,396 - ERROR - Error saving article Managing data - The Economic Times: Hrana: `stream error: `Error { message: "SQLite error: UNIQUE constraint failed: articles.url", code: "SQLITE_CONSTRAINT" }``
2026-08-18 11:36:06,556 - WARNING - [The Hindu] Page get timed out (7s). Proceeding to grab partial source anyway.
2026-08-18 11:36:07,056 - INFO - [Economic Times] Article: https://economictimes.indiatimes.com/right-technology/articleshow/5117957.cms
2026-08-18 11:36:07,056 - INFO - [Economic Times] Attempt 1/2: Trying with 'requests_browser' strategy...
2026-08-18 11:36:07,385 - ERROR - parsed tree length: 1, wrong data type or not valid HTML
2026-08-18 11:36:07,385 - ERROR - empty HTML tree: None
2026-08-18 11:36:07,385 - WARNING - discarding data: None
2026-08-18 11:36:07,385 - WARNING - [Economic Times] FAILED with 'requests_browser' (content was too short: 0 words).
2026-08-18 11:36:08,237 - INFO - [Economic Times] Article: https://economictimes.indiatimes.com/right-technology/articleshow/5117957.cms
2026-08-18 11:36:08,237 - INFO - [Economic Times] Attempt 2/2: Trying with 'selenium_browser' strategy...
2026-08-18 11:36:10,377 - INFO - [Economic Times] Page content loaded.
2026-08-18 11:36:10,465 - INFO - [Economic Times] Success with 'selenium_browser'. Found content (114 words).
2026-08-18 11:36:13,568 - ERROR - Error saving article Right technology - The Economic Times: Hrana: `stream error: `Error { message: "SQLite error: UNIQUE constraint failed: articles.url", code: "SQLITE_CONSTRAINT" }``
2026-08-18 11:36:13,568 - WARNING - [The Hindu] Page explicit wait timed out (3s). Proceeding anyway.
2026-08-18 11:36:14,881 - INFO - [Economic Times] Article: https://economictimes.indiatimes.com/et-search/articleshow/21646857.cms
2026-08-18 11:36:14,881 - INFO - [Economic Times] Attempt 1/2: Trying with 'requests_browser' strategy...
2026-08-18 11:36:15,171 - ERROR - parsed tree length: 1, wrong data type or not valid HTML
2026-08-18 11:36:15,171 - ERROR - empty HTML tree: None
2026-08-18 11:36:15,171 - WARNING - discarding data: None
2026-08-18 11:36:15,171 - WARNING - [Economic Times] FAILED with 'requests_browser' (content was too short: 0 words).
2026-08-18 11:36:16,011 - INFO - [Economic Times] Article: https://economictimes.indiatimes.com/et-search/articleshow/21646857.cms
2026-08-18 11:36:16,011 - INFO - [Economic Times] Attempt 2/2: Trying with 'selenium_browser' strategy...
2026-08-18 11:36:17,923 - INFO - [Economic Times] Page content loaded.
2026-08-18 11:36:18,018 - WARNING - [Economic Times] FAILED with 'selenium_browser' (content was too short: 44 words).
2026-08-18 11:36:18,019 - ERROR - [Economic Times] All scrape strategies failed for https://economictimes.indiatimes.com/et-search/articleshow/21646857.cms. Falling back to RSS description.
2026-08-18 11:36:18,019 - WARNING - SKIPPED (GLOBAL WORD LIMIT): Article 'ET Search ' from Economic Times has only 3 words (Min: 90).
2026-08-18 11:36:19,048 - INFO - [Economic Times] Article: https://economictimes.indiatimes.com/after-the-oscars-whats-next-for-silent-stars-of-the-artist/articleshow/12075465.cms
2026-08-18 11:36:19,048 - INFO - [Economic Times] Attempt 1/2: Trying with 'requests_browser' strategy...
2026-08-18 11:36:19,368 - ERROR - parsed tree length: 1, wrong data type or not valid HTML
2026-08-18 11:36:19,368 - ERROR - empty HTML tree: None
2026-08-18 11:36:19,368 - WARNING - discarding data: None
2026-08-18 11:36:19,368 - WARNING - [Economic Times] FAILED with 'requests_browser' (content was too short: 0 words).
2026-08-18 11:36:19,975 - CRITICAL - --- TIMEOUT: 2 scrape jobs did not complete in 420s. ---
2026-08-18 11:36:19,975 - ERROR - A thread has timed out and will be abandoned.
2026-08-18 11:36:19,975 - ERROR - A thread has timed out and will be abandoned.
2026-08-18 11:36:19,975 - INFO - Shutting down thread pool (wait=False)...
2026-08-18 11:36:19,975 - INFO - Scraped: 4 NDTV, 8 Times of India, 0 TechCrunch, 0 Indian Express, 0 BBC, 5 Al Jazeera, 2 Wired, 2 Timed_Out_Jobs articles. (Total saved: 19)
2026-08-18 11:36:19,975 - INFO - --- Scraping job finished ---
2026-08-18 11:36:19,975 - INFO - --- Scraper service stopped. ---
2026-08-18 11:36:19,975 - INFO - --- Main thread finished. Forcing process exit to kill zombie threads. ---
