2026-08-11 17:29:23,732 - INFO - Loading AI Semantic Model (all-MiniLM-L6-v2)...
2026-08-11 17:29:23,733 - INFO - No device provided, using cpu
2026-08-11 17:29:23,855 - INFO - HTTP Request: GET https://huggingface.co/api/agent-harnesses "HTTP/1.1 200 OK"
2026-08-11 17:29:23,921 - INFO - HTTP Request: HEAD https://huggingface.co/sentence-transformers/all-MiniLM-L6-v2/resolve/main/modules.json "HTTP/1.1 307 Temporary Redirect"
2026-08-11 17:29:23,922 - WARNING - Warning: You are sending unauthenticated requests to the HF Hub. Please set a HF_TOKEN to enable higher rate limits and faster downloads.
2026-08-11 17:29:23,937 - INFO - HTTP Request: HEAD https://huggingface.co/api/resolve-cache/models/sentence-transformers/all-MiniLM-L6-v2/1110a243fdf4706b3f48f1d95db1a4f5529b4d41/modules.json "HTTP/1.1 200 OK"
2026-08-11 17:29:24,005 - INFO - HTTP Request: HEAD https://huggingface.co/sentence-transformers/all-MiniLM-L6-v2/resolve/main/config_sentence_transformers.json "HTTP/1.1 307 Temporary Redirect"
2026-08-11 17:29:24,019 - INFO - HTTP Request: HEAD https://huggingface.co/api/resolve-cache/models/sentence-transformers/all-MiniLM-L6-v2/1110a243fdf4706b3f48f1d95db1a4f5529b4d41/config_sentence_transformers.json "HTTP/1.1 200 OK"
2026-08-11 17:29:24,020 - INFO - Loading SentenceTransformer model from sentence-transformers/all-MiniLM-L6-v2.
2026-08-11 17:29:24,085 - INFO - HTTP Request: HEAD https://huggingface.co/sentence-transformers/all-MiniLM-L6-v2/resolve/main/config_sentence_transformers.json "HTTP/1.1 307 Temporary Redirect"
2026-08-11 17:29:24,098 - INFO - HTTP Request: HEAD https://huggingface.co/api/resolve-cache/models/sentence-transformers/all-MiniLM-L6-v2/1110a243fdf4706b3f48f1d95db1a4f5529b4d41/config_sentence_transformers.json "HTTP/1.1 200 OK"
2026-08-11 17:29:24,165 - INFO - HTTP Request: HEAD https://huggingface.co/sentence-transformers/all-MiniLM-L6-v2/resolve/main/README.md "HTTP/1.1 307 Temporary Redirect"
2026-08-11 17:29:24,179 - INFO - HTTP Request: HEAD https://huggingface.co/api/resolve-cache/models/sentence-transformers/all-MiniLM-L6-v2/1110a243fdf4706b3f48f1d95db1a4f5529b4d41/README.md "HTTP/1.1 200 OK"
2026-08-11 17:29:24,193 - INFO - HTTP Request: GET https://huggingface.co/api/resolve-cache/models/sentence-transformers/all-MiniLM-L6-v2/1110a243fdf4706b3f48f1d95db1a4f5529b4d41/README.md "HTTP/1.1 200 OK"
2026-08-11 17:29:24,260 - INFO - HTTP Request: HEAD https://huggingface.co/sentence-transformers/all-MiniLM-L6-v2/resolve/main/modules.json "HTTP/1.1 307 Temporary Redirect"
2026-08-11 17:29:24,274 - INFO - HTTP Request: HEAD https://huggingface.co/api/resolve-cache/models/sentence-transformers/all-MiniLM-L6-v2/1110a243fdf4706b3f48f1d95db1a4f5529b4d41/modules.json "HTTP/1.1 200 OK"
2026-08-11 17:29:24,339 - INFO - HTTP Request: HEAD https://huggingface.co/sentence-transformers/all-MiniLM-L6-v2/resolve/main/sentence_bert_config.json "HTTP/1.1 307 Temporary Redirect"
2026-08-11 17:29:24,353 - INFO - HTTP Request: HEAD https://huggingface.co/api/resolve-cache/models/sentence-transformers/all-MiniLM-L6-v2/1110a243fdf4706b3f48f1d95db1a4f5529b4d41/sentence_bert_config.json "HTTP/1.1 200 OK"
2026-08-11 17:29:24,435 - INFO - HTTP Request: HEAD https://huggingface.co/sentence-transformers/all-MiniLM-L6-v2/resolve/main/adapter_config.json "HTTP/1.1 404 Not Found"
2026-08-11 17:29:24,503 - INFO - HTTP Request: HEAD https://huggingface.co/sentence-transformers/all-MiniLM-L6-v2/resolve/main/config.json "HTTP/1.1 307 Temporary Redirect"
2026-08-11 17:29:24,517 - INFO - HTTP Request: HEAD https://huggingface.co/api/resolve-cache/models/sentence-transformers/all-MiniLM-L6-v2/1110a243fdf4706b3f48f1d95db1a4f5529b4d41/config.json "HTTP/1.1 200 OK"
2026-08-11 17:29:24,629 - INFO - HTTP Request: HEAD https://huggingface.co/sentence-transformers/all-MiniLM-L6-v2/resolve/main/model.safetensors "HTTP/1.1 302 Found"
2026-08-11 17:29:24,820 - INFO - HTTP Request: HEAD https://huggingface.co/sentence-transformers/all-MiniLM-L6-v2/resolve/main/processor_config.json "HTTP/1.1 404 Not Found"
2026-08-11 17:29:24,893 - INFO - HTTP Request: HEAD https://huggingface.co/sentence-transformers/all-MiniLM-L6-v2/resolve/main/preprocessor_config.json "HTTP/1.1 404 Not Found"
2026-08-11 17:29:24,961 - INFO - HTTP Request: HEAD https://huggingface.co/sentence-transformers/all-MiniLM-L6-v2/resolve/main/video_preprocessor_config.json "HTTP/1.1 404 Not Found"
2026-08-11 17:29:25,031 - INFO - HTTP Request: HEAD https://huggingface.co/sentence-transformers/all-MiniLM-L6-v2/resolve/main/preprocessor_config.json "HTTP/1.1 404 Not Found"
2026-08-11 17:29:25,099 - INFO - HTTP Request: HEAD https://huggingface.co/sentence-transformers/all-MiniLM-L6-v2/resolve/main/tokenizer_config.json "HTTP/1.1 307 Temporary Redirect"
2026-08-11 17:29:25,113 - INFO - HTTP Request: HEAD https://huggingface.co/api/resolve-cache/models/sentence-transformers/all-MiniLM-L6-v2/1110a243fdf4706b3f48f1d95db1a4f5529b4d41/tokenizer_config.json "HTTP/1.1 200 OK"
2026-08-11 17:29:25,181 - INFO - HTTP Request: HEAD https://huggingface.co/sentence-transformers/all-MiniLM-L6-v2/resolve/main/config.json "HTTP/1.1 307 Temporary Redirect"
2026-08-11 17:29:25,194 - INFO - HTTP Request: HEAD https://huggingface.co/api/resolve-cache/models/sentence-transformers/all-MiniLM-L6-v2/1110a243fdf4706b3f48f1d95db1a4f5529b4d41/config.json "HTTP/1.1 200 OK"
2026-08-11 17:29:25,264 - INFO - HTTP Request: HEAD https://huggingface.co/sentence-transformers/all-MiniLM-L6-v2/resolve/main/config.json "HTTP/1.1 307 Temporary Redirect"
2026-08-11 17:29:25,279 - INFO - HTTP Request: HEAD https://huggingface.co/api/resolve-cache/models/sentence-transformers/all-MiniLM-L6-v2/1110a243fdf4706b3f48f1d95db1a4f5529b4d41/config.json "HTTP/1.1 200 OK"
2026-08-11 17:29:25,348 - INFO - HTTP Request: HEAD https://huggingface.co/sentence-transformers/all-MiniLM-L6-v2/resolve/main/tokenizer_config.json "HTTP/1.1 307 Temporary Redirect"
2026-08-11 17:29:25,362 - INFO - HTTP Request: HEAD https://huggingface.co/api/resolve-cache/models/sentence-transformers/all-MiniLM-L6-v2/1110a243fdf4706b3f48f1d95db1a4f5529b4d41/tokenizer_config.json "HTTP/1.1 200 OK"
2026-08-11 17:29:25,438 - INFO - HTTP Request: GET https://huggingface.co/api/models/sentence-transformers/all-MiniLM-L6-v2/tree/main/additional_chat_templates?recursive=false&expand=false "HTTP/1.1 404 Not Found"
2026-08-11 17:29:25,509 - INFO - HTTP Request: GET https://huggingface.co/api/models/sentence-transformers/all-MiniLM-L6-v2/tree/main?recursive=true&expand=false "HTTP/1.1 200 OK"
2026-08-11 17:29:25,576 - INFO - HTTP Request: HEAD https://huggingface.co/sentence-transformers/all-MiniLM-L6-v2/resolve/main/vocab.txt "HTTP/1.1 307 Temporary Redirect"
2026-08-11 17:29:25,591 - INFO - HTTP Request: HEAD https://huggingface.co/api/resolve-cache/models/sentence-transformers/all-MiniLM-L6-v2/1110a243fdf4706b3f48f1d95db1a4f5529b4d41/vocab.txt "HTTP/1.1 200 OK"
2026-08-11 17:29:25,658 - INFO - HTTP Request: HEAD https://huggingface.co/sentence-transformers/all-MiniLM-L6-v2/resolve/main/tokenizer.json "HTTP/1.1 307 Temporary Redirect"
2026-08-11 17:29:25,673 - INFO - HTTP Request: HEAD https://huggingface.co/api/resolve-cache/models/sentence-transformers/all-MiniLM-L6-v2/1110a243fdf4706b3f48f1d95db1a4f5529b4d41/tokenizer.json "HTTP/1.1 200 OK"
2026-08-11 17:29:25,748 - INFO - HTTP Request: HEAD https://huggingface.co/sentence-transformers/all-MiniLM-L6-v2/resolve/main/added_tokens.json "HTTP/1.1 404 Not Found"
2026-08-11 17:29:25,816 - INFO - HTTP Request: HEAD https://huggingface.co/sentence-transformers/all-MiniLM-L6-v2/resolve/main/special_tokens_map.json "HTTP/1.1 307 Temporary Redirect"
2026-08-11 17:29:25,831 - INFO - HTTP Request: HEAD https://huggingface.co/api/resolve-cache/models/sentence-transformers/all-MiniLM-L6-v2/1110a243fdf4706b3f48f1d95db1a4f5529b4d41/special_tokens_map.json "HTTP/1.1 200 OK"
2026-08-11 17:29:25,902 - INFO - HTTP Request: HEAD https://huggingface.co/sentence-transformers/all-MiniLM-L6-v2/resolve/main/chat_template.jinja "HTTP/1.1 404 Not Found"
2026-08-11 17:29:26,006 - INFO - HTTP Request: HEAD https://huggingface.co/sentence-transformers/all-MiniLM-L6-v2/resolve/main/1_Pooling/config.json "HTTP/1.1 307 Temporary Redirect"
2026-08-11 17:29:26,019 - INFO - HTTP Request: HEAD https://huggingface.co/api/resolve-cache/models/sentence-transformers/all-MiniLM-L6-v2/1110a243fdf4706b3f48f1d95db1a4f5529b4d41/1_Pooling%2Fconfig.json "HTTP/1.1 200 OK"
2026-08-11 17:29:26,094 - INFO - HTTP Request: GET https://huggingface.co/api/models/sentence-transformers/all-MiniLM-L6-v2 "HTTP/1.1 200 OK"
2026-08-11 17:29:26,097 - INFO - AI Model loaded successfully.
2026-08-11 17:29:26,097 - INFO - --- Scraper service started (CI Mode: Run Once) ---
2026-08-11 17:29:26,097 - INFO - --- Starting new scraping job (Parallel Mode) ---
2026-08-11 17:29:26,097 - INFO - Connecting to SQLite database...
2026-08-11 17:29:31,873 - INFO - Pre-calculating embeddings for 439 cached articles...
2026-08-11 17:29:57,700 - INFO - Cache built: 5268 URLs. Current MAX_ID: 101694
2026-08-11 17:29:57,701 - INFO - Creating new robust session with 3 retries on 5xx/connection/read errors.
2026-08-11 17:29:57,701 - INFO - Proxy is DISABLED.
2026-08-11 17:29:57,702 - INFO - [BBC] (Thread) requires Selenium. Initializing driver...
2026-08-11 17:29:57,702 - INFO - [Times of India] (Thread) requires Selenium. Initializing driver...
2026-08-11 17:29:57,702 - INFO - [The Hindu] (Thread) requires Selenium. Initializing driver...
2026-08-11 17:29:57,703 - INFO - [Al Jazeera] (Thread) requires Selenium. Initializing driver...
2026-08-11 17:29:57,703 - INFO - Starting scrape for TechCrunch RSS feed: https://techcrunch.com/feed/
2026-08-11 17:29:57,703 - INFO - [Economic Times] (Thread) requires Selenium. Initializing driver...
2026-08-11 17:29:57,704 - INFO - [Wired] (Thread) requires Selenium. Initializing driver...
2026-08-11 17:29:57,704 - INFO - [NDTV] (Thread) requires Selenium. Initializing driver...
2026-08-11 17:29:57,704 - INFO - [Indian Express] (Thread) requires Selenium. Initializing driver...
2026-08-11 17:29:57,704 - INFO - Submitted 9 jobs to thread pool. Waiting up to 420s for completion...
2026-08-11 17:29:59,167 - INFO - Found 0 articles in TechCrunch RSS feed. Processing until 8 new articles are saved.
2026-08-11 17:29:59,411 - INFO - Selenium driver initialized successfully (Eager load strategy, 7s timeout).
2026-08-11 17:29:59,412 - INFO - Starting scrape for NDTV RSS feed: https://feeds.feedburner.com/ndtvnews-top-stories
2026-08-11 17:29:59,898 - INFO - Selenium driver initialized successfully (Eager load strategy, 7s timeout).
2026-08-11 17:29:59,898 - INFO - Starting scrape for The Hindu RSS feed: https://www.thehindu.com/news/national/feeder/default.rss
2026-08-11 17:29:59,950 - INFO - Found 20 articles in NDTV RSS feed. Processing until 10 new articles are saved.
2026-08-11 17:29:59,951 - INFO - [NDTV] Early skip: URL https://www.ndtv.com/india-news/7-passed-in-36-minutes-monsoon-session-saw-many-bills-but-no-question-hour-11896222#publisher=newsstand already exists.
2026-08-11 17:29:59,953 - INFO - [NDTV] Early skip: URL https://www.ndtv.com/india-news/delhi-woman-run-over-by-bmw-on-way-home-after-work-driver-arrested-11896112#publisher=newsstand already exists.
2026-08-11 17:29:59,954 - INFO - [NDTV] Early skip: URL https://www.ndtv.com/india-news/girl-14-dragged-into-sugarcane-field-gang-raped-while-grazing-goats-in-ups-bareilly-11895722#publisher=newsstand already exists.
2026-08-11 17:29:59,959 - INFO - [NDTV] Early skip: URL https://www.ndtv.com/world-news/video-colombia-earthquake-people-flee-collapsing-building-as-earthquake-kills-132-in-colombia-11892624#publisher=newsstand already exists.
2026-08-11 17:29:59,961 - INFO - [NDTV] Early skip: URL https://www.ndtv.com/india-news/arunachal-pradesh-india-china-mea-china-incursion-state-of-border-will-reflect-state-of-ties-india-warns-china-on-arunachal-11895198#publisher=newsstand already exists.
2026-08-11 17:29:59,962 - INFO - [NDTV] Early skip: URL https://www.ndtv.com/india-news/raid-exposes-filth-in-zeptos-bengaluru-warehouse-extremely-unhygienic-11895677#publisher=newsstand already exists.
2026-08-11 17:29:59,964 - INFO - [NDTV] Early skip: URL https://www.ndtv.com/india-news/madhya-pradesh-uses-rs-30-of-every-fresh-rs-100-borrowed-on-old-debt-11895865#publisher=newsstand already exists.
2026-08-11 17:29:59,966 - INFO - [NDTV] Early skip: URL https://www.ndtv.com/world-news/no-sensitive-data-sent-to-china-uk-defence-ministry-on-navy-drone-scare-11895799#publisher=newsstand already exists.
2026-08-11 17:29:59,967 - INFO - [NDTV] Early skip: URL https://www.ndtv.com/india-news/mp-parameswaran-known-for-controversial-fourth-world-theory-dies-at-91-11894954#publisher=newsstand already exists.
2026-08-11 17:29:59,968 - INFO - [NDTV] Early skip: URL https://www.ndtv.com/india-news/president-droupadi-murmu-gives-assent-to-bill-criminalising-insult-to-vande-mataram-11895754#publisher=newsstand already exists.
2026-08-11 17:29:59,970 - INFO - [NDTV] Early skip: URL https://www.ndtv.com/india-news/himanta-sarma-says-will-visit-alappuzha-temple-after-kerala-villagers-appeal-11895708#publisher=newsstand already exists.
2026-08-11 17:29:59,971 - INFO - [NDTV] Early skip: URL https://www.ndtv.com/india-news/unmarked-survey-forms-to-bengal-madrasas-seek-details-on-funding-alumni-11895377#publisher=newsstand already exists.
2026-08-11 17:29:59,973 - INFO - [NDTV] Early skip: URL https://www.ndtv.com/india-news/aap-mlas-protest-with-rice-bags-in-delhi-assembly-to-flag-scam-bjp-replies-11895423#publisher=newsstand already exists.
2026-08-11 17:29:59,974 - INFO - [NDTV] Early skip: URL https://www.ndtv.com/world-news/lebanon-becomes-1st-middle-east-nation-to-formally-abolish-death-penalty-11895342#publisher=newsstand already exists.
2026-08-11 17:29:59,976 - INFO - [NDTV] Early skip: URL https://www.ndtv.com/india-news/police-on-why-2-children-were-murdered-in-bengaluru-5-star-hotel-custody-battle-11895067#publisher=newsstand already exists.
2026-08-11 17:29:59,980 - INFO - [NDTV] Early skip: URL https://www.ndtv.com/india-news/i-thank-all-those-who-stood-by-me-gautam-adani-after-us-court-relief-11895191#publisher=newsstand already exists.
2026-08-11 17:29:59,985 - INFO - [NDTV] Early skip: URL https://www.ndtv.com/india-news/who-was-khudiram-bose-one-of-indias-youngest-freedom-fighters-hanged-at-18-11894793#publisher=newsstand already exists.
2026-08-11 17:29:59,987 - INFO - [NDTV] Early skip: URL https://www.ndtv.com/india-news/analysis-five-reasons-a-bjp-akali-reunion-will-not-be-easy-11895170#publisher=newsstand already exists.
2026-08-11 17:30:00,012 - INFO - [NDTV] Early skip: URL https://www.ndtv.com/india-news/rajya-sabha-passes-bill-to-set-up-panel-to-appoint-chiefs-members-of-tribunals-11894709#publisher=newsstand already exists.
2026-08-11 17:30:00,013 - INFO - [NDTV] Early skip: URL https://www.ndtv.com/india-news/going-to-kashi-will-merge-with-god-kerala-student-missing-note-found-11895055#publisher=newsstand already exists.
2026-08-11 17:30:00,019 - INFO - [NDTV] (Thread) Finished. Attempting to shut down its Selenium driver.
2026-08-11 17:30:00,184 - INFO - Selenium driver initialized successfully (Eager load strategy, 7s timeout).
2026-08-11 17:30:00,184 - INFO - Starting scrape for Indian Express RSS feed: https://indianexpress.com/feed/
2026-08-11 17:30:00,231 - INFO - Selenium driver initialized successfully (Eager load strategy, 7s timeout).
2026-08-11 17:30:00,232 - INFO - Selenium driver initialized successfully (Eager load strategy, 7s timeout).
2026-08-11 17:30:00,232 - INFO - Starting scrape for BBC RSS feed: http://feeds.bbci.co.uk/news/world/rss.xml
2026-08-11 17:30:00,232 - INFO - Starting scrape for Economic Times RSS feed: https://economictimes.indiatimes.com/rssfeedsdefault.cms
2026-08-11 17:30:00,232 - INFO - [NDTV] (Thread) driver.quit() successful.
2026-08-11 17:30:00,248 - INFO - Selenium driver initialized successfully (Eager load strategy, 7s timeout).
2026-08-11 17:30:00,248 - INFO - Starting scrape for Al Jazeera RSS feed: https://www.aljazeera.com/xml/rss/all.xml
2026-08-11 17:30:00,269 - INFO - Found 60 articles in The Hindu RSS feed. Processing until 20 new articles are saved.
2026-08-11 17:30:00,269 - INFO - [The Hindu] Early skip: URL https://www.thehindu.com/news/national/karnataka/pre-marital-counselling-launched-at-178-santwana-kendras-in-karnataka/article71329145.ece already exists.
2026-08-11 17:30:00,271 - INFO - [The Hindu] Early skip: URL https://www.thehindu.com/news/national/zealots-appear-to-have-overlooked-human-nature-tharoor-slams-govts-vande-mataram-move/article71332085.ece already exists.
2026-08-11 17:30:00,272 - INFO - [The Hindu] Article: https://www.thehindu.com/news/national/karnataka/hotels-dhabas-asked-to-tighten-food-safety-and-hygiene-standards/article71333350.ece
2026-08-11 17:30:00,273 - INFO - [The Hindu] Attempt 1/1: Trying with 'selenium_browser' strategy...
2026-08-11 17:30:00,318 - INFO - Selenium driver initialized successfully (Eager load strategy, 7s timeout).
2026-08-11 17:30:00,321 - INFO - Starting scrape for Wired RSS feed: https://www.wired.com/feed/rss
2026-08-11 17:30:00,328 - INFO - Selenium driver initialized successfully (Eager load strategy, 7s timeout).
2026-08-11 17:30:00,328 - INFO - Starting scrape for Times of India RSS feed: https://timesofindia.indiatimes.com/rssfeeds/296589292.cms
2026-08-11 17:30:00,503 - INFO - Found 25 articles in Al Jazeera RSS feed. Processing until 8 new articles are saved.
2026-08-11 17:30:00,503 - INFO - [Al Jazeera] Article: https://www.aljazeera.com/news/2026/8/11/russia-frees-ex-us-marine-robert-gilman-from-detention?traffic_source=rss
2026-08-11 17:30:00,503 - INFO - [Al Jazeera] Attempt 1/2: Trying with 'requests_browser' strategy...
2026-08-11 17:30:00,506 - INFO - Found 25 articles in BBC RSS feed. Processing until 10 new articles are saved.
2026-08-11 17:30:00,506 - INFO - [BBC] Early skip: URL https://www.bbc.co.uk/news/articles/cm2g90vvy62o?at_medium=RSS&at_campaign=rss already exists.
2026-08-11 17:30:00,507 - INFO - [BBC] Early skip: URL https://www.bbc.co.uk/news/articles/c151dpzwnvxo?at_medium=RSS&at_campaign=rss already exists.
2026-08-11 17:30:00,508 - INFO - [BBC] Early skip: URL https://www.bbc.co.uk/news/articles/ce34dkpnyg7o?at_medium=RSS&at_campaign=rss already exists.
2026-08-11 17:30:00,510 - INFO - [BBC] Early skip: URL https://www.bbc.co.uk/news/articles/cvgj4m8e1ryo?at_medium=RSS&at_campaign=rss already exists.
2026-08-11 17:30:00,511 - INFO - [BBC] Early skip: URL https://www.bbc.co.uk/news/videos/cwyl3w1e6zxo?at_medium=RSS&at_campaign=rss already exists.
2026-08-11 17:30:00,514 - INFO - [BBC] Early skip: URL https://www.bbc.co.uk/news/articles/c8enj8p1xwgo?at_medium=RSS&at_campaign=rss already exists.
2026-08-11 17:30:00,515 - INFO - [BBC] Early skip: URL https://www.bbc.co.uk/news/articles/cy5d11g72ppo?at_medium=RSS&at_campaign=rss already exists.
2026-08-11 17:30:00,516 - INFO - [BBC] Early skip: URL https://www.bbc.co.uk/news/articles/cgje05wd1v4o?at_medium=RSS&at_campaign=rss already exists.
2026-08-11 17:30:00,517 - INFO - [BBC] Early skip: URL https://www.bbc.co.uk/news/articles/ckg9wpmzmlno?at_medium=RSS&at_campaign=rss already exists.
2026-08-11 17:30:00,519 - INFO - [BBC] Early skip: URL https://www.bbc.co.uk/news/articles/cm2g550v0pvo?at_medium=RSS&at_campaign=rss already exists.
2026-08-11 17:30:00,520 - INFO - [BBC] Early skip: URL https://www.bbc.co.uk/news/articles/cp308z9pl30o?at_medium=RSS&at_campaign=rss already exists.
2026-08-11 17:30:00,521 - INFO - [BBC] Early skip: URL https://www.bbc.co.uk/news/articles/c0jl6ewvq42o?at_medium=RSS&at_campaign=rss already exists.
2026-08-11 17:30:00,522 - INFO - [BBC] Early skip: URL https://www.bbc.co.uk/news/articles/cj6307x3wdgo?at_medium=RSS&at_campaign=rss already exists.
2026-08-11 17:30:00,523 - INFO - [BBC] Early skip: URL https://www.bbc.co.uk/news/articles/ce3q5vl581wo?at_medium=RSS&at_campaign=rss already exists.
2026-08-11 17:30:00,525 - INFO - [BBC] Early skip: URL https://www.bbc.co.uk/news/videos/cjd48zkg5n9o?at_medium=RSS&at_campaign=rss already exists.
2026-08-11 17:30:00,526 - INFO - [BBC] Early skip: URL https://www.bbc.co.uk/news/articles/c62vj8eywdlo?at_medium=RSS&at_campaign=rss already exists.
2026-08-11 17:30:00,527 - INFO - [BBC] Early skip: URL https://www.bbc.co.uk/news/articles/cx2lwpzz6qjo?at_medium=RSS&at_campaign=rss already exists.
2026-08-11 17:30:00,528 - INFO - [BBC] Early skip: URL https://www.bbc.co.uk/sport/basketball/articles/ckg3enx6rj6o?at_medium=RSS&at_campaign=rss already exists.
2026-08-11 17:30:00,530 - INFO - [BBC] Early skip: URL https://www.bbc.co.uk/news/articles/cn9n8pqglg4o?at_medium=RSS&at_campaign=rss already exists.
2026-08-11 17:30:00,531 - INFO - [BBC] Early skip: URL https://www.bbc.co.uk/news/articles/cvgxjn92x9jo?at_medium=RSS&at_campaign=rss already exists.
2026-08-11 17:30:00,532 - INFO - [BBC] Early skip: URL https://www.bbc.co.uk/news/articles/c9q94lxqrzzo?at_medium=RSS&at_campaign=rss already exists.
2026-08-11 17:30:00,533 - INFO - [BBC] Early skip: URL https://www.bbc.co.uk/news/videos/cj3672ljgzro?at_medium=RSS&at_campaign=rss already exists.
2026-08-11 17:30:00,535 - INFO - [BBC] Article: https://www.bbc.co.uk/news/videos/c5y3vzvnnkro?at_medium=RSS&at_campaign=rss
2026-08-11 17:30:00,535 - INFO - [BBC] Attempt 1/2: Trying with 'requests_browser' strategy...
2026-08-11 17:30:00,616 - ERROR - Failed to fetch Indian Express RSS feed: 403 Client Error: Forbidden for url: https://indianexpress.com/feed/
2026-08-11 17:30:00,617 - INFO - [Indian Express] (Thread) Finished. Attempting to shut down its Selenium driver.
2026-08-11 17:30:00,624 - INFO - [Al Jazeera] Success with 'requests_browser'. Found content (554 words).
2026-08-11 17:30:00,656 - INFO - Found 50 articles in Wired RSS feed. Processing until 10 new articles are saved.
2026-08-11 17:30:00,656 - INFO - [Wired] Early skip: URL https://www.wired.com/review/razer-naga-v3-pro/ already exists.
2026-08-11 17:30:00,668 - INFO - [Wired] Early skip: URL https://www.wired.com/story/ai-could-help-fossil-fuel-companies-create-more-emissions/ already exists.
2026-08-11 17:30:00,669 - INFO - [Wired] Early skip: URL https://www.wired.com/story/a-zoom-screen-sharing-bug-let-anyone-take-over-other-devices-on-a-call/ already exists.
2026-08-11 17:30:00,678 - INFO - [Wired] Article: https://www.wired.com/story/led-face-masks-and-red-light-therapy/
2026-08-11 17:30:00,678 - INFO - [Wired] Attempt 1/2: Trying with 'requests_browser' strategy...
2026-08-11 17:30:00,697 - INFO - Found 20 articles in Times of India RSS feed. Processing until 20 new articles are saved.
2026-08-11 17:30:00,697 - INFO - [Times of India] Article: https://timesofindia.indiatimes.com/world/us/quote-of-the-day-by-kobe-bryant-i-have-nothing-in-common-with-lazy-people-who-blame-others-for-a-blunt-lesson-on-accountability-effort-and-refusing-to-make-excuses/articleshow/133161188.cms
2026-08-11 17:30:00,698 - INFO - [Times of India] Attempt 1/1: Trying with 'selenium_browser' strategy...
2026-08-11 17:30:00,710 - INFO - [Indian Express] (Thread) driver.quit() successful.
2026-08-11 17:30:00,815 - INFO - DEDUPLICATION: Found match (Score: 0.85). Linking to Cluster ID: f9b70785-ba53-4be1-a2db-e11c721c8318
2026-08-11 17:30:04,171 - INFO - >>> SUCCESSFULLY SAVED [ID: 101695] - Russia frees ex-US Marine Robert Gilman from detention | Human Rights News | Al Jazeera from Al Jazeera (554 words)
2026-08-11 17:30:04,266 - INFO - Found 76 articles in Economic Times RSS feed. Processing until 20 new articles are saved.
2026-08-11 17:30:04,266 - INFO - [Economic Times] Early skip: URL https://economictimes.indiatimes.com/markets/stocks/news/jupiter-wagons-shares-rally-4-after-rs-211-crore-order-wins-rs-400-crore-bess-project/articleshow/133144988.cms already exists.
2026-08-11 17:30:04,270 - INFO - [Economic Times] Early skip: URL https://economictimes.indiatimes.com/markets/stocks/news/aarti-pharmalabs-shares-rally-over-33-in-two-days-post-q1-results-what-is-driving-the-surge/articleshow/133144352.cms already exists.
2026-08-11 17:30:04,272 - INFO - [Economic Times] Early skip: URL https://economictimes.indiatimes.com/markets/stocks/news/oil-india-shares-jump-over-5-what-made-emkay-upgrade-the-stock-after-q1-results/articleshow/133143729.cms already exists.
2026-08-11 17:30:04,275 - INFO - [Economic Times] Early skip: URL https://economictimes.indiatimes.com/markets/stocks/news/jubilant-pharmova-shares-decline-6-after-q1-profits-falls-45-yoy/articleshow/133143391.cms already exists.
2026-08-11 17:30:04,277 - INFO - [Economic Times] Early skip: URL https://economictimes.indiatimes.com/markets/stocks/news/pc-jeweller-share-price-jumps-6-as-q1fy27-profit-surges-37-yoy-revenue-up-21/articleshow/133143035.cms already exists.
2026-08-11 17:30:04,278 - INFO - [Economic Times] Early skip: URL https://economictimes.indiatimes.com/markets/stocks/news/info-edge-shares-jump-4-after-strong-q1-show-what-nomura-nuvama-and-other-brokerages-expect-next/articleshow/133142727.cms already exists.
2026-08-11 17:30:04,279 - INFO - [Economic Times] Early skip: URL https://economictimes.indiatimes.com/news/economy/policy/rbi-special-windows-seen-big-enough-to-bring-in-100b/articleshow/132813309.cms already exists.
2026-08-11 17:30:04,280 - INFO - [Economic Times] Early skip: URL https://economictimes.indiatimes.com/news/economy/foreign-trade/india-canada-aim-to-conclude-cepa-trade-pact-by-end-2026-mea/articleshow/132813105.cms already exists.
2026-08-11 17:30:04,287 - INFO - [Economic Times] Early skip: URL https://economictimes.indiatimes.com/news/economy/infrastructure/govts-urban-reset-centre-divides-ministry-of-housing-and-urban-affairs-into-two-specialised-verticals/articleshow/132812900.cms already exists.
2026-08-11 17:30:04,289 - INFO - [Economic Times] Article: https://economictimes.indiatimes.com/news/economy/foreign-trade/india-uk-ceta-takes-effect-first-zero-duty-indian-coffee-jewellery-consignments-reach-uk-shores/articleshow/132442764.cms
2026-08-11 17:30:04,289 - INFO - [Economic Times] Attempt 1/2: Trying with 'requests_browser' strategy...
2026-08-11 17:30:04,307 - ERROR - parsed tree length: 1, wrong data type or not valid HTML
2026-08-11 17:30:04,308 - ERROR - empty HTML tree: None
2026-08-11 17:30:04,308 - WARNING - discarding data: None
2026-08-11 17:30:04,308 - WARNING - [Wired] FAILED with 'requests_browser' (content was too short: 0 words).
2026-08-11 17:30:04,637 - INFO - [BBC] Success with 'requests_browser'. Found content (164 words).
2026-08-11 17:30:04,936 - INFO - [Economic Times] Success with 'requests_browser'. Found content (946 words).
2026-08-11 17:30:05,224 - INFO - [Wired] Article: https://www.wired.com/story/led-face-masks-and-red-light-therapy/
2026-08-11 17:30:05,247 - INFO - [Wired] Attempt 2/2: Trying with 'selenium_browser' strategy...
2026-08-11 17:30:05,225 - INFO - [Al Jazeera] Article: https://www.aljazeera.com/sports/2026/8/11/poland-says-womens-world-cup-plan-on-course-despite-uefa-boycott-of-fifa?traffic_source=rss
2026-08-11 17:30:05,259 - INFO - [Al Jazeera] Attempt 1/2: Trying with 'requests_browser' strategy...
2026-08-11 17:30:05,738 - INFO - [Al Jazeera] Success with 'requests_browser'. Found content (567 words).
2026-08-11 17:30:05,792 - INFO - [The Hindu] Page content loaded.
2026-08-11 17:30:09,178 - INFO - >>> SUCCESSFULLY SAVED [ID: 101696] - Watch: Manila river surface covered in tide of rubbish - BBC News from BBC (164 words)
2026-08-11 17:30:09,398 - INFO - [The Hindu] Success with 'selenium_browser'. Found content (694 words).
2026-08-11 17:30:11,286 - INFO - [BBC] Early skip: URL https://www.bbc.co.uk/news/videos/c80nm9melpmo?at_medium=RSS&at_campaign=rss already exists.
2026-08-11 17:30:11,801 - INFO - [BBC] Early skip: URL https://www.bbc.co.uk/news/videos/c1w148g9e5vo?at_medium=RSS&at_campaign=rss already exists.
2026-08-11 17:30:12,778 - ERROR - Error saving article India-UK CETA takes effect: First zero-duty Indian coffee, jewellery consignments reach UK shores - The Economic Times: Hrana: `stream error: `Error { message: "SQLite error: UNIQUE constraint failed: articles.url", code: "SQLITE_CONSTRAINT" }``
2026-08-11 17:30:12,779 - INFO - [BBC] (Thread) Finished. Attempting to shut down its Selenium driver.
2026-08-11 17:30:12,892 - INFO - [BBC] (Thread) driver.quit() successful.
2026-08-11 17:30:14,973 - INFO - [Economic Times] Article: https://economictimes.indiatimes.com/news/economy/foreign-trade/from-oman-to-tanzania-how-the-iran-war-is-redrawing-indias-trade-map/articleshow/131762760.cms
2026-08-11 17:30:14,973 - INFO - [Economic Times] Attempt 1/2: Trying with 'requests_browser' strategy...
2026-08-11 17:30:16,322 - INFO - >>> SUCCESSFULLY SAVED [ID: 101698] - Poland says Women’s World Cup plan on course despite UEFA boycott of FIFA | World Cup News | Al Jazeera from Al Jazeera (567 words)
2026-08-11 17:30:17,910 - INFO - [Al Jazeera] Article: https://www.aljazeera.com/sports/2026/8/11/psg-vs-aston-villa-uefa-super-cup-teams-start-lineups?traffic_source=rss
2026-08-11 17:30:17,910 - INFO - [Al Jazeera] Attempt 1/2: Trying with 'requests_browser' strategy...
2026-08-11 17:30:19,602 - INFO - >>> SUCCESSFULLY SAVED [ID: 101699] - Hotels, dhabas asked to tighten food safety and hygiene standards - The Hindu from The Hindu (694 words)
2026-08-11 17:30:19,680 - INFO - [Al Jazeera] Success with 'requests_browser'. Found content (1047 words).
2026-08-11 17:30:19,877 - INFO - [Economic Times] Success with 'requests_browser'. Found content (385 words).
2026-08-11 17:30:20,563 - INFO - [The Hindu] Article: https://www.thehindu.com/news/national/cwma-endorses-cwrcs-direction-to-karnataka-to-release-12000-cusecs-of-water-a-day-for-15-days-to-tamil-nadu/article71333241.ece
2026-08-11 17:30:20,563 - INFO - [The Hindu] Attempt 1/1: Trying with 'selenium_browser' strategy...
2026-08-11 17:30:24,174 - INFO - [Wired] Page content loaded.
2026-08-11 17:30:24,187 - INFO - >>> SUCCESSFULLY SAVED [ID: 101700] - PSG vs Aston Villa: UEFA Super Cup – prediction, lineups, teams | Football News | Al Jazeera from Al Jazeera (1047 words)
2026-08-11 17:30:25,933 - INFO - [Al Jazeera] Article: https://www.aljazeera.com/news/2026/8/11/trump-faces-lawsuit-over-push-to-limit-birthright-citizenship?traffic_source=rss
2026-08-11 17:30:25,933 - INFO - [Al Jazeera] Attempt 1/2: Trying with 'requests_browser' strategy...
2026-08-11 17:30:27,516 - ERROR - Error saving article From Oman to Tanzania: How the Iran war is redrawing India’s trade map - The Economic Times: Hrana: `stream error: `Error { message: "SQLite error: UNIQUE constraint failed: articles.url", code: "SQLITE_CONSTRAINT" }``
2026-08-11 17:30:27,643 - INFO - [Al Jazeera] Success with 'requests_browser'. Found content (776 words).
2026-08-11 17:30:29,764 - INFO - [Economic Times] Article: https://economictimes.indiatimes.com/news/economy/policy/fm-sitharaman-flags-global-crisis-spillovers-unfair-burden-on-developing-nations/articleshow/131668427.cms
2026-08-11 17:30:29,773 - INFO - [Economic Times] Attempt 1/2: Trying with 'requests_browser' strategy...
2026-08-11 17:30:31,439 - INFO - >>> SUCCESSFULLY SAVED [ID: 101702] - Trump faces lawsuit over push to limit birthright citizenship | Donald Trump News | Al Jazeera from Al Jazeera (776 words)
2026-08-11 17:30:31,690 - INFO - [Economic Times] Success with 'requests_browser'. Found content (317 words).
2026-08-11 17:30:31,715 - INFO - [Times of India] Page content loaded.
2026-08-11 17:30:31,879 - INFO - [Wired] Success with 'selenium_browser'. Found content (3927 words).
2026-08-11 17:30:33,720 - INFO - [Al Jazeera] Article: https://www.aljazeera.com/news/2026/8/11/hungary-elects-supreme-court-judge-ousted-by-orban-as-new-president?traffic_source=rss
2026-08-11 17:30:34,224 - INFO - [Al Jazeera] Attempt 1/2: Trying with 'requests_browser' strategy...
2026-08-11 17:30:35,229 - WARNING - [The Hindu] Page explicit wait timed out (3s). Proceeding anyway.
2026-08-11 17:30:35,230 - ERROR - Error saving article FM Sitharaman flags global crisis spillovers, unfair burden on developing nations - The Economic Times: Hrana: `stream error: `Error { message: "SQLite error: UNIQUE constraint failed: articles.url", code: "SQLITE_CONSTRAINT" }``
2026-08-11 17:30:35,416 - INFO - [Al Jazeera] Success with 'requests_browser'. Found content (355 words).
2026-08-11 17:30:35,514 - INFO - [Times of India] Success with 'selenium_browser'. Found content (1066 words).
2026-08-11 17:30:35,587 - INFO - [The Hindu] Success with 'selenium_browser'. Found content (982 words).
2026-08-11 17:30:37,788 - INFO - [Economic Times] Article: https://economictimes.indiatimes.com/tech/technology/apple-faces-indian-engineers-bias-lawsuit/articleshow/81694292.cms
2026-08-11 17:30:38,922 - INFO - [Economic Times] Attempt 1/2: Trying with 'requests_browser' strategy...
2026-08-11 17:30:38,933 - ERROR - Error saving article Ranking the Best Red-Light Therapy Masks and LED Devices of 2026 | WIRED: Hrana: `stream error: `Error { message: "SQLite error: UNIQUE constraint failed: articles.url", code: "SQLITE_CONSTRAINT" }``
2026-08-11 17:30:40,423 - INFO - [Wired] Early skip: URL https://www.wired.com/gallery/best-dehumidifier/ already exists.
2026-08-11 17:30:40,897 - INFO - [Wired] Early skip: URL https://www.wired.com/story/a-new-trick-reveals-ai-models-inner-thoughts/ already exists.
2026-08-11 17:30:42,051 - INFO - >>> SUCCESSFULLY SAVED [ID: 101705] - Hungary elects supreme court judge ousted by Orban as new president | Civil Rights News | Al Jazeera from Al Jazeera (355 words)
2026-08-11 17:30:42,051 - INFO - [Wired] Early skip: URL https://www.wired.com/story/book-excerpt-rise-and-fall-of-the-artificial-state-jill-lepore-silicon-valley-sci-fi/ already exists.
2026-08-11 17:30:42,055 - INFO - [Wired] Early skip: URL https://www.wired.com/story/organoids-lab-grown-brains-neural-networks/ already exists.
2026-08-11 17:30:42,055 - ERROR - parsed tree length: 1, wrong data type or not valid HTML
2026-08-11 17:30:42,055 - ERROR - empty HTML tree: None
2026-08-11 17:30:42,055 - WARNING - discarding data: None
2026-08-11 17:30:42,055 - WARNING - [Economic Times] FAILED with 'requests_browser' (content was too short: 0 words).
2026-08-11 17:30:42,056 - INFO - [Wired] Early skip: URL https://www.wired.com/story/seedless-blackberries-cherry-bushes-future-of-food/ already exists.
2026-08-11 17:30:42,057 - INFO - [Wired] Article: https://www.wired.com/story/best-red-light-therapy-for-hair-growth/
2026-08-11 17:30:42,058 - INFO - [Wired] Attempt 1/2: Trying with 'requests_browser' strategy...
2026-08-11 17:30:43,510 - INFO - [Economic Times] Article: https://economictimes.indiatimes.com/tech/technology/apple-faces-indian-engineers-bias-lawsuit/articleshow/81694292.cms
2026-08-11 17:30:43,959 - INFO - [Economic Times] Attempt 2/2: Trying with 'selenium_browser' strategy...
2026-08-11 17:30:43,960 - INFO - [Al Jazeera] Article: https://www.aljazeera.com/video/aljazeerauntangles/2026/8/11/rwanda-the-genocide-against-the-tutsi?traffic_source=rss
2026-08-11 17:30:43,960 - INFO - [Al Jazeera] Attempt 1/2: Trying with 'requests_browser' strategy...
2026-08-11 17:30:45,223 - INFO - >>> SUCCESSFULLY SAVED [ID: 101706] - Quote of the day by Kobe Bryant: "I have nothing in common with lazy people who blame others for…" - a blunt lesson on accountability, effort and refusing to make excuses | World News - The Times of India from Times of India (1066 words)
2026-08-11 17:30:45,246 - ERROR - parsed tree length: 1, wrong data type or not valid HTML
2026-08-11 17:30:45,246 - ERROR - empty HTML tree: None
2026-08-11 17:30:45,246 - WARNING - discarding data: None
2026-08-11 17:30:45,247 - WARNING - [Wired] FAILED with 'requests_browser' (content was too short: 0 words).
2026-08-11 17:30:45,281 - INFO - [Al Jazeera] Success with 'requests_browser'. Found content (150 words).
2026-08-11 17:30:45,357 - INFO - DEDUPLICATION: Found match (Score: 0.85). Linking to Cluster ID: a7525d4c-911c-441d-8b1d-a687cd6e2e40
2026-08-11 17:30:46,739 - INFO - [Wired] Article: https://www.wired.com/story/best-red-light-therapy-for-hair-growth/
2026-08-11 17:30:46,740 - INFO - [Wired] Attempt 2/2: Trying with 'selenium_browser' strategy...
2026-08-11 17:30:47,191 - INFO - [Times of India] Article: https://timesofindia.indiatimes.com/world/us/im-their-banker-trump-says-us-controls-irans-frozen-assets-as-he-threatens-economic-or-military-action/articleshow/133160695.cms
2026-08-11 17:30:47,191 - INFO - [Times of India] Attempt 1/1: Trying with 'selenium_browser' strategy...
2026-08-11 17:30:48,450 - INFO - >>> SUCCESSFULLY SAVED [ID: 101707] - CWMA endorses CWRC’s direction to Karnataka to release 12,000 cusecs of water a day for 15 days to Tamil Nadu - The Hindu from The Hindu (982 words)
2026-08-11 17:30:50,135 - INFO - [The Hindu] Early skip: URL https://www.thehindu.com/news/national/karnataka/sir-actor-prakash-raj-claims-his-name-deleted-from-electoral-rolls-in-bengaluru/article71333103.ece already exists.
2026-08-11 17:30:50,641 - INFO - [The Hindu] Article: https://www.thehindu.com/news/national/jharkhand/jharkhand-cm-hemant-soren-calls-bjp-a-parasite/article71332841.ece
2026-08-11 17:30:50,641 - INFO - [The Hindu] Attempt 1/1: Trying with 'selenium_browser' strategy...
2026-08-11 17:30:51,837 - INFO - >>> SUCCESSFULLY SAVED [ID: 101708] - Rwanda: The genocide against the Tutsi | Genocide | Al Jazeera from Al Jazeera (150 words)
2026-08-11 17:30:52,637 - INFO - [Al Jazeera] Early skip: URL https://www.aljazeera.com/news/2026/8/11/lebanons-parliament-votes-to-end-death-penalty-first-in-middle-east-to-so?traffic_source=rss already exists.
2026-08-11 17:30:52,639 - INFO - [Al Jazeera] Early skip: URL https://www.aljazeera.com/news/2026/8/11/dc-residents-debate-safety-gains-a-year-into-trumps-guard-deployment?traffic_source=rss already exists.
2026-08-11 17:30:52,642 - INFO - [Al Jazeera] Early skip: URL https://www.aljazeera.com/news/2026/8/11/total-solar-eclipse-2026-where-when-and-how-to-watch-on-wednesday?traffic_source=rss already exists.
2026-08-11 17:30:52,646 - INFO - [Al Jazeera] Early skip: URL https://www.aljazeera.com/news/2026/8/11/dozens-killed-in-firefight-between-nigerian-armed-group-and-police?traffic_source=rss already exists.
2026-08-11 17:30:52,647 - INFO - [Al Jazeera] Article: https://www.aljazeera.com/video/newsfeed/2026/8/11/war-on-iran-mojtaba-khamenei-is-in-perfect-health-iran-says?traffic_source=rss
2026-08-11 17:30:52,647 - INFO - [Al Jazeera] Attempt 1/2: Trying with 'requests_browser' strategy...
2026-08-11 17:30:52,858 - WARNING - [Al Jazeera] FAILED with 'requests_browser' (content was too short: 74 words).
2026-08-11 17:30:53,382 - INFO - [Al Jazeera] Article: https://www.aljazeera.com/video/newsfeed/2026/8/11/war-on-iran-mojtaba-khamenei-is-in-perfect-health-iran-says?traffic_source=rss
2026-08-11 17:30:53,383 - INFO - [Al Jazeera] Attempt 2/2: Trying with 'selenium_browser' strategy...
2026-08-11 17:30:59,387 - INFO - [Al Jazeera] Page content loaded.
2026-08-11 17:30:59,956 - WARNING - [Al Jazeera] FAILED with 'selenium_browser' (content was too short: 74 words).
2026-08-11 17:30:59,957 - ERROR - [Al Jazeera] All scrape strategies failed for https://www.aljazeera.com/video/newsfeed/2026/8/11/war-on-iran-mojtaba-khamenei-is-in-perfect-health-iran-says?traffic_source=rss. Falling back to RSS description.
2026-08-11 17:30:59,957 - WARNING - SKIPPED (GLOBAL WORD LIMIT): Article 'War on Iran: Mojtaba Khamenei is in ‘perfect health’, Iran says' from Al Jazeera has only 12 words (Min: 90).
2026-08-11 17:31:00,367 - INFO - [The Hindu] Page content loaded.
2026-08-11 17:31:00,755 - INFO - [Al Jazeera] Early skip: URL https://www.aljazeera.com/features/2026/8/11/only-job-i-know-philippine-sailors-return-to-sea-despite-wartime-risks?traffic_source=rss already exists.
2026-08-11 17:31:00,756 - INFO - [Al Jazeera] Early skip: URL https://www.aljazeera.com/news/2026/8/11/what-are-saudi-arabia-turkiye-and-pakistans-joint-military-capabilities?traffic_source=rss already exists.
2026-08-11 17:31:00,759 - INFO - [Al Jazeera] Early skip: URL https://www.aljazeera.com/video/al-jazeera-documentaries/2026/8/11/aje-onl-or_lbn_paramedics-110826?traffic_source=rss already exists.
2026-08-11 17:31:00,765 - INFO - [Al Jazeera] Early skip: URL https://www.aljazeera.com/sports/2026/8/11/liverpool-fans-seek-clarity-on-bezos-bid-to-buy-stake?traffic_source=rss already exists.
2026-08-11 17:31:00,772 - INFO - [Al Jazeera] Early skip: URL https://www.aljazeera.com/news/2026/8/11/whats-behind-irans-new-military-appointments-and-what-do-they-indicate?traffic_source=rss already exists.
2026-08-11 17:31:00,775 - INFO - [Al Jazeera] Article: https://www.aljazeera.com/video/newsfeed/2026/8/11/hunter-biden-defends-tucker-carlson-over-netanyahu-comments?traffic_source=rss
2026-08-11 17:31:00,775 - INFO - [Al Jazeera] Attempt 1/2: Trying with 'requests_browser' strategy...
2026-08-11 17:31:01,078 - INFO - [The Hindu] Success with 'selenium_browser'. Found content (722 words).
2026-08-11 17:31:01,187 - WARNING - [Al Jazeera] FAILED with 'requests_browser' (content was too short: 57 words).
2026-08-11 17:31:02,042 - INFO - [Al Jazeera] Article: https://www.aljazeera.com/video/newsfeed/2026/8/11/hunter-biden-defends-tucker-carlson-over-netanyahu-comments?traffic_source=rss
2026-08-11 17:31:02,042 - INFO - [Al Jazeera] Attempt 2/2: Trying with 'selenium_browser' strategy...
2026-08-11 17:31:05,574 - INFO - >>> SUCCESSFULLY SAVED [ID: 101709] - Jharkhand CM Hemant Soren calls BJP a ‘parasite’ - The Hindu from The Hindu (722 words)
2026-08-11 17:31:07,082 - INFO - [The Hindu] Article: https://www.thehindu.com/news/national/dont-submit-report-on-aravallis-without-visiting-all-districts-aravalli-virasat-jan-abhiyaan-to-sc-appointed-panel/article71333477.ece
2026-08-11 17:31:07,082 - INFO - [The Hindu] Attempt 1/1: Trying with 'selenium_browser' strategy...
2026-08-11 17:31:09,515 - INFO - [Wired] Page content loaded.
2026-08-11 17:31:10,922 - INFO - [Al Jazeera] Page content loaded.
2026-08-11 17:31:11,761 - WARNING - [Al Jazeera] FAILED with 'selenium_browser' (content was too short: 61 words).
2026-08-11 17:31:11,761 - ERROR - [Al Jazeera] All scrape strategies failed for https://www.aljazeera.com/video/newsfeed/2026/8/11/hunter-biden-defends-tucker-carlson-over-netanyahu-comments?traffic_source=rss. Falling back to RSS description.
2026-08-11 17:31:11,761 - WARNING - SKIPPED (GLOBAL WORD LIMIT): Article 'Hunter Biden defends Tucker Carlson over Netanyahu comments' from Al Jazeera has only 8 words (Min: 90).
2026-08-11 17:31:12,927 - INFO - [Al Jazeera] Early skip: URL https://www.aljazeera.com/sports/2026/8/11/somali-referee-denied-world-cup-proud-to-oversee-uefa-super-cup?traffic_source=rss already exists.
2026-08-11 17:31:12,930 - INFO - [Al Jazeera] Early skip: URL https://www.aljazeera.com/news/2026/8/11/what-to-know-about-us-primary-election-in-minnesota?traffic_source=rss already exists.
2026-08-11 17:31:12,932 - INFO - [Al Jazeera] Article: https://www.aljazeera.com/video/newsfeed/2026/8/11/philippines-sailors-say-they-will-work-despite-wartime-risks-2?traffic_source=rss
2026-08-11 17:31:12,932 - INFO - [Al Jazeera] Attempt 1/2: Trying with 'requests_browser' strategy...
2026-08-11 17:31:13,301 - WARNING - [Al Jazeera] FAILED with 'requests_browser' (content was too short: 60 words).
2026-08-11 17:31:14,050 - INFO - [Al Jazeera] Article: https://www.aljazeera.com/video/newsfeed/2026/8/11/philippines-sailors-say-they-will-work-despite-wartime-risks-2?traffic_source=rss
2026-08-11 17:31:14,050 - INFO - [Al Jazeera] Attempt 2/2: Trying with 'selenium_browser' strategy...
2026-08-11 17:31:14,748 - INFO - [Wired] Success with 'selenium_browser'. Found content (2264 words).
2026-08-11 17:31:19,008 - WARNING - [The Hindu] Page explicit wait timed out (3s). Proceeding anyway.
2026-08-11 17:31:19,010 - ERROR - Error saving article Best Red-Light Therapy for Hair Growth and Restoration (2026) | WIRED: Hrana: `stream error: `Error { message: "SQLite error: UNIQUE constraint failed: articles.url", code: "SQLITE_CONSTRAINT" }``
2026-08-11 17:31:19,403 - INFO - [The Hindu] Success with 'selenium_browser'. Found content (612 words).
2026-08-11 17:31:19,876 - INFO - [Wired] Early skip: URL https://www.wired.com/story/ai-helping-solve-intricate-genetic-puzzle-schizophrenia/ already exists.
2026-08-11 17:31:19,885 - INFO - [Wired] Article: https://www.wired.com/story/chewy-promo-code/
2026-08-11 17:31:19,885 - INFO - [Wired] Attempt 1/2: Trying with 'requests_browser' strategy...
2026-08-11 17:31:20,036 - INFO - [Al Jazeera] Page content loaded.
2026-08-11 17:31:20,255 - ERROR - parsed tree length: 1, wrong data type or not valid HTML
2026-08-11 17:31:20,255 - ERROR - empty HTML tree: None
2026-08-11 17:31:20,255 - WARNING - discarding data: None
2026-08-11 17:31:20,255 - WARNING - [Wired] FAILED with 'requests_browser' (content was too short: 0 words).
2026-08-11 17:31:21,823 - INFO - [Wired] Article: https://www.wired.com/story/chewy-promo-code/
2026-08-11 17:31:22,297 - INFO - [Wired] Attempt 2/2: Trying with 'selenium_browser' strategy...
2026-08-11 17:31:23,582 - INFO - >>> SUCCESSFULLY SAVED [ID: 101711] - Don’t submit report on Aravallis without visiting all districts: Aravalli Virasat Jan Abhiyaan to SC-appointed panel - The Hindu from The Hindu (612 words)
2026-08-11 17:31:23,767 - WARNING - [Al Jazeera] FAILED with 'selenium_browser' (content was too short: 64 words).
2026-08-11 17:31:23,767 - ERROR - [Al Jazeera] All scrape strategies failed for https://www.aljazeera.com/video/newsfeed/2026/8/11/philippines-sailors-say-they-will-work-despite-wartime-risks-2?traffic_source=rss. Falling back to RSS description.
2026-08-11 17:31:23,767 - WARNING - SKIPPED (GLOBAL WORD LIMIT): Article 'Philippines sailors say they will work despite wartime risks' from Al Jazeera has only 9 words (Min: 90).
2026-08-11 17:31:24,478 - INFO - [The Hindu] Article: https://www.thehindu.com/news/cities/Kochi/lionel-messis-kochi-visit-fabricated-to-launder-black-money-shiyas/article71333544.ece
2026-08-11 17:31:24,479 - INFO - [The Hindu] Attempt 1/1: Trying with 'selenium_browser' strategy...
2026-08-11 17:31:24,780 - INFO - [Al Jazeera] Article: https://www.aljazeera.com/video/newsfeed/2026/8/11/late-snow-blankets-parts-of-southern-africa-as-winter-nears-its-end?traffic_source=rss
2026-08-11 17:31:24,780 - INFO - [Al Jazeera] Attempt 1/2: Trying with 'requests_browser' strategy...
2026-08-11 17:31:25,067 - WARNING - [Al Jazeera] FAILED with 'requests_browser' (content was too short: 66 words).
2026-08-11 17:31:25,968 - INFO - [Al Jazeera] Article: https://www.aljazeera.com/video/newsfeed/2026/8/11/late-snow-blankets-parts-of-southern-africa-as-winter-nears-its-end?traffic_source=rss
2026-08-11 17:31:25,968 - INFO - [Al Jazeera] Attempt 2/2: Trying with 'selenium_browser' strategy...
2026-08-11 17:31:28,683 - WARNING - [Economic Times] Page explicit wait timed out (3s). Proceeding anyway.
2026-08-11 17:31:29,301 - INFO - [Economic Times] Success with 'selenium_browser'. Found content (743 words).
2026-08-11 17:31:32,566 - INFO - [Al Jazeera] Page content loaded.
2026-08-11 17:31:32,567 - ERROR - Error saving article Apple faces Indian engineer’s bias lawsuit - The Economic Times: Hrana: `stream error: `Error { message: "SQLite error: UNIQUE constraint failed: articles.url", code: "SQLITE_CONSTRAINT" }``
2026-08-11 17:31:32,762 - WARNING - [Al Jazeera] FAILED with 'selenium_browser' (content was too short: 70 words).
2026-08-11 17:31:32,762 - ERROR - [Al Jazeera] All scrape strategies failed for https://www.aljazeera.com/video/newsfeed/2026/8/11/late-snow-blankets-parts-of-southern-africa-as-winter-nears-its-end?traffic_source=rss. Falling back to RSS description.
2026-08-11 17:31:32,762 - WARNING - SKIPPED (GLOBAL WORD LIMIT): Article 'Late snow blankets parts of southern Africa as winter nears its end' from Al Jazeera has only 16 words (Min: 90).
2026-08-11 17:31:33,263 - INFO - [Economic Times] Article: https://economictimes.indiatimes.com/news/defence/despite-transatlantic-love-fest-eu-charts-third-way-in-ties-with-us-and-china/articleshow/81467467.cms
2026-08-11 17:31:33,263 - INFO - [Economic Times] Attempt 1/2: Trying with 'requests_browser' strategy...
2026-08-11 17:31:33,772 - INFO - [Economic Times] Success with 'requests_browser'. Found content (799 words).
2026-08-11 17:31:33,932 - WARNING - [Times of India] Page explicit wait timed out (3s). Proceeding anyway.
2026-08-11 17:31:35,556 - INFO - [Wired] Page content loaded.
2026-08-11 17:31:35,556 - INFO - [Al Jazeera] Early skip: URL https://www.aljazeera.com/sports/2026/8/11/hockey-world-cup-2026-full-match-schedule-groups-india-vs-pakistan?traffic_source=rss already exists.
2026-08-11 17:31:36,033 - INFO - [Al Jazeera] Early skip: URL https://www.aljazeera.com/news/2026/8/11/iran-us-set-new-conditions-during-hormuz-talks-what-does-this-mean?traffic_source=rss already exists.
2026-08-11 17:31:36,941 - INFO - [Al Jazeera] Article: https://www.aljazeera.com/video/newsfeed/2026/8/11/final-phase-of-voting-in-pakistan-administered-kashmir-despite-security-fe?traffic_source=rss
2026-08-11 17:31:36,941 - ERROR - Error saving article Despite transatlantic 'love fest', EU charts third way in ties with US and China - The Economic Times: Hrana: `stream error: `Error { message: "SQLite error: UNIQUE constraint failed: articles.url", code: "SQLITE_CONSTRAINT" }``
2026-08-11 17:31:36,941 - INFO - [Al Jazeera] Attempt 1/2: Trying with 'requests_browser' strategy...
2026-08-11 17:31:37,044 - WARNING - [Al Jazeera] FAILED with 'requests_browser' (content was too short: 62 words).
2026-08-11 17:31:37,210 - INFO - [Wired] Success with 'selenium_browser'. Found content (1545 words).
2026-08-11 17:31:38,958 - INFO - [Economic Times] Article: https://economictimes.indiatimes.com/tech/tech-bytes/twitters-india-policy-head-to-step-down-will-transition-in-march/articleshow/80732868.cms
2026-08-11 17:31:38,959 - INFO - [Economic Times] Attempt 1/2: Trying with 'requests_browser' strategy...
2026-08-11 17:31:38,960 - INFO - [Al Jazeera] Article: https://www.aljazeera.com/video/newsfeed/2026/8/11/final-phase-of-voting-in-pakistan-administered-kashmir-despite-security-fe?traffic_source=rss
2026-08-11 17:31:38,960 - INFO - [Al Jazeera] Attempt 2/2: Trying with 'selenium_browser' strategy...
2026-08-11 17:31:40,460 - ERROR - Error saving article Chewy Promo Codes: $20 Off August 2026 | WIRED: Hrana: `stream error: `Error { message: "SQLite error: UNIQUE constraint failed: articles.url", code: "SQLITE_CONSTRAINT" }``
2026-08-11 17:31:40,461 - WARNING - [The Hindu] Page get timed out (7s). Proceeding to grab partial source anyway.
2026-08-11 17:31:40,473 - ERROR - parsed tree length: 1, wrong data type or not valid HTML
2026-08-11 17:31:40,473 - ERROR - empty HTML tree: None
2026-08-11 17:31:40,473 - WARNING - discarding data: None
2026-08-11 17:31:40,473 - WARNING - [Economic Times] FAILED with 'requests_browser' (content was too short: 0 words).
2026-08-11 17:31:40,853 - INFO - [Times of India] Success with 'selenium_browser'. Found content (422 words).
2026-08-11 17:31:41,223 - INFO - [Al Jazeera] Page content loaded.
2026-08-11 17:31:41,363 - INFO - [Economic Times] Article: https://economictimes.indiatimes.com/tech/tech-bytes/twitters-india-policy-head-to-step-down-will-transition-in-march/articleshow/80732868.cms
2026-08-11 17:31:41,363 - INFO - [Economic Times] Attempt 2/2: Trying with 'selenium_browser' strategy...
2026-08-11 17:31:41,382 - WARNING - [Al Jazeera] FAILED with 'selenium_browser' (content was too short: 66 words).
2026-08-11 17:31:41,383 - ERROR - [Al Jazeera] All scrape strategies failed for https://www.aljazeera.com/video/newsfeed/2026/8/11/final-phase-of-voting-in-pakistan-administered-kashmir-despite-security-fe?traffic_source=rss. Falling back to RSS description.
2026-08-11 17:31:41,383 - WARNING - SKIPPED (GLOBAL WORD LIMIT): Article 'Final phase of voting in Pakistan-administered Kashmir amid security fears' from Al Jazeera has only 10 words (Min: 90).
2026-08-11 17:31:42,866 - INFO - [Wired] Article: https://www.wired.com/story/home-depot-promo-code/
2026-08-11 17:31:43,320 - INFO - [Wired] Attempt 1/2: Trying with 'requests_browser' strategy...
2026-08-11 17:31:42,867 - INFO - [Al Jazeera] Early skip: URL https://www.aljazeera.com/news/2026/8/11/what-to-watch-in-wisconsins-high-stakes-primary?traffic_source=rss already exists.
2026-08-11 17:31:44,267 - INFO - [Al Jazeera] (Thread) Finished. Attempting to shut down its Selenium driver.
2026-08-11 17:31:44,531 - INFO - >>> SUCCESSFULLY SAVED [ID: 101715] - Donald Trump: 'I'm their banker': Trump says US controls Iran's frozen assets as he threatens economic or military action - The Times of India from Times of India (422 words)
2026-08-11 17:31:44,537 - INFO - [Al Jazeera] (Thread) driver.quit() successful.
2026-08-11 17:31:44,547 - ERROR - parsed tree length: 1, wrong data type or not valid HTML
2026-08-11 17:31:44,547 - ERROR - empty HTML tree: None
2026-08-11 17:31:44,547 - WARNING - discarding data: None
2026-08-11 17:31:44,547 - WARNING - [Wired] FAILED with 'requests_browser' (content was too short: 0 words).
2026-08-11 17:31:45,071 - INFO - [Times of India] Article: https://timesofindia.indiatimes.com/world/uk/king-charles-death-falsely-announced-followed-by-national-anthem-and-16-minutes-of-silence-uk-radio-station-breached-broadcast-standards/articleshow/133160187.cms
2026-08-11 17:31:45,071 - INFO - [Times of India] Attempt 1/1: Trying with 'selenium_browser' strategy...
2026-08-11 17:31:45,191 - INFO - [Wired] Article: https://www.wired.com/story/home-depot-promo-code/
2026-08-11 17:31:45,191 - INFO - [Wired] Attempt 2/2: Trying with 'selenium_browser' strategy...
2026-08-11 17:31:46,086 - INFO - [Economic Times] Page content loaded.
2026-08-11 17:31:46,641 - INFO - [Economic Times] Success with 'selenium_browser'. Found content (615 words).
2026-08-11 17:31:48,261 - INFO - [Times of India] Page content loaded.
2026-08-11 17:31:48,261 - WARNING - [The Hindu] Page explicit wait timed out (3s). Proceeding anyway.
2026-08-11 17:31:49,633 - ERROR - Error saving article Twitter's India policy head, Mahima Kaul, to step down; will transition in March - The Economic Times: Hrana: `stream error: `Error { message: "SQLite error: UNIQUE constraint failed: articles.url", code: "SQLITE_CONSTRAINT" }``
2026-08-11 17:31:50,490 - INFO - [Economic Times] Article: https://economictimes.indiatimes.com/tech/tech-and-gadgets/govt-may-keep-rs-7500-cr-outlay-for-it-hardware-manufacturing-under-pli-scheme/articleshow/80333429.cms
2026-08-11 17:31:50,490 - INFO - [Economic Times] Attempt 1/2: Trying with 'requests_browser' strategy...
2026-08-11 17:31:50,906 - INFO - [Wired] Page content loaded.
2026-08-11 17:31:50,963 - ERROR - parsed tree length: 1, wrong data type or not valid HTML
2026-08-11 17:31:50,963 - ERROR - empty HTML tree: None
2026-08-11 17:31:50,963 - WARNING - discarding data: None
2026-08-11 17:31:50,963 - WARNING - [Economic Times] FAILED with 'requests_browser' (content was too short: 0 words).
2026-08-11 17:31:51,749 - INFO - [Economic Times] Article: https://economictimes.indiatimes.com/tech/tech-and-gadgets/govt-may-keep-rs-7500-cr-outlay-for-it-hardware-manufacturing-under-pli-scheme/articleshow/80333429.cms
2026-08-11 17:31:51,749 - INFO - [Economic Times] Attempt 2/2: Trying with 'selenium_browser' strategy...
2026-08-11 17:31:52,572 - INFO - [Wired] Success with 'selenium_browser'. Found content (1649 words).
2026-08-11 17:31:55,907 - ERROR - [The Hindu] Request failed for strategy 'selenium_browser' on URL https://www.thehindu.com/news/cities/Kochi/lionel-messis-kochi-visit-fabricated-to-launder-black-money-shiyas/article71333544.ece: Message: timeout: Timed out receiving message from renderer: 7.000
  (Session info: chrome=151.0.7922.77)
Stacktrace:
#0 0x556a7188382a <unknown>
#1 0x556a711f6fc9 <unknown>
#2 0x556a711dea2f <unknown>
#3 0x556a711de6a6 <unknown>
#4 0x556a711dc288 <unknown>
#5 0x556a711dcc0f <unknown>
#6 0x556a711ebd70 <unknown>
#7 0x556a71205d37 <unknown>
#8 0x556a7120d70b <unknown>
#9 0x556a711dd369 <unknown>
#10 0x556a71205a92 <unknown>
#11 0x556a71295066 <unknown>
#12 0x556a7123fd32 <unknown>
#13 0x556a71240bb1 <unknown>
#14 0x556a71848bb0 <unknown>
#15 0x556a7184722a <unknown>
#16 0x556a71831c55 <unknown>
#17 0x556a71847eea <unknown>
#18 0x556a71819b50 <unknown>
#19 0x556a7186f208 <unknown>
#20 0x556a7186f3a5 <unknown>
#21 0x556a718823de <unknown>
#22 0x7f0d9529caa4 <unknown>
#23 0x7f0d95329c6c <unknown>

2026-08-11 17:31:55,907 - ERROR - [The Hindu] All scrape strategies failed for https://www.thehindu.com/news/cities/Kochi/lionel-messis-kochi-visit-fabricated-to-launder-black-money-shiyas/article71333544.ece. Falling back to RSS description.
2026-08-11 17:31:55,907 - WARNING - SKIPPED (GLOBAL WORD LIMIT): Article 'Lionel Messi’s Kochi visit fabricated to launder black money: Shiyas' from The Hindu has only 33 words (Min: 90).
2026-08-11 17:31:55,908 - ERROR - Error saving article Home Depot Promo Codes: 30% Off in August 2026 | WIRED: Hrana: `stream error: `Error { message: "SQLite error: UNIQUE constraint failed: articles.url", code: "SQLITE_CONSTRAINT" }``
2026-08-11 17:31:57,018 - INFO - [Times of India] Success with 'selenium_browser'. Found content (570 words).
2026-08-11 17:31:57,281 - INFO - [The Hindu] Article: https://www.thehindu.com/news/national/centres-panel-on-demographic-changes-reaches-jammu-meets-local-groups/article71333579.ece
2026-08-11 17:31:57,291 - INFO - [The Hindu] Attempt 1/1: Trying with 'selenium_browser' strategy...
2026-08-11 17:31:57,282 - INFO - [Wired] Article: https://www.wired.com/story/canon-promo-code/
2026-08-11 17:31:57,294 - INFO - [Wired] Attempt 1/2: Trying with 'requests_browser' strategy...
2026-08-11 17:31:57,574 - ERROR - parsed tree length: 1, wrong data type or not valid HTML
2026-08-11 17:31:57,574 - ERROR - empty HTML tree: None
2026-08-11 17:31:57,574 - WARNING - discarding data: None
2026-08-11 17:31:57,574 - WARNING - [Wired] FAILED with 'requests_browser' (content was too short: 0 words).
2026-08-11 17:31:59,115 - INFO - [Wired] Article: https://www.wired.com/story/canon-promo-code/
2026-08-11 17:31:59,115 - INFO - [Wired] Attempt 2/2: Trying with 'selenium_browser' strategy...
2026-08-11 17:32:00,724 - INFO - >>> SUCCESSFULLY SAVED [ID: 101718] - King Charles’ death falsely announced, followed by national anthem and 16 minutes of silence; UK radio station breached broadcast standards - The Times of India from Times of India (570 words)
2026-08-11 17:32:02,189 - INFO - [Times of India] Article: https://timesofindia.indiatimes.com/world/europe/putins-vacation-home-exposed-to-attack-missile-launch-pad-guarding-putins-palace-blazing-for-three-hours-after-drone-strike-report/articleshow/133160049.cms
2026-08-11 17:32:02,189 - INFO - [Times of India] Attempt 1/1: Trying with 'selenium_browser' strategy...
2026-08-11 17:32:02,843 - INFO - [Economic Times] Page content loaded.
2026-08-11 17:32:03,197 - INFO - [Economic Times] Success with 'selenium_browser'. Found content (481 words).
2026-08-11 17:32:05,346 - INFO - [Wired] Page content loaded.
2026-08-11 17:32:06,413 - ERROR - Error saving article Govt may keep Rs 7,500 cr outlay for IT hardware manufacturing under PLI scheme - The Economic Times: Hrana: `stream error: `Error { message: "SQLite error: UNIQUE constraint failed: articles.url", code: "SQLITE_CONSTRAINT" }``
2026-08-11 17:32:06,602 - INFO - [Wired] Success with 'selenium_browser'. Found content (1133 words).
2026-08-11 17:32:08,372 - INFO - [Economic Times] Article: https://economictimes.indiatimes.com/tech/technology/indian-dating-apps-services-see-surge-of-paying-users-in-small-cities/articleshow/80063342.cms
2026-08-11 17:32:08,825 - INFO - [Economic Times] Attempt 1/2: Trying with 'requests_browser' strategy...
2026-08-11 17:32:09,731 - ERROR - Error saving article 30% Off Canon Promo Codes | August 2026 | WIRED: Hrana: `stream error: `Error { message: "SQLite error: UNIQUE constraint failed: articles.url", code: "SQLITE_CONSTRAINT" }``
2026-08-11 17:32:09,768 - ERROR - parsed tree length: 1, wrong data type or not valid HTML
2026-08-11 17:32:09,768 - ERROR - empty HTML tree: None
2026-08-11 17:32:09,768 - WARNING - discarding data: None
2026-08-11 17:32:09,768 - WARNING - [Economic Times] FAILED with 'requests_browser' (content was too short: 0 words).
2026-08-11 17:32:10,566 - INFO - [Economic Times] Article: https://economictimes.indiatimes.com/tech/technology/indian-dating-apps-services-see-surge-of-paying-users-in-small-cities/articleshow/80063342.cms
2026-08-11 17:32:10,566 - INFO - [Economic Times] Attempt 2/2: Trying with 'selenium_browser' strategy...
2026-08-11 17:32:10,746 - INFO - [Wired] Article: https://www.wired.com/story/valvoline-coupons/
2026-08-11 17:32:10,746 - INFO - [Wired] Attempt 1/2: Trying with 'requests_browser' strategy...
2026-08-11 17:32:11,001 - ERROR - parsed tree length: 1, wrong data type or not valid HTML
2026-08-11 17:32:11,001 - ERROR - empty HTML tree: None
2026-08-11 17:32:11,001 - WARNING - discarding data: None
2026-08-11 17:32:11,001 - WARNING - [Wired] FAILED with 'requests_browser' (content was too short: 0 words).
2026-08-11 17:32:11,255 - INFO - [Times of India] Page content loaded.
2026-08-11 17:32:11,741 - INFO - [Wired] Article: https://www.wired.com/story/valvoline-coupons/
2026-08-11 17:32:11,741 - INFO - [Wired] Attempt 2/2: Trying with 'selenium_browser' strategy...
2026-08-11 17:32:12,381 - WARNING - [The Hindu] Page get timed out (7s). Proceeding to grab partial source anyway.
2026-08-11 17:32:13,088 - INFO - [Times of India] Success with 'selenium_browser'. Found content (341 words).
2026-08-11 17:32:16,932 - INFO - [Economic Times] Page content loaded.
2026-08-11 17:32:16,933 - INFO - >>> SUCCESSFULLY SAVED [ID: 101721] - Putin's vacation home exposed to attack, missile launch pad guarding Putin's Palace blazing for three hours after drone strike: Report - The Times of India from Times of India (341 words)
2026-08-11 17:32:17,794 - INFO - [Times of India] Article: https://timesofindia.indiatimes.com/world/us/seeking-end-to-sanctions-regime-us-human-rights-groups-sue-trump-over-icc-crackdown/articleshow/133159218.cms
2026-08-11 17:32:17,794 - INFO - [Times of India] Attempt 1/1: Trying with 'selenium_browser' strategy...
2026-08-11 17:32:18,545 - INFO - [Wired] Page content loaded.
2026-08-11 17:32:18,812 - WARNING - [Economic Times] FAILED with 'selenium_browser' (content was too short: 84 words).
2026-08-11 17:32:18,812 - ERROR - [Economic Times] All scrape strategies failed for https://economictimes.indiatimes.com/tech/technology/indian-dating-apps-services-see-surge-of-paying-users-in-small-cities/articleshow/80063342.cms. Falling back to RSS description.
2026-08-11 17:32:18,812 - WARNING - SKIPPED (GLOBAL WORD LIMIT): Article 'Indian dating apps, services see surge of paying users in small cities ' from Economic Times has only 54 words (Min: 90).
2026-08-11 17:32:19,430 - WARNING - [The Hindu] Page explicit wait timed out (3s). Proceeding anyway.
2026-08-11 17:32:19,653 - INFO - [Economic Times] Article: https://economictimes.indiatimes.com/tech/technology/time-for-govt-cos-to-adopt-ai-deloitte-india/articleshow/79981215.cms
2026-08-11 17:32:19,653 - INFO - [Economic Times] Attempt 1/2: Trying with 'requests_browser' strategy...
2026-08-11 17:32:19,833 - INFO - [Wired] Success with 'selenium_browser'. Found content (736 words).
2026-08-11 17:32:23,080 - ERROR - Error saving article Valvoline Coupons and Promo Codes for August 2026 | WIRED: Hrana: `stream error: `Error { message: "SQLite error: UNIQUE constraint failed: articles.url", code: "SQLITE_CONSTRAINT" }``
2026-08-11 17:32:23,081 - ERROR - parsed tree length: 1, wrong data type or not valid HTML
2026-08-11 17:32:23,081 - ERROR - empty HTML tree: None
2026-08-11 17:32:23,082 - WARNING - discarding data: None
2026-08-11 17:32:23,082 - WARNING - [Economic Times] FAILED with 'requests_browser' (content was too short: 0 words).
2026-08-11 17:32:23,946 - INFO - [Economic Times] Article: https://economictimes.indiatimes.com/tech/technology/time-for-govt-cos-to-adopt-ai-deloitte-india/articleshow/79981215.cms
2026-08-11 17:32:23,946 - INFO - [Economic Times] Attempt 2/2: Trying with 'selenium_browser' strategy...
2026-08-11 17:32:24,462 - INFO - [Wired] Article: https://www.wired.com/story/lg-promo-code/
2026-08-11 17:32:24,462 - INFO - [Wired] Attempt 1/2: Trying with 'requests_browser' strategy...
2026-08-11 17:32:24,755 - ERROR - parsed tree length: 1, wrong data type or not valid HTML
2026-08-11 17:32:24,756 - ERROR - empty HTML tree: None
2026-08-11 17:32:24,756 - WARNING - discarding data: None
2026-08-11 17:32:24,756 - WARNING - [Wired] FAILED with 'requests_browser' (content was too short: 0 words).
2026-08-11 17:32:25,607 - INFO - [Wired] Article: https://www.wired.com/story/lg-promo-code/
2026-08-11 17:32:25,607 - INFO - [Wired] Attempt 2/2: Trying with 'selenium_browser' strategy...
2026-08-11 17:32:26,467 - ERROR - [The Hindu] Request failed for strategy 'selenium_browser' on URL https://www.thehindu.com/news/national/centres-panel-on-demographic-changes-reaches-jammu-meets-local-groups/article71333579.ece: Message: timeout: Timed out receiving message from renderer: 7.000
  (Session info: chrome=151.0.7922.77)
Stacktrace:
#0 0x556a7188382a <unknown>
#1 0x556a711f6fc9 <unknown>
#2 0x556a711dea2f <unknown>
#3 0x556a711de6a6 <unknown>
#4 0x556a711dc288 <unknown>
#5 0x556a711dcc0f <unknown>
#6 0x556a711ebd70 <unknown>
#7 0x556a71205d37 <unknown>
#8 0x556a7120d70b <unknown>
#9 0x556a711dd369 <unknown>
#10 0x556a71205a92 <unknown>
#11 0x556a71295066 <unknown>
#12 0x556a7123fd32 <unknown>
#13 0x556a71240bb1 <unknown>
#14 0x556a71848bb0 <unknown>
#15 0x556a7184722a <unknown>
#16 0x556a71831c55 <unknown>
#17 0x556a71847eea <unknown>
#18 0x556a71819b50 <unknown>
#19 0x556a7186f208 <unknown>
#20 0x556a7186f3a5 <unknown>
#21 0x556a718823de <unknown>
#22 0x7f0d9529caa4 <unknown>
#23 0x7f0d95329c6c <unknown>

2026-08-11 17:32:26,467 - ERROR - [The Hindu] All scrape strategies failed for https://www.thehindu.com/news/national/centres-panel-on-demographic-changes-reaches-jammu-meets-local-groups/article71333579.ece. Falling back to RSS description.
2026-08-11 17:32:26,467 - WARNING - SKIPPED (GLOBAL WORD LIMIT): Article 'Centre’s panel on demographic changes reaches Jammu, meets local groups' from The Hindu has only 35 words (Min: 90).
2026-08-11 17:32:26,481 - INFO - [Economic Times] Page content loaded.
2026-08-11 17:32:27,077 - WARNING - [Economic Times] FAILED with 'selenium_browser' (content was too short: 74 words).
2026-08-11 17:32:27,077 - ERROR - [Economic Times] All scrape strategies failed for https://economictimes.indiatimes.com/tech/technology/time-for-govt-cos-to-adopt-ai-deloitte-india/articleshow/79981215.cms. Falling back to RSS description.
2026-08-11 17:32:27,077 - WARNING - SKIPPED (GLOBAL WORD LIMIT): Article 'Time for government, companies to adopt artificial intelligence: Deloitte India ' from Economic Times has only 49 words (Min: 90).
2026-08-11 17:32:27,822 - INFO - [Economic Times] Early skip: URL https://economictimes.indiatimes.com/news/international/world-news/trump-announces-a-deal-for-hamas-to-disarm-in-gaza-but-many-hurdles-and-uncertainty-remain/articleshow/132753009.cms already exists.
2026-08-11 17:32:27,824 - INFO - [Economic Times] Article: https://economictimes.indiatimes.com/news/new-updates/in-1943-us-built-an-entire-city-and-it-didnt-exist-on-a-single-map/articleshow/132659427.cms
2026-08-11 17:32:27,824 - INFO - [Economic Times] Attempt 1/2: Trying with 'requests_browser' strategy...
2026-08-11 17:32:27,923 - INFO - [The Hindu] Article: https://www.thehindu.com/news/national/telangana/railways-looks-beyond-own-cadres-for-construction-wing-overhaul/article71328588.ece
2026-08-11 17:32:27,923 - INFO - [The Hindu] Attempt 1/1: Trying with 'selenium_browser' strategy...
2026-08-11 17:32:28,492 - INFO - [Economic Times] Success with 'requests_browser'. Found content (688 words).
2026-08-11 17:32:28,743 - INFO - [Times of India] Page content loaded.
2026-08-11 17:32:31,645 - ERROR - Error saving article In 1943, US built an entire city, and it didn't exist on a single map - The Economic Times: Hrana: `stream error: `Error { message: "SQLite error: UNIQUE constraint failed: articles.url", code: "SQLITE_CONSTRAINT" }``
2026-08-11 17:32:31,646 - INFO - [Wired] Page content loaded.
2026-08-11 17:32:31,782 - INFO - [Times of India] Success with 'selenium_browser'. Found content (366 words).
2026-08-11 17:32:34,034 - INFO - [Economic Times] Article: https://economictimes.indiatimes.com/news/new-updates/humans-have-a-third-eye-in-the-brain-study-links-it-to-a-600-million-year-old-cyclops-ancestor/articleshow/132655441.cms
2026-08-11 17:32:35,275 - INFO - [Economic Times] Attempt 1/2: Trying with 'requests_browser' strategy...
2026-08-11 17:32:35,277 - INFO - >>> SUCCESSFULLY SAVED [ID: 101724] - Human Rights Watch: ‘Seeking end to sanctions regime’: US human rights groups sue Trump over ICC crackdown - The Times of India from Times of India (366 words)
2026-08-11 17:32:35,498 - INFO - [Wired] Success with 'selenium_browser'. Found content (844 words).
2026-08-11 17:32:35,750 - INFO - [Economic Times] Success with 'requests_browser'. Found content (593 words).
2026-08-11 17:32:37,212 - INFO - [Times of India] Early skip: URL https://timesofindia.indiatimes.com/world/uk/quote-of-the-day-by-agatha-christie-if-you-place-your-head-in-a-lions-mouth-then-you-cannot-a-sharp-lesson-on-risk-responsibility-and-thinking-before-you-act/articleshow/133158808.cms already exists.
2026-08-11 17:32:37,670 - INFO - [Times of India] Early skip: URL https://timesofindia.indiatimes.com/world/us/you-are-loved-us-cop-hugs-man-battling-mental-health-crisis-talks-him-out-of-jumping-off-bridge/articleshow/133158697.cms already exists.
2026-08-11 17:32:38,682 - ERROR - Error saving article LG Promo Codes and Coupons for August 2026 | WIRED: Hrana: `stream error: `Error { message: "SQLite error: UNIQUE constraint failed: articles.url", code: "SQLITE_CONSTRAINT" }``
2026-08-11 17:32:38,683 - INFO - [Times of India] Early skip: URL https://timesofindia.indiatimes.com/world/us/this-building-alone-has-500-approved-h-1b-applications-trump-official-in-texas-reveals-shocking-reality-no-one-is-opening-doors/articleshow/133158849.cms already exists.
2026-08-11 17:32:38,684 - INFO - [Times of India] Early skip: URL https://timesofindia.indiatimes.com/relationships/maid-of-honour-plays-brides-old-voice-memo-for-wedding-toast-stunned-bride-says-she-couldnt-believe-it/articleshow/133157750.cms already exists.
2026-08-11 17:32:38,685 - INFO - [Times of India] Early skip: URL https://timesofindia.indiatimes.com/world/us/will-nypd-cops-go-to-syria-lebanon-with-zohran-mamdanis-wife-row-over-rama-duwajis-travel-plan-to-meet-family/articleshow/133156384.cms already exists.
2026-08-11 17:32:38,687 - INFO - [Times of India] Early skip: URL https://timesofindia.indiatimes.com/world/us/marylands-first-human-composting-facility-offers-an-alternative-to-burial-and-cremation-through-natural-organic-reduction/articleshow/133156114.cms already exists.
2026-08-11 17:32:38,688 - INFO - [Times of India] Early skip: URL https://timesofindia.indiatimes.com/world/rest-of-world/malaysias-princess-ilyana-29-married-british-gt-racer-chris-froggatt-32-the-multi-day-kuala-lumpur-wedding-blended-royal-traditions-with-motorsport/articleshow/133152388.cms already exists.
2026-08-11 17:32:38,689 - INFO - [Times of India] Early skip: URL https://timesofindia.indiatimes.com/world/rest-of-world/your-will-may-not-decide-where-your-super-goes-about-15-7-million-australians-are-estimated-to-lack-a-binding-death-benefit-nomination/articleshow/133155854.cms already exists.
2026-08-11 17:32:38,690 - INFO - [Times of India] Early skip: URL https://timesofindia.indiatimes.com/world/rest-of-world/australia-removed-rats-mice-and-rabbits-from-macquarie-island-after-nearly-200-years-and-seabirds-and-native-vegetation-are-now-recovering/articleshow/133147811.cms already exists.
2026-08-11 17:32:38,691 - INFO - [Times of India] Early skip: URL https://timesofindia.indiatimes.com/world/rest-of-world/assyrias-own-records-left-out-three-kings-and-new-evidence-is-revealing-who-they-were-and-why-they-disappeared/articleshow/133152208.cms already exists.
2026-08-11 17:32:38,693 - INFO - [Times of India] Early skip: URL https://timesofindia.indiatimes.com/world/europe/a-diver-found-a-3-million-gold-cross-in-a-spanish-shipwreck-20-years-later-it-vanished-from-a-museum/articleshow/133152206.cms already exists.
2026-08-11 17:32:38,694 - INFO - [Times of India] Early skip: URL https://timesofindia.indiatimes.com/world/rest-of-world/worlds-longest-national-road-in-australia-is-14500-km-long-and-forms-a-giant-loop-around-the-continent-crossing-deserts-rainforests-and-major-cities/articleshow/133153926.cms already exists.
2026-08-11 17:32:38,695 - INFO - [Times of India] Early skip: URL https://timesofindia.indiatimes.com/world/us/deported-multiple-times-mexico-man-sneaks-back-into-us-gets-20-years-for-exploiting-2-minors/articleshow/133154753.cms already exists.
2026-08-11 17:32:38,696 - INFO - [Times of India] Early skip: URL https://timesofindia.indiatimes.com/world/rest-of-world/a-billionaire-bought-a-dying-scottish-island-for-2-2-million-and-spent-135-million-bringing-it-back-to-life-with-100000-trees-restored-homes-and-new-community-spaces/articleshow/133154675.cms already exists.
2026-08-11 17:32:38,698 - INFO - [Times of India] Early skip: URL https://timesofindia.indiatimes.com/world/us/indian-jazz-guitarist-pritesh-walia-detained-by-ice-claim-friends-and-family-phone-taken-away/articleshow/133154537.cms already exists.
2026-08-11 17:32:38,699 - INFO - [Times of India] (Thread) Finished. Attempting to shut down its Selenium driver.
2026-08-11 17:32:40,166 - INFO - [Wired] Article: https://www.wired.com/story/mattress-firm-coupon/
2026-08-11 17:32:40,166 - INFO - [Wired] Attempt 1/2: Trying with 'requests_browser' strategy...
2026-08-11 17:32:41,656 - ERROR - Error saving article Humans have a 'third eye' in the brain: Study links it to a 600-million-year-old Cyclops ancestor - The Economic Times: Hrana: `stream error: `Error { message: "SQLite error: UNIQUE constraint failed: articles.url", code: "SQLITE_CONSTRAINT" }``
2026-08-11 17:32:41,666 - INFO - [Times of India] (Thread) driver.quit() successful.
2026-08-11 17:32:41,669 - ERROR - parsed tree length: 1, wrong data type or not valid HTML
2026-08-11 17:32:41,669 - ERROR - empty HTML tree: None
2026-08-11 17:32:41,669 - WARNING - discarding data: None
2026-08-11 17:32:41,669 - WARNING - [Wired] FAILED with 'requests_browser' (content was too short: 0 words).
2026-08-11 17:32:42,300 - WARNING - [The Hindu] Page get timed out (7s). Proceeding to grab partial source anyway.
2026-08-11 17:32:42,367 - INFO - [Wired] Article: https://www.wired.com/story/mattress-firm-coupon/
2026-08-11 17:32:42,367 - INFO - [Wired] Attempt 2/2: Trying with 'selenium_browser' strategy...
2026-08-11 17:32:42,718 - INFO - [Economic Times] Article: https://economictimes.indiatimes.com/news/new-updates/1500-ships-trapped-in-gulf-of-hormuz-is-quietly-multiplying-an-underwater-army-that-could-unleash-worlds-biggest-bioinvasion-event/articleshow/132595366.cms
2026-08-11 17:32:42,718 - INFO - [Economic Times] Attempt 1/2: Trying with 'requests_browser' strategy...
2026-08-11 17:32:43,220 - INFO - [Economic Times] Success with 'requests_browser'. Found content (687 words).
2026-08-11 17:32:44,725 - INFO - [Wired] Page content loaded.
2026-08-11 17:32:46,114 - ERROR - Error saving article 1,500 ships trapped in Gulf of Hormuz are quietly multiplying an underwater army that could unleash World's biggest bioinvasion event - The Economic Times: Hrana: `stream error: `Error { message: "SQLite error: UNIQUE constraint failed: articles.url", code: "SQLITE_CONSTRAINT" }``
2026-08-11 17:32:46,224 - INFO - [Wired] Success with 'selenium_browser'. Found content (852 words).
2026-08-11 17:32:47,843 - INFO - [Economic Times] Article: https://economictimes.indiatimes.com/news/new-updates/argentina-vs-spain-fifa-world-cup-final-to-be-replayed-petition-for-a-rematch-crosses-60000-signatures/articleshow/132576024.cms
2026-08-11 17:32:47,843 - INFO - [Economic Times] Attempt 1/2: Trying with 'requests_browser' strategy...
2026-08-11 17:32:49,244 - ERROR - Error saving article Mattress Firm Coupons: Save up to $700 | | WIRED: Hrana: `stream error: `Error { message: "SQLite error: UNIQUE constraint failed: articles.url", code: "SQLITE_CONSTRAINT" }``
2026-08-11 17:32:49,313 - WARNING - [The Hindu] Page explicit wait timed out (3s). Proceeding anyway.
2026-08-11 17:32:49,340 - INFO - [Economic Times] Success with 'requests_browser'. Found content (228 words).
2026-08-11 17:32:51,205 - INFO - [Wired] Article: https://www.wired.com/story/best-buy-discount-code/
2026-08-11 17:32:51,702 - INFO - [Wired] Attempt 1/2: Trying with 'requests_browser' strategy...
2026-08-11 17:32:52,598 - ERROR - Error saving article Argentina vs Spain FIFA World Cup Final to be replayed? Petition for a rematch crosses 60,000 signatures - The Economic Times: Hrana: `stream error: `Error { message: "SQLite error: UNIQUE constraint failed: articles.url", code: "SQLITE_CONSTRAINT" }``
2026-08-11 17:32:52,611 - ERROR - parsed tree length: 1, wrong data type or not valid HTML
2026-08-11 17:32:52,611 - ERROR - empty HTML tree: None
2026-08-11 17:32:52,611 - WARNING - discarding data: None
2026-08-11 17:32:52,611 - WARNING - [Wired] FAILED with 'requests_browser' (content was too short: 0 words).
2026-08-11 17:32:53,183 - INFO - [Wired] Article: https://www.wired.com/story/best-buy-discount-code/
2026-08-11 17:32:53,183 - INFO - [Wired] Attempt 2/2: Trying with 'selenium_browser' strategy...
2026-08-11 17:32:54,003 - INFO - [Economic Times] Article: https://economictimes.indiatimes.com/news/new-updates/he-baked-potato-in-aluminium-foil-and-ate-it-next-morning-after-microwaving-it-hours-later-he-was-paralysed-doctor-explains-why/articleshow/132574269.cms
2026-08-11 17:32:54,003 - INFO - [Economic Times] Attempt 1/2: Trying with 'requests_browser' strategy...
2026-08-11 17:32:54,390 - INFO - [Economic Times] Success with 'requests_browser'. Found content (558 words).
2026-08-11 17:32:56,369 - ERROR - [The Hindu] Request failed for strategy 'selenium_browser' on URL https://www.thehindu.com/news/national/telangana/railways-looks-beyond-own-cadres-for-construction-wing-overhaul/article71328588.ece: Message: timeout: Timed out receiving message from renderer: 7.000
  (Session info: chrome=151.0.7922.77)
Stacktrace:
#0 0x556a7188382a <unknown>
#1 0x556a711f6fc9 <unknown>
#2 0x556a711dea2f <unknown>
#3 0x556a711de6a6 <unknown>
#4 0x556a711dc288 <unknown>
#5 0x556a711dcc0f <unknown>
#6 0x556a711ebd70 <unknown>
#7 0x556a71205d37 <unknown>
#8 0x556a7120d70b <unknown>
#9 0x556a711dd369 <unknown>
#10 0x556a71205a92 <unknown>
#11 0x556a71295066 <unknown>
#12 0x556a7123fd32 <unknown>
#13 0x556a71240bb1 <unknown>
#14 0x556a71848bb0 <unknown>
#15 0x556a7184722a <unknown>
#16 0x556a71831c55 <unknown>
#17 0x556a71847eea <unknown>
#18 0x556a71819b50 <unknown>
#19 0x556a7186f208 <unknown>
#20 0x556a7186f3a5 <unknown>
#21 0x556a718823de <unknown>
#22 0x7f0d9529caa4 <unknown>
#23 0x7f0d95329c6c <unknown>

2026-08-11 17:32:56,370 - ERROR - [The Hindu] All scrape strategies failed for https://www.thehindu.com/news/national/telangana/railways-looks-beyond-own-cadres-for-construction-wing-overhaul/article71328588.ece. Falling back to RSS description.
2026-08-11 17:32:57,298 - WARNING - SKIPPED (GLOBAL WORD LIMIT): Article 'Railways looks beyond own cadres for construction wing overhaul' from The Hindu has only 3 words (Min: 90).
2026-08-11 17:32:57,298 - ERROR - Error saving article He baked potato in aluminium foil, and ate it next morning after microwaving. Hours later, he was paralysed, doctor explains why - The Economic Times: Hrana: `stream error: `Error { message: "SQLite error: UNIQUE constraint failed: articles.url", code: "SQLITE_CONSTRAINT" }``
2026-08-11 17:32:57,298 - INFO - [Wired] Page content loaded.
2026-08-11 17:32:57,659 - INFO - [Wired] Success with 'selenium_browser'. Found content (837 words).
2026-08-11 17:32:59,342 - INFO - [The Hindu] Article: https://www.thehindu.com/news/national/rachnatmak-congress-meet-to-focus-on-unemployment-social-justice/article71333243.ece
2026-08-11 17:32:59,342 - INFO - [The Hindu] Attempt 1/1: Trying with 'selenium_browser' strategy...
2026-08-11 17:32:59,343 - INFO - [Economic Times] Article: https://economictimes.indiatimes.com/news/elections/assembly-elections/assam/done-deal-cm-himanta-biswa-sarma-on-nda-seat-sharing-for-assam-polls/articleshow/128678098.cms
2026-08-11 17:32:59,343 - INFO - [Economic Times] Attempt 1/2: Trying with 'requests_browser' strategy...
2026-08-11 17:33:00,745 - ERROR - Error saving article Best Buy Discount Codes: Up to 60% Off | WIRED: Hrana: `stream error: `Error { message: "SQLite error: UNIQUE constraint failed: articles.url", code: "SQLITE_CONSTRAINT" }``
2026-08-11 17:33:00,767 - INFO - [Economic Times] Success with 'requests_browser'. Found content (518 words).
2026-08-11 17:33:02,250 - INFO - [Wired] Article: https://www.wired.com/story/peacock-promo-code/
2026-08-11 17:33:02,250 - INFO - [Wired] Attempt 1/2: Trying with 'requests_browser' strategy...
2026-08-11 17:33:03,732 - ERROR - Error saving article 'Done deal': CM Himanta Biswa Sarma on NDA seat-sharing for Assam polls - The Economic Times: Hrana: `stream error: `Error { message: "SQLite error: UNIQUE constraint failed: articles.url", code: "SQLITE_CONSTRAINT" }``
2026-08-11 17:33:03,743 - ERROR - parsed tree length: 1, wrong data type or not valid HTML
2026-08-11 17:33:03,743 - ERROR - empty HTML tree: None
2026-08-11 17:33:03,744 - WARNING - discarding data: None
2026-08-11 17:33:03,744 - WARNING - [Wired] FAILED with 'requests_browser' (content was too short: 0 words).
2026-08-11 17:33:04,557 - INFO - [Wired] Article: https://www.wired.com/story/peacock-promo-code/
2026-08-11 17:33:04,557 - INFO - [Wired] Attempt 2/2: Trying with 'selenium_browser' strategy...
2026-08-11 17:33:04,903 - INFO - [Economic Times] Article: https://economictimes.indiatimes.com/news/elections/assembly-elections/bihar/rare-intensive-revision-in-bihar-four-months-before-polls/articleshow/122167501.cms
2026-08-11 17:33:04,903 - INFO - [Economic Times] Attempt 1/2: Trying with 'requests_browser' strategy...
2026-08-11 17:33:05,278 - INFO - [Economic Times] Success with 'requests_browser'. Found content (864 words).
2026-08-11 17:33:07,236 - INFO - [Wired] Page content loaded.
2026-08-11 17:33:08,166 - ERROR - Error saving article Rare 'intensive' revision in Bihar four months before polls - The Economic Times: Hrana: `stream error: `Error { message: "SQLite error: UNIQUE constraint failed: articles.url", code: "SQLITE_CONSTRAINT" }``
2026-08-11 17:33:08,422 - INFO - [Wired] Success with 'selenium_browser'. Found content (1651 words).
2026-08-11 17:33:09,906 - INFO - [Economic Times] Article: https://economictimes.indiatimes.com/news/elections/assembly-elections/delhi/bjp-accuses-kejriwal-of-sending-voters-hoax-calls-to-mislead/articleshow/117579007.cms
2026-08-11 17:33:10,357 - INFO - [Economic Times] Attempt 1/2: Trying with 'requests_browser' strategy...
2026-08-11 17:33:11,274 - ERROR - Error saving article Peacock Promo Codes: 40% Off August 2026 | WIRED: Hrana: `stream error: `Error { message: "SQLite error: UNIQUE constraint failed: articles.url", code: "SQLITE_CONSTRAINT" }``
2026-08-11 17:33:11,296 - INFO - [Economic Times] Success with 'requests_browser'. Found content (550 words).
2026-08-11 17:33:12,904 - INFO - [Wired] Article: https://www.wired.com/story/booking-com-promo-code/
2026-08-11 17:33:13,400 - INFO - [Wired] Attempt 1/2: Trying with 'requests_browser' strategy...
2026-08-11 17:33:14,397 - ERROR - Error saving article BJP accuses Kejriwal of sending voters hoax calls to mislead - The Economic Times: Hrana: `stream error: `Error { message: "SQLite error: UNIQUE constraint failed: articles.url", code: "SQLITE_CONSTRAINT" }``
2026-08-11 17:33:14,408 - ERROR - parsed tree length: 1, wrong data type or not valid HTML
2026-08-11 17:33:14,409 - ERROR - empty HTML tree: None
2026-08-11 17:33:14,409 - WARNING - discarding data: None
2026-08-11 17:33:14,409 - WARNING - [Wired] FAILED with 'requests_browser' (content was too short: 0 words).
2026-08-11 17:33:15,158 - INFO - [Wired] Article: https://www.wired.com/story/booking-com-promo-code/
2026-08-11 17:33:15,158 - INFO - [Wired] Attempt 2/2: Trying with 'selenium_browser' strategy...
2026-08-11 17:33:15,179 - WARNING - [The Hindu] Page get timed out (7s). Proceeding to grab partial source anyway.
2026-08-11 17:33:15,344 - INFO - [Economic Times] Article: https://economictimes.indiatimes.com/news/elections/lok-sabha/india/lok-sabha-election-2024-maharashtra-get-interesting-after-splits-in-shiv-sena-ncp/articleshow/108559788.cms
2026-08-11 17:33:15,344 - INFO - [Economic Times] Attempt 1/2: Trying with 'requests_browser' strategy...
2026-08-11 17:33:15,825 - INFO - [Economic Times] Success with 'requests_browser'. Found content (1442 words).
2026-08-11 17:33:18,935 - INFO - [Wired] Page content loaded.
2026-08-11 17:33:18,935 - ERROR - Error saving article Lok Sabha election 2024: Maharashtra get interesting after splits in Shiv Sena, NCP - The Economic Times: Hrana: `stream error: `Error { message: "SQLite error: UNIQUE constraint failed: articles.url", code: "SQLITE_CONSTRAINT" }``
2026-08-11 17:33:19,186 - INFO - [Wired] Success with 'selenium_browser'. Found content (1319 words).
2026-08-11 17:33:20,794 - INFO - [Economic Times] Article: https://economictimes.indiatimes.com/news/elections/lok-sabha/india/modi-charisma-key-factor-in-bjps-bid-to-retain-all-26-seats-in-gujarat/articleshow/108550858.cms
2026-08-11 17:33:20,795 - INFO - [Economic Times] Attempt 1/2: Trying with 'requests_browser' strategy...
2026-08-11 17:33:22,300 - WARNING - [The Hindu] Page explicit wait timed out (3s). Proceeding anyway.
2026-08-11 17:33:22,301 - ERROR - Error saving article Booking.com Promo Codes: 20% Off | August 2026 | WIRED: Hrana: `stream error: `Error { message: "SQLite error: UNIQUE constraint failed: articles.url", code: "SQLITE_CONSTRAINT" }``
2026-08-11 17:33:22,324 - INFO - [Economic Times] Success with 'requests_browser'. Found content (838 words).
2026-08-11 17:33:23,794 - INFO - [Wired] Article: https://www.wired.com/story/dell-coupon-code/
2026-08-11 17:33:23,794 - INFO - [Wired] Attempt 1/2: Trying with 'requests_browser' strategy...
2026-08-11 17:33:25,159 - ERROR - Error saving article Modi charisma key factor in BJP's bid to retain all 26 seats in Gujarat - The Economic Times: Hrana: `stream error: `Error { message: "SQLite error: UNIQUE constraint failed: articles.url", code: "SQLITE_CONSTRAINT" }``
2026-08-11 17:33:25,170 - ERROR - parsed tree length: 1, wrong data type or not valid HTML
2026-08-11 17:33:25,171 - ERROR - empty HTML tree: None
2026-08-11 17:33:25,171 - WARNING - discarding data: None
2026-08-11 17:33:25,171 - WARNING - [Wired] FAILED with 'requests_browser' (content was too short: 0 words).
2026-08-11 17:33:25,907 - INFO - [Wired] Article: https://www.wired.com/story/dell-coupon-code/
2026-08-11 17:33:25,907 - INFO - [Wired] Attempt 2/2: Trying with 'selenium_browser' strategy...
2026-08-11 17:33:25,947 - INFO - [Economic Times] Article: https://economictimes.indiatimes.com/news/elections/lok-sabha/india/implementation-of-guarantees-decline-of-brs-favour-congress-in-telangana-bjp-aiming-for-better-show/articleshow/108548569.cms
2026-08-11 17:33:25,947 - INFO - [Economic Times] Attempt 1/2: Trying with 'requests_browser' strategy...
2026-08-11 17:33:26,412 - INFO - [Economic Times] Success with 'requests_browser'. Found content (1272 words).
2026-08-11 17:33:29,237 - ERROR - Error saving article Implementation of 'guarantees', decline of BRS favour Congress in Telangana, BJP aiming for better show - The Economic Times: Hrana: `stream error: `Error { message: "SQLite error: UNIQUE constraint failed: articles.url", code: "SQLITE_CONSTRAINT" }``
2026-08-11 17:33:29,238 - INFO - [Wired] Page content loaded.
2026-08-11 17:33:29,309 - ERROR - [The Hindu] Request failed for strategy 'selenium_browser' on URL https://www.thehindu.com/news/national/rachnatmak-congress-meet-to-focus-on-unemployment-social-justice/article71333243.ece: Message: timeout: Timed out receiving message from renderer: 7.000
  (Session info: chrome=151.0.7922.77)
Stacktrace:
#0 0x556a7188382a <unknown>
#1 0x556a711f6fc9 <unknown>
#2 0x556a711dea2f <unknown>
#3 0x556a711de6a6 <unknown>
#4 0x556a711dc288 <unknown>
#5 0x556a711dcc0f <unknown>
#6 0x556a711ebd70 <unknown>
#7 0x556a71205d37 <unknown>
#8 0x556a7120d70b <unknown>
#9 0x556a711dd369 <unknown>
#10 0x556a71205a92 <unknown>
#11 0x556a71295066 <unknown>
#12 0x556a7123fd32 <unknown>
#13 0x556a71240bb1 <unknown>
#14 0x556a71848bb0 <unknown>
#15 0x556a7184722a <unknown>
#16 0x556a71831c55 <unknown>
#17 0x556a71847eea <unknown>
#18 0x556a71819b50 <unknown>
#19 0x556a7186f208 <unknown>
#20 0x556a7186f3a5 <unknown>
#21 0x556a718823de <unknown>
#22 0x7f0d9529caa4 <unknown>
#23 0x7f0d95329c6c <unknown>

2026-08-11 17:33:29,310 - ERROR - [The Hindu] All scrape strategies failed for https://www.thehindu.com/news/national/rachnatmak-congress-meet-to-focus-on-unemployment-social-justice/article71333243.ece. Falling back to RSS description.
2026-08-11 17:33:29,310 - WARNING - SKIPPED (GLOBAL WORD LIMIT): Article '‘Rachnatmak Congress’ meet to focus on unemployment, social justice' from The Hindu has only 19 words (Min: 90).
2026-08-11 17:33:29,571 - INFO - [Wired] Success with 'selenium_browser'. Found content (1705 words).
2026-08-11 17:33:31,216 - INFO - [Economic Times] Article: https://economictimes.indiatimes.com/traders-bet-on-calendar-spread-as-nifty-moves-in-a-tight-range/articleshow/6302358.cms
2026-08-11 17:33:31,216 - INFO - [Economic Times] Attempt 1/2: Trying with 'requests_browser' strategy...
2026-08-11 17:33:31,724 - INFO - [The Hindu] Article: https://www.thehindu.com/news/national/inquiry-committee-report-on-justice-varma-to-be-tabled-in-lok-sabha-on-august-12/article71333723.ece
2026-08-11 17:33:31,724 - INFO - [The Hindu] Attempt 1/1: Trying with 'selenium_browser' strategy...
2026-08-11 17:33:32,629 - ERROR - Error saving article Dell Coupon Codes: 20% Off for August 2026 | WIRED: Hrana: `stream error: `Error { message: "SQLite error: UNIQUE constraint failed: articles.url", code: "SQLITE_CONSTRAINT" }``
2026-08-11 17:33:32,635 - ERROR - parsed tree length: 1, wrong data type or not valid HTML
2026-08-11 17:33:32,635 - ERROR - empty HTML tree: None
2026-08-11 17:33:32,635 - WARNING - discarding data: None
2026-08-11 17:33:32,635 - WARNING - [Economic Times] FAILED with 'requests_browser' (content was too short: 0 words).
2026-08-11 17:33:33,320 - INFO - [Wired] Article: https://www.wired.com/story/meta-quest-promo-code/
2026-08-11 17:33:33,320 - INFO - [Wired] Attempt 1/2: Trying with 'requests_browser' strategy...
2026-08-11 17:33:33,527 - ERROR - parsed tree length: 1, wrong data type or not valid HTML
2026-08-11 17:33:33,527 - ERROR - empty HTML tree: None
2026-08-11 17:33:33,528 - WARNING - discarding data: None
2026-08-11 17:33:33,528 - WARNING - [Wired] FAILED with 'requests_browser' (content was too short: 0 words).
2026-08-11 17:33:33,546 - INFO - [Economic Times] Article: https://economictimes.indiatimes.com/traders-bet-on-calendar-spread-as-nifty-moves-in-a-tight-range/articleshow/6302358.cms
2026-08-11 17:33:33,546 - INFO - [Economic Times] Attempt 2/2: Trying with 'selenium_browser' strategy...
2026-08-11 17:33:34,457 - INFO - [Wired] Article: https://www.wired.com/story/meta-quest-promo-code/
2026-08-11 17:33:34,457 - INFO - [Wired] Attempt 2/2: Trying with 'selenium_browser' strategy...
2026-08-11 17:33:35,224 - INFO - [Economic Times] Page content loaded.
2026-08-11 17:33:35,542 - INFO - [Economic Times] Success with 'selenium_browser'. Found content (383 words).
2026-08-11 17:33:38,595 - INFO - [Wired] Page content loaded.
2026-08-11 17:33:38,595 - ERROR - Error saving article Traders bet on calendar spread as Nifty moves in a tight range - The Economic Times: Hrana: `stream error: `Error { message: "SQLite error: UNIQUE constraint failed: articles.url", code: "SQLITE_CONSTRAINT" }``
2026-08-11 17:33:38,950 - INFO - [Wired] Success with 'selenium_browser'. Found content (1242 words).
2026-08-11 17:33:40,439 - INFO - [Economic Times] Article: https://economictimes.indiatimes.com/nifty-may-find-support-at-5300-level/articleshow/6296017.cms
2026-08-11 17:33:40,890 - INFO - [Economic Times] Attempt 1/2: Trying with 'requests_browser' strategy...
2026-08-11 17:33:41,890 - ERROR - Error saving article Meta Quest Promo Codes and Coupons for August 2026 | WIRED: Hrana: `stream error: `Error { message: "SQLite error: UNIQUE constraint failed: articles.url", code: "SQLITE_CONSTRAINT" }``
2026-08-11 17:33:41,904 - ERROR - parsed tree length: 1, wrong data type or not valid HTML
2026-08-11 17:33:41,904 - ERROR - empty HTML tree: None
2026-08-11 17:33:41,904 - WARNING - discarding data: None
2026-08-11 17:33:41,904 - WARNING - [Economic Times] FAILED with 'requests_browser' (content was too short: 0 words).
2026-08-11 17:33:42,456 - INFO - [Wired] Article: https://www.wired.com/story/petlibro-discount-code/
2026-08-11 17:33:42,456 - INFO - [Wired] Attempt 1/2: Trying with 'requests_browser' strategy...
2026-08-11 17:33:42,469 - INFO - [Economic Times] Article: https://economictimes.indiatimes.com/nifty-may-find-support-at-5300-level/articleshow/6296017.cms
2026-08-11 17:33:42,470 - INFO - [Economic Times] Attempt 2/2: Trying with 'selenium_browser' strategy...
2026-08-11 17:33:42,764 - ERROR - parsed tree length: 1, wrong data type or not valid HTML
2026-08-11 17:33:42,764 - ERROR - empty HTML tree: None
2026-08-11 17:33:42,764 - WARNING - discarding data: None
2026-08-11 17:33:42,764 - WARNING - [Wired] FAILED with 'requests_browser' (content was too short: 0 words).
2026-08-11 17:33:43,552 - INFO - [Wired] Article: https://www.wired.com/story/petlibro-discount-code/
2026-08-11 17:33:43,554 - INFO - [Wired] Attempt 2/2: Trying with 'selenium_browser' strategy...
2026-08-11 17:33:45,750 - WARNING - [The Hindu] Page get timed out (7s). Proceeding to grab partial source anyway.
2026-08-11 17:33:50,889 - INFO - [Wired] Page content loaded.
2026-08-11 17:33:52,148 - INFO - [Wired] Success with 'selenium_browser'. Found content (895 words).
2026-08-11 17:33:54,382 - WARNING - [The Hindu] Page explicit wait timed out (3s). Proceeding anyway.
2026-08-11 17:33:55,287 - ERROR - Error saving article Petlibro Offers: 30% Off in August 2026 | WIRED: Hrana: `stream error: `Error { message: "SQLite error: UNIQUE constraint failed: articles.url", code: "SQLITE_CONSTRAINT" }``
2026-08-11 17:33:55,738 - INFO - [Economic Times] Page content loaded.
2026-08-11 17:33:55,915 - INFO - [Wired] Article: https://www.wired.com/story/sealy-promo-code/
2026-08-11 17:33:55,915 - INFO - [Wired] Attempt 1/2: Trying with 'requests_browser' strategy...
2026-08-11 17:33:55,975 - INFO - [Economic Times] Success with 'selenium_browser'. Found content (773 words).
2026-08-11 17:33:56,401 - ERROR - parsed tree length: 1, wrong data type or not valid HTML
2026-08-11 17:33:56,401 - ERROR - empty HTML tree: None
2026-08-11 17:33:56,401 - WARNING - discarding data: None
2026-08-11 17:33:56,401 - WARNING - [Wired] FAILED with 'requests_browser' (content was too short: 0 words).
2026-08-11 17:33:57,878 - INFO - [Wired] Article: https://www.wired.com/story/sealy-promo-code/
2026-08-11 17:33:57,878 - INFO - [Wired] Attempt 2/2: Trying with 'selenium_browser' strategy...
2026-08-11 17:33:59,264 - ERROR - Error saving article Nifty may find support at 5300 level - The Economic Times: Hrana: `stream error: `Error { message: "SQLite error: UNIQUE constraint failed: articles.url", code: "SQLITE_CONSTRAINT" }``
2026-08-11 17:34:00,447 - INFO - [Economic Times] Article: https://economictimes.indiatimes.com/seven-out-of-top-10-asian-small-cap-funds-are-indian/articleshow/6295976.cms
2026-08-11 17:34:00,447 - INFO - [Economic Times] Attempt 1/2: Trying with 'requests_browser' strategy...
2026-08-11 17:34:00,481 - INFO - [Wired] Page content loaded.
2026-08-11 17:34:00,820 - ERROR - parsed tree length: 1, wrong data type or not valid HTML
2026-08-11 17:34:00,820 - ERROR - empty HTML tree: None
2026-08-11 17:34:00,820 - WARNING - discarding data: None
2026-08-11 17:34:00,820 - WARNING - [Economic Times] FAILED with 'requests_browser' (content was too short: 0 words).
2026-08-11 17:34:01,259 - INFO - [Wired] Success with 'selenium_browser'. Found content (539 words).
2026-08-11 17:34:01,631 - INFO - [Economic Times] Article: https://economictimes.indiatimes.com/seven-out-of-top-10-asian-small-cap-funds-are-indian/articleshow/6295976.cms
2026-08-11 17:34:01,632 - INFO - [Economic Times] Attempt 2/2: Trying with 'selenium_browser' strategy...
2026-08-11 17:34:03,598 - ERROR - [The Hindu] Request failed for strategy 'selenium_browser' on URL https://www.thehindu.com/news/national/inquiry-committee-report-on-justice-varma-to-be-tabled-in-lok-sabha-on-august-12/article71333723.ece: Message: timeout: Timed out receiving message from renderer: 7.000
  (Session info: chrome=151.0.7922.77)
Stacktrace:
#0 0x556a7188382a <unknown>
#1 0x556a711f6fc9 <unknown>
#2 0x556a711dea2f <unknown>
#3 0x556a711de6a6 <unknown>
#4 0x556a711dc288 <unknown>
#5 0x556a711dcc0f <unknown>
#6 0x556a711ebd70 <unknown>
#7 0x556a71205d37 <unknown>
#8 0x556a7120d70b <unknown>
#9 0x556a711dd369 <unknown>
#10 0x556a71205a92 <unknown>
#11 0x556a71295066 <unknown>
#12 0x556a7123fd32 <unknown>
#13 0x556a71240bb1 <unknown>
#14 0x556a71848bb0 <unknown>
#15 0x556a7184722a <unknown>
#16 0x556a71831c55 <unknown>
#17 0x556a71847eea <unknown>
#18 0x556a71819b50 <unknown>
#19 0x556a7186f208 <unknown>
#20 0x556a7186f3a5 <unknown>
#21 0x556a718823de <unknown>
#22 0x7f0d9529caa4 <unknown>
#23 0x7f0d95329c6c <unknown>

2026-08-11 17:34:04,632 - ERROR - [The Hindu] All scrape strategies failed for https://www.thehindu.com/news/national/inquiry-committee-report-on-justice-varma-to-be-tabled-in-lok-sabha-on-august-12/article71333723.ece. Falling back to RSS description.
2026-08-11 17:34:04,632 - WARNING - SKIPPED (GLOBAL WORD LIMIT): Article 'Inquiry committee report on Justice Varma to be tabled in Lok Sabha on August 12' from The Hindu has only 28 words (Min: 90).
2026-08-11 17:34:04,632 - ERROR - Error saving article Sealy Promo Codes: $100 Off | WIRED: Hrana: `stream error: `Error { message: "SQLite error: UNIQUE constraint failed: articles.url", code: "SQLITE_CONSTRAINT" }``
2026-08-11 17:34:05,499 - INFO - [The Hindu] Article: https://www.thehindu.com/news/national/west-bengal/bengal-cricketer-abhishek-porel-arrested-on-rape-charges/article71332005.ece
2026-08-11 17:34:05,499 - INFO - [The Hindu] Attempt 1/1: Trying with 'selenium_browser' strategy...
2026-08-11 17:34:05,572 - INFO - [Economic Times] Page content loaded.
2026-08-11 17:34:05,810 - INFO - [Economic Times] Success with 'selenium_browser'. Found content (607 words).
2026-08-11 17:34:05,936 - INFO - [Wired] Article: https://www.wired.com/story/ll-bean-promo-code/
2026-08-11 17:34:05,936 - INFO - [Wired] Attempt 1/2: Trying with 'requests_browser' strategy...
2026-08-11 17:34:08,769 - ERROR - Error saving article Seven out of top 10 Asian small-cap funds are Indian - The Economic Times: Hrana: `stream error: `Error { message: "SQLite error: UNIQUE constraint failed: articles.url", code: "SQLITE_CONSTRAINT" }``
2026-08-11 17:34:08,780 - ERROR - parsed tree length: 1, wrong data type or not valid HTML
2026-08-11 17:34:08,780 - ERROR - empty HTML tree: None
2026-08-11 17:34:08,780 - WARNING - discarding data: None
2026-08-11 17:34:08,780 - WARNING - [Wired] FAILED with 'requests_browser' (content was too short: 0 words).
2026-08-11 17:34:09,298 - INFO - [Wired] Article: https://www.wired.com/story/ll-bean-promo-code/
2026-08-11 17:34:09,298 - INFO - [Wired] Attempt 2/2: Trying with 'selenium_browser' strategy...
2026-08-11 17:34:10,191 - INFO - [Economic Times] Article: https://economictimes.indiatimes.com/inflation-reflects-growth-dynamics-in-india-christopher-wood/articleshow/6274053.cms
2026-08-11 17:34:10,191 - INFO - [Economic Times] Attempt 1/2: Trying with 'requests_browser' strategy...
2026-08-11 17:34:10,678 - ERROR - parsed tree length: 1, wrong data type or not valid HTML
2026-08-11 17:34:10,678 - ERROR - empty HTML tree: None
2026-08-11 17:34:10,678 - WARNING - discarding data: None
2026-08-11 17:34:10,678 - WARNING - [Economic Times] FAILED with 'requests_browser' (content was too short: 0 words).
2026-08-11 17:34:11,306 - INFO - [Wired] Page content loaded.
2026-08-11 17:34:11,354 - INFO - [Economic Times] Article: https://economictimes.indiatimes.com/inflation-reflects-growth-dynamics-in-india-christopher-wood/articleshow/6274053.cms
2026-08-11 17:34:11,354 - INFO - [Economic Times] Attempt 2/2: Trying with 'selenium_browser' strategy...
2026-08-11 17:34:11,760 - INFO - [Wired] Success with 'selenium_browser'. Found content (716 words).
2026-08-11 17:34:14,799 - ERROR - Error saving article L.L.Bean Promo Codes and Coupons: 75% Off | WIRED: Hrana: `stream error: `Error { message: "SQLite error: UNIQUE constraint failed: articles.url", code: "SQLITE_CONSTRAINT" }``
2026-08-11 17:34:15,281 - INFO - [Economic Times] Page content loaded.
2026-08-11 17:34:15,979 - INFO - [Economic Times] Success with 'selenium_browser'. Found content (4404 words).
2026-08-11 17:34:17,871 - INFO - [Wired] Article: https://www.wired.com/story/tempur-pedic-promo-code/
2026-08-11 17:34:17,872 - INFO - [Wired] Attempt 1/2: Trying with 'requests_browser' strategy...
2026-08-11 17:34:19,277 - ERROR - Error saving article Inflation reflects growth dynamics in India: Christopher Wood - The Economic Times: Hrana: `stream error: `Error { message: "SQLite error: UNIQUE constraint failed: articles.url", code: "SQLITE_CONSTRAINT" }``
2026-08-11 17:34:19,344 - ERROR - parsed tree length: 1, wrong data type or not valid HTML
2026-08-11 17:34:19,345 - ERROR - empty HTML tree: None
2026-08-11 17:34:19,345 - WARNING - discarding data: None
2026-08-11 17:34:19,345 - WARNING - [Wired] FAILED with 'requests_browser' (content was too short: 0 words).
2026-08-11 17:34:19,784 - INFO - [Economic Times] Article: https://economictimes.indiatimes.com/market-may-trade-in-a-range-but-fiis-seen-sold-on-india/articleshow/6277705.cms
2026-08-11 17:34:19,784 - INFO - [Economic Times] Attempt 1/2: Trying with 'requests_browser' strategy...
2026-08-11 17:34:20,110 - ERROR - parsed tree length: 1, wrong data type or not valid HTML
2026-08-11 17:34:20,110 - ERROR - empty HTML tree: None
2026-08-11 17:34:20,110 - WARNING - discarding data: None
2026-08-11 17:34:20,110 - WARNING - [Economic Times] FAILED with 'requests_browser' (content was too short: 0 words).
2026-08-11 17:34:20,308 - INFO - [Wired] Article: https://www.wired.com/story/tempur-pedic-promo-code/
2026-08-11 17:34:20,308 - INFO - [Wired] Attempt 2/2: Trying with 'selenium_browser' strategy...
2026-08-11 17:34:20,690 - INFO - [Economic Times] Article: https://economictimes.indiatimes.com/market-may-trade-in-a-range-but-fiis-seen-sold-on-india/articleshow/6277705.cms
2026-08-11 17:34:20,690 - INFO - [Economic Times] Attempt 2/2: Trying with 'selenium_browser' strategy...
2026-08-11 17:34:20,877 - WARNING - [The Hindu] Page get timed out (7s). Proceeding to grab partial source anyway.
2026-08-11 17:34:21,883 - INFO - [Wired] Page content loaded.
2026-08-11 17:34:22,390 - INFO - [Wired] Success with 'selenium_browser'. Found content (721 words).
2026-08-11 17:34:24,522 - INFO - [Economic Times] Page content loaded.
2026-08-11 17:34:25,445 - ERROR - Error saving article 30% Off Tempur-Pedic Promo Codes | August 2026 | WIRED: Hrana: `stream error: `Error { message: "SQLite error: UNIQUE constraint failed: articles.url", code: "SQLITE_CONSTRAINT" }``
2026-08-11 17:34:25,519 - INFO - [Economic Times] Success with 'selenium_browser'. Found content (432 words).
2026-08-11 17:34:27,078 - INFO - [Wired] Early skip: URL https://www.wired.com/story/playstation-discount-code/ already exists.
2026-08-11 17:34:28,525 - INFO - [Wired] Article: https://www.wired.com/story/att-promo-code/
2026-08-11 17:34:28,526 - INFO - [Wired] Attempt 1/2: Trying with 'requests_browser' strategy...
2026-08-11 17:34:28,526 - ERROR - Error saving article Market may trade in a range, but FIIs seen sold on India - The Economic Times: Hrana: `stream error: `Error { message: "SQLite error: UNIQUE constraint failed: articles.url", code: "SQLITE_CONSTRAINT" }``
2026-08-11 17:34:28,526 - WARNING - [The Hindu] Page explicit wait timed out (3s). Proceeding anyway.
2026-08-11 17:34:28,723 - ERROR - parsed tree length: 1, wrong data type or not valid HTML
2026-08-11 17:34:28,724 - ERROR - empty HTML tree: None
2026-08-11 17:34:28,724 - WARNING - discarding data: None
2026-08-11 17:34:28,724 - WARNING - [Wired] FAILED with 'requests_browser' (content was too short: 0 words).
2026-08-11 17:34:29,160 - INFO - [Economic Times] Article: https://economictimes.indiatimes.com/dont-bank-only-on-price-to-earning-ratio/articleshow/6278228.cms
2026-08-11 17:34:29,161 - INFO - [Economic Times] Attempt 1/2: Trying with 'requests_browser' strategy...
2026-08-11 17:34:29,477 - INFO - [Wired] Article: https://www.wired.com/story/att-promo-code/
2026-08-11 17:34:29,477 - INFO - [Wired] Attempt 2/2: Trying with 'selenium_browser' strategy...
2026-08-11 17:34:29,484 - ERROR - parsed tree length: 1, wrong data type or not valid HTML
2026-08-11 17:34:29,484 - ERROR - empty HTML tree: None
2026-08-11 17:34:29,485 - WARNING - discarding data: None
2026-08-11 17:34:29,485 - WARNING - [Economic Times] FAILED with 'requests_browser' (content was too short: 0 words).
2026-08-11 17:34:30,090 - INFO - [Economic Times] Article: https://economictimes.indiatimes.com/dont-bank-only-on-price-to-earning-ratio/articleshow/6278228.cms
2026-08-11 17:34:30,090 - INFO - [Economic Times] Attempt 2/2: Trying with 'selenium_browser' strategy...
2026-08-11 17:34:30,994 - INFO - [Wired] Page content loaded.
2026-08-11 17:34:31,460 - INFO - [Wired] Success with 'selenium_browser'. Found content (1774 words).
2026-08-11 17:34:33,102 - INFO - [Economic Times] Page content loaded.
2026-08-11 17:34:34,487 - ERROR - Error saving article AT&T Promo Codes: $50 Off This August 2026 | WIRED: Hrana: `stream error: `Error { message: "SQLite error: UNIQUE constraint failed: articles.url", code: "SQLITE_CONSTRAINT" }``
2026-08-11 17:34:34,550 - INFO - [Economic Times] Success with 'selenium_browser'. Found content (447 words).
2026-08-11 17:34:36,085 - INFO - [Wired] Article: https://www.wired.com/story/squarespace-promo-code/
2026-08-11 17:34:36,537 - INFO - [Wired] Attempt 1/2: Trying with 'requests_browser' strategy...
2026-08-11 17:34:36,085 - ERROR - [The Hindu] Request failed for strategy 'selenium_browser' on URL https://www.thehindu.com/news/national/west-bengal/bengal-cricketer-abhishek-porel-arrested-on-rape-charges/article71332005.ece: Message: timeout: Timed out receiving message from renderer: 7.000
  (Session info: chrome=151.0.7922.77)
Stacktrace:
#0 0x556a7188382a <unknown>
#1 0x556a711f6fc9 <unknown>
#2 0x556a711dea2f <unknown>
#3 0x556a711de6a6 <unknown>
#4 0x556a711dc288 <unknown>
#5 0x556a711dcc0f <unknown>
#6 0x556a711ebd70 <unknown>
#7 0x556a71205d37 <unknown>
#8 0x556a7120d70b <unknown>
#9 0x556a711dd369 <unknown>
#10 0x556a71205a92 <unknown>
#11 0x556a71295066 <unknown>
#12 0x556a7123fd32 <unknown>
#13 0x556a71240bb1 <unknown>
#14 0x556a71848bb0 <unknown>
#15 0x556a7184722a <unknown>
#16 0x556a71831c55 <unknown>
#17 0x556a71847eea <unknown>
#18 0x556a71819b50 <unknown>
#19 0x556a7186f208 <unknown>
#20 0x556a7186f3a5 <unknown>
#21 0x556a718823de <unknown>
#22 0x7f0d9529caa4 <unknown>
#23 0x7f0d95329c6c <unknown>

2026-08-11 17:34:36,539 - ERROR - [The Hindu] All scrape strategies failed for https://www.thehindu.com/news/national/west-bengal/bengal-cricketer-abhishek-porel-arrested-on-rape-charges/article71332005.ece. Falling back to RSS description.
2026-08-11 17:34:36,539 - WARNING - SKIPPED (GLOBAL WORD LIMIT): Article 'Cricketer Abhishek Porel arrested on charges of rape; devices seized' from The Hindu has only 33 words (Min: 90).
2026-08-11 17:34:37,562 - ERROR - Error saving article 'Don't bank only on price-to-earning ratio' - The Economic Times: Hrana: `stream error: `Error { message: "SQLite error: UNIQUE constraint failed: articles.url", code: "SQLITE_CONSTRAINT" }``
2026-08-11 17:34:37,578 - ERROR - parsed tree length: 1, wrong data type or not valid HTML
2026-08-11 17:34:37,578 - ERROR - empty HTML tree: None
2026-08-11 17:34:37,579 - WARNING - discarding data: None
2026-08-11 17:34:37,579 - WARNING - [Wired] FAILED with 'requests_browser' (content was too short: 0 words).
2026-08-11 17:34:37,683 - INFO - [The Hindu] Article: https://www.thehindu.com/news/national/telangana/server-outage-makes-passport-applicants-fret-and-fume-in-absence-of-official-information/article71333212.ece
2026-08-11 17:34:37,683 - INFO - [The Hindu] Attempt 1/1: Trying with 'selenium_browser' strategy...
2026-08-11 17:34:38,475 - INFO - [Wired] Article: https://www.wired.com/story/squarespace-promo-code/
2026-08-11 17:34:38,476 - INFO - [Wired] Attempt 2/2: Trying with 'selenium_browser' strategy...
2026-08-11 17:34:38,983 - INFO - [Economic Times] Article: https://economictimes.indiatimes.com/markets/stocks/recos/prabhudas-lilladher-has-a-reduce-rating-on-infosys/articleshow/3798718.cms
2026-08-11 17:34:38,983 - INFO - [Economic Times] Attempt 1/2: Trying with 'requests_browser' strategy...
2026-08-11 17:34:39,330 - ERROR - parsed tree length: 1, wrong data type or not valid HTML
2026-08-11 17:34:39,330 - ERROR - empty HTML tree: None
2026-08-11 17:34:39,330 - WARNING - discarding data: None
2026-08-11 17:34:39,330 - WARNING - [Economic Times] FAILED with 'requests_browser' (content was too short: 0 words).
2026-08-11 17:34:39,733 - INFO - [Wired] Page content loaded.
2026-08-11 17:34:40,015 - INFO - [Economic Times] Article: https://economictimes.indiatimes.com/markets/stocks/recos/prabhudas-lilladher-has-a-reduce-rating-on-infosys/articleshow/3798718.cms
2026-08-11 17:34:40,015 - INFO - [Economic Times] Attempt 2/2: Trying with 'selenium_browser' strategy...
2026-08-11 17:34:40,173 - INFO - [Wired] Success with 'selenium_browser'. Found content (1415 words).
2026-08-11 17:34:43,382 - ERROR - Error saving article Squarespace Promo Codes: 20% Off in August 2026 | WIRED: Hrana: `stream error: `Error { message: "SQLite error: UNIQUE constraint failed: articles.url", code: "SQLITE_CONSTRAINT" }``
2026-08-11 17:34:43,684 - INFO - [Economic Times] Page content loaded.
2026-08-11 17:34:43,786 - INFO - [Economic Times] Success with 'selenium_browser'. Found content (259 words).
2026-08-11 17:34:45,374 - INFO - [Wired] Early skip: URL https://www.wired.com/story/casetify-promo-code/ already exists.
2026-08-11 17:34:45,825 - INFO - [Wired] Article: https://www.wired.com/story/skullcandy-discount-code/
2026-08-11 17:34:46,749 - ERROR - Error saving article Prabhudas Lilladher has a ‘reduce’ rating on Infosys - The Economic Times: Hrana: `stream error: `Error { message: "SQLite error: UNIQUE constraint failed: articles.url", code: "SQLITE_CONSTRAINT" }``
2026-08-11 17:34:46,749 - INFO - [Wired] Attempt 1/2: Trying with 'requests_browser' strategy...
2026-08-11 17:34:46,948 - ERROR - parsed tree length: 1, wrong data type or not valid HTML
2026-08-11 17:34:46,948 - ERROR - empty HTML tree: None
2026-08-11 17:34:46,948 - WARNING - discarding data: None
2026-08-11 17:34:46,948 - WARNING - [Wired] FAILED with 'requests_browser' (content was too short: 0 words).
2026-08-11 17:34:47,713 - INFO - [Wired] Article: https://www.wired.com/story/skullcandy-discount-code/
2026-08-11 17:34:47,713 - INFO - [Wired] Attempt 2/2: Trying with 'selenium_browser' strategy...
2026-08-11 17:34:47,779 - INFO - [Economic Times] Article: https://economictimes.indiatimes.com/markets/stocks/recos/fin-crisis-too-late-and-too-little-done-in-us/articleshow/3794549.cms
2026-08-11 17:34:47,779 - INFO - [Economic Times] Attempt 1/2: Trying with 'requests_browser' strategy...
2026-08-11 17:34:48,127 - ERROR - parsed tree length: 1, wrong data type or not valid HTML
2026-08-11 17:34:48,127 - ERROR - empty HTML tree: None
2026-08-11 17:34:48,127 - WARNING - discarding data: None
2026-08-11 17:34:48,127 - WARNING - [Economic Times] FAILED with 'requests_browser' (content was too short: 0 words).
2026-08-11 17:34:48,990 - INFO - [Economic Times] Article: https://economictimes.indiatimes.com/markets/stocks/recos/fin-crisis-too-late-and-too-little-done-in-us/articleshow/3794549.cms
2026-08-11 17:34:48,990 - INFO - [Economic Times] Attempt 2/2: Trying with 'selenium_browser' strategy...
2026-08-11 17:34:49,643 - INFO - [Wired] Page content loaded.
2026-08-11 17:34:50,089 - INFO - [Wired] Success with 'selenium_browser'. Found content (532 words).
2026-08-11 17:34:53,235 - ERROR - Error saving article Skullcandy Discount Code: 30% Off | August 2026 | WIRED: Hrana: `stream error: `Error { message: "SQLite error: UNIQUE constraint failed: articles.url", code: "SQLITE_CONSTRAINT" }``
2026-08-11 17:34:53,237 - WARNING - [The Hindu] Page get timed out (7s). Proceeding to grab partial source anyway.
2026-08-11 17:34:53,244 - INFO - [Economic Times] Page content loaded.
2026-08-11 17:34:53,386 - INFO - [Economic Times] Success with 'selenium_browser'. Found content (452 words).
2026-08-11 17:34:54,929 - INFO - [Wired] Article: https://www.wired.com/story/sony-promo-code/
2026-08-11 17:34:54,929 - INFO - [Wired] Attempt 1/2: Trying with 'requests_browser' strategy...
2026-08-11 17:34:56,378 - ERROR - Error saving article Fin Crisis: Too late and too little done in US - The Economic Times: Hrana: `stream error: `Error { message: "SQLite error: UNIQUE constraint failed: articles.url", code: "SQLITE_CONSTRAINT" }``
2026-08-11 17:34:56,606 - ERROR - parsed tree length: 1, wrong data type or not valid HTML
2026-08-11 17:34:56,606 - ERROR - empty HTML tree: None
2026-08-11 17:34:56,606 - WARNING - discarding data: None
2026-08-11 17:34:56,606 - WARNING - [Wired] FAILED with 'requests_browser' (content was too short: 0 words).
2026-08-11 17:34:57,531 - INFO - [Wired] Article: https://www.wired.com/story/sony-promo-code/
2026-08-11 17:34:57,531 - INFO - [Wired] Attempt 2/2: Trying with 'selenium_browser' strategy...
2026-08-11 17:34:57,637 - INFO - [Economic Times] Article: https://economictimes.indiatimes.com/markets/forex/weak-rupee-takes-its-toll-on-cos-with-huge-foreign-debt/articleshow/3546158.cms
2026-08-11 17:34:57,638 - INFO - [Economic Times] Attempt 1/2: Trying with 'requests_browser' strategy...
2026-08-11 17:34:57,992 - ERROR - parsed tree length: 1, wrong data type or not valid HTML
2026-08-11 17:34:57,992 - ERROR - empty HTML tree: None
2026-08-11 17:34:57,992 - WARNING - discarding data: None
2026-08-11 17:34:57,992 - WARNING - [Economic Times] FAILED with 'requests_browser' (content was too short: 0 words).
2026-08-11 17:34:58,548 - INFO - [Economic Times] Article: https://economictimes.indiatimes.com/markets/forex/weak-rupee-takes-its-toll-on-cos-with-huge-foreign-debt/articleshow/3546158.cms
2026-08-11 17:34:58,548 - INFO - [Economic Times] Attempt 2/2: Trying with 'selenium_browser' strategy...
2026-08-11 17:34:59,229 - INFO - [Wired] Page content loaded.
2026-08-11 17:34:59,782 - INFO - [Wired] Success with 'selenium_browser'. Found content (750 words).
2026-08-11 17:35:00,270 - WARNING - [The Hindu] Page explicit wait timed out (3s). Proceeding anyway.
2026-08-11 17:35:02,482 - INFO - [Economic Times] Page content loaded.
2026-08-11 17:35:03,404 - ERROR - Error saving article Sony Coupons: 45% Off Sony Headphones, WF-1000XM6 Earbuds, and Sony Cameras for August 2026 | WIRED: Hrana: `stream error: `Error { message: "SQLite error: UNIQUE constraint failed: articles.url", code: "SQLITE_CONSTRAINT" }``
2026-08-11 17:35:03,465 - INFO - [Economic Times] Success with 'selenium_browser'. Found content (482 words).
2026-08-11 17:35:05,029 - INFO - [Wired] Article: https://www.wired.com/story/samsung-promo-codes/
2026-08-11 17:35:05,030 - INFO - [Wired] Attempt 1/2: Trying with 'requests_browser' strategy...
2026-08-11 17:35:06,435 - ERROR - Error saving article Weak rupee takes its toll on cos with huge foreign debt - The Economic Times: Hrana: `stream error: `Error { message: "SQLite error: UNIQUE constraint failed: articles.url", code: "SQLITE_CONSTRAINT" }``
2026-08-11 17:35:06,442 - ERROR - parsed tree length: 1, wrong data type or not valid HTML
2026-08-11 17:35:06,442 - ERROR - empty HTML tree: None
2026-08-11 17:35:06,442 - WARNING - discarding data: None
2026-08-11 17:35:06,442 - WARNING - [Wired] FAILED with 'requests_browser' (content was too short: 0 words).
2026-08-11 17:35:07,042 - INFO - [Wired] Article: https://www.wired.com/story/samsung-promo-codes/
2026-08-11 17:35:07,042 - INFO - [Wired] Attempt 2/2: Trying with 'selenium_browser' strategy...
2026-08-11 17:35:07,293 - ERROR - [The Hindu] Request failed for strategy 'selenium_browser' on URL https://www.thehindu.com/news/national/telangana/server-outage-makes-passport-applicants-fret-and-fume-in-absence-of-official-information/article71333212.ece: Message: timeout: Timed out receiving message from renderer: 7.000
  (Session info: chrome=151.0.7922.77)
Stacktrace:
#0 0x556a7188382a <unknown>
#1 0x556a711f6fc9 <unknown>
#2 0x556a711dea2f <unknown>
#3 0x556a711de6a6 <unknown>
#4 0x556a711dc288 <unknown>
#5 0x556a711dcc0f <unknown>
#6 0x556a711ebd70 <unknown>
#7 0x556a71205d37 <unknown>
#8 0x556a7120d70b <unknown>
#9 0x556a711dd369 <unknown>
#10 0x556a71205a92 <unknown>
#11 0x556a71295066 <unknown>
#12 0x556a7123fd32 <unknown>
#13 0x556a71240bb1 <unknown>
#14 0x556a71848bb0 <unknown>
#15 0x556a7184722a <unknown>
#16 0x556a71831c55 <unknown>
#17 0x556a71847eea <unknown>
#18 0x556a71819b50 <unknown>
#19 0x556a7186f208 <unknown>
#20 0x556a7186f3a5 <unknown>
#21 0x556a718823de <unknown>
#22 0x7f0d9529caa4 <unknown>
#23 0x7f0d95329c6c <unknown>

2026-08-11 17:35:07,293 - ERROR - [The Hindu] All scrape strategies failed for https://www.thehindu.com/news/national/telangana/server-outage-makes-passport-applicants-fret-and-fume-in-absence-of-official-information/article71333212.ece. Falling back to RSS description.
2026-08-11 17:35:07,293 - WARNING - SKIPPED (GLOBAL WORD LIMIT): Article 'Server outage makes passport applicants fret and fume in absence of official information' from The Hindu has only 3 words (Min: 90).
2026-08-11 17:35:07,442 - INFO - [Economic Times] Article: https://economictimes.indiatimes.com/markets/stocks/recos/wait-for-more-signals-before-turning-positive/articleshow/3292640.cms
2026-08-11 17:35:07,442 - INFO - [Economic Times] Attempt 1/2: Trying with 'requests_browser' strategy...
2026-08-11 17:35:07,859 - ERROR - parsed tree length: 1, wrong data type or not valid HTML
2026-08-11 17:35:07,859 - ERROR - empty HTML tree: None
2026-08-11 17:35:07,859 - WARNING - discarding data: None
2026-08-11 17:35:07,859 - WARNING - [Economic Times] FAILED with 'requests_browser' (content was too short: 0 words).
2026-08-11 17:35:08,279 - INFO - [The Hindu] Article: https://www.thehindu.com/news/national/congress-slams-amit-shahs-continued-absence-from-lok-sabha/article71332948.ece
2026-08-11 17:35:08,279 - INFO - [The Hindu] Attempt 1/1: Trying with 'selenium_browser' strategy...
2026-08-11 17:35:08,528 - INFO - [Economic Times] Article: https://economictimes.indiatimes.com/markets/stocks/recos/wait-for-more-signals-before-turning-positive/articleshow/3292640.cms
2026-08-11 17:35:08,528 - INFO - [Economic Times] Attempt 2/2: Trying with 'selenium_browser' strategy...
2026-08-11 17:35:09,158 - INFO - [Wired] Page content loaded.
2026-08-11 17:35:09,825 - INFO - [Economic Times] Page content loaded.
2026-08-11 17:35:09,850 - INFO - [Wired] Success with 'selenium_browser'. Found content (1435 words).
2026-08-11 17:35:13,021 - ERROR - Error saving article 30% Off Samsung Promo Code | August 2026 | WIRED: Hrana: `stream error: `Error { message: "SQLite error: UNIQUE constraint failed: articles.url", code: "SQLITE_CONSTRAINT" }``
2026-08-11 17:35:13,052 - INFO - [Economic Times] Success with 'selenium_browser'. Found content (392 words).
2026-08-11 17:35:14,566 - INFO - [Wired] Early skip: URL https://www.wired.com/story/orange-crush-tag-heuer-drops-a-bright-revamp-of-the-original-metal-f1-watch/ already exists.
2026-08-11 17:35:15,035 - INFO - [Wired] Early skip: URL https://www.wired.com/story/the-outlaw-chemist-teaching-people-how-to-make-drugs-from-scratch/ already exists.
2026-08-11 17:35:15,936 - ERROR - Error saving article Wait for more signals before turning positive - The Economic Times: Hrana: `stream error: `Error { message: "SQLite error: UNIQUE constraint failed: articles.url", code: "SQLITE_CONSTRAINT" }``
2026-08-11 17:35:15,936 - INFO - [Wired] Early skip: URL https://www.wired.com/story/best-portable-solar-panels/ already exists.
2026-08-11 17:35:15,938 - INFO - [Wired] Early skip: URL https://www.wired.com/story/the-ai-slop-backlash-is-actually-having-an-impact/ already exists.
2026-08-11 17:35:15,940 - INFO - [Wired] Article: https://www.wired.com/gallery/best-ereaders/
2026-08-11 17:35:15,940 - INFO - [Wired] Attempt 1/2: Trying with 'requests_browser' strategy...
2026-08-11 17:35:16,171 - ERROR - parsed tree length: 1, wrong data type or not valid HTML
2026-08-11 17:35:16,171 - ERROR - empty HTML tree: None
2026-08-11 17:35:16,171 - WARNING - discarding data: None
2026-08-11 17:35:16,171 - WARNING - [Wired] FAILED with 'requests_browser' (content was too short: 0 words).
2026-08-11 17:35:16,699 - INFO - [Wired] Article: https://www.wired.com/gallery/best-ereaders/
2026-08-11 17:35:16,699 - INFO - [Wired] Attempt 2/2: Trying with 'selenium_browser' strategy...
2026-08-11 17:35:17,050 - INFO - [Economic Times] Article: https://economictimes.indiatimes.com/news/company/corporate-trends/six-indian-cos-among-businessweeks-top-100-infotech-firms/articleshow/3189334.cms
2026-08-11 17:35:17,050 - INFO - [Economic Times] Attempt 1/2: Trying with 'requests_browser' strategy...
2026-08-11 17:35:17,613 - INFO - [Economic Times] Success with 'requests_browser'. Found content (370 words).
2026-08-11 17:35:20,667 - ERROR - Error saving article Six Indian cos among BusinessWeek's top 100 Infotech firms - The Economic Times: Hrana: `stream error: `Error { message: "SQLite error: UNIQUE constraint failed: articles.url", code: "SQLITE_CONSTRAINT" }``
2026-08-11 17:35:20,923 - INFO - [Wired] Page content loaded.
2026-08-11 17:35:21,482 - INFO - [Wired] Success with 'selenium_browser'. Found content (2169 words).
2026-08-11 17:35:23,315 - INFO - [Economic Times] Article: https://economictimes.indiatimes.com/news/company/corporate-trends/indian-firms-slip-in-global-ranking-four-move-out-of-top-500/articleshow/3177077.cms
2026-08-11 17:35:23,315 - INFO - [Economic Times] Attempt 1/2: Trying with 'requests_browser' strategy...
2026-08-11 17:35:23,318 - WARNING - [The Hindu] Page get timed out (7s). Proceeding to grab partial source anyway.
2026-08-11 17:35:24,774 - ERROR - Error saving article The Best E-Readers of 2026: Kobo, Kindle, Boox | WIRED: Hrana: `stream error: `Error { message: "SQLite error: UNIQUE constraint failed: articles.url", code: "SQLITE_CONSTRAINT" }``
2026-08-11 17:35:24,824 - INFO - [Economic Times] Success with 'requests_browser'. Found content (1044 words).
2026-08-11 17:35:26,348 - INFO - [Wired] Early skip: URL https://www.wired.com/story/california-group-buy-bringing-down-heat-pump-costs/ already exists.
2026-08-11 17:35:26,796 - INFO - [Wired] Early skip: URL https://www.wired.com/story/how-to-choose-a-camera/ already exists.
2026-08-11 17:35:27,717 - INFO - [Wired] Early skip: URL https://www.wired.com/story/the-rise-of-the-1-am-job-interview/ already exists.
2026-08-11 17:35:27,717 - ERROR - Error saving article Indian firms slip in global ranking; four move out of Top-500 - The Economic Times: Hrana: `stream error: `Error { message: "SQLite error: UNIQUE constraint failed: articles.url", code: "SQLITE_CONSTRAINT" }``
2026-08-11 17:35:27,718 - INFO - [Wired] Early skip: URL https://www.wired.com/story/best-wireless-earbuds/ already exists.
2026-08-11 17:35:27,719 - INFO - [Wired] Early skip: URL https://www.wired.com/story/octopus-arms-distributed-intelligence-nine-brains/ already exists.
2026-08-11 17:35:27,720 - INFO - [Wired] Early skip: URL https://www.wired.com/story/space-agencies-trying-stop-astronauts-losing-sight/ already exists.
2026-08-11 17:35:27,722 - INFO - [Wired] Early skip: URL https://www.wired.com/story/digital-estate-planning-tips/ already exists.
2026-08-11 17:35:27,723 - INFO - [Wired] Early skip: URL https://www.wired.com/story/best-compression-boots/ already exists.
2026-08-11 17:35:27,724 - INFO - [Wired] Early skip: URL https://www.wired.com/story/meetily-lets-you-transcribe-and-summarize-meetings-without-a-subscription-heres-how/ already exists.
2026-08-11 17:35:27,725 - INFO - [Wired] Early skip: URL https://www.wired.com/review/tcl-note-a1-nxtpaper-tablet/ already exists.
2026-08-11 17:35:27,726 - INFO - [Wired] Early skip: URL https://www.wired.com/story/the-12-best-anime-to-watch-if-you-think-you-hate-anime/ already exists.
2026-08-11 17:35:27,728 - INFO - [Wired] Early skip: URL https://www.wired.com/story/the-best-workout-headphones-and-earbuds/ already exists.
2026-08-11 17:35:27,729 - INFO - [Wired] (Thread) Finished. Attempting to shut down its Selenium driver.
2026-08-11 17:35:27,838 - INFO - [Wired] (Thread) driver.quit() successful.
2026-08-11 17:35:29,090 - INFO - [Economic Times] Article: https://economictimes.indiatimes.com/markets/stocks/news/big-daddy-laps-up-cipla-after-q1-nos-beat-forecast/articleshow/6308646.cms
2026-08-11 17:35:29,090 - INFO - [Economic Times] Attempt 1/2: Trying with 'requests_browser' strategy...
2026-08-11 17:35:29,594 - ERROR - parsed tree length: 1, wrong data type or not valid HTML
2026-08-11 17:35:29,594 - ERROR - empty HTML tree: None
2026-08-11 17:35:29,594 - WARNING - discarding data: None
2026-08-11 17:35:29,594 - WARNING - [Economic Times] FAILED with 'requests_browser' (content was too short: 0 words).
2026-08-11 17:35:30,421 - INFO - [Economic Times] Article: https://economictimes.indiatimes.com/markets/stocks/news/big-daddy-laps-up-cipla-after-q1-nos-beat-forecast/articleshow/6308646.cms
2026-08-11 17:35:30,421 - INFO - [Economic Times] Attempt 2/2: Trying with 'selenium_browser' strategy...
2026-08-11 17:35:30,839 - WARNING - [The Hindu] Page explicit wait timed out (3s). Proceeding anyway.
2026-08-11 17:35:31,896 - INFO - [Economic Times] Page content loaded.
2026-08-11 17:35:32,185 - INFO - [Economic Times] Success with 'selenium_browser'. Found content (563 words).
2026-08-11 17:35:35,199 - ERROR - Error saving article 'Big Daddy' laps up Cipla after Q1 nos beat forecast - The Economic Times: Hrana: `stream error: `Error { message: "SQLite error: UNIQUE constraint failed: articles.url", code: "SQLITE_CONSTRAINT" }``
2026-08-11 17:35:36,092 - INFO - [Economic Times] Article: https://economictimes.indiatimes.com/markets/stocks/news/old-fox-has-dream-run-on-dalal-street/articleshow/6308631.cms
2026-08-11 17:35:36,092 - INFO - [Economic Times] Attempt 1/2: Trying with 'requests_browser' strategy...
2026-08-11 17:35:36,671 - ERROR - parsed tree length: 1, wrong data type or not valid HTML
2026-08-11 17:35:36,671 - ERROR - empty HTML tree: None
2026-08-11 17:35:36,671 - WARNING - discarding data: None
2026-08-11 17:35:36,671 - WARNING - [Economic Times] FAILED with 'requests_browser' (content was too short: 0 words).
2026-08-11 17:35:37,260 - INFO - [Economic Times] Article: https://economictimes.indiatimes.com/markets/stocks/news/old-fox-has-dream-run-on-dalal-street/articleshow/6308631.cms
2026-08-11 17:35:37,261 - INFO - [Economic Times] Attempt 2/2: Trying with 'selenium_browser' strategy...
2026-08-11 17:35:37,850 - ERROR - [The Hindu] Request failed for strategy 'selenium_browser' on URL https://www.thehindu.com/news/national/congress-slams-amit-shahs-continued-absence-from-lok-sabha/article71332948.ece: Message: timeout: Timed out receiving message from renderer: 7.000
  (Session info: chrome=151.0.7922.77)
Stacktrace:
#0 0x556a7188382a <unknown>
#1 0x556a711f6fc9 <unknown>
#2 0x556a711dea2f <unknown>
#3 0x556a711de6a6 <unknown>
#4 0x556a711dc288 <unknown>
#5 0x556a711dcc0f <unknown>
#6 0x556a711ebd70 <unknown>
#7 0x556a71205d37 <unknown>
#8 0x556a7120d70b <unknown>
#9 0x556a711dd369 <unknown>
#10 0x556a71205a92 <unknown>
#11 0x556a71295066 <unknown>
#12 0x556a7123fd32 <unknown>
#13 0x556a71240bb1 <unknown>
#14 0x556a71848bb0 <unknown>
#15 0x556a7184722a <unknown>
#16 0x556a71831c55 <unknown>
#17 0x556a71847eea <unknown>
#18 0x556a71819b50 <unknown>
#19 0x556a7186f208 <unknown>
#20 0x556a7186f3a5 <unknown>
#21 0x556a718823de <unknown>
#22 0x7f0d9529caa4 <unknown>
#23 0x7f0d95329c6c <unknown>

2026-08-11 17:35:37,851 - ERROR - [The Hindu] All scrape strategies failed for https://www.thehindu.com/news/national/congress-slams-amit-shahs-continued-absence-from-lok-sabha/article71332948.ece. Falling back to RSS description.
2026-08-11 17:35:37,851 - WARNING - SKIPPED (GLOBAL WORD LIMIT): Article 'Congress slams Amit Shah’s ‘continued absence’ from Lok Sabha' from The Hindu has only 15 words (Min: 90).
2026-08-11 17:35:38,922 - INFO - [Economic Times] Page content loaded.
2026-08-11 17:35:39,224 - INFO - [The Hindu] Article: https://www.thehindu.com/news/national/telangana/nepal-based-accused-in-killing-of-retired-ips-officers-wife-detained-under-pd-act/article71333052.ece
2026-08-11 17:35:39,225 - INFO - [The Hindu] Attempt 1/1: Trying with 'selenium_browser' strategy...
2026-08-11 17:35:39,238 - INFO - [Economic Times] Success with 'selenium_browser'. Found content (629 words).
2026-08-11 17:35:42,222 - ERROR - Error saving article Old Fox has dream run on Dalal Street - The Economic Times: Hrana: `stream error: `Error { message: "SQLite error: UNIQUE constraint failed: articles.url", code: "SQLITE_CONSTRAINT" }``
2026-08-11 17:35:42,820 - INFO - [Economic Times] Article: https://economictimes.indiatimes.com/markets/stocks/news/cairn-india-hits-record-high-on-bse-amid-stake-sale-talks/articleshow/6306679.cms
2026-08-11 17:35:42,820 - INFO - [Economic Times] Attempt 1/2: Trying with 'requests_browser' strategy...
2026-08-11 17:35:43,185 - ERROR - parsed tree length: 1, wrong data type or not valid HTML
2026-08-11 17:35:43,185 - ERROR - empty HTML tree: None
2026-08-11 17:35:43,185 - WARNING - discarding data: None
2026-08-11 17:35:43,185 - WARNING - [Economic Times] FAILED with 'requests_browser' (content was too short: 0 words).
2026-08-11 17:35:43,915 - INFO - [Economic Times] Article: https://economictimes.indiatimes.com/markets/stocks/news/cairn-india-hits-record-high-on-bse-amid-stake-sale-talks/articleshow/6306679.cms
2026-08-11 17:35:43,915 - INFO - [Economic Times] Attempt 2/2: Trying with 'selenium_browser' strategy...
2026-08-11 17:35:45,559 - INFO - [Economic Times] Page content loaded.
2026-08-11 17:35:45,723 - INFO - [Economic Times] Success with 'selenium_browser'. Found content (363 words).
2026-08-11 17:35:48,755 - ERROR - Error saving article Cairn India hits record high on BSE amid stake sale talks - The Economic Times: Hrana: `stream error: `Error { message: "SQLite error: UNIQUE constraint failed: articles.url", code: "SQLITE_CONSTRAINT" }``
2026-08-11 17:35:49,314 - INFO - [Economic Times] Article: https://economictimes.indiatimes.com/markets/stocks/news/vedanta-plunges-5-59-per-cent-on-lse-amid-talks-to-buy-cairn-stake/articleshow/6306526.cms
2026-08-11 17:35:49,314 - INFO - [Economic Times] Attempt 1/2: Trying with 'requests_browser' strategy...
2026-08-11 17:35:49,824 - ERROR - parsed tree length: 1, wrong data type or not valid HTML
2026-08-11 17:35:49,824 - ERROR - empty HTML tree: None
2026-08-11 17:35:49,824 - WARNING - discarding data: None
2026-08-11 17:35:49,824 - WARNING - [Economic Times] FAILED with 'requests_browser' (content was too short: 0 words).
2026-08-11 17:35:50,698 - INFO - [Economic Times] Article: https://economictimes.indiatimes.com/markets/stocks/news/vedanta-plunges-5-59-per-cent-on-lse-amid-talks-to-buy-cairn-stake/articleshow/6306526.cms
2026-08-11 17:35:50,698 - INFO - [Economic Times] Attempt 2/2: Trying with 'selenium_browser' strategy...
2026-08-11 17:35:52,293 - INFO - [Economic Times] Page content loaded.
2026-08-11 17:35:52,463 - INFO - [Economic Times] Success with 'selenium_browser'. Found content (397 words).
2026-08-11 17:35:54,449 - WARNING - [The Hindu] Page get timed out (7s). Proceeding to grab partial source anyway.
2026-08-11 17:35:55,430 - ERROR - Error saving article Cairn: Vedanta plunges 5.59 per cent on LSE amid talks to buy Cairn stake - The Economic Times: Hrana: `stream error: `Error { message: "SQLite error: UNIQUE constraint failed: articles.url", code: "SQLITE_CONSTRAINT" }``
2026-08-11 17:35:55,990 - INFO - [Economic Times] Article: https://economictimes.indiatimes.com/markets/stocks/news/sbi-shares-on-gaining-spree-hit-record-high/articleshow/6306241.cms
2026-08-11 17:35:55,990 - INFO - [Economic Times] Attempt 1/2: Trying with 'requests_browser' strategy...
2026-08-11 17:35:56,716 - ERROR - parsed tree length: 1, wrong data type or not valid HTML
2026-08-11 17:35:56,717 - ERROR - empty HTML tree: None
2026-08-11 17:35:56,717 - WARNING - discarding data: None
2026-08-11 17:35:56,717 - WARNING - [Economic Times] FAILED with 'requests_browser' (content was too short: 0 words).
2026-08-11 17:35:57,591 - INFO - [Economic Times] Article: https://economictimes.indiatimes.com/markets/stocks/news/sbi-shares-on-gaining-spree-hit-record-high/articleshow/6306241.cms
2026-08-11 17:35:57,591 - INFO - [Economic Times] Attempt 2/2: Trying with 'selenium_browser' strategy...
2026-08-11 17:35:59,245 - INFO - [Economic Times] Page content loaded.
2026-08-11 17:35:59,441 - WARNING - [Economic Times] FAILED with 'selenium_browser' (content was too short: 83 words).
2026-08-11 17:35:59,443 - ERROR - [Economic Times] All scrape strategies failed for https://economictimes.indiatimes.com/markets/stocks/news/sbi-shares-on-gaining-spree-hit-record-high/articleshow/6306241.cms. Falling back to RSS description.
2026-08-11 17:35:59,443 - WARNING - SKIPPED (GLOBAL WORD LIMIT): Article 'SBI shares on gaining spree; hit record high ' from Economic Times has only 28 words (Min: 90).
2026-08-11 17:36:00,194 - INFO - [Economic Times] Article: https://economictimes.indiatimes.com/fm-must-rethink/articleshow/5645094.cms
2026-08-11 17:36:00,194 - INFO - [Economic Times] Attempt 1/2: Trying with 'requests_browser' strategy...
2026-08-11 17:36:00,503 - ERROR - parsed tree length: 1, wrong data type or not valid HTML
2026-08-11 17:36:00,503 - ERROR - empty HTML tree: None
2026-08-11 17:36:00,503 - WARNING - discarding data: None
2026-08-11 17:36:00,503 - WARNING - [Economic Times] FAILED with 'requests_browser' (content was too short: 0 words).
2026-08-11 17:36:01,060 - INFO - [Economic Times] Article: https://economictimes.indiatimes.com/fm-must-rethink/articleshow/5645094.cms
2026-08-11 17:36:01,060 - INFO - [Economic Times] Attempt 2/2: Trying with 'selenium_browser' strategy...
2026-08-11 17:36:01,459 - WARNING - [The Hindu] Page explicit wait timed out (3s). Proceeding anyway.
2026-08-11 17:36:02,172 - INFO - [Economic Times] Page content loaded.
2026-08-11 17:36:02,285 - INFO - [Economic Times] Success with 'selenium_browser'. Found content (138 words).
2026-08-11 17:36:05,222 - ERROR - Error saving article FM must rethink - The Economic Times: Hrana: `stream error: `Error { message: "SQLite error: UNIQUE constraint failed: articles.url", code: "SQLITE_CONSTRAINT" }``
2026-08-11 17:36:06,074 - INFO - [Economic Times] Article: https://economictimes.indiatimes.com/amalgamate-banks/articleshow/5645086.cms
2026-08-11 17:36:06,074 - INFO - [Economic Times] Attempt 1/2: Trying with 'requests_browser' strategy...
2026-08-11 17:36:06,437 - ERROR - parsed tree length: 1, wrong data type or not valid HTML
2026-08-11 17:36:06,437 - ERROR - empty HTML tree: None
2026-08-11 17:36:06,437 - WARNING - discarding data: None
2026-08-11 17:36:06,437 - WARNING - [Economic Times] FAILED with 'requests_browser' (content was too short: 0 words).
2026-08-11 17:36:07,217 - INFO - [Economic Times] Article: https://economictimes.indiatimes.com/amalgamate-banks/articleshow/5645086.cms
2026-08-11 17:36:07,217 - INFO - [Economic Times] Attempt 2/2: Trying with 'selenium_browser' strategy...
2026-08-11 17:36:08,491 - ERROR - [The Hindu] Request failed for strategy 'selenium_browser' on URL https://www.thehindu.com/news/national/telangana/nepal-based-accused-in-killing-of-retired-ips-officers-wife-detained-under-pd-act/article71333052.ece: Message: timeout: Timed out receiving message from renderer: 7.000
  (Session info: chrome=151.0.7922.77)
Stacktrace:
#0 0x556a7188382a <unknown>
#1 0x556a711f6fc9 <unknown>
#2 0x556a711dea2f <unknown>
#3 0x556a711de6a6 <unknown>
#4 0x556a711dc288 <unknown>
#5 0x556a711dcc0f <unknown>
#6 0x556a711ebd70 <unknown>
#7 0x556a71205d37 <unknown>
#8 0x556a7120d70b <unknown>
#9 0x556a711dd369 <unknown>
#10 0x556a71205a92 <unknown>
#11 0x556a71295066 <unknown>
#12 0x556a7123fd32 <unknown>
#13 0x556a71240bb1 <unknown>
#14 0x556a71848bb0 <unknown>
#15 0x556a7184722a <unknown>
#16 0x556a71831c55 <unknown>
#17 0x556a71847eea <unknown>
#18 0x556a71819b50 <unknown>
#19 0x556a7186f208 <unknown>
#20 0x556a7186f3a5 <unknown>
#21 0x556a718823de <unknown>
#22 0x7f0d9529caa4 <unknown>
#23 0x7f0d95329c6c <unknown>

2026-08-11 17:36:08,491 - ERROR - [The Hindu] All scrape strategies failed for https://www.thehindu.com/news/national/telangana/nepal-based-accused-in-killing-of-retired-ips-officers-wife-detained-under-pd-act/article71333052.ece. Falling back to RSS description.
2026-08-11 17:36:08,491 - WARNING - SKIPPED (GLOBAL WORD LIMIT): Article 'Nepal-based accused in killing of retired IPS officer’s wife detained under PD Act' from The Hindu has only 3 words (Min: 90).
2026-08-11 17:36:09,063 - INFO - [The Hindu] Article: https://www.thehindu.com/news/national/jharkhand/nda-mps-protest-over-police-action-in-jharkhand/article71331195.ece
2026-08-11 17:36:09,064 - INFO - [The Hindu] Attempt 1/1: Trying with 'selenium_browser' strategy...
2026-08-11 17:36:09,217 - INFO - [Economic Times] Page content loaded.
2026-08-11 17:36:09,281 - INFO - [Economic Times] Success with 'selenium_browser'. Found content (243 words).
2026-08-11 17:36:12,199 - ERROR - Error saving article Amalgamate banks - The Economic Times: Hrana: `stream error: `Error { message: "SQLite error: UNIQUE constraint failed: articles.url", code: "SQLITE_CONSTRAINT" }``
2026-08-11 17:36:12,795 - INFO - [Economic Times] Article: https://economictimes.indiatimes.com/managing-data/articleshow/5117958.cms
2026-08-11 17:36:12,795 - INFO - [Economic Times] Attempt 1/2: Trying with 'requests_browser' strategy...
2026-08-11 17:36:13,138 - ERROR - parsed tree length: 1, wrong data type or not valid HTML
2026-08-11 17:36:13,138 - ERROR - empty HTML tree: None
2026-08-11 17:36:13,138 - WARNING - discarding data: None
2026-08-11 17:36:13,138 - WARNING - [Economic Times] FAILED with 'requests_browser' (content was too short: 0 words).
2026-08-11 17:36:13,789 - INFO - [Economic Times] Article: https://economictimes.indiatimes.com/managing-data/articleshow/5117958.cms
2026-08-11 17:36:13,789 - INFO - [Economic Times] Attempt 2/2: Trying with 'selenium_browser' strategy...
2026-08-11 17:36:15,832 - INFO - [Economic Times] Page content loaded.
2026-08-11 17:36:15,964 - INFO - [Economic Times] Success with 'selenium_browser'. Found content (119 words).
2026-08-11 17:36:19,331 - ERROR - Error saving article Managing data - The Economic Times: Hrana: `stream error: `Error { message: "SQLite error: UNIQUE constraint failed: articles.url", code: "SQLITE_CONSTRAINT" }``
2026-08-11 17:36:19,883 - INFO - [Economic Times] Article: https://economictimes.indiatimes.com/right-technology/articleshow/5117957.cms
2026-08-11 17:36:19,883 - INFO - [Economic Times] Attempt 1/2: Trying with 'requests_browser' strategy...
2026-08-11 17:36:20,292 - ERROR - parsed tree length: 1, wrong data type or not valid HTML
2026-08-11 17:36:20,292 - ERROR - empty HTML tree: None
2026-08-11 17:36:20,292 - WARNING - discarding data: None
2026-08-11 17:36:20,292 - WARNING - [Economic Times] FAILED with 'requests_browser' (content was too short: 0 words).
2026-08-11 17:36:21,221 - INFO - [Economic Times] Article: https://economictimes.indiatimes.com/right-technology/articleshow/5117957.cms
2026-08-11 17:36:21,221 - INFO - [Economic Times] Attempt 2/2: Trying with 'selenium_browser' strategy...
2026-08-11 17:36:23,196 - INFO - [Economic Times] Page content loaded.
2026-08-11 17:36:23,265 - WARNING - [The Hindu] Page get timed out (7s). Proceeding to grab partial source anyway.
2026-08-11 17:36:23,343 - INFO - [Economic Times] Success with 'selenium_browser'. Found content (114 words).
2026-08-11 17:36:26,281 - ERROR - Error saving article Right technology - The Economic Times: Hrana: `stream error: `Error { message: "SQLite error: UNIQUE constraint failed: articles.url", code: "SQLITE_CONSTRAINT" }``
2026-08-11 17:36:27,425 - INFO - [Economic Times] Article: https://economictimes.indiatimes.com/et-search/articleshow/21646857.cms
2026-08-11 17:36:27,427 - INFO - [Economic Times] Attempt 1/2: Trying with 'requests_browser' strategy...
2026-08-11 17:36:27,809 - ERROR - parsed tree length: 1, wrong data type or not valid HTML
2026-08-11 17:36:27,809 - ERROR - empty HTML tree: None
2026-08-11 17:36:27,810 - WARNING - discarding data: None
2026-08-11 17:36:27,810 - WARNING - [Economic Times] FAILED with 'requests_browser' (content was too short: 0 words).
2026-08-11 17:36:28,751 - INFO - [Economic Times] Article: https://economictimes.indiatimes.com/et-search/articleshow/21646857.cms
2026-08-11 17:36:28,751 - INFO - [Economic Times] Attempt 2/2: Trying with 'selenium_browser' strategy...
2026-08-11 17:36:30,280 - WARNING - [The Hindu] Page explicit wait timed out (3s). Proceeding anyway.
2026-08-11 17:36:30,696 - INFO - [Economic Times] Page content loaded.
2026-08-11 17:36:30,882 - INFO - [Economic Times] Success with 'selenium_browser'. Found content (106 words).
2026-08-11 17:36:33,739 - ERROR - Error saving article ET Search - The Economic Times: Hrana: `stream error: `Error { message: "SQLite error: UNIQUE constraint failed: articles.url", code: "SQLITE_CONSTRAINT" }``
2026-08-11 17:36:34,787 - INFO - [Economic Times] Article: https://economictimes.indiatimes.com/after-the-oscars-whats-next-for-silent-stars-of-the-artist/articleshow/12075465.cms
2026-08-11 17:36:34,787 - INFO - [Economic Times] Attempt 1/2: Trying with 'requests_browser' strategy...
2026-08-11 17:36:35,270 - ERROR - parsed tree length: 1, wrong data type or not valid HTML
2026-08-11 17:36:35,270 - ERROR - empty HTML tree: None
2026-08-11 17:36:35,270 - WARNING - discarding data: None
2026-08-11 17:36:35,270 - WARNING - [Economic Times] FAILED with 'requests_browser' (content was too short: 0 words).
2026-08-11 17:36:36,236 - INFO - [Economic Times] Article: https://economictimes.indiatimes.com/after-the-oscars-whats-next-for-silent-stars-of-the-artist/articleshow/12075465.cms
2026-08-11 17:36:36,236 - INFO - [Economic Times] Attempt 2/2: Trying with 'selenium_browser' strategy...
2026-08-11 17:36:37,293 - ERROR - [The Hindu] Request failed for strategy 'selenium_browser' on URL https://www.thehindu.com/news/national/jharkhand/nda-mps-protest-over-police-action-in-jharkhand/article71331195.ece: Message: timeout: Timed out receiving message from renderer: 7.000
  (Session info: chrome=151.0.7922.77)
Stacktrace:
#0 0x556a7188382a <unknown>
#1 0x556a711f6fc9 <unknown>
#2 0x556a711dea2f <unknown>
#3 0x556a711de6a6 <unknown>
#4 0x556a711dc288 <unknown>
#5 0x556a711dcc0f <unknown>
#6 0x556a711ebd70 <unknown>
#7 0x556a71205d37 <unknown>
#8 0x556a7120d70b <unknown>
#9 0x556a711dd369 <unknown>
#10 0x556a71205a92 <unknown>
#11 0x556a71295066 <unknown>
#12 0x556a7123fd32 <unknown>
#13 0x556a71240bb1 <unknown>
#14 0x556a71848bb0 <unknown>
#15 0x556a7184722a <unknown>
#16 0x556a71831c55 <unknown>
#17 0x556a71847eea <unknown>
#18 0x556a71819b50 <unknown>
#19 0x556a7186f208 <unknown>
#20 0x556a7186f3a5 <unknown>
#21 0x556a718823de <unknown>
#22 0x7f0d9529caa4 <unknown>
#23 0x7f0d95329c6c <unknown>

2026-08-11 17:36:37,293 - ERROR - [The Hindu] All scrape strategies failed for https://www.thehindu.com/news/national/jharkhand/nda-mps-protest-over-police-action-in-jharkhand/article71331195.ece. Falling back to RSS description.
2026-08-11 17:36:37,293 - WARNING - SKIPPED (GLOBAL WORD LIMIT): Article 'NDA, Opposition MPs take out protests in Parliament complex' from The Hindu has only 34 words (Min: 90).
2026-08-11 17:36:38,364 - INFO - [Economic Times] Page content loaded.
2026-08-11 17:36:38,526 - INFO - [Economic Times] Success with 'selenium_browser'. Found content (699 words).
2026-08-11 17:36:40,114 - INFO - [The Hindu] Early skip: URL https://www.thehindu.com/news/national/supreme-court-agrees-to-tn-government-plea-to-hear-cauvery-water-dispute-early/article71327167.ece already exists.
2026-08-11 17:36:40,565 - INFO - [The Hindu] Article: https://www.thehindu.com/news/national/andhra-pradesh/speakers-urge-engineering-students-to-explore-diverse-career-paths-at-the-hindu-fic-srm-ap-seminar/article71332978.ece
2026-08-11 17:36:40,565 - INFO - [The Hindu] Attempt 1/1: Trying with 'selenium_browser' strategy...
2026-08-11 17:36:41,528 - ERROR - Error saving article After the Oscars, what's next for silent stars of The Artist? - The Economic Times: Hrana: `stream error: `Error { message: "SQLite error: UNIQUE constraint failed: articles.url", code: "SQLITE_CONSTRAINT" }``
2026-08-11 17:36:42,617 - INFO - [Economic Times] Article: https://economictimes.indiatimes.com/delhi-world-book-fair-a-fair-like-no-other/articleshow/12028630.cms
2026-08-11 17:36:42,617 - INFO - [Economic Times] Attempt 1/2: Trying with 'requests_browser' strategy...
2026-08-11 17:36:42,936 - ERROR - parsed tree length: 1, wrong data type or not valid HTML
2026-08-11 17:36:42,936 - ERROR - empty HTML tree: None
2026-08-11 17:36:42,936 - WARNING - discarding data: None
2026-08-11 17:36:42,936 - WARNING - [Economic Times] FAILED with 'requests_browser' (content was too short: 0 words).
2026-08-11 17:36:43,747 - INFO - [Economic Times] Article: https://economictimes.indiatimes.com/delhi-world-book-fair-a-fair-like-no-other/articleshow/12028630.cms
2026-08-11 17:36:43,747 - INFO - [Economic Times] Attempt 2/2: Trying with 'selenium_browser' strategy...
2026-08-11 17:36:45,677 - INFO - [Economic Times] Page content loaded.
2026-08-11 17:36:45,839 - INFO - [Economic Times] Success with 'selenium_browser'. Found content (1911 words).
2026-08-11 17:36:48,785 - ERROR - Error saving article Delhi World Book fair: A fair like no other - The Economic Times: Hrana: `stream error: `Error { message: "SQLite error: UNIQUE constraint failed: articles.url", code: "SQLITE_CONSTRAINT" }``
2026-08-11 17:36:49,912 - INFO - [Economic Times] Article: https://economictimes.indiatimes.com/lk-advanis-gift-makes-its-way-to-state-department-exhibition-hall/articleshow/12017534.cms
2026-08-11 17:36:49,912 - INFO - [Economic Times] Attempt 1/2: Trying with 'requests_browser' strategy...
2026-08-11 17:36:50,251 - ERROR - parsed tree length: 1, wrong data type or not valid HTML
2026-08-11 17:36:50,252 - ERROR - empty HTML tree: None
2026-08-11 17:36:50,252 - WARNING - discarding data: None
2026-08-11 17:36:50,252 - WARNING - [Economic Times] FAILED with 'requests_browser' (content was too short: 0 words).
2026-08-11 17:36:50,885 - INFO - [Economic Times] Article: https://economictimes.indiatimes.com/lk-advanis-gift-makes-its-way-to-state-department-exhibition-hall/articleshow/12017534.cms
2026-08-11 17:36:50,885 - INFO - [Economic Times] Attempt 2/2: Trying with 'selenium_browser' strategy...
2026-08-11 17:36:52,652 - INFO - [Economic Times] Page content loaded.
2026-08-11 17:36:52,750 - INFO - [Economic Times] Success with 'selenium_browser'. Found content (488 words).
2026-08-11 17:36:55,668 - ERROR - Error saving article LK Advani's 'gift' makes its way to State Department exhibition hall - The Economic Times: Hrana: `stream error: `Error { message: "SQLite error: UNIQUE constraint failed: articles.url", code: "SQLITE_CONSTRAINT" }``
2026-08-11 17:36:55,794 - WARNING - [The Hindu] Page get timed out (7s). Proceeding to grab partial source anyway.
2026-08-11 17:36:57,090 - INFO - [Economic Times] Article: https://economictimes.indiatimes.com/india-meteorological-department-to-use-dynamic-models-for-forecasts/articleshow/11983844.cms
2026-08-11 17:36:57,090 - INFO - [Economic Times] Attempt 1/2: Trying with 'requests_browser' strategy...
2026-08-11 17:36:57,401 - ERROR - parsed tree length: 1, wrong data type or not valid HTML
2026-08-11 17:36:57,401 - ERROR - empty HTML tree: None
2026-08-11 17:36:57,402 - WARNING - discarding data: None
2026-08-11 17:36:57,402 - WARNING - [Economic Times] FAILED with 'requests_browser' (content was too short: 0 words).
2026-08-11 17:36:57,707 - CRITICAL - --- TIMEOUT: 2 scrape jobs did not complete in 420s. ---
2026-08-11 17:36:57,707 - ERROR - A thread has timed out and will be abandoned.
2026-08-11 17:36:57,707 - ERROR - A thread has timed out and will be abandoned.
2026-08-11 17:36:57,707 - INFO - Shutting down thread pool (wait=False)...
2026-08-11 17:36:57,707 - INFO - Scraped: 0 NDTV, 0 TechCrunch, 0 Wired, 1 BBC, 6 Al Jazeera, 0 Indian Express, 5 Times of India, 2 Timed_Out_Jobs articles. (Total saved: 12)
2026-08-11 17:36:57,708 - INFO - --- Scraping job finished ---
2026-08-11 17:36:57,708 - INFO - --- Scraper service stopped. ---
2026-08-11 17:36:57,708 - INFO - --- Main thread finished. Forcing process exit to kill zombie threads. ---
