2026-08-25 01:24:45,865 - INFO - Loading AI Semantic Model (all-MiniLM-L6-v2)...
2026-08-25 01:24:45,865 - INFO - No device provided, using cpu
2026-08-25 01:24:45,926 - INFO - HTTP Request: GET https://huggingface.co/api/agent-harnesses "HTTP/1.1 200 OK"
2026-08-25 01:24:45,943 - INFO - HTTP Request: HEAD https://huggingface.co/sentence-transformers/all-MiniLM-L6-v2/resolve/main/modules.json "HTTP/1.1 307 Temporary Redirect"
2026-08-25 01:24:45,943 - WARNING - Warning: You are sending unauthenticated requests to the HF Hub. Please set a HF_TOKEN to enable higher rate limits and faster downloads.
2026-08-25 01:24:45,950 - INFO - HTTP Request: HEAD https://huggingface.co/api/resolve-cache/models/sentence-transformers/all-MiniLM-L6-v2/1110a243fdf4706b3f48f1d95db1a4f5529b4d41/modules.json "HTTP/1.1 200 OK"
2026-08-25 01:24:45,974 - INFO - HTTP Request: HEAD https://huggingface.co/sentence-transformers/all-MiniLM-L6-v2/resolve/main/config_sentence_transformers.json "HTTP/1.1 307 Temporary Redirect"
2026-08-25 01:24:45,981 - INFO - HTTP Request: HEAD https://huggingface.co/api/resolve-cache/models/sentence-transformers/all-MiniLM-L6-v2/1110a243fdf4706b3f48f1d95db1a4f5529b4d41/config_sentence_transformers.json "HTTP/1.1 200 OK"
2026-08-25 01:24:45,982 - INFO - Loading SentenceTransformer model from sentence-transformers/all-MiniLM-L6-v2.
2026-08-25 01:24:46,001 - INFO - HTTP Request: HEAD https://huggingface.co/sentence-transformers/all-MiniLM-L6-v2/resolve/main/config_sentence_transformers.json "HTTP/1.1 307 Temporary Redirect"
2026-08-25 01:24:46,008 - INFO - HTTP Request: HEAD https://huggingface.co/api/resolve-cache/models/sentence-transformers/all-MiniLM-L6-v2/1110a243fdf4706b3f48f1d95db1a4f5529b4d41/config_sentence_transformers.json "HTTP/1.1 200 OK"
2026-08-25 01:24:46,028 - INFO - HTTP Request: HEAD https://huggingface.co/sentence-transformers/all-MiniLM-L6-v2/resolve/main/README.md "HTTP/1.1 307 Temporary Redirect"
2026-08-25 01:24:46,036 - INFO - HTTP Request: HEAD https://huggingface.co/api/resolve-cache/models/sentence-transformers/all-MiniLM-L6-v2/1110a243fdf4706b3f48f1d95db1a4f5529b4d41/README.md "HTTP/1.1 200 OK"
2026-08-25 01:24:46,045 - INFO - HTTP Request: GET https://huggingface.co/api/resolve-cache/models/sentence-transformers/all-MiniLM-L6-v2/1110a243fdf4706b3f48f1d95db1a4f5529b4d41/README.md "HTTP/1.1 200 OK"
2026-08-25 01:24:46,066 - INFO - HTTP Request: HEAD https://huggingface.co/sentence-transformers/all-MiniLM-L6-v2/resolve/main/modules.json "HTTP/1.1 307 Temporary Redirect"
2026-08-25 01:24:46,074 - INFO - HTTP Request: HEAD https://huggingface.co/api/resolve-cache/models/sentence-transformers/all-MiniLM-L6-v2/1110a243fdf4706b3f48f1d95db1a4f5529b4d41/modules.json "HTTP/1.1 200 OK"
2026-08-25 01:24:46,103 - INFO - HTTP Request: HEAD https://huggingface.co/sentence-transformers/all-MiniLM-L6-v2/resolve/main/sentence_bert_config.json "HTTP/1.1 307 Temporary Redirect"
2026-08-25 01:24:46,111 - INFO - HTTP Request: HEAD https://huggingface.co/api/resolve-cache/models/sentence-transformers/all-MiniLM-L6-v2/1110a243fdf4706b3f48f1d95db1a4f5529b4d41/sentence_bert_config.json "HTTP/1.1 200 OK"
2026-08-25 01:24:46,134 - INFO - HTTP Request: HEAD https://huggingface.co/sentence-transformers/all-MiniLM-L6-v2/resolve/main/adapter_config.json "HTTP/1.1 404 Not Found"
2026-08-25 01:24:46,154 - INFO - HTTP Request: HEAD https://huggingface.co/sentence-transformers/all-MiniLM-L6-v2/resolve/main/config.json "HTTP/1.1 307 Temporary Redirect"
2026-08-25 01:24:46,163 - INFO - HTTP Request: HEAD https://huggingface.co/api/resolve-cache/models/sentence-transformers/all-MiniLM-L6-v2/1110a243fdf4706b3f48f1d95db1a4f5529b4d41/config.json "HTTP/1.1 200 OK"
2026-08-25 01:24:46,229 - INFO - HTTP Request: HEAD https://huggingface.co/sentence-transformers/all-MiniLM-L6-v2/resolve/main/model.safetensors "HTTP/1.1 302 Found"
2026-08-25 01:24:46,380 - INFO - HTTP Request: HEAD https://huggingface.co/sentence-transformers/all-MiniLM-L6-v2/resolve/main/processor_config.json "HTTP/1.1 404 Not Found"
2026-08-25 01:24:46,400 - INFO - HTTP Request: HEAD https://huggingface.co/sentence-transformers/all-MiniLM-L6-v2/resolve/main/preprocessor_config.json "HTTP/1.1 404 Not Found"
2026-08-25 01:24:46,421 - INFO - HTTP Request: HEAD https://huggingface.co/sentence-transformers/all-MiniLM-L6-v2/resolve/main/video_preprocessor_config.json "HTTP/1.1 404 Not Found"
2026-08-25 01:24:46,443 - INFO - HTTP Request: HEAD https://huggingface.co/sentence-transformers/all-MiniLM-L6-v2/resolve/main/preprocessor_config.json "HTTP/1.1 404 Not Found"
2026-08-25 01:24:46,466 - INFO - HTTP Request: HEAD https://huggingface.co/sentence-transformers/all-MiniLM-L6-v2/resolve/main/tokenizer_config.json "HTTP/1.1 307 Temporary Redirect"
2026-08-25 01:24:46,473 - INFO - HTTP Request: HEAD https://huggingface.co/api/resolve-cache/models/sentence-transformers/all-MiniLM-L6-v2/1110a243fdf4706b3f48f1d95db1a4f5529b4d41/tokenizer_config.json "HTTP/1.1 200 OK"
2026-08-25 01:24:46,510 - INFO - HTTP Request: HEAD https://huggingface.co/sentence-transformers/all-MiniLM-L6-v2/resolve/main/config.json "HTTP/1.1 307 Temporary Redirect"
2026-08-25 01:24:46,518 - INFO - HTTP Request: HEAD https://huggingface.co/api/resolve-cache/models/sentence-transformers/all-MiniLM-L6-v2/1110a243fdf4706b3f48f1d95db1a4f5529b4d41/config.json "HTTP/1.1 200 OK"
2026-08-25 01:24:46,541 - INFO - HTTP Request: HEAD https://huggingface.co/sentence-transformers/all-MiniLM-L6-v2/resolve/main/config.json "HTTP/1.1 307 Temporary Redirect"
2026-08-25 01:24:46,547 - INFO - HTTP Request: HEAD https://huggingface.co/api/resolve-cache/models/sentence-transformers/all-MiniLM-L6-v2/1110a243fdf4706b3f48f1d95db1a4f5529b4d41/config.json "HTTP/1.1 200 OK"
2026-08-25 01:24:46,569 - INFO - HTTP Request: HEAD https://huggingface.co/sentence-transformers/all-MiniLM-L6-v2/resolve/main/tokenizer_config.json "HTTP/1.1 307 Temporary Redirect"
2026-08-25 01:24:46,576 - INFO - HTTP Request: HEAD https://huggingface.co/api/resolve-cache/models/sentence-transformers/all-MiniLM-L6-v2/1110a243fdf4706b3f48f1d95db1a4f5529b4d41/tokenizer_config.json "HTTP/1.1 200 OK"
2026-08-25 01:24:46,607 - INFO - HTTP Request: GET https://huggingface.co/api/models/sentence-transformers/all-MiniLM-L6-v2/tree/main/additional_chat_templates?recursive=false&expand=false "HTTP/1.1 404 Not Found"
2026-08-25 01:24:46,628 - INFO - HTTP Request: GET https://huggingface.co/api/models/sentence-transformers/all-MiniLM-L6-v2/tree/main?recursive=true&expand=false "HTTP/1.1 200 OK"
2026-08-25 01:24:46,649 - INFO - HTTP Request: HEAD https://huggingface.co/sentence-transformers/all-MiniLM-L6-v2/resolve/main/vocab.txt "HTTP/1.1 307 Temporary Redirect"
2026-08-25 01:24:46,657 - INFO - HTTP Request: HEAD https://huggingface.co/api/resolve-cache/models/sentence-transformers/all-MiniLM-L6-v2/1110a243fdf4706b3f48f1d95db1a4f5529b4d41/vocab.txt "HTTP/1.1 200 OK"
2026-08-25 01:24:46,676 - INFO - HTTP Request: HEAD https://huggingface.co/sentence-transformers/all-MiniLM-L6-v2/resolve/main/tokenizer.json "HTTP/1.1 307 Temporary Redirect"
2026-08-25 01:24:46,683 - INFO - HTTP Request: HEAD https://huggingface.co/api/resolve-cache/models/sentence-transformers/all-MiniLM-L6-v2/1110a243fdf4706b3f48f1d95db1a4f5529b4d41/tokenizer.json "HTTP/1.1 200 OK"
2026-08-25 01:24:46,702 - INFO - HTTP Request: HEAD https://huggingface.co/sentence-transformers/all-MiniLM-L6-v2/resolve/main/added_tokens.json "HTTP/1.1 404 Not Found"
2026-08-25 01:24:46,720 - INFO - HTTP Request: HEAD https://huggingface.co/sentence-transformers/all-MiniLM-L6-v2/resolve/main/special_tokens_map.json "HTTP/1.1 307 Temporary Redirect"
2026-08-25 01:24:46,727 - INFO - HTTP Request: HEAD https://huggingface.co/api/resolve-cache/models/sentence-transformers/all-MiniLM-L6-v2/1110a243fdf4706b3f48f1d95db1a4f5529b4d41/special_tokens_map.json "HTTP/1.1 200 OK"
2026-08-25 01:24:46,747 - INFO - HTTP Request: HEAD https://huggingface.co/sentence-transformers/all-MiniLM-L6-v2/resolve/main/chat_template.jinja "HTTP/1.1 404 Not Found"
2026-08-25 01:24:46,818 - INFO - HTTP Request: HEAD https://huggingface.co/sentence-transformers/all-MiniLM-L6-v2/resolve/main/1_Pooling/config.json "HTTP/1.1 307 Temporary Redirect"
2026-08-25 01:24:46,826 - INFO - HTTP Request: HEAD https://huggingface.co/api/resolve-cache/models/sentence-transformers/all-MiniLM-L6-v2/1110a243fdf4706b3f48f1d95db1a4f5529b4d41/1_Pooling%2Fconfig.json "HTTP/1.1 200 OK"
2026-08-25 01:24:46,852 - INFO - HTTP Request: HEAD https://huggingface.co/sentence-transformers/all-MiniLM-L6-v2/resolve/main/2_Normalize/config.json "HTTP/1.1 404 Not Found"
2026-08-25 01:24:46,878 - INFO - HTTP Request: GET https://huggingface.co/api/models/sentence-transformers/all-MiniLM-L6-v2 "HTTP/1.1 200 OK"
2026-08-25 01:24:46,881 - INFO - AI Model loaded successfully.
2026-08-25 01:24:46,881 - INFO - --- Scraper service started (CI Mode: Run Once) ---
2026-08-25 01:24:46,881 - INFO - --- Starting new scraping job (Parallel Mode) ---
2026-08-25 01:24:46,881 - INFO - Connecting to SQLite database...
2026-08-25 01:24:52,261 - INFO - Pre-calculating embeddings for 434 cached articles...
2026-08-25 01:25:18,486 - INFO - Cache built: 6054 URLs. Current MAX_ID: 113233
2026-08-25 01:25:18,487 - INFO - Creating new robust session with 3 retries on 5xx/connection/read errors.
2026-08-25 01:25:18,487 - INFO - Proxy is DISABLED.
2026-08-25 01:25:18,487 - INFO - [BBC] (Thread) requires Selenium. Initializing driver...
2026-08-25 01:25:18,488 - INFO - [Times of India] (Thread) requires Selenium. Initializing driver...
2026-08-25 01:25:18,488 - INFO - [The Hindu] (Thread) requires Selenium. Initializing driver...
2026-08-25 01:25:18,488 - INFO - [Al Jazeera] (Thread) requires Selenium. Initializing driver...
2026-08-25 01:25:18,489 - INFO - Starting scrape for TechCrunch RSS feed: https://techcrunch.com/feed/
2026-08-25 01:25:18,489 - INFO - [Economic Times] (Thread) requires Selenium. Initializing driver...
2026-08-25 01:25:18,491 - INFO - [Wired] (Thread) requires Selenium. Initializing driver...
2026-08-25 01:25:18,492 - INFO - [NDTV] (Thread) requires Selenium. Initializing driver...
2026-08-25 01:25:18,492 - INFO - [Indian Express] (Thread) requires Selenium. Initializing driver...
2026-08-25 01:25:18,493 - INFO - Submitted 9 jobs to thread pool. Waiting up to 420s for completion...
2026-08-25 01:25:19,603 - INFO - Found 0 articles in TechCrunch RSS feed. Processing until 8 new articles are saved.
2026-08-25 01:25:21,186 - INFO - Selenium driver initialized successfully (Eager load strategy, 7s timeout).
2026-08-25 01:25:21,186 - INFO - Starting scrape for Times of India RSS feed: https://timesofindia.indiatimes.com/rssfeeds/296589292.cms
2026-08-25 01:25:21,425 - INFO - Found 20 articles in Times of India RSS feed. Processing until 20 new articles are saved.
2026-08-25 01:25:21,425 - INFO - [Times of India] Article: https://timesofindia.indiatimes.com/world/south-asia/from-gen-z-wave-to-heat-in-150-days-nepal-pm-balen-faces-street-anger-parliament-pressure-and-party-unease/articleshow/133485397.cms
2026-08-25 01:25:21,425 - INFO - [Times of India] Attempt 1/1: Trying with 'selenium_browser' strategy...
2026-08-25 01:25:21,475 - INFO - Selenium driver initialized successfully (Eager load strategy, 7s timeout).
2026-08-25 01:25:21,475 - INFO - Starting scrape for Wired RSS feed: https://www.wired.com/feed/rss
2026-08-25 01:25:21,509 - INFO - Selenium driver initialized successfully (Eager load strategy, 7s timeout).
2026-08-25 01:25:21,510 - INFO - Starting scrape for BBC RSS feed: http://feeds.bbci.co.uk/news/world/rss.xml
2026-08-25 01:25:21,596 - INFO - Selenium driver initialized successfully (Eager load strategy, 7s timeout).
2026-08-25 01:25:21,602 - INFO - Starting scrape for Indian Express RSS feed: https://indianexpress.com/feed/
2026-08-25 01:25:21,647 - INFO - Selenium driver initialized successfully (Eager load strategy, 7s timeout).
2026-08-25 01:25:21,647 - INFO - Starting scrape for Al Jazeera RSS feed: https://www.aljazeera.com/xml/rss/all.xml
2026-08-25 01:25:21,929 - INFO - Selenium driver initialized successfully (Eager load strategy, 7s timeout).
2026-08-25 01:25:21,944 - INFO - Starting scrape for The Hindu RSS feed: https://www.thehindu.com/news/national/feeder/default.rss
2026-08-25 01:25:22,024 - INFO - Found 27 articles in BBC RSS feed. Processing until 10 new articles are saved.
2026-08-25 01:25:22,024 - INFO - [BBC] Early skip: URL https://www.bbc.co.uk/news/articles/c0qxew81y83o?at_medium=RSS&at_campaign=rss already exists.
2026-08-25 01:25:22,049 - INFO - [BBC] Early skip: URL https://www.bbc.co.uk/news/articles/clyqypkrzq5o?at_medium=RSS&at_campaign=rss already exists.
2026-08-25 01:25:22,057 - INFO - [BBC] Article: https://www.bbc.co.uk/news/articles/c33knmyl0y5o?at_medium=RSS&at_campaign=rss
2026-08-25 01:25:22,057 - INFO - [BBC] Attempt 1/2: Trying with 'requests_browser' strategy...
2026-08-25 01:25:22,113 - INFO - Selenium driver initialized successfully (Eager load strategy, 7s timeout).
2026-08-25 01:25:22,113 - INFO - Starting scrape for Economic Times RSS feed: https://economictimes.indiatimes.com/rssfeedsdefault.cms
2026-08-25 01:25:22,120 - INFO - Selenium driver initialized successfully (Eager load strategy, 7s timeout).
2026-08-25 01:25:22,120 - INFO - Starting scrape for NDTV RSS feed: https://feeds.feedburner.com/ndtvnews-top-stories
2026-08-25 01:25:22,263 - ERROR - Failed to fetch Indian Express RSS feed: 403 Client Error: Forbidden for url: https://indianexpress.com/feed/
2026-08-25 01:25:22,264 - INFO - [Indian Express] (Thread) Finished. Attempting to shut down its Selenium driver.
2026-08-25 01:25:22,289 - INFO - Found 25 articles in Al Jazeera RSS feed. Processing until 8 new articles are saved.
2026-08-25 01:25:22,301 - INFO - [Al Jazeera] Article: https://www.aljazeera.com/news/2026/8/25/us-plans-to-revoke-business-tourism-visas-of-200000-asylum-seekers?traffic_source=rss
2026-08-25 01:25:22,301 - INFO - [Al Jazeera] Attempt 1/2: Trying with 'requests_browser' strategy...
2026-08-25 01:25:22,304 - INFO - Found 50 articles in Wired RSS feed. Processing until 10 new articles are saved.
2026-08-25 01:25:22,305 - INFO - [Wired] Article: https://www.wired.com/review/bitdefender-vpn/
2026-08-25 01:25:22,305 - INFO - [Wired] Attempt 1/2: Trying with 'requests_browser' strategy...
2026-08-25 01:25:22,417 - INFO - [Indian Express] (Thread) driver.quit() successful.
2026-08-25 01:25:22,524 - INFO - Found 60 articles in The Hindu RSS feed. Processing until 20 new articles are saved.
2026-08-25 01:25:22,527 - INFO - [The Hindu] Article: https://www.thehindu.com/news/national/india-china-talks-structural-differences-have-not-disappeared-says-hu-shisheng/article71387073.ece
2026-08-25 01:25:22,527 - INFO - [The Hindu] Attempt 1/1: Trying with 'selenium_browser' strategy...
2026-08-25 01:25:22,539 - ERROR - parsed tree length: 1, wrong data type or not valid HTML
2026-08-25 01:25:22,540 - ERROR - empty HTML tree: None
2026-08-25 01:25:22,540 - WARNING - discarding data: None
2026-08-25 01:25:22,540 - WARNING - [Wired] FAILED with 'requests_browser' (content was too short: 0 words).
2026-08-25 01:25:22,578 - INFO - Found 20 articles in NDTV RSS feed. Processing until 10 new articles are saved.
2026-08-25 01:25:22,578 - INFO - [NDTV] Article: https://www.ndtv.com/world-news/us-canada-trade-relations-donald-trump-tariffs-not-a-us-subsidiary-canada-pm-mark-carney-to-announce-retaliatory-tariffs-11954261#publisher=newsstand
2026-08-25 01:25:22,579 - INFO - [NDTV] Attempt 1/2: Trying with 'requests_browser' strategy...
2026-08-25 01:25:22,678 - INFO - [Al Jazeera] Success with 'requests_browser'. Found content (448 words).
2026-08-25 01:25:22,823 - INFO - Found 76 articles in Economic Times RSS feed. Processing until 20 new articles are saved.
2026-08-25 01:25:22,836 - INFO - [Economic Times] Article: https://economictimes.indiatimes.com/markets/ipos/fpos/india-incs-equity-fundraising-surges-past-rs-1-11-lakh-crore-on-strong-inflows-in-july-august/articleshow/133485341.cms
2026-08-25 01:25:22,854 - INFO - [Economic Times] Attempt 1/2: Trying with 'requests_browser' strategy...
2026-08-25 01:25:22,862 - ERROR - [NDTV] Request failed for strategy 'requests_browser' on URL https://www.ndtv.com/world-news/us-canada-trade-relations-donald-trump-tariffs-not-a-us-subsidiary-canada-pm-mark-carney-to-announce-retaliatory-tariffs-11954261#publisher=newsstand: 403 Client Error: Forbidden for url: https://www.ndtv.com/world-news/us-canada-trade-relations-donald-trump-tariffs-not-a-us-subsidiary-canada-pm-mark-carney-to-announce-retaliatory-tariffs-11954261#publisher=newsstand
2026-08-25 01:25:22,872 - INFO - [BBC] Success with 'requests_browser'. Found content (383 words).
2026-08-25 01:25:23,258 - INFO - [Wired] Article: https://www.wired.com/review/bitdefender-vpn/
2026-08-25 01:25:23,258 - INFO - [Wired] Attempt 2/2: Trying with 'selenium_browser' strategy...
2026-08-25 01:25:24,661 - INFO - [NDTV] Article: https://www.ndtv.com/world-news/us-canada-trade-relations-donald-trump-tariffs-not-a-us-subsidiary-canada-pm-mark-carney-to-announce-retaliatory-tariffs-11954261#publisher=newsstand
2026-08-25 01:25:24,661 - INFO - [NDTV] Attempt 2/2: Trying with 'selenium_browser' strategy...
2026-08-25 01:25:26,210 - INFO - >>> SUCCESSFULLY SAVED [ID: 113234] - US plans to revoke business, tourism visas of 200,000 asylum seekers | Migration News | Al Jazeera from Al Jazeera (448 words)
2026-08-25 01:25:26,275 - INFO - [Economic Times] Success with 'requests_browser'. Found content (558 words).
2026-08-25 01:25:26,784 - INFO - DEDUPLICATION: Found match (Score: 0.84). Linking to Cluster ID: 628187e2-48db-4ea7-b3ac-ed2e72828d99
2026-08-25 01:25:28,076 - INFO - [Al Jazeera] Article: https://www.aljazeera.com/news/2026/8/25/drcs-constitutional-battle-the-fight-over-the-2028-vote?traffic_source=rss
2026-08-25 01:25:28,076 - INFO - [Al Jazeera] Attempt 1/2: Trying with 'requests_browser' strategy...
2026-08-25 01:25:28,502 - INFO - [The Hindu] Page content loaded.
2026-08-25 01:25:29,563 - INFO - >>> SUCCESSFULLY SAVED [ID: 113235] - US removes Syria from list of state sponsors of terrorism - BBC News from BBC (383 words)
2026-08-25 01:25:29,603 - INFO - [NDTV] Page content loaded.
2026-08-25 01:25:29,664 - INFO - [Al Jazeera] Success with 'requests_browser'. Found content (1139 words).
2026-08-25 01:25:31,104 - INFO - [BBC] Article: https://www.bbc.co.uk/news/videos/ckg8wkd0j7do?at_medium=RSS&at_campaign=rss
2026-08-25 01:25:31,104 - INFO - [BBC] Attempt 1/2: Trying with 'requests_browser' strategy...
2026-08-25 01:25:32,582 - INFO - >>> SUCCESSFULLY SAVED [ID: 113236] - India Inc’s equity fundraising surges past Rs 1.11 lakh crore on strong inflows in July-August - The Economic Times from Economic Times (558 words)
2026-08-25 01:25:32,910 - INFO - [NDTV] Success with 'selenium_browser'. Found content (1101 words).
2026-08-25 01:25:33,096 - INFO - [BBC] Success with 'requests_browser'. Found content (106 words).
2026-08-25 01:25:34,906 - INFO - [Economic Times] Article: https://economictimes.indiatimes.com/markets/stocks/news/sebi-drops-rs-3912-crore-probe-against-max-financial-axis-bank-over-disclosure-lapses/articleshow/133485032.cms
2026-08-25 01:25:34,906 - INFO - [Economic Times] Attempt 1/2: Trying with 'requests_browser' strategy...
2026-08-25 01:25:36,514 - INFO - >>> SUCCESSFULLY SAVED [ID: 113237] - DRC’s constitutional battle: The fight over the 2028 vote | News | Al Jazeera from Al Jazeera (1139 words)
2026-08-25 01:25:37,014 - INFO - [The Hindu] Success with 'selenium_browser'. Found content (658 words).
2026-08-25 01:25:39,809 - INFO - [Al Jazeera] Article: https://www.aljazeera.com/news/2026/8/25/search-continues-in-tunisia-after-migrant-boat-sinking-sparks-protests?traffic_source=rss
2026-08-25 01:25:39,809 - INFO - [Al Jazeera] Attempt 1/2: Trying with 'requests_browser' strategy...
2026-08-25 01:25:40,049 - INFO - >>> SUCCESSFULLY SAVED [ID: 113238] - Moment tornado tears through southern France - BBC News from BBC (106 words)
2026-08-25 01:25:40,385 - INFO - [Al Jazeera] Success with 'requests_browser'. Found content (625 words).
2026-08-25 01:25:40,831 - INFO - [BBC] Early skip: URL https://www.bbc.co.uk/news/articles/c36lnekj659o?at_medium=RSS&at_campaign=rss already exists.
2026-08-25 01:25:40,846 - INFO - [BBC] Early skip: URL https://www.bbc.co.uk/news/articles/c5y58g2dp3xo?at_medium=RSS&at_campaign=rss already exists.
2026-08-25 01:25:41,411 - INFO - [BBC] Early skip: URL https://www.bbc.co.uk/news/articles/cg598yvrzpro?at_medium=RSS&at_campaign=rss already exists.
2026-08-25 01:25:41,420 - INFO - [BBC] Early skip: URL https://www.bbc.co.uk/news/articles/cvgy58ql288o?at_medium=RSS&at_campaign=rss already exists.
2026-08-25 01:25:41,422 - INFO - [BBC] Early skip: URL https://www.bbc.co.uk/news/articles/c4g6ggdg030o?at_medium=RSS&at_campaign=rss already exists.
2026-08-25 01:25:41,425 - INFO - DEDUPLICATION: Found match (Score: 0.92). Linking to Cluster ID: 522d01ea-56f9-4afe-afc9-55d483de3718
2026-08-25 01:25:41,437 - INFO - [BBC] Early skip: URL https://www.bbc.co.uk/news/articles/cgrvj28wrxgo?at_medium=RSS&at_campaign=rss already exists.
2026-08-25 01:25:43,057 - INFO - [BBC] Early skip: URL https://www.bbc.co.uk/news/articles/cgrvjn88rxqo?at_medium=RSS&at_campaign=rss already exists.
2026-08-25 01:25:43,062 - INFO - [BBC] Early skip: URL https://www.bbc.co.uk/news/articles/c790w8wxv0do?at_medium=RSS&at_campaign=rss already exists.
2026-08-25 01:25:43,064 - INFO - [BBC] Early skip: URL https://www.bbc.co.uk/news/articles/cy9ze48l2yeo?at_medium=RSS&at_campaign=rss already exists.
2026-08-25 01:25:43,892 - INFO - [BBC] Early skip: URL https://www.bbc.co.uk/news/articles/c4g3g36z7p6o?at_medium=RSS&at_campaign=rss already exists.
2026-08-25 01:25:43,903 - INFO - [BBC] Early skip: URL https://www.bbc.co.uk/news/articles/cg7k9rmnzp7o?at_medium=RSS&at_campaign=rss already exists.
2026-08-25 01:25:44,135 - INFO - [BBC] Article: https://www.bbc.co.uk/news/articles/cyvlzp2zn67o?at_medium=RSS&at_campaign=rss
2026-08-25 01:25:44,135 - INFO - [BBC] Attempt 1/2: Trying with 'requests_browser' strategy...
2026-08-25 01:25:44,135 - INFO - >>> SUCCESSFULLY SAVED [ID: 113239] - US-canada trade relations, Donald Trump tariffs, 'Not A US Subsidiary': Canada PM Mark Carney To Announce Retaliatory Tariffs from NDTV (1101 words)
2026-08-25 01:25:44,391 - INFO - [BBC] Success with 'requests_browser'. Found content (1061 words).
2026-08-25 01:25:46,047 - INFO - [NDTV] Article: https://www.ndtv.com/india-news/24-year-old-drowns-3-months-after-brothers-death-in-gujarat-11954260#publisher=newsstand
2026-08-25 01:25:47,334 - INFO - [NDTV] Attempt 1/2: Trying with 'requests_browser' strategy...
2026-08-25 01:25:46,049 - INFO - [Wired] Page content loaded.
2026-08-25 01:25:47,561 - INFO - >>> SUCCESSFULLY SAVED [ID: 113240] - India-China talks: ‘Structural differences have not disappeared,’ says Hu Shisheng - The Hindu from The Hindu (658 words)
2026-08-25 01:25:47,730 - INFO - [Economic Times] Success with 'requests_browser'. Found content (334 words).
2026-08-25 01:25:47,808 - ERROR - [NDTV] Request failed for strategy 'requests_browser' on URL https://www.ndtv.com/india-news/24-year-old-drowns-3-months-after-brothers-death-in-gujarat-11954260#publisher=newsstand: 403 Client Error: Forbidden for url: https://www.ndtv.com/india-news/24-year-old-drowns-3-months-after-brothers-death-in-gujarat-11954260#publisher=newsstand
2026-08-25 01:25:49,977 - INFO - [The Hindu] Early skip: URL https://www.thehindu.com/news/national/kerala/parents-of-16-year-old-keralam-boy-who-died-in-accident-donate-organs/article71385440.ece already exists.
2026-08-25 01:25:49,983 - INFO - [NDTV] Article: https://www.ndtv.com/india-news/24-year-old-drowns-3-months-after-brothers-death-in-gujarat-11954260#publisher=newsstand
2026-08-25 01:25:49,983 - INFO - [NDTV] Attempt 2/2: Trying with 'selenium_browser' strategy...
2026-08-25 01:25:51,036 - INFO - [The Hindu] Early skip: URL https://www.thehindu.com/news/national/uttar-pradesh/youth-morcha-storms-dm-office-highlighting-critical-gaps-in-schools-questions-fir-on-activist/article71385555.ece already exists.
2026-08-25 01:25:51,042 - INFO - >>> SUCCESSFULLY SAVED [ID: 113241] - Search continues in Tunisia as migrant boat sinking sparks protests | Migration News | Al Jazeera from Al Jazeera (625 words)
2026-08-25 01:25:51,045 - INFO - [The Hindu] Early skip: URL https://www.thehindu.com/news/national/simultaneous-polls-possible-in-2029-says-panel-chief/article71386185.ece already exists.
2026-08-25 01:25:51,058 - INFO - [The Hindu] Early skip: URL https://www.thehindu.com/news/cities/Delhi/flight-diversions-in-delhi-ncr-traffic-jams-in-jaipur-as-north-indian-cities-reel-under-heavy-rain/article71386106.ece already exists.
2026-08-25 01:25:51,059 - INFO - [The Hindu] Early skip: URL https://www.thehindu.com/news/national/west-bengal/suvendu-mamata-spar-over-annapurna-bhandar-benefits-in-west-bengal/article71385401.ece already exists.
2026-08-25 01:25:51,080 - INFO - [The Hindu] Early skip: URL https://www.thehindu.com/news/national/congress-targets-modi-government-on-price-rise-ravagingthe-pathway-from-education-to-employment/article71384172.ece already exists.
2026-08-25 01:25:51,082 - INFO - [The Hindu] Early skip: URL https://www.thehindu.com/news/national/west-bengal/as-many-as-23000-certificates-issued-under-caa-23-lakh-applications-made-says-wb-cm/article71385675.ece already exists.
2026-08-25 01:25:51,085 - INFO - [The Hindu] Early skip: URL https://www.thehindu.com/news/national/cjp-announces-september-5-march-in-delhi-over-centre-alleged-failure-to-honour-promises-made-during-the-july-agitation/article71384380.ece already exists.
2026-08-25 01:25:51,086 - INFO - [The Hindu] Early skip: URL https://www.thehindu.com/news/national/uttar-pradesh/uproar-after-allahabad-high-court-refer-divisional-commissioners-conduct-for-criminal-contempt/article71384939.ece already exists.
2026-08-25 01:25:51,089 - INFO - [The Hindu] Early skip: URL https://www.thehindu.com/news/national/uttar-pradesh/row-over-up-ias-officers-bid-to-influence-civil-judge-deepens-as-hc-takes-serious-exception/article71386173.ece already exists.
2026-08-25 01:25:51,091 - INFO - [The Hindu] Early skip: URL https://www.thehindu.com/news/national/jharkhand/devendra-mahto-launches-examination-reform-yatra-in-jharkhand/article71385152.ece already exists.
2026-08-25 01:25:51,101 - INFO - [The Hindu] Article: https://www.thehindu.com/news/national/andhra-pradesh/au-degree-supplementary-examinations-postponed-to-august-27/article71385603.ece
2026-08-25 01:25:51,101 - INFO - [The Hindu] Attempt 1/1: Trying with 'selenium_browser' strategy...
2026-08-25 01:25:51,226 - INFO - [Wired] Success with 'selenium_browser'. Found content (555 words).
2026-08-25 01:25:52,728 - INFO - [Al Jazeera] Article: https://www.aljazeera.com/news/liveblog/2026/8/25/iran-war-live-drat?traffic_source=rss
2026-08-25 01:25:52,728 - INFO - [Al Jazeera] Attempt 1/2: Trying with 'requests_browser' strategy...
2026-08-25 01:25:54,200 - INFO - >>> SUCCESSFULLY SAVED [ID: 113242] - Bundelkhand: Caste divides make scorching summers harder in a parched corner of India - BBC News from BBC (1061 words)
2026-08-25 01:25:54,253 - INFO - [NDTV] Page content loaded.
2026-08-25 01:25:54,300 - INFO - [Al Jazeera] Success with 'requests_browser'. Found content (137 words).
2026-08-25 01:25:56,221 - INFO - [BBC] Article: https://www.bbc.co.uk/news/articles/c62m4zn1q6mo?at_medium=RSS&at_campaign=rss
2026-08-25 01:25:56,221 - INFO - [BBC] Attempt 1/2: Trying with 'requests_browser' strategy...
2026-08-25 01:25:57,344 - INFO - >>> SUCCESSFULLY SAVED [ID: 113243] - Sebi drops Rs 3,912 crore probe against Max Financial, Axis Bank over disclosure lapses - The Economic Times from Economic Times (334 words)
2026-08-25 01:25:57,647 - INFO - [BBC] Success with 'requests_browser'. Found content (1592 words).
2026-08-25 01:25:57,877 - INFO - [NDTV] Success with 'selenium_browser'. Found content (260 words).
2026-08-25 01:25:59,619 - INFO - [Economic Times] Article: https://economictimes.indiatimes.com/markets/us-stocks/news/global-market-today-asian-stocks-dip-after-us-tech-selloff-gold-gains/articleshow/133485763.cms
2026-08-25 01:25:59,619 - INFO - [Economic Times] Attempt 1/2: Trying with 'requests_browser' strategy...
2026-08-25 01:25:59,647 - INFO - [Times of India] Page content loaded.
2026-08-25 01:26:00,503 - ERROR - Error saving article Bitdefender VPN Review: Fast and Affordable Privacy | WIRED: Hrana: `stream error: `Error { message: "SQLite error: UNIQUE constraint failed: articles.url", code: "SQLITE_CONSTRAINT" }``
2026-08-25 01:26:00,934 - INFO - [Economic Times] Success with 'requests_browser'. Found content (724 words).
2026-08-25 01:26:01,067 - INFO - DEDUPLICATION: Found match (Score: 0.85). Linking to Cluster ID: b8ac3b9a-3930-4588-ba0a-abe19eead6de
2026-08-25 01:26:02,319 - INFO - [Wired] Early skip: URL https://www.wired.com/story/sous-vide-salmonella-eggs/ already exists.
2026-08-25 01:26:02,320 - WARNING - [The Hindu] Page explicit wait timed out (3s). Proceeding anyway.
2026-08-25 01:26:03,566 - INFO - [Wired] Early skip: URL https://www.wired.com/story/food-safety-gear-salmonella/ already exists.
2026-08-25 01:26:03,811 - INFO - [Wired] Early skip: URL https://www.wired.com/story/steelseries-arctis-nova-3p-august-2026/ already exists.
2026-08-25 01:26:03,811 - INFO - >>> SUCCESSFULLY SAVED [ID: 113245] - Iran war live: US slaps new sanctions on Iran, warns Tehran trade partners | Donald Trump News | Al Jazeera from Al Jazeera (137 words)
2026-08-25 01:26:03,822 - INFO - [Wired] Early skip: URL https://www.wired.com/review/birdfy-nest-duo/ already exists.
2026-08-25 01:26:03,828 - INFO - [Wired] Early skip: URL https://www.wired.com/story/best-kindle-accessories/ already exists.
2026-08-25 01:26:03,834 - INFO - [Wired] Early skip: URL https://www.wired.com/story/best-home-theater-projector/ already exists.
2026-08-25 01:26:03,839 - INFO - [Wired] Early skip: URL https://www.wired.com/story/all-work-and-some-play-in-a-virtual-display/ already exists.
2026-08-25 01:26:03,842 - INFO - [Wired] Early skip: URL https://www.wired.com/story/best-multi-use-air-purifiers/ already exists.
2026-08-25 01:26:03,845 - INFO - [Wired] Early skip: URL https://www.wired.com/story/teachers-deepfake-ai-students-content/ already exists.
2026-08-25 01:26:03,849 - INFO - [Wired] Early skip: URL https://www.wired.com/story/nasa-nancy-grace-roman-space-telescope-hidden-facets-of-universe/ already exists.
2026-08-25 01:26:03,853 - INFO - [Wired] Early skip: URL https://www.wired.com/review/asus-rog-swift-rgb-stripe-oled-pg27ucwm/ already exists.
2026-08-25 01:26:03,855 - INFO - [Wired] Article: https://www.wired.com/gallery/best-kindle/
2026-08-25 01:26:03,855 - INFO - [Wired] Attempt 1/2: Trying with 'requests_browser' strategy...
2026-08-25 01:26:03,981 - ERROR - parsed tree length: 1, wrong data type or not valid HTML
2026-08-25 01:26:03,981 - ERROR - empty HTML tree: None
2026-08-25 01:26:03,981 - WARNING - discarding data: None
2026-08-25 01:26:03,981 - WARNING - [Wired] FAILED with 'requests_browser' (content was too short: 0 words).
2026-08-25 01:26:05,675 - INFO - [Al Jazeera] Early skip: URL https://www.aljazeera.com/economy/2026/8/24/how-us-sanctions-on-iran-ripple-through-global-markets-and-consumers?traffic_source=rss already exists.
2026-08-25 01:26:05,675 - INFO - [Wired] Article: https://www.wired.com/gallery/best-kindle/
2026-08-25 01:26:05,675 - INFO - [Wired] Attempt 2/2: Trying with 'selenium_browser' strategy...
2026-08-25 01:26:06,780 - INFO - [Al Jazeera] Early skip: URL https://www.aljazeera.com/news/2026/8/24/us-supreme-court-sides-with-trump-administration-on-mail-voting?traffic_source=rss already exists.
2026-08-25 01:26:06,781 - INFO - >>> SUCCESSFULLY SAVED [ID: 113246] - China's humanoid robots are stealing the show, but a quieter machine revolution is unfolding - BBC News from BBC (1592 words)
2026-08-25 01:26:06,782 - INFO - [Al Jazeera] Early skip: URL https://www.aljazeera.com/news/2026/8/24/us-removes-syria-from-state-sponsor-of-terrorism-list?traffic_source=rss already exists.
2026-08-25 01:26:06,786 - INFO - [Al Jazeera] Early skip: URL https://www.aljazeera.com/news/2026/8/24/jeffries-kushner-meeting-sparks-speculation-amid-contentious-us-midterms?traffic_source=rss already exists.
2026-08-25 01:26:06,788 - INFO - [Al Jazeera] Early skip: URL https://www.aljazeera.com/news/2026/8/24/us-public-support-for-iran-war-falls-as-trump-approval-at-record-low-poll?traffic_source=rss already exists.
2026-08-25 01:26:06,794 - INFO - [Al Jazeera] Article: https://www.aljazeera.com/video/newsfeed/2026/8/24/iconic-palestinian-artist-sliman-mansour-passes-away-at-age-79?traffic_source=rss
2026-08-25 01:26:06,794 - INFO - [Al Jazeera] Attempt 1/2: Trying with 'requests_browser' strategy...
2026-08-25 01:26:06,978 - WARNING - [Al Jazeera] FAILED with 'requests_browser' (content was too short: 59 words).
2026-08-25 01:26:06,989 - WARNING - [The Hindu] FAILED with 'selenium_browser' (content was too short: 85 words).
2026-08-25 01:26:06,989 - ERROR - [The Hindu] All scrape strategies failed for https://www.thehindu.com/news/national/andhra-pradesh/au-degree-supplementary-examinations-postponed-to-august-27/article71385603.ece. Falling back to RSS description.
2026-08-25 01:26:06,989 - WARNING - SKIPPED (GLOBAL WORD LIMIT): Article 'AU degree supplementary examinations postponed to August 27' from The Hindu has only 3 words (Min: 90).
2026-08-25 01:26:08,300 - INFO - [BBC] Article: https://www.bbc.co.uk/news/articles/c05rj80ve56o?at_medium=RSS&at_campaign=rss
2026-08-25 01:26:08,300 - INFO - [BBC] Attempt 1/2: Trying with 'requests_browser' strategy...
2026-08-25 01:26:08,302 - INFO - [Al Jazeera] Article: https://www.aljazeera.com/video/newsfeed/2026/8/24/iconic-palestinian-artist-sliman-mansour-passes-away-at-age-79?traffic_source=rss
2026-08-25 01:26:08,303 - INFO - [Al Jazeera] Attempt 2/2: Trying with 'selenium_browser' strategy...
2026-08-25 01:26:08,303 - INFO - [The Hindu] Early skip: URL https://www.thehindu.com/news/national/andhra-pradesh/au-invites-applications-for-mba-mca-admissions/article71385634.ece already exists.
2026-08-25 01:26:08,305 - INFO - [The Hindu] Early skip: URL https://www.thehindu.com/news/national/kerala/week-long-onam-celebrations-begin-in-kozhikode/article71385653.ece already exists.
2026-08-25 01:26:09,521 - INFO - [The Hindu] Early skip: URL https://www.thehindu.com/news/national/andhra-pradesh/araku-gears-up-for-cms-visit-on-aug-29/article71385678.ece already exists.
2026-08-25 01:26:09,739 - INFO - [The Hindu] Early skip: URL https://www.thehindu.com/news/national/andhra-pradesh/action-plan-to-redevelop-ttd-kalyana-mandapam/article71385467.ece already exists.
2026-08-25 01:26:09,739 - INFO - >>> SUCCESSFULLY SAVED [ID: 113247] - 24-Year-Old Drowns 3 Months After Brother's Death In Gujarat from NDTV (260 words)
2026-08-25 01:26:09,740 - INFO - [Wired] Page content loaded.
2026-08-25 01:26:09,741 - INFO - [The Hindu] Early skip: URL https://www.thehindu.com/news/national/andhra-pradesh/district-collector-directs-officials-on-karmayogi-training-grievance-redress-and-eye-donation-awareness/article71385372.ece already exists.
2026-08-25 01:26:09,747 - INFO - [The Hindu] Early skip: URL https://www.thehindu.com/news/national/kerala/recurring-accidents-at-champakkara-kochi-mayor-to-convene-emergency-meeting/article71384837.ece already exists.
2026-08-25 01:26:09,752 - INFO - [The Hindu] Early skip: URL https://www.thehindu.com/news/national/karnataka/3825-lakh-spent-on-karnataka-cm-dk-shivakumars-swearing-in-ceremony/article71385774.ece already exists.
2026-08-25 01:26:09,753 - INFO - [The Hindu] Early skip: URL https://www.thehindu.com/news/national/kerala/gastroenterology-dept-at-ernakulam-general-hospital-likely-to-get-op-facility/article71385213.ece already exists.
2026-08-25 01:26:09,755 - INFO - [The Hindu] Early skip: URL https://www.thehindu.com/news/national/karnataka/102-taluks-to-be-declared-drought-hit-after-discussion-in-next-cabinet-meeting/article71385437.ece already exists.
2026-08-25 01:26:09,770 - INFO - [The Hindu] Early skip: URL https://www.thehindu.com/opinion/op-ed/peoples-plan-20-an-ambitious-dream/article71385908.ece already exists.
2026-08-25 01:26:09,777 - INFO - [The Hindu] Early skip: URL https://www.thehindu.com/news/national/karnataka/karnatakas-monsoon-session-ends-abruptly-as-opposition-steps-up-attack-demanding-minister-nagendras-resignation/article71385798.ece already exists.
2026-08-25 01:26:09,780 - INFO - [The Hindu] Early skip: URL https://www.thehindu.com/news/cities/Delhi/six-arrested-for-running-fake-airline-job-racket-victims-from-delhi-neighbouring-states/article71384843.ece already exists.
2026-08-25 01:26:09,782 - INFO - [The Hindu] Article: https://www.thehindu.com/news/national/karnataka/study-availability-of-predictable-food-through-garbage-and-intentional-feeding-linked-to-indias-street-dog-population/article71384352.ece
2026-08-25 01:26:09,782 - INFO - [The Hindu] Attempt 1/1: Trying with 'selenium_browser' strategy...
2026-08-25 01:26:09,922 - INFO - [BBC] Success with 'requests_browser'. Found content (1127 words).
2026-08-25 01:26:10,437 - INFO - DEDUPLICATION: Found match (Score: 0.85). Linking to Cluster ID: d57ee6be-65c9-4b47-9c8e-9447c3aef9e1
2026-08-25 01:26:11,707 - INFO - [NDTV] Article: https://www.ndtv.com/delhi-news/delhi-lt-governor-cracks-whip-more-police-in-narela-parking-sites-to-open-11954220#publisher=newsstand
2026-08-25 01:26:11,707 - INFO - [NDTV] Attempt 1/2: Trying with 'requests_browser' strategy...
2026-08-25 01:26:13,212 - INFO - [Al Jazeera] Page content loaded.
2026-08-25 01:26:13,213 - INFO - >>> SUCCESSFULLY SAVED [ID: 113248] - Global Market Today: Asian stocks dip after US tech selloff, gold gains - The Economic Times from Economic Times (724 words)
2026-08-25 01:26:13,493 - ERROR - [NDTV] Request failed for strategy 'requests_browser' on URL https://www.ndtv.com/delhi-news/delhi-lt-governor-cracks-whip-more-police-in-narela-parking-sites-to-open-11954220#publisher=newsstand: 403 Client Error: Forbidden for url: https://www.ndtv.com/delhi-news/delhi-lt-governor-cracks-whip-more-police-in-narela-parking-sites-to-open-11954220#publisher=newsstand
2026-08-25 01:26:14,962 - INFO - [Economic Times] Article: https://economictimes.indiatimes.com/mf/analysis/sip-boom-mutual-fund-investors-and-equity-exposure-soar-over-five-years/articleshow/133484492.cms
2026-08-25 01:26:14,962 - INFO - [Economic Times] Attempt 1/2: Trying with 'requests_browser' strategy...
2026-08-25 01:26:15,372 - INFO - [NDTV] Article: https://www.ndtv.com/delhi-news/delhi-lt-governor-cracks-whip-more-police-in-narela-parking-sites-to-open-11954220#publisher=newsstand
2026-08-25 01:26:15,372 - INFO - [NDTV] Attempt 2/2: Trying with 'selenium_browser' strategy...
2026-08-25 01:26:16,471 - INFO - >>> SUCCESSFULLY SAVED [ID: 113249] - How Canada could hit back to hurt the US economy - and Trump - BBC News from BBC (1127 words)
2026-08-25 01:26:16,861 - WARNING - [Al Jazeera] FAILED with 'selenium_browser' (content was too short: 59 words).
2026-08-25 01:26:16,861 - ERROR - [Al Jazeera] All scrape strategies failed for https://www.aljazeera.com/video/newsfeed/2026/8/24/iconic-palestinian-artist-sliman-mansour-passes-away-at-age-79?traffic_source=rss. Falling back to RSS description.
2026-08-25 01:26:16,861 - WARNING - SKIPPED (GLOBAL WORD LIMIT): Article 'Iconic Palestinian artist Sliman Mansour passes away at age 79' from Al Jazeera has only 18 words (Min: 90).
2026-08-25 01:26:17,072 - INFO - [Times of India] Success with 'selenium_browser'. Found content (335 words).
2026-08-25 01:26:17,725 - INFO - [BBC] Early skip: URL https://www.bbc.co.uk/news/articles/ckgvk9p2n7ko?at_medium=RSS&at_campaign=rss already exists.
2026-08-25 01:26:17,746 - INFO - [BBC] Early skip: URL https://www.bbc.co.uk/news/articles/cy0j0zz8l83o?at_medium=RSS&at_campaign=rss already exists.
2026-08-25 01:26:17,757 - INFO - [BBC] Early skip: URL https://www.bbc.co.uk/news/videos/cy0zr8lkr8lo?at_medium=RSS&at_campaign=rss already exists.
2026-08-25 01:26:17,763 - INFO - [BBC] Early skip: URL https://www.bbc.co.uk/news/videos/cx2znjly4dno?at_medium=RSS&at_campaign=rss already exists.
2026-08-25 01:26:17,774 - INFO - [BBC] Early skip: URL https://www.bbc.co.uk/news/videos/c93e5q5783wo?at_medium=RSS&at_campaign=rss already exists.
2026-08-25 01:26:17,783 - INFO - [BBC] Early skip: URL https://www.bbc.co.uk/news/videos/cgljl9zp47xo?at_medium=RSS&at_campaign=rss already exists.
2026-08-25 01:26:17,805 - INFO - [BBC] Early skip: URL https://www.bbc.co.uk/news/videos/c20eq9ywplqo?at_medium=RSS&at_campaign=rss already exists.
2026-08-25 01:26:17,814 - INFO - [BBC] Early skip: URL https://www.bbc.co.uk/news/videos/c0qvqzzdd02o?at_medium=RSS&at_campaign=rss already exists.
2026-08-25 01:26:17,815 - INFO - [BBC] Early skip: URL https://www.bbc.co.uk/news/videos/c235j22d85ro?at_medium=RSS&at_campaign=rss already exists.
2026-08-25 01:26:17,817 - INFO - [BBC] (Thread) Finished. Attempting to shut down its Selenium driver.
2026-08-25 01:26:17,955 - INFO - [BBC] (Thread) driver.quit() successful.
2026-08-25 01:26:17,989 - INFO - [NDTV] Page content loaded.
2026-08-25 01:26:18,111 - INFO - [Al Jazeera] Article: https://www.aljazeera.com/video/newsfeed/2026/8/24/displaced-palestinians-in-gaza-face-intensifying-israeli-strikes?traffic_source=rss
2026-08-25 01:26:18,111 - INFO - [Al Jazeera] Attempt 1/2: Trying with 'requests_browser' strategy...
2026-08-25 01:26:18,213 - INFO - [Economic Times] Success with 'requests_browser'. Found content (181 words).
2026-08-25 01:26:18,532 - WARNING - [Al Jazeera] FAILED with 'requests_browser' (content was too short: 72 words).
2026-08-25 01:26:18,644 - INFO - [Wired] Success with 'selenium_browser'. Found content (2417 words).
2026-08-25 01:26:19,978 - INFO - [Al Jazeera] Article: https://www.aljazeera.com/video/newsfeed/2026/8/24/displaced-palestinians-in-gaza-face-intensifying-israeli-strikes?traffic_source=rss
2026-08-25 01:26:19,978 - INFO - [Al Jazeera] Attempt 2/2: Trying with 'selenium_browser' strategy...
2026-08-25 01:26:20,385 - WARNING - [The Hindu] Page get timed out (7s). Proceeding to grab partial source anyway.
2026-08-25 01:26:21,305 - INFO - [The Hindu] Page content loaded.
2026-08-25 01:26:21,560 - INFO - >>> SUCCESSFULLY SAVED [ID: 113250] - From Gen Z wave to heat in 150 days: Nepal PM Balen faces street anger, parliament pressure and party unease - The Times of India from Times of India (335 words)
2026-08-25 01:26:22,335 - INFO - [NDTV] Success with 'selenium_browser'. Found content (449 words).
2026-08-25 01:26:24,442 - INFO - [Times of India] Early skip: URL https://timesofindia.indiatimes.com/world/us/us-universities-pausing-cpt-program-after-new-ice-memo-indian-students-in-a-fix/articleshow/133479035.cms already exists.
2026-08-25 01:26:25,537 - INFO - [Times of India] Early skip: URL https://timesofindia.indiatimes.com/world/us/happy-birthday-wheelchair-disabled-new-jersey-woman-shocked-seeing-hurtful-message-on-cake-restaurant-says-it-was-a-reference-for-where-the-cake-was-to-be-served/articleshow/133478252.cms already exists.
2026-08-25 01:26:25,537 - INFO - >>> SUCCESSFULLY SAVED [ID: 113251] - Investors’ equity rush helps SIP assets triple in five years - The Economic Times from Economic Times (181 words)
2026-08-25 01:26:25,543 - INFO - [The Hindu] Success with 'selenium_browser'. Found content (388 words).
2026-08-25 01:26:25,562 - INFO - [Times of India] Early skip: URL https://timesofindia.indiatimes.com/world/rest-of-world/in-1998-justin-trudeaus-younger-brother-was-swept-away-in-an-avalanche-in-bc-his-body-was-never-found/articleshow/133477602.cms already exists.
2026-08-25 01:26:25,593 - INFO - [Times of India] Early skip: URL https://timesofindia.indiatimes.com/world/uk/prince-harry-steps-down-from-african-wildlife-charity-board-following-human-rights-abuse-probe/articleshow/133475162.cms already exists.
2026-08-25 01:26:25,637 - INFO - [Times of India] Early skip: URL https://timesofindia.indiatimes.com/world/us/nothing-changes-yet-immigration-lawyer-explains-new-103265-h-1b-fee-rule-is-not-final-there-will-be-litigation/articleshow/133474251.cms already exists.
2026-08-25 01:26:25,668 - INFO - [Times of India] Early skip: URL https://timesofindia.indiatimes.com/science/why-august-can-become-a-hungry-month-for-honeybees-despite-summer-still-being-in-full-swing/articleshow/133461424.cms already exists.
2026-08-25 01:26:26,191 - INFO - [Times of India] Early skip: URL https://timesofindia.indiatimes.com/science/meet-edward-kang-the-17-year-old-new-jersey-student-who-used-retinal-images-to-train-ai-for-autism-and-adhd-screening-his-project-won-a-175000-science-prize/articleshow/133468829.cms already exists.
2026-08-25 01:26:26,215 - INFO - [Times of India] Early skip: URL https://timesofindia.indiatimes.com/world/us/in-1908-an-unschooled-indiana-widow-began-a-20-year-fight-to-defend-120-acres-of-lake-michigan-dunes-from-a-steel-giant-72-years-later-212-acres-including-part-of-her-tract-joined-indiana-dunes-to-remain-open-space-forever/articleshow/133463363.cms already exists.
2026-08-25 01:26:26,249 - INFO - [Times of India] Early skip: URL https://timesofindia.indiatimes.com/world/us/in-1862-heirs-sold-colorados-baca-land-for-30-cents-an-acre-140-years-later-its-97000-acre-ranch-sold-for-31-28-million-and-helped-create-a-national-park-nearly-four-times-the-monuments-original-size/articleshow/133463849.cms already exists.
2026-08-25 01:26:26,260 - INFO - [Times of India] Early skip: URL https://timesofindia.indiatimes.com/real-estate/in-2018-a-young-michigan-couple-bought-an-abandoned-160-year-old-farmhouse-for-26000-with-no-renovation-experience-they-spent-about-320000-rebuilding-it/articleshow/133473372.cms already exists.
2026-08-25 01:26:26,281 - INFO - [Times of India] Early skip: URL https://timesofindia.indiatimes.com/world/uk/12-people-arrested-in-connection-with-uk-a66-crash-that-killed-7-including-2-police-officers/articleshow/133473276.cms already exists.
2026-08-25 01:26:26,303 - INFO - [Times of India] Early skip: URL https://timesofindia.indiatimes.com/world/rest-of-world/a-blind-egyptian-entrepreneur-built-an-ai-app-that-describes-the-world-through-audio-helping-visually-impaired-users-experience-wildlife-objects-and-surrounding-scenes-through-their-phones/articleshow/133463516.cms already exists.
2026-08-25 01:26:26,315 - INFO - [Times of India] Early skip: URL https://timesofindia.indiatimes.com/world/uk/i-was-living-paycheck-to-paychek-woman-says-coming-back-to-india-from-uk-after-4-years-not-happiest-decision-but-right-one-for-nervous-system/articleshow/133472486.cms already exists.
2026-08-25 01:26:26,322 - INFO - [Times of India] Early skip: URL https://timesofindia.indiatimes.com/science/researchers-developed-custom-3d-printed-replacements-for-missing-sections-of-ancient-pottery-and-embedded-sensors-inside-them-allowing-conservators-to-monitor-temperature-strain-and-environmental-damage/articleshow/133459889.cms already exists.
2026-08-25 01:26:26,336 - INFO - [Times of India] Early skip: URL https://timesofindia.indiatimes.com/science/some-stars-repeatedly-skim-past-supermassive-black-holes-lose-material-and-survive-scientists-now-think-their-unusually-rapid-spin-explains-why-each-returning-flare-becomes-progressively-dimmer/articleshow/133463351.cms already exists.
2026-08-25 01:26:26,338 - INFO - [Times of India] Early skip: URL https://timesofindia.indiatimes.com/world/rest-of-world/quote-of-the-day-by-benjamin-franklin-well-done-is-better-than-well-said/articleshow/133471191.cms already exists.
2026-08-25 01:26:26,339 - INFO - [Times of India] Early skip: URL https://timesofindia.indiatimes.com/world/us/albany-police-department-issues-bolo-for-a-man-who-picked-30-from-the-floor-while-shopping-at-walmart-faces-backlash-says-no-charges-will-be-filed/articleshow/133470460.cms already exists.
2026-08-25 01:26:26,346 - INFO - [Times of India] Early skip: URL https://timesofindia.indiatimes.com/world/us/in-1988-arthur-creator-marc-brown-bought-a-marthas-vineyard-estate-for-700000-after-37-years-and-writing-half-the-books-there-he-sold-it-for-6-4-million/articleshow/133461143.cms already exists.
2026-08-25 01:26:26,352 - INFO - [Times of India] Early skip: URL https://timesofindia.indiatimes.com/world/rest-of-world/in-1998-costa-rica-spread-12000-tonnes-of-orange-waste-over-degraded-pasture-16-years-later-tree-diversity-had-tripled-and-forest-biomass-was-176-higher/articleshow/133466780.cms already exists.
2026-08-25 01:26:26,371 - INFO - [Times of India] (Thread) Finished. Attempting to shut down its Selenium driver.
2026-08-25 01:26:28,147 - INFO - [Economic Times] Article: https://economictimes.indiatimes.com/markets/stocks/news/incred-hires-avendus-wealth-experts-to-launch-new-platform-for-ultra-high-net-worth-individuals/articleshow/133485962.cms
2026-08-25 01:26:28,147 - INFO - [Economic Times] Attempt 1/2: Trying with 'requests_browser' strategy...
2026-08-25 01:26:28,154 - INFO - [Times of India] (Thread) driver.quit() successful.
2026-08-25 01:26:29,009 - ERROR - Error saving article What’s the Best Kindle of 2026? (So Far) | WIRED: Hrana: `stream error: `Error { message: "SQLite error: UNIQUE constraint failed: articles.url", code: "SQLITE_CONSTRAINT" }``
2026-08-25 01:26:31,940 - INFO - [Wired] Early skip: URL https://www.wired.com/story/transistors-changed-everything-heres-how-they-work/ already exists.
2026-08-25 01:26:31,940 - INFO - >>> SUCCESSFULLY SAVED [ID: 113253] - Delhi Lt Governor Cracks Whip: More Police In Narela, Parking Sites To Open from NDTV (449 words)
2026-08-25 01:26:31,942 - INFO - [Wired] Early skip: URL https://www.wired.com/gallery/best-laptop-docking-stations/ already exists.
2026-08-25 01:26:31,943 - INFO - [Wired] Early skip: URL https://www.wired.com/story/7-basic-iphone-tricks-i-built-with-ios-27s-revamped-shortcuts-app/ already exists.
2026-08-25 01:26:31,945 - INFO - [Wired] Early skip: URL https://www.wired.com/story/is-expensive-bottled-water-actually-better-for-you/ already exists.
2026-08-25 01:26:31,947 - INFO - [Wired] Early skip: URL https://www.wired.com/review/saily-ultra-esim/ already exists.
2026-08-25 01:26:31,949 - INFO - [Wired] Early skip: URL https://www.wired.com/gallery/best-monitor-arms/ already exists.
2026-08-25 01:26:31,955 - INFO - [Wired] Early skip: URL https://www.wired.com/story/set-up-a-separate-work-profile-on-your-android-phone/ already exists.
2026-08-25 01:26:31,958 - INFO - [Wired] Early skip: URL https://www.wired.com/gallery/the-best-mattress-toppers/ already exists.
2026-08-25 01:26:31,959 - INFO - [Wired] Early skip: URL https://www.wired.com/story/security-news-this-week-your-expired-visa-card-could-be-zombiefied-to-make-contactless-payments/ already exists.
2026-08-25 01:26:31,961 - INFO - [Wired] Early skip: URL https://www.wired.com/story/nasa-cancels-its-rescue-mission-for-the-aging-swift-telescope/ already exists.
2026-08-25 01:26:31,968 - INFO - [Wired] Early skip: URL https://www.wired.com/story/the-unlikely-place-at-the-center-of-chinas-ai-boom/ already exists.
2026-08-25 01:26:31,972 - INFO - [Wired] Early skip: URL https://www.wired.com/story/teslas-door-handles-lead-to-its-biggest-recall-yet/ already exists.
2026-08-25 01:26:31,973 - INFO - [Wired] Early skip: URL https://www.wired.com/story/metas-big-reckoning-is-here/ already exists.
2026-08-25 01:26:31,975 - INFO - [Wired] Article: https://www.wired.com/story/best-pool-cleaning-robots/
2026-08-25 01:26:31,975 - INFO - [Wired] Attempt 1/2: Trying with 'requests_browser' strategy...
2026-08-25 01:26:31,990 - INFO - [Economic Times] Success with 'requests_browser'. Found content (430 words).
2026-08-25 01:26:32,140 - ERROR - parsed tree length: 1, wrong data type or not valid HTML
2026-08-25 01:26:32,148 - ERROR - empty HTML tree: None
2026-08-25 01:26:32,148 - WARNING - discarding data: None
2026-08-25 01:26:32,148 - WARNING - [Wired] FAILED with 'requests_browser' (content was too short: 0 words).
2026-08-25 01:26:33,614 - INFO - [Wired] Article: https://www.wired.com/story/best-pool-cleaning-robots/
2026-08-25 01:26:34,037 - INFO - [Wired] Attempt 2/2: Trying with 'selenium_browser' strategy...
2026-08-25 01:26:34,037 - INFO - [NDTV] Article: https://www.ndtv.com/india-news/trump-spoke-with-pakistan-army-chief-asim-munir-ahead-of-iran-visit-report-11954204#publisher=newsstand
2026-08-25 01:26:34,908 - INFO - [NDTV] Attempt 1/2: Trying with 'requests_browser' strategy...
2026-08-25 01:26:35,141 - INFO - >>> SUCCESSFULLY SAVED [ID: 113254] - Study: Availability of predictable food through garbage and intentional feeding linked to India’s street-dog population - The Hindu from The Hindu (388 words)
2026-08-25 01:26:35,239 - ERROR - [NDTV] Request failed for strategy 'requests_browser' on URL https://www.ndtv.com/india-news/trump-spoke-with-pakistan-army-chief-asim-munir-ahead-of-iran-visit-report-11954204#publisher=newsstand: 403 Client Error: Forbidden for url: https://www.ndtv.com/india-news/trump-spoke-with-pakistan-army-chief-asim-munir-ahead-of-iran-visit-report-11954204#publisher=newsstand
2026-08-25 01:26:36,925 - INFO - [The Hindu] Early skip: URL https://www.thehindu.com/news/national/karnataka/karnataka-suspends-food-licences-of-amazon-swiggy-instamart-bigbasket-over-datura-sale/article71386095.ece already exists.
2026-08-25 01:26:36,927 - INFO - [NDTV] Article: https://www.ndtv.com/india-news/trump-spoke-with-pakistan-army-chief-asim-munir-ahead-of-iran-visit-report-11954204#publisher=newsstand
2026-08-25 01:26:37,988 - INFO - [NDTV] Attempt 2/2: Trying with 'selenium_browser' strategy...
2026-08-25 01:26:37,988 - INFO - >>> SUCCESSFULLY SAVED [ID: 113255] - InCred hires Avendus wealth experts to launch new platform for ultra-high-net-worth individuals - The Economic Times from Economic Times (430 words)
2026-08-25 01:26:37,988 - INFO - [The Hindu] Early skip: URL https://www.thehindu.com/news/national/tamil-nadu/dmk-chief-stalin-moves-high-court-challenging-tvk-candidate-vs-babus-victory-in-kolathur/article71384865.ece already exists.
2026-08-25 01:26:37,990 - INFO - [The Hindu] Early skip: URL https://www.thehindu.com/news/national/tamil-nadu/tn-government-actively-pursuing-v-c-appointment-issue-in-courts-higher-education-minister-tells-assembly/article71385848.ece already exists.
2026-08-25 01:26:37,991 - INFO - [The Hindu] Early skip: URL https://www.thehindu.com/news/national/kerala/mullappally-flays-centres-decision-to-shift-mangaluru-from-palakkad-railway-division/article71384338.ece already exists.
2026-08-25 01:26:37,992 - INFO - [The Hindu] Early skip: URL https://www.thehindu.com/news/national/uttar-pradesh/consider-it-your-birthright-to-denounce-indias-heritage-yogi-adityanath-slams-rahul-gandhi-over-manusmriti-remarks/article71383668.ece already exists.
2026-08-25 01:26:37,994 - INFO - [The Hindu] Early skip: URL https://www.thehindu.com/news/national/kerala/malappuram-set-for-onam-celebrations-from-august-26/article71384386.ece already exists.
2026-08-25 01:26:37,995 - INFO - [The Hindu] Early skip: URL https://www.thehindu.com/news/national/kerala/calicut-varsity-to-revamp-college-union-election-rules/article71384455.ece already exists.
2026-08-25 01:26:37,996 - INFO - [The Hindu] Early skip: URL https://www.thehindu.com/news/cities/chennai/romance-longing-and-cinema-on-chennais-beach/article71383295.ece already exists.
2026-08-25 01:26:37,999 - INFO - [The Hindu] Early skip: URL https://www.thehindu.com/news/cities/chennai/from-celluloid-to-digital-the-changing-face-of-chennais-cinema-industry/article71383278.ece already exists.
2026-08-25 01:26:38,001 - INFO - [The Hindu] Article: https://www.thehindu.com/news/cities/chennai/wrd-aims-to-complete-ennore-backwaters-dredging-to-remove-invasive-mussel-by-october/article71385087.ece
2026-08-25 01:26:38,002 - INFO - [The Hindu] Attempt 1/1: Trying with 'selenium_browser' strategy...
2026-08-25 01:26:38,497 - INFO - [Economic Times] Article: https://economictimes.indiatimes.com/markets/stocks/news/indias-weight-in-global-emerging-market-etfs-rebounds-on-stronger-relative-performance/articleshow/133485587.cms
2026-08-25 01:26:38,497 - INFO - [Economic Times] Attempt 1/2: Trying with 'requests_browser' strategy...
2026-08-25 01:26:39,082 - INFO - [Economic Times] Success with 'requests_browser'. Found content (350 words).
2026-08-25 01:26:39,380 - INFO - [Al Jazeera] Page content loaded.
2026-08-25 01:26:42,164 - INFO - [NDTV] Page content loaded.
2026-08-25 01:26:42,189 - INFO - >>> SUCCESSFULLY SAVED [ID: 113256] - India’s weight in global emerging-market ETFs rises again - The Economic Times from Economic Times (350 words)
2026-08-25 01:26:42,316 - WARNING - [Al Jazeera] FAILED with 'selenium_browser' (content was too short: 72 words).
2026-08-25 01:26:42,321 - ERROR - [Al Jazeera] All scrape strategies failed for https://www.aljazeera.com/video/newsfeed/2026/8/24/displaced-palestinians-in-gaza-face-intensifying-israeli-strikes?traffic_source=rss. Falling back to RSS description.
2026-08-25 01:26:42,321 - WARNING - SKIPPED (GLOBAL WORD LIMIT): Article 'Displaced Palestinians in Gaza face intensifying Israeli strikes' from Al Jazeera has only 14 words (Min: 90).
2026-08-25 01:26:42,880 - INFO - [NDTV] Success with 'selenium_browser'. Found content (454 words).
2026-08-25 01:26:43,176 - INFO - [Economic Times] Article: https://economictimes.indiatimes.com/news/economy/policy/rbi-special-windows-seen-big-enough-to-bring-in-100b/articleshow/132813309.cms
2026-08-25 01:26:43,176 - INFO - [Economic Times] Attempt 1/2: Trying with 'requests_browser' strategy...
2026-08-25 01:26:43,377 - INFO - [Al Jazeera] Early skip: URL https://www.aljazeera.com/video/inside-story/2026/8/24/whats-behind-domestic-political-pressure-on-ukraines-president?traffic_source=rss already exists.
2026-08-25 01:26:43,379 - INFO - [Al Jazeera] Article: https://www.aljazeera.com/video/newsfeed/2026/8/24/video-iran-reacts-to-us-economic-d-day-sanctions?traffic_source=rss
2026-08-25 01:26:43,379 - INFO - [Al Jazeera] Attempt 1/2: Trying with 'requests_browser' strategy...
2026-08-25 01:26:46,127 - INFO - >>> SUCCESSFULLY SAVED [ID: 113257] - Trump Spoke With Pakistan Army Chief Asim Munir Ahead Of Iran Visit: Report from NDTV (454 words)
2026-08-25 01:26:46,193 - WARNING - [Al Jazeera] FAILED with 'requests_browser' (content was too short: 55 words).
2026-08-25 01:26:46,478 - INFO - [Economic Times] Success with 'requests_browser'. Found content (322 words).
2026-08-25 01:26:46,695 - INFO - [Wired] Page content loaded.
2026-08-25 01:26:48,012 - INFO - [Al Jazeera] Article: https://www.aljazeera.com/video/newsfeed/2026/8/24/video-iran-reacts-to-us-economic-d-day-sanctions?traffic_source=rss
2026-08-25 01:26:48,012 - INFO - [Al Jazeera] Attempt 2/2: Trying with 'selenium_browser' strategy...
2026-08-25 01:26:48,033 - INFO - [NDTV] Article: https://www.ndtv.com/india-news/27-students-fall-ill-after-consuming-mid-day-meal-at-rajasthan-school-11954189#publisher=newsstand
2026-08-25 01:26:48,442 - WARNING - [The Hindu] Page explicit wait timed out (3s). Proceeding anyway.
2026-08-25 01:26:49,375 - ERROR - Error saving article RBI special windows seen big enough to bring in $100B - The Economic Times: Hrana: `stream error: `Error { message: "SQLite error: UNIQUE constraint failed: articles.url", code: "SQLITE_CONSTRAINT" }``
2026-08-25 01:26:49,375 - INFO - [NDTV] Attempt 1/2: Trying with 'requests_browser' strategy...
2026-08-25 01:26:49,470 - ERROR - [NDTV] Request failed for strategy 'requests_browser' on URL https://www.ndtv.com/india-news/27-students-fall-ill-after-consuming-mid-day-meal-at-rajasthan-school-11954189#publisher=newsstand: 403 Client Error: Forbidden for url: https://www.ndtv.com/india-news/27-students-fall-ill-after-consuming-mid-day-meal-at-rajasthan-school-11954189#publisher=newsstand
2026-08-25 01:26:49,714 - INFO - [The Hindu] Success with 'selenium_browser'. Found content (419 words).
2026-08-25 01:26:49,941 - INFO - [Wired] Success with 'selenium_browser'. Found content (3345 words).
2026-08-25 01:26:50,464 - INFO - [NDTV] Article: https://www.ndtv.com/india-news/27-students-fall-ill-after-consuming-mid-day-meal-at-rajasthan-school-11954189#publisher=newsstand
2026-08-25 01:26:50,464 - INFO - [NDTV] Attempt 2/2: Trying with 'selenium_browser' strategy...
2026-08-25 01:26:51,707 - INFO - [Economic Times] Article: https://economictimes.indiatimes.com/news/economy/foreign-trade/india-canada-aim-to-conclude-cepa-trade-pact-by-end-2026-mea/articleshow/132813105.cms
2026-08-25 01:26:51,708 - INFO - [Economic Times] Attempt 1/2: Trying with 'requests_browser' strategy...
2026-08-25 01:26:52,984 - INFO - [Al Jazeera] Page content loaded.
2026-08-25 01:26:53,221 - INFO - >>> SUCCESSFULLY SAVED [ID: 113259] - WRD aims to complete Ennore backwaters dredging to remove invasive mussel by October - The Hindu from The Hindu (419 words)
2026-08-25 01:26:53,281 - INFO - [NDTV] Page content loaded.
2026-08-25 01:26:54,860 - INFO - [The Hindu] Early skip: URL https://www.thehindu.com/news/national/kerala/milad-e-sharif-procession-held-in-malappuram/article71385329.ece already exists.
2026-08-25 01:26:56,143 - INFO - [The Hindu] Early skip: URL https://www.thehindu.com/news/cities/chennai/book-on-mahaperiyava-released/article71385962.ece already exists.
2026-08-25 01:26:56,143 - ERROR - Error saving article I Tried the Best Robotic Pool Cleaners of 2026: Beatbot, iGarden, Dreame | WIRED: Hrana: `stream error: `Error { message: "SQLite error: UNIQUE constraint failed: articles.url", code: "SQLITE_CONSTRAINT" }``
2026-08-25 01:26:56,145 - INFO - [The Hindu] Early skip: URL https://www.thehindu.com/news/national/government-lifts-ban-on-wheat-exports-cites-farmers-interests-amid-depressed-local-prices/article71386093.ece already exists.
2026-08-25 01:26:56,146 - INFO - [The Hindu] Early skip: URL https://www.thehindu.com/news/national/tamil-nadu/tn-govt-unveils-107-cr-project-for-rabies-control/article71385542.ece already exists.
2026-08-25 01:26:56,148 - INFO - [The Hindu] Early skip: URL https://www.thehindu.com/news/national/karnataka/chikkamagaluru-police-arrest-man-for-attempting-to-disturb-communal-harmony/article71385059.ece already exists.
2026-08-25 01:26:56,150 - INFO - [The Hindu] Early skip: URL https://www.thehindu.com/news/national/kerala/wayanad-gears-up-for-week-long-onam-celebrations/article71384490.ece already exists.
2026-08-25 01:26:56,152 - INFO - [The Hindu] Early skip: URL https://www.thehindu.com/news/national/karnataka/bjp-spokesperson-urges-modi-to-make-sewage-and-effluent-treatment-mandatory-before-discharge-into-rivers/article71385155.ece already exists.
2026-08-25 01:26:56,154 - INFO - [The Hindu] Early skip: URL https://www.thehindu.com/news/national/tamil-nadu/41-crore-drain-work-to-be-implemented-for-preventing-floods-in-chennais-western-parts/article71385597.ece already exists.
2026-08-25 01:26:56,155 - INFO - [The Hindu] Early skip: URL https://www.thehindu.com/news/national/madhya-pradesh/teen-girl-gangraped-friend-tied-up-in-madhya-pradeshs-pachmarhi-three-held/article71385747.ece already exists.
2026-08-25 01:26:56,157 - INFO - [The Hindu] Early skip: URL https://www.thehindu.com/news/national/tamil-nadu/dmk-wouldnt-be-in-the-opposition-without-its-allies-says-aadhav-arjuna/article71385708.ece already exists.
2026-08-25 01:26:56,159 - INFO - [The Hindu] Early skip: URL https://www.thehindu.com/news/national/tamil-nadu/congress-backs-tvk-led-governments-decision-to-cancel-parandur-airport-project/article71385842.ece already exists.
2026-08-25 01:26:56,160 - INFO - [The Hindu] Early skip: URL https://www.thehindu.com/news/national/telangana/incois-advisory-helps-fishermen-net-hilsa-bonanza-off-bengal-coast/article71384319.ece already exists.
2026-08-25 01:26:56,162 - INFO - [The Hindu] Early skip: URL https://www.thehindu.com/entertainment/comedian-tarang-hardikar-on-his-special-if-im-not-wrong-and-edinburgh-festival-fringe/article71376895.ece already exists.
2026-08-25 01:26:56,165 - INFO - [The Hindu] Early skip: URL https://www.thehindu.com/news/cities/bangalore/ramalinga-reddy-seeks-review-of-proposed-annual-25000-residential-parking-fee/article71386046.ece already exists.
2026-08-25 01:26:56,166 - INFO - [The Hindu] Early skip: URL https://www.thehindu.com/news/national/andhra-pradesh/congress-leader-calls-for-inquiry-into-misconduct-of-officials-driver/article71385782.ece already exists.
2026-08-25 01:26:56,168 - INFO - [The Hindu] Early skip: URL https://www.thehindu.com/news/national/andhra-pradesh/talks-between-government-and-striking-doctors-stalled-again-in-andhra-pradesh/article71385785.ece already exists.
2026-08-25 01:26:56,169 - INFO - [The Hindu] Early skip: URL https://www.thehindu.com/news/national/andhra-pradesh/political-parties-urged-to-cooperate-in-transparent-electoral-roll-preparation/article71385221.ece already exists.
2026-08-25 01:26:56,171 - INFO - [The Hindu] Early skip: URL https://www.thehindu.com/news/national/bjp-leaders-question-rahul-gandhis-remarks-on-the-manusmriti-and-womens-rights/article71385940.ece already exists.
2026-08-25 01:26:56,173 - INFO - [The Hindu] Early skip: URL https://www.thehindu.com/news/cities/chennai/madras-day-2026-when-national-theatre-brought-cinema-to-the-western-suburbs-of-chennai/article71378536.ece already exists.
2026-08-25 01:26:56,174 - INFO - [The Hindu] Early skip: URL https://www.thehindu.com/news/national/karnataka/446-crore-voters-in-karnataka-draft-rolls-107-crore-names-deleted/article71385511.ece already exists.
2026-08-25 01:26:56,176 - INFO - [The Hindu] Early skip: URL https://www.thehindu.com/news/national/three-fugitives-linked-to-bambiha-gang-deported-from-malaysia-amit-shah/article71384557.ece already exists.
2026-08-25 01:26:56,178 - INFO - [The Hindu] Early skip: URL https://www.thehindu.com/news/national/maharashtra/maharashtra-amravati-hospital-fire-babies-killed-august-24-2026/article71383085.ece already exists.
2026-08-25 01:26:56,179 - INFO - [The Hindu] Early skip: URL https://www.thehindu.com/news/national/supreme-court-asks-centre-to-respond-to-plea-to-reduce-percentile-for-neet-ss-in-service-candidates/article71385526.ece already exists.
2026-08-25 01:26:56,180 - INFO - [The Hindu] Early skip: URL https://www.thehindu.com/news/national/manipur/manipur-awaits-delhi-decision-on-census-as-meitei-naga-groups-demand-nrc-first/article71385744.ece already exists.
2026-08-25 01:26:56,182 - INFO - [The Hindu] (Thread) Finished. Attempting to shut down its Selenium driver.
2026-08-25 01:26:56,289 - WARNING - [Al Jazeera] FAILED with 'selenium_browser' (content was too short: 55 words).
2026-08-25 01:26:56,296 - ERROR - [Al Jazeera] All scrape strategies failed for https://www.aljazeera.com/video/newsfeed/2026/8/24/video-iran-reacts-to-us-economic-d-day-sanctions?traffic_source=rss. Falling back to RSS description.
2026-08-25 01:26:56,298 - WARNING - SKIPPED (GLOBAL WORD LIMIT): Article 'Video: Iran reacts to US ‘economic D-Day’ sanctions' from Al Jazeera has only 18 words (Min: 90).
2026-08-25 01:26:56,296 - INFO - [Economic Times] Success with 'requests_browser'. Found content (202 words).
2026-08-25 01:26:56,348 - INFO - [The Hindu] (Thread) driver.quit() successful.
2026-08-25 01:26:56,414 - INFO - [NDTV] Success with 'selenium_browser'. Found content (297 words).
2026-08-25 01:26:57,770 - INFO - [Al Jazeera] Early skip: URL https://www.aljazeera.com/news/2026/8/24/ceasefire-monitoring-mission-arrives-in-democratic-republic-of-congo?traffic_source=rss already exists.
2026-08-25 01:26:58,172 - INFO - [Wired] Early skip: URL https://www.wired.com/review/nyrius-phoenix-home-true-4k60/ already exists.
2026-08-25 01:26:59,003 - ERROR - Error saving article India, Canada aim to conclude CEPA trade pact by end-2026: MEA - The Economic Times: Hrana: `stream error: `Error { message: "SQLite error: UNIQUE constraint failed: articles.url", code: "SQLITE_CONSTRAINT" }``
2026-08-25 01:26:59,003 - INFO - [Al Jazeera] Early skip: URL https://www.aljazeera.com/news/2026/8/24/ambush-in-south-sudan-kills-peacekeeping-troops?traffic_source=rss already exists.
2026-08-25 01:26:59,004 - INFO - [Wired] Early skip: URL https://www.wired.com/story/the-patrick-clancy-conspiracy-theories-are-rooted-in-the-harsh-realities-of-motherhood/ already exists.
2026-08-25 01:26:59,005 - INFO - [Al Jazeera] Article: https://www.aljazeera.com/video/newsfeed/2026/8/24/displaced-palestinian-builds-mud-shelter-as-tents-offer-little-relief?traffic_source=rss
2026-08-25 01:26:59,006 - INFO - [Al Jazeera] Attempt 1/2: Trying with 'requests_browser' strategy...
2026-08-25 01:26:59,010 - INFO - [Wired] Early skip: URL https://www.wired.com/story/the-best-electric-toothbrush-for-healthier-teeth-and-gums/ already exists.
2026-08-25 01:26:59,011 - INFO - [Wired] Early skip: URL https://www.wired.com/story/when-the-packaging-is-the-product-empty-boxes-influencers/ already exists.
2026-08-25 01:26:59,013 - INFO - [Wired] Early skip: URL https://www.wired.com/story/the-super-el-nino-wont-fix-the-wests-water-crisis/ already exists.
2026-08-25 01:26:59,014 - INFO - [Wired] Early skip: URL https://www.wired.com/story/early-tech-labor-day-sales-2026/ already exists.
2026-08-25 01:26:59,015 - INFO - [Wired] Early skip: URL https://www.wired.com/story/the-single-english-county-saying-no-to-palantir/ already exists.
2026-08-25 01:26:59,017 - INFO - [Wired] Article: https://www.wired.com/story/paramount-plus-coupon-code/
2026-08-25 01:26:59,017 - INFO - [Wired] Attempt 1/2: Trying with 'requests_browser' strategy...
2026-08-25 01:26:59,039 - WARNING - [Al Jazeera] FAILED with 'requests_browser' (content was too short: 64 words).
2026-08-25 01:27:00,682 - INFO - [Economic Times] Article: https://economictimes.indiatimes.com/news/economy/infrastructure/govts-urban-reset-centre-divides-ministry-of-housing-and-urban-affairs-into-two-specialised-verticals/articleshow/132812900.cms
2026-08-25 01:27:00,683 - INFO - [Al Jazeera] Article: https://www.aljazeera.com/video/newsfeed/2026/8/24/displaced-palestinian-builds-mud-shelter-as-tents-offer-little-relief?traffic_source=rss
2026-08-25 01:27:00,684 - INFO - [Economic Times] Attempt 1/2: Trying with 'requests_browser' strategy...
2026-08-25 01:27:00,684 - INFO - [Al Jazeera] Attempt 2/2: Trying with 'selenium_browser' strategy...
2026-08-25 01:27:01,715 - INFO - >>> SUCCESSFULLY SAVED [ID: 113262] - 27 Students Fall Ill After Consuming Mid-Day Meal At Rajasthan School from NDTV (297 words)
2026-08-25 01:27:01,733 - ERROR - parsed tree length: 1, wrong data type or not valid HTML
2026-08-25 01:27:01,733 - ERROR - empty HTML tree: None
2026-08-25 01:27:01,734 - WARNING - discarding data: None
2026-08-25 01:27:01,734 - WARNING - [Wired] FAILED with 'requests_browser' (content was too short: 0 words).
2026-08-25 01:27:02,193 - INFO - [Economic Times] Success with 'requests_browser'. Found content (244 words).
2026-08-25 01:27:03,644 - INFO - [NDTV] Article: https://www.ndtv.com/india-news/oil-tanker-hit-by-unknown-projectile-off-oman-in-hormuz-uk-maritime-agency-11954179#publisher=newsstand
2026-08-25 01:27:03,644 - INFO - [NDTV] Attempt 1/2: Trying with 'requests_browser' strategy...
2026-08-25 01:27:03,649 - INFO - [Wired] Article: https://www.wired.com/story/paramount-plus-coupon-code/
2026-08-25 01:27:03,649 - INFO - [Wired] Attempt 2/2: Trying with 'selenium_browser' strategy...
2026-08-25 01:27:04,874 - ERROR - Error saving article Govt's urban reset: Centre divides ministry of Housing and Urban Affairs into two specialised verticals - The Economic Times: Hrana: `stream error: `Error { message: "SQLite error: UNIQUE constraint failed: articles.url", code: "SQLITE_CONSTRAINT" }``
2026-08-25 01:27:04,891 - INFO - [Al Jazeera] Page content loaded.
2026-08-25 01:27:04,951 - ERROR - [NDTV] Request failed for strategy 'requests_browser' on URL https://www.ndtv.com/india-news/oil-tanker-hit-by-unknown-projectile-off-oman-in-hormuz-uk-maritime-agency-11954179#publisher=newsstand: 403 Client Error: Forbidden for url: https://www.ndtv.com/india-news/oil-tanker-hit-by-unknown-projectile-off-oman-in-hormuz-uk-maritime-agency-11954179#publisher=newsstand
2026-08-25 01:27:04,959 - WARNING - [Al Jazeera] FAILED with 'selenium_browser' (content was too short: 64 words).
2026-08-25 01:27:04,959 - ERROR - [Al Jazeera] All scrape strategies failed for https://www.aljazeera.com/video/newsfeed/2026/8/24/displaced-palestinian-builds-mud-shelter-as-tents-offer-little-relief?traffic_source=rss. Falling back to RSS description.
2026-08-25 01:27:04,959 - WARNING - SKIPPED (GLOBAL WORD LIMIT): Article 'Displaced Palestinian builds mud shelter as tents offer little relief' from Al Jazeera has only 14 words (Min: 90).
2026-08-25 01:27:05,704 - INFO - [NDTV] Article: https://www.ndtv.com/india-news/oil-tanker-hit-by-unknown-projectile-off-oman-in-hormuz-uk-maritime-agency-11954179#publisher=newsstand
2026-08-25 01:27:05,704 - INFO - [NDTV] Attempt 2/2: Trying with 'selenium_browser' strategy...
2026-08-25 01:27:05,786 - INFO - [Economic Times] Article: https://economictimes.indiatimes.com/news/economy/foreign-trade/india-uk-ceta-takes-effect-first-zero-duty-indian-coffee-jewellery-consignments-reach-uk-shores/articleshow/132442764.cms
2026-08-25 01:27:05,786 - INFO - [Economic Times] Attempt 1/2: Trying with 'requests_browser' strategy...
2026-08-25 01:27:05,934 - INFO - [Wired] Page content loaded.
2026-08-25 01:27:06,181 - INFO - [Economic Times] Success with 'requests_browser'. Found content (946 words).
2026-08-25 01:27:06,298 - INFO - [Al Jazeera] Early skip: URL https://www.aljazeera.com/news/2026/8/24/violence-flares-in-haiti-as-gang-attack-kills-30-people?traffic_source=rss already exists.
2026-08-25 01:27:06,309 - INFO - [Al Jazeera] Early skip: URL https://www.aljazeera.com/sports/2026/8/24/ex-liverpool-star-fabinho-reunited-with-mohamed-salah-at-trabzonspor?traffic_source=rss already exists.
2026-08-25 01:27:06,312 - INFO - [Al Jazeera] Early skip: URL https://www.aljazeera.com/news/2026/8/24/washington-post-ordered-to-rehire-columnist-fired-over-charlie-kirk-posts?traffic_source=rss already exists.
2026-08-25 01:27:06,319 - INFO - [Al Jazeera] Early skip: URL https://www.aljazeera.com/news/2026/8/24/mexicos-president-condemns-governor-brief-return-to-office?traffic_source=rss already exists.
2026-08-25 01:27:06,326 - INFO - [Al Jazeera] Early skip: URL https://www.aljazeera.com/news/2026/8/24/yemens-houthis-report-attack-on-saudi-ship?traffic_source=rss already exists.
2026-08-25 01:27:06,327 - INFO - [Al Jazeera] Article: https://www.aljazeera.com/video/newsfeed/2026/8/24/video-israel-attacks-desalination-plant-and-mosque-in-gaza?traffic_source=rss
2026-08-25 01:27:06,327 - INFO - [Al Jazeera] Attempt 1/2: Trying with 'requests_browser' strategy...
2026-08-25 01:27:06,460 - WARNING - [Al Jazeera] FAILED with 'requests_browser' (content was too short: 46 words).
2026-08-25 01:27:06,538 - INFO - [Wired] Success with 'selenium_browser'. Found content (1468 words).
2026-08-25 01:27:07,928 - INFO - [Al Jazeera] Article: https://www.aljazeera.com/video/newsfeed/2026/8/24/video-israel-attacks-desalination-plant-and-mosque-in-gaza?traffic_source=rss
2026-08-25 01:27:08,339 - INFO - [Al Jazeera] Attempt 2/2: Trying with 'selenium_browser' strategy...
2026-08-25 01:27:09,163 - ERROR - Error saving article India-UK CETA takes effect: First zero-duty Indian coffee, jewellery consignments reach UK shores - The Economic Times: Hrana: `stream error: `Error { message: "SQLite error: UNIQUE constraint failed: articles.url", code: "SQLITE_CONSTRAINT" }``
2026-08-25 01:27:09,166 - INFO - [NDTV] Page content loaded.
2026-08-25 01:27:10,472 - INFO - [Economic Times] Article: https://economictimes.indiatimes.com/news/economy/foreign-trade/from-oman-to-tanzania-how-the-iran-war-is-redrawing-indias-trade-map/articleshow/131762760.cms
2026-08-25 01:27:10,472 - INFO - [Economic Times] Attempt 1/2: Trying with 'requests_browser' strategy...
2026-08-25 01:27:11,687 - ERROR - Error saving article Paramount+ Coupon Codes and Deals for August 2026 | WIRED: Hrana: `stream error: `Error { message: "SQLite error: UNIQUE constraint failed: articles.url", code: "SQLITE_CONSTRAINT" }``
2026-08-25 01:27:11,688 - INFO - [Al Jazeera] Page content loaded.
2026-08-25 01:27:11,866 - INFO - [NDTV] Success with 'selenium_browser'. Found content (155 words).
2026-08-25 01:27:12,316 - INFO - [Economic Times] Success with 'requests_browser'. Found content (385 words).
2026-08-25 01:27:12,338 - INFO - [Wired] Article: https://www.wired.com/story/zoro-promo-code/
2026-08-25 01:27:12,344 - INFO - [Wired] Attempt 1/2: Trying with 'requests_browser' strategy...
2026-08-25 01:27:12,406 - WARNING - [Al Jazeera] FAILED with 'selenium_browser' (content was too short: 46 words).
2026-08-25 01:27:12,406 - ERROR - [Al Jazeera] All scrape strategies failed for https://www.aljazeera.com/video/newsfeed/2026/8/24/video-israel-attacks-desalination-plant-and-mosque-in-gaza?traffic_source=rss. Falling back to RSS description.
2026-08-25 01:27:12,406 - WARNING - SKIPPED (GLOBAL WORD LIMIT): Article 'Video: Israel attacks desalination plant and mosque in Gaza' from Al Jazeera has only 20 words (Min: 90).
2026-08-25 01:27:13,666 - INFO - [Al Jazeera] Article: https://www.aljazeera.com/video/newsfeed/2026/8/24/israeli-restrictions-cause-fuel-shortage-in-occupied-west-bank?traffic_source=rss
2026-08-25 01:27:14,067 - INFO - [Al Jazeera] Attempt 1/2: Trying with 'requests_browser' strategy...
2026-08-25 01:27:15,104 - INFO - >>> SUCCESSFULLY SAVED [ID: 113266] - Oil Tanker Hit By Unknown Projectile Off Oman In Hormuz: UK Maritime Agency from NDTV (155 words)
2026-08-25 01:27:15,124 - ERROR - parsed tree length: 1, wrong data type or not valid HTML
2026-08-25 01:27:15,124 - ERROR - empty HTML tree: None
2026-08-25 01:27:15,124 - WARNING - discarding data: None
2026-08-25 01:27:15,124 - WARNING - [Wired] FAILED with 'requests_browser' (content was too short: 0 words).
2026-08-25 01:27:15,149 - WARNING - [Al Jazeera] FAILED with 'requests_browser' (content was too short: 54 words).
2026-08-25 01:27:16,413 - INFO - [Al Jazeera] Article: https://www.aljazeera.com/video/newsfeed/2026/8/24/israeli-restrictions-cause-fuel-shortage-in-occupied-west-bank?traffic_source=rss
2026-08-25 01:27:16,414 - INFO - [Al Jazeera] Attempt 2/2: Trying with 'selenium_browser' strategy...
2026-08-25 01:27:16,414 - INFO - [Wired] Article: https://www.wired.com/story/zoro-promo-code/
2026-08-25 01:27:16,414 - INFO - [NDTV] Early skip: URL https://www.ndtv.com/world-news/us-supreme-court-backs-donald-trump-bid-to-curb-mail-in-ballots-11954084#publisher=newsstand already exists.
2026-08-25 01:27:16,821 - INFO - [Wired] Attempt 2/2: Trying with 'selenium_browser' strategy...
2026-08-25 01:27:17,648 - ERROR - Error saving article From Oman to Tanzania: How the Iran war is redrawing India’s trade map - The Economic Times: Hrana: `stream error: `Error { message: "SQLite error: UNIQUE constraint failed: articles.url", code: "SQLITE_CONSTRAINT" }``
2026-08-25 01:27:17,651 - INFO - [NDTV] Article: https://www.ndtv.com/world-news/us-announces-new-sanctions-campaign-against-iran-11954143#publisher=newsstand
2026-08-25 01:27:17,651 - INFO - [NDTV] Attempt 1/2: Trying with 'requests_browser' strategy...
2026-08-25 01:27:17,740 - ERROR - [NDTV] Request failed for strategy 'requests_browser' on URL https://www.ndtv.com/world-news/us-announces-new-sanctions-campaign-against-iran-11954143#publisher=newsstand: 403 Client Error: Forbidden for url: https://www.ndtv.com/world-news/us-announces-new-sanctions-campaign-against-iran-11954143#publisher=newsstand
2026-08-25 01:27:18,304 - INFO - [Al Jazeera] Page content loaded.
2026-08-25 01:27:18,337 - INFO - [Economic Times] Article: https://economictimes.indiatimes.com/news/economy/policy/fm-sitharaman-flags-global-crisis-spillovers-unfair-burden-on-developing-nations/articleshow/131668427.cms
2026-08-25 01:27:18,338 - INFO - [Economic Times] Attempt 1/2: Trying with 'requests_browser' strategy...
2026-08-25 01:27:18,427 - WARNING - [Al Jazeera] FAILED with 'selenium_browser' (content was too short: 54 words).
2026-08-25 01:27:18,428 - ERROR - [Al Jazeera] All scrape strategies failed for https://www.aljazeera.com/video/newsfeed/2026/8/24/israeli-restrictions-cause-fuel-shortage-in-occupied-west-bank?traffic_source=rss. Falling back to RSS description.
2026-08-25 01:27:18,428 - WARNING - SKIPPED (GLOBAL WORD LIMIT): Article 'Israeli restrictions cause fuel shortage in occupied West Bank' from Al Jazeera has only 11 words (Min: 90).
2026-08-25 01:27:18,650 - INFO - [NDTV] Article: https://www.ndtv.com/world-news/us-announces-new-sanctions-campaign-against-iran-11954143#publisher=newsstand
2026-08-25 01:27:18,650 - INFO - [NDTV] Attempt 2/2: Trying with 'selenium_browser' strategy...
2026-08-25 01:27:18,937 - INFO - [Economic Times] Success with 'requests_browser'. Found content (317 words).
2026-08-25 01:27:19,137 - INFO - [Al Jazeera] Article: https://www.aljazeera.com/video/newsfeed/2026/8/24/why-pogrom-best-describes-whats-happening-in-the-occupied-west-bank?traffic_source=rss
2026-08-25 01:27:19,137 - INFO - [Al Jazeera] Attempt 1/2: Trying with 'requests_browser' strategy...
2026-08-25 01:27:19,264 - WARNING - [Al Jazeera] FAILED with 'requests_browser' (content was too short: 66 words).
2026-08-25 01:27:20,551 - INFO - [Al Jazeera] Article: https://www.aljazeera.com/video/newsfeed/2026/8/24/why-pogrom-best-describes-whats-happening-in-the-occupied-west-bank?traffic_source=rss
2026-08-25 01:27:20,551 - INFO - [Al Jazeera] Attempt 2/2: Trying with 'selenium_browser' strategy...
2026-08-25 01:27:20,963 - INFO - [Wired] Page content loaded.
2026-08-25 01:27:21,782 - ERROR - Error saving article FM Sitharaman flags global crisis spillovers, unfair burden on developing nations - The Economic Times: Hrana: `stream error: `Error { message: "SQLite error: UNIQUE constraint failed: articles.url", code: "SQLITE_CONSTRAINT" }``
2026-08-25 01:27:21,882 - INFO - [NDTV] Page content loaded.
2026-08-25 01:27:21,966 - INFO - [Wired] Success with 'selenium_browser'. Found content (758 words).
2026-08-25 01:27:23,461 - INFO - [Economic Times] Article: https://economictimes.indiatimes.com/tech/technology/apple-faces-indian-engineers-bias-lawsuit/articleshow/81694292.cms
2026-08-25 01:27:23,462 - INFO - [Economic Times] Attempt 1/2: Trying with 'requests_browser' strategy...
2026-08-25 01:27:24,724 - ERROR - Error saving article Zoro Coupon Codes: 55% Off August | WIRED: Hrana: `stream error: `Error { message: "SQLite error: UNIQUE constraint failed: articles.url", code: "SQLITE_CONSTRAINT" }``
2026-08-25 01:27:24,742 - ERROR - parsed tree length: 1, wrong data type or not valid HTML
2026-08-25 01:27:24,742 - ERROR - empty HTML tree: None
2026-08-25 01:27:24,742 - WARNING - discarding data: None
2026-08-25 01:27:24,742 - WARNING - [Economic Times] FAILED with 'requests_browser' (content was too short: 0 words).
2026-08-25 01:27:25,386 - INFO - [Economic Times] Article: https://economictimes.indiatimes.com/tech/technology/apple-faces-indian-engineers-bias-lawsuit/articleshow/81694292.cms
2026-08-25 01:27:25,386 - INFO - [Economic Times] Attempt 2/2: Trying with 'selenium_browser' strategy...
2026-08-25 01:27:25,512 - INFO - [Wired] Article: https://www.wired.com/story/nordvpn-coupon/
2026-08-25 01:27:25,512 - INFO - [Wired] Attempt 1/2: Trying with 'requests_browser' strategy...
2026-08-25 01:27:25,714 - ERROR - parsed tree length: 1, wrong data type or not valid HTML
2026-08-25 01:27:25,715 - ERROR - empty HTML tree: None
2026-08-25 01:27:25,715 - WARNING - discarding data: None
2026-08-25 01:27:25,715 - WARNING - [Wired] FAILED with 'requests_browser' (content was too short: 0 words).
2026-08-25 01:27:26,475 - INFO - [Al Jazeera] Page content loaded.
2026-08-25 01:27:26,700 - INFO - [Wired] Article: https://www.wired.com/story/nordvpn-coupon/
2026-08-25 01:27:26,700 - INFO - [Wired] Attempt 2/2: Trying with 'selenium_browser' strategy...
2026-08-25 01:27:26,793 - WARNING - [Al Jazeera] FAILED with 'selenium_browser' (content was too short: 66 words).
2026-08-25 01:27:26,793 - ERROR - [Al Jazeera] All scrape strategies failed for https://www.aljazeera.com/video/newsfeed/2026/8/24/why-pogrom-best-describes-whats-happening-in-the-occupied-west-bank?traffic_source=rss. Falling back to RSS description.
2026-08-25 01:27:26,793 - WARNING - SKIPPED (GLOBAL WORD LIMIT): Article 'Why ‘pogrom’ best describes what’s happening in the occupied West Bank' from Al Jazeera has only 17 words (Min: 90).
2026-08-25 01:27:27,302 - INFO - [Al Jazeera] Article: https://www.aljazeera.com/video/2026/8/24/israel-threatens-attacks-in-gaza-over-childrens-kites?traffic_source=rss
2026-08-25 01:27:27,303 - INFO - [Al Jazeera] Attempt 1/2: Trying with 'requests_browser' strategy...
2026-08-25 01:27:27,464 - WARNING - [Al Jazeera] FAILED with 'requests_browser' (content was too short: 48 words).
2026-08-25 01:27:27,717 - INFO - [Economic Times] Page content loaded.
2026-08-25 01:27:28,181 - INFO - [Al Jazeera] Article: https://www.aljazeera.com/video/2026/8/24/israel-threatens-attacks-in-gaza-over-childrens-kites?traffic_source=rss
2026-08-25 01:27:28,181 - INFO - [Al Jazeera] Attempt 2/2: Trying with 'selenium_browser' strategy...
2026-08-25 01:27:28,506 - INFO - [Economic Times] Success with 'selenium_browser'. Found content (743 words).
2026-08-25 01:27:28,987 - INFO - [NDTV] Success with 'selenium_browser'. Found content (757 words).
2026-08-25 01:27:31,822 - ERROR - Error saving article Apple faces Indian engineer’s bias lawsuit - The Economic Times: Hrana: `stream error: `Error { message: "SQLite error: UNIQUE constraint failed: articles.url", code: "SQLITE_CONSTRAINT" }``
2026-08-25 01:27:31,835 - INFO - [Wired] Page content loaded.
2026-08-25 01:27:31,943 - INFO - [Al Jazeera] Page content loaded.
2026-08-25 01:27:32,053 - INFO - DEDUPLICATION: Found match (Score: 0.88). Linking to Cluster ID: b8e43ce4-4711-4b88-b538-6ccf10b76395
2026-08-25 01:27:33,268 - INFO - [Economic Times] Article: https://economictimes.indiatimes.com/news/defence/despite-transatlantic-love-fest-eu-charts-third-way-in-ties-with-us-and-china/articleshow/81467467.cms
2026-08-25 01:27:33,268 - INFO - [Economic Times] Attempt 1/2: Trying with 'requests_browser' strategy...
2026-08-25 01:27:34,745 - INFO - >>> SUCCESSFULLY SAVED [ID: 113271] - US Announces New Sanctions Campaign Against Iran from NDTV (757 words)
2026-08-25 01:27:35,445 - INFO - [Economic Times] Success with 'requests_browser'. Found content (799 words).
2026-08-25 01:27:35,897 - INFO - [NDTV] Early skip: URL https://www.ndtv.com/india-news/15-decline-in-indian-students-seeking-undergraduate-courses-in-us-report-11954120#publisher=newsstand already exists.
2026-08-25 01:27:35,947 - INFO - [NDTV] Early skip: URL https://www.ndtv.com/world-news/us-canada-tariff-donald-trump-tells-canada-to-fall-in-line-or-face-consequences-11954104#publisher=newsstand already exists.
2026-08-25 01:27:35,974 - INFO - [NDTV] Early skip: URL https://www.ndtv.com/india-news/physical-abuse-forced-smoking-blackmail-ragging-case-at-gujarat-hostel-11953983#publisher=newsstand already exists.
2026-08-25 01:27:35,982 - INFO - [Wired] Success with 'selenium_browser'. Found content (1341 words).
2026-08-25 01:27:36,019 - INFO - [NDTV] Early skip: URL https://www.ndtv.com/world-news/has-two-year-plan-to-counter-us-sanctions-says-iran-11953932#publisher=newsstand already exists.
2026-08-25 01:27:36,041 - INFO - [NDTV] Early skip: URL https://www.ndtv.com/india-news/36-years-on-thane-man-wanted-for-attacking-cricket-umpire-with-bat-arrested-11953906#publisher=newsstand already exists.
2026-08-25 01:27:36,056 - INFO - [NDTV] Early skip: URL https://www.ndtv.com/india-news/eye-on-punjab-assembly-polls-aap-bjp-in-race-over-youth-brigade-outreach-11953881#publisher=newsstand already exists.
2026-08-25 01:27:36,098 - INFO - [NDTV] Early skip: URL https://www.ndtv.com/world-news/countries-allowing-iran-money-laundering-to-be-removed-from-dollar-system-warns-us-11953537#publisher=newsstand already exists.
2026-08-25 01:27:36,136 - INFO - [NDTV] Early skip: URL https://www.ndtv.com/india-news/video-live-worm-found-in-sandwich-at-posh-gurugram-restaurant-11948895#publisher=newsstand already exists.
2026-08-25 01:27:36,149 - INFO - [NDTV] Early skip: URL https://www.ndtv.com/india-news/bjp-says-will-contest-all-seats-in-punjab-assembly-polls-aap-scoffs-11953844#publisher=newsstand already exists.
2026-08-25 01:27:36,159 - INFO - [NDTV] Early skip: URL https://www.ndtv.com/world-news/who-is-margarita-reutt-woman-accused-of-killing-russian-naval-officer-11953830#publisher=newsstand already exists.
2026-08-25 01:27:36,166 - INFO - [NDTV] Early skip: URL https://www.ndtv.com/india-news/us-drops-syria-from-state-sponsor-of-terrorism-list-after-nearly-5-decades-11953834#publisher=newsstand already exists.
2026-08-25 01:27:36,188 - INFO - [NDTV] Early skip: URL https://www.ndtv.com/india-news/amazon-swiggy-bigbasket-lose-food-licences-over-datura-sales-in-karnataka-11953495#publisher=newsstand already exists.
2026-08-25 01:27:36,201 - INFO - [NDTV] (Thread) Finished. Attempting to shut down its Selenium driver.
2026-08-25 01:27:36,607 - INFO - [NDTV] (Thread) driver.quit() successful.
2026-08-25 01:27:40,002 - ERROR - Error saving article Despite transatlantic 'love fest', EU charts third way in ties with US and China - The Economic Times: Hrana: `stream error: `Error { message: "SQLite error: UNIQUE constraint failed: articles.url", code: "SQLITE_CONSTRAINT" }``
2026-08-25 01:27:41,926 - INFO - [Economic Times] Article: https://economictimes.indiatimes.com/tech/tech-bytes/twitters-india-policy-head-to-step-down-will-transition-in-march/articleshow/80732868.cms
2026-08-25 01:27:42,336 - INFO - [Economic Times] Attempt 1/2: Trying with 'requests_browser' strategy...
2026-08-25 01:27:43,216 - ERROR - Error saving article NordVPN Coupons: 75% Off, Plus 3 Months Free in August 2026 | WIRED: Hrana: `stream error: `Error { message: "SQLite error: UNIQUE constraint failed: articles.url", code: "SQLITE_CONSTRAINT" }``
2026-08-25 01:27:44,102 - ERROR - parsed tree length: 1, wrong data type or not valid HTML
2026-08-25 01:27:44,103 - ERROR - empty HTML tree: None
2026-08-25 01:27:44,103 - WARNING - discarding data: None
2026-08-25 01:27:44,103 - WARNING - [Economic Times] FAILED with 'requests_browser' (content was too short: 0 words).
2026-08-25 01:27:44,618 - INFO - [Wired] Early skip: URL https://www.wired.com/story/ruggable-discount-code/ already exists.
2026-08-25 01:27:44,620 - INFO - [Wired] Article: https://www.wired.com/story/meta-quest-promo-code/
2026-08-25 01:27:44,620 - INFO - [Wired] Attempt 1/2: Trying with 'requests_browser' strategy...
2026-08-25 01:27:44,928 - INFO - [Economic Times] Article: https://economictimes.indiatimes.com/tech/tech-bytes/twitters-india-policy-head-to-step-down-will-transition-in-march/articleshow/80732868.cms
2026-08-25 01:27:44,928 - INFO - [Economic Times] Attempt 2/2: Trying with 'selenium_browser' strategy...
2026-08-25 01:27:44,988 - ERROR - parsed tree length: 1, wrong data type or not valid HTML
2026-08-25 01:27:44,989 - ERROR - empty HTML tree: None
2026-08-25 01:27:44,989 - WARNING - discarding data: None
2026-08-25 01:27:44,989 - WARNING - [Wired] FAILED with 'requests_browser' (content was too short: 0 words).
2026-08-25 01:27:45,693 - INFO - [Wired] Article: https://www.wired.com/story/meta-quest-promo-code/
2026-08-25 01:27:45,694 - INFO - [Wired] Attempt 2/2: Trying with 'selenium_browser' strategy...
2026-08-25 01:27:53,793 - INFO - [Wired] Page content loaded.
2026-08-25 01:27:54,217 - WARNING - [Al Jazeera] FAILED with 'selenium_browser' (content was too short: 48 words).
2026-08-25 01:27:54,217 - ERROR - [Al Jazeera] All scrape strategies failed for https://www.aljazeera.com/video/2026/8/24/israel-threatens-attacks-in-gaza-over-childrens-kites?traffic_source=rss. Falling back to RSS description.
2026-08-25 01:27:54,217 - WARNING - SKIPPED (GLOBAL WORD LIMIT): Article 'Israel threatens attacks in Gaza over children’s kites' from Al Jazeera has only 13 words (Min: 90).
2026-08-25 01:27:54,259 - INFO - [Wired] Success with 'selenium_browser'. Found content (1201 words).
2026-08-25 01:27:55,694 - INFO - [Al Jazeera] (Thread) Finished. Attempting to shut down its Selenium driver.
2026-08-25 01:27:56,955 - INFO - [Al Jazeera] (Thread) driver.quit() successful.
2026-08-25 01:27:56,955 - ERROR - Error saving article Meta Quest Promo Codes and Coupons for August 2026 | WIRED: Hrana: `stream error: `Error { message: "SQLite error: UNIQUE constraint failed: articles.url", code: "SQLITE_CONSTRAINT" }``
2026-08-25 01:27:57,340 - INFO - [Economic Times] Page content loaded.
2026-08-25 01:27:57,821 - INFO - [Economic Times] Success with 'selenium_browser'. Found content (615 words).
2026-08-25 01:27:59,238 - INFO - [Wired] Article: https://www.wired.com/story/home-depot-promo-code/
2026-08-25 01:27:59,239 - INFO - [Wired] Attempt 1/2: Trying with 'requests_browser' strategy...
2026-08-25 01:28:00,451 - ERROR - Error saving article Twitter's India policy head, Mahima Kaul, to step down; will transition in March - The Economic Times: Hrana: `stream error: `Error { message: "SQLite error: UNIQUE constraint failed: articles.url", code: "SQLITE_CONSTRAINT" }``
2026-08-25 01:28:00,470 - ERROR - parsed tree length: 1, wrong data type or not valid HTML
2026-08-25 01:28:00,470 - ERROR - empty HTML tree: None
2026-08-25 01:28:00,470 - WARNING - discarding data: None
2026-08-25 01:28:00,470 - WARNING - [Wired] FAILED with 'requests_browser' (content was too short: 0 words).
2026-08-25 01:28:00,972 - INFO - [Wired] Article: https://www.wired.com/story/home-depot-promo-code/
2026-08-25 01:28:00,972 - INFO - [Wired] Attempt 2/2: Trying with 'selenium_browser' strategy...
2026-08-25 01:28:01,614 - INFO - [Economic Times] Article: https://economictimes.indiatimes.com/tech/tech-and-gadgets/govt-may-keep-rs-7500-cr-outlay-for-it-hardware-manufacturing-under-pli-scheme/articleshow/80333429.cms
2026-08-25 01:28:01,614 - INFO - [Economic Times] Attempt 1/2: Trying with 'requests_browser' strategy...
2026-08-25 01:28:01,922 - ERROR - parsed tree length: 1, wrong data type or not valid HTML
2026-08-25 01:28:01,922 - ERROR - empty HTML tree: None
2026-08-25 01:28:01,923 - WARNING - discarding data: None
2026-08-25 01:28:01,923 - WARNING - [Economic Times] FAILED with 'requests_browser' (content was too short: 0 words).
2026-08-25 01:28:02,737 - INFO - [Economic Times] Article: https://economictimes.indiatimes.com/tech/tech-and-gadgets/govt-may-keep-rs-7500-cr-outlay-for-it-hardware-manufacturing-under-pli-scheme/articleshow/80333429.cms
2026-08-25 01:28:02,737 - INFO - [Economic Times] Attempt 2/2: Trying with 'selenium_browser' strategy...
2026-08-25 01:28:07,070 - INFO - [Wired] Page content loaded.
2026-08-25 01:28:07,566 - INFO - [Economic Times] Page content loaded.
2026-08-25 01:28:07,639 - INFO - [Wired] Success with 'selenium_browser'. Found content (1701 words).
2026-08-25 01:28:10,343 - ERROR - Error saving article Home Depot Promo Codes: 30% Off in August 2026 | WIRED: Hrana: `stream error: `Error { message: "SQLite error: UNIQUE constraint failed: articles.url", code: "SQLITE_CONSTRAINT" }``
2026-08-25 01:28:10,374 - INFO - [Economic Times] Success with 'selenium_browser'. Found content (481 words).
2026-08-25 01:28:11,711 - INFO - [Wired] Article: https://www.wired.com/story/bh-photo-coupon/
2026-08-25 01:28:11,711 - INFO - [Wired] Attempt 1/2: Trying with 'requests_browser' strategy...
2026-08-25 01:28:13,031 - ERROR - Error saving article Govt may keep Rs 7,500 cr outlay for IT hardware manufacturing under PLI scheme - The Economic Times: Hrana: `stream error: `Error { message: "SQLite error: UNIQUE constraint failed: articles.url", code: "SQLITE_CONSTRAINT" }``
2026-08-25 01:28:13,039 - ERROR - parsed tree length: 1, wrong data type or not valid HTML
2026-08-25 01:28:13,040 - ERROR - empty HTML tree: None
2026-08-25 01:28:13,040 - WARNING - discarding data: None
2026-08-25 01:28:13,040 - WARNING - [Wired] FAILED with 'requests_browser' (content was too short: 0 words).
2026-08-25 01:28:13,680 - INFO - [Economic Times] Article: https://economictimes.indiatimes.com/tech/technology/indian-dating-apps-services-see-surge-of-paying-users-in-small-cities/articleshow/80063342.cms
2026-08-25 01:28:13,681 - INFO - [Economic Times] Attempt 1/2: Trying with 'requests_browser' strategy...
2026-08-25 01:28:13,995 - INFO - [Wired] Article: https://www.wired.com/story/bh-photo-coupon/
2026-08-25 01:28:13,995 - INFO - [Wired] Attempt 2/2: Trying with 'selenium_browser' strategy...
2026-08-25 01:28:14,003 - ERROR - parsed tree length: 1, wrong data type or not valid HTML
2026-08-25 01:28:14,003 - ERROR - empty HTML tree: None
2026-08-25 01:28:14,003 - WARNING - discarding data: None
2026-08-25 01:28:14,003 - WARNING - [Economic Times] FAILED with 'requests_browser' (content was too short: 0 words).
2026-08-25 01:28:14,556 - INFO - [Economic Times] Article: https://economictimes.indiatimes.com/tech/technology/indian-dating-apps-services-see-surge-of-paying-users-in-small-cities/articleshow/80063342.cms
2026-08-25 01:28:14,556 - INFO - [Economic Times] Attempt 2/2: Trying with 'selenium_browser' strategy...
2026-08-25 01:28:15,887 - INFO - [Wired] Page content loaded.
2026-08-25 01:28:16,421 - INFO - [Wired] Success with 'selenium_browser'. Found content (911 words).
2026-08-25 01:28:16,626 - INFO - [Economic Times] Page content loaded.
2026-08-25 01:28:19,114 - ERROR - Error saving article B&H Photo Promo Codes and Deals This August 2026 | WIRED: Hrana: `stream error: `Error { message: "SQLite error: UNIQUE constraint failed: articles.url", code: "SQLITE_CONSTRAINT" }``
2026-08-25 01:28:19,140 - WARNING - [Economic Times] FAILED with 'selenium_browser' (content was too short: 84 words).
2026-08-25 01:28:19,140 - ERROR - [Economic Times] All scrape strategies failed for https://economictimes.indiatimes.com/tech/technology/indian-dating-apps-services-see-surge-of-paying-users-in-small-cities/articleshow/80063342.cms. Falling back to RSS description.
2026-08-25 01:28:19,140 - WARNING - SKIPPED (GLOBAL WORD LIMIT): Article 'Indian dating apps, services see surge of paying users in small cities ' from Economic Times has only 54 words (Min: 90).
2026-08-25 01:28:19,924 - INFO - [Wired] Article: https://www.wired.com/story/ray-ban-promo-code/
2026-08-25 01:28:19,924 - INFO - [Wired] Attempt 1/2: Trying with 'requests_browser' strategy...
2026-08-25 01:28:20,028 - ERROR - parsed tree length: 1, wrong data type or not valid HTML
2026-08-25 01:28:20,028 - ERROR - empty HTML tree: None
2026-08-25 01:28:20,028 - WARNING - discarding data: None
2026-08-25 01:28:20,028 - WARNING - [Wired] FAILED with 'requests_browser' (content was too short: 0 words).
2026-08-25 01:28:20,399 - INFO - [Economic Times] Article: https://economictimes.indiatimes.com/tech/technology/time-for-govt-cos-to-adopt-ai-deloitte-india/articleshow/79981215.cms
2026-08-25 01:28:20,399 - INFO - [Economic Times] Attempt 1/2: Trying with 'requests_browser' strategy...
2026-08-25 01:28:20,696 - ERROR - parsed tree length: 1, wrong data type or not valid HTML
2026-08-25 01:28:20,696 - ERROR - empty HTML tree: None
2026-08-25 01:28:20,696 - WARNING - discarding data: None
2026-08-25 01:28:20,697 - WARNING - [Economic Times] FAILED with 'requests_browser' (content was too short: 0 words).
2026-08-25 01:28:20,751 - INFO - [Wired] Article: https://www.wired.com/story/ray-ban-promo-code/
2026-08-25 01:28:20,751 - INFO - [Wired] Attempt 2/2: Trying with 'selenium_browser' strategy...
2026-08-25 01:28:21,558 - INFO - [Economic Times] Article: https://economictimes.indiatimes.com/tech/technology/time-for-govt-cos-to-adopt-ai-deloitte-india/articleshow/79981215.cms
2026-08-25 01:28:21,558 - INFO - [Economic Times] Attempt 2/2: Trying with 'selenium_browser' strategy...
2026-08-25 01:28:22,022 - INFO - [Wired] Page content loaded.
2026-08-25 01:28:22,595 - INFO - [Wired] Success with 'selenium_browser'. Found content (839 words).
2026-08-25 01:28:25,332 - INFO - [Economic Times] Page content loaded.
2026-08-25 01:28:25,332 - ERROR - Error saving article Ray-Ban Promo Codes: Save 50% in August 2026 | WIRED: Hrana: `stream error: `Error { message: "SQLite error: UNIQUE constraint failed: articles.url", code: "SQLITE_CONSTRAINT" }``
2026-08-25 01:28:25,457 - WARNING - [Economic Times] FAILED with 'selenium_browser' (content was too short: 74 words).
2026-08-25 01:28:25,457 - ERROR - [Economic Times] All scrape strategies failed for https://economictimes.indiatimes.com/tech/technology/time-for-govt-cos-to-adopt-ai-deloitte-india/articleshow/79981215.cms. Falling back to RSS description.
2026-08-25 01:28:25,457 - WARNING - SKIPPED (GLOBAL WORD LIMIT): Article 'Time for government, companies to adopt artificial intelligence: Deloitte India ' from Economic Times has only 49 words (Min: 90).
2026-08-25 01:28:26,037 - INFO - [Wired] Article: https://www.wired.com/story/canon-promo-code/
2026-08-25 01:28:26,038 - INFO - [Wired] Attempt 1/2: Trying with 'requests_browser' strategy...
2026-08-25 01:28:26,141 - ERROR - parsed tree length: 1, wrong data type or not valid HTML
2026-08-25 01:28:26,141 - ERROR - empty HTML tree: None
2026-08-25 01:28:26,141 - WARNING - discarding data: None
2026-08-25 01:28:26,141 - WARNING - [Wired] FAILED with 'requests_browser' (content was too short: 0 words).
2026-08-25 01:28:26,754 - INFO - [Wired] Article: https://www.wired.com/story/canon-promo-code/
2026-08-25 01:28:26,755 - INFO - [Wired] Attempt 2/2: Trying with 'selenium_browser' strategy...
2026-08-25 01:28:26,765 - INFO - [Economic Times] Article: https://economictimes.indiatimes.com/news/international/world-news/trump-announces-a-deal-for-hamas-to-disarm-in-gaza-but-many-hurdles-and-uncertainty-remain/articleshow/132753009.cms
2026-08-25 01:28:26,765 - INFO - [Economic Times] Attempt 1/2: Trying with 'requests_browser' strategy...
2026-08-25 01:28:27,096 - INFO - [Economic Times] Success with 'requests_browser'. Found content (1285 words).
2026-08-25 01:28:29,853 - INFO - [Wired] Page content loaded.
2026-08-25 01:28:29,853 - ERROR - Error saving article Trump announces a deal for Hamas to disarm in Gaza, but many hurdles and uncertainty remain - The Economic Times: Hrana: `stream error: `Error { message: "SQLite error: UNIQUE constraint failed: articles.url", code: "SQLITE_CONSTRAINT" }``
2026-08-25 01:28:30,143 - INFO - [Wired] Success with 'selenium_browser'. Found content (1262 words).
2026-08-25 01:28:31,542 - INFO - [Economic Times] Article: https://economictimes.indiatimes.com/news/new-updates/in-1943-us-built-an-entire-city-and-it-didnt-exist-on-a-single-map/articleshow/132659427.cms
2026-08-25 01:28:31,943 - INFO - [Economic Times] Attempt 1/2: Trying with 'requests_browser' strategy...
2026-08-25 01:28:32,768 - ERROR - Error saving article 30% Off Canon Promo Codes | August 2026 | WIRED: Hrana: `stream error: `Error { message: "SQLite error: UNIQUE constraint failed: articles.url", code: "SQLITE_CONSTRAINT" }``
2026-08-25 01:28:32,800 - INFO - [Economic Times] Success with 'requests_browser'. Found content (688 words).
2026-08-25 01:28:34,445 - INFO - [Wired] Article: https://www.wired.com/story/hoka-coupon-code/
2026-08-25 01:28:34,857 - INFO - [Wired] Attempt 1/2: Trying with 'requests_browser' strategy...
2026-08-25 01:28:35,677 - ERROR - Error saving article In 1943, US built an entire city, and it didn't exist on a single map - The Economic Times: Hrana: `stream error: `Error { message: "SQLite error: UNIQUE constraint failed: articles.url", code: "SQLITE_CONSTRAINT" }``
2026-08-25 01:28:35,690 - ERROR - parsed tree length: 1, wrong data type or not valid HTML
2026-08-25 01:28:35,690 - ERROR - empty HTML tree: None
2026-08-25 01:28:35,690 - WARNING - discarding data: None
2026-08-25 01:28:35,690 - WARNING - [Wired] FAILED with 'requests_browser' (content was too short: 0 words).
2026-08-25 01:28:36,437 - INFO - [Wired] Article: https://www.wired.com/story/hoka-coupon-code/
2026-08-25 01:28:36,437 - INFO - [Wired] Attempt 2/2: Trying with 'selenium_browser' strategy...
2026-08-25 01:28:36,732 - INFO - [Economic Times] Article: https://economictimes.indiatimes.com/news/new-updates/humans-have-a-third-eye-in-the-brain-study-links-it-to-a-600-million-year-old-cyclops-ancestor/articleshow/132655441.cms
2026-08-25 01:28:36,733 - INFO - [Economic Times] Attempt 1/2: Trying with 'requests_browser' strategy...
2026-08-25 01:28:37,221 - INFO - [Economic Times] Success with 'requests_browser'. Found content (593 words).
2026-08-25 01:28:39,839 - INFO - [Wired] Page content loaded.
2026-08-25 01:28:39,839 - ERROR - Error saving article Humans have a 'third eye' in the brain: Study links it to a 600-million-year-old Cyclops ancestor - The Economic Times: Hrana: `stream error: `Error { message: "SQLite error: UNIQUE constraint failed: articles.url", code: "SQLITE_CONSTRAINT" }``
2026-08-25 01:28:40,148 - INFO - [Wired] Success with 'selenium_browser'. Found content (1093 words).
2026-08-25 01:28:41,518 - INFO - [Economic Times] Article: https://economictimes.indiatimes.com/news/new-updates/1500-ships-trapped-in-gulf-of-hormuz-is-quietly-multiplying-an-underwater-army-that-could-unleash-worlds-biggest-bioinvasion-event/articleshow/132595366.cms
2026-08-25 01:28:42,732 - INFO - [Economic Times] Attempt 1/2: Trying with 'requests_browser' strategy...
2026-08-25 01:28:42,734 - ERROR - Error saving article Hoka Coupon Codes: 30% Off in August 2026 | WIRED: Hrana: `stream error: `Error { message: "SQLite error: UNIQUE constraint failed: articles.url", code: "SQLITE_CONSTRAINT" }``
2026-08-25 01:28:43,138 - INFO - [Economic Times] Success with 'requests_browser'. Found content (680 words).
2026-08-25 01:28:44,495 - INFO - [Wired] Article: https://www.wired.com/story/valvoline-coupons/
2026-08-25 01:28:44,901 - INFO - [Wired] Attempt 1/2: Trying with 'requests_browser' strategy...
2026-08-25 01:28:45,719 - ERROR - Error saving article 1,500 ships trapped in Gulf of Hormuz are quietly multiplying an underwater army that could unleash World's biggest bioinvasion event - The Economic Times: Hrana: `stream error: `Error { message: "SQLite error: UNIQUE constraint failed: articles.url", code: "SQLITE_CONSTRAINT" }``
2026-08-25 01:28:45,730 - ERROR - parsed tree length: 1, wrong data type or not valid HTML
2026-08-25 01:28:45,731 - ERROR - empty HTML tree: None
2026-08-25 01:28:45,731 - WARNING - discarding data: None
2026-08-25 01:28:45,731 - WARNING - [Wired] FAILED with 'requests_browser' (content was too short: 0 words).
2026-08-25 01:28:46,487 - INFO - [Wired] Article: https://www.wired.com/story/valvoline-coupons/
2026-08-25 01:28:46,487 - INFO - [Wired] Attempt 2/2: Trying with 'selenium_browser' strategy...
2026-08-25 01:28:47,158 - INFO - [Economic Times] Article: https://economictimes.indiatimes.com/news/new-updates/argentina-vs-spain-fifa-world-cup-final-to-be-replayed-petition-for-a-rematch-crosses-60000-signatures/articleshow/132576024.cms
2026-08-25 01:28:47,158 - INFO - [Economic Times] Attempt 1/2: Trying with 'requests_browser' strategy...
2026-08-25 01:28:47,438 - INFO - [Wired] Page content loaded.
2026-08-25 01:28:47,562 - INFO - [Economic Times] Success with 'requests_browser'. Found content (235 words).
2026-08-25 01:28:50,228 - ERROR - Error saving article Argentina vs Spain FIFA World Cup Final to be replayed? Petition for a rematch crosses 60,000 signatures - The Economic Times: Hrana: `stream error: `Error { message: "SQLite error: UNIQUE constraint failed: articles.url", code: "SQLITE_CONSTRAINT" }``
2026-08-25 01:28:50,274 - INFO - [Wired] Success with 'selenium_browser'. Found content (863 words).
2026-08-25 01:28:51,644 - INFO - [Economic Times] Article: https://economictimes.indiatimes.com/news/new-updates/he-baked-potato-in-aluminium-foil-and-ate-it-next-morning-after-microwaving-it-hours-later-he-was-paralysed-doctor-explains-why/articleshow/132574269.cms
2026-08-25 01:28:52,046 - INFO - [Economic Times] Attempt 1/2: Trying with 'requests_browser' strategy...
2026-08-25 01:28:52,848 - ERROR - Error saving article Valvoline Coupons and Promo Codes for August 2026 | WIRED: Hrana: `stream error: `Error { message: "SQLite error: UNIQUE constraint failed: articles.url", code: "SQLITE_CONSTRAINT" }``
2026-08-25 01:28:52,884 - INFO - [Economic Times] Success with 'requests_browser'. Found content (565 words).
2026-08-25 01:28:54,254 - INFO - [Wired] Article: https://www.wired.com/story/lenovo-coupon-code/
2026-08-25 01:28:54,662 - INFO - [Wired] Attempt 1/2: Trying with 'requests_browser' strategy...
2026-08-25 01:28:55,715 - ERROR - Error saving article He baked potato in aluminium foil, and ate it next morning after microwaving. Hours later, he was paralysed, doctor explains why - The Economic Times: Hrana: `stream error: `Error { message: "SQLite error: UNIQUE constraint failed: articles.url", code: "SQLITE_CONSTRAINT" }``
2026-08-25 01:28:55,727 - ERROR - parsed tree length: 1, wrong data type or not valid HTML
2026-08-25 01:28:55,728 - ERROR - empty HTML tree: None
2026-08-25 01:28:55,728 - WARNING - discarding data: None
2026-08-25 01:28:55,728 - WARNING - [Wired] FAILED with 'requests_browser' (content was too short: 0 words).
2026-08-25 01:28:56,233 - INFO - [Wired] Article: https://www.wired.com/story/lenovo-coupon-code/
2026-08-25 01:28:56,233 - INFO - [Wired] Attempt 2/2: Trying with 'selenium_browser' strategy...
2026-08-25 01:28:56,734 - INFO - [Economic Times] Article: https://economictimes.indiatimes.com/news/elections/assembly-elections/assam/done-deal-cm-himanta-biswa-sarma-on-nda-seat-sharing-for-assam-polls/articleshow/128678098.cms
2026-08-25 01:28:56,735 - INFO - [Economic Times] Attempt 1/2: Trying with 'requests_browser' strategy...
2026-08-25 01:28:57,151 - INFO - [Economic Times] Success with 'requests_browser'. Found content (518 words).
2026-08-25 01:28:58,916 - INFO - [Wired] Page content loaded.
2026-08-25 01:28:59,738 - ERROR - Error saving article 'Done deal': CM Himanta Biswa Sarma on NDA seat-sharing for Assam polls - The Economic Times: Hrana: `stream error: `Error { message: "SQLite error: UNIQUE constraint failed: articles.url", code: "SQLITE_CONSTRAINT" }``
2026-08-25 01:29:00,118 - INFO - [Wired] Success with 'selenium_browser'. Found content (1188 words).
2026-08-25 01:29:01,458 - INFO - [Economic Times] Article: https://economictimes.indiatimes.com/news/elections/assembly-elections/bihar/rare-intensive-revision-in-bihar-four-months-before-polls/articleshow/122167501.cms
2026-08-25 01:29:01,860 - INFO - [Economic Times] Attempt 1/2: Trying with 'requests_browser' strategy...
2026-08-25 01:29:02,686 - ERROR - Error saving article Lenovo Coupon Codes: 15% Off in August 2026 | WIRED: Hrana: `stream error: `Error { message: "SQLite error: UNIQUE constraint failed: articles.url", code: "SQLITE_CONSTRAINT" }``
2026-08-25 01:29:02,724 - INFO - [Economic Times] Success with 'requests_browser'. Found content (864 words).
2026-08-25 01:29:04,109 - INFO - [Wired] Article: https://www.wired.com/story/squarespace-promo-code/
2026-08-25 01:29:04,525 - INFO - [Wired] Attempt 1/2: Trying with 'requests_browser' strategy...
2026-08-25 01:29:05,327 - ERROR - Error saving article Rare 'intensive' revision in Bihar four months before polls - The Economic Times: Hrana: `stream error: `Error { message: "SQLite error: UNIQUE constraint failed: articles.url", code: "SQLITE_CONSTRAINT" }``
2026-08-25 01:29:05,338 - ERROR - parsed tree length: 1, wrong data type or not valid HTML
2026-08-25 01:29:05,339 - ERROR - empty HTML tree: None
2026-08-25 01:29:05,339 - WARNING - discarding data: None
2026-08-25 01:29:05,339 - WARNING - [Wired] FAILED with 'requests_browser' (content was too short: 0 words).
2026-08-25 01:29:06,085 - INFO - [Wired] Article: https://www.wired.com/story/squarespace-promo-code/
2026-08-25 01:29:06,085 - INFO - [Wired] Attempt 2/2: Trying with 'selenium_browser' strategy...
2026-08-25 01:29:06,658 - INFO - [Economic Times] Article: https://economictimes.indiatimes.com/news/elections/assembly-elections/delhi/bjp-accuses-kejriwal-of-sending-voters-hoax-calls-to-mislead/articleshow/117579007.cms
2026-08-25 01:29:06,658 - INFO - [Economic Times] Attempt 1/2: Trying with 'requests_browser' strategy...
2026-08-25 01:29:06,980 - INFO - [Economic Times] Success with 'requests_browser'. Found content (550 words).
2026-08-25 01:29:09,609 - INFO - [Wired] Page content loaded.
2026-08-25 01:29:09,609 - ERROR - Error saving article BJP accuses Kejriwal of sending voters hoax calls to mislead - The Economic Times: Hrana: `stream error: `Error { message: "SQLite error: UNIQUE constraint failed: articles.url", code: "SQLITE_CONSTRAINT" }``
2026-08-25 01:29:09,884 - INFO - [Wired] Success with 'selenium_browser'. Found content (1343 words).
2026-08-25 01:29:11,216 - INFO - [Economic Times] Article: https://economictimes.indiatimes.com/news/elections/lok-sabha/india/lok-sabha-election-2024-maharashtra-get-interesting-after-splits-in-shiv-sena-ncp/articleshow/108559788.cms
2026-08-25 01:29:11,619 - INFO - [Economic Times] Attempt 1/2: Trying with 'requests_browser' strategy...
2026-08-25 01:29:12,456 - ERROR - Error saving article Squarespace Promo Codes: 20% Off in August 2026 | WIRED: Hrana: `stream error: `Error { message: "SQLite error: UNIQUE constraint failed: articles.url", code: "SQLITE_CONSTRAINT" }``
2026-08-25 01:29:12,800 - INFO - [Economic Times] Success with 'requests_browser'. Found content (1442 words).
2026-08-25 01:29:14,318 - INFO - [Wired] Early skip: URL https://www.wired.com/review/google-pixel-11/ already exists.
2026-08-25 01:29:15,519 - INFO - [Wired] Early skip: URL https://www.wired.com/story/the-galaxys-fastest-star-could-reveal-the-secrets-of-a-supermassive-black-hole/ already exists.
2026-08-25 01:29:15,519 - ERROR - Error saving article Lok Sabha election 2024: Maharashtra get interesting after splits in Shiv Sena, NCP - The Economic Times: Hrana: `stream error: `Error { message: "SQLite error: UNIQUE constraint failed: articles.url", code: "SQLITE_CONSTRAINT" }``
2026-08-25 01:29:15,521 - INFO - [Wired] Early skip: URL https://www.wired.com/story/china-is-strapping-digital-bombs-to-civilian-infrastructure-is-the-us-ready/ already exists.
2026-08-25 01:29:15,522 - INFO - [Wired] (Thread) Finished. Attempting to shut down its Selenium driver.
2026-08-25 01:29:15,601 - INFO - [Wired] (Thread) driver.quit() successful.
2026-08-25 01:29:16,514 - INFO - [Economic Times] Article: https://economictimes.indiatimes.com/news/elections/lok-sabha/india/modi-charisma-key-factor-in-bjps-bid-to-retain-all-26-seats-in-gujarat/articleshow/108550858.cms
2026-08-25 01:29:16,514 - INFO - [Economic Times] Attempt 1/2: Trying with 'requests_browser' strategy...
2026-08-25 01:29:16,916 - INFO - [Economic Times] Success with 'requests_browser'. Found content (838 words).
2026-08-25 01:29:19,507 - ERROR - Error saving article Modi charisma key factor in BJP's bid to retain all 26 seats in Gujarat - The Economic Times: Hrana: `stream error: `Error { message: "SQLite error: UNIQUE constraint failed: articles.url", code: "SQLITE_CONSTRAINT" }``
2026-08-25 01:29:20,671 - INFO - [Economic Times] Article: https://economictimes.indiatimes.com/news/elections/lok-sabha/india/implementation-of-guarantees-decline-of-brs-favour-congress-in-telangana-bjp-aiming-for-better-show/articleshow/108548569.cms
2026-08-25 01:29:20,671 - INFO - [Economic Times] Attempt 1/2: Trying with 'requests_browser' strategy...
2026-08-25 01:29:20,988 - INFO - [Economic Times] Success with 'requests_browser'. Found content (1272 words).
2026-08-25 01:29:23,599 - ERROR - Error saving article Implementation of 'guarantees', decline of BRS favour Congress in Telangana, BJP aiming for better show - The Economic Times: Hrana: `stream error: `Error { message: "SQLite error: UNIQUE constraint failed: articles.url", code: "SQLITE_CONSTRAINT" }``
2026-08-25 01:29:24,368 - INFO - [Economic Times] Article: https://economictimes.indiatimes.com/traders-bet-on-calendar-spread-as-nifty-moves-in-a-tight-range/articleshow/6302358.cms
2026-08-25 01:29:24,368 - INFO - [Economic Times] Attempt 1/2: Trying with 'requests_browser' strategy...
2026-08-25 01:29:24,668 - ERROR - parsed tree length: 1, wrong data type or not valid HTML
2026-08-25 01:29:24,668 - ERROR - empty HTML tree: None
2026-08-25 01:29:24,668 - WARNING - discarding data: None
2026-08-25 01:29:24,668 - WARNING - [Economic Times] FAILED with 'requests_browser' (content was too short: 0 words).
2026-08-25 01:29:25,422 - INFO - [Economic Times] Article: https://economictimes.indiatimes.com/traders-bet-on-calendar-spread-as-nifty-moves-in-a-tight-range/articleshow/6302358.cms
2026-08-25 01:29:25,422 - INFO - [Economic Times] Attempt 2/2: Trying with 'selenium_browser' strategy...
2026-08-25 01:29:26,378 - INFO - [Economic Times] Page content loaded.
2026-08-25 01:29:26,704 - INFO - [Economic Times] Success with 'selenium_browser'. Found content (383 words).
2026-08-25 01:29:29,325 - ERROR - Error saving article Traders bet on calendar spread as Nifty moves in a tight range - The Economic Times: Hrana: `stream error: `Error { message: "SQLite error: UNIQUE constraint failed: articles.url", code: "SQLITE_CONSTRAINT" }``
2026-08-25 01:29:30,674 - INFO - [Economic Times] Article: https://economictimes.indiatimes.com/nifty-may-find-support-at-5300-level/articleshow/6296017.cms
2026-08-25 01:29:30,675 - INFO - [Economic Times] Attempt 1/2: Trying with 'requests_browser' strategy...
2026-08-25 01:29:30,967 - ERROR - parsed tree length: 1, wrong data type or not valid HTML
2026-08-25 01:29:30,967 - ERROR - empty HTML tree: None
2026-08-25 01:29:30,967 - WARNING - discarding data: None
2026-08-25 01:29:30,967 - WARNING - [Economic Times] FAILED with 'requests_browser' (content was too short: 0 words).
2026-08-25 01:29:31,741 - INFO - [Economic Times] Article: https://economictimes.indiatimes.com/nifty-may-find-support-at-5300-level/articleshow/6296017.cms
2026-08-25 01:29:31,741 - INFO - [Economic Times] Attempt 2/2: Trying with 'selenium_browser' strategy...
2026-08-25 01:29:50,715 - INFO - [Economic Times] Page content loaded.
2026-08-25 01:29:50,848 - INFO - [Economic Times] Success with 'selenium_browser'. Found content (773 words).
2026-08-25 01:29:53,936 - ERROR - Error saving article Nifty may find support at 5300 level - The Economic Times: Hrana: `stream error: `Error { message: "SQLite error: UNIQUE constraint failed: articles.url", code: "SQLITE_CONSTRAINT" }``
2026-08-25 01:29:54,653 - INFO - [Economic Times] Article: https://economictimes.indiatimes.com/seven-out-of-top-10-asian-small-cap-funds-are-indian/articleshow/6295976.cms
2026-08-25 01:29:54,654 - INFO - [Economic Times] Attempt 1/2: Trying with 'requests_browser' strategy...
2026-08-25 01:29:55,219 - ERROR - parsed tree length: 1, wrong data type or not valid HTML
2026-08-25 01:29:55,219 - ERROR - empty HTML tree: None
2026-08-25 01:29:55,219 - WARNING - discarding data: None
2026-08-25 01:29:55,219 - WARNING - [Economic Times] FAILED with 'requests_browser' (content was too short: 0 words).
2026-08-25 01:29:55,961 - INFO - [Economic Times] Article: https://economictimes.indiatimes.com/seven-out-of-top-10-asian-small-cap-funds-are-indian/articleshow/6295976.cms
2026-08-25 01:29:55,961 - INFO - [Economic Times] Attempt 2/2: Trying with 'selenium_browser' strategy...
2026-08-25 01:29:59,499 - INFO - [Economic Times] Page content loaded.
2026-08-25 01:29:59,920 - INFO - [Economic Times] Success with 'selenium_browser'. Found content (607 words).
2026-08-25 01:30:02,601 - ERROR - Error saving article Seven out of top 10 Asian small-cap funds are Indian - The Economic Times: Hrana: `stream error: `Error { message: "SQLite error: UNIQUE constraint failed: articles.url", code: "SQLITE_CONSTRAINT" }``
2026-08-25 01:30:03,294 - INFO - [Economic Times] Article: https://economictimes.indiatimes.com/inflation-reflects-growth-dynamics-in-india-christopher-wood/articleshow/6274053.cms
2026-08-25 01:30:03,294 - INFO - [Economic Times] Attempt 1/2: Trying with 'requests_browser' strategy...
2026-08-25 01:30:03,606 - ERROR - parsed tree length: 1, wrong data type or not valid HTML
2026-08-25 01:30:03,606 - ERROR - empty HTML tree: None
2026-08-25 01:30:03,606 - WARNING - discarding data: None
2026-08-25 01:30:03,606 - WARNING - [Economic Times] FAILED with 'requests_browser' (content was too short: 0 words).
2026-08-25 01:30:04,583 - INFO - [Economic Times] Article: https://economictimes.indiatimes.com/inflation-reflects-growth-dynamics-in-india-christopher-wood/articleshow/6274053.cms
2026-08-25 01:30:04,583 - INFO - [Economic Times] Attempt 2/2: Trying with 'selenium_browser' strategy...
2026-08-25 01:30:08,470 - INFO - [Economic Times] Page content loaded.
2026-08-25 01:30:09,305 - INFO - [Economic Times] Success with 'selenium_browser'. Found content (4404 words).
2026-08-25 01:30:11,977 - ERROR - Error saving article Inflation reflects growth dynamics in India: Christopher Wood - The Economic Times: Hrana: `stream error: `Error { message: "SQLite error: UNIQUE constraint failed: articles.url", code: "SQLITE_CONSTRAINT" }``
2026-08-25 01:30:13,280 - INFO - [Economic Times] Article: https://economictimes.indiatimes.com/market-may-trade-in-a-range-but-fiis-seen-sold-on-india/articleshow/6277705.cms
2026-08-25 01:30:13,281 - INFO - [Economic Times] Attempt 1/2: Trying with 'requests_browser' strategy...
2026-08-25 01:30:13,633 - ERROR - parsed tree length: 1, wrong data type or not valid HTML
2026-08-25 01:30:13,634 - ERROR - empty HTML tree: None
2026-08-25 01:30:13,634 - WARNING - discarding data: None
2026-08-25 01:30:13,634 - WARNING - [Economic Times] FAILED with 'requests_browser' (content was too short: 0 words).
2026-08-25 01:30:14,368 - INFO - [Economic Times] Article: https://economictimes.indiatimes.com/market-may-trade-in-a-range-but-fiis-seen-sold-on-india/articleshow/6277705.cms
2026-08-25 01:30:14,379 - INFO - [Economic Times] Attempt 2/2: Trying with 'selenium_browser' strategy...
2026-08-25 01:30:15,928 - INFO - [Economic Times] Page content loaded.
2026-08-25 01:30:16,192 - INFO - [Economic Times] Success with 'selenium_browser'. Found content (809 words).
2026-08-25 01:30:18,840 - ERROR - Error saving article Market may trade in a range, but FIIs seen sold on India - The Economic Times: Hrana: `stream error: `Error { message: "SQLite error: UNIQUE constraint failed: articles.url", code: "SQLITE_CONSTRAINT" }``
2026-08-25 01:30:20,018 - INFO - [Economic Times] Article: https://economictimes.indiatimes.com/dont-bank-only-on-price-to-earning-ratio/articleshow/6278228.cms
2026-08-25 01:30:20,019 - INFO - [Economic Times] Attempt 1/2: Trying with 'requests_browser' strategy...
2026-08-25 01:30:20,297 - ERROR - parsed tree length: 1, wrong data type or not valid HTML
2026-08-25 01:30:20,297 - ERROR - empty HTML tree: None
2026-08-25 01:30:20,298 - WARNING - discarding data: None
2026-08-25 01:30:20,298 - WARNING - [Economic Times] FAILED with 'requests_browser' (content was too short: 0 words).
2026-08-25 01:30:20,947 - INFO - [Economic Times] Article: https://economictimes.indiatimes.com/dont-bank-only-on-price-to-earning-ratio/articleshow/6278228.cms
2026-08-25 01:30:20,948 - INFO - [Economic Times] Attempt 2/2: Trying with 'selenium_browser' strategy...
2026-08-25 01:30:23,102 - INFO - [Economic Times] Page content loaded.
2026-08-25 01:30:23,485 - INFO - [Economic Times] Success with 'selenium_browser'. Found content (385 words).
2026-08-25 01:30:26,186 - ERROR - Error saving article 'Don't bank only on price-to-earning ratio' - The Economic Times: Hrana: `stream error: `Error { message: "SQLite error: UNIQUE constraint failed: articles.url", code: "SQLITE_CONSTRAINT" }``
2026-08-25 01:30:27,630 - INFO - [Economic Times] Article: https://economictimes.indiatimes.com/markets/stocks/recos/prabhudas-lilladher-has-a-reduce-rating-on-infosys/articleshow/3798718.cms
2026-08-25 01:30:27,630 - INFO - [Economic Times] Attempt 1/2: Trying with 'requests_browser' strategy...
2026-08-25 01:30:27,974 - ERROR - parsed tree length: 1, wrong data type or not valid HTML
2026-08-25 01:30:27,975 - ERROR - empty HTML tree: None
2026-08-25 01:30:27,975 - WARNING - discarding data: None
2026-08-25 01:30:27,975 - WARNING - [Economic Times] FAILED with 'requests_browser' (content was too short: 0 words).
2026-08-25 01:30:28,903 - INFO - [Economic Times] Article: https://economictimes.indiatimes.com/markets/stocks/recos/prabhudas-lilladher-has-a-reduce-rating-on-infosys/articleshow/3798718.cms
2026-08-25 01:30:28,904 - INFO - [Economic Times] Attempt 2/2: Trying with 'selenium_browser' strategy...
2026-08-25 01:30:30,478 - INFO - [Economic Times] Page content loaded.
2026-08-25 01:30:30,788 - INFO - [Economic Times] Success with 'selenium_browser'. Found content (259 words).
2026-08-25 01:30:33,523 - ERROR - Error saving article Prabhudas Lilladher has a ‘reduce’ rating on Infosys - The Economic Times: Hrana: `stream error: `Error { message: "SQLite error: UNIQUE constraint failed: articles.url", code: "SQLITE_CONSTRAINT" }``
2026-08-25 01:30:34,057 - INFO - [Economic Times] Article: https://economictimes.indiatimes.com/markets/stocks/recos/fin-crisis-too-late-and-too-little-done-in-us/articleshow/3794549.cms
2026-08-25 01:30:34,057 - INFO - [Economic Times] Attempt 1/2: Trying with 'requests_browser' strategy...
2026-08-25 01:30:34,511 - ERROR - parsed tree length: 1, wrong data type or not valid HTML
2026-08-25 01:30:34,511 - ERROR - empty HTML tree: None
2026-08-25 01:30:34,511 - WARNING - discarding data: None
2026-08-25 01:30:34,511 - WARNING - [Economic Times] FAILED with 'requests_browser' (content was too short: 0 words).
2026-08-25 01:30:35,321 - INFO - [Economic Times] Article: https://economictimes.indiatimes.com/markets/stocks/recos/fin-crisis-too-late-and-too-little-done-in-us/articleshow/3794549.cms
2026-08-25 01:30:35,321 - INFO - [Economic Times] Attempt 2/2: Trying with 'selenium_browser' strategy...
2026-08-25 01:30:36,707 - INFO - [Economic Times] Page content loaded.
2026-08-25 01:30:36,939 - INFO - [Economic Times] Success with 'selenium_browser'. Found content (452 words).
2026-08-25 01:30:39,576 - ERROR - Error saving article Fin Crisis: Too late and too little done in US - The Economic Times: Hrana: `stream error: `Error { message: "SQLite error: UNIQUE constraint failed: articles.url", code: "SQLITE_CONSTRAINT" }``
2026-08-25 01:30:40,878 - INFO - [Economic Times] Article: https://economictimes.indiatimes.com/markets/forex/weak-rupee-takes-its-toll-on-cos-with-huge-foreign-debt/articleshow/3546158.cms
2026-08-25 01:30:40,878 - INFO - [Economic Times] Attempt 1/2: Trying with 'requests_browser' strategy...
2026-08-25 01:30:41,234 - ERROR - parsed tree length: 1, wrong data type or not valid HTML
2026-08-25 01:30:41,234 - ERROR - empty HTML tree: None
2026-08-25 01:30:41,238 - WARNING - discarding data: None
2026-08-25 01:30:41,238 - WARNING - [Economic Times] FAILED with 'requests_browser' (content was too short: 0 words).
2026-08-25 01:30:41,818 - INFO - [Economic Times] Article: https://economictimes.indiatimes.com/markets/forex/weak-rupee-takes-its-toll-on-cos-with-huge-foreign-debt/articleshow/3546158.cms
2026-08-25 01:30:41,818 - INFO - [Economic Times] Attempt 2/2: Trying with 'selenium_browser' strategy...
2026-08-25 01:30:43,689 - INFO - [Economic Times] Page content loaded.
2026-08-25 01:30:43,856 - INFO - [Economic Times] Success with 'selenium_browser'. Found content (482 words).
2026-08-25 01:30:46,470 - ERROR - Error saving article Weak rupee takes its toll on cos with huge foreign debt - The Economic Times: Hrana: `stream error: `Error { message: "SQLite error: UNIQUE constraint failed: articles.url", code: "SQLITE_CONSTRAINT" }``
2026-08-25 01:30:47,834 - INFO - [Economic Times] Article: https://economictimes.indiatimes.com/markets/stocks/recos/wait-for-more-signals-before-turning-positive/articleshow/3292640.cms
2026-08-25 01:30:47,834 - INFO - [Economic Times] Attempt 1/2: Trying with 'requests_browser' strategy...
2026-08-25 01:30:48,240 - ERROR - parsed tree length: 1, wrong data type or not valid HTML
2026-08-25 01:30:48,240 - ERROR - empty HTML tree: None
2026-08-25 01:30:48,240 - WARNING - discarding data: None
2026-08-25 01:30:48,240 - WARNING - [Economic Times] FAILED with 'requests_browser' (content was too short: 0 words).
2026-08-25 01:30:48,869 - INFO - [Economic Times] Article: https://economictimes.indiatimes.com/markets/stocks/recos/wait-for-more-signals-before-turning-positive/articleshow/3292640.cms
2026-08-25 01:30:48,869 - INFO - [Economic Times] Attempt 2/2: Trying with 'selenium_browser' strategy...
2026-08-25 01:30:50,774 - INFO - [Economic Times] Page content loaded.
2026-08-25 01:30:50,869 - INFO - [Economic Times] Success with 'selenium_browser'. Found content (761 words).
2026-08-25 01:30:53,557 - ERROR - Error saving article Wait for more signals before turning positive - The Economic Times: Hrana: `stream error: `Error { message: "SQLite error: UNIQUE constraint failed: articles.url", code: "SQLITE_CONSTRAINT" }``
2026-08-25 01:30:54,669 - INFO - [Economic Times] Article: https://economictimes.indiatimes.com/news/company/corporate-trends/six-indian-cos-among-businessweeks-top-100-infotech-firms/articleshow/3189334.cms
2026-08-25 01:30:54,669 - INFO - [Economic Times] Attempt 1/2: Trying with 'requests_browser' strategy...
2026-08-25 01:30:55,047 - INFO - [Economic Times] Success with 'requests_browser'. Found content (370 words).
2026-08-25 01:30:57,754 - ERROR - Error saving article Six Indian cos among BusinessWeek's top 100 Infotech firms - The Economic Times: Hrana: `stream error: `Error { message: "SQLite error: UNIQUE constraint failed: articles.url", code: "SQLITE_CONSTRAINT" }``
2026-08-25 01:30:58,987 - INFO - [Economic Times] Article: https://economictimes.indiatimes.com/news/company/corporate-trends/indian-firms-slip-in-global-ranking-four-move-out-of-top-500/articleshow/3177077.cms
2026-08-25 01:30:58,987 - INFO - [Economic Times] Attempt 1/2: Trying with 'requests_browser' strategy...
2026-08-25 01:30:59,309 - INFO - [Economic Times] Success with 'requests_browser'. Found content (1044 words).
2026-08-25 01:31:01,943 - ERROR - Error saving article Indian firms slip in global ranking; four move out of Top-500 - The Economic Times: Hrana: `stream error: `Error { message: "SQLite error: UNIQUE constraint failed: articles.url", code: "SQLITE_CONSTRAINT" }``
2026-08-25 01:31:02,572 - INFO - [Economic Times] Article: https://economictimes.indiatimes.com/markets/stocks/news/big-daddy-laps-up-cipla-after-q1-nos-beat-forecast/articleshow/6308646.cms
2026-08-25 01:31:02,572 - INFO - [Economic Times] Attempt 1/2: Trying with 'requests_browser' strategy...
2026-08-25 01:31:02,980 - ERROR - parsed tree length: 1, wrong data type or not valid HTML
2026-08-25 01:31:02,980 - ERROR - empty HTML tree: None
2026-08-25 01:31:02,980 - WARNING - discarding data: None
2026-08-25 01:31:02,980 - WARNING - [Economic Times] FAILED with 'requests_browser' (content was too short: 0 words).
2026-08-25 01:31:03,841 - INFO - [Economic Times] Article: https://economictimes.indiatimes.com/markets/stocks/news/big-daddy-laps-up-cipla-after-q1-nos-beat-forecast/articleshow/6308646.cms
2026-08-25 01:31:03,841 - INFO - [Economic Times] Attempt 2/2: Trying with 'selenium_browser' strategy...
2026-08-25 01:31:05,442 - INFO - [Economic Times] Page content loaded.
2026-08-25 01:31:05,822 - WARNING - [Economic Times] FAILED with 'selenium_browser' (content was too short: 83 words).
2026-08-25 01:31:05,826 - ERROR - [Economic Times] All scrape strategies failed for https://economictimes.indiatimes.com/markets/stocks/news/big-daddy-laps-up-cipla-after-q1-nos-beat-forecast/articleshow/6308646.cms. Falling back to RSS description.
2026-08-25 01:31:05,826 - WARNING - SKIPPED (GLOBAL WORD LIMIT): Article ''Big Daddy' laps up Cipla after Q1 nos beat forecast ' from Economic Times has only 20 words (Min: 90).
2026-08-25 01:31:06,332 - INFO - [Economic Times] Article: https://economictimes.indiatimes.com/markets/stocks/news/old-fox-has-dream-run-on-dalal-street/articleshow/6308631.cms
2026-08-25 01:31:06,332 - INFO - [Economic Times] Attempt 1/2: Trying with 'requests_browser' strategy...
2026-08-25 01:31:06,620 - ERROR - parsed tree length: 1, wrong data type or not valid HTML
2026-08-25 01:31:06,620 - ERROR - empty HTML tree: None
2026-08-25 01:31:06,620 - WARNING - discarding data: None
2026-08-25 01:31:06,621 - WARNING - [Economic Times] FAILED with 'requests_browser' (content was too short: 0 words).
2026-08-25 01:31:07,210 - INFO - [Economic Times] Article: https://economictimes.indiatimes.com/markets/stocks/news/old-fox-has-dream-run-on-dalal-street/articleshow/6308631.cms
2026-08-25 01:31:07,210 - INFO - [Economic Times] Attempt 2/2: Trying with 'selenium_browser' strategy...
2026-08-25 01:31:08,618 - INFO - [Economic Times] Page content loaded.
2026-08-25 01:31:08,936 - INFO - [Economic Times] Success with 'selenium_browser'. Found content (629 words).
2026-08-25 01:31:11,591 - ERROR - Error saving article Old Fox has dream run on Dalal Street - The Economic Times: Hrana: `stream error: `Error { message: "SQLite error: UNIQUE constraint failed: articles.url", code: "SQLITE_CONSTRAINT" }``
2026-08-25 01:31:12,456 - INFO - [Economic Times] Article: https://economictimes.indiatimes.com/markets/stocks/news/cairn-india-hits-record-high-on-bse-amid-stake-sale-talks/articleshow/6306679.cms
2026-08-25 01:31:12,456 - INFO - [Economic Times] Attempt 1/2: Trying with 'requests_browser' strategy...
2026-08-25 01:31:12,844 - ERROR - parsed tree length: 1, wrong data type or not valid HTML
2026-08-25 01:31:12,844 - ERROR - empty HTML tree: None
2026-08-25 01:31:12,844 - WARNING - discarding data: None
2026-08-25 01:31:12,844 - WARNING - [Economic Times] FAILED with 'requests_browser' (content was too short: 0 words).
2026-08-25 01:31:13,609 - INFO - [Economic Times] Article: https://economictimes.indiatimes.com/markets/stocks/news/cairn-india-hits-record-high-on-bse-amid-stake-sale-talks/articleshow/6306679.cms
2026-08-25 01:31:13,609 - INFO - [Economic Times] Attempt 2/2: Trying with 'selenium_browser' strategy...
2026-08-25 01:31:15,149 - INFO - [Economic Times] Page content loaded.
2026-08-25 01:31:15,269 - INFO - [Economic Times] Success with 'selenium_browser'. Found content (363 words).
2026-08-25 01:31:18,302 - ERROR - Error saving article Cairn India hits record high on BSE amid stake sale talks - The Economic Times: Hrana: `stream error: `Error { message: "SQLite error: UNIQUE constraint failed: articles.url", code: "SQLITE_CONSTRAINT" }``
2026-08-25 01:31:19,014 - INFO - [Economic Times] Article: https://economictimes.indiatimes.com/markets/stocks/news/vedanta-plunges-5-59-per-cent-on-lse-amid-talks-to-buy-cairn-stake/articleshow/6306526.cms
2026-08-25 01:31:19,014 - INFO - [Economic Times] Attempt 1/2: Trying with 'requests_browser' strategy...
2026-08-25 01:31:19,456 - ERROR - parsed tree length: 1, wrong data type or not valid HTML
2026-08-25 01:31:19,456 - ERROR - empty HTML tree: None
2026-08-25 01:31:19,456 - WARNING - discarding data: None
2026-08-25 01:31:19,456 - WARNING - [Economic Times] FAILED with 'requests_browser' (content was too short: 0 words).
2026-08-25 01:31:20,188 - INFO - [Economic Times] Article: https://economictimes.indiatimes.com/markets/stocks/news/vedanta-plunges-5-59-per-cent-on-lse-amid-talks-to-buy-cairn-stake/articleshow/6306526.cms
2026-08-25 01:31:20,188 - INFO - [Economic Times] Attempt 2/2: Trying with 'selenium_browser' strategy...
2026-08-25 01:31:22,023 - INFO - [Economic Times] Page content loaded.
2026-08-25 01:31:22,165 - INFO - [Economic Times] Success with 'selenium_browser'. Found content (397 words).
2026-08-25 01:31:24,850 - ERROR - Error saving article Cairn: Vedanta plunges 5.59 per cent on LSE amid talks to buy Cairn stake - The Economic Times: Hrana: `stream error: `Error { message: "SQLite error: UNIQUE constraint failed: articles.url", code: "SQLITE_CONSTRAINT" }``
2026-08-25 01:31:26,217 - INFO - [Economic Times] Article: https://economictimes.indiatimes.com/markets/stocks/news/sbi-shares-on-gaining-spree-hit-record-high/articleshow/6306241.cms
2026-08-25 01:31:26,217 - INFO - [Economic Times] Attempt 1/2: Trying with 'requests_browser' strategy...
2026-08-25 01:31:26,690 - ERROR - parsed tree length: 1, wrong data type or not valid HTML
2026-08-25 01:31:26,690 - ERROR - empty HTML tree: None
2026-08-25 01:31:26,690 - WARNING - discarding data: None
2026-08-25 01:31:26,690 - WARNING - [Economic Times] FAILED with 'requests_browser' (content was too short: 0 words).
2026-08-25 01:31:27,225 - INFO - [Economic Times] Article: https://economictimes.indiatimes.com/markets/stocks/news/sbi-shares-on-gaining-spree-hit-record-high/articleshow/6306241.cms
2026-08-25 01:31:27,225 - INFO - [Economic Times] Attempt 2/2: Trying with 'selenium_browser' strategy...
2026-08-25 01:31:29,240 - INFO - [Economic Times] Page content loaded.
2026-08-25 01:31:29,387 - WARNING - [Economic Times] FAILED with 'selenium_browser' (content was too short: 87 words).
2026-08-25 01:31:29,388 - ERROR - [Economic Times] All scrape strategies failed for https://economictimes.indiatimes.com/markets/stocks/news/sbi-shares-on-gaining-spree-hit-record-high/articleshow/6306241.cms. Falling back to RSS description.
2026-08-25 01:31:29,388 - WARNING - SKIPPED (GLOBAL WORD LIMIT): Article 'SBI shares on gaining spree; hit record high ' from Economic Times has only 28 words (Min: 90).
2026-08-25 01:31:30,511 - INFO - [Economic Times] Article: https://economictimes.indiatimes.com/fm-must-rethink/articleshow/5645094.cms
2026-08-25 01:31:30,512 - INFO - [Economic Times] Attempt 1/2: Trying with 'requests_browser' strategy...
2026-08-25 01:31:30,816 - ERROR - parsed tree length: 1, wrong data type or not valid HTML
2026-08-25 01:31:30,817 - ERROR - empty HTML tree: None
2026-08-25 01:31:30,817 - WARNING - discarding data: None
2026-08-25 01:31:30,817 - WARNING - [Economic Times] FAILED with 'requests_browser' (content was too short: 0 words).
2026-08-25 01:31:31,366 - INFO - [Economic Times] Article: https://economictimes.indiatimes.com/fm-must-rethink/articleshow/5645094.cms
2026-08-25 01:31:31,367 - INFO - [Economic Times] Attempt 2/2: Trying with 'selenium_browser' strategy...
2026-08-25 01:31:32,711 - INFO - [Economic Times] Page content loaded.
2026-08-25 01:31:32,939 - INFO - [Economic Times] Success with 'selenium_browser'. Found content (138 words).
2026-08-25 01:31:35,492 - ERROR - Error saving article FM must rethink - The Economic Times: Hrana: `stream error: `Error { message: "SQLite error: UNIQUE constraint failed: articles.url", code: "SQLITE_CONSTRAINT" }``
2026-08-25 01:31:36,557 - INFO - [Economic Times] Article: https://economictimes.indiatimes.com/amalgamate-banks/articleshow/5645086.cms
2026-08-25 01:31:36,557 - INFO - [Economic Times] Attempt 1/2: Trying with 'requests_browser' strategy...
2026-08-25 01:31:36,826 - ERROR - parsed tree length: 1, wrong data type or not valid HTML
2026-08-25 01:31:36,826 - ERROR - empty HTML tree: None
2026-08-25 01:31:36,826 - WARNING - discarding data: None
2026-08-25 01:31:36,826 - WARNING - [Economic Times] FAILED with 'requests_browser' (content was too short: 0 words).
2026-08-25 01:31:37,513 - INFO - [Economic Times] Article: https://economictimes.indiatimes.com/amalgamate-banks/articleshow/5645086.cms
2026-08-25 01:31:37,513 - INFO - [Economic Times] Attempt 2/2: Trying with 'selenium_browser' strategy...
2026-08-25 01:31:39,723 - INFO - [Economic Times] Page content loaded.
2026-08-25 01:31:39,799 - INFO - [Economic Times] Success with 'selenium_browser'. Found content (243 words).
2026-08-25 01:31:42,472 - ERROR - Error saving article Amalgamate banks - The Economic Times: Hrana: `stream error: `Error { message: "SQLite error: UNIQUE constraint failed: articles.url", code: "SQLITE_CONSTRAINT" }``
2026-08-25 01:31:43,678 - INFO - [Economic Times] Article: https://economictimes.indiatimes.com/managing-data/articleshow/5117958.cms
2026-08-25 01:31:43,678 - INFO - [Economic Times] Attempt 1/2: Trying with 'requests_browser' strategy...
2026-08-25 01:31:43,961 - ERROR - parsed tree length: 1, wrong data type or not valid HTML
2026-08-25 01:31:43,961 - ERROR - empty HTML tree: None
2026-08-25 01:31:43,962 - WARNING - discarding data: None
2026-08-25 01:31:43,962 - WARNING - [Economic Times] FAILED with 'requests_browser' (content was too short: 0 words).
2026-08-25 01:31:44,596 - INFO - [Economic Times] Article: https://economictimes.indiatimes.com/managing-data/articleshow/5117958.cms
2026-08-25 01:31:44,596 - INFO - [Economic Times] Attempt 2/2: Trying with 'selenium_browser' strategy...
2026-08-25 01:31:46,999 - INFO - [Economic Times] Page content loaded.
2026-08-25 01:31:47,247 - INFO - [Economic Times] Success with 'selenium_browser'. Found content (119 words).
2026-08-25 01:31:49,831 - ERROR - Error saving article Managing data - The Economic Times: Hrana: `stream error: `Error { message: "SQLite error: UNIQUE constraint failed: articles.url", code: "SQLITE_CONSTRAINT" }``
2026-08-25 01:31:50,884 - INFO - [Economic Times] Article: https://economictimes.indiatimes.com/right-technology/articleshow/5117957.cms
2026-08-25 01:31:50,884 - INFO - [Economic Times] Attempt 1/2: Trying with 'requests_browser' strategy...
2026-08-25 01:31:51,209 - ERROR - parsed tree length: 1, wrong data type or not valid HTML
2026-08-25 01:31:51,209 - ERROR - empty HTML tree: None
2026-08-25 01:31:51,209 - WARNING - discarding data: None
2026-08-25 01:31:51,209 - WARNING - [Economic Times] FAILED with 'requests_browser' (content was too short: 0 words).
2026-08-25 01:31:51,755 - INFO - [Economic Times] Article: https://economictimes.indiatimes.com/right-technology/articleshow/5117957.cms
2026-08-25 01:31:51,755 - INFO - [Economic Times] Attempt 2/2: Trying with 'selenium_browser' strategy...
2026-08-25 01:31:53,817 - INFO - [Economic Times] Page content loaded.
2026-08-25 01:31:53,877 - INFO - [Economic Times] Success with 'selenium_browser'. Found content (114 words).
2026-08-25 01:31:56,507 - ERROR - Error saving article Right technology - The Economic Times: Hrana: `stream error: `Error { message: "SQLite error: UNIQUE constraint failed: articles.url", code: "SQLITE_CONSTRAINT" }``
2026-08-25 01:31:57,886 - INFO - [Economic Times] Article: https://economictimes.indiatimes.com/et-search/articleshow/21646857.cms
2026-08-25 01:31:57,887 - INFO - [Economic Times] Attempt 1/2: Trying with 'requests_browser' strategy...
2026-08-25 01:31:58,210 - ERROR - parsed tree length: 1, wrong data type or not valid HTML
2026-08-25 01:31:58,210 - ERROR - empty HTML tree: None
2026-08-25 01:31:58,211 - WARNING - discarding data: None
2026-08-25 01:31:58,211 - WARNING - [Economic Times] FAILED with 'requests_browser' (content was too short: 0 words).
2026-08-25 01:31:59,114 - INFO - [Economic Times] Article: https://economictimes.indiatimes.com/et-search/articleshow/21646857.cms
2026-08-25 01:31:59,114 - INFO - [Economic Times] Attempt 2/2: Trying with 'selenium_browser' strategy...
2026-08-25 01:32:01,369 - INFO - [Economic Times] Page content loaded.
2026-08-25 01:32:01,524 - INFO - [Economic Times] Success with 'selenium_browser'. Found content (106 words).
2026-08-25 01:32:04,098 - ERROR - Error saving article ET Search - The Economic Times: Hrana: `stream error: `Error { message: "SQLite error: UNIQUE constraint failed: articles.url", code: "SQLITE_CONSTRAINT" }``
2026-08-25 01:32:04,717 - INFO - [Economic Times] Article: https://economictimes.indiatimes.com/after-the-oscars-whats-next-for-silent-stars-of-the-artist/articleshow/12075465.cms
2026-08-25 01:32:04,717 - INFO - [Economic Times] Attempt 1/2: Trying with 'requests_browser' strategy...
2026-08-25 01:32:06,365 - ERROR - parsed tree length: 1, wrong data type or not valid HTML
2026-08-25 01:32:06,366 - ERROR - empty HTML tree: None
2026-08-25 01:32:06,366 - WARNING - discarding data: None
2026-08-25 01:32:06,366 - WARNING - [Economic Times] FAILED with 'requests_browser' (content was too short: 0 words).
2026-08-25 01:32:07,029 - INFO - [Economic Times] Article: https://economictimes.indiatimes.com/after-the-oscars-whats-next-for-silent-stars-of-the-artist/articleshow/12075465.cms
2026-08-25 01:32:07,029 - INFO - [Economic Times] Attempt 2/2: Trying with 'selenium_browser' strategy...
2026-08-25 01:32:09,012 - INFO - [Economic Times] Page content loaded.
2026-08-25 01:32:09,098 - INFO - [Economic Times] Success with 'selenium_browser'. Found content (699 words).
2026-08-25 01:32:11,725 - ERROR - Error saving article After the Oscars, what's next for silent stars of The Artist? - The Economic Times: Hrana: `stream error: `Error { message: "SQLite error: UNIQUE constraint failed: articles.url", code: "SQLITE_CONSTRAINT" }``
2026-08-25 01:32:12,962 - INFO - [Economic Times] Article: https://economictimes.indiatimes.com/delhi-world-book-fair-a-fair-like-no-other/articleshow/12028630.cms
2026-08-25 01:32:12,962 - INFO - [Economic Times] Attempt 1/2: Trying with 'requests_browser' strategy...
2026-08-25 01:32:13,334 - INFO - [Economic Times] Success with 'requests_browser'. Found content (1938 words).
2026-08-25 01:32:15,902 - ERROR - Error saving article Delhi World Book fair: A fair like no other - The Economic Times: Hrana: `stream error: `Error { message: "SQLite error: UNIQUE constraint failed: articles.url", code: "SQLITE_CONSTRAINT" }``
2026-08-25 01:32:16,942 - INFO - [Economic Times] Article: https://economictimes.indiatimes.com/lk-advanis-gift-makes-its-way-to-state-department-exhibition-hall/articleshow/12017534.cms
2026-08-25 01:32:16,942 - INFO - [Economic Times] Attempt 1/2: Trying with 'requests_browser' strategy...
2026-08-25 01:32:17,273 - INFO - [Economic Times] Success with 'requests_browser'. Found content (519 words).
2026-08-25 01:32:18,649 - CRITICAL - --- TIMEOUT: 1 scrape jobs did not complete in 420s. ---
2026-08-25 01:32:19,051 - ERROR - A thread has timed out and will be abandoned.
2026-08-25 01:32:19,051 - INFO - Shutting down thread pool (wait=False)...
2026-08-25 01:32:19,051 - INFO - Scraped: 3 The Hindu, 0 Indian Express, 4 Al Jazeera, 0 TechCrunch, 5 BBC, 0 Wired, 7 NDTV, 1 Times of India, 1 Timed_Out_Jobs articles. (Total saved: 20)
2026-08-25 01:32:19,857 - INFO - --- Scraping job finished ---
2026-08-25 01:32:19,857 - ERROR - Error saving article LK Advani's 'gift' makes its way to State Department exhibition hall - The Economic Times: Hrana: `stream error: `Error { message: "SQLite error: UNIQUE constraint failed: articles.url", code: "SQLITE_CONSTRAINT" }``
2026-08-25 01:32:19,857 - INFO - --- Scraper service stopped. ---
2026-08-25 01:32:19,857 - INFO - --- Main thread finished. Forcing process exit to kill zombie threads. ---
